signal_date,ticker,weight
2026-05-12,AABA,0.0
2026-05-12,AACB,0.0
2026-05-12,AACI,0.0
2026-05-12,AACO,0.0
2026-05-12,AACQ,0.0
2026-05-12,AADI,0.0
2026-05-12,AAGR,0.0
2026-05-12,AAIT,0.0
2026-05-12,AAL,0.002890173410404624
2026-05-12,AAME,0.0
2026-05-12,AAOI,-0.002890173410404624
2026-05-12,AAON,0.002890173410404624
2026-05-12,AAPC,0.0
2026-05-12,AAPL,0.0
2026-05-12,AARD,0.0
2026-05-12,AATC,0.0
2026-05-12,AAVL,0.0
2026-05-12,AAWW,0.0
2026-05-12,ABAC,0.0
2026-05-12,ABAT,0.0
2026-05-12,ABAX,0.0
2026-05-12,ABCD,0.0
2026-05-12,ABCL,0.0
2026-05-12,ABCO,0.0
2026-05-12,ABCW,0.0
2026-05-12,ABDC,0.0
2026-05-12,ABEO,0.0
2026-05-12,ABEO.W,0.0
2026-05-12,ABFS,0.0
2026-05-12,ABGB,0.0
2026-05-12,ABGI,0.0
2026-05-12,ABIL,0.0
2026-05-12,ABIL.W,0.0
2026-05-12,ABIO,0.0
2026-05-12,ABL,0.0
2026-05-12,ABLLL,0.0
2026-05-12,ABLV,0.0
2026-05-12,ABMD,0.0
2026-05-12,ABNB,0.0
2026-05-12,ABOS,0.0
2026-05-12,ABP,0.0
2026-05-12,ABSI,0.0
2026-05-12,ABST,0.0
2026-05-12,ABTC,0.0
2026-05-12,ABTL,0.0
2026-05-12,ABTS,0.0
2026-05-12,ABTX,0.0
2026-05-12,ABUS,0.0
2026-05-12,ABVC,0.0
2026-05-12,ABVE,-0.002890173410404624
2026-05-12,ABY,0.0
2026-05-12,ACAA,0.0
2026-05-12,ACAB,0.0
2026-05-12,ACAC,0.0
2026-05-12,ACAD,0.0
2026-05-12,ACAH,0.0
2026-05-12,ACAM,0.0
2026-05-12,ACAS,0.0
2026-05-12,ACAT,0.0
2026-05-12,ACAX,0.0
2026-05-12,ACB,0.0
2026-05-12,ACBA,0.0
2026-05-12,ACBI,0.0
2026-05-12,ACCD,0.0
2026-05-12,ACCL,0.0
2026-05-12,ACCP,0.0
2026-05-12,ACDC,0.0
2026-05-12,ACER,0.0
2026-05-12,ACET,0.0
2026-05-12,ACEV,0.0
2026-05-12,ACFC,0.0
2026-05-12,ACFN,0.0
2026-05-12,ACGL,0.0
2026-05-12,ACGL.P,0.0
2026-05-12,ACGLN,0.0
2026-05-12,ACGN,0.0
2026-05-12,ACHC,0.0
2026-05-12,ACHN,0.0
2026-05-12,ACHV,0.0
2026-05-12,ACIA,0.0
2026-05-12,ACIC,0.0
2026-05-12,ACIU,0.0
2026-05-12,ACIW,0.0
2026-05-12,ACKIT,0.0
2026-05-12,ACLL,0.0
2026-05-12,ACLS,0.002890173410404624
2026-05-12,ACLX,0.0
2026-05-12,ACMR,0.0
2026-05-12,ACNB,0.0
2026-05-12,ACNT,0.0
2026-05-12,ACOG,0.0
2026-05-12,ACON,0.0
2026-05-12,ACOR,0.0
2026-05-12,ACPW,0.0
2026-05-12,ACQR,0.0
2026-05-12,ACRS,0.0
2026-05-12,ACRV,0.0
2026-05-12,ACRX,0.0
2026-05-12,ACSF,0.0
2026-05-12,ACST,0.0
2026-05-12,ACT,0.0
2026-05-12,ACTA,0.0
2026-05-12,ACTC,0.0
2026-05-12,ACTD,0.0
2026-05-12,ACTG,0.0
2026-05-12,ACTT,0.0
2026-05-12,ACTU,0.0
2026-05-12,ACUR,0.0
2026-05-12,ACXM,0.0
2026-05-12,ACXP,0.0
2026-05-12,ADAC,0.0
2026-05-12,ADAL,0.0
2026-05-12,ADAM,0.0
2026-05-12,ADAMG,0.0
2026-05-12,ADAMH,0.0
2026-05-12,ADAMI,0.0
2026-05-12,ADAML,0.0
2026-05-12,ADAMO,-0.002890173410404624
2026-05-12,ADAMZ,0.0
2026-05-12,ADAT,0.0
2026-05-12,ADBE,0.0
2026-05-12,ADD,0.0
2026-05-12,ADEA,-0.002890173410404624
2026-05-12,ADEP,0.0
2026-05-12,ADER,0.0
2026-05-12,ADES,0.0
2026-05-12,ADGM,0.0
2026-05-12,ADHD,0.0
2026-05-12,ADI,0.0
2026-05-12,ADIL,0.0
2026-05-12,ADMA,0.0
2026-05-12,ADMP,0.0
2026-05-12,ADMS,0.0
2026-05-12,ADN,0.0
2026-05-12,ADNC,0.0
2026-05-12,ADOC,0.0
2026-05-12,ADOM,0.0
2026-05-12,ADP,0.0
2026-05-12,ADPT,0.0
2026-05-12,ADPV.V,0.0
2026-05-12,ADRO,0.0
2026-05-12,ADSE,0.0
2026-05-12,ADSK,0.0
2026-05-12,ADTH,0.0
2026-05-12,ADTN,0.0
2026-05-12,ADTX,0.0
2026-05-12,ADUR,0.0
2026-05-12,ADUS,0.0
2026-05-12,ADV,0.002890173410404624
2026-05-12,ADVB,0.0
2026-05-12,ADVM,0.0
2026-05-12,ADVS,0.0
2026-05-12,ADXS,0.0
2026-05-12,ADXS.W,0.0
2026-05-12,ADYX,0.0
2026-05-12,AEAC,0.0
2026-05-12,AEAE,0.0
2026-05-12,AEAQ,0.0
2026-05-12,AEBI,0.0
2026-05-12,AEBIV,0.0
2026-05-12,AEC,0.0
2026-05-12,AEGN,0.0
2026-05-12,AEGR,0.0
2026-05-12,AEHA,0.0
2026-05-12,AEHL,-0.002890173410404624
2026-05-12,AEHR,0.002890173410404624
2026-05-12,AEI,0.0
2026-05-12,AEIS,0.0
2026-05-12,AEMD,0.0
2026-05-12,AENT,0.0
2026-05-12,AEP,0.0
2026-05-12,AEPI,0.0
2026-05-12,AEPPL,0.0
2026-05-12,AEPPZ,0.0
2026-05-12,AERC,0.0
2026-05-12,AERG,0.0
2026-05-12,AERI,0.0
2026-05-12,AERT,0.0
2026-05-12,AETI,0.0
2026-05-12,AEVA,-0.002890173410404624
2026-05-12,AEY,0.0
2026-05-12,AEYE,0.0
2026-05-12,AEZS,0.0
2026-05-12,AFAC,0.0
2026-05-12,AFAM,0.0
2026-05-12,AFAQ,0.0
2026-05-12,AFAR,0.0
2026-05-12,AFBI,0.0
2026-05-12,AFCB,0.0
2026-05-12,AFCG,0.0
2026-05-12,AFCGV,0.0
2026-05-12,AFFX,0.0
2026-05-12,AFFY,0.0
2026-05-12,AFH,0.0
2026-05-12,AFHBL,0.0
2026-05-12,AFIB,0.0
2026-05-12,AFIN,0.0
2026-05-12,AFINO,0.0
2026-05-12,AFJK,0.0
2026-05-12,AFMD,0.0
2026-05-12,AFOP,0.0
2026-05-12,AFRI,0.0
2026-05-12,AFRM,0.0
2026-05-12,AFSI,0.0
2026-05-12,AFYA,0.0
2026-05-12,AGAE,0.0
2026-05-12,AGBA,0.0
2026-05-12,AGC,0.0
2026-05-12,AGCC,0.0
2026-05-12,AGEN,0.0
2026-05-12,AGFS,0.0
2026-05-12,AGFS.W,0.0
2026-05-12,AGFY,0.0
2026-05-12,AGGR,0.0
2026-05-12,AGH,0.002890173410404624
2026-05-12,AGII,0.0
2026-05-12,AGII.L,0.0
2026-05-12,AGIIL,0.0
2026-05-12,AGIL,0.0
2026-05-12,AGIO,0.0
2026-05-12,AGLE,0.0
2026-05-12,AGMH,0.0
2026-05-12,AGMX,0.0
2026-05-12,AGNC,0.0
2026-05-12,AGNC.P,0.0
2026-05-12,AGNCL,0.0
2026-05-12,AGNCO,0.0
2026-05-12,AGPU,0.0
2026-05-12,AGRI,0.0
2026-05-12,AGRX,0.0
2026-05-12,AGRZ,0.0
2026-05-12,AGTC,0.0
2026-05-12,AGYS,0.0
2026-05-12,AHAC,0.0
2026-05-12,AHCI,0.0
2026-05-12,AHCO,0.0
2026-05-12,AHGP,0.0
2026-05-12,AHMA,0.0
2026-05-12,AHPA,0.0
2026-05-12,AHPA.U,0.0
2026-05-12,AHPI,0.0
2026-05-12,AHRN,0.0
2026-05-12,AIDX,0.0
2026-05-12,AIEV,0.0
2026-05-12,AIFC,0.0
2026-05-12,AIFE,0.0
2026-05-12,AIFF,0.0
2026-05-12,AIFU,0.0
2026-05-12,AIHS,0.0
2026-05-12,AIIO,-0.002890173410404624
2026-05-12,AILE,0.0
2026-05-12,AIMC,0.0
2026-05-12,AIMCV,0.0
2026-05-12,AIMD,0.0
2026-05-12,AIMT,0.0
2026-05-12,AIOS,0.0
2026-05-12,AIOT,0.002890173410404624
2026-05-12,AIP,0.0
2026-05-12,AIPT,0.0
2026-05-12,AIRE,0.0
2026-05-12,AIRG,0.0
2026-05-12,AIRJ,0.0
2026-05-12,AIRM,0.0
2026-05-12,AIRO,0.0
2026-05-12,AIRS,0.0
2026-05-12,AIRT,0.0
2026-05-12,AIRTV,0.0
2026-05-12,AISP,0.0
2026-05-12,AITR,0.0
2026-05-12,AIXC,0.0
2026-05-12,AKAM,0.0
2026-05-12,AKAN,-0.002890173410404624
2026-05-12,AKAO,0.0
2026-05-12,AKBA,-0.002890173410404624
2026-05-12,AKCA,0.0
2026-05-12,AKER,0.0
2026-05-12,AKIC,0.0
2026-05-12,AKLI,0.0
2026-05-12,AKRO,0.0
2026-05-12,AKRX,0.0
2026-05-12,AKTS,0.0
2026-05-12,AKU,0.0
2026-05-12,AKUS,0.0
2026-05-12,AKYA,0.0
2026-05-12,ALAB,0.002890173410404624
2026-05-12,ALAC,0.0
2026-05-12,ALBO,0.0
2026-05-12,ALBT,0.0
2026-05-12,ALCE,0.0
2026-05-12,ALCO,0.0
2026-05-12,ALCS,0.0
2026-05-12,ALCY,0.0
2026-05-12,ALDF,0.0
2026-05-12,ALDR,0.0
2026-05-12,ALDX,0.0
2026-05-12,ALEC,0.0
2026-05-12,ALF,0.0
2026-05-12,ALGM,0.0
2026-05-12,ALGN,0.0
2026-05-12,ALGR,0.0
2026-05-12,ALGS,0.0
2026-05-12,ALGT,0.002890173410404624
2026-05-12,ALHC,0.0
2026-05-12,ALIM,0.0
2026-05-12,ALIS,0.0
2026-05-12,ALJJ,0.0
2026-05-12,ALKS,0.0
2026-05-12,ALKSV,0.0
2026-05-12,ALKT,0.0
2026-05-12,ALLB,0.0
2026-05-12,ALLK,0.0
2026-05-12,ALLO,0.0
2026-05-12,ALLR,0.0
2026-05-12,ALLT,0.0
2026-05-12,ALM,0.0
2026-05-12,ALMR,0.0
2026-05-12,ALMS,0.0
2026-05-12,ALMU,0.0
2026-05-12,ALNA,0.0
2026-05-12,ALNT,0.0
2026-05-12,ALNY,0.0
2026-05-12,ALOG,0.0
2026-05-12,ALOR,0.0
2026-05-12,ALOT,0.0
2026-05-12,ALOV,0.0
2026-05-12,ALOY,0.0
2026-05-12,ALP,0.0
2026-05-12,ALPA,0.0
2026-05-12,ALPN,0.0
2026-05-12,ALPP,0.0
2026-05-12,ALPS,0.0
2026-05-12,ALPX,0.0
2026-05-12,ALQA,0.0
2026-05-12,ALR,0.0
2026-05-12,ALRM,0.0
2026-05-12,ALRN,0.0
2026-05-12,ALRS,0.0
2026-05-12,ALSA,0.0
2026-05-12,ALSK,0.0
2026-05-12,ALT,0.0
2026-05-12,ALTA,0.0
2026-05-12,ALTH,0.0
2026-05-12,ALTI,0.0
2026-05-12,ALTID,0.0
2026-05-12,ALTO,0.0
2026-05-12,ALTR,0.0
2026-05-12,ALTS,0.0
2026-05-12,ALTU,0.0
2026-05-12,ALVO,0.0
2026-05-12,ALVR,0.0
2026-05-12,ALXA,0.0
2026-05-12,ALXN,0.0
2026-05-12,ALXO,0.0
2026-05-12,ALYA,0.0
2026-05-12,ALZH,0.0
2026-05-12,ALZN,0.0
2026-05-12,AMAG,0.0
2026-05-12,AMAL,0.0
2026-05-12,AMAM,0.0
2026-05-12,AMAO,0.0
2026-05-12,AMAP,0.0
2026-05-12,AMAT,0.0
2026-05-12,AMBA,0.0
2026-05-12,AMBC.W,0.0
2026-05-12,AMBT,0.0
2026-05-12,AMBX,0.0
2026-05-12,AMCC,0.0
2026-05-12,AMCF,0.0
2026-05-12,AMCI,0.0
2026-05-12,AMCX,0.0
2026-05-12,AMD,0.002890173410404624
2026-05-12,AMDA,0.0
2026-05-12,AMED,0.0
2026-05-12,AMEH,0.0
2026-05-12,AMEH.W,0.0
2026-05-12,AMGN,0.0
2026-05-12,AMHC,0.0
2026-05-12,AMIC,0.0
2026-05-12,AMIX,0.0
2026-05-12,AMKR,0.002890173410404624
2026-05-12,AMLI,0.0
2026-05-12,AMLN,0.0
2026-05-12,AMLX,0.0
2026-05-12,AMMA,0.0
2026-05-12,AMMD,0.0
2026-05-12,AMNB,0.0
2026-05-12,AMOD,0.0
2026-05-12,AMOT,0.0
2026-05-12,AMPG,-0.002890173410404624
2026-05-12,AMPH,0.0
2026-05-12,AMPL,0.0
2026-05-12,AMRB,0.0
2026-05-12,AMRH,0.0
2026-05-12,AMRI,0.0
2026-05-12,AMRK,0.0
2026-05-12,AMRS,0.0
2026-05-12,AMRX,0.002890173410404624
2026-05-12,AMSC,0.0
2026-05-12,AMSF,0.0
2026-05-12,AMSG,0.0
2026-05-12,AMSGP,0.0
2026-05-12,AMST,0.0
2026-05-12,AMSW.A,0.0
2026-05-12,AMSWA,0.0
2026-05-12,AMTBB,0.0
2026-05-12,AMTI,0.0
2026-05-12,AMTX,0.0
2026-05-12,AMV,0.0
2026-05-12,AMWD,0.0
2026-05-12,AMZN,0.0
2026-05-12,ANAB,0.002890173410404624
2026-05-12,ANABV,0.0
2026-05-12,ANAD,0.0
2026-05-12,ANAT,0.0
2026-05-12,ANCB,0.0
2026-05-12,ANCI,0.0
2026-05-12,ANCX,0.0
2026-05-12,ANDA,0.0
2026-05-12,ANDA.R,0.0
2026-05-12,ANDA.U,0.0
2026-05-12,ANDA.W,0.0
2026-05-12,ANDE,0.0
2026-05-12,ANDS,0.0
2026-05-12,ANEB,0.0
2026-05-12,ANGH,0.0
2026-05-12,ANGI,0.0
2026-05-12,ANGIV,0.0
2026-05-12,ANGN,0.0
2026-05-12,ANGO,0.0
2026-05-12,ANIK,0.0
2026-05-12,ANIP,0.0
2026-05-12,ANIX,0.0
2026-05-12,ANNA,-0.002890173410404624
2026-05-12,ANNX,0.0
2026-05-12,ANPA,0.0
2026-05-12,ANPI,0.0
2026-05-12,ANSC,0.0
2026-05-12,ANSS,0.0
2026-05-12,ANTA,0.0
2026-05-12,ANTH,0.0
2026-05-12,ANTX,0.0
2026-05-12,ANY,0.0
2026-05-12,ANZU,0.0
2026-05-12,AOBC,0.0
2026-05-12,AOGO,0.0
2026-05-12,AONC,0.0
2026-05-12,AOSL,0.0
2026-05-12,AOUT,0.0
2026-05-12,APA,0.0
2026-05-12,APAC,0.0
2026-05-12,APAD,0.0
2026-05-12,APAG.F,0.0
2026-05-12,APC,0.0
2026-05-12,APCVZ,0.0
2026-05-12,APCX,0.0
2026-05-12,APDN,0.0
2026-05-12,APDN.W,0.0
2026-05-12,APEI,0.0
2026-05-12,APEN,0.0
2026-05-12,APEX,0.0
2026-05-12,APGE,0.0
2026-05-12,APGN,0.0
2026-05-12,APHA,0.0
2026-05-12,APIC,0.0
2026-05-12,APKT,0.0
2026-05-12,APLD,0.002890173410404624
2026-05-12,APLM,0.0
2026-05-12,APLP,0.0
2026-05-12,APLS,-0.002890173410404624
2026-05-12,APLT,0.0
2026-05-12,APM,0.0
2026-05-12,APMI,0.0
2026-05-12,APOG,0.0
2026-05-12,APOL,0.0
2026-05-12,APOP.W,0.0
2026-05-12,APP,0.0
2026-05-12,APPF,0.002890173410404624
2026-05-12,APPH,0.0
2026-05-12,APPN,0.0
2026-05-12,APPS,0.002890173410404624
2026-05-12,APPY,0.0
2026-05-12,APR,0.0
2026-05-12,APRE,0.0
2026-05-12,APRI,0.0
2026-05-12,APRN,0.0
2026-05-12,APSA,0.0
2026-05-12,APTI,0.0
2026-05-12,APTM,0.0
2026-05-12,APTO,0.0
2026-05-12,APTX,0.0
2026-05-12,APVO,0.0
2026-05-12,APVO.V,0.0
2026-05-12,APWC,0.0
2026-05-12,APWR,0.0
2026-05-12,APXI,0.0
2026-05-12,APXT,0.0
2026-05-12,APYX,0.0
2026-05-12,AQB,0.0
2026-05-12,AQBTV,0.0
2026-05-12,AQMS,0.0
2026-05-12,AQST,0.0
2026-05-12,AQU,0.0
2026-05-12,AQUU.U,0.0
2026-05-12,AQUU.W,0.0
2026-05-12,AQXP,0.0
2026-05-12,ARAI,-0.002890173410404624
2026-05-12,ARAV,0.0
2026-05-12,ARAY,0.0
2026-05-12,ARBA,0.0
2026-05-12,ARBB,0.0
2026-05-12,ARBE,0.0
2026-05-12,ARBG,0.0
2026-05-12,ARBKL,0.0
2026-05-12,ARCB,0.002890173410404624
2026-05-12,ARCC,0.0
2026-05-12,ARCE,0.0
2026-05-12,ARCI,0.0
2026-05-12,ARCK,0.0
2026-05-12,ARCP,0.0
2026-05-12,ARCP.P,0.0
2026-05-12,ARCT,0.0
2026-05-12,ARCW,0.0
2026-05-12,ARDM,0.0
2026-05-12,ARDS,0.0
2026-05-12,ARDX,0.0
2026-05-12,AREB,0.0
2026-05-12,AREC,-0.002890173410404624
2026-05-12,AREX,0.0
2026-05-12,ARGS,0.0
2026-05-12,ARGU,0.0
2026-05-12,ARHS,0.002890173410404624
2026-05-12,ARIA,0.0
2026-05-12,ARII,0.0
2026-05-12,ARIZ,0.0
2026-05-12,ARKO,0.0
2026-05-12,ARKR,0.0
2026-05-12,ARLP,0.0
2026-05-12,ARLZ,0.0
2026-05-12,ARMO,0.0
2026-05-12,ARNA,0.0
2026-05-12,AROW,0.0
2026-05-12,ARPO,0.0
2026-05-12,ARQ,0.0
2026-05-12,ARQL,0.0
2026-05-12,ARQQ,0.0
2026-05-12,ARQT,0.0
2026-05-12,ARRS,0.0
2026-05-12,ARRW,0.0
2026-05-12,ARRY,0.0
2026-05-12,ARST,0.0
2026-05-12,ARTA,0.0
2026-05-12,ARTC,0.0
2026-05-12,ARTE,0.0
2026-05-12,ARTG,0.0
2026-05-12,ARTL,0.0
2026-05-12,ARTNA,0.0
2026-05-12,ARTV,0.0
2026-05-12,ARTW,0.0
2026-05-12,ARTX,0.0
2026-05-12,ARUN,0.0
2026-05-12,ARVL,0.0
2026-05-12,ARVN,0.0
2026-05-12,ARWA,0.0
2026-05-12,ARWA.R,0.0
2026-05-12,ARWA.W,0.0
2026-05-12,ARWR,0.0
2026-05-12,ARXS,0.0
2026-05-12,ARYA,0.0
2026-05-12,ARYB,0.0
2026-05-12,ARYD,0.0
2026-05-12,ARYE,0.0
2026-05-12,ASAP,0.0
2026-05-12,ASAX,0.0
2026-05-12,ASBB,0.0
2026-05-12,ASBC.W,0.0
2026-05-12,ASBI,0.0
2026-05-12,ASBP,-0.002890173410404624
2026-05-12,ASCA,0.0
2026-05-12,ASCB,0.0
2026-05-12,ASCM.A,0.0
2026-05-12,ASCMA,0.0
2026-05-12,ASDR,0.0
2026-05-12,ASEI,0.0
2026-05-12,ASFI,0.0
2026-05-12,ASLE,0.0
2026-05-12,ASMB,0.0
2026-05-12,ASMI,0.0
2026-05-12,ASNA,0.0
2026-05-12,ASND,0.0
2026-05-12,ASNS,0.0
2026-05-12,ASO,0.002890173410404624
2026-05-12,ASPA,0.0
2026-05-12,ASPC,0.0
2026-05-12,ASPI,0.0
2026-05-12,ASPS,0.0
2026-05-12,ASPU,0.0
2026-05-12,ASPX,0.0
2026-05-12,ASRT,-0.002890173410404624
2026-05-12,ASRV,0.0
2026-05-12,ASRV.P,0.0
2026-05-12,ASST,-0.002890173410404624
2026-05-12,ASTC,0.0
2026-05-12,ASTE,0.0
2026-05-12,ASTH,0.0
2026-05-12,ASTI,-0.002890173410404624
2026-05-12,ASTL,0.0
2026-05-12,ASTM,0.0
2026-05-12,ASTR,0.0
2026-05-12,ASTS,0.0
2026-05-12,ASUR,0.0
2026-05-12,ASV,0.0
2026-05-12,ASYS,0.002890173410404624
2026-05-12,ATAI,0.002890173410404624
2026-05-12,ATAK,0.0
2026-05-12,ATCX,0.0
2026-05-12,ATEA,0.0
2026-05-12,ATEC,0.0
2026-05-12,ATER,0.0
2026-05-12,ATEX,0.002890173410404624
2026-05-12,ATGL,0.0
2026-05-12,ATHA,0.0
2026-05-12,ATHR,0.0
2026-05-12,ATHX,0.0
2026-05-12,ATIF,0.0
2026-05-12,ATII,-0.002890173410404624
2026-05-12,ATIS,0.0
2026-05-12,ATLC,0.0
2026-05-12,ATLCL,0.0
2026-05-12,ATLCZ,0.0
2026-05-12,ATLN,0.0
2026-05-12,ATLO,0.0
2026-05-12,ATLX,0.0
2026-05-12,ATMC,0.0
2026-05-12,ATML,0.0
2026-05-12,ATMV,0.0
2026-05-12,ATNF,0.0
2026-05-12,ATNI,0.0
2026-05-12,ATNX,0.0
2026-05-12,ATNY,0.0
2026-05-12,ATOM,-0.002890173410404624
2026-05-12,ATON,0.0
2026-05-12,ATOS,0.0
2026-05-12,ATPC,0.0
2026-05-12,ATPG,0.0
2026-05-12,ATRA,0.0
2026-05-12,ATRC,0.0
2026-05-12,ATRI,0.0
2026-05-12,ATRM,0.0
2026-05-12,ATRO,0.0
2026-05-12,ATRS,0.0
2026-05-12,ATSG,0.0
2026-05-12,ATSPT,0.0
2026-05-12,ATTU,0.0
2026-05-12,ATVC,0.0
2026-05-12,ATVI,0.0
2026-05-12,ATXG,0.0
2026-05-12,ATXI,0.0
2026-05-12,ATXS,0.0
2026-05-12,ATY,0.0
2026-05-12,ATYR,0.0
2026-05-12,AUBN,0.0
2026-05-12,AUDC,0.0
2026-05-12,AUGO,0.0
2026-05-12,AUGX,0.0
2026-05-12,AUID,0.0
2026-05-12,AUMA,0.0
2026-05-12,AUMA.U,0.0
2026-05-12,AUMA.W,0.0
2026-05-12,AUPH,0.0
2026-05-12,AUR,0.0
2026-05-12,AURA,0.0
2026-05-12,AURC,0.0
2026-05-12,AURE,0.0
2026-05-12,AUTH,0.0
2026-05-12,AUTO,0.0
2026-05-12,AUUD,0.0
2026-05-12,AUVI,0.0
2026-05-12,AUXL,0.0
2026-05-12,AVAC,0.0
2026-05-12,AVAH,0.0
2026-05-12,AVAV,0.0
2026-05-12,AVBH,0.0
2026-05-12,AVBP,0.0
2026-05-12,AVCO,0.0
2026-05-12,AVCT,0.0
2026-05-12,AVDL,0.0
2026-05-12,AVDX,0.0
2026-05-12,AVEO,0.0
2026-05-12,AVGO,0.0
2026-05-12,AVGR,0.0
2026-05-12,AVHI,0.0
2026-05-12,AVID,0.0
2026-05-12,AVII,0.0
2026-05-12,AVIR,0.0
2026-05-12,AVLN,0.0
2026-05-12,AVNR,0.0
2026-05-12,AVNU,0.0
2026-05-12,AVNW,-0.002890173410404624
2026-05-12,AVO,0.0
2026-05-12,AVPT,0.0
2026-05-12,AVR,-0.002890173410404624
2026-05-12,AVRO,0.0
2026-05-12,AVT,0.0
2026-05-12,AVTA,0.0
2026-05-12,AVTE,0.0
2026-05-12,AVTX,0.002890173410404624
2026-05-12,AVX,0.0
2026-05-12,AVXL,0.0
2026-05-12,AVXS,0.0
2026-05-12,AWH,0.0
2026-05-12,AWIN,0.0
2026-05-12,AWRE,0.0
2026-05-12,AWSM,0.0
2026-05-12,AXAR,0.0
2026-05-12,AXAR.U,0.0
2026-05-12,AXAR.W,0.0
2026-05-12,AXAS,0.0
2026-05-12,AXDX,0.0
2026-05-12,AXG,0.0
2026-05-12,AXGN,0.002890173410404624
2026-05-12,AXGT,0.0
2026-05-12,AXIN,0.0
2026-05-12,AXJS,0.0
2026-05-12,AXLA,0.0
2026-05-12,AXNX,0.0
2026-05-12,AXON,0.0
2026-05-12,AXPW,0.0
2026-05-12,AXPW.W,0.0
2026-05-12,AXSM,0.0
2026-05-12,AXTI,0.0
2026-05-12,AY,0.0
2026-05-12,AYA,0.0
2026-05-12,AYLA,0.0
2026-05-12,AYRO,0.0
2026-05-12,AYTU,0.0
2026-05-12,AZ,0.0
2026-05-12,AZI,0.0
2026-05-12,AZPN,0.0
2026-05-12,AZRX,0.0
2026-05-12,AZTA,0.0
2026-05-12,AZYO,0.0
2026-05-12,BABY,0.0
2026-05-12,BACC,0.0
2026-05-12,BACK,0.0
2026-05-12,BACQ,0.0
2026-05-12,BAER,0.0
2026-05-12,BAFN,0.0
2026-05-12,BAGL,0.0
2026-05-12,BAGR,0.0
2026-05-12,BAMM,0.0
2026-05-12,BANC.L,0.0
2026-05-12,BANC.P,0.0
2026-05-12,BAND,0.0
2026-05-12,BANF,0.0
2026-05-12,BANL,0.0
2026-05-12,BANR,0.0
2026-05-12,BANX,0.0
2026-05-12,BAOS,0.0
2026-05-12,BASE,0.0
2026-05-12,BASI,0.0
2026-05-12,BATR.K,0.0
2026-05-12,BATR.R,0.0
2026-05-12,BATR.V,0.0
2026-05-12,BATRA,0.0
2026-05-12,BATRK,0.0
2026-05-12,BAXS,0.0
2026-05-12,BAYA,0.0
2026-05-12,BBCN,0.0
2026-05-12,BBCP,0.0
2026-05-12,BBCQ,0.0
2026-05-12,BBEP,0.0
2026-05-12,BBGI,0.0
2026-05-12,BBI,0.0
2026-05-12,BBIG,0.0
2026-05-12,BBIGV,0.0
2026-05-12,BBIO,0.0
2026-05-12,BBLG,0.0
2026-05-12,BBND,0.0
2026-05-12,BBNK,0.0
2026-05-12,BBNX,0.0
2026-05-12,BBOT,0.0
2026-05-12,BBOX,0.0
2026-05-12,BBQ,0.0
2026-05-12,BBRG,0.0
2026-05-12,BBRX,0.0
2026-05-12,BBSI,0.0
2026-05-12,BCAB,0.0
2026-05-12,BCAC,0.0
2026-05-12,BCAL,0.0
2026-05-12,BCAN,0.0
2026-05-12,BCAR,0.0
2026-05-12,BCAX,0.0
2026-05-12,BCBP,0.0
2026-05-12,BCDA,0.0
2026-05-12,BCEL,0.0
2026-05-12,BCG,0.0
2026-05-12,BCIC,0.0
2026-05-12,BCLI,0.0
2026-05-12,BCML,0.0
2026-05-12,BCOM,0.0
2026-05-12,BCOV,0.0
2026-05-12,BCOW,0.0
2026-05-12,BCPC,0.0
2026-05-12,BCRX,0.0
2026-05-12,BCSA,0.0
2026-05-12,BCSI,0.0
2026-05-12,BCTF,0.0
2026-05-12,BCTG,0.0
2026-05-12,BCTX,0.0
2026-05-12,BCTXL,0.0
2026-05-12,BCYP,0.0
2026-05-12,BDBD,0.0
2026-05-12,BDCI,-0.002890173410404624
2026-05-12,BDCV,0.0
2026-05-12,BDE,0.0
2026-05-12,BDGE,0.0
2026-05-12,BDMD,0.0
2026-05-12,BDMS,0.0
2026-05-12,BDSI,0.0
2026-05-12,BDSX,0.0
2026-05-12,BDTX,0.0
2026-05-12,BEAG,0.0
2026-05-12,BEAM,0.002890173410404624
2026-05-12,BEAT,0.0
2026-05-12,BEAV,0.0
2026-05-12,BEAV.V,0.0
2026-05-12,BECN,0.0
2026-05-12,BEEM,0.0
2026-05-12,BEEP,0.0
2026-05-12,BEER,0.0
2026-05-12,BELFA,0.002890173410404624
2026-05-12,BELFB,0.002890173410404624
2026-05-12,BENE,0.0
2026-05-12,BENF,0.0
2026-05-12,BETR,0.0
2026-05-12,BETS,0.0
2026-05-12,BEXP,0.0
2026-05-12,BFC,0.0
2026-05-12,BFI,0.0
2026-05-12,BFIN,0.0
2026-05-12,BFL,0.0
2026-05-12,BFRG,0.0
2026-05-12,BFRI,0.0
2026-05-12,BFST,0.0
2026-05-12,BFYT,0.0
2026-05-12,BGC,0.0
2026-05-12,BGCP,0.0
2026-05-12,BGCPV,0.0
2026-05-12,BGDE,0.0
2026-05-12,BGFV,0.0
2026-05-12,BGIN,0.0
2026-05-12,BGL,0.0
2026-05-12,BGLC,0.0
2026-05-12,BGM,0.0
2026-05-12,BGMD,0.0
2026-05-12,BGMS,0.0
2026-05-12,BGRY,0.0
2026-05-12,BGXX,0.0
2026-05-12,BHAC,0.0
2026-05-12,BHAC.R,0.0
2026-05-12,BHAC.U,0.0
2026-05-12,BHAT,0.0
2026-05-12,BHAV,-0.002890173410404624
2026-05-12,BHBK,0.0
2026-05-12,BHF,0.0
2026-05-12,BHFAL,0.0
2026-05-12,BHFAM,0.0
2026-05-12,BHFAN,0.0
2026-05-12,BHFAO,0.0
2026-05-12,BHIL,0.0
2026-05-12,BHRB,0.0
2026-05-12,BHSE,0.0
2026-05-12,BHST,0.0
2026-05-12,BHTG,0.0
2026-05-12,BIAF,0.0
2026-05-12,BIGC,0.0
2026-05-12,BIIB,0.0
2026-05-12,BIIBV,0.0
2026-05-12,BIMI,0.0
2026-05-12,BIND,0.0
2026-05-12,BINI,0.0
2026-05-12,BIOA,0.002890173410404624
2026-05-12,BIOC,0.0
2026-05-12,BIOD,0.0
2026-05-12,BIOF,0.0
2026-05-12,BIOF.R,0.0
2026-05-12,BIOL,0.0
2026-05-12,BIOP,0.0
2026-05-12,BIOR,0.0
2026-05-12,BIOS,0.0
2026-05-12,BIOT,0.0
2026-05-12,BIOX,0.0
2026-05-12,BIQI,0.0
2026-05-12,BIRD,-0.002890173410404624
2026-05-12,BIRT,0.0
2026-05-12,BITF,0.0
2026-05-12,BIVI,0.0
2026-05-12,BIVV,0.0
2026-05-12,BIVVV,0.0
2026-05-12,BIXI,0.0
2026-05-12,BIYA,0.0
2026-05-12,BJDX,0.0
2026-05-12,BJRI,0.002890173410404624
2026-05-12,BKCC,0.0
2026-05-12,BKEP,0.0
2026-05-12,BKEP.P,0.0
2026-05-12,BKHA,0.0
2026-05-12,BKMU,0.0
2026-05-12,BKNG,0.002890173410404624
2026-05-12,BKR,0.0
2026-05-12,BKSC,0.0
2026-05-12,BKYF,0.0
2026-05-12,BKYI,0.0
2026-05-12,BL,0.0
2026-05-12,BLAC,0.0
2026-05-12,BLBD,0.0
2026-05-12,BLBD.W,0.0
2026-05-12,BLBX,0.0
2026-05-12,BLCM,0.0
2026-05-12,BLDE,0.0
2026-05-12,BLDP,0.0
2026-05-12,BLEU,0.0
2026-05-12,BLFS,0.0
2026-05-12,BLFY,0.0
2026-05-12,BLI,0.0
2026-05-12,BLIN,0.0
2026-05-12,BLIV,0.0
2026-05-12,BLKB,0.0
2026-05-12,BLLN,0.0
2026-05-12,BLMN,0.002890173410404624
2026-05-12,BLMT,0.0
2026-05-12,BLMZ,0.0
2026-05-12,BLNE,0.0
2026-05-12,BLNG,0.0
2026-05-12,BLNK,-0.002890173410404624
2026-05-12,BLPH,0.0
2026-05-12,BLRK,0.0
2026-05-12,BLSA,0.0
2026-05-12,BLTS,0.0
2026-05-12,BLU,0.0
2026-05-12,BLUD,0.0
2026-05-12,BLUE,0.0
2026-05-12,BLUEV,0.0
2026-05-12,BLUW,0.0
2026-05-12,BLVD,0.0
2026-05-12,BLVD.U,0.0
2026-05-12,BLZE,0.002890173410404624
2026-05-12,BLZR,0.0
2026-05-12,BMAQ,0.0
2026-05-12,BMBL,0.0
2026-05-12,BMC,0.0
2026-05-12,BMCH,0.0
2026-05-12,BMEA,0.0
2026-05-12,BMGL,0.0
2026-05-12,BMHL,0.0
2026-05-12,BMM,0.0
2026-05-12,BMR,0.0
2026-05-12,BMRA,0.0
2026-05-12,BMRC,0.0
2026-05-12,BMRN,0.0
2026-05-12,BMTC,0.0
2026-05-12,BNAI,0.0
2026-05-12,BNBX,0.0
2026-05-12,BNC,0.0
2026-05-12,BNCL,0.0
2026-05-12,BNCN,0.0
2026-05-12,BNFT,0.0
2026-05-12,BNGO,0.0
2026-05-12,BNIX,0.0
2026-05-12,BNKK,0.0
2026-05-12,BNMV,0.0
2026-05-12,BNNR,0.0
2026-05-12,BNRG,0.0
2026-05-12,BNSO,0.0
2026-05-12,BNTC,0.0
2026-05-12,BNTC.W,0.0
2026-05-12,BNVID,0.0
2026-05-12,BNZI,-0.002890173410404624
2026-05-12,BOBE,0.0
2026-05-12,BOCH,0.0
2026-05-12,BOCN,0.0
2026-05-12,BODI,0.0
2026-05-12,BOF,0.0
2026-05-12,BOFI.L,0.0
2026-05-12,BOFIL,0.0
2026-05-12,BOJA,0.0
2026-05-12,BOKF,0.0
2026-05-12,BOKF.L,0.0
2026-05-12,BOKFL,0.0
2026-05-12,BOLD,0.0
2026-05-12,BOLT,0.0
2026-05-12,BON,0.0
2026-05-12,BONA,0.0
2026-05-12,BONT,0.0
2026-05-12,BOOM,0.0
2026-05-12,BOSC,0.0
2026-05-12,BOTA,0.0
2026-05-12,BOTJ,0.0
2026-05-12,BOWN,0.0
2026-05-12,BOWX,0.0
2026-05-12,BOXL,0.0
2026-05-12,BPAC,0.0
2026-05-12,BPAX,0.0
2026-05-12,BPFH,0.0
2026-05-12,BPFH.W,0.0
2026-05-12,BPHX,0.0
2026-05-12,BPMC,0.0
2026-05-12,BPOP,0.0
2026-05-12,BPR,0.0
2026-05-12,BPRN,0.0
2026-05-12,BPTH,0.0
2026-05-12,BPY,0.0
2026-05-12,BPYPM,0.0
2026-05-12,BPYPN,0.0
2026-05-12,BPYPO,0.0
2026-05-12,BPYU,0.0
2026-05-12,BRAC,0.0
2026-05-12,BRAG,0.0
2026-05-12,BRAI,0.0
2026-05-12,BRCB,0.002890173410404624
2026-05-12,BRCD,0.0
2026-05-12,BRCM,0.0
2026-05-12,BRCN,0.0
2026-05-12,BRDR,0.0
2026-05-12,BREA,0.0
2026-05-12,BREZ,0.0
2026-05-12,BRFH,0.0
2026-05-12,BRID,0.0
2026-05-12,BRIV,0.0
2026-05-12,BRKH,0.0
2026-05-12,BRKL,0.0
2026-05-12,BRKR,0.0
2026-05-12,BRLI,0.0
2026-05-12,BRLS,0.0
2026-05-12,BRLT,0.0
2026-05-12,BROG,0.0
2026-05-12,BRP,0.0
2026-05-12,BRPA,0.0
2026-05-12,BRPM,0.0
2026-05-12,BRQS,0.0
2026-05-12,BRR,0.0
2026-05-12,BRSH,0.0
2026-05-12,BRTX,0.0
2026-05-12,BRY,0.0
2026-05-12,BRZE,0.0
2026-05-12,BSAA,0.0
2026-05-12,BSBK,0.0
2026-05-12,BSDM,0.0
2026-05-12,BSET,0.0
2026-05-12,BSF,0.0
2026-05-12,BSFC,0.0
2026-05-12,BSFT,0.0
2026-05-12,BSGA,0.0
2026-05-12,BSGM,0.0
2026-05-12,BSII,0.0
2026-05-12,BSKY,0.0
2026-05-12,BSLK,0.0
2026-05-12,BSPE,0.0
2026-05-12,BSPM,0.0
2026-05-12,BSQR,0.0
2026-05-12,BSRR,0.0
2026-05-12,BSTC,0.0
2026-05-12,BSTG,0.0
2026-05-12,BSVN,0.0
2026-05-12,BSY,0.0
2026-05-12,BTAI,0.0
2026-05-12,BTAQ,0.0
2026-05-12,BTAQU,0.0
2026-05-12,BTB,0.0
2026-05-12,BTBD,0.0
2026-05-12,BTBT,-0.002890173410404624
2026-05-12,BTCS,0.0
2026-05-12,BTCT,0.0
2026-05-12,BTCY,0.0
2026-05-12,BTDR,0.0
2026-05-12,BTM,0.0
2026-05-12,BTMD,0.0
2026-05-12,BTNB,0.0
2026-05-12,BTOC,0.0
2026-05-12,BTOG,0.0
2026-05-12,BTQ,0.0
2026-05-12,BTRS,0.0
2026-05-12,BTSG,0.0
2026-05-12,BTTC,0.0
2026-05-12,BTTX,0.0
2026-05-12,BTUI,0.0
2026-05-12,BTWN,0.0
2026-05-12,BUCY,0.0
2026-05-12,BUJA,0.0
2026-05-12,BULL,0.0
2026-05-12,BURG,0.0
2026-05-12,BUSE,0.0
2026-05-12,BUUU,0.0
2026-05-12,BVA,0.0
2026-05-12,BVC,0.0
2026-05-12,BVFL,0.0
2026-05-12,BVS,0.0
2026-05-12,BVSN,0.0
2026-05-12,BVXV.W,0.0
2026-05-12,BWAC,0.0
2026-05-12,BWAQ,0.0
2026-05-12,BWB,0.0
2026-05-12,BWBBP,0.0
2026-05-12,BWC,0.0
2026-05-12,BWEN,0.0
2026-05-12,BWFG,0.0
2026-05-12,BWIN,0.0
2026-05-12,BWIN.A,0.0
2026-05-12,BWIN.B,0.0
2026-05-12,BWINA,0.0
2026-05-12,BWINB,0.0
2026-05-12,BWLD,0.0
2026-05-12,BWMC,0.0
2026-05-12,BWMN,0.0
2026-05-12,BWV,0.0
2026-05-12,BXRX,0.0
2026-05-12,BXRXV,0.0
2026-05-12,BYAH,0.0
2026-05-12,BYBK,0.0
2026-05-12,BYFC,0.0
2026-05-12,BYLK,0.0
2026-05-12,BYND,0.002890173410404624
2026-05-12,BYNO,0.0
2026-05-12,BYRN,0.0
2026-05-12,BYSI,0.0
2026-05-12,BYTS,0.0
2026-05-12,BYU,0.0
2026-05-12,BZAI,-0.002890173410404624
2026-05-12,BZFD,0.0
2026-05-12,CAAS,0.0
2026-05-12,CABA,-0.002890173410404624
2026-05-12,CABR,0.0
2026-05-12,CAC,0.0
2026-05-12,CACB,0.0
2026-05-12,CACC,0.0
2026-05-12,CACG.U,0.0
2026-05-12,CACG.W,0.0
2026-05-12,CACH,0.0
2026-05-12,CACO,0.0
2026-05-12,CACQ,0.0
2026-05-12,CADC,0.0
2026-05-12,CADL,0.0
2026-05-12,CADT,0.0
2026-05-12,CADT.R,0.0
2026-05-12,CADT.U,0.0
2026-05-12,CADT.W,0.0
2026-05-12,CADX,0.0
2026-05-12,CAEI,0.0
2026-05-12,CAEID,0.0
2026-05-12,CAEP,0.0
2026-05-12,CAFD,0.0
2026-05-12,CAFN,0.0
2026-05-12,CAGC,0.0
2026-05-12,CAHC,0.0
2026-05-12,CAI,0.0
2026-05-12,CAKE,0.0
2026-05-12,CALA,0.0
2026-05-12,CALB,0.0
2026-05-12,CALC,0.0
2026-05-12,CALD,0.0
2026-05-12,CALL,0.0
2026-05-12,CALM,0.0
2026-05-12,CAMB,0.0
2026-05-12,CAMB.U,0.0
2026-05-12,CAMB.W,0.0
2026-05-12,CAMP,0.0
2026-05-12,CAMT,0.0
2026-05-12,CANB,0.0
2026-05-12,CAPA,0.0
2026-05-12,CAPN,0.0
2026-05-12,CAPN.U,0.0
2026-05-12,CAPN.W,0.0
2026-05-12,CAPR,0.0
2026-05-12,CAPS,0.0
2026-05-12,CAPT,0.0
2026-05-12,CAQ,0.0
2026-05-12,CAR,-0.002890173410404624
2026-05-12,CARA,0.0
2026-05-12,CARB,0.0
2026-05-12,CARE,0.0
2026-05-12,CARG,0.0
2026-05-12,CARL,0.0
2026-05-12,CARM,0.0
2026-05-12,CARO,0.0
2026-05-12,CART,0.0
2026-05-12,CARV,0.0
2026-05-12,CASA,0.0
2026-05-12,CASC,0.0
2026-05-12,CASH,0.0
2026-05-12,CASI,0.0
2026-05-12,CASK,0.0
2026-05-12,CASM,0.0
2026-05-12,CASS,0.0
2026-05-12,CAST,0.0
2026-05-12,CASY,0.0
2026-05-12,CATB,0.0
2026-05-12,CATC,0.0
2026-05-12,CATM,0.0
2026-05-12,CATS,0.0
2026-05-12,CATY,0.0
2026-05-12,CATY.W,0.0
2026-05-12,CAUD,0.0
2026-05-12,CAVM,0.0
2026-05-12,CBAT,0.0
2026-05-12,CBAY,0.0
2026-05-12,CBC,0.0
2026-05-12,CBDE,0.0
2026-05-12,CBEY,0.0
2026-05-12,CBF,0.0
2026-05-12,CBFV,0.0
2026-05-12,CBIN,0.0
2026-05-12,CBIO,0.0
2026-05-12,CBK,0.0
2026-05-12,CBLI,0.0
2026-05-12,CBLK,0.0
2026-05-12,CBLL,0.0
2026-05-12,CBMB,0.0
2026-05-12,CBMG,0.0
2026-05-12,CBMX,0.0
2026-05-12,CBMX.W,0.0
2026-05-12,CBNJ,0.0
2026-05-12,CBNK,0.0
2026-05-12,CBPO,0.0
2026-05-12,CBRG,0.0
2026-05-12,CBRL,0.0
2026-05-12,CBRX,0.0
2026-05-12,CBSH,0.0
2026-05-12,CBST,0.0
2026-05-12,CBST.Z,0.0
2026-05-12,CBTX,0.0
2026-05-12,CBUS,0.0
2026-05-12,CBYL,0.0
2026-05-12,CCAI,0.0
2026-05-12,CCAP,0.0
2026-05-12,CCB,0.0
2026-05-12,CCBG,0.0
2026-05-12,CCC,0.0
2026-05-12,CCCC,0.0
2026-05-12,CCCL,0.0
2026-05-12,CCCM,0.0
2026-05-12,CCCR,0.0
2026-05-12,CCCS,0.0
2026-05-12,CCCX,0.0
2026-05-12,CCD,0.0
2026-05-12,CCEC,0.0
2026-05-12,CCEP,0.0
2026-05-12,CCG,0.0
2026-05-12,CCHH,0.0
2026-05-12,CCII,0.0
2026-05-12,CCIR,0.0
2026-05-12,CCIX,0.0
2026-05-12,CCLD,0.0
2026-05-12,CCLP,0.0
2026-05-12,CCME,0.0
2026-05-12,CCMP,0.0
2026-05-12,CCN,0.0
2026-05-12,CCNE,0.0
2026-05-12,CCNI,0.0
2026-05-12,CCNW.W,0.0
2026-05-12,CCOI,0.0
2026-05-12,CCRC,0.0
2026-05-12,CCRN,0.0
2026-05-12,CCSI,0.0
2026-05-12,CCTG,0.0
2026-05-12,CCTS,0.0
2026-05-12,CCUR,0.0
2026-05-12,CCXI,0.0
2026-05-12,CD,0.0
2026-05-12,CDAK,0.0
2026-05-12,CDAQ,0.0
2026-05-12,CDEV,0.0
2026-05-12,CDEV.W,0.0
2026-05-12,CDIO,0.0
2026-05-12,CDK,0.0
2026-05-12,CDKV.V,0.0
2026-05-12,CDLX,0.0
2026-05-12,CDMO,0.0
2026-05-12,CDNA,0.002890173410404624
2026-05-12,CDNL,-0.002890173410404624
2026-05-12,CDNS,0.0
2026-05-12,CDOR.O,0.0
2026-05-12,CDOR.P,0.0
2026-05-12,CDRB,0.0
2026-05-12,CDRO,0.0
2026-05-12,CDT,0.0
2026-05-12,CDTG,0.0
2026-05-12,CDTI,0.0
2026-05-12,CDTX,0.0
2026-05-12,CDW,0.0
2026-05-12,CDXC,0.0
2026-05-12,CDXS,0.0
2026-05-12,CDZI,0.0
2026-05-12,CEAD,0.0
2026-05-12,CECO,0.0
2026-05-12,CEDC,0.0
2026-05-12,CEG,0.0
2026-05-12,CELC,0.0
2026-05-12,CELG,0.0
2026-05-12,CELG.Z,0.0
2026-05-12,CELH,0.0
2026-05-12,CELL,0.0
2026-05-12,CELM,0.0
2026-05-12,CELU,0.0
2026-05-12,CELZ,0.0
2026-05-12,CEMI,0.0
2026-05-12,CEMP,0.0
2026-05-12,CENH,0.0
2026-05-12,CENN,0.0
2026-05-12,CENQ,0.0
2026-05-12,CENT,0.0
2026-05-12,CENTA,0.0
2026-05-12,CENX,0.002890173410404624
2026-05-12,CEP,0.0
2026-05-12,CEPF,0.0
2026-05-12,CEPH,0.0
2026-05-12,CEPO,0.0
2026-05-12,CEPS,-0.002890173410404624
2026-05-12,CEPT,0.0
2026-05-12,CEPV,0.0
2026-05-12,CERC,0.0
2026-05-12,CERC.U,0.0
2026-05-12,CERC.W,0.0
2026-05-12,CERC.Z,0.0
2026-05-12,CERE,0.0
2026-05-12,CERN,0.0
2026-05-12,CERO,0.0
2026-05-12,CERS,0.0
2026-05-12,CERT,0.0
2026-05-12,CERU,0.0
2026-05-12,CETC,0.0
2026-05-12,CETU,0.0
2026-05-12,CETV,0.0
2026-05-12,CETX,0.0
2026-05-12,CETY,0.0
2026-05-12,CEVA,0.0
2026-05-12,CFAC,0.0
2026-05-12,CFB,0.0
2026-05-12,CFBI,0.0
2026-05-12,CFBK,0.0
2026-05-12,CFCB,0.0
2026-05-12,CFCO,0.0
2026-05-12,CFCO.U,0.0
2026-05-12,CFCO.W,0.0
2026-05-12,CFFA,0.0
2026-05-12,CFFE,0.0
2026-05-12,CFFI,0.0
2026-05-12,CFFN,0.0
2026-05-12,CFFS,0.0
2026-05-12,CFGE,0.0
2026-05-12,CFII,0.0
2026-05-12,CFIV,0.0
2026-05-12,CFLT,0.0
2026-05-12,CFMS,0.0
2026-05-12,CFNB,0.0
2026-05-12,CFNL,0.0
2026-05-12,CFRX,0.0
2026-05-12,CFRX.U,0.0
2026-05-12,CFRX.W,0.0
2026-05-12,CFRX.Z,0.0
2026-05-12,CFSB,0.0
2026-05-12,CFSG,0.0
2026-05-12,CFV,0.0
2026-05-12,CFVI,0.0
2026-05-12,CG,0.0
2026-05-12,CGABL,0.0
2026-05-12,CGBD,0.0
2026-05-12,CGBDL,0.0
2026-05-12,CGBS,0.0
2026-05-12,CGC,0.0
2026-05-12,CGCT,0.0
2026-05-12,CGEM,0.0
2026-05-12,CGEN,0.0
2026-05-12,CGIX,0.0
2026-05-12,CGNT,0.0
2026-05-12,CGNX,0.0
2026-05-12,CGO,0.0
2026-05-12,CGON,0.002890173410404624
2026-05-12,CGRN,0.0
2026-05-12,CGTL,-0.002890173410404624
2026-05-12,CGTX,0.0
2026-05-12,CHAC,0.0
2026-05-12,CHAI,0.0
2026-05-12,CHAR,0.0
2026-05-12,CHCI,0.0
2026-05-12,CHCO,0.0
2026-05-12,CHDN,0.0
2026-05-12,CHDX,0.0
2026-05-12,CHEA,0.0
2026-05-12,CHEC,0.0
2026-05-12,CHEF,0.0
2026-05-12,CHEK,0.0
2026-05-12,CHEK.U,0.0
2026-05-12,CHEK.W,0.0
2026-05-12,CHEV,0.0
2026-05-12,CHFC,0.0
2026-05-12,CHFN,0.0
2026-05-12,CHFS,0.0
2026-05-12,CHG,0.0
2026-05-12,CHI,0.0
2026-05-12,CHIA.V,0.0
2026-05-12,CHIK.V,0.0
2026-05-12,CHINA,0.0
2026-05-12,CHIND,0.0
2026-05-12,CHK,0.0
2026-05-12,CHKE,0.0
2026-05-12,CHKP,0.0
2026-05-12,CHLN,0.0
2026-05-12,CHMA,0.0
2026-05-12,CHMG,0.0
2026-05-12,CHNG,0.0
2026-05-12,CHNGV,0.0
2026-05-12,CHNR,0.0
2026-05-12,CHOP,0.0
2026-05-12,CHPG,0.0
2026-05-12,CHPM,0.0
2026-05-12,CHR,0.0
2026-05-12,CHRD,0.0
2026-05-12,CHRM,0.0
2026-05-12,CHRN,0.002890173410404624
2026-05-12,CHRS,0.0
2026-05-12,CHRW,0.002890173410404624
2026-05-12,CHSN,0.0
2026-05-12,CHTP,0.0
2026-05-12,CHTR,0.0
2026-05-12,CHUB.A,0.0
2026-05-12,CHUB.K,0.0
2026-05-12,CHUBA,0.0
2026-05-12,CHUBK,0.0
2026-05-12,CHUY,0.0
2026-05-12,CHW,0.0
2026-05-12,CHWA,0.0
2026-05-12,CHX,0.0
2026-05-12,CHY,0.0
2026-05-12,CHYM,0.0
2026-05-12,CHYR,0.0
2026-05-12,CIDM,0.0
2026-05-12,CIFC,0.0
2026-05-12,CIFR,0.002890173410404624
2026-05-12,CIFS,0.0
2026-05-12,CIGI,0.0
2026-05-12,CIGL,0.0
2026-05-12,CIGX,0.0
2026-05-12,CIIC,0.0
2026-05-12,CIIG,0.0
2026-05-12,CIIT,0.0
2026-05-12,CIMT,0.0
2026-05-12,CINC,0.0
2026-05-12,CINF,0.0
2026-05-12,CING,0.0
2026-05-12,CISA.A,0.0
2026-05-12,CISA.U,0.0
2026-05-12,CISA.W,0.0
2026-05-12,CISO,0.0
2026-05-12,CISS,0.0
2026-05-12,CISSV,0.0
2026-05-12,CITE,0.0
2026-05-12,CIVB,0.0
2026-05-12,CIVB.P,0.0
2026-05-12,CIZN,0.0
2026-05-12,CJET,0.0
2026-05-12,CJJD,0.0
2026-05-12,CJMB,0.0
2026-05-12,CKEC,0.0
2026-05-12,CKPT,0.0
2026-05-12,CKSW,0.0
2026-05-12,CLAC,0.0
2026-05-12,CLAQ,0.0
2026-05-12,CLAR,0.0
2026-05-12,CLAY,0.0
2026-05-12,CLBH,0.0
2026-05-12,CLBK,0.0
2026-05-12,CLBS,0.0
2026-05-12,CLBT,0.0
2026-05-12,CLCD,0.0
2026-05-12,CLCT,0.0
2026-05-12,CLDB,0.0
2026-05-12,CLDC,0.0
2026-05-12,CLDC.W,0.0
2026-05-12,CLDN,0.0
2026-05-12,CLDX,0.0
2026-05-12,CLEU,0.0
2026-05-12,CLFD,-0.002890173410404624
2026-05-12,CLGN,0.0
2026-05-12,CLIK,-0.002890173410404624
2026-05-12,CLIN,0.0
2026-05-12,CLIR,0.0
2026-05-12,CLMB,0.0
2026-05-12,CLMS,0.0
2026-05-12,CLMT,0.0
2026-05-12,CLNE,0.0
2026-05-12,CLNN,-0.002890173410404624
2026-05-12,CLNT,0.0
2026-05-12,CLOE,0.0
2026-05-12,CLOV,0.0
2026-05-12,CLPS,0.0
2026-05-12,CLPT,0.002890173410404624
2026-05-12,CLRB,0.0
2026-05-12,CLRB.W,0.0
2026-05-12,CLRC,0.0
2026-05-12,CLRM,0.0
2026-05-12,CLRO,0.0
2026-05-12,CLRS,0.0
2026-05-12,CLRT,0.0
2026-05-12,CLRX,0.0
2026-05-12,CLSD,0.0
2026-05-12,CLSK,0.0
2026-05-12,CLST,0.0
2026-05-12,CLTX,0.0
2026-05-12,CLVR,0.0
2026-05-12,CLVS,0.0
2026-05-12,CLWR,0.0
2026-05-12,CLWT,0.0
2026-05-12,CLXT,0.0
2026-05-12,CLYM,0.002890173410404624
2026-05-12,CMAX,0.0
2026-05-12,CMBM,0.0
2026-05-12,CMCA,0.0
2026-05-12,CMCO,0.0
2026-05-12,CMCS.K,0.0
2026-05-12,CMCSA,0.0
2026-05-12,CMCSK,0.0
2026-05-12,CMCSV,0.0
2026-05-12,CMCT,0.0
2026-05-12,CME,0.0
2026-05-12,CMED,0.0
2026-05-12,CMFN,0.0
2026-05-12,CMFNL,0.0
2026-05-12,CMGE,0.0
2026-05-12,CMII,0.0
2026-05-12,CMLF,0.0
2026-05-12,CMLS,0.0
2026-05-12,CMLT,0.0
2026-05-12,CMND,0.0
2026-05-12,CMPI,0.0
2026-05-12,CMPOV,0.0
2026-05-12,CMPR,0.0
2026-05-12,CMPX,-0.002890173410404624
2026-05-12,CMRA,0.0
2026-05-12,CMRC,0.0
2026-05-12,CMRX,0.0
2026-05-12,CMSB,0.0
2026-05-12,CMSS,0.0
2026-05-12,CMTA,0.0
2026-05-12,CMTL,0.0
2026-05-12,CMTV,0.0
2026-05-12,CMVT,0.0
2026-05-12,CNAC,0.0
2026-05-12,CNAT,0.0
2026-05-12,CNBC,0.0
2026-05-12,CNBK.A,0.0
2026-05-12,CNBKA,0.0
2026-05-12,CNCE,0.0
2026-05-12,CNCK,0.0
2026-05-12,CNDO,0.0
2026-05-12,CNDT,0.0
2026-05-12,CNET,0.0
2026-05-12,CNEY,0.0
2026-05-12,CNFR,0.0
2026-05-12,CNFRL,0.0
2026-05-12,CNFRZ,0.0
2026-05-12,CNGL,0.0
2026-05-12,CNIT,0.0
2026-05-12,CNLG,0.0
2026-05-12,CNLM,0.0
2026-05-12,CNLM.R,0.0
2026-05-12,CNLM.W,0.0
2026-05-12,CNNB,0.0
2026-05-12,CNOB,0.0
2026-05-12,CNOBP,0.0
2026-05-12,CNQR,0.0
2026-05-12,CNSI,0.0
2026-05-12,CNSL,0.0
2026-05-12,CNSP,-0.002890173410404624
2026-05-12,CNST,0.0
2026-05-12,CNTB,0.0
2026-05-12,CNTG,0.0
2026-05-12,CNTM,0.0
2026-05-12,CNTN,0.0
2026-05-12,CNTQ,0.0
2026-05-12,CNTX,0.0
2026-05-12,CNTY,0.0
2026-05-12,CNV,0.0
2026-05-12,CNVR,0.0
2026-05-12,CNVS,0.0
2026-05-12,CNXA,0.0
2026-05-12,CNXC,0.0
2026-05-12,CNXN,0.0
2026-05-12,CNXR,0.0
2026-05-12,CNYD,0.0
2026-05-12,COAG,0.0
2026-05-12,COB,0.0
2026-05-12,COBK,0.0
2026-05-12,COBR,0.0
2026-05-12,COBZ,0.0
2026-05-12,COCH,0.0
2026-05-12,COCO,0.0
2026-05-12,COCP,0.0
2026-05-12,CODA,0.0
2026-05-12,CODX,0.0
2026-05-12,COEP,0.0
2026-05-12,COFS,0.0
2026-05-12,COGT,0.0
2026-05-12,COGTV,0.0
2026-05-12,COHU,0.0
2026-05-12,COIN,0.0
2026-05-12,COKE,0.0
2026-05-12,COLA,-0.002890173410404624
2026-05-12,COLB,0.0
2026-05-12,COLI,0.0
2026-05-12,COLL,0.002890173410404624
2026-05-12,COLM,0.002890173410404624
2026-05-12,COMM,0.0
2026-05-12,COMS,0.0
2026-05-12,CONE,0.0
2026-05-12,CONN,0.0
2026-05-12,COO,0.0
2026-05-12,COOL,0.0
2026-05-12,COOP,0.0
2026-05-12,COOT,0.0
2026-05-12,CORE,0.0
2026-05-12,CORI,0.0
2026-05-12,CORT,0.0
2026-05-12,CORV,0.0
2026-05-12,CORZ,0.0
2026-05-12,COSI,0.0
2026-05-12,COSM,0.0
2026-05-12,COST,0.0
2026-05-12,COUP,0.0
2026-05-12,COVA,0.0
2026-05-12,COVS,0.0
2026-05-12,COVS.V,0.0
2026-05-12,COWN,0.0
2026-05-12,COWN.L,0.0
2026-05-12,COWNL,0.0
2026-05-12,COWNZ,0.0
2026-05-12,COYA,0.0
2026-05-12,COYN,0.0
2026-05-12,COYN.W,0.0
2026-05-12,CPAA,0.0
2026-05-12,CPAA.U,0.0
2026-05-12,CPAA.W,0.0
2026-05-12,CPAH,0.0
2026-05-12,CPAQ,0.0
2026-05-12,CPAR,0.0
2026-05-12,CPB,0.0
2026-05-12,CPBI,0.0
2026-05-12,CPBY,0.0
2026-05-12,CPGI,0.0
2026-05-12,CPHC,0.0
2026-05-12,CPHD,0.0
2026-05-12,CPHR,0.0
2026-05-12,CPIX,0.0
2026-05-12,CPKI,0.0
2026-05-12,CPLA,0.0
2026-05-12,CPLP,0.0
2026-05-12,CPLPV,0.0
2026-05-12,CPNO,0.0
2026-05-12,CPOP,0.0
2026-05-12,CPRT,0.0
2026-05-12,CPRX,0.0
2026-05-12,CPSH,-0.002890173410404624
2026-05-12,CPSI,0.0
2026-05-12,CPSS,0.0
2026-05-12,CPTA,0.0
2026-05-12,CPTAG,0.0
2026-05-12,CPTAL,0.0
2026-05-12,CPTN,0.0
2026-05-12,CPTS,0.0
2026-05-12,CPWM,0.0
2026-05-12,CPWR,0.0
2026-05-12,CPXX,0.0
2026-05-12,CPZ,0.0
2026-05-12,CRA,0.0
2026-05-12,CRAC,-0.002890173410404624
2026-05-12,CRAI,0.0
2026-05-12,CRAN,0.0
2026-05-12,CRAQ,0.0
2026-05-12,CRAY,0.0
2026-05-12,CRBP,0.0
2026-05-12,CRBU,0.0
2026-05-12,CRCT,0.0
2026-05-12,CRDC,0.0
2026-05-12,CRDF,0.0
2026-05-12,CRDL,0.0
2026-05-12,CRDO,0.002890173410404624
2026-05-12,CRDS,0.0
2026-05-12,CRDS.H,0.0
2026-05-12,CRE,0.0
2026-05-12,CREC,0.0
2026-05-12,CREE,0.0
2026-05-12,CREG,0.0
2026-05-12,CRES.W,0.0
2026-05-12,CREV,0.0
2026-05-12,CREX,0.0
2026-05-12,CRGE,0.0
2026-05-12,CRGO,0.0
2026-05-12,CRGX,0.0
2026-05-12,CRIS,0.0
2026-05-12,CRKN,0.0
2026-05-12,CRMB,0.0
2026-05-12,CRMB.U,0.0
2026-05-12,CRMB.W,0.0
2026-05-12,CRMD,0.0
2026-05-12,CRME,0.0
2026-05-12,CRML,0.002890173410404624
2026-05-12,CRMT,0.0
2026-05-12,CRNC,0.0
2026-05-12,CRNT,0.0
2026-05-12,CRNX,0.0
2026-05-12,CRON,0.0
2026-05-12,CROX,0.0
2026-05-12,CRRC,0.0
2026-05-12,CRRS,0.0
2026-05-12,CRSA,0.0
2026-05-12,CRSP,0.0
2026-05-12,CRSR,0.0
2026-05-12,CRTD,0.0
2026-05-12,CRTN,0.0
2026-05-12,CRUS,0.0
2026-05-12,CRVL,0.0
2026-05-12,CRVO,0.0
2026-05-12,CRVS,0.0
2026-05-12,CRWD,0.0
2026-05-12,CRWN,0.0
2026-05-12,CRWS,0.0
2026-05-12,CRWV,0.0
2026-05-12,CRXL,0.0
2026-05-12,CRXT,0.0
2026-05-12,CRXX,0.0
2026-05-12,CRZN,0.0
2026-05-12,CRZO,0.0
2026-05-12,CSAI,0.0
2026-05-12,CSAL,0.0
2026-05-12,CSAL.V,0.0
2026-05-12,CSBK,0.0
2026-05-12,CSBR,0.0
2026-05-12,CSCD,0.0
2026-05-12,CSCI,0.0
2026-05-12,CSCO,0.0
2026-05-12,CSCW,0.0
2026-05-12,CSFL,0.0
2026-05-12,CSGP,0.0
2026-05-12,CSGS,0.0
2026-05-12,CSHR,0.0
2026-05-12,CSII,0.0
2026-05-12,CSIQ,0.0
2026-05-12,CSLM,0.0
2026-05-12,CSLR,0.0
2026-05-12,CSOD,0.0
2026-05-12,CSPI,0.0
2026-05-12,CSQ,0.0
2026-05-12,CSSE,0.0
2026-05-12,CSSEN,0.0
2026-05-12,CSTE,0.0
2026-05-12,CSTL,0.0
2026-05-12,CSTR,0.0
2026-05-12,CSUN,0.0
2026-05-12,CSWC,0.0
2026-05-12,CSWC.V,0.0
2026-05-12,CSWCL,0.0
2026-05-12,CSWCZ,0.0
2026-05-12,CSWI,0.0
2026-05-12,CSX,0.0
2026-05-12,CTAA,0.0
2026-05-12,CTAQ,0.0
2026-05-12,CTAS,0.0
2026-05-12,CTBI,0.0
2026-05-12,CTCM,0.0
2026-05-12,CTCT,0.0
2026-05-12,CTCX,0.0
2026-05-12,CTEL,0.0
2026-05-12,CTG,0.0
2026-05-12,CTHR,0.0
2026-05-12,CTIB,0.0
2026-05-12,CTIC,0.0
2026-05-12,CTKB,0.0
2026-05-12,CTLP,0.0
2026-05-12,CTMX,0.0
2026-05-12,CTNM,0.0
2026-05-12,CTNT,0.0
2026-05-12,CTOR,0.0
2026-05-12,CTRC,0.0
2026-05-12,CTRL,0.0
2026-05-12,CTRM,0.0
2026-05-12,CTRMV,0.0
2026-05-12,CTRN,0.0
2026-05-12,CTRV,0.0
2026-05-12,CTRX,0.0
2026-05-12,CTSH,0.0
2026-05-12,CTSO,0.0
2026-05-12,CTW,0.0
2026-05-12,CTWS,0.0
2026-05-12,CTXR,0.0
2026-05-12,CTXS,0.0
2026-05-12,CTXSV,0.0
2026-05-12,CU,0.0
2026-05-12,CUB,0.0
2026-05-12,CUBA,0.0
2026-05-12,CUBI.L,0.0
2026-05-12,CUBN,0.0
2026-05-12,CUE,-0.002890173410404624
2026-05-12,CUEN,0.0
2026-05-12,CUI,0.0
2026-05-12,CULL,0.0
2026-05-12,CULP,0.0
2026-05-12,CUNB,0.0
2026-05-12,CUPR,0.0
2026-05-12,CUR,0.0
2026-05-12,CURI,0.0
2026-05-12,CURR,0.0
2026-05-12,CURX,0.0
2026-05-12,CUTR,0.0
2026-05-12,CV,0.0
2026-05-12,CVAC,0.0
2026-05-12,CVBF,0.0
2026-05-12,CVCO,0.0
2026-05-12,CVCY,0.0
2026-05-12,CVET,0.0
2026-05-12,CVETV,0.0
2026-05-12,CVGI,0.002890173410404624
2026-05-12,CVGW,0.0
2026-05-12,CVII,0.0
2026-05-12,CVKD,0.0
2026-05-12,CVLB,0.0
2026-05-12,CVLT,0.0
2026-05-12,CVLY,0.0
2026-05-12,CVO,0.0
2026-05-12,CVON,0.0
2026-05-12,CVRX,0.0
2026-05-12,CVT,0.0
2026-05-12,CVV,0.0
2026-05-12,CWAY,0.0
2026-05-12,CWBC,0.0
2026-05-12,CWBR,0.0
2026-05-12,CWCO,0.0
2026-05-12,CWD,0.0
2026-05-12,CWST,0.0
2026-05-12,CWTR,0.0
2026-05-12,CXAI,0.0
2026-05-12,CXDC,0.0
2026-05-12,CXDO,0.0
2026-05-12,CXRX,0.0
2026-05-12,CY,0.0
2026-05-12,CYAB,0.0
2026-05-12,CYAN,0.0
2026-05-12,CYBE,0.0
2026-05-12,CYBR,0.0
2026-05-12,CYBS,0.0
2026-05-12,CYBX,0.0
2026-05-12,CYCC,0.0
2026-05-12,CYCN,0.0
2026-05-12,CYCNV,0.0
2026-05-12,CYCU,0.0
2026-05-12,CYHH.Z,0.0
2026-05-12,CYMI,0.0
2026-05-12,CYN,0.0
2026-05-12,CYNA,0.0
2026-05-12,CYNO,0.0
2026-05-12,CYPB,0.0
2026-05-12,CYPH,0.0
2026-05-12,CYRN,0.0
2026-05-12,CYRX,0.0
2026-05-12,CYRX.W,0.0
2026-05-12,CYT,0.0
2026-05-12,CYTH,0.0
2026-05-12,CYTK,0.0
2026-05-12,CYTO,0.0
2026-05-12,CYTR,0.0
2026-05-12,CYTX,0.0
2026-05-12,CYTX.W,0.0
2026-05-12,CYXT,0.0
2026-05-12,CZFC,0.0
2026-05-12,CZFS,0.0
2026-05-12,CZNC,0.0
2026-05-12,CZR,0.0
2026-05-12,CZWI,0.0
2026-05-12,DAAQ,0.0
2026-05-12,DAEG,0.0
2026-05-12,DAIC,0.0
2026-05-12,DAIO,0.0
2026-05-12,DAKT,0.0
2026-05-12,DALN,0.0
2026-05-12,DALS,0.0
2026-05-12,DAOO,0.0
2026-05-12,DARA,0.0
2026-05-12,DARE,-0.002890173410404624
2026-05-12,DASH,0.002890173410404624
2026-05-12,DATE,0.0
2026-05-12,DATS,0.0
2026-05-12,DAVE,0.002890173410404624
2026-05-12,DAWN,0.0
2026-05-12,DBCA,0.0
2026-05-12,DBCP,0.0
2026-05-12,DBDR,0.0
2026-05-12,DBGI,0.0
2026-05-12,DBRN,0.0
2026-05-12,DBTX,0.0
2026-05-12,DBVT,0.0
2026-05-12,DBX,0.0
2026-05-12,DCAR,0.0
2026-05-12,DCBO,0.0
2026-05-12,DCFC,0.0
2026-05-12,DCGO,0.0
2026-05-12,DCIN,0.0
2026-05-12,DCIX,0.0
2026-05-12,DCOMG,0.0
2026-05-12,DCOY,0.0
2026-05-12,DCPH,0.0
2026-05-12,DCRB,0.0
2026-05-12,DCRC,0.0
2026-05-12,DCRD,0.0
2026-05-12,DCRN,0.0
2026-05-12,DCT,0.0
2026-05-12,DCTH,0.0
2026-05-12,DCX,0.0
2026-05-12,DDAY,0.0
2026-05-12,DDMX,0.0
2026-05-12,DDOC,0.0
2026-05-12,DDOG,0.002890173410404624
2026-05-12,DDSS,0.0
2026-05-12,DEAC,0.0
2026-05-12,DEAR,0.0
2026-05-12,DECA,0.0
2026-05-12,DEFT,0.0
2026-05-12,DEFTF,0.0
2026-05-12,DELT,0.0
2026-05-12,DELT.W,0.0
2026-05-12,DENN,0.0
2026-05-12,DEPO,0.0
2026-05-12,DERM,0.0
2026-05-12,DEST,0.0
2026-05-12,DETX,0.0
2026-05-12,DEVS,0.0
2026-05-12,DFBG,0.0
2026-05-12,DFBH,0.0
2026-05-12,DFDV,0.0
2026-05-12,DFFN,0.0
2026-05-12,DFHT,0.0
2026-05-12,DFLI,0.0
2026-05-12,DFNS,0.0
2026-05-12,DFPH,0.0
2026-05-12,DFRG,0.0
2026-05-12,DFSC,0.0
2026-05-12,DFTX,0.0
2026-05-12,DFZ,0.0
2026-05-12,DGAS,0.0
2026-05-12,DGHI,0.0
2026-05-12,DGICA,0.0
2026-05-12,DGICB,0.0
2026-05-12,DGII,0.0
2026-05-12,DGLT,0.0
2026-05-12,DGLY,0.0
2026-05-12,DGNS,0.0
2026-05-12,DGNU,0.0
2026-05-12,DGNX,0.0
2026-05-12,DGXX,0.0
2026-05-12,DH,0.0
2026-05-12,DHAC,0.0
2026-05-12,DHAI,0.0
2026-05-12,DHBC,0.0
2026-05-12,DHCA,0.0
2026-05-12,DHCNI,0.0
2026-05-12,DHCNL,0.0
2026-05-12,DHHC,0.0
2026-05-12,DHIL,0.0
2026-05-12,DHRM,0.0
2026-05-12,DHXM,0.0
2026-05-12,DIBS,0.0
2026-05-12,DICE,0.0
2026-05-12,DILA,0.0
2026-05-12,DIOD,0.0
2026-05-12,DISA,0.0
2026-05-12,DISC.A,0.0
2026-05-12,DISC.B,0.0
2026-05-12,DISC.K,0.0
2026-05-12,DISCA,0.0
2026-05-12,DISCB,0.0
2026-05-12,DISCK,0.0
2026-05-12,DISH,0.0
2026-05-12,DIST,0.0
2026-05-12,DJCO,0.002890173410404624
2026-05-12,DJT,0.0
2026-05-12,DKDCA,0.0
2026-05-12,DKI,0.0
2026-05-12,DKNG,0.002890173410404624
2026-05-12,DLCA,0.0
2026-05-12,DLHC,0.0
2026-05-12,DLIA,0.0
2026-05-12,DLLR,0.0
2026-05-12,DLO,0.0
2026-05-12,DLPN,0.0
2026-05-12,DLTH,0.0
2026-05-12,DLTR,0.0
2026-05-12,DLXY,0.0
2026-05-12,DMAA,0.0
2026-05-12,DMAC,0.0
2026-05-12,DMAN,0.0
2026-05-12,DMAQ,0.0
2026-05-12,DMII,0.0
2026-05-12,DMK,0.0
2026-05-12,DMLP,0.0
2026-05-12,DMN,0.0
2026-05-12,DMND,0.0
2026-05-12,DMPI,0.0
2026-05-12,DMRA,0.0
2026-05-12,DMRC,0.0
2026-05-12,DMTK,0.0
2026-05-12,DMTX,0.0
2026-05-12,DNAA,0.0
2026-05-12,DNAB,0.0
2026-05-12,DNAC,0.0
2026-05-12,DNAD,0.0
2026-05-12,DNAI,0.0
2026-05-12,DNAY,0.0
2026-05-12,DNBF,0.0
2026-05-12,DNDN,0.0
2026-05-12,DNJR,0.0
2026-05-12,DNKN,0.0
2026-05-12,DNLI,0.0
2026-05-12,DNMX,0.0
2026-05-12,DNTH,0.0
2026-05-12,DNUT,0.0
2026-05-12,DOCU,0.0
2026-05-12,DOGZ,0.0
2026-05-12,DOMH,-0.002890173410404624
2026-05-12,DOMO,0.002890173410404624
2026-05-12,DOO,0.0
2026-05-12,DOOO,0.0
2026-05-12,DORM,0.0
2026-05-12,DOTA,0.0
2026-05-12,DOVA,0.0
2026-05-12,DOVR,0.0
2026-05-12,DOX,0.0
2026-05-12,DPCS,0.0
2026-05-12,DPHC,0.0
2026-05-12,DPRO,0.0
2026-05-12,DPRX,0.0
2026-05-12,DPZ,0.0
2026-05-12,DRAD,0.0
2026-05-12,DRCT,0.0
2026-05-12,DRDB,0.0
2026-05-12,DRH,0.0
2026-05-12,DRIO,0.0
2026-05-12,DRIO.W,0.0
2026-05-12,DRMA,0.0
2026-05-12,DRMT,0.0
2026-05-12,DRNA,0.0
2026-05-12,DRRX,0.0
2026-05-12,DRS,0.0
2026-05-12,DRTS,-0.002890173410404624
2026-05-12,DRTT,0.0
2026-05-12,DRTX,0.0
2026-05-12,DRUG,0.0
2026-05-12,DRVN,0.0
2026-05-12,DRWI,0.0
2026-05-12,DRWI.W,0.0
2026-05-12,DRYS,0.0
2026-05-12,DSAC,0.0
2026-05-12,DSCI,0.0
2026-05-12,DSCM,0.0
2026-05-12,DSCOD,0.0
2026-05-12,DSEY,0.0
2026-05-12,DSGN,0.0
2026-05-12,DSGR,0.0
2026-05-12,DSGX,0.0
2026-05-12,DSKE,0.0
2026-05-12,DSKX,0.0
2026-05-12,DSKY,0.0
2026-05-12,DSP,0.0
2026-05-12,DSPG,0.0
2026-05-12,DSTI,0.0
2026-05-12,DSWL,0.0
2026-05-12,DSY,0.0
2026-05-12,DTCK,0.0
2026-05-12,DTCX,0.0
2026-05-12,DTEA,0.0
2026-05-12,DTI,0.0
2026-05-12,DTIL,0.0
2026-05-12,DTLK,0.0
2026-05-12,DTOC,0.0
2026-05-12,DTRM,0.0
2026-05-12,DTRT,0.0
2026-05-12,DTSI,0.0
2026-05-12,DTSQ,0.0
2026-05-12,DTSS,0.0
2026-05-12,DTST,0.0
2026-05-12,DUET,0.0
2026-05-12,DUNE,0.0
2026-05-12,DUO,0.0
2026-05-12,DUOL,0.0
2026-05-12,DUOT,0.0
2026-05-12,DVAX,0.0
2026-05-12,DVCR,0.0
2026-05-12,DVLT,0.0
2026-05-12,DWA,0.0
2026-05-12,DWAC,0.0
2026-05-12,DWCH,0.0
2026-05-12,DWSN,0.0
2026-05-12,DWTX,0.0
2026-05-12,DXCM,0.0
2026-05-12,DXLG,0.0
2026-05-12,DXM,0.0
2026-05-12,DXPE,0.0
2026-05-12,DXR,0.0
2026-05-12,DXST,0.0
2026-05-12,DXTR,0.0
2026-05-12,DXYN,0.0
2026-05-12,DYAI,0.0
2026-05-12,DYAX,0.0
2026-05-12,DYCQ,0.0
2026-05-12,DYN,0.0
2026-05-12,DYNC,0.0
2026-05-12,DYNS,0.0
2026-05-12,DYNT,0.0
2026-05-12,DYNX,0.0
2026-05-12,DYOR,0.0
2026-05-12,DYSL,0.0
2026-05-12,DZSI,0.0
2026-05-12,EA,0.0
2026-05-12,EAC,0.0
2026-05-12,EACQ,0.0
2026-05-12,EACQ.W,0.0
2026-05-12,EAGL.U,0.0
2026-05-12,EAGL.W,0.0
2026-05-12,EAR,0.0
2026-05-12,EARS,0.0
2026-05-12,EAST,0.0
2026-05-12,EBAC,0.0
2026-05-12,EBAY,0.0
2026-05-12,EBAY.L,0.0
2026-05-12,EBAY.V,0.0
2026-05-12,EBAYL,0.0
2026-05-12,EBC,0.0
2026-05-12,EBET,0.0
2026-05-12,EBIO,0.0
2026-05-12,EBIX,0.0
2026-05-12,EBMT,0.0
2026-05-12,EBON,0.0
2026-05-12,EBSB,0.0
2026-05-12,EBTC,0.0
2026-05-12,ECAC,0.0
2026-05-12,ECAC.R,0.0
2026-05-12,ECAV,0.0
2026-05-12,ECBK,0.0
2026-05-12,ECDA,0.0
2026-05-12,ECHO,0.0
2026-05-12,ECLP,0.0
2026-05-12,ECOL,0.0
2026-05-12,ECOR,0.0
2026-05-12,ECPG,0.0
2026-05-12,ECTE,0.0
2026-05-12,ECX,0.0
2026-05-12,ECYT,0.0
2026-05-12,EDBL,0.0
2026-05-12,EDGW,0.0
2026-05-12,EDHL,0.0
2026-05-12,EDIT,0.0
2026-05-12,EDMC,0.0
2026-05-12,EDNC,0.0
2026-05-12,EDNT,0.0
2026-05-12,EDRY,0.0
2026-05-12,EDS,0.0
2026-05-12,EDSA,0.0
2026-05-12,EDTK,0.0
2026-05-12,EDTX,0.0
2026-05-12,EDUC,0.0
2026-05-12,EEFT,0.0
2026-05-12,EEI,0.0
2026-05-12,EEIQ,0.0
2026-05-12,EEME,0.0
2026-05-12,EEML,0.0
2026-05-12,EFBI,0.0
2026-05-12,EFHT,0.0
2026-05-12,EFII,0.0
2026-05-12,EFOI,0.0
2026-05-12,EFSC,0.0
2026-05-12,EFSI,0.0
2026-05-12,EFTR,0.0
2026-05-12,EFTY,0.0
2026-05-12,EGAN,0.0
2026-05-12,EGBN,0.0
2026-05-12,EGC,0.0
2026-05-12,EGHA,0.0
2026-05-12,EGHT,0.0
2026-05-12,EGIO,0.0
2026-05-12,EGLT,0.0
2026-05-12,EGLX,0.0
2026-05-12,EGOV,0.0
2026-05-12,EGOX,0.0
2026-05-12,EGRW,0.0
2026-05-12,EGRX,0.0
2026-05-12,EGT,0.0
2026-05-12,EHGO,0.0
2026-05-12,EHLD,0.0
2026-05-12,EHLDV,0.0
2026-05-12,EHR,0.0
2026-05-12,EHTH,0.0
2026-05-12,EIDX,0.0
2026-05-12,EIGI,0.0
2026-05-12,EIGR,0.0
2026-05-12,EIKN,0.0
2026-05-12,EJFA,0.0
2026-05-12,EJH,0.0
2026-05-12,EKSO,0.0
2026-05-12,ELAB,0.0
2026-05-12,ELBM,0.0
2026-05-12,ELDN,0.0
2026-05-12,ELE,0.0
2026-05-12,ELEC,0.0
2026-05-12,ELEC.U,0.0
2026-05-12,ELEV,0.0
2026-05-12,ELGX,0.0
2026-05-12,ELMS,0.0
2026-05-12,ELMT,0.0
2026-05-12,ELNK,0.0
2026-05-12,ELOG,0.0
2026-05-12,ELOS,0.0
2026-05-12,ELOX,0.0
2026-05-12,ELPW,-0.002890173410404624
2026-05-12,ELRC,0.0
2026-05-12,ELSE,0.0
2026-05-12,ELTK,0.0
2026-05-12,ELTX,-0.002890173410404624
2026-05-12,ELUT,0.0
2026-05-12,ELVA,0.0
2026-05-12,ELVN,0.002890173410404624
2026-05-12,ELWT,0.0
2026-05-12,ELYM,0.0
2026-05-12,ELYS,0.0
2026-05-12,EMAT,0.0
2026-05-12,EMBC,-0.002890173410404624
2026-05-12,EMBK,0.0
2026-05-12,EMCF,0.0
2026-05-12,EMCG,0.0
2026-05-12,EMCI,0.0
2026-05-12,EMDI,0.0
2026-05-12,EMDR,0.0
2026-05-12,EMEY,0.0
2026-05-12,EMFN,0.0
2026-05-12,EMIS,0.0
2026-05-12,EMIT.F,0.0
2026-05-12,EMITF,0.0
2026-05-12,EMKR,0.0
2026-05-12,EML,0.0
2026-05-12,EMLD,0.0
2026-05-12,EMMA,0.0
2026-05-12,EMMS,0.0
2026-05-12,EMMS.P,0.0
2026-05-12,EMMSV,0.0
2026-05-12,EMMT,0.0
2026-05-12,EMPD,0.0
2026-05-12,EMPG,0.0
2026-05-12,ENCO,0.0
2026-05-12,ENCP,0.0
2026-05-12,ENDP,0.0
2026-05-12,ENER,0.0
2026-05-12,ENFA,0.0
2026-05-12,ENFC,0.0
2026-05-12,ENG,0.0
2026-05-12,ENGN,-0.002890173410404624
2026-05-12,ENGS,0.0
2026-05-12,ENJY,0.0
2026-05-12,ENLT,0.0
2026-05-12,ENLV,0.0
2026-05-12,ENMD,0.0
2026-05-12,ENNV,0.0
2026-05-12,ENOB,0.0
2026-05-12,ENOC,0.0
2026-05-12,ENPH,0.0
2026-05-12,ENSC,0.0
2026-05-12,ENSG,0.0
2026-05-12,ENSG.V,0.0
2026-05-12,ENSGV,0.0
2026-05-12,ENT,0.0
2026-05-12,ENTA,0.0
2026-05-12,ENTF,0.0
2026-05-12,ENTG,0.0
2026-05-12,ENTL,0.0
2026-05-12,ENTO,0.0
2026-05-12,ENTX,0.0
2026-05-12,ENVB,0.0
2026-05-12,ENVE,0.0
2026-05-12,ENVI,0.0
2026-05-12,ENVX,0.0
2026-05-12,ENZN,0.0
2026-05-12,ENZY,0.0
2026-05-12,EOLS,0.0
2026-05-12,EONC,0.0
2026-05-12,EOPN,0.0
2026-05-12,EOSE,0.0
2026-05-12,EPAX,0.0
2026-05-12,EPAY,0.0
2026-05-12,EPCT,0.0
2026-05-12,EPHY,0.0
2026-05-12,EPIQ,0.0
2026-05-12,EPIX,0.0
2026-05-12,EPOW,0.0
2026-05-12,EPRS,0.0
2026-05-12,EPRX,0.0
2026-05-12,EPSM,0.0
2026-05-12,EPSN,0.0
2026-05-12,EPWK,0.0
2026-05-12,EPZM,0.0
2026-05-12,EQ,0.0
2026-05-12,EQFN,0.0
2026-05-12,EQIX,0.0
2026-05-12,EQOS,0.0
2026-05-12,EQPT,0.0
2026-05-12,EQRX,0.0
2026-05-12,ERAS,0.0
2026-05-12,ERES,0.0
2026-05-12,ERI,0.0
2026-05-12,ERIE,0.0
2026-05-12,ERII,0.0
2026-05-12,ERNA,-0.002890173410404624
2026-05-12,EROC,0.0
2026-05-12,ERS,0.0
2026-05-12,ERW,0.0
2026-05-12,ESAC,0.0
2026-05-12,ESBF,0.0
2026-05-12,ESBK,0.0
2026-05-12,ESCA,0.0
2026-05-12,ESCR.P,0.0
2026-05-12,ESDI,0.0
2026-05-12,ESEA,0.0
2026-05-12,ESEAV,0.0
2026-05-12,ESES,0.0
2026-05-12,ESGL,0.0
2026-05-12,ESGR,0.0
2026-05-12,ESGRP,0.0
2026-05-12,ESHA,0.0
2026-05-12,ESIO,0.0
2026-05-12,ESLA,0.0
2026-05-12,ESLR,0.0
2026-05-12,ESLRD,0.0
2026-05-12,ESLT,0.0
2026-05-12,ESMC,0.0
2026-05-12,ESND,0.0
2026-05-12,ESOA,0.0
2026-05-12,ESPR,-0.002890173410404624
2026-05-12,ESQ,0.0
2026-05-12,ESRX,0.0
2026-05-12,ESSA,0.0
2026-05-12,ESSX,0.0
2026-05-12,ESTA,0.0
2026-05-12,ESTR,0.0
2026-05-12,ESXB,0.0
2026-05-12,ESYS,0.0
2026-05-12,ETAC,0.0
2026-05-12,ETAO,0.0
2026-05-12,ETFC,0.0
2026-05-12,ETHM,0.0
2026-05-12,ETHZ,0.0
2026-05-12,ETNB,0.0
2026-05-12,ETON,0.0
2026-05-12,ETOR,0.0
2026-05-12,ETRM,0.0
2026-05-12,ETS,0.0
2026-05-12,ETTX,0.0
2026-05-12,EU,0.0
2026-05-12,EUCR,0.0
2026-05-12,EUDA,0.0
2026-05-12,EURK,0.0
2026-05-12,EURX,0.0
2026-05-12,EUSG,0.0
2026-05-12,EVAL,0.0
2026-05-12,EVAR,0.0
2026-05-12,EVBG,0.0
2026-05-12,EVBS,0.0
2026-05-12,EVCM,0.0
2026-05-12,EVEP,0.0
2026-05-12,EVER,0.0
2026-05-12,EVFM,0.0
2026-05-12,EVGBC,0.0
2026-05-12,EVGN,0.0
2026-05-12,EVGO,0.0
2026-05-12,EVGR,0.0
2026-05-12,EVK,0.0
2026-05-12,EVLMC,0.0
2026-05-12,EVLO,0.0
2026-05-12,EVLV,0.0
2026-05-12,EVOJ,0.0
2026-05-12,EVOK,0.0
2026-05-12,EVOL,0.0
2026-05-12,EVOP,0.0
2026-05-12,EVOX,0.0
2026-05-12,EVRG,0.0
2026-05-12,EVRY,0.0
2026-05-12,EVSI,0.0
2026-05-12,EVSTC,0.0
2026-05-12,EVTV,0.0
2026-05-12,EWBC,0.0
2026-05-12,EWCZ,0.0
2026-05-12,EWTX,0.0
2026-05-12,EXA,0.0
2026-05-12,EXAC,0.0
2026-05-12,EXAS,0.0
2026-05-12,EXC,0.0
2026-05-12,EXCVV,0.0
2026-05-12,EXE,0.0
2026-05-12,EXEL,0.0
2026-05-12,EXFO,0.0
2026-05-12,EXFY,0.0
2026-05-12,EXLP,0.0
2026-05-12,EXLS,0.0
2026-05-12,EXOZ,0.0
2026-05-12,EXPC,0.0
2026-05-12,EXPE,0.0
2026-05-12,EXPI,0.0
2026-05-12,EXPO,0.0
2026-05-12,EXTR,0.0
2026-05-12,EXXI,0.0
2026-05-12,EYE,0.0
2026-05-12,EYEN,0.0
2026-05-12,EYPT,0.0
2026-05-12,EZCH,0.0
2026-05-12,EZFL,0.0
2026-05-12,EZGO,-0.002890173410404624
2026-05-12,EZPW,0.0
2026-05-12,EZRA,0.0
2026-05-12,FA,0.0
2026-05-12,FAAS,0.0
2026-05-12,FABC,0.002890173410404624
2026-05-12,FACT,-0.002890173410404624
2026-05-12,FALC,0.0
2026-05-12,FAMI,0.0
2026-05-12,FANG,0.0
2026-05-12,FARM,0.0
2026-05-12,FARO,0.0
2026-05-12,FAST,0.0
2026-05-12,FAT,0.0
2026-05-12,FATAV,0.0
2026-05-12,FATBB,0.0
2026-05-12,FATBV,0.0
2026-05-12,FATE,0.0
2026-05-12,FATN,-0.002890173410404624
2026-05-12,FATP,0.0
2026-05-12,FAZE,0.0
2026-05-12,FBGL,0.0
2026-05-12,FBIO,0.0
2026-05-12,FBIZ,0.0
2026-05-12,FBLA,0.0
2026-05-12,FBLG,0.0
2026-05-12,FBMI,0.0
2026-05-12,FBNC,0.0
2026-05-12,FBNK,0.0
2026-05-12,FBRC,0.0
2026-05-12,FBRX,0.0
2026-05-12,FBSS,0.0
2026-05-12,FBYD,0.0
2026-05-12,FCAC,0.0
2026-05-12,FCAP,0.0
2026-05-12,FCBC,0.0
2026-05-12,FCBP,0.0
2026-05-12,FCCO,0.0
2026-05-12,FCCY,0.0
2026-05-12,FCEL,0.0
2026-05-12,FCFP,0.0
2026-05-12,FCFS,0.0
2026-05-12,FCHI,0.0
2026-05-12,FCHL,0.0
2026-05-12,FCLF,0.0
2026-05-12,FCNCA,0.0
2026-05-12,FCNCN,0.0
2026-05-12,FCRD,0.0
2026-05-12,FCRE,0.0
2026-05-12,FCS,0.0
2026-05-12,FCSC,0.0
2026-05-12,FCTY,0.0
2026-05-12,FCUV,0.0
2026-05-12,FCVA,0.0
2026-05-12,FCZA,0.0
2026-05-12,FCZA.P,0.0
2026-05-12,FDBC,0.0
2026-05-12,FDEF,0.0
2026-05-12,FDML,0.0
2026-05-12,FDMT,0.0
2026-05-12,FDSB,0.0
2026-05-12,FDUS,0.0
2026-05-12,FDUSG,0.0
2026-05-12,FDUSL,0.0
2026-05-12,FDUSZ,0.0
2026-05-12,FEAM,0.0
2026-05-12,FEBO,0.0
2026-05-12,FEED,0.0
2026-05-12,FEFN,0.0
2026-05-12,FEIC,0.0
2026-05-12,FEIM,0.0
2026-05-12,FELE,0.0
2026-05-12,FEMY,0.0
2026-05-12,FENC,0.0
2026-05-12,FENX,0.0
2026-05-12,FER,0.0
2026-05-12,FERA,0.0
2026-05-12,FES,0.0
2026-05-12,FEXD,0.0
2026-05-12,FEYE,0.0
2026-05-12,FFAI,-0.002890173410404624
2026-05-12,FFBC,0.0
2026-05-12,FFBC.W,0.0
2026-05-12,FFBH,0.0
2026-05-12,FFBW,0.0
2026-05-12,FFCO,0.0
2026-05-12,FFHL,0.0
2026-05-12,FFIC,0.0
2026-05-12,FFIE,0.0
2026-05-12,FFIN,0.0
2026-05-12,FFIV,0.0
2026-05-12,FFKT,0.0
2026-05-12,FFKY,0.0
2026-05-12,FFNM,0.0
2026-05-12,FFNW,0.0
2026-05-12,FGBI,0.0
2026-05-12,FGEN,0.0
2026-05-12,FGF,0.0
2026-05-12,FGI,0.0
2026-05-12,FGII,0.0
2026-05-12,FGL,0.0
2026-05-12,FGMC,0.0
2026-05-12,FGNX,0.0
2026-05-12,FH,0.0
2026-05-12,FHB,0.0
2026-05-12,FHCO,0.0
2026-05-12,FHLT,0.0
2026-05-12,FHTX,0.0
2026-05-12,FIAC,0.0
2026-05-12,FIBK,0.0
2026-05-12,FICV,0.0
2026-05-12,FIEE,0.0
2026-05-12,FIGR,0.0
2026-05-12,FIGX,0.0
2026-05-12,FIII,0.0
2026-05-12,FINL,0.0
2026-05-12,FINM,0.0
2026-05-12,FINW,0.0
2026-05-12,FIP,0.0
2026-05-12,FIRE,0.0
2026-05-12,FISH,0.0
2026-05-12,FISI,0.0
2026-05-12,FISV,0.0
2026-05-12,FITB,0.0
2026-05-12,FITBM,0.0
2026-05-12,FITBO,0.0
2026-05-12,FIVE,0.002890173410404624
2026-05-12,FIVN,0.0
2026-05-12,FIXX,0.0
2026-05-12,FIZZ,0.0
2026-05-12,FKWL,0.0
2026-05-12,FLAC,0.0
2026-05-12,FLD,0.0
2026-05-12,FLDD,0.0
2026-05-12,FLEX,0.0
2026-05-12,FLF,0.0
2026-05-12,FLFV,0.0
2026-05-12,FLGC,0.0
2026-05-12,FLGT,0.0
2026-05-12,FLIC,0.0
2026-05-12,FLIR,0.0
2026-05-12,FLKS,0.0
2026-05-12,FLL,0.0
2026-05-12,FLLC,0.0
2026-05-12,FLMN,0.0
2026-05-12,FLNA,0.0
2026-05-12,FLNC,0.0
2026-05-12,FLNT,0.0
2026-05-12,FLUX,0.0
2026-05-12,FLWS,0.002890173410404624
2026-05-12,FLXS,0.0
2026-05-12,FLY,0.0
2026-05-12,FLYE,0.0
2026-05-12,FLYW,0.002890173410404624
2026-05-12,FMAO,0.0
2026-05-12,FMBH,0.0
2026-05-12,FMBI,0.0
2026-05-12,FMBIO,0.0
2026-05-12,FMCI,0.0
2026-05-12,FMCN,0.0
2026-05-12,FMER,0.0
2026-05-12,FMFC,0.0
2026-05-12,FMI,0.0
2026-05-12,FMIV,0.0
2026-05-12,FMNB,0.0
2026-05-12,FMST,0.0
2026-05-12,FMTO,0.0
2026-05-12,FMTX,0.0
2026-05-12,FNBC,0.0
2026-05-12,FNBG,0.0
2026-05-12,FNCB,0.0
2026-05-12,FNCH,0.0
2026-05-12,FNCX,0.0
2026-05-12,FNFG,0.0
2026-05-12,FNGN,0.0
2026-05-12,FNGR,0.0
2026-05-12,FNHC,0.0
2026-05-12,FNJN,0.0
2026-05-12,FNKO,0.002890173410404624
2026-05-12,FNLC,0.0
2026-05-12,FNRG,0.0
2026-05-12,FNRN,-0.002890173410404624
2026-05-12,FNSR,0.0
2026-05-12,FNTE,0.0
2026-05-12,FNUC,0.0
2026-05-12,FNVT,0.0
2026-05-12,FNWB,0.0
2026-05-12,FNWD,0.0
2026-05-12,FOCS,0.0
2026-05-12,FOFO,0.0
2026-05-12,FOGO,0.0
2026-05-12,FOLD,0.0
2026-05-12,FOMX,0.0
2026-05-12,FONR,0.0
2026-05-12,FORA,0.0
2026-05-12,FORD,0.0
2026-05-12,FORE,0.0
2026-05-12,FORK,0.0
2026-05-12,FORL,0.0
2026-05-12,FORM,0.0
2026-05-12,FORR,0.0
2026-05-12,FOSL,0.002890173410404624
2026-05-12,FOSLL,0.0
2026-05-12,FOUN,0.0
2026-05-12,FOX,0.0
2026-05-12,FOXA,0.0
2026-05-12,FOXF,0.002890173410404624
2026-05-12,FOXVV,0.0
2026-05-12,FOXW,0.0
2026-05-12,FOXX,0.0
2026-05-12,FPAY,0.0
2026-05-12,FPRX,0.0
2026-05-12,FRAF,0.0
2026-05-12,FRAN,0.0
2026-05-12,FRBA,0.0
2026-05-12,FRBK,0.0
2026-05-12,FRBN,0.0
2026-05-12,FRD,0.0
2026-05-12,FRED,0.0
2026-05-12,FREE,0.0
2026-05-12,FREED,0.0
2026-05-12,FREQ,0.0
2026-05-12,FRG,0.0
2026-05-12,FRGI,0.0
2026-05-12,FRGT,0.0
2026-05-12,FRHC,0.0
2026-05-12,FRLA,0.0
2026-05-12,FRME,0.0
2026-05-12,FRMEP,0.0
2026-05-12,FRMI,0.0
2026-05-12,FRMM,0.0
2026-05-12,FRNK,0.0
2026-05-12,FROG,0.002890173410404624
2026-05-12,FRON,0.0
2026-05-12,FRP,0.0
2026-05-12,FRPH,-0.002890173410404624
2026-05-12,FRPH.V,0.0
2026-05-12,FRPT,0.002890173410404624
2026-05-12,FRSG,0.0
2026-05-12,FRSH,0.0
2026-05-12,FRST,0.0
2026-05-12,FRTA,0.0
2026-05-12,FRTX,0.0
2026-05-12,FRW,0.0
2026-05-12,FRZA,0.0
2026-05-12,FSAC,0.0
2026-05-12,FSAM,0.0
2026-05-12,FSBC,0.0
2026-05-12,FSBK,0.0
2026-05-12,FSBW,0.0
2026-05-12,FSC,0.0
2026-05-12,FSCF.L,0.0
2026-05-12,FSCFL,0.0
2026-05-12,FSCT,0.0
2026-05-12,FSDC,0.0
2026-05-12,FSEA,0.0
2026-05-12,FSFG,0.0
2026-05-12,FSFR,0.0
2026-05-12,FSGI,0.0
2026-05-12,FSHP,0.0
2026-05-12,FSII,0.0
2026-05-12,FSLR,0.0
2026-05-12,FSLY,0.0
2026-05-12,FSNN,0.0
2026-05-12,FSRD,0.0
2026-05-12,FSRV,0.0
2026-05-12,FSRX,0.0
2026-05-12,FSSI,0.0
2026-05-12,FSTR,0.0
2026-05-12,FSTX,0.0
2026-05-12,FSUN,0.0
2026-05-12,FSV,0.0
2026-05-12,FSYS,0.0
2026-05-12,FTAA,0.0
2026-05-12,FTAC,0.0
2026-05-12,FTAI,0.0
2026-05-12,FTAIV,0.0
2026-05-12,FTCI,0.0
2026-05-12,FTCV,0.0
2026-05-12,FTD,0.0
2026-05-12,FTDR,0.0
2026-05-12,FTEK,0.0
2026-05-12,FTEL,0.0
2026-05-12,FTFT,0.0
2026-05-12,FTHM,0.0
2026-05-12,FTII,0.0
2026-05-12,FTIV,0.0
2026-05-12,FTLF,0.0
2026-05-12,FTNT,0.0
2026-05-12,FTOC,0.0
2026-05-12,FTR,0.0
2026-05-12,FTRE,0.002890173410404624
2026-05-12,FTRK,0.0
2026-05-12,FTRP,0.0
2026-05-12,FTSV,0.0
2026-05-12,FTVI,0.0
2026-05-12,FTWR,0.0
2026-05-12,FUBC,0.0
2026-05-12,FUEL,0.0
2026-05-12,FUFU,0.0
2026-05-12,FULC,0.0
2026-05-12,FULL,0.0
2026-05-12,FULL.L,0.0
2026-05-12,FULLL,0.0
2026-05-12,FULT,0.0
2026-05-12,FULTP,0.0
2026-05-12,FUNC,0.0
2026-05-12,FUND,0.0
2026-05-12,FUQI,0.0
2026-05-12,FURX,0.0
2026-05-12,FUSB,0.0
2026-05-12,FUSE,0.0
2026-05-12,FUSN,0.0
2026-05-12,FUV,0.0
2026-05-12,FVAM,0.0
2026-05-12,FVAV,0.0
2026-05-12,FVCB,0.0
2026-05-12,FVE,0.0
2026-05-12,FVEVV,0.0
2026-05-12,FVN,0.0
2026-05-12,FWAA,0.0
2026-05-12,FWAC,0.0
2026-05-12,FWBI,0.0
2026-05-12,FWDI,0.0
2026-05-12,FWLT,0.0
2026-05-12,FWM,0.0
2026-05-12,FWONA,0.0
2026-05-12,FWONK,0.0
2026-05-12,FWRD,-0.002890173410404624
2026-05-12,FWRG,0.0
2026-05-12,FXCB,0.0
2026-05-12,FXCM,0.0
2026-05-12,FXCO,0.0
2026-05-12,FXEN,0.0
2026-05-12,FXEN.P,0.0
2026-05-12,FXNC,0.0
2026-05-12,FYBR,0.0
2026-05-12,GABC,0.0
2026-05-12,GACQ,0.0
2026-05-12,GAGA,0.0
2026-05-12,GAI,0.0
2026-05-12,GAIA,0.0
2026-05-12,GAIN,0.0
2026-05-12,GAIN.M,0.0
2026-05-12,GAIN.P,0.0
2026-05-12,GAING,0.0
2026-05-12,GAINI,0.0
2026-05-12,GAINL,0.0
2026-05-12,GAINN,0.0
2026-05-12,GAINZ,0.0
2026-05-12,GALE,0.0
2026-05-12,GALT,-0.002890173410404624
2026-05-12,GALT.U,0.0
2026-05-12,GALT.W,0.0
2026-05-12,GAMB,0.0
2026-05-12,GAMC,0.0
2026-05-12,GAME,0.0
2026-05-12,GAN,0.0
2026-05-12,GANX,0.0
2026-05-12,GAQ,0.0
2026-05-12,GARS,0.0
2026-05-12,GASS,0.0
2026-05-12,GASSV,0.0
2026-05-12,GATE,0.0
2026-05-12,GAUZ,-0.002890173410404624
2026-05-12,GBBK,0.0
2026-05-12,GBDC,0.0
2026-05-12,GBDCR,0.0
2026-05-12,GBDCV,0.0
2026-05-12,GBFH,0.0
2026-05-12,GBIM,0.0
2026-05-12,GBIO,0.0
2026-05-12,GBLI,0.0
2026-05-12,GBLIL,0.0
2026-05-12,GBLIZ,0.0
2026-05-12,GBNH,0.0
2026-05-12,GBNK,0.0
2026-05-12,GBNY,0.0
2026-05-12,GBOX,0.0
2026-05-12,GBRG,0.0
2026-05-12,GBS,0.0
2026-05-12,GBSN,0.0
2026-05-12,GBSN.U,0.0
2026-05-12,GBT,0.0
2026-05-12,GCAC,0.0
2026-05-12,GCBC,0.0
2026-05-12,GCL,0.0
2026-05-12,GCMG,0.0
2026-05-12,GCT,0.0
2026-05-12,GCTK,0.0
2026-05-12,GCVR.Z,0.0
2026-05-12,GDC,-0.002890173410404624
2026-05-12,GDEN,0.0
2026-05-12,GDEV,0.0
2026-05-12,GDHG,0.0
2026-05-12,GDNR,0.0
2026-05-12,GDRX,0.0
2026-05-12,GDST,0.0
2026-05-12,GDTC,0.0
2026-05-12,GDYN,0.0
2026-05-12,GEC,0.0
2026-05-12,GECC,0.0
2026-05-12,GECCG,0.0
2026-05-12,GECCH,0.0
2026-05-12,GECCI,0.0
2026-05-12,GECCL,0.0
2026-05-12,GECCO,0.0
2026-05-12,GECCZ,0.0
2026-05-12,GECX,0.0
2026-05-12,GECXU,0.0
2026-05-12,GEEX,0.0
2026-05-12,GEG,0.0
2026-05-12,GEGGL,0.0
2026-05-12,GEHC,0.0
2026-05-12,GELS,0.0
2026-05-12,GEMI,0.0
2026-05-12,GEMP,0.0
2026-05-12,GEN,0.0
2026-05-12,GENB,0.0
2026-05-12,GENK,0.0
2026-05-12,GENQ,0.0
2026-05-12,GEOS,-0.002890173410404624
2026-05-12,GERN,0.0
2026-05-12,GEVA,0.0
2026-05-12,GEVO,0.0
2026-05-12,GFAI,0.0
2026-05-12,GFED,0.0
2026-05-12,GFGD,0.0
2026-05-12,GFN,0.0
2026-05-12,GFNC.P,0.0
2026-05-12,GFNS.L,0.0
2026-05-12,GFNSL,0.0
2026-05-12,GFNSZ,0.0
2026-05-12,GFS,0.002890173410404624
2026-05-12,GGAA,0.0
2026-05-12,GGAC,0.0
2026-05-12,GGAC.R,0.0
2026-05-12,GGAC.U,0.0
2026-05-12,GGAC.W,0.0
2026-05-12,GGE,0.0
2026-05-12,GGGV,0.0
2026-05-12,GGMC,0.0
2026-05-12,GGPI,0.0
2026-05-12,GGR,0.0
2026-05-12,GGRP,0.0
2026-05-12,GH,0.002890173410404624
2026-05-12,GHAC,0.0
2026-05-12,GHDX,0.0
2026-05-12,GHIV,0.0
2026-05-12,GHIX,0.0
2026-05-12,GHRS,0.0
2026-05-12,GHSI,0.0
2026-05-12,GHVI,0.0
2026-05-12,GIA,0.0
2026-05-12,GIAC,0.0
2026-05-12,GIBO,0.0
2026-05-12,GIFI,0.0
2026-05-12,GIFT,0.0
2026-05-12,GIG,0.0
2026-05-12,GIGA,0.0
2026-05-12,GIGM,0.0
2026-05-12,GIII,0.0
2026-05-12,GIIX,0.0
2026-05-12,GILD,0.0
2026-05-12,GILT,-0.002890173410404624
2026-05-12,GIPR,0.0
2026-05-12,GITS,0.0
2026-05-12,GIW,0.0
2026-05-12,GIX,0.0
2026-05-12,GKNT,0.0
2026-05-12,GLAC,0.0
2026-05-12,GLAD,0.0
2026-05-12,GLAD.P,0.0
2026-05-12,GLADD,0.0
2026-05-12,GLADL,0.0
2026-05-12,GLADZ,0.0
2026-05-12,GLAQ,0.0
2026-05-12,GLBE,0.0
2026-05-12,GLBKV,0.0
2026-05-12,GLBR,0.0
2026-05-12,GLBS,0.0
2026-05-12,GLBZ,0.0
2026-05-12,GLCB,0.0
2026-05-12,GLCH,0.0
2026-05-12,GLDC,0.0
2026-05-12,GLDD,0.0
2026-05-12,GLE,-0.002890173410404624
2026-05-12,GLEE,0.0
2026-05-12,GLG,0.0
2026-05-12,GLHA,0.0
2026-05-12,GLIBA,-0.002890173410404624
2026-05-12,GLIBK,-0.002890173410404624
2026-05-12,GLLI,0.0
2026-05-12,GLMD,0.0
2026-05-12,GLND,-0.002890173410404624
2026-05-12,GLNG,0.0
2026-05-12,GLOO,0.0
2026-05-12,GLPI,0.0
2026-05-12,GLRE,0.0
2026-05-12,GLRI,0.0
2026-05-12,GLRI.W,0.0
2026-05-12,GLSI,-0.002890173410404624
2026-05-12,GLSPT,0.0
2026-05-12,GLSS,0.0
2026-05-12,GLST,0.0
2026-05-12,GLTO,0.0
2026-05-12,GLUE,0.002890173410404624
2026-05-12,GLUU,0.0
2026-05-12,GLXG,0.0
2026-05-12,GLXY,0.0
2026-05-12,GLYC,0.0
2026-05-12,GMBL,0.0
2026-05-12,GMBT,0.0
2026-05-12,GMCR,0.0
2026-05-12,GMDA,0.0
2026-05-12,GMET.P,0.0
2026-05-12,GMEX,0.0
2026-05-12,GMFI,0.0
2026-05-12,GMGI,0.0
2026-05-12,GMHI,0.0
2026-05-12,GMHS,0.0
2026-05-12,GMII,0.0
2026-05-12,GMLP,0.0
2026-05-12,GMM,0.0
2026-05-12,GMTX,0.0
2026-05-12,GMVD,0.0
2026-05-12,GNAC,0.0
2026-05-12,GNBC,0.0
2026-05-12,GNBT,0.0
2026-05-12,GNCA,0.0
2026-05-12,GNCM.A,0.0
2026-05-12,GNCMA,0.0
2026-05-12,GNLN,0.0
2026-05-12,GNLX,0.0
2026-05-12,GNMK,0.0
2026-05-12,GNOG,0.0
2026-05-12,GNOW,0.0
2026-05-12,GNPX,0.0
2026-05-12,GNRS,0.0
2026-05-12,GNSS,0.0
2026-05-12,GNTX,0.0
2026-05-12,GNVC,0.0
2026-05-12,GO,0.0
2026-05-12,GOAI,0.0
2026-05-12,GOBI,0.0
2026-05-12,GOCO,0.0
2026-05-12,GODN,0.0
2026-05-12,GOEV,0.0
2026-05-12,GOGL,0.0
2026-05-12,GOGO,0.0
2026-05-12,GOMO,0.0
2026-05-12,GOOD,0.0
2026-05-12,GOOD.M,0.0
2026-05-12,GOOD.N,0.0
2026-05-12,GOOD.O,0.0
2026-05-12,GOOD.P,0.0
2026-05-12,GOOG,0.0
2026-05-12,GOOGL,0.0
2026-05-12,GORV,0.0
2026-05-12,GOSS,0.0
2026-05-12,GOV,0.0
2026-05-12,GOVN.I,0.0
2026-05-12,GOVNI,0.0
2026-05-12,GOVX,0.0
2026-05-12,GP,0.0
2026-05-12,GPAC,0.0
2026-05-12,GPAK,0.0
2026-05-12,GPAQ,0.0
2026-05-12,GPAT,-0.002890173410404624
2026-05-12,GPCO,0.0
2026-05-12,GPIA,0.0
2026-05-12,GPIA.U,0.0
2026-05-12,GPIA.W,0.0
2026-05-12,GPIC,0.0
2026-05-12,GPRC,0.0
2026-05-12,GPRE,0.002890173410404624
2026-05-12,GPRO,0.002890173410404624
2026-05-12,GRAB,0.0
2026-05-12,GRAL,0.0
2026-05-12,GRALV,0.0
2026-05-12,GRAN,0.0
2026-05-12,GRCE,0.0
2026-05-12,GRCY,0.0
2026-05-12,GRDI,0.0
2026-05-12,GRDX,0.0
2026-05-12,GREE,0.0
2026-05-12,GREEL,0.0
2026-05-12,GRI,0.0
2026-05-12,GRIF,0.0
2026-05-12,GRIL,0.0
2026-05-12,GRML,0.0
2026-05-12,GRNA,0.0
2026-05-12,GRNQ,0.0
2026-05-12,GRNV,0.0
2026-05-12,GROM,0.0
2026-05-12,GROW,0.0
2026-05-12,GRPH,0.0
2026-05-12,GRPN,0.0
2026-05-12,GRRF,0.0
2026-05-12,GRRR,0.0
2026-05-12,GRSH,0.0
2026-05-12,GRSH.W,0.0
2026-05-12,GRSV,0.0
2026-05-12,GRTS,0.0
2026-05-12,GRTX,0.0
2026-05-12,GRVI,0.0
2026-05-12,GRWG,0.0
2026-05-12,GRYP,0.0
2026-05-12,GSAQ,0.0
2026-05-12,GSAT,0.0
2026-05-12,GSBC,0.0
2026-05-12,GSD,0.0
2026-05-12,GSEV,0.0
2026-05-12,GSHD,0.002890173410404624
2026-05-12,GSHR,0.0
2026-05-12,GSHT,0.0
2026-05-12,GSIC,0.0
2026-05-12,GSIT,-0.002890173410404624
2026-05-12,GSIW,0.0
2026-05-12,GSJK,0.0
2026-05-12,GSKY,0.0
2026-05-12,GSM,0.0
2026-05-12,GSMG,0.0
2026-05-12,GSRF,0.0
2026-05-12,GSRM,0.0
2026-05-12,GSRT,0.0
2026-05-12,GSUM,0.0
2026-05-12,GSUN,0.0
2026-05-12,GSVC,0.0
2026-05-12,GT,-0.002890173410404624
2026-05-12,GTAC,0.0
2026-05-12,GTAT,0.0
2026-05-12,GTBP,0.0
2026-05-12,GTEC,0.0
2026-05-12,GTEN,0.0
2026-05-12,GTERA,0.0
2026-05-12,GTHX,0.0
2026-05-12,GTI,0.0
2026-05-12,GTIM,0.0
2026-05-12,GTIV,0.0
2026-05-12,GTLB,0.0
2026-05-12,GTM,0.0
2026-05-12,GTPA,0.0
2026-05-12,GTPB,0.0
2026-05-12,GTWN,0.0
2026-05-12,GTX,0.0
2026-05-12,GTXI,0.0
2026-05-12,GTYH,0.0
2026-05-12,GUID,0.0
2026-05-12,GULT.U,0.0
2026-05-12,GURE,0.0
2026-05-12,GUTS,0.0
2026-05-12,GV,0.0
2026-05-12,GVCI,0.0
2026-05-12,GVH,0.0
2026-05-12,GVP,0.0
2026-05-12,GWAC,0.0
2026-05-12,GWAV,0.0
2026-05-12,GWGH,0.0
2026-05-12,GWII,0.0
2026-05-12,GWRS,0.0
2026-05-12,GXAI,0.0
2026-05-12,GXGX,0.0
2026-05-12,GXII,0.0
2026-05-12,GYMB,0.0
2026-05-12,GYRE,0.0
2026-05-12,GYRO,0.0
2026-05-12,HA,0.0
2026-05-12,HAAC,0.0
2026-05-12,HAACU,0.0
2026-05-12,HABT,0.0
2026-05-12,HACQ,0.0
2026-05-12,HAFC,0.0
2026-05-12,HAIA,0.0
2026-05-12,HAIN,0.0
2026-05-12,HAIR,0.0
2026-05-12,HALL,0.0
2026-05-12,HALO,0.0
2026-05-12,HANS,0.0
2026-05-12,HAO,-0.002890173410404624
2026-05-12,HARP,0.0
2026-05-12,HAS,0.0
2026-05-12,HAST,0.0
2026-05-12,HAVA,0.0
2026-05-12,HAVAR,0.0
2026-05-12,HAWK.B,0.0
2026-05-12,HAYN,0.0
2026-05-12,HBAN,0.0
2026-05-12,HBAN.N,0.0
2026-05-12,HBAN.P,0.0
2026-05-12,HBANL,0.0
2026-05-12,HBANM,0.0
2026-05-12,HBANZ,0.0
2026-05-12,HBCP,0.0
2026-05-12,HBHCL,0.0
2026-05-12,HBIO,0.0
2026-05-12,HBK,0.0
2026-05-12,HBMD,0.0
2026-05-12,HBNB,0.0
2026-05-12,HBNC,0.0
2026-05-12,HBNK,0.0
2026-05-12,HBOS,0.0
2026-05-12,HBP,0.0
2026-05-12,HBT,0.0
2026-05-12,HCAC,0.0
2026-05-12,HCAC.W,0.0
2026-05-12,HCAI,0.0
2026-05-12,HCAP,0.0
2026-05-12,HCAPL,0.0
2026-05-12,HCAPZ,0.0
2026-05-12,HCAQ,0.0
2026-05-12,HCAR,0.0
2026-05-12,HCAT,0.0
2026-05-12,HCBK,0.0
2026-05-12,HCCC,0.0
2026-05-12,HCCH,0.0
2026-05-12,HCCI,0.0
2026-05-12,HCCO,0.0
2026-05-12,HCDI,0.0
2026-05-12,HCHL,0.0
2026-05-12,HCIC,0.0
2026-05-12,HCII,0.0
2026-05-12,HCKT,-0.002890173410404624
2026-05-12,HCMA,0.0
2026-05-12,HCNE,0.0
2026-05-12,HCP,0.0
2026-05-12,HCSG,0.002890173410404624
2026-05-12,HCT,0.0
2026-05-12,HCTI,0.0
2026-05-12,HCVI,0.0
2026-05-12,HCWB,0.0
2026-05-12,HDNG,0.0
2026-05-12,HDP,0.0
2026-05-12,HDRA,0.0
2026-05-12,HDRA.R,0.0
2026-05-12,HDRA.W,0.0
2026-05-12,HDS,0.0
2026-05-12,HDSN,0.0
2026-05-12,HEAR,0.0
2026-05-12,HEBT,0.0
2026-05-12,HEC,0.0
2026-05-12,HEES,0.0
2026-05-12,HELE,0.002890173410404624
2026-05-12,HELP,0.0
2026-05-12,HEOP,0.0
2026-05-12,HEPA,0.0
2026-05-12,HERA,0.0
2026-05-12,HERZ,0.0
2026-05-12,HEV,0.0
2026-05-12,HEXO,0.0
2026-05-12,HFBC,0.0
2026-05-12,HFBL,0.0
2026-05-12,HFEN,0.0
2026-05-12,HFFC,0.0
2026-05-12,HFFG,0.0
2026-05-12,HFWA,0.0
2026-05-12,HGAS,0.0
2026-05-12,HGBL,0.0
2026-05-12,HGEN,0.0
2026-05-12,HGSH,0.0
2026-05-12,HGSI,0.0
2026-05-12,HHGC,0.0
2026-05-12,HHHH,0.0
2026-05-12,HHRS,0.0
2026-05-12,HHS,0.0
2026-05-12,HHT,0.0
2026-05-12,HIBB,0.0
2026-05-12,HIFS,0.0
2026-05-12,HIHO,0.0
2026-05-12,HIII,0.0
2026-05-12,HIIQ,0.0
2026-05-12,HILL,0.0
2026-05-12,HILS,0.0
2026-05-12,HIND,0.0
2026-05-12,HIT,0.0
2026-05-12,HITI,0.0
2026-05-12,HITK,0.0
2026-05-12,HITT,0.0
2026-05-12,HIVE,0.0
2026-05-12,HJLI,0.0
2026-05-12,HKIT,0.0
2026-05-12,HKPD,0.0
2026-05-12,HKTV,0.0
2026-05-12,HLAH,0.0
2026-05-12,HLBZ,0.0
2026-05-12,HLCS,0.0
2026-05-12,HLIT,0.0
2026-05-12,HLMN,0.002890173410404624
2026-05-12,HLNE,0.0
2026-05-12,HLP,0.0
2026-05-12,HLSS,0.0
2026-05-12,HLTH,0.0
2026-05-12,HLVX,0.0
2026-05-12,HLXA,0.0
2026-05-12,HLXB,0.0
2026-05-12,HLXC,0.0
2026-05-12,HMAC,0.0
2026-05-12,HMCO,0.0
2026-05-12,HMH,0.0
2026-05-12,HMHC,0.0
2026-05-12,HMIN,0.0
2026-05-12,HMNF,0.0
2026-05-12,HMNY,0.0
2026-05-12,HMPR,0.0
2026-05-12,HMPT,0.0
2026-05-12,HMR,0.0
2026-05-12,HMST,0.0
2026-05-12,HMSY,0.0
2026-05-12,HMTA,0.0
2026-05-12,HMTV,0.0
2026-05-12,HMU,0.0
2026-05-12,HNH,0.0
2026-05-12,HNNA,0.0
2026-05-12,HNNAZ,0.0
2026-05-12,HNRG,0.002890173410404624
2026-05-12,HNSN,0.0
2026-05-12,HNST,0.0
2026-05-12,HNVR,0.0
2026-05-12,HOFT,0.0
2026-05-12,HOFV,0.0
2026-05-12,HOGS,0.0
2026-05-12,HOL,0.0
2026-05-12,HOLI,0.0
2026-05-12,HOLO,0.0
2026-05-12,HOLX,0.0
2026-05-12,HON,0.0
2026-05-12,HOND,0.0
2026-05-12,HONE,0.0
2026-05-12,HONIV,0.0
2026-05-12,HOOD,0.0
2026-05-12,HOOK,0.0
2026-05-12,HOPE,0.0
2026-05-12,HORI,0.0
2026-05-12,HOTH,0.0
2026-05-12,HOTR,0.0
2026-05-12,HOTR.W,0.0
2026-05-12,HOTT,0.0
2026-05-12,HOUR,0.0
2026-05-12,HOVR,0.0
2026-05-12,HOWL,0.0
2026-05-12,HPAC,0.0
2026-05-12,HPAI,-0.002890173410404624
2026-05-12,HPCO,0.0
2026-05-12,HPJ,0.0
2026-05-12,HPK,0.0
2026-05-12,HPLT,0.0
2026-05-12,HPT,0.0
2026-05-12,HPTR.P,0.0
2026-05-12,HPTX,0.0
2026-05-12,HQ,-0.002890173410404624
2026-05-12,HQI,0.0
2026-05-12,HQY,0.0
2026-05-12,HRBN,0.0
2026-05-12,HRMN,0.0
2026-05-12,HRMN.W,0.0
2026-05-12,HRMY,0.0
2026-05-12,HROW,0.0
2026-05-12,HROWL,0.0
2026-05-12,HROWM,0.0
2026-05-12,HRTX,0.0
2026-05-12,HRYU,0.0
2026-05-12,HRZN,0.0
2026-05-12,HSAC,0.0
2026-05-12,HSAI,0.0
2026-05-12,HSAQ,0.0
2026-05-12,HSCS,0.0
2026-05-12,HSDT,0.0
2026-05-12,HSGX,0.0
2026-05-12,HSIC,0.0
2026-05-12,HSICV,0.0
2026-05-12,HSII,0.0
2026-05-12,HSKA,0.0
2026-05-12,HSNI,0.0
2026-05-12,HSOL,0.0
2026-05-12,HSON,0.0
2026-05-12,HSPO,0.0
2026-05-12,HSPT,-0.002890173410404624
2026-05-12,HST,0.0
2026-05-12,HSTM,0.0
2026-05-12,HSTO,0.0
2026-05-12,HTBI,0.0
2026-05-12,HTBK,0.0
2026-05-12,HTCH,0.0
2026-05-12,HTCO,-0.002890173410404624
2026-05-12,HTCR,0.0
2026-05-12,HTFL,0.0
2026-05-12,HTGM,0.0
2026-05-12,HTLD,0.0
2026-05-12,HTLF,0.0
2026-05-12,HTLM,0.0
2026-05-12,HTO,0.0
2026-05-12,HTOO,0.0
2026-05-12,HTWO,0.0
2026-05-12,HTWR,0.0
2026-05-12,HTZ,0.0
2026-05-12,HUAK,0.0
2026-05-12,HUBC,-0.002890173410404624
2026-05-12,HUBG,0.002890173410404624
2026-05-12,HUDA,0.0
2026-05-12,HUDI,0.0
2026-05-12,HUGE,0.0
2026-05-12,HUHU,0.0
2026-05-12,HUMA,0.002890173410404624
2026-05-12,HUNT,0.0
2026-05-12,HURA,0.0
2026-05-12,HURC,0.0
2026-05-12,HURN,0.0
2026-05-12,HUSN,0.0
2026-05-12,HUT,0.002890173410404624
2026-05-12,HVBC,0.0
2026-05-12,HVBT,0.0
2026-05-12,HVII,0.0
2026-05-12,HVMC,0.0
2026-05-12,HWBK,0.0
2026-05-12,HWC,0.0
2026-05-12,HWCC,0.0
2026-05-12,HWCPL,0.0
2026-05-12,HWCPZ,0.0
2026-05-12,HWEL,0.0
2026-05-12,HWH,0.0
2026-05-12,HWKN,0.0
2026-05-12,HXHX,0.0
2026-05-12,HYFM,0.0
2026-05-12,HYFT,0.0
2026-05-12,HYGS,0.0
2026-05-12,HYMC,0.0
2026-05-12,HYNE,0.0
2026-05-12,HYPD,0.0
2026-05-12,HYPR,0.0
2026-05-12,HYRE,0.0
2026-05-12,HYZN,0.0
2026-05-12,HZNP,0.0
2026-05-12,IAC,0.0
2026-05-12,IACI,0.0
2026-05-12,IACO,0.0
2026-05-12,IACVV,0.0
2026-05-12,IAIC,0.0
2026-05-12,IAM,0.0
2026-05-12,IART,0.0
2026-05-12,IART.V,0.0
2026-05-12,IAS,0.0
2026-05-12,IBAC,0.0
2026-05-12,IBCP,0.0
2026-05-12,IBEX,0.0
2026-05-12,IBG,0.0
2026-05-12,IBIO,0.0
2026-05-12,IBKC,0.0
2026-05-12,IBKC.O,0.0
2026-05-12,IBKR,0.0
2026-05-12,IBOC,0.0
2026-05-12,IBRX,0.0
2026-05-12,IBTX,0.0
2026-05-12,ICAD,0.0
2026-05-12,ICBK,0.0
2026-05-12,ICCC,0.0
2026-05-12,ICCH,0.0
2026-05-12,ICCM,0.0
2026-05-12,ICCT,0.0
2026-05-12,ICEL,0.0
2026-05-12,ICFI,0.0
2026-05-12,ICGE,0.0
2026-05-12,ICHR,0.0
2026-05-12,ICLD,0.0
2026-05-12,ICLD.W,0.0
2026-05-12,ICLR,0.0
2026-05-12,ICMB,0.0
2026-05-12,ICON,0.0
2026-05-12,ICPT,0.0
2026-05-12,ICU,0.0
2026-05-12,ICUI,0.0
2026-05-12,ICVX,0.0
2026-05-12,IDAI,0.0
2026-05-12,IDCC,0.0
2026-05-12,IDEX,0.0
2026-05-12,IDGX,0.0
2026-05-12,IDIX,0.0
2026-05-12,IDN,0.0
2026-05-12,IDRA,0.0
2026-05-12,IDSA,0.0
2026-05-12,IDSY,0.0
2026-05-12,IDTI,0.0
2026-05-12,IDXG,0.0
2026-05-12,IDXX,0.0
2026-05-12,IDYA,0.0
2026-05-12,IEA,0.0
2026-05-12,IEAG,0.0
2026-05-12,IEC,0.0
2026-05-12,IEP,0.0
2026-05-12,IESC,0.0
2026-05-12,IFAS,0.0
2026-05-12,IFBD,0.0
2026-05-12,IFMK,0.0
2026-05-12,IFNA,0.0
2026-05-12,IFON,0.0
2026-05-12,IFRX,0.0
2026-05-12,IGAC,0.0
2026-05-12,IGAP,0.0
2026-05-12,IGIC,0.0
2026-05-12,IGMS,0.0
2026-05-12,IGNY,0.0
2026-05-12,IGTA,0.0
2026-05-12,IGTE,0.0
2026-05-12,IHRT,0.002890173410404624
2026-05-12,III,0.0
2026-05-12,IIII,0.0
2026-05-12,IIIV,0.0
2026-05-12,IILG,0.0
2026-05-12,IILG.V,0.0
2026-05-12,IIN,0.0
2026-05-12,IINN,0.0
2026-05-12,IKAN,0.0
2026-05-12,IKGH,0.0
2026-05-12,IKNA,0.0
2026-05-12,IKNX,0.0
2026-05-12,IKT,0.0
2026-05-12,ILG,0.0
2026-05-12,ILLM,0.0
2026-05-12,ILLR,0.0
2026-05-12,ILLU,0.0
2026-05-12,ILMN,0.0
2026-05-12,ILMNV,0.0
2026-05-12,IMA,0.0
2026-05-12,IMAC,0.0
2026-05-12,IMAQ,0.0
2026-05-12,IMBI,0.0
2026-05-12,IMBIL,0.0
2026-05-12,IMCC,0.0
2026-05-12,IMDX,0.0
2026-05-12,IMDZ,0.0
2026-05-12,IMG,0.0
2026-05-12,IMGN,0.0
2026-05-12,IMGO,0.0
2026-05-12,IMI,0.0
2026-05-12,IMKTA,0.0
2026-05-12,IMMR,0.0
2026-05-12,IMMU,0.0
2026-05-12,IMMX,0.0
2026-05-12,IMMY,0.0
2026-05-12,IMNM,0.0
2026-05-12,IMNN,0.0
2026-05-12,IMNP,0.0
2026-05-12,IMPL,0.0
2026-05-12,IMPP,0.0
2026-05-12,IMPPP,0.0
2026-05-12,IMPPV,0.0
2026-05-12,IMPV,0.0
2026-05-12,IMRS,0.0
2026-05-12,IMRX,0.0
2026-05-12,IMSR,0.0
2026-05-12,IMTE,0.0
2026-05-12,IMTX,0.0
2026-05-12,IMUX,-0.002890173410404624
2026-05-12,IMV,0.0
2026-05-12,IMVT,0.0
2026-05-12,IMXI,0.0
2026-05-12,INAB,0.0
2026-05-12,INAC,0.0
2026-05-12,INAP,0.0
2026-05-12,INAQ,0.0
2026-05-12,INBK,0.0
2026-05-12,INBK.L,0.0
2026-05-12,INBKL,0.0
2026-05-12,INBKZ,0.0
2026-05-12,INBS,-0.002890173410404624
2026-05-12,INBX,0.0
2026-05-12,INBXV,0.0
2026-05-12,INCR,0.0
2026-05-12,INCY,0.0
2026-05-12,INDB,0.0
2026-05-12,INDI,0.0
2026-05-12,INDP,0.0
2026-05-12,INDT,0.0
2026-05-12,INDU,0.0
2026-05-12,INDV,0.002890173410404624
2026-05-12,INEO,0.0
2026-05-12,INFI,0.0
2026-05-12,INFN,0.0
2026-05-12,INGN,0.0
2026-05-12,INHD,0.0
2026-05-12,INHX,0.0
2026-05-12,ININ,0.0
2026-05-12,INKA,0.0
2026-05-12,INKT,0.0
2026-05-12,INLF,0.0
2026-05-12,INM,0.0
2026-05-12,INMB,0.0
2026-05-12,INMD,0.0
2026-05-12,INNT,0.0
2026-05-12,INNV,0.0
2026-05-12,INO,0.0
2026-05-12,INOD,-0.002890173410404624
2026-05-12,INPH,0.0
2026-05-12,INPX,0.0
2026-05-12,INPXV,0.0
2026-05-12,INSE,0.0
2026-05-12,INSG,0.0
2026-05-12,INSM,-0.002890173410404624
2026-05-12,INSU,0.0
2026-05-12,INSY,0.0
2026-05-12,INTA,0.0
2026-05-12,INTC,0.002890173410404624
2026-05-12,INTE,0.0
2026-05-12,INTG,0.0
2026-05-12,INTJ,0.0
2026-05-12,INTL.L,0.0
2026-05-12,INTR,-0.002890173410404624
2026-05-12,INTS,0.0
2026-05-12,INTU,0.0
2026-05-12,INTX,0.0
2026-05-12,INTZ,0.0
2026-05-12,INV,0.0
2026-05-12,INVA,0.0
2026-05-12,INVE,0.0
2026-05-12,INVO,0.0
2026-05-12,INVT,0.0
2026-05-12,INVZ,0.0
2026-05-12,INWK,0.0
2026-05-12,INXB,0.0
2026-05-12,INXBV,0.0
2026-05-12,INZY,0.0
2026-05-12,IOAC,0.0
2026-05-12,IOBT,0.0
2026-05-12,IONM,0.0
2026-05-12,IONS,0.0
2026-05-12,IOSP,0.0
2026-05-12,IOTR,0.0
2026-05-12,IOTS,0.0
2026-05-12,IOVA,0.0
2026-05-12,IPA,0.0
2026-05-12,IPAR,0.0
2026-05-12,IPAS,0.0
2026-05-12,IPAX,0.0
2026-05-12,IPCC,0.0
2026-05-12,IPCI,0.0
2026-05-12,IPCM,0.0
2026-05-12,IPCX,0.0
2026-05-12,IPDN,0.0
2026-05-12,IPEX,0.0
2026-05-12,IPGP,0.0
2026-05-12,IPHI,0.0
2026-05-12,IPHS,0.0
2026-05-12,IPIC,0.0
2026-05-12,IPM,0.0
2026-05-12,IPOD,0.0
2026-05-12,IPSC,0.002890173410404624
2026-05-12,IPST,0.0
2026-05-12,IPVI,0.0
2026-05-12,IPW,0.0
2026-05-12,IPWR,-0.002890173410404624
2026-05-12,IPXL,0.0
2026-05-12,IPXX,0.0
2026-05-12,IQMD,0.0
2026-05-12,IQNT,0.0
2026-05-12,IQST,0.0
2026-05-12,IRAA,0.0
2026-05-12,IRBT,0.0
2026-05-12,IRD,0.0
2026-05-12,IRDM,0.0
2026-05-12,IRDM.Z,0.0
2026-05-12,IREN,0.0
2026-05-12,IRG,0.0
2026-05-12,IRHO,-0.002890173410404624
2026-05-12,IRIX,0.0
2026-05-12,IRMD,0.0
2026-05-12,IROH,0.0
2026-05-12,IRON,0.0
2026-05-12,IROQ,0.0
2026-05-12,IRTC,0.0
2026-05-12,IRWD,0.002890173410404624
2026-05-12,IRWDV,0.0
2026-05-12,ISAA,0.0
2026-05-12,ISBA,0.0
2026-05-12,ISBC,0.0
2026-05-12,ISCA,0.0
2026-05-12,ISEE,0.0
2026-05-12,ISIG,0.0
2026-05-12,ISIL,0.0
2026-05-12,ISIS,0.0
2026-05-12,ISLE,0.0
2026-05-12,ISLN,0.0
2026-05-12,ISNS,0.0
2026-05-12,ISO,0.0
2026-05-12,ISPC,-0.002890173410404624
2026-05-12,ISPH,0.0
2026-05-12,ISPO,0.0
2026-05-12,ISPR,0.0
2026-05-12,ISRG,0.0
2026-05-12,ISRL,0.0
2026-05-12,ISSC,0.002890173410404624
2026-05-12,ISSI,0.0
2026-05-12,ISTR,0.0
2026-05-12,ISUN,0.0
2026-05-12,ITAC,0.0
2026-05-12,ITAQ,0.0
2026-05-12,ITCI,0.0
2026-05-12,ITEK,0.0
2026-05-12,ITHA,0.0
2026-05-12,ITHX,0.0
2026-05-12,ITI,0.0
2026-05-12,ITIC,0.0
2026-05-12,ITMN,0.0
2026-05-12,ITOC,0.0
2026-05-12,ITOS,0.0
2026-05-12,ITQ,0.0
2026-05-12,ITRI,0.0
2026-05-12,ITRM,0.0
2026-05-12,ITRN,0.0
2026-05-12,ITUS,0.0
2026-05-12,IVAC,0.0
2026-05-12,IVCA,0.0
2026-05-12,IVCB,0.0
2026-05-12,IVCP,0.0
2026-05-12,IVDA,0.0
2026-05-12,IVENC,0.0
2026-05-12,IVF,0.0
2026-05-12,IVFGC,0.0
2026-05-12,IVFVC,0.0
2026-05-12,IVP,0.0
2026-05-12,IVTY,0.0
2026-05-12,IVVD,0.0
2026-05-12,IXAQ,0.0
2026-05-12,IXYS,0.0
2026-05-12,IZEA,0.0
2026-05-12,IZM,0.0
2026-05-12,IZTC,0.0
2026-05-12,JAAC,0.0
2026-05-12,JACK,0.002890173410404624
2026-05-12,JACQ,0.0
2026-05-12,JACQ.U,0.0
2026-05-12,JACQ.W,0.0
2026-05-12,JAGX,0.0
2026-05-12,JAKK,0.0
2026-05-12,JAMF,0.0
2026-05-12,JANX,0.0
2026-05-12,JAQC,0.0
2026-05-12,JASN,0.0
2026-05-12,JASN.W,0.0
2026-05-12,JATT,0.0
2026-05-12,JAXB,0.0
2026-05-12,JAZZ,0.0
2026-05-12,JBDI,0.0
2026-05-12,JBHT,0.0
2026-05-12,JBIO,0.002890173410404624
2026-05-12,JBLU,0.0
2026-05-12,JBSS,0.0
2026-05-12,JCAP,0.0
2026-05-12,JCIC,0.0
2026-05-12,JCS,0.0
2026-05-12,JCSE,0.0
2026-05-12,JCTC,0.0
2026-05-12,JCTCF,0.0
2026-05-12,JDAS,0.0
2026-05-12,JDSU,0.0
2026-05-12,JDZG,0.0
2026-05-12,JEM,0.0
2026-05-12,JEWL,0.0
2026-05-12,JFB,0.0
2026-05-12,JFBI,0.0
2026-05-12,JFBR,0.0
2026-05-12,JFK,0.0
2026-05-12,JGBB,0.0
2026-05-12,JGGC,0.0
2026-05-12,JJSF,0.0
2026-05-12,JKHY,0.0
2026-05-12,JL,0.0
2026-05-12,JLHL,0.0
2026-05-12,JMAC,0.0
2026-05-12,JMBA,0.0
2026-05-12,JMPNL,0.0
2026-05-12,JMPNZ,0.0
2026-05-12,JMSB,0.0
2026-05-12,JNCE,0.0
2026-05-12,JNP,0.0
2026-05-12,JNVR,0.0
2026-05-12,JOAN,0.0
2026-05-12,JOEZ,0.0
2026-05-12,JOFF,0.0
2026-05-12,JOSB,0.0
2026-05-12,JOUT,0.0
2026-05-12,JOYG,0.0
2026-05-12,JRCC,0.0
2026-05-12,JRSH,0.0
2026-05-12,JRVR,-0.002890173410404624
2026-05-12,JSM,0.0
2026-05-12,JSPR,0.0
2026-05-12,JST,0.0
2026-05-12,JSYN,0.0
2026-05-12,JSYN.R,0.0
2026-05-12,JSYN.U,0.0
2026-05-12,JTAI,0.0
2026-05-12,JTPY,0.0
2026-05-12,JUGG,0.0
2026-05-12,JUNE,0.0
2026-05-12,JUNO,0.0
2026-05-12,JUNS,0.0
2026-05-12,JUPW,0.0
2026-05-12,JVA,0.0
2026-05-12,JVSA,0.0
2026-05-12,JWAC,0.0
2026-05-12,JWEL,0.0
2026-05-12,JXG,0.0
2026-05-12,JXJT,0.0
2026-05-12,JXSB,0.0
2026-05-12,JYAC,0.0
2026-05-12,JYD,0.0
2026-05-12,JYNT,0.0
2026-05-12,JZXN,-0.002890173410404624
2026-05-12,KA,0.0
2026-05-12,KAAC,0.0
2026-05-12,KACL,0.0
2026-05-12,KAII,0.0
2026-05-12,KAIR,0.0
2026-05-12,KAL,0.0
2026-05-12,KALA,0.0
2026-05-12,KALU,0.002890173410404624
2026-05-12,KALV,-0.002890173410404624
2026-05-12,KARO,0.0
2026-05-12,KAVL,0.0
2026-05-12,KBAL,0.0
2026-05-12,KBAL.B,0.0
2026-05-12,KBAL.V,0.0
2026-05-12,KBIO,0.0
2026-05-12,KBLM,0.0
2026-05-12,KBNT,0.0
2026-05-12,KBON,0.0
2026-05-12,KBSF,0.0
2026-05-12,KBSX,0.0
2026-05-12,KCAP,0.0
2026-05-12,KCAPL,0.0
2026-05-12,KCHV,0.0
2026-05-12,KCLI,0.0
2026-05-12,KDK,0.0
2026-05-12,KDLY,0.0
2026-05-12,KDMN,0.0
2026-05-12,KDNY,0.0
2026-05-12,KDP,0.0
2026-05-12,KE,0.0
2026-05-12,KEEL,0.0
2026-05-12,KELYA,0.0
2026-05-12,KELYB,0.0
2026-05-12,KEQU,0.0
2026-05-12,KERN,0.0
2026-05-12,KERX,0.0
2026-05-12,KEYW,0.0
2026-05-12,KFFB,0.0
2026-05-12,KFII,0.0
2026-05-12,KFT,0.0
2026-05-12,KFX,0.0
2026-05-12,KG,0.0
2026-05-12,KGEI,0.0
2026-05-12,KGJI,0.0
2026-05-12,KHC,0.0
2026-05-12,KIDS,0.0
2026-05-12,KIDZ,0.0
2026-05-12,KIII,0.0
2026-05-12,KIN,0.0
2026-05-12,KINS,0.0
2026-05-12,KINZ,0.0
2026-05-12,KIOR,0.0
2026-05-12,KIPO,0.0
2026-05-12,KIPS,0.0
2026-05-12,KIRK,0.0
2026-05-12,KITE,0.0
2026-05-12,KITT,0.0
2026-05-12,KLAC,0.0
2026-05-12,KLAQ,0.0
2026-05-12,KLDO,0.0
2026-05-12,KLIC,0.002890173410404624
2026-05-12,KLOX,0.0
2026-05-12,KLRA,0.0
2026-05-12,KLRE,0.0
2026-05-12,KLRE.U,0.0
2026-05-12,KLRE.W,0.0
2026-05-12,KLRS,0.0
2026-05-12,KLTO,0.0
2026-05-12,KLTR,0.0
2026-05-12,KLXE,0.0
2026-05-12,KLXEV,0.0
2026-05-12,KLXI,0.0
2026-05-12,KLXI.V,0.0
2026-05-12,KLXIV,0.0
2026-05-12,KMB,0.0
2026-05-12,KMDA,0.0
2026-05-12,KMRK,0.0
2026-05-12,KMTS,0.0
2026-05-12,KNBE,0.0
2026-05-12,KNDI,0.0
2026-05-12,KNSA,0.0
2026-05-12,KNTE,0.0
2026-05-12,KOD,0.0
2026-05-12,KONA,0.0
2026-05-12,KOPN,0.002890173410404624
2026-05-12,KOR,0.0
2026-05-12,KOSS,0.0
2026-05-12,KOYN,0.0
2026-05-12,KPLT,0.0
2026-05-12,KPRX,0.0
2026-05-12,KPTI,0.0
2026-05-12,KRAQ,0.0
2026-05-12,KRBP,0.0
2026-05-12,KRFT,0.0
2026-05-12,KRMD,0.0
2026-05-12,KRNL,0.0
2026-05-12,KRNT,0.0
2026-05-12,KRNY,0.0
2026-05-12,KRON,0.0
2026-05-12,KROS,0.0
2026-05-12,KRRO,0.0
2026-05-12,KRT,0.0
2026-05-12,KRTX,0.0
2026-05-12,KRUS,0.0
2026-05-12,KRYS,0.0
2026-05-12,KSCP,0.0
2026-05-12,KSI,0.0
2026-05-12,KSMT,0.0
2026-05-12,KSPN,0.0
2026-05-12,KTCC,0.0
2026-05-12,KTOS,0.0
2026-05-12,KTOV.W,0.0
2026-05-12,KTRA,0.0
2026-05-12,KTTA,0.0
2026-05-12,KTWO,0.0
2026-05-12,KURA,0.0
2026-05-12,KURI,0.0
2026-05-12,KUST,0.0
2026-05-12,KUTV,0.0
2026-05-12,KVAC,0.0
2026-05-12,KVHI,0.0
2026-05-12,KVSA,0.0
2026-05-12,KVSB,0.0
2026-05-12,KVSC,0.0
2026-05-12,KWE,0.0
2026-05-12,KWM,0.0
2026-05-12,KXIN,-0.002890173410404624
2026-05-12,KYCH,0.0
2026-05-12,KYIV,0.0
2026-05-12,KYMR,0.002890173410404624
2026-05-12,KYNB,0.0
2026-05-12,KYTH,0.0
2026-05-12,KYTX,0.0
2026-05-12,KZR,0.0
2026-05-12,LAAA,0.0
2026-05-12,LAB,0.0
2026-05-12,LABC,0.0
2026-05-12,LABL,0.0
2026-05-12,LABP,0.0
2026-05-12,LABT,0.0
2026-05-12,LACO,0.0
2026-05-12,LACQ,0.0
2026-05-12,LAES,0.0
2026-05-12,LAFA,0.0
2026-05-12,LAKE,0.0
2026-05-12,LAMR,0.0
2026-05-12,LANC,0.0
2026-05-12,LAND,0.0
2026-05-12,LAND.P,0.0
2026-05-12,LANDO,0.0
2026-05-12,LARK,0.0
2026-05-12,LASE,0.0
2026-05-12,LASR,0.0
2026-05-12,LATA,0.0
2026-05-12,LATG,0.0
2026-05-12,LATN,0.0
2026-05-12,LAUR,0.0
2026-05-12,LAVA,0.0
2026-05-12,LAX,0.0
2026-05-12,LAYN,0.0
2026-05-12,LAZR,0.0
2026-05-12,LAZY,0.0
2026-05-12,LBAI,0.0
2026-05-12,LBBB,0.0
2026-05-12,LBC,0.0
2026-05-12,LBCC,0.0
2026-05-12,LBDAV,0.0
2026-05-12,LBDKV,0.0
2026-05-12,LBGJ,0.0
2026-05-12,LBIO,0.0
2026-05-12,LBIX,0.0
2026-05-12,LBKR.V,0.0
2026-05-12,LBPH,0.0
2026-05-12,LBRDA,0.0
2026-05-12,LBRDK,0.0
2026-05-12,LBRK.R,0.0
2026-05-12,LBRX,0.002890173410404624
2026-05-12,LBTA.V,0.0
2026-05-12,LBTB.V,0.0
2026-05-12,LBTK.V,0.0
2026-05-12,LBTY.B,0.0
2026-05-12,LBTY.K,0.0
2026-05-12,LBTYA,0.0
2026-05-12,LBTYB,-0.002890173410404624
2026-05-12,LBTYK,0.0
2026-05-12,LBYAV,0.0
2026-05-12,LBYKV,0.0
2026-05-12,LCA,0.0
2026-05-12,LCAA,0.0
2026-05-12,LCAH.U,0.0
2026-05-12,LCAH.W,0.0
2026-05-12,LCAV,0.0
2026-05-12,LCCC,0.0
2026-05-12,LCFY,0.0
2026-05-12,LCID,0.0
2026-05-12,LCNB,0.0
2026-05-12,LCUT,0.0
2026-05-12,LCW,0.0
2026-05-12,LCY,0.0
2026-05-12,LDHA,0.0
2026-05-12,LDTC,0.0
2026-05-12,LDWY,0.0
2026-05-12,LE,0.002890173410404624
2026-05-12,LECO,0.0
2026-05-12,LEDS,0.0
2026-05-12,LEE,0.0
2026-05-12,LEGA,0.0
2026-05-12,LEGH,0.0
2026-05-12,LENZ,0.0
2026-05-12,LESL,0.0
2026-05-12,LEVL,0.0
2026-05-12,LEVY,0.0
2026-05-12,LEVY.U,0.0
2026-05-12,LEVY.W,0.0
2026-05-12,LEXAV,0.0
2026-05-12,LEXEA,0.0
2026-05-12,LEXEB,0.0
2026-05-12,LEXX,0.0
2026-05-12,LFAC,0.0
2026-05-12,LFCR,0.0
2026-05-12,LFIN,0.0
2026-05-12,LFLY,0.0
2026-05-12,LFMD,0.0
2026-05-12,LFST,0.0
2026-05-12,LFTR,0.0
2026-05-12,LFUS,0.0
2026-05-12,LFVN,0.0
2026-05-12,LFWD,0.0
2026-05-12,LGAC,0.0
2026-05-12,LGCB,0.0
2026-05-12,LGCL,0.0
2026-05-12,LGCYO,0.0
2026-05-12,LGHL,0.0
2026-05-12,LGIH,0.0
2026-05-12,LGMK,0.0
2026-05-12,LGN,0.0
2026-05-12,LGND,0.0
2026-05-12,LGNDV,0.0
2026-05-12,LGO,0.0
2026-05-12,LGST,0.0
2026-05-12,LGTO,0.0
2026-05-12,LGTY,0.0
2026-05-12,LGVC,0.0
2026-05-12,LGVN,0.0
2026-05-12,LHAA,0.0
2026-05-12,LHAI,-0.002890173410404624
2026-05-12,LHCG,0.0
2026-05-12,LHDX,0.0
2026-05-12,LHSW,0.0
2026-05-12,LIBY,0.0
2026-05-12,LICN,0.0
2026-05-12,LIDR,0.0
2026-05-12,LIEN,0.0
2026-05-12,LIF,0.0
2026-05-12,LIFE,0.002890173410404624
2026-05-12,LIFW,0.0
2026-05-12,LIHR,0.0
2026-05-12,LILA,0.0
2026-05-12,LILA.K,0.0
2026-05-12,LILA.V,0.0
2026-05-12,LILAK,0.0
2026-05-12,LILK.V,0.0
2026-05-12,LILM,0.0
2026-05-12,LIME,0.0
2026-05-12,LIMN,0.0
2026-05-12,LIN,0.0
2026-05-12,LINC,0.0
2026-05-12,LIND,0.002890173410404624
2026-05-12,LIND.W,0.0
2026-05-12,LINE,0.0
2026-05-12,LINK,-0.002890173410404624
2026-05-12,LINT.A,0.0
2026-05-12,LINT.B,0.0
2026-05-12,LINTA,0.0
2026-05-12,LINU,0.0
2026-05-12,LIOX,0.0
2026-05-12,LIPO,0.0
2026-05-12,LIQD,0.0
2026-05-12,LIQT,0.0
2026-05-12,LITE,0.0
2026-05-12,LITM,0.0
2026-05-12,LITS,0.0
2026-05-12,LITT,0.0
2026-05-12,LIVB,0.0
2026-05-12,LIVE,0.0
2026-05-12,LIVK,0.0
2026-05-12,LIVN,0.0
2026-05-12,LIVX,0.0
2026-05-12,LIWA,0.0
2026-05-12,LIXT,0.0
2026-05-12,LJAQ,0.0
2026-05-12,LJPC,0.0
2026-05-12,LKCO,0.0
2026-05-12,LKFN,0.0
2026-05-12,LKQ,0.0
2026-05-12,LKSP,0.0
2026-05-12,LLEN,0.0
2026-05-12,LLIT,0.0
2026-05-12,LLL,0.0
2026-05-12,LLNW,0.0
2026-05-12,LLTC,0.0
2026-05-12,LLYVA,0.0
2026-05-12,LLYVK,0.0
2026-05-12,LMACA,0.0
2026-05-12,LMAO,0.0
2026-05-12,LMAT,0.0
2026-05-12,LMB,-0.002890173410404624
2026-05-12,LMCA,0.0
2026-05-12,LMCB,0.0
2026-05-12,LMCK,0.0
2026-05-12,LMCK.V,0.0
2026-05-12,LMDX,0.0
2026-05-12,LMFA,0.0
2026-05-12,LMFA.U,0.0
2026-05-12,LMFA.W,0.0
2026-05-12,LMIA,0.0
2026-05-12,LMNL,0.0
2026-05-12,LMNR,0.0
2026-05-12,LMNS,0.0
2026-05-12,LMOS,0.0
2026-05-12,LMPX,0.0
2026-05-12,LMRI,0.0
2026-05-12,LMRK,0.0
2026-05-12,LMRK.O,0.0
2026-05-12,LMRK.P,0.0
2026-05-12,LMST,0.0
2026-05-12,LNAI,0.0
2026-05-12,LNBB,0.0
2026-05-12,LNCE,0.0
2026-05-12,LNCO,0.0
2026-05-12,LNCR,0.0
2026-05-12,LNKB,0.0
2026-05-12,LNKS,0.0
2026-05-12,LNSR,0.0
2026-05-12,LNT,0.0
2026-05-12,LNTH,0.0
2026-05-12,LNW,0.0
2026-05-12,LNZA,0.0
2026-05-12,LOAC,0.0
2026-05-12,LOAN,0.0
2026-05-12,LOBO,0.0
2026-05-12,LOCM,0.0
2026-05-12,LOCO,0.0
2026-05-12,LOGC,0.0
2026-05-12,LOGI,0.0
2026-05-12,LOGM,0.0
2026-05-12,LOJN,0.0
2026-05-12,LOKV,0.0
2026-05-12,LONA,0.0
2026-05-12,LONE,0.0
2026-05-12,LONG,0.0
2026-05-12,LOOK,0.0
2026-05-12,LOOP,0.0
2026-05-12,LOPE,0.0
2026-05-12,LORL,0.0
2026-05-12,LOTZ,0.0
2026-05-12,LOVE,0.0
2026-05-12,LOXO,0.0
2026-05-12,LPAA,0.0
2026-05-12,LPBB,0.0
2026-05-12,LPCN,0.0
2026-05-12,LPCV,0.0
2026-05-12,LPDX,0.0
2026-05-12,LPHI,0.0
2026-05-12,LPLA,0.0
2026-05-12,LPNT,0.0
2026-05-12,LPRO,0.0
2026-05-12,LPSB,0.0
2026-05-12,LPSN,0.0
2026-05-12,LPTH,0.0
2026-05-12,LPTN,0.0
2026-05-12,LPTX,0.0
2026-05-12,LQDA,-0.002890173410404624
2026-05-12,LQDT,0.0
2026-05-12,LQR,0.0
2026-05-12,LRAD,0.0
2026-05-12,LRCX,0.002890173410404624
2026-05-12,LRFC,0.0
2026-05-12,LRHC,0.0
2026-05-12,LRMR,-0.002890173410404624
2026-05-12,LSAC,0.0
2026-05-12,LSAK,0.0
2026-05-12,LSAQ,0.0
2026-05-12,LSB,0.0
2026-05-12,LSBG,0.0
2026-05-12,LSBI,0.0
2026-05-12,LSBK,0.0
2026-05-12,LSCC,0.0
2026-05-12,LSDI,0.0
2026-05-12,LSE,0.0
2026-05-12,LSEA,0.0
2026-05-12,LSH,0.0
2026-05-12,LSPR,0.0
2026-05-12,LSTA,0.0
2026-05-12,LSTR,0.0
2026-05-12,LSXM.B,0.0
2026-05-12,LSXMA,0.0
2026-05-12,LSXMB,0.0
2026-05-12,LSXMK,0.0
2026-05-12,LTBR,0.0
2026-05-12,LTCH,0.0
2026-05-12,LTEA,0.0
2026-05-12,LTPA.V,0.0
2026-05-12,LTPB.V,0.0
2026-05-12,LTRE,0.0
2026-05-12,LTRN,0.0
2026-05-12,LTRP.A,0.0
2026-05-12,LTRP.B,0.0
2026-05-12,LTRPA,0.0
2026-05-12,LTRPB,0.0
2026-05-12,LTRX,0.0
2026-05-12,LTRY,0.0
2026-05-12,LTXB,0.0
2026-05-12,LTXC,0.0
2026-05-12,LTXCD,0.0
2026-05-12,LUCD,0.0
2026-05-12,LUCY,0.0
2026-05-12,LULU,0.0
2026-05-12,LUMO,0.0
2026-05-12,LUNA,0.0
2026-05-12,LUNG,0.0
2026-05-12,LUNR,0.0
2026-05-12,LUXA,0.0
2026-05-12,LUXH,0.0
2026-05-12,LVAC,0.0
2026-05-12,LVGO,0.0
2026-05-12,LVLU,0.0
2026-05-12,LVNT.A,0.0
2026-05-12,LVNT.B,0.0
2026-05-12,LVNTA,0.0
2026-05-12,LVNTB,0.0
2026-05-12,LVO,0.0
2026-05-12,LVOX,0.0
2026-05-12,LVRA,0.0
2026-05-12,LVRO,0.0
2026-05-12,LVTX,0.0
2026-05-12,LWAC,0.0
2026-05-12,LWAY,0.0
2026-05-12,LWLG,0.0
2026-05-12,LWSN,0.0
2026-05-12,LXEO,0.0
2026-05-12,LXRX,-0.002890173410404624
2026-05-12,LYEL,0.0
2026-05-12,LYFT,0.0
2026-05-12,LYLT,0.0
2026-05-12,LYLTV,0.0
2026-05-12,LYRA,0.0
2026-05-12,LYT,0.0
2026-05-12,LYTS,0.0
2026-05-12,LZ,0.0
2026-05-12,LZMH,0.0
2026-05-12,MAAC,0.0
2026-05-12,MAAQ,0.0
2026-05-12,MAAS,0.0
2026-05-12,MACA,0.0
2026-05-12,MACI,0.0
2026-05-12,MACK,0.0
2026-05-12,MACQ,0.0
2026-05-12,MACQ.U,0.0
2026-05-12,MACU,0.0
2026-05-12,MAGH,0.0
2026-05-12,MAKO,0.0
2026-05-12,MAMA,0.0
2026-05-12,MAMK,0.0
2026-05-12,MAMO,0.0
2026-05-12,MAMS,0.0
2026-05-12,MANH,0.0
2026-05-12,MANT,0.0
2026-05-12,MAPI,0.0
2026-05-12,MAPS,0.0
2026-05-12,MAQC,0.0
2026-05-12,MAR,0.0
2026-05-12,MARA,0.0
2026-05-12,MARK,0.0
2026-05-12,MARPS,0.0
2026-05-12,MARX,0.0
2026-05-12,MASI,-0.002890173410404624
2026-05-12,MASK,0.0
2026-05-12,MASS,0.0
2026-05-12,MAT,0.0
2026-05-12,MATH,0.0
2026-05-12,MATN,0.0
2026-05-12,MATR,0.0
2026-05-12,MATW,0.0
2026-05-12,MAXN,0.0
2026-05-12,MAXNV,0.0
2026-05-12,MAYA,0.0
2026-05-12,MAYS,0.0
2026-05-12,MAZE,0.0
2026-05-12,MB,0.0
2026-05-12,MBAI,0.0
2026-05-12,MBAV,0.0
2026-05-12,MBBC,0.0
2026-05-12,MBCN,0.0
2026-05-12,MBFI,0.0
2026-05-12,MBFI.P,0.0
2026-05-12,MBII,0.0
2026-05-12,MBIN,0.0
2026-05-12,MBINL,0.0
2026-05-12,MBINM,0.0
2026-05-12,MBINN,0.0
2026-05-12,MBINO,0.0
2026-05-12,MBIO,0.0
2026-05-12,MBIS,0.0
2026-05-12,MBLX,0.0
2026-05-12,MBLY,0.0
2026-05-12,MBNAA,0.0
2026-05-12,MBNAB,0.0
2026-05-12,MBOT,0.0
2026-05-12,MBRG,0.0
2026-05-12,MBRX,0.0
2026-05-12,MBTC,0.0
2026-05-12,MBTF,0.0
2026-05-12,MBUU,0.0
2026-05-12,MBVI,0.0
2026-05-12,MBVT,0.0
2026-05-12,MBVX,0.0
2026-05-12,MBWM,0.0
2026-05-12,MBX,0.0
2026-05-12,MCAA,0.0
2026-05-12,MCAC,0.0
2026-05-12,MCAD,0.0
2026-05-12,MCAE,0.0
2026-05-12,MCAF,0.0
2026-05-12,MCAG,0.0
2026-05-12,MCBC,0.0
2026-05-12,MCBK,0.0
2026-05-12,MCBS,0.0
2026-05-12,MCCC,0.0
2026-05-12,MCEP,0.0
2026-05-12,MCFE,0.0
2026-05-12,MCFT,0.002890173410404624
2026-05-12,MCGA,0.0
2026-05-12,MCGC,0.0
2026-05-12,MCHB,0.0
2026-05-12,MCHP,0.0
2026-05-12,MCHPP,0.0
2026-05-12,MCHX,0.0
2026-05-12,MCLB,0.0
2026-05-12,MCLB.W,0.0
2026-05-12,MCLD,0.0
2026-05-12,MCMJ,0.0
2026-05-12,MCOM,0.0
2026-05-12,MCOX,0.0
2026-05-12,MCRB,0.0
2026-05-12,MCRI,0.0
2026-05-12,MCRL,0.0
2026-05-12,MCRS,0.0
2026-05-12,MCTA,0.0
2026-05-12,MCTR,0.0
2026-05-12,MCUR,0.0
2026-05-12,MCW,-0.002890173410404624
2026-05-12,MDAI,0.0
2026-05-12,MDAS,0.0
2026-05-12,MDB,0.0
2026-05-12,MDBH,0.0
2026-05-12,MDCA,0.0
2026-05-12,MDCI,0.0
2026-05-12,MDCO,0.0
2026-05-12,MDCX,0.0
2026-05-12,MDGL,0.0
2026-05-12,MDGN,0.0
2026-05-12,MDIA,0.0
2026-05-12,MDJH,0.0
2026-05-12,MDLN,0.0
2026-05-12,MDLZ,0.0
2026-05-12,MDM,0.0
2026-05-12,MDNA,0.0
2026-05-12,MDRR,0.0
2026-05-12,MDRX,0.0
2026-05-12,MDSO,0.0
2026-05-12,MDSY,0.0
2026-05-12,MDVL,0.0
2026-05-12,MDVN,0.0
2026-05-12,MDVX,0.0
2026-05-12,MDVX.U,0.0
2026-05-12,MDVX.W,0.0
2026-05-12,MDWD,0.0
2026-05-12,MDWT,0.0
2026-05-12,MDXG,0.0
2026-05-12,MDXH,0.0
2026-05-12,ME,0.0
2026-05-12,MEAC,0.0
2026-05-12,MEAS,0.0
2026-05-12,MEDP,0.0
2026-05-12,MEDS,0.0
2026-05-12,MEET,0.0
2026-05-12,MEGL,0.0
2026-05-12,MEHA,-0.002890173410404624
2026-05-12,MEIL,0.0
2026-05-12,MEIL.W,0.0
2026-05-12,MEIL.Z,0.0
2026-05-12,MEIP,0.0
2026-05-12,MEKA,0.0
2026-05-12,MELA,0.0
2026-05-12,MELI,-0.002890173410404624
2026-05-12,MELR,0.0
2026-05-12,MENS,0.0
2026-05-12,MENT,0.0
2026-05-12,MEOA,0.0
2026-05-12,MEOH,0.0
2026-05-12,MERC,0.0
2026-05-12,MERU,0.0
2026-05-12,MESA,0.0
2026-05-12,MESG,0.0
2026-05-12,MESH,0.0
2026-05-12,META,0.0
2026-05-12,METC,0.0
2026-05-12,METCB,0.0
2026-05-12,METCI,0.0
2026-05-12,METCL,0.0
2026-05-12,METCZ,0.0
2026-05-12,METR,0.0
2026-05-12,METX,0.0
2026-05-12,MEVO,0.0
2026-05-12,MFH,0.0
2026-05-12,MFI,0.0
2026-05-12,MFIC,0.0
2026-05-12,MFICL,0.0
2026-05-12,MFIN,0.0
2026-05-12,MFIN.L,0.0
2026-05-12,MFINL,0.0
2026-05-12,MFNC,0.0
2026-05-12,MFRI,0.0
2026-05-12,MFRM,0.0
2026-05-12,MFSF,0.0
2026-05-12,MGAM,0.0
2026-05-12,MGCD,0.0
2026-05-12,MGEE,0.0
2026-05-12,MGEN,0.0
2026-05-12,MGI,0.0
2026-05-12,MGIC,0.0
2026-05-12,MGIH,0.0
2026-05-12,MGLN,0.0
2026-05-12,MGN,0.0
2026-05-12,MGNI,0.0
2026-05-12,MGNX,0.0
2026-05-12,MGOL,0.0
2026-05-12,MGPI,0.0
2026-05-12,MGRC,0.0
2026-05-12,MGRM,0.0
2026-05-12,MGRT,-0.002890173410404624
2026-05-12,MGRX,0.0
2026-05-12,MGTA,0.0
2026-05-12,MGTX,0.0
2026-05-12,MGX,0.0
2026-05-12,MGYR,0.0
2026-05-12,MHGC,0.0
2026-05-12,MHLD,0.0
2026-05-12,MHUA,0.0
2026-05-12,MICS,0.0
2026-05-12,MICT,0.0
2026-05-12,MICT.W,0.0
2026-05-12,MIDD,0.0
2026-05-12,MIFI,0.0
2026-05-12,MIGI,0.0
2026-05-12,MIII,0.0
2026-05-12,MIII.U,0.0
2026-05-12,MIII.W,0.0
2026-05-12,MIK,0.0
2026-05-12,MILE,0.0
2026-05-12,MIME,0.0
2026-05-12,MIMI,0.0
2026-05-12,MIND,0.0
2026-05-12,MIND.P,0.0
2026-05-12,MINI,0.0
2026-05-12,MINM,0.0
2026-05-12,MIPI,0.0
2026-05-12,MIPS,0.0
2026-05-12,MIRA,0.0
2026-05-12,MIRM,0.0
2026-05-12,MIRN,0.0
2026-05-12,MIRO,0.0
2026-05-12,MIST,0.0
2026-05-12,MITA,0.0
2026-05-12,MITI,0.0
2026-05-12,MITK,0.0
2026-05-12,MITL,0.0
2026-05-12,MJCO,0.0
2026-05-12,MJID,0.0
2026-05-12,MKDW,0.0
2026-05-12,MKGI,0.0
2026-05-12,MKLY,0.0
2026-05-12,MKSI,0.002890173410404624
2026-05-12,MKTO,0.0
2026-05-12,MKTW,0.0
2026-05-12,MKTX,0.0
2026-05-12,MKTY,0.0
2026-05-12,MKUL,0.0
2026-05-12,MKZR,0.0
2026-05-12,MLAA,0.0
2026-05-12,MLAB,0.0
2026-05-12,MLAC,0.0
2026-05-12,MLAI,0.0
2026-05-12,MLCI,0.0
2026-05-12,MLCIL,0.0
2026-05-12,MLEC,0.0
2026-05-12,MLGO,0.0
2026-05-12,MLKN,0.0
2026-05-12,MLND,0.0
2026-05-12,MLNT,0.0
2026-05-12,MLNX,0.0
2026-05-12,MLTX,-0.002890173410404624
2026-05-12,MLVF,0.0
2026-05-12,MLYS,0.0
2026-05-12,MMAC,0.0
2026-05-12,MMAT,0.0
2026-05-12,MMDM,0.0
2026-05-12,MMED,0.002890173410404624
2026-05-12,MMLP,0.0
2026-05-12,MMMB,0.0
2026-05-12,MMSI,0.0
2026-05-12,MMTX,0.0
2026-05-12,MMV,0.0
2026-05-12,MMYT,0.0
2026-05-12,MNCL,0.0
2026-05-12,MNDL,0.0
2026-05-12,MNDO,0.0
2026-05-12,MNDR,0.0
2026-05-12,MNDT,0.0
2026-05-12,MNDY,0.0
2026-05-12,MNGA,0.0
2026-05-12,MNKD,0.0
2026-05-12,MNLO,0.0
2026-05-12,MNMD,0.0
2026-05-12,MNOV,0.0
2026-05-12,MNPR,0.0
2026-05-12,MNRK,0.0
2026-05-12,MNRO,0.0
2026-05-12,MNSB,0.0
2026-05-12,MNSBP,0.0
2026-05-12,MNST,0.0
2026-05-12,MNTA,0.0
2026-05-12,MNTG,0.0
2026-05-12,MNTK,0.0
2026-05-12,MNTS,-0.002890173410404624
2026-05-12,MNTV,0.0
2026-05-12,MNTX,0.0
2026-05-12,MNY,0.0
2026-05-12,MOBL,0.0
2026-05-12,MOBQ,0.0
2026-05-12,MOBV,0.0
2026-05-12,MOBX,-0.002890173410404624
2026-05-12,MOCO,0.0
2026-05-12,MODD,0.0
2026-05-12,MODV,0.0
2026-05-12,MOFG,0.0
2026-05-12,MOGO,0.0
2026-05-12,MOKO,0.0
2026-05-12,MOLG,0.0
2026-05-12,MOLX,0.0
2026-05-12,MON,0.0
2026-05-12,MOND,0.0
2026-05-12,MONT,0.0
2026-05-12,MORF,0.0
2026-05-12,MORN,0.0
2026-05-12,MOSY,0.0
2026-05-12,MOTA,0.0
2026-05-12,MOTN,0.0
2026-05-12,MOTR,0.0
2026-05-12,MOTS,0.0
2026-05-12,MOVE,0.0
2026-05-12,MOXC,0.0
2026-05-12,MPAA,0.0
2026-05-12,MPAC,0.0
2026-05-12,MPB,0.0
2026-05-12,MPET,0.0
2026-05-12,MPLT,0.0
2026-05-12,MPRA,0.0
2026-05-12,MPVD,0.0
2026-05-12,MPWR,0.0
2026-05-12,MQ,0.0
2026-05-12,MRAC,0.0
2026-05-12,MRAI,0.0
2026-05-12,MRAM,-0.002890173410404624
2026-05-12,MRBK,0.0
2026-05-12,MRCC,0.0
2026-05-12,MRCCL,0.0
2026-05-12,MRCY,0.0
2026-05-12,MRD,0.0
2026-05-12,MRDN,0.0
2026-05-12,MRGE,0.0
2026-05-12,MRIC,0.0
2026-05-12,MRIN,0.0
2026-05-12,MRKR,0.0
2026-05-12,MRKT,0.0
2026-05-12,MRLN,-0.002890173410404624
2026-05-12,MRNA,0.0
2026-05-12,MRNO,0.0
2026-05-12,MRNS,0.0
2026-05-12,MRSN,0.0
2026-05-12,MRTN,0.0
2026-05-12,MRTX,0.0
2026-05-12,MRUS,0.0
2026-05-12,MRVC,0.0
2026-05-12,MRVI,0.0
2026-05-12,MRVL,0.0
2026-05-12,MRX,0.0
2026-05-12,MSAC,0.0
2026-05-12,MSAI,0.0
2026-05-12,MSBF,0.0
2026-05-12,MSBI,0.0
2026-05-12,MSCC,0.0
2026-05-12,MSDA,0.0
2026-05-12,MSDI,0.0
2026-05-12,MSDI.W,0.0
2026-05-12,MSEX,0.0
2026-05-12,MSFG,0.0
2026-05-12,MSFT,0.0
2026-05-12,MSGM,0.0
2026-05-12,MSGY,0.0
2026-05-12,MSLE,0.0
2026-05-12,MSLI,0.0
2026-05-12,MSON,0.0
2026-05-12,MSPR,0.0
2026-05-12,MSS,0.0
2026-05-12,MSSA,0.0
2026-05-12,MSTR,0.0
2026-05-12,MSVB,0.0
2026-05-12,MSW,0.0
2026-05-12,MTAC,0.0
2026-05-12,MTBC.P,0.0
2026-05-12,MTC,0.0
2026-05-12,MTCH,0.0
2026-05-12,MTCR,0.0
2026-05-12,MTEC,0.0
2026-05-12,MTEK,0.0
2026-05-12,MTEM,0.0
2026-05-12,MTEN,0.0
2026-05-12,MTEX,0.0
2026-05-12,MTGE,0.0
2026-05-12,MTGE.P,0.0
2026-05-12,MTRX,0.0
2026-05-12,MTRY,0.0
2026-05-12,MTSC,0.0
2026-05-12,MTSI,0.0
2026-05-12,MTSL,0.0
2026-05-12,MTSN,0.0
2026-05-12,MTSR,0.0
2026-05-12,MTTR,0.0
2026-05-12,MTVA,0.0
2026-05-12,MTXX,0.0
2026-05-12,MU,0.002890173410404624
2026-05-12,MUDS,0.0
2026-05-12,MULN,0.0
2026-05-12,MURA,0.0
2026-05-12,MURAV,0.0
2026-05-12,MURF,0.0
2026-05-12,MUZE,0.0
2026-05-12,MVBF,0.0
2026-05-12,MVIR,0.0
2026-05-12,MVIS,0.0
2026-05-12,MVLA,0.0
2026-05-12,MVNR,0.0
2026-05-12,MVST,0.0
2026-05-12,MWH,0.0
2026-05-12,MWIV,0.0
2026-05-12,MWK,0.0
2026-05-12,MWRX,0.0
2026-05-12,MWYN,0.0
2026-05-12,MXCT,0.0
2026-05-12,MXIM,0.0
2026-05-12,MXL,0.002890173410404624
2026-05-12,MXPT,0.0
2026-05-12,MXWL,0.0
2026-05-12,MYFW,0.0
2026-05-12,MYGN,0.0
2026-05-12,MYL,0.0
2026-05-12,MYMD,0.0
2026-05-12,MYNZ,0.0
2026-05-12,MYOK,0.0
2026-05-12,MYOS,0.0
2026-05-12,MYPS,0.0
2026-05-12,MYRG,0.0
2026-05-12,MYRX,0.0
2026-05-12,MYSE,0.0
2026-05-12,MYSZ,0.0
2026-05-12,MYT,0.0
2026-05-12,MZTI,0.0
2026-05-12,nan,0.0
2026-05-12,NAAC,0.0
2026-05-12,NAGE,0.0
2026-05-12,NAII,0.0
2026-05-12,NAKA,0.0
2026-05-12,NAKD,0.0
2026-05-12,NAME,0.0
2026-05-12,NAME.V,0.0
2026-05-12,NAMM,0.0
2026-05-12,NAMS,0.0
2026-05-12,NANO,0.0
2026-05-12,NAOV,0.0
2026-05-12,NARI,0.0
2026-05-12,NASB,0.0
2026-05-12,NATH,0.0
2026-05-12,NATI,0.0
2026-05-12,NATR,0.0
2026-05-12,NAUH,0.0
2026-05-12,NAUT,-0.002890173410404624
2026-05-12,NAVG,0.0
2026-05-12,NAVI,0.0
2026-05-12,NAVN,0.0
2026-05-12,NAYA,0.0
2026-05-12,NB,0.002890173410404624
2026-05-12,NBAC,0.0
2026-05-12,NBBC,0.0
2026-05-12,NBBK,0.0
2026-05-12,NBCB,0.0
2026-05-12,NBEV,0.0
2026-05-12,NBIS,0.0
2026-05-12,NBIX,0.0
2026-05-12,NBL,0.0
2026-05-12,NBN,0.0
2026-05-12,NBRG,0.0
2026-05-12,NBRV,0.0
2026-05-12,NBS,0.0
2026-05-12,NBSE,0.0
2026-05-12,NBST,0.0
2026-05-12,NBTB,0.0
2026-05-12,NBTF,0.0
2026-05-12,NCAC,0.0
2026-05-12,NCBC,0.0
2026-05-12,NCEL,0.0
2026-05-12,NCEW,0.0
2026-05-12,NCI,-0.002890173410404624
2026-05-12,NCIT,0.0
2026-05-12,NCMI,0.0
2026-05-12,NCNC,0.0
2026-05-12,NCNO,0.0
2026-05-12,NCOC,0.0
2026-05-12,NCOM,0.0
2026-05-12,NCPL,0.0
2026-05-12,NCRA,0.0
2026-05-12,NCSM,0.0
2026-05-12,NCT,0.0
2026-05-12,NDAC,0.0
2026-05-12,NDAQ,0.0
2026-05-12,NDLS,0.0
2026-05-12,NDRA,0.0
2026-05-12,NDRM,0.0
2026-05-12,NDSN,0.0
2026-05-12,NEBC,0.0
2026-05-12,NEBU,0.0
2026-05-12,NECB,0.0
2026-05-12,NEGG,0.002890173410404624
2026-05-12,NEHC,0.0
2026-05-12,NEI,0.0
2026-05-12,NENG,0.0
2026-05-12,NEO,0.0
2026-05-12,NEOG,0.0
2026-05-12,NEON,0.0
2026-05-12,NEOS,0.0
2026-05-12,NEOT,0.0
2026-05-12,NEOV,0.0
2026-05-12,NEPH,0.0
2026-05-12,NEPT,0.0
2026-05-12,NERV,0.0
2026-05-12,NESR,0.0
2026-05-12,NETD,0.0
2026-05-12,NETE,0.0
2026-05-12,NEWA,0.0
2026-05-12,NEWL,0.0
2026-05-12,NEWS,0.0
2026-05-12,NEWT,0.0
2026-05-12,NEWT.Z,0.0
2026-05-12,NEWTG,0.0
2026-05-12,NEWTH,0.0
2026-05-12,NEWTI,0.0
2026-05-12,NEWTO,0.0
2026-05-12,NEWTZ,0.0
2026-05-12,NEXI,0.0
2026-05-12,NEXM,0.0
2026-05-12,NEXN,0.0
2026-05-12,NEXR,0.0
2026-05-12,NEXT,-0.002890173410404624
2026-05-12,NFBK,0.0
2026-05-12,NFE,0.0
2026-05-12,NFEC,0.0
2026-05-12,NFIN,0.0
2026-05-12,NFLX,0.0
2026-05-12,NFTG,0.0
2026-05-12,NGAC,0.0
2026-05-12,NGAS,0.0
2026-05-12,NGCA,0.0
2026-05-12,NGEN,0.0
2026-05-12,NGHC,0.0
2026-05-12,NGHC.N,0.0
2026-05-12,NGHCZ,0.0
2026-05-12,NGM,0.0
2026-05-12,NGMS,0.0
2026-05-12,NGNE,0.0
2026-05-12,NGPC,0.0
2026-05-12,NH,0.0
2026-05-12,NHIC,0.0
2026-05-12,NHLD,0.0
2026-05-12,NHP,0.0
2026-05-12,NHTB,0.0
2026-05-12,NHTC,0.0
2026-05-12,NICK,0.0
2026-05-12,NIHD,0.0
2026-05-12,NIR,0.0
2026-05-12,NISN,0.0
2026-05-12,NITO,0.0
2026-05-12,NIVF,0.0
2026-05-12,NIXX,0.0
2026-05-12,NK,0.0
2026-05-12,NKGN,0.0
2026-05-12,NKLA,0.0
2026-05-12,NKLR,0.0
2026-05-12,NKSH,0.0
2026-05-12,NKTR,0.0
2026-05-12,NKTX,0.0
2026-05-12,NLIT,0.0
2026-05-12,NLNK,0.0
2026-05-12,NLSP,0.0
2026-05-12,NLST,0.0
2026-05-12,NLTX,0.0
2026-05-12,NMCI,0.0
2026-05-12,NMFC,0.0
2026-05-12,NMFCL,0.0
2026-05-12,NMFCZ,0.0
2026-05-12,NMHI,0.0
2026-05-12,NMIH,0.0
2026-05-12,NMMC,0.0
2026-05-12,NMP,0.0
2026-05-12,NMRA,-0.002890173410404624
2026-05-12,NMRD,0.0
2026-05-12,NMRK,0.0
2026-05-12,NMRX,0.0
2026-05-12,NMTC,0.0
2026-05-12,NMTR,0.0
2026-05-12,NN,0.0
2026-05-12,NNAG,0.0
2026-05-12,NNBR,0.002890173410404624
2026-05-12,NNE,0.0
2026-05-12,NNNN,0.0
2026-05-12,NNOX,0.0
2026-05-12,NOAC,0.0
2026-05-12,NODK,0.0
2026-05-12,NOEM,0.0
2026-05-12,NOGN,0.0
2026-05-12,NOMA,0.0
2026-05-12,NOTV,0.0
2026-05-12,NOVB,0.0
2026-05-12,NOVL,0.0
2026-05-12,NOVN,0.0
2026-05-12,NOVS,0.0
2026-05-12,NOVT,0.0
2026-05-12,NOVV,0.0
2026-05-12,NPA,0.0
2026-05-12,NPAB,0.0
2026-05-12,NPAC,0.0
2026-05-12,NPBC,0.0
2026-05-12,NPCE,0.0
2026-05-12,NPSP,0.0
2026-05-12,NPT,0.0
2026-05-12,NRAC,0.0
2026-05-12,NRBO,0.0
2026-05-12,NRC,0.0
2026-05-12,NRCI.B,0.0
2026-05-12,NRCIB,0.0
2026-05-12,NRDS,0.0
2026-05-12,NRIM,0.0
2026-05-12,NRIX,0.0
2026-05-12,NRSN,0.0
2026-05-12,NRX,0.0
2026-05-12,NRXP,0.0
2026-05-12,NSEC,0.0
2026-05-12,NSIG,0.0
2026-05-12,NSIT,-0.002890173410404624
2026-05-12,NSPH,0.0
2026-05-12,NSPR,0.0
2026-05-12,NSSC,0.0
2026-05-12,NSTG,0.0
2026-05-12,NSTS,0.0
2026-05-12,NSYS,0.0
2026-05-12,NTAP,0.0
2026-05-12,NTBL,0.0
2026-05-12,NTCL,-0.002890173410404624
2026-05-12,NTCT,0.0
2026-05-12,NTEC,0.0
2026-05-12,NTGN,0.0
2026-05-12,NTGR,0.0
2026-05-12,NTGRV,0.0
2026-05-12,NTHI,0.0
2026-05-12,NTIC,0.0
2026-05-12,NTK,0.0
2026-05-12,NTLA,0.0
2026-05-12,NTLS,0.0
2026-05-12,NTNX,0.0
2026-05-12,NTRA,0.0
2026-05-12,NTRB,0.0
2026-05-12,NTRI,0.0
2026-05-12,NTRP,0.0
2026-05-12,NTRS,0.0
2026-05-12,NTSK,0.0
2026-05-12,NTSP,0.0
2026-05-12,NTUS,0.0
2026-05-12,NTWK,0.0
2026-05-12,NTWO,0.0
2026-05-12,NUAI,-0.002890173410404624
2026-05-12,NUAN,0.0
2026-05-12,NUANV,0.0
2026-05-12,NUBI,0.0
2026-05-12,NUCL,0.0
2026-05-12,NUKK,0.0
2026-05-12,NURO,0.0
2026-05-12,NURO.W,0.0
2026-05-12,NUTR,0.0
2026-05-12,NUTX,0.0
2026-05-12,NUVA,0.0
2026-05-12,NUVL,0.0
2026-05-12,NUVO,0.0
2026-05-12,NUWE,0.0
2026-05-12,NUZE,0.0
2026-05-12,NVAC,0.0
2026-05-12,NVAX,0.002890173410404624
2026-05-12,NVBX.U,0.0
2026-05-12,NVCN,0.0
2026-05-12,NVCR,0.0
2026-05-12,NVCT,0.0
2026-05-12,NVDA,0.0
2026-05-12,NVEC,0.0
2026-05-12,NVEE,0.0
2026-05-12,NVEE.W,0.0
2026-05-12,NVEI,0.0
2026-05-12,NVET,0.0
2026-05-12,NVFY,0.0
2026-05-12,NVIV,0.0
2026-05-12,NVLN,0.0
2026-05-12,NVLS,0.0
2026-05-12,NVMI,0.0
2026-05-12,NVMM,0.0
2026-05-12,NVNI,0.0
2026-05-12,NVNO,0.0
2026-05-12,NVOS,0.0
2026-05-12,NVSA,0.0
2026-05-12,NVSL,0.0
2026-05-12,NVTL,0.0
2026-05-12,NVTR,0.0
2026-05-12,NVTR.V,0.0
2026-05-12,NVTS,0.0
2026-05-12,NVUS,0.0
2026-05-12,NVVE,0.0
2026-05-12,NWBI,0.0
2026-05-12,NWBO,0.0
2026-05-12,NWBO.W,0.0
2026-05-12,NWE,0.0
2026-05-12,NWFL,0.0
2026-05-12,NWGI,0.0
2026-05-12,NWL,0.0
2026-05-12,NWLI,0.0
2026-05-12,NWPX,0.0
2026-05-12,NWS,0.0
2026-05-12,NWSA,0.0
2026-05-12,NWTG,0.0
2026-05-12,NWTN,0.0
2026-05-12,NXEO,0.0
2026-05-12,NXEO.U,0.0
2026-05-12,NXEO.W,0.0
2026-05-12,NXGL,0.0
2026-05-12,NXGN,0.0
2026-05-12,NXL,0.0
2026-05-12,NXPI,0.0
2026-05-12,NXPL,0.0
2026-05-12,NXST,0.0
2026-05-12,NXT,0.0
2026-05-12,NXTC,0.0
2026-05-12,NXTD,0.0
2026-05-12,NXTD.W,0.0
2026-05-12,NXTM,0.0
2026-05-12,NXTP,0.0
2026-05-12,NXTS,0.0
2026-05-12,NXTT,0.0
2026-05-12,NXU,0.0
2026-05-12,NXXT,0.0
2026-05-12,NYAX,0.0
2026-05-12,NYMT,0.0
2026-05-12,NYMT.P,0.0
2026-05-12,NYMTG,0.0
2026-05-12,NYMTH,0.0
2026-05-12,NYMTI,0.0
2026-05-12,NYMTL,0.0
2026-05-12,NYMTZ,0.0
2026-05-12,NYMX,0.0
2026-05-12,NYNY.R,0.0
2026-05-12,NYX,0.0
2026-05-12,NYXH,0.0
2026-05-12,OABC,0.0
2026-05-12,OABI,0.0
2026-05-12,OACC,0.0
2026-05-12,OACQ,0.0
2026-05-12,OACQ.R,0.0
2026-05-12,OACQ.U,0.0
2026-05-12,OACQ.W,0.0
2026-05-12,OAKU,0.0
2026-05-12,OB,0.0
2026-05-12,OBA,0.0
2026-05-12,OBAF,0.0
2026-05-12,OBAI,0.0
2026-05-12,OBAS,0.0
2026-05-12,OBCI,0.0
2026-05-12,OBIO,0.0
2026-05-12,OBLG,0.0
2026-05-12,OBLN,0.0
2026-05-12,OBSV,0.0
2026-05-12,OBT,0.0
2026-05-12,OBTC,0.0
2026-05-12,OCAT,0.0
2026-05-12,OCAX,0.0
2026-05-12,OCC,0.0
2026-05-12,OCCI,0.0
2026-05-12,OCCIN,0.0
2026-05-12,OCDX,0.0
2026-05-12,OCEA,0.0
2026-05-12,OCFC,0.0
2026-05-12,OCG,0.0
2026-05-12,OCGN,0.0
2026-05-12,OCLR,0.0
2026-05-12,OCLS,0.0
2026-05-12,OCRX,0.0
2026-05-12,OCS,0.0
2026-05-12,OCSI,0.0
2026-05-12,OCSL,0.0
2026-05-12,OCSLL,0.0
2026-05-12,OCTO,0.0
2026-05-12,OCUL,0.0
2026-05-12,OCUP,0.0
2026-05-12,OCX,0.0
2026-05-12,OCZ,0.0
2026-05-12,ODD,0.0
2026-05-12,ODFL,0.002890173410404624
2026-05-12,ODP,0.0
2026-05-12,ODT,0.0
2026-05-12,ODYS,-0.002890173410404624
2026-05-12,OEG,0.0
2026-05-12,OEPW,0.0
2026-05-12,OESX,0.0
2026-05-12,OFAL,0.0
2026-05-12,OFED,0.0
2026-05-12,OFIX,0.0
2026-05-12,OFLX,0.0
2026-05-12,OFS,0.0
2026-05-12,OFSSG,0.0
2026-05-12,OFSSH,0.0
2026-05-12,OFSSI,0.0
2026-05-12,OFSSL,0.0
2026-05-12,OFSSO,0.0
2026-05-12,OFSSZ,0.0
2026-05-12,OGI,0.0
2026-05-12,OGXI,0.0
2026-05-12,OHAA,0.0
2026-05-12,OHAI,0.0
2026-05-12,OHGI,0.0
2026-05-12,OHPA,0.0
2026-05-12,OHRP,0.0
2026-05-12,OIG,0.0
2026-05-12,OIM,0.0
2026-05-12,OIMAU,0.0
2026-05-12,OINK,0.0
2026-05-12,OIO,0.0
2026-05-12,OKSB,0.0
2026-05-12,OKTA,0.002890173410404624
2026-05-12,OKUR,0.0
2026-05-12,OKYO,0.0
2026-05-12,OLB,0.0
2026-05-12,OLBK,0.0
2026-05-12,OLED,0.0
2026-05-12,OLIT,0.0
2026-05-12,OLLI,0.0
2026-05-12,OLMA,0.0
2026-05-12,OLOX,0.0
2026-05-12,OLPX,-0.002890173410404624
2026-05-12,OM,0.0
2026-05-12,OMCC,0.0
2026-05-12,OMCL,0.0
2026-05-12,OMDA,0.0
2026-05-12,OMED,0.0
2026-05-12,OMEG,0.0
2026-05-12,OMER,0.0
2026-05-12,OMEX,-0.002890173410404624
2026-05-12,OMGA,0.0
2026-05-12,OMH,0.0
2026-05-12,OMIC,0.0
2026-05-12,OMNT,0.0
2026-05-12,OMP,0.0
2026-05-12,OMQS,0.0
2026-05-12,OMSE,0.0
2026-05-12,ON,0.0
2026-05-12,ONB,0.0
2026-05-12,ONBPO,0.0
2026-05-12,ONCE,0.0
2026-05-12,ONCH,0.0
2026-05-12,ONCO,0.0
2026-05-12,ONCR,0.0
2026-05-12,ONCS,0.0
2026-05-12,ONCT,0.0
2026-05-12,ONCY,0.0
2026-05-12,ONDS,0.002890173410404624
2026-05-12,ONEG,-0.002890173410404624
2026-05-12,ONEM,0.0
2026-05-12,ONEW,0.0
2026-05-12,ONFC,0.0
2026-05-12,ONFO,0.0
2026-05-12,ONMD,0.0
2026-05-12,ONS,0.0
2026-05-12,ONSI.U,0.0
2026-05-12,ONSI.W,0.0
2026-05-12,ONSI.Z,0.0
2026-05-12,ONTX,0.0
2026-05-12,ONTX.W,0.0
2026-05-12,ONTY,0.0
2026-05-12,ONVI,0.0
2026-05-12,ONVO,0.0
2026-05-12,ONXX,0.0
2026-05-12,ONYX,0.0
2026-05-12,OP,0.0
2026-05-12,OPAL,0.0
2026-05-12,OPB,0.0
2026-05-12,OPBK,0.0
2026-05-12,OPCH,0.0
2026-05-12,OPEN,0.002890173410404624
2026-05-12,OPES,0.0
2026-05-12,OPGN,0.0
2026-05-12,OPGN.W,0.0
2026-05-12,OPHT,0.0
2026-05-12,OPI,0.0
2026-05-12,OPINI,0.0
2026-05-12,OPINL,0.0
2026-05-12,OPK,0.0
2026-05-12,OPLK,0.0
2026-05-12,OPNT,0.0
2026-05-12,OPOF,0.0
2026-05-12,OPRT,0.002890173410404624
2026-05-12,OPRX,0.0
2026-05-12,OPTN,0.0
2026-05-12,OPTX,0.0
2026-05-12,OPWV,0.0
2026-05-12,OPXA,0.0
2026-05-12,OPXA.W,0.0
2026-05-12,OPXS,0.0
2026-05-12,ORBC,0.0
2026-05-12,ORBK,0.0
2026-05-12,ORBS,0.0
2026-05-12,ORBT,0.0
2026-05-12,OREX,0.0
2026-05-12,ORGN,0.0
2026-05-12,ORGO,0.0
2026-05-12,ORGS,0.0
2026-05-12,ORIA,0.0
2026-05-12,ORIC,0.0
2026-05-12,ORIG,0.0
2026-05-12,ORIO,0.0
2026-05-12,ORIQ,0.0
2026-05-12,ORIS,0.0
2026-05-12,ORIT,0.0
2026-05-12,ORKA,0.0
2026-05-12,ORKT,0.0
2026-05-12,ORLY,0.0
2026-05-12,ORMP,-0.002890173410404624
2026-05-12,ORPN,0.0
2026-05-12,ORRF,0.0
2026-05-12,ORSN,0.0
2026-05-12,OS,0.0
2026-05-12,OSA,0.0
2026-05-12,OSBC,0.0
2026-05-12,OSBC.P,0.0
2026-05-12,OSHC,0.0
2026-05-12,OSIR,0.0
2026-05-12,OSIS,0.0
2026-05-12,OSMT,0.0
2026-05-12,OSPN,0.0
2026-05-12,OSPR,0.0
2026-05-12,OSRH,0.0
2026-05-12,OSS,0.002890173410404624
2026-05-12,OST,0.0
2026-05-12,OSTK,0.0
2026-05-12,OSTR,0.0
2026-05-12,OSUR,0.0
2026-05-12,OSW,0.0
2026-05-12,OTEC,0.0
2026-05-12,OTEL,0.0
2026-05-12,OTEX,0.0
2026-05-12,OTGA,0.0
2026-05-12,OTIC,0.0
2026-05-12,OTIV,0.0
2026-05-12,OTLK,-0.002890173410404624
2026-05-12,OTMO,0.0
2026-05-12,OTRA,0.0
2026-05-12,OTRK,0.0
2026-05-12,OTTR,0.0
2026-05-12,OTTW,0.0
2026-05-12,OUST,-0.002890173410404624
2026-05-12,OUTR,0.0
2026-05-12,OVAS,0.0
2026-05-12,OVBC,0.0
2026-05-12,OVID,0.0
2026-05-12,OVLY,0.0
2026-05-12,OVRL,0.0
2026-05-12,OVTI,0.0
2026-05-12,OWLS,0.0
2026-05-12,OXAC,0.0
2026-05-12,OXBR,0.0
2026-05-12,OXBR.U,0.0
2026-05-12,OXBT,0.0
2026-05-12,OXFD,0.0
2026-05-12,OXGN,0.0
2026-05-12,OXLC,0.0
2026-05-12,OXLC.O,0.0
2026-05-12,OXLC.P,0.0
2026-05-12,OXLCG,0.0
2026-05-12,OXLCI,0.0
2026-05-12,OXLCL,0.0
2026-05-12,OXLCO,0.0
2026-05-12,OXLCZ,0.0
2026-05-12,OXPS,0.0
2026-05-12,OXSQ,0.0
2026-05-12,OXSQG,0.0
2026-05-12,OXSQH,0.0
2026-05-12,OXSQL,0.0
2026-05-12,OXSQZ,0.0
2026-05-12,OXUS,0.0
2026-05-12,OYSE,0.0
2026-05-12,OYST,0.0
2026-05-12,OZK,0.0
2026-05-12,OZRK,0.0
2026-05-12,PAA,0.0
2026-05-12,PAAC,0.0
2026-05-12,PAAC.R,0.0
2026-05-12,PAAC.U,0.0
2026-05-12,PAAC.W,0.0
2026-05-12,PACB,0.0
2026-05-12,PACE.W,0.0
2026-05-12,PACH,0.0
2026-05-12,PACQ,0.0
2026-05-12,PACR,0.0
2026-05-12,PACW,0.0
2026-05-12,PACX,0.0
2026-05-12,PAE,0.0
2026-05-12,PAET,0.0
2026-05-12,PAFO,0.0
2026-05-12,PAGP,0.0
2026-05-12,PAHC,-0.002890173410404624
2026-05-12,PAIC,0.0
2026-05-12,PAL,0.0
2026-05-12,PALI,0.0
2026-05-12,PALO,0.0
2026-05-12,PALT,0.0
2026-05-12,PAMT,0.0
2026-05-12,PANA,0.0
2026-05-12,PAND,0.0
2026-05-12,PANL,0.0
2026-05-12,PANW,0.0
2026-05-12,PAQC,0.0
2026-05-12,PARA,0.0
2026-05-12,PARAA,0.0
2026-05-12,PARK,0.0
2026-05-12,PARN,0.0
2026-05-12,PASG,0.0
2026-05-12,PASW,0.0
2026-05-12,PATI,0.0
2026-05-12,PATI.V,0.0
2026-05-12,PATK,0.0
2026-05-12,PATR,0.0
2026-05-12,PAVM,0.0
2026-05-12,PAVM.U,0.0
2026-05-12,PAVM.W,0.0
2026-05-12,PAVS,0.0
2026-05-12,PAX,0.0
2026-05-12,PAYA,0.0
2026-05-12,PAYO,0.0
2026-05-12,PAYS,0.0
2026-05-12,PAYX,0.0
2026-05-12,PBAX,0.0
2026-05-12,PBBI,0.0
2026-05-12,PBBK,0.0
2026-05-12,PBCP,0.0
2026-05-12,PBCT,0.0
2026-05-12,PBFS,0.0
2026-05-12,PBHC,0.0
2026-05-12,PBIB,0.0
2026-05-12,PBIP,0.0
2026-05-12,PBLA,0.0
2026-05-12,PBM,0.0
2026-05-12,PBNC,0.0
2026-05-12,PBPB,0.0
2026-05-12,PBSK,0.0
2026-05-12,PBTS,0.0
2026-05-12,PBYI,0.0
2026-05-12,PC,0.0
2026-05-12,PCAP,0.0
2026-05-12,PCAR,0.0
2026-05-12,PCB,0.0
2026-05-12,PCBK,0.0
2026-05-12,PCCT,0.0
2026-05-12,PCH,0.0
2026-05-12,PCMI,0.0
2026-05-12,PCO,0.0
2026-05-12,PCOM,0.0
2026-05-12,PCRX,0.0
2026-05-12,PCSA,0.0
2026-05-12,PCSB,0.0
2026-05-12,PCSC,0.0
2026-05-12,PCT,0.002890173410404624
2026-05-12,PCTI,0.0
2026-05-12,PCTY,0.0
2026-05-12,PCVX,0.0
2026-05-12,PCX,0.0
2026-05-12,PCYC,0.0
2026-05-12,PCYG,0.0
2026-05-12,PCYO,0.0
2026-05-12,PDCE,0.0
2026-05-12,PDCO,0.0
2026-05-12,PDEX,0.0
2026-05-12,PDFS,0.0
2026-05-12,PDII,0.0
2026-05-12,PDLB,0.0
2026-05-12,PDLI,0.0
2026-05-12,PDLIV,0.0
2026-05-12,PDSB,-0.002890173410404624
2026-05-12,PDVW,0.0
2026-05-12,PDYN,0.0
2026-05-12,PEAR,0.0
2026-05-12,PEBK,0.0
2026-05-12,PEBO,0.0
2026-05-12,PECK,0.0
2026-05-12,PECO,0.0
2026-05-12,PEER,0.0
2026-05-12,PEGA,0.0
2026-05-12,PEGI,0.0
2026-05-12,PEGR,0.0
2026-05-12,PEGY,0.0
2026-05-12,PELI,0.0
2026-05-12,PENG,0.002890173410404624
2026-05-12,PENN,0.0
2026-05-12,PENX,0.0
2026-05-12,PEOP,0.0
2026-05-12,PEP,0.0
2026-05-12,PEPG,0.0
2026-05-12,PEPL,0.0
2026-05-12,PERI,0.0
2026-05-12,PERY,0.0
2026-05-12,PESI,0.0
2026-05-12,PET,0.0
2026-05-12,PETD,0.0
2026-05-12,PETM,0.0
2026-05-12,PETQ,0.0
2026-05-12,PETS,0.0
2026-05-12,PETV,0.0
2026-05-12,PETX,0.0
2026-05-12,PETZ,0.0
2026-05-12,PEV,0.0
2026-05-12,PFAI,0.0
2026-05-12,PFBC,0.0
2026-05-12,PFBI,0.0
2026-05-12,PFBX,0.0
2026-05-12,PFC,0.0
2026-05-12,PFCB,0.0
2026-05-12,PFDR,0.0
2026-05-12,PFG,0.0
2026-05-12,PFHD,0.0
2026-05-12,PFIE,0.0
2026-05-12,PFIN,0.0
2026-05-12,PFIS,0.0
2026-05-12,PFMT,0.0
2026-05-12,PFPT,0.0
2026-05-12,PFSA,0.0
2026-05-12,PFSW,0.0
2026-05-12,PFTA,0.0
2026-05-12,PFWD,0.0
2026-05-12,PFX,0.0
2026-05-12,PFXNL,0.0
2026-05-12,PFXNZ,0.0
2026-05-12,PGAC,0.0
2026-05-12,PGC,0.0
2026-05-12,PGEN,0.0
2026-05-12,PGHL,0.0
2026-05-12,PGLC,0.0
2026-05-12,PGNX,0.0
2026-05-12,PGNY,0.0
2026-05-12,PGRW,0.0
2026-05-12,PGY,0.0
2026-05-12,PHAR,0.0
2026-05-12,PHAS,0.0
2026-05-12,PHAT,0.0
2026-05-12,PHCF,0.0
2026-05-12,PHH,0.0
2026-05-12,PHIC,0.0
2026-05-12,PHII,0.0
2026-05-12,PHII.K,0.0
2026-05-12,PHIIK,0.0
2026-05-12,PHIO,0.0
2026-05-12,PHLT,0.0
2026-05-12,PHMD,0.0
2026-05-12,PHOE,0.0
2026-05-12,PHUN,0.0
2026-05-12,PHVS,-0.002890173410404624
2026-05-12,PI,0.0
2026-05-12,PICO,0.0
2026-05-12,PICS,0.002890173410404624
2026-05-12,PIH,0.0
2026-05-12,PIII,0.0
2026-05-12,PIK,0.0
2026-05-12,PINC,0.0
2026-05-12,PIOI,0.0
2026-05-12,PIRS,0.0
2026-05-12,PITA,0.0
2026-05-12,PIXY,0.0
2026-05-12,PKBK,0.0
2026-05-12,PKBO,0.0
2026-05-12,PKOH,0.0
2026-05-12,PKT,0.0
2026-05-12,PLAB,0.0
2026-05-12,PLAO,0.0
2026-05-12,PLAY,0.0
2026-05-12,PLBC,0.0
2026-05-12,PLBL,0.0
2026-05-12,PLBY,0.0
2026-05-12,PLCC,0.0
2026-05-12,PLCE,0.0
2026-05-12,PLCM,0.0
2026-05-12,PLIN,0.0
2026-05-12,PLKI,0.0
2026-05-12,PLL,0.0
2026-05-12,PLMI,0.0
2026-05-12,PLMJ,0.0
2026-05-12,PLMK,0.0
2026-05-12,PLMR,0.0
2026-05-12,PLMT,0.0
2026-05-12,PLNR,0.0
2026-05-12,PLPC,0.002890173410404624
2026-05-12,PLPM,0.0
2026-05-12,PLRX,0.0
2026-05-12,PLRZ,0.0
2026-05-12,PLSE,0.0
2026-05-12,PLSM,0.0
2026-05-12,PLTK,0.0
2026-05-12,PLTN,0.0
2026-05-12,PLTR,0.0
2026-05-12,PLTS,0.0
2026-05-12,PLUG,-0.002890173410404624
2026-05-12,PLUR,0.0
2026-05-12,PLUS,0.0
2026-05-12,PLUT,0.0
2026-05-12,PLXP,0.0
2026-05-12,PLXS,0.0
2026-05-12,PLXT,0.0
2026-05-12,PLYA,0.0
2026-05-12,PLYX,0.0
2026-05-12,PMAX,-0.002890173410404624
2026-05-12,PMBC,0.0
2026-05-12,PMCB,0.0
2026-05-12,PMCS,0.0
2026-05-12,PMD,0.0
2026-05-12,PME,0.0
2026-05-12,PMEC,0.0
2026-05-12,PMFG,0.0
2026-05-12,PMGM,0.0
2026-05-12,PMN,0.0
2026-05-12,PMTR,-0.002890173410404624
2026-05-12,PMTS,0.0
2026-05-12,PMVP,0.0
2026-05-12,PN,0.0
2026-05-12,PNAC,0.0
2026-05-12,PNBK,0.0
2026-05-12,PNK,0.0
2026-05-12,PNKZ.V,0.0
2026-05-12,PNNTG,0.0
2026-05-12,PNRA,0.0
2026-05-12,PNRG,0.0
2026-05-12,PNT,0.0
2026-05-12,PNTG,0.002890173410404624
2026-05-12,PNTR,0.0
2026-05-12,POAI,0.0
2026-05-12,POCI,0.0
2026-05-12,PODC,0.0
2026-05-12,PODD,0.0
2026-05-12,POET,-0.002890173410404624
2026-05-12,POLA,0.0
2026-05-12,POLE,0.0
2026-05-12,PONO,0.0
2026-05-12,POOL,0.0
2026-05-12,POSH,0.0
2026-05-12,POWI,0.0
2026-05-12,POWL,0.002890173410404624
2026-05-12,POWW,0.0
2026-05-12,POZN,0.0
2026-05-12,PPBI,0.0
2026-05-12,PPC,0.0
2026-05-12,PPCB,0.0
2026-05-12,PPD,0.0
2026-05-12,PPDI,0.0
2026-05-12,PPGH,0.0
2026-05-12,PPHC,0.0
2026-05-12,PPHI,0.0
2026-05-12,PPHM,0.0
2026-05-12,PPHM.P,0.0
2026-05-12,PPHP,0.0
2026-05-12,PPIH,0.0
2026-05-12,PPSI,0.0
2026-05-12,PPTA,0.0
2026-05-12,PPYA,0.0
2026-05-12,PRAA,0.0
2026-05-12,PRAH,0.0
2026-05-12,PRAX,0.0
2026-05-12,PRCH,0.0
2026-05-12,PRCP,0.0
2026-05-12,PRCT,0.0
2026-05-12,PRDO,0.0
2026-05-12,PRDS,0.0
2026-05-12,PRE,0.0
2026-05-12,PRFT,0.0
2026-05-12,PRFX,0.0
2026-05-12,PRGN,0.0
2026-05-12,PRGN.L,0.0
2026-05-12,PRGS,0.0
2026-05-12,PRGX,0.0
2026-05-12,PRHI,0.0
2026-05-12,PRHIZ,0.0
2026-05-12,PRKR,0.0
2026-05-12,PRKU,0.0
2026-05-12,PRLD,0.0
2026-05-12,PRLH,0.0
2026-05-12,PRLS,0.0
2026-05-12,PRME,0.0
2026-05-12,PRNB,0.0
2026-05-12,PROC,0.0
2026-05-12,PROF,0.0
2026-05-12,PROG,0.0
2026-05-12,PROK,0.0
2026-05-12,PROP,0.0
2026-05-12,PROV,0.0
2026-05-12,PRPH,0.0
2026-05-12,PRPL,0.0
2026-05-12,PRPO,0.0
2026-05-12,PRQR,0.0
2026-05-12,PRSC,0.0
2026-05-12,PRSN,0.0
2026-05-12,PRSN.W,0.0
2026-05-12,PRSO,-0.002890173410404624
2026-05-12,PRSR,0.0
2026-05-12,PRSS,0.0
2026-05-12,PRST,0.0
2026-05-12,PRTA,-0.002890173410404624
2026-05-12,PRTG,0.0
2026-05-12,PRTH,0.0
2026-05-12,PRTK,0.0
2026-05-12,PRTS,0.0
2026-05-12,PRVA,0.0
2026-05-12,PRVB,0.0
2026-05-12,PRVL,0.0
2026-05-12,PRXI,0.0
2026-05-12,PRXL,0.0
2026-05-12,PRZM,0.0
2026-05-12,PRZO,0.0
2026-05-12,PSAC,0.0
2026-05-12,PSAG,0.0
2026-05-12,PSBH,0.0
2026-05-12,PSDO,0.0
2026-05-12,PSDV,0.0
2026-05-12,PSEC,0.0
2026-05-12,PSEM,0.0
2026-05-12,PSHG,0.0
2026-05-12,PSIG,0.0
2026-05-12,PSIX,0.0
2026-05-12,PSKY,0.0
2026-05-12,PSMI,0.0
2026-05-12,PSMT,0.0
2026-05-12,PSNL,0.0
2026-05-12,PSNY,0.0
2026-05-12,PSSI,0.0
2026-05-12,PSTB,0.0
2026-05-12,PSTI,0.0
2026-05-12,PSTV,0.0
2026-05-12,PSTX,0.0
2026-05-12,PSUN,0.0
2026-05-12,PSYS,0.0
2026-05-12,PTAC,0.0
2026-05-12,PTBI,0.0
2026-05-12,PTBI.W,0.0
2026-05-12,PTC,0.0
2026-05-12,PTCT,0.0
2026-05-12,PTE,0.0
2026-05-12,PTEK,0.0
2026-05-12,PTEN,0.0
2026-05-12,PTGX,0.0
2026-05-12,PTHL,0.0
2026-05-12,PTHR,0.0
2026-05-12,PTI,0.0
2026-05-12,PTIC,0.0
2026-05-12,PTIE,0.0
2026-05-12,PTIX,0.0
2026-05-12,PTLA,0.0
2026-05-12,PTLE,0.0
2026-05-12,PTLO,0.0
2026-05-12,PTMN,0.0
2026-05-12,PTNM,0.0
2026-05-12,PTOC,0.0
2026-05-12,PTON,0.002890173410404624
2026-05-12,PTOR,0.0
2026-05-12,PTPI,0.0
2026-05-12,PTRA,0.0
2026-05-12,PTRN,0.0
2026-05-12,PTRS,0.0
2026-05-12,PTRY,0.0
2026-05-12,PTSI,0.0
2026-05-12,PTSX,0.0
2026-05-12,PTVCA,0.0
2026-05-12,PTVCB,0.0
2026-05-12,PTVE,0.0
2026-05-12,PTWO,0.0
2026-05-12,PTX,0.0
2026-05-12,PUB,0.0
2026-05-12,PUBM,0.0
2026-05-12,PUCK,0.0
2026-05-12,PULB,0.0
2026-05-12,PULM,0.0
2026-05-12,PURE,0.0
2026-05-12,PURR,0.0
2026-05-12,PVAC,0.0
2026-05-12,PVBC,0.0
2026-05-12,PVLA,0.0
2026-05-12,PVTB,0.0
2026-05-12,PVTB.P,0.0
2026-05-12,PWAV,0.0
2026-05-12,PWAVD,0.0
2026-05-12,PWFL,0.0
2026-05-12,PWM,0.0
2026-05-12,PWOD,0.0
2026-05-12,PWP,0.0
2026-05-12,PWUP,0.0
2026-05-12,PWX,0.0
2026-05-12,PXLW,0.0
2026-05-12,PXMD,0.0
2026-05-12,PXS,0.0
2026-05-12,PYCR,0.0
2026-05-12,PYDS,0.0
2026-05-12,PYPD,0.0
2026-05-12,PYPL,0.0
2026-05-12,PYR,0.0
2026-05-12,PYXS,0.0
2026-05-12,PZRX,0.0
2026-05-12,PZZA,0.0
2026-05-12,PZZI,0.0
2026-05-12,QADA,0.0
2026-05-12,QADB,0.0
2026-05-12,QBAK,0.0
2026-05-12,QCCO,0.0
2026-05-12,QCLS,0.0
2026-05-12,QCOM,0.0
2026-05-12,QCOR,0.0
2026-05-12,QCRH,0.0
2026-05-12,QDEL,0.002890173410404624
2026-05-12,QDRO,0.0
2026-05-12,QELL,0.0
2026-05-12,QETA,0.0
2026-05-12,QIPT,0.0
2026-05-12,QKLS,0.0
2026-05-12,QLGC,0.0
2026-05-12,QLGN,0.0
2026-05-12,QLI,0.0
2026-05-12,QLIK,0.0
2026-05-12,QLYS,0.0
2026-05-12,QMCO,0.0
2026-05-12,QMMM,0.0
2026-05-12,QNCX,0.0
2026-05-12,QNST,0.0
2026-05-12,QNTM,0.0
2026-05-12,QOMO,0.0
2026-05-12,QPAC,0.0
2026-05-12,QQQQ,0.0
2026-05-12,QRHC,0.0
2026-05-12,QRTAV,0.0
2026-05-12,QRTBV,0.0
2026-05-12,QRTEA,0.0
2026-05-12,QRTEB,0.0
2026-05-12,QRVO,0.0
2026-05-12,QS,0.0
2026-05-12,QSEA,0.0
2026-05-12,QSFT,0.0
2026-05-12,QSI,0.0
2026-05-12,QSII,0.0
2026-05-12,QTEK,0.0
2026-05-12,QTET,0.0
2026-05-12,QTET.R,0.0
2026-05-12,QTET.U,0.0
2026-05-12,QTI,0.0
2026-05-12,QTNA,0.0
2026-05-12,QTNT,0.0
2026-05-12,QTNT.U,0.0
2026-05-12,QTNT.W,0.0
2026-05-12,QTRH,0.0
2026-05-12,QTRX,-0.002890173410404624
2026-05-12,QTTB,0.0
2026-05-12,QTWW,0.0
2026-05-12,QUBT,0.0
2026-05-12,QUCY,0.0
2026-05-12,QUIK,0.0
2026-05-12,QUMS,0.0
2026-05-12,QUMU,0.0
2026-05-12,QURE,0.002890173410404624
2026-05-12,QVCA,0.0
2026-05-12,QVCB,0.0
2026-05-12,QVCGA,0.0
2026-05-12,QVCGB,0.0
2026-05-12,QXL,0.0
2026-05-12,RAAC,0.0
2026-05-12,RAAQ,0.0
2026-05-12,RACA,0.0
2026-05-12,RACB,0.0
2026-05-12,RACY,0.0
2026-05-12,RADA,0.0
2026-05-12,RADB,0.0
2026-05-12,RADI,0.0
2026-05-12,RAIL,0.0
2026-05-12,RAIN,0.0
2026-05-12,RAM,0.0
2026-05-12,RAND,0.0
2026-05-12,RANG,0.0
2026-05-12,RANI,0.0
2026-05-12,RAPP,0.0
2026-05-12,RAPT,0.0
2026-05-12,RARE,0.0
2026-05-12,RARX,0.0
2026-05-12,RAVE,0.0
2026-05-12,RAVN,0.0
2026-05-12,RAY,0.0
2026-05-12,RAYA,0.0
2026-05-12,RBB,0.0
2026-05-12,RBBN,0.0
2026-05-12,RBCAA,0.0
2026-05-12,RBCN,0.0
2026-05-12,RBIO,0.0
2026-05-12,RBKB,0.0
2026-05-12,RBNC,0.0
2026-05-12,RBNE,0.0
2026-05-12,RBNEV,0.0
2026-05-12,RBPA.A,0.0
2026-05-12,RBPAA,0.0
2026-05-12,RBZ,0.0
2026-05-12,RCAC,0.0
2026-05-12,RCAT,0.0
2026-05-12,RCHG,0.0
2026-05-12,RCKT,0.0
2026-05-12,RCKY,0.0
2026-05-12,RCLF,0.0
2026-05-12,RCM,0.0
2026-05-12,RCMT,0.0
2026-05-12,RCNI,0.0
2026-05-12,RCON,0.0
2026-05-12,RCPI,0.0
2026-05-12,RCPT,0.0
2026-05-12,RCRT,0.0
2026-05-12,RCT,0.0
2026-05-12,RDA,0.0
2026-05-12,RDAC,0.0
2026-05-12,RDAG,0.0
2026-05-12,RDBX,0.0
2026-05-12,RDCM,0.0
2026-05-12,RDEN,0.0
2026-05-12,RDFN,0.0
2026-05-12,RDGT,0.0
2026-05-12,RDI,0.0
2026-05-12,RDIB,0.0
2026-05-12,RDNT,0.0
2026-05-12,RDNW,0.0
2026-05-12,RDUS,0.0
2026-05-12,RDVT,0.002890173410404624
2026-05-12,RDWR,0.0
2026-05-12,RDZN,-0.002890173410404624
2026-05-12,REAL,0.0
2026-05-12,REAX,0.0
2026-05-12,REBN,0.0
2026-05-12,RECT,0.0
2026-05-12,REDF,0.0
2026-05-12,REDX,0.0
2026-05-12,REE,0.0
2026-05-12,REFI,0.0
2026-05-12,REFR,0.0
2026-05-12,REG,0.0
2026-05-12,REGI,0.0
2026-05-12,REGN,0.0
2026-05-12,REIS,0.0
2026-05-12,REKR,0.0
2026-05-12,RELI,0.0
2026-05-12,RELL,0.0
2026-05-12,RELV,0.0
2026-05-12,RELY,0.0
2026-05-12,REMY,0.0
2026-05-12,RENB,0.0
2026-05-12,RENE,0.0
2026-05-12,RENO,0.0
2026-05-12,RENT,0.0
2026-05-12,RENX,0.0
2026-05-12,REPH,0.0
2026-05-12,REPHV,0.0
2026-05-12,REPL,-0.002890173410404624
2026-05-12,RESN,0.0
2026-05-12,RETA,0.0
2026-05-12,RETO,0.0
2026-05-12,REUN,0.0
2026-05-12,REVB,0.0
2026-05-12,REVE,0.0
2026-05-12,REVH,0.0
2026-05-12,REXI,0.0
2026-05-12,REXN,0.0
2026-05-12,REXX,0.0
2026-05-12,REYN,0.0
2026-05-12,RFAC,0.0
2026-05-12,RFAI,0.0
2026-05-12,RFAM,0.0
2026-05-12,RFIL,0.0
2026-05-12,RFMD,0.0
2026-05-12,RGC,0.002890173410404624
2026-05-12,RGCO,0.0
2026-05-12,RGDO,0.0
2026-05-12,RGDX,0.0
2026-05-12,RGEN,0.002890173410404624
2026-05-12,RGF,0.0
2026-05-12,RGLD,0.0
2026-05-12,RGLS,0.0
2026-05-12,RGNX,0.0
2026-05-12,RGP,0.0
2026-05-12,RGS,0.0
2026-05-12,RGSE,0.0
2026-05-12,RGTI,0.0
2026-05-12,RHDM,0.0
2026-05-12,RHLDV,0.0
2026-05-12,RIBB,0.0
2026-05-12,RIBT,0.0
2026-05-12,RIBT.W,0.0
2026-05-12,RICK,0.0
2026-05-12,RICO,0.0
2026-05-12,RIDE,0.0
2026-05-12,RIGL,0.0
2026-05-12,RILY,0.0
2026-05-12,RILYG,0.0
2026-05-12,RILYH,0.0
2026-05-12,RILYI,0.0
2026-05-12,RILYK,0.0
2026-05-12,RILYL,0.0
2026-05-12,RILYN,0.0
2026-05-12,RILYT,0.0
2026-05-12,RILYZ,0.0
2026-05-12,RIME,0.0
2026-05-12,RIMM,0.0
2026-05-12,RINO,0.0
2026-05-12,RIOT,0.0
2026-05-12,RITR,0.0
2026-05-12,RITT,0.0
2026-05-12,RITT.W,0.0
2026-05-12,RIVE,0.0
2026-05-12,RIVN,0.0
2026-05-12,RIVR,0.0
2026-05-12,RJET,0.0
2026-05-12,RKDA,0.0
2026-05-12,RKLB,0.0
2026-05-12,RLAY,0.002890173410404624
2026-05-12,RLJE,0.0
2026-05-12,RLMD,0.0
2026-05-12,RLOC,0.0
2026-05-12,RLOG,0.0
2026-05-12,RLYB,0.0
2026-05-12,RLYP,0.0
2026-05-12,RMBI,0.0
2026-05-12,RMBL,0.0
2026-05-12,RMBS,0.002890173410404624
2026-05-12,RMCF,0.0
2026-05-12,RMCO,0.0
2026-05-12,RMGB,0.0
2026-05-12,RMGC,0.0
2026-05-12,RMGN,0.0
2026-05-12,RMIX,0.0
2026-05-12,RMNI,0.0
2026-05-12,RMR,0.0
2026-05-12,RMRM,0.0
2026-05-12,RMSG,0.0
2026-05-12,RMTI,0.0
2026-05-12,RNA,0.0
2026-05-12,RNAC,0.0
2026-05-12,RNAM,0.0
2026-05-12,RNAZ,0.0
2026-05-12,RNBW,0.0
2026-05-12,RNDB,0.0
2026-05-12,RNER,0.0
2026-05-12,RNET,0.0
2026-05-12,RNGT,0.0
2026-05-12,RNTX,0.0
2026-05-12,RNVA,0.0
2026-05-12,RNVA.W,0.0
2026-05-12,RNVA.Z,0.0
2026-05-12,RNW,0.0
2026-05-12,RNWK,0.0
2026-05-12,RNXT,0.0
2026-05-12,ROAD,0.0
2026-05-12,ROC,0.0
2026-05-12,ROCC,0.0
2026-05-12,ROCG,0.0
2026-05-12,ROCH,0.0
2026-05-12,ROCK,0.0
2026-05-12,ROCL,0.0
2026-05-12,ROCR,0.0
2026-05-12,ROI,0.0
2026-05-12,ROIA,0.0
2026-05-12,ROIA.K,0.0
2026-05-12,ROIAK,0.0
2026-05-12,ROIC,0.0
2026-05-12,ROIC.U,0.0
2026-05-12,ROIC.W,0.0
2026-05-12,ROIQ,0.0
2026-05-12,ROIQ.U,0.0
2026-05-12,ROIQ.W,0.0
2026-05-12,ROIV,0.0
2026-05-12,ROKA,0.0
2026-05-12,ROKU,0.0
2026-05-12,ROMA,0.0
2026-05-12,ROOT,0.002890173410404624
2026-05-12,ROP,0.0
2026-05-12,ROSE,0.0
2026-05-12,ROSG,0.0
2026-05-12,ROST,0.0
2026-05-12,ROVI,0.0
2026-05-12,ROVR,0.0
2026-05-12,ROYL,0.0
2026-05-12,RP,0.0
2026-05-12,RPAY,0.0
2026-05-12,RPD,0.0
2026-05-12,RPGL,-0.002890173410404624
2026-05-12,RPHM,0.0
2026-05-12,RPID,0.0
2026-05-12,RPRX,0.0
2026-05-12,RPRX.W,0.0
2026-05-12,RPRX.Z,0.0
2026-05-12,RPRXD,0.0
2026-05-12,RPTP,0.0
2026-05-12,RPTX,0.0
2026-05-12,RPXC,0.0
2026-05-12,RR,0.0
2026-05-12,RRBI,0.0
2026-05-12,RRGB,0.0
2026-05-12,RRI,0.0
2026-05-12,RRM,0.0
2026-05-12,RRR,0.0
2026-05-12,RRST,0.0
2026-05-12,RSLS,0.0
2026-05-12,RSSS,0.0
2026-05-12,RSTI,0.0
2026-05-12,RSTN,0.0
2026-05-12,RSVA,0.0
2026-05-12,RSVR,0.0
2026-05-12,RSYS,0.0
2026-05-12,RTAC,0.0
2026-05-12,RTC,0.0
2026-05-12,RTGN,0.0
2026-05-12,RTIX,0.0
2026-05-12,RTK,0.0
2026-05-12,RTL,0.0
2026-05-12,RTLPO,0.0
2026-05-12,RTNB,0.0
2026-05-12,RTPY,0.0
2026-05-12,RTRX,0.0
2026-05-12,RTTR,0.0
2026-05-12,RUBI,0.0
2026-05-12,RUBY,0.0
2026-05-12,RUDR,0.0
2026-05-12,RUM,0.0
2026-05-12,RUN,0.0
2026-05-12,RUSHA,0.0
2026-05-12,RUSHB,0.0
2026-05-12,RUTH,0.0
2026-05-12,RVAC,0.0
2026-05-12,RVBD,0.0
2026-05-12,RVEN,0.0
2026-05-12,RVLP,0.0
2026-05-12,RVLT,0.0
2026-05-12,RVMD,0.0
2026-05-12,RVNC,0.0
2026-05-12,RVPH,0.0
2026-05-12,RVSB,0.0
2026-05-12,RVSN,0.0
2026-05-12,RVYL,0.0
2026-05-12,RWAY,-0.002890173410404624
2026-05-12,RWAYI,0.0
2026-05-12,RWAYL,0.0
2026-05-12,RWAYZ,0.0
2026-05-12,RWLK,0.0
2026-05-12,RWOD,0.0
2026-05-12,RXDX,0.0
2026-05-12,RXII,0.0
2026-05-12,RXRA,0.0
2026-05-12,RXRX,0.0
2026-05-12,RXST,0.0
2026-05-12,RXT,0.0
2026-05-12,RYET,0.0
2026-05-12,RYM,0.0
2026-05-12,RYOJ,0.0
2026-05-12,RYTM,0.0
2026-05-12,RYZB,0.0
2026-05-12,RZLT,0.0
2026-05-12,RZLV,-0.002890173410404624
2026-05-12,SAAQ,0.0
2026-05-12,SAAS,0.0
2026-05-12,SABR,0.002890173410404624
2026-05-12,SABS,0.0
2026-05-12,SAEX,0.0
2026-05-12,SAFM,0.0
2026-05-12,SAFT,0.0
2026-05-12,SAFX,0.0
2026-05-12,SAG,0.0
2026-05-12,SAGA,0.0
2026-05-12,SAGE,0.0
2026-05-12,SAGT,0.0
2026-05-12,SAI,0.0
2026-05-12,SAIA,0.002890173410404624
2026-05-12,SAIC,0.0
2026-05-12,SAIH,0.0
2026-05-12,SAII,0.0
2026-05-12,SAIL,0.0
2026-05-12,SAJA,0.0
2026-05-12,SAL,0.0
2026-05-12,SALE,0.0
2026-05-12,SALM,0.0
2026-05-12,SAMA,0.0
2026-05-12,SAMG,0.0
2026-05-12,SANA,0.0
2026-05-12,SANB,0.0
2026-05-12,SANG,0.0
2026-05-12,SANM,0.002890173410404624
2026-05-12,SANW,0.0
2026-05-12,SANW.Z,0.0
2026-05-12,SAPE,0.0
2026-05-12,SAQN,0.0
2026-05-12,SASI,0.0
2026-05-12,SASR,0.0
2026-05-12,SATC,0.0
2026-05-12,SATL,-0.002890173410404624
2026-05-12,SATS,0.0
2026-05-12,SATSV,0.0
2026-05-12,SAUC,0.0
2026-05-12,SAVA,0.0
2026-05-12,SBAC,0.0
2026-05-12,SBBP,0.0
2026-05-12,SBBX,0.0
2026-05-12,SBC,0.0
2026-05-12,SBCF,0.0
2026-05-12,SBCP,0.0
2026-05-12,SBEA,0.0
2026-05-12,SBET,0.0
2026-05-12,SBFG,0.0
2026-05-12,SBFG.P,0.0
2026-05-12,SBFM,0.0
2026-05-12,SBGI,0.0
2026-05-12,SBIB,0.0
2026-05-12,SBIG,0.0
2026-05-12,SBLK,0.0
2026-05-12,SBLK.L,0.0
2026-05-12,SBLKL,0.0
2026-05-12,SBLKZ,0.0
2026-05-12,SBLX,0.0
2026-05-12,SBNY,0.0
2026-05-12,SBNY.W,0.0
2026-05-12,SBOT,0.0
2026-05-12,SBPH,0.0
2026-05-12,SBRA,0.0
2026-05-12,SBRA.P,0.0
2026-05-12,SBSA,0.0
2026-05-12,SBT,0.0
2026-05-12,SBUX,0.0
2026-05-12,SCAC,0.0
2026-05-12,SCAC.U,0.0
2026-05-12,SCAI,0.0
2026-05-12,SCAQ,0.0
2026-05-12,SCBT,0.0
2026-05-12,SCHL,0.0
2026-05-12,SCHN,0.0
2026-05-12,SCII,0.0
2026-05-12,SCKT,0.0
2026-05-12,SCLE,0.0
2026-05-12,SCLN,0.0
2026-05-12,SCLX,0.0
2026-05-12,SCMA,0.0
2026-05-12,SCMP,0.0
2026-05-12,SCNX,0.0
2026-05-12,SCOA,0.0
2026-05-12,SCOB,0.0
2026-05-12,SCOK,0.0
2026-05-12,SCON,0.0
2026-05-12,SCOR,0.0
2026-05-12,SCPH,0.0
2026-05-12,SCPL,0.0
2026-05-12,SCPQ,0.0
2026-05-12,SCPS,0.0
2026-05-12,SCR,0.0
2026-05-12,SCRM,0.0
2026-05-12,SCSC,0.0
2026-05-12,SCSS,0.0
2026-05-12,SCTL,0.0
2026-05-12,SCTY,0.0
2026-05-12,SCVL,0.002890173410404624
2026-05-12,SCWO,0.0
2026-05-12,SCWX,0.0
2026-05-12,SCYX,0.0
2026-05-12,SCZM,0.0
2026-05-12,SDA,0.0
2026-05-12,SDAC,0.0
2026-05-12,SDC,0.0
2026-05-12,SDGR,0.0
2026-05-12,SDHI,0.0
2026-05-12,SDIG,0.0
2026-05-12,SDM,0.0
2026-05-12,SDOT,0.0
2026-05-12,SDST,0.0
2026-05-12,SEAC,0.0
2026-05-12,SEAT,0.0
2026-05-12,SEDG,0.0
2026-05-12,SEED,0.0
2026-05-12,SEEL,0.0
2026-05-12,SEER,0.0
2026-05-12,SEGG,-0.002890173410404624
2026-05-12,SEIC,0.0
2026-05-12,SEII,0.0
2026-05-12,SELB,0.0
2026-05-12,SELF,0.0
2026-05-12,SELX,0.0
2026-05-12,SENEA,0.0
2026-05-12,SENEB,0.0
2026-05-12,SENS,-0.002890173410404624
2026-05-12,SEPA,0.0
2026-05-12,SEPN,0.002890173410404624
2026-05-12,SERA,0.0
2026-05-12,SERV,0.0
2026-05-12,SESN,0.0
2026-05-12,SEV,0.0
2026-05-12,SEVN,0.0
2026-05-12,SEVR.R,0.0
2026-05-12,SEZL,0.002890173410404624
2026-05-12,SFBC,0.0
2026-05-12,SFD,0.0
2026-05-12,SFE,0.0
2026-05-12,SFHG,0.0
2026-05-12,SFIX,0.002890173410404624
2026-05-12,SFLY,0.0
2026-05-12,SFM,0.0
2026-05-12,SFNC,0.0
2026-05-12,SFR,0.0
2026-05-12,SFST,0.0
2026-05-12,SFT,0.0
2026-05-12,SFWL,0.0
2026-05-12,SFXE,0.0
2026-05-12,SGA,0.0
2026-05-12,SGAM,0.0
2026-05-12,SGBK,0.0
2026-05-12,SGBX,0.0
2026-05-12,SGBXV,0.0
2026-05-12,SGC,0.0
2026-05-12,SGD,0.0
2026-05-12,SGDVV,0.0
2026-05-12,SGEN,0.0
2026-05-12,SGH,0.0
2026-05-12,SGHL,0.0
2026-05-12,SGHT,0.0
2026-05-12,SGII,0.0
2026-05-12,SGLB,0.0
2026-05-12,SGLY,0.0
2026-05-12,SGMA,0.0
2026-05-12,SGML,0.002890173410404624
2026-05-12,SGMO,0.0
2026-05-12,SGMT,0.0
2026-05-12,SGNL,0.0
2026-05-12,SGNT,0.0
2026-05-12,SGOC,0.0
2026-05-12,SGP,0.0
2026-05-12,SGRP,0.0
2026-05-12,SGRY,0.0
2026-05-12,SGTX,0.0
2026-05-12,SGYP,0.0
2026-05-12,SGYP.U,0.0
2026-05-12,SGYP.W,0.0
2026-05-12,SHAC,0.0
2026-05-12,SHAZ,0.0
2026-05-12,SHBI,0.0
2026-05-12,SHC,0.0
2026-05-12,SHCA,0.0
2026-05-12,SHCR,0.0
2026-05-12,SHEN,0.0
2026-05-12,SHFL,0.0
2026-05-12,SHFS,0.0
2026-05-12,SHIM,0.0
2026-05-12,SHIP,0.0
2026-05-12,SHLD.R,0.0
2026-05-12,SHLD.W,0.0
2026-05-12,SHLD.Z,0.0
2026-05-12,SHLM,0.0
2026-05-12,SHLO,0.0
2026-05-12,SHLS,0.0
2026-05-12,SHMD,0.0
2026-05-12,SHOO,0.002890173410404624
2026-05-12,SHOP,0.0
2026-05-12,SHOR,0.0
2026-05-12,SHOS,0.0
2026-05-12,SHOT,0.0
2026-05-12,SHPGY,0.0
2026-05-12,SHPH,0.0
2026-05-12,SHPW,0.0
2026-05-12,SHQA,0.0
2026-05-12,SHSP,0.0
2026-05-12,SHUA,0.0
2026-05-12,SHYF,0.0
2026-05-12,SIAL,0.0
2026-05-12,SIBC,0.0
2026-05-12,SIBN,0.0
2026-05-12,SIC,0.0
2026-05-12,SIDU,0.0
2026-05-12,SIEB,0.0
2026-05-12,SIEN,0.0
2026-05-12,SIER,0.0
2026-05-12,SIGA,0.0
2026-05-12,SIGI,0.0
2026-05-12,SIGM,0.0
2026-05-12,SILC,0.0
2026-05-12,SILK,0.0
2026-05-12,SILO,0.0
2026-05-12,SIMA,0.0
2026-05-12,SIMG,0.0
2026-05-12,SINA,0.0
2026-05-12,SINO,0.0
2026-05-12,SINT,0.0
2026-05-12,SION,0.0
2026-05-12,SIOX,0.0
2026-05-12,SIR,0.0
2026-05-12,SIRI,0.0
2026-05-12,SIRO,0.0
2026-05-12,SIRVV,0.0
2026-05-12,SISI,0.0
2026-05-12,SITM,0.002890173410404624
2026-05-12,SITO,0.0
2026-05-12,SIVB,0.0
2026-05-12,SJ,0.0
2026-05-12,SJA,0.0
2026-05-12,SJW,0.0
2026-05-12,SKBI,0.0
2026-05-12,SKBL,-0.002890173410404624
2026-05-12,SKGR,0.0
2026-05-12,SKIN,-0.002890173410404624
2026-05-12,SKIS,0.0
2026-05-12,SKK,0.0
2026-05-12,SKLN,0.0
2026-05-12,SKLN.U,0.0
2026-05-12,SKLN.W,0.0
2026-05-12,SKUL,0.0
2026-05-12,SKWD,0.0
2026-05-12,SKYA,0.0
2026-05-12,SKYE,0.0
2026-05-12,SKYQ,0.0
2026-05-12,SKYT,0.0
2026-05-12,SKYW,0.0
2026-05-12,SKYX,0.0
2026-05-12,SLAB,0.0
2026-05-12,SLAC,0.0
2026-05-12,SLAM,0.0
2026-05-12,SLCR,0.0
2026-05-12,SLCT,0.0
2026-05-12,SLDB,0.0
2026-05-12,SLDE,0.0
2026-05-12,SLDP,0.0
2026-05-12,SLE,0.0
2026-05-12,SLGB,0.0
2026-05-12,SLGC,0.0
2026-05-12,SLGG,0.0
2026-05-12,SLGL,0.0
2026-05-12,SLHG,0.0
2026-05-12,SLM,0.0
2026-05-12,SLMA.P,0.0
2026-05-12,SLMT,0.0
2026-05-12,SLNA,0.0
2026-05-12,SLNG,0.0
2026-05-12,SLNH,0.0
2026-05-12,SLNO,-0.002890173410404624
2026-05-12,SLP,0.0
2026-05-12,SLRC,0.0
2026-05-12,SLRN,0.0
2026-05-12,SLRX,0.0
2026-05-12,SLS,0.0
2026-05-12,SLSN,0.0
2026-05-12,SLTC,0.0
2026-05-12,SLTD,0.0
2026-05-12,SLXN,0.0
2026-05-12,SLXP,0.0
2026-05-12,SMAC,0.0
2026-05-12,SMAC.R,0.0
2026-05-12,SMAC.U,0.0
2026-05-12,SMBC,0.0
2026-05-12,SMBL,0.0
2026-05-12,SMCI,0.0
2026-05-12,SMEC,0.0
2026-05-12,SMED,0.0
2026-05-12,SMFL,0.0
2026-05-12,SMFR,0.0
2026-05-12,SMID,0.0
2026-05-12,SMIH,0.0
2026-05-12,SMIT,0.0
2026-05-12,SMLR,0.0
2026-05-12,SMMC,0.0
2026-05-12,SMMF,0.0
2026-05-12,SMMT,0.0
2026-05-12,SMOD,0.0
2026-05-12,SMPL,0.0
2026-05-12,SMSA,0.0
2026-05-12,SMSH,0.0
2026-05-12,SMSI,0.0
2026-05-12,SMT,0.0
2026-05-12,SMTC,0.0
2026-05-12,SMTI,0.0
2026-05-12,SMTK,0.0
2026-05-12,SMTP,0.0
2026-05-12,SMTX,0.0
2026-05-12,SMX,-0.002890173410404624
2026-05-12,SMXT,0.0
2026-05-12,SNAK,0.0
2026-05-12,SNAL,0.0
2026-05-12,SNAX,0.0
2026-05-12,SNBC,0.0
2026-05-12,SNBP,0.0
2026-05-12,SNBR,0.0
2026-05-12,SNC,0.0
2026-05-12,SNCA,0.0
2026-05-12,SNCE,0.0
2026-05-12,SNCR,0.0
2026-05-12,SNCY,0.002890173410404624
2026-05-12,SND,0.0
2026-05-12,SNDK,0.002890173410404624
2026-05-12,SNDKV,0.0
2026-05-12,SNDL,0.0
2026-05-12,SNDX,0.0
2026-05-12,SNES,0.0
2026-05-12,SNEX,0.002890173410404624
2026-05-12,SNFCA,0.0
2026-05-12,SNGX,0.0
2026-05-12,SNH,0.0
2026-05-12,SNHN.I,0.0
2026-05-12,SNHN.L,0.0
2026-05-12,SNHNI,0.0
2026-05-12,SNHNL,0.0
2026-05-12,SNHVV,0.0
2026-05-12,SNHY,0.0
2026-05-12,SNI,0.0
2026-05-12,SNIC,0.0
2026-05-12,SNMX,0.0
2026-05-12,SNNA,0.0
2026-05-12,SNOA,0.0
2026-05-12,SNPO,0.0
2026-05-12,SNPS,0.0
2026-05-12,SNRH,0.0
2026-05-12,SNSE,0.0
2026-05-12,SNSS,0.0
2026-05-12,SNSSD,0.0
2026-05-12,SNT,0.0
2026-05-12,SNTA,0.0
2026-05-12,SNTG,0.0
2026-05-12,SNTI,0.0
2026-05-12,SNTS,0.0
2026-05-12,SNWL,0.0
2026-05-12,SNWV,0.0
2026-05-12,SNYR,0.0
2026-05-12,SOBR,-0.002890173410404624
2026-05-12,SOCA,0.0
2026-05-12,SOCB,0.0
2026-05-12,SODA,0.0
2026-05-12,SODR,0.0
2026-05-12,SOFI,0.0
2026-05-12,SOFO,0.0
2026-05-12,SOHO,0.0
2026-05-12,SOHO.L,0.0
2026-05-12,SOHO.M,0.0
2026-05-12,SOHOK,0.0
2026-05-12,SOHOM,0.0
2026-05-12,SOHU,0.0
2026-05-12,SOLF,0.0
2026-05-12,SOLO,0.0
2026-05-12,SOLS,-0.002890173410404624
2026-05-12,SOLSV,0.0
2026-05-12,SOLY,0.0
2026-05-12,SOMX,0.0
2026-05-12,SONA,0.0
2026-05-12,SONC,0.0
2026-05-12,SOND,0.0
2026-05-12,SONE,0.0
2026-05-12,SONG,0.0
2026-05-12,SONM,0.0
2026-05-12,SONN,0.0
2026-05-12,SONO,0.0
2026-05-12,SONS,0.0
2026-05-12,SOPA,0.0
2026-05-12,SOPH,0.0
2026-05-12,SORA,0.0
2026-05-12,SORL,0.0
2026-05-12,SORN,0.0
2026-05-12,SOTK,0.0
2026-05-12,SOUN,0.0
2026-05-12,SOVO,0.0
2026-05-12,SOWG,0.0
2026-05-12,SP,0.0
2026-05-12,SPAI,0.0
2026-05-12,SPAN,0.0
2026-05-12,SPAR,0.0
2026-05-12,SPCB,0.0
2026-05-12,SPCH.A,0.0
2026-05-12,SPCH.B,0.0
2026-05-12,SPCM,0.0
2026-05-12,SPDC,0.0
2026-05-12,SPEC,0.0
2026-05-12,SPEG,0.0
2026-05-12,SPEL,0.0
2026-05-12,SPEX,0.0
2026-05-12,SPFI,0.0
2026-05-12,SPGC,0.0
2026-05-12,SPHA,0.0
2026-05-12,SPHL,0.0
2026-05-12,SPHS,0.0
2026-05-12,SPI,0.0
2026-05-12,SPK,0.0
2026-05-12,SPKB,0.0
2026-05-12,SPKE,0.0
2026-05-12,SPKL,0.0
2026-05-12,SPLK,0.0
2026-05-12,SPNC,0.0
2026-05-12,SPNE,0.0
2026-05-12,SPNE.V,0.0
2026-05-12,SPNS,0.0
2026-05-12,SPOK,0.0
2026-05-12,SPPI,0.0
2026-05-12,SPPL,-0.002890173410404624
2026-05-12,SPPR,0.0
2026-05-12,SPPR.O,0.0
2026-05-12,SPPR.P,0.0
2026-05-12,SPPR.R,0.0
2026-05-12,SPRB,0.0
2026-05-12,SPRC,0.0
2026-05-12,SPRD,0.0
2026-05-12,SPRO,0.0
2026-05-12,SPRT,0.0
2026-05-12,SPRY,0.0
2026-05-12,SPSC,0.0
2026-05-12,SPT,0.002890173410404624
2026-05-12,SPTK,0.0
2026-05-12,SPTN,0.0
2026-05-12,SPTX,0.0
2026-05-12,SPU,0.0
2026-05-12,SPWH,0.0
2026-05-12,SPWR,0.0
2026-05-12,SPWRA,0.0
2026-05-12,SPWRB,0.0
2026-05-12,SPWRV,0.0
2026-05-12,SQBG,0.0
2026-05-12,SQBK,0.0
2026-05-12,SQFT,0.0
2026-05-12,SQI,0.0
2026-05-12,SQL,0.0
2026-05-12,SQNM,0.0
2026-05-12,SRAC,0.0
2026-05-12,SRAD,0.0
2026-05-12,SRAQ,0.0
2026-05-12,SRAQ.U,0.0
2026-05-12,SRAX,0.0
2026-05-12,SRBK,0.0
2026-05-12,SRCE,0.0
2026-05-12,SRCL,0.0
2026-05-12,SRDX,0.0
2026-05-12,SREV,0.0
2026-05-12,SRGA,0.0
2026-05-12,SRM,0.0
2026-05-12,SRNE,0.0
2026-05-12,SRNG,0.0
2026-05-12,SRPT,0.0
2026-05-12,SRRA,0.0
2026-05-12,SRRK,0.0
2026-05-12,SRSA,0.0
2026-05-12,SRSC,0.0
2026-05-12,SRSC.V,0.0
2026-05-12,SRTA,0.0
2026-05-12,SRTS,0.0
2026-05-12,SRTS.U,0.0
2026-05-12,SRTS.W,0.0
2026-05-12,SRUN,0.0
2026-05-12,SRVA,0.0
2026-05-12,SRZN,0.0
2026-05-12,SSAA,0.0
2026-05-12,SSAC,0.0
2026-05-12,SSBI,0.0
2026-05-12,SSBK,0.0
2026-05-12,SSC,0.0
2026-05-12,SSEA,0.0
2026-05-12,SSFN,0.0
2026-05-12,SSH,0.0
2026-05-12,SSIC,0.0
2026-05-12,SSII,0.0
2026-05-12,SSKN,0.0
2026-05-12,SSLJ,0.0
2026-05-12,SSM,0.0
2026-05-12,SSNC,0.0
2026-05-12,SSNT,0.0
2026-05-12,SSP,0.0
2026-05-12,SSPK,0.0
2026-05-12,SSRG,0.0
2026-05-12,SSRI,0.0
2026-05-12,SSRM,0.0
2026-05-12,SSSS,0.0
2026-05-12,SSSSL,0.0
2026-05-12,SSTI,0.0
2026-05-12,SSYS,0.0
2026-05-12,STAA,0.0
2026-05-12,STAB,0.0
2026-05-12,STAF,0.0
2026-05-12,STAI,0.0
2026-05-12,STAK,0.0
2026-05-12,STAY,0.0
2026-05-12,STB,0.0
2026-05-12,STBA,0.0
2026-05-12,STBX,0.0
2026-05-12,STBZ,0.0
2026-05-12,STCK,0.0
2026-05-12,STCN,0.0
2026-05-12,STDY,0.0
2026-05-12,STEI,0.0
2026-05-12,STEP,0.0
2026-05-12,STER,0.0
2026-05-12,STEX,-0.002890173410404624
2026-05-12,STFC,0.0
2026-05-12,STFS,0.0
2026-05-12,STGW,0.0
2026-05-12,STHO,0.0
2026-05-12,STI,0.0
2026-05-12,STIM,0.0
2026-05-12,STIX,0.0
2026-05-12,STKE,0.0
2026-05-12,STKL,0.0
2026-05-12,STKS,0.0
2026-05-12,STLD,0.0
2026-05-12,STLR.U,0.0
2026-05-12,STLR.W,0.0
2026-05-12,STLY,0.0
2026-05-12,STML,0.0
2026-05-12,STMP,0.0
2026-05-12,STND,0.0
2026-05-12,STNE,0.0
2026-05-12,STNL,0.0
2026-05-12,STNR,0.0
2026-05-12,STOK,0.002890173410404624
2026-05-12,STRA,0.0
2026-05-12,STRL,0.002890173410404624
2026-05-12,STRM,0.0
2026-05-12,STRO,0.0
2026-05-12,STRR,0.0
2026-05-12,STRS,0.0
2026-05-12,STRT,-0.002890173410404624
2026-05-12,STRZ,0.0
2026-05-12,STRZ.A,0.0
2026-05-12,STRZ.B,0.0
2026-05-12,STRZA,0.0
2026-05-12,STRZB,0.0
2026-05-12,STSA,0.0
2026-05-12,STSAD,0.0
2026-05-12,STSI,0.0
2026-05-12,STSS,0.0
2026-05-12,STTK,0.002890173410404624
2026-05-12,STWO,0.0
2026-05-12,STX,0.0
2026-05-12,STXB,0.0
2026-05-12,STXS.W,0.0
2026-05-12,SUBK,0.0
2026-05-12,SUGP,0.0
2026-05-12,SUIG,-0.002890173410404624
2026-05-12,SUMA,0.0
2026-05-12,SUMO,0.0
2026-05-12,SUMR,0.0
2026-05-12,SUNE,0.0
2026-05-12,SUNH,0.0
2026-05-12,SUNS,0.0
2026-05-12,SUNSV,0.0
2026-05-12,SUNW,0.0
2026-05-12,SUPN,0.0
2026-05-12,SUPX,0.0
2026-05-12,SURF,0.0
2026-05-12,SURG,0.0
2026-05-12,SUSQ,0.0
2026-05-12,SUTR,0.0
2026-05-12,SUUN,0.0
2026-05-12,SV,0.0
2026-05-12,SVA,0.0
2026-05-12,SVAC,0.0
2026-05-12,SVAQ,0.0
2026-05-12,SVBI,0.0
2026-05-12,SVC,0.0
2026-05-12,SVCC,0.0
2026-05-12,SVCO,0.0
2026-05-12,SVFA,0.0
2026-05-12,SVFB,0.0
2026-05-12,SVFC,0.0
2026-05-12,SVFD,0.0
2026-05-12,SVII,0.0
2026-05-12,SVIV,0.0
2026-05-12,SVMH,0.0
2026-05-12,SVMK,0.0
2026-05-12,SVNA,0.0
2026-05-12,SVNT,0.0
2026-05-12,SVOK,0.0
2026-05-12,SVRA,0.0
2026-05-12,SVRN,0.0
2026-05-12,SVVC,0.0
2026-05-12,SWAG,0.0
2026-05-12,SWAV,0.0
2026-05-12,SWBI,0.0
2026-05-12,SWBIV,0.0
2026-05-12,SWET,0.0
2026-05-12,SWHC,0.0
2026-05-12,SWIM,0.0
2026-05-12,SWIN,0.0
2026-05-12,SWIR,0.0
2026-05-12,SWKH,0.0
2026-05-12,SWKHL,0.0
2026-05-12,SWKS,0.0
2026-05-12,SWMR,-0.002890173410404624
2026-05-12,SWSH,0.0
2026-05-12,SWSI,0.0
2026-05-12,SWSS,0.0
2026-05-12,SWTX,0.0
2026-05-12,SWVL,0.0
2026-05-12,SXBU.U,0.0
2026-05-12,SXCI,0.0
2026-05-12,SXCL,0.0
2026-05-12,SXTC,0.0
2026-05-12,SXTP,0.0
2026-05-12,SYBT,0.0
2026-05-12,SYBX,0.0
2026-05-12,SYKE,0.0
2026-05-12,SYM,0.0
2026-05-12,SYMC,0.0
2026-05-12,SYMX,0.0
2026-05-12,SYNA,0.002890173410404624
2026-05-12,SYNC,0.0
2026-05-12,SYNH,0.0
2026-05-12,SYNM,0.0
2026-05-12,SYNT,0.0
2026-05-12,SYPR,0.0
2026-05-12,SYRA,0.0
2026-05-12,SYRE,0.0
2026-05-12,SYRS,0.0
2026-05-12,SYRX,0.0
2026-05-12,SYTA,0.0
2026-05-12,SYUT,0.0
2026-05-12,SZMK,0.0
2026-05-12,SZYM,0.0
2026-05-12,SZZL,0.0
2026-05-12,TA,0.0
2026-05-12,TACH,0.0
2026-05-12,TACO,0.0
2026-05-12,TACO.U,0.0
2026-05-12,TACT,0.0
2026-05-12,TAG,0.0
2026-05-12,TAIT,0.0
2026-05-12,TALK,0.0
2026-05-12,TALS,0.0
2026-05-12,TANH,0.0
2026-05-12,TANN.I,0.0
2026-05-12,TANN.L,0.0
2026-05-12,TANN.Z,0.0
2026-05-12,TANNI,0.0
2026-05-12,TAOP,0.0
2026-05-12,TAOX,0.0
2026-05-12,TARA,0.0
2026-05-12,TARS,0.0
2026-05-12,TASK,0.0
2026-05-12,TASR,0.0
2026-05-12,TAST,0.0
2026-05-12,TATT,0.0
2026-05-12,TAVI,0.0
2026-05-12,TAXI.L,0.0
2026-05-12,TAYC,0.0
2026-05-12,TAYC.O,0.0
2026-05-12,TAYC.P,0.0
2026-05-12,TAYD,0.0
2026-05-12,TBBK,0.0
2026-05-12,TBCH,0.0
2026-05-12,TBCP,0.0
2026-05-12,TBH,0.0
2026-05-12,TBHC,0.0
2026-05-12,TBIO,0.0
2026-05-12,TBLA,0.0
2026-05-12,TBLD,0.0
2026-05-12,TBLT,0.0
2026-05-12,TBMC,0.0
2026-05-12,TBNK,0.0
2026-05-12,TBPH,0.0
2026-05-12,TBRA,0.0
2026-05-12,TBRG,0.0
2026-05-12,TBSA,0.0
2026-05-12,TBSI,0.0
2026-05-12,TCAC,0.0
2026-05-12,TCBC,0.0
2026-05-12,TCBI,0.0
2026-05-12,TCBI.L,0.0
2026-05-12,TCBI.W,0.0
2026-05-12,TCBIL,0.0
2026-05-12,TCBK,0.0
2026-05-12,TCBS,0.0
2026-05-12,TCCO,0.0
2026-05-12,TCDA,0.0
2026-05-12,TCF,0.0
2026-05-12,TCFC,0.0
2026-05-12,TCJH,0.0
2026-05-12,TCMD,0.002890173410404624
2026-05-12,TCON,0.0
2026-05-12,TCPC,0.0
2026-05-12,TCRD,0.0
2026-05-12,TCRR,0.0
2026-05-12,TCRT,0.0
2026-05-12,TCRX,0.0
2026-05-12,TCVA,0.0
2026-05-12,TCX,0.0
2026-05-12,TDAC,0.0
2026-05-12,TDIC,0.0
2026-05-12,TDUP,0.0
2026-05-12,TDWD,0.0
2026-05-12,TEAD,0.0
2026-05-12,TEAM,0.0
2026-05-12,TEAR,0.0
2026-05-12,TECD,0.0
2026-05-12,TECH,0.0
2026-05-12,TECU,0.0
2026-05-12,TECX,0.0
2026-05-12,TEKK,0.0
2026-05-12,TELA,0.0
2026-05-12,TELK,0.0
2026-05-12,TELO,0.0
2026-05-12,TEM,0.0
2026-05-12,TENB,0.002890173410404624
2026-05-12,TENK,0.0
2026-05-12,TENX,0.0
2026-05-12,TER,0.0
2026-05-12,TERN,0.0
2026-05-12,TERP,0.0
2026-05-12,TESO,0.0
2026-05-12,TESS,0.0
2026-05-12,TETC,0.0
2026-05-12,TETE,0.0
2026-05-12,TEUM,0.0
2026-05-12,TFCF,0.0
2026-05-12,TFCFA,0.0
2026-05-12,TFFP,0.0
2026-05-12,TFM,0.0
2026-05-12,TFSC,0.0
2026-05-12,TFSC.R,0.0
2026-05-12,TFSC.U,0.0
2026-05-12,TFSC.W,0.0
2026-05-12,TFSL,0.0
2026-05-12,TGA,0.0
2026-05-12,TGAA,0.0
2026-05-12,TGAN,0.0
2026-05-12,TGHL,0.0
2026-05-12,TGL,0.0
2026-05-12,TGTX,0.0
2026-05-12,TGVC,0.0
2026-05-12,TH,-0.002890173410404624
2026-05-12,THAC,0.0
2026-05-12,THAR,0.0
2026-05-12,THBR,0.0
2026-05-12,THCA,0.0
2026-05-12,THCB,0.0
2026-05-12,THCH,0.0
2026-05-12,THCP,0.0
2026-05-12,THFF,0.0
2026-05-12,THH,0.0
2026-05-12,THLD,0.0
2026-05-12,THMA,0.0
2026-05-12,THMO,0.0
2026-05-12,THOR,0.0
2026-05-12,THQI,0.0
2026-05-12,THRD,0.0
2026-05-12,THRM,0.0
2026-05-12,THRN,0.0
2026-05-12,THRX,0.0
2026-05-12,THRX.V,0.0
2026-05-12,THRY,0.0
2026-05-12,THST,0.0
2026-05-12,THTI,0.0
2026-05-12,THTX,0.0
2026-05-12,TIBR,0.0
2026-05-12,TIBX,0.0
2026-05-12,TICC,0.0
2026-05-12,TICCL,0.0
2026-05-12,TIG,0.0
2026-05-12,TIGO,0.0
2026-05-12,TIGR,0.0
2026-05-12,TIL,0.0
2026-05-12,TILE,0.002890173410404624
2026-05-12,TIO,0.0
2026-05-12,TIOA,0.0
2026-05-12,TIPT,0.0
2026-05-12,TIRX,0.0
2026-05-12,TISA,0.0
2026-05-12,TITN,0.0
2026-05-12,TIVC,0.0
2026-05-12,TIVO,0.0
2026-05-12,TJGC,-0.002890173410404624
2026-05-12,TKAI,0.0
2026-05-12,TKKS,0.0
2026-05-12,TKLC,0.0
2026-05-12,TKMR,0.0
2026-05-12,TKNO,0.0
2026-05-12,TLAB,0.0
2026-05-12,TLCR,0.0
2026-05-12,TLEO,0.0
2026-05-12,TLF,0.0
2026-05-12,TLGT,0.0
2026-05-12,TLGY,0.0
2026-05-12,TLIH,0.0
2026-05-12,TLIS,0.0
2026-05-12,TLMD,0.0
2026-05-12,TLMR,0.0
2026-05-12,TLN,0.0
2026-05-12,TLNC,0.0
2026-05-12,TLOG,0.0
2026-05-12,TLPH,0.0
2026-05-12,TLRY,0.0
2026-05-12,TLS,0.002890173410404624
2026-05-12,TLSA,0.0
2026-05-12,TLSI,0.0
2026-05-12,TMC,0.0
2026-05-12,TMCI,0.0
2026-05-12,TMCR,0.0
2026-05-12,TMCX,0.0
2026-05-12,TMDI,0.0
2026-05-12,TMDX,0.0
2026-05-12,TMKR,0.0
2026-05-12,TMNG,0.0
2026-05-12,TMPM,0.0
2026-05-12,TMPO,0.0
2026-05-12,TMSR,0.0
2026-05-12,TMTC,0.0
2026-05-12,TMTS,0.0
2026-05-12,TMUS,0.0
2026-05-12,TMUSI,0.0
2026-05-12,TMUSL,0.0
2026-05-12,TMUSZ,0.0
2026-05-12,TNAV,0.0
2026-05-12,TNDM,0.0
2026-05-12,TNFA,0.0
2026-05-12,TNGO,0.0
2026-05-12,TNGX,0.002890173410404624
2026-05-12,TNMG,0.0
2026-05-12,TNON,0.0
2026-05-12,TNT,0.0
2026-05-12,TNTR,0.0
2026-05-12,TNXP,0.0
2026-05-12,TNYA,0.0
2026-05-12,TOAC,0.0
2026-05-12,TOCA,0.0
2026-05-12,TOI,0.0
2026-05-12,TOMZ,0.0
2026-05-12,TONX,0.002890173410404624
2026-05-12,TOP,0.0
2026-05-12,TOR,0.0
2026-05-12,TORC,0.0
2026-05-12,TORM,0.0
2026-05-12,TORO,0.0
2026-05-12,TOROV,0.0
2026-05-12,TOTA,0.0
2026-05-12,TOWN,0.0
2026-05-12,TOYO,-0.002890173410404624
2026-05-12,TPBA,0.0
2026-05-12,TPCO,0.0
2026-05-12,TPCS,0.0
2026-05-12,TPG,0.002890173410404624
2026-05-12,TPGXL,0.0
2026-05-12,TPIC,0.0
2026-05-12,TPIV,0.0
2026-05-12,TPNL,0.0
2026-05-12,TPST,0.0
2026-05-12,TPTX,0.0
2026-05-12,TQNT,0.0
2026-05-12,TRAW,0.0
2026-05-12,TRAX,0.0
2026-05-12,TRAXV,0.0
2026-05-12,TRCB,0.0
2026-05-12,TRCH,0.0
2026-05-12,TRDA,-0.002890173410404624
2026-05-12,TREE,0.0
2026-05-12,TRGS,0.0
2026-05-12,TRGT,0.0
2026-05-12,TRHC,0.0
2026-05-12,TRI,0.0
2026-05-12,TRID,0.0
2026-05-12,TRIN,0.0
2026-05-12,TRINI,0.0
2026-05-12,TRINL,0.0
2026-05-12,TRINZ,0.0
2026-05-12,TRIP,0.0
2026-05-12,TRIT,0.0
2026-05-12,TRIV,0.0
2026-05-12,TRKA,0.0
2026-05-12,TRLG,0.0
2026-05-12,TRMA,0.0
2026-05-12,TRMB,0.0
2026-05-12,TRMD,0.0
2026-05-12,TRMK,0.0
2026-05-12,TRML,0.0
2026-05-12,TRMT,0.0
2026-05-12,TRNC,0.0
2026-05-12,TRNR,0.0
2026-05-12,TRNS,0.0
2026-05-12,TRNX,0.0
2026-05-12,TRON,0.0
2026-05-12,TROO,0.0
2026-05-12,TROV,0.0
2026-05-12,TROV.U,0.0
2026-05-12,TROV.W,0.0
2026-05-12,TROW,0.0
2026-05-12,TRS,0.0
2026-05-12,TRSG,0.0
2026-05-12,TRST,0.0
2026-05-12,TRSV.V,0.0
2026-05-12,TRTL.W,0.0
2026-05-12,TRUE,0.0
2026-05-12,TRUG,0.0
2026-05-12,TRUP,0.002890173410404624
2026-05-12,TRVI,0.0
2026-05-12,TRVN,0.0
2026-05-12,TSAT,0.0
2026-05-12,TSBK,0.0
2026-05-12,TSBX,0.0
2026-05-12,TSC,0.0
2026-05-12,TSCAP,0.0
2026-05-12,TSCO,0.0
2026-05-12,TSEM,0.0
2026-05-12,TSFG,0.0
2026-05-12,TSG,0.0
2026-05-12,TSHA,0.002890173410404624
2026-05-12,TSIA,0.0
2026-05-12,TSIB,0.0
2026-05-12,TSLA,0.0
2026-05-12,TSP,0.0
2026-05-12,TSPT,0.0
2026-05-12,TSRA,0.0
2026-05-12,TSRE,0.0
2026-05-12,TSRI,0.0
2026-05-12,TSRO,0.0
2026-05-12,TSSI,0.0
2026-05-12,TST,0.0
2026-05-12,TSTC,0.0
2026-05-12,TSTR,0.0
2026-05-12,TSVT,0.0
2026-05-12,TSVTV,0.0
2026-05-12,TSYS,0.0
2026-05-12,TTAN,0.0
2026-05-12,TTCF,0.0
2026-05-12,TTD,0.0
2026-05-12,TTEC,0.002890173410404624
2026-05-12,TTEK,0.0
2026-05-12,TTGT,0.0
2026-05-12,TTHI,0.0
2026-05-12,TTMI,0.002890173410404624
2026-05-12,TTNP,0.0
2026-05-12,TTOO,0.0
2026-05-12,TTPH,0.0
2026-05-12,TTRX,0.0
2026-05-12,TTSH,0.0
2026-05-12,TTWO,0.0
2026-05-12,TUBE,0.0
2026-05-12,TUEM,0.0
2026-05-12,TUES,0.0
2026-05-12,TUGC,0.0
2026-05-12,TULP,0.0
2026-05-12,TURN,0.0
2026-05-12,TUSK,-0.002890173410404624
2026-05-12,TVA,0.0
2026-05-12,TVAC,0.0
2026-05-12,TVAI,0.0
2026-05-12,TVGN,0.0
2026-05-12,TVIA,0.0
2026-05-12,TVRD,0.0
2026-05-12,TVTX,0.0
2026-05-12,TVTY,0.0
2026-05-12,TW,0.0
2026-05-12,TWAV,0.0
2026-05-12,TWCB,0.0
2026-05-12,TWCT,0.0
2026-05-12,TWER,0.0
2026-05-12,TWFG,0.0
2026-05-12,TWG,0.0
2026-05-12,TWGP,0.0
2026-05-12,TWIN,0.0
2026-05-12,TWKS,0.0
2026-05-12,TWLV,0.0
2026-05-12,TWMC,0.0
2026-05-12,TWNK,0.0
2026-05-12,TWNP,0.0
2026-05-12,TWNPV,0.0
2026-05-12,TWOU,0.0
2026-05-12,TWST,0.0
2026-05-12,TWTC,0.0
2026-05-12,TXAC,0.0
2026-05-12,TXG,0.0
2026-05-12,TXMD,0.0
2026-05-12,TXN,0.0
2026-05-12,TXRH,0.0
2026-05-12,TYDE,0.0
2026-05-12,TYDEV,0.0
2026-05-12,TYGO,0.0
2026-05-12,TYHT,0.0
2026-05-12,TYME,0.0
2026-05-12,TYPE,0.0
2026-05-12,TYRA,0.0
2026-05-12,TZAC,0.0
2026-05-12,TZOO,0.002890173410404624
2026-05-12,TZPS,0.0
2026-05-12,TZUP,0.0
2026-05-12,UAL,0.002890173410404624
2026-05-12,UAUA,0.0
2026-05-12,UBCP,0.0
2026-05-12,UBFO,0.0
2026-05-12,UBIC,0.0
2026-05-12,UBNK,0.0
2026-05-12,UBNT,0.0
2026-05-12,UBOH,0.0
2026-05-12,UBSH,0.0
2026-05-12,UBSI,0.0
2026-05-12,UBX,0.0
2026-05-12,UBXG,0.0
2026-05-12,UCAR,0.0
2026-05-12,UCBA,0.0
2026-05-12,UCBI,0.0
2026-05-12,UCBIO,0.0
2026-05-12,UCFC,0.0
2026-05-12,UCFI,0.0
2026-05-12,UCTT,0.002890173410404624
2026-05-12,UDF,0.0
2026-05-12,UDFD.V,0.0
2026-05-12,UDMY,0.0
2026-05-12,UEIC,0.0
2026-05-12,UFCS,0.0
2026-05-12,UFG,0.0
2026-05-12,UFPI,0.0
2026-05-12,UFPT,0.002890173410404624
2026-05-12,UG,0.0
2026-05-12,UGRO,-0.002890173410404624
2026-05-12,UHG,0.0
2026-05-12,UIHC,0.0
2026-05-12,UK,0.0
2026-05-12,ULBI,0.0
2026-05-12,ULCC,0.002890173410404624
2026-05-12,ULH,0.0
2026-05-12,ULTA,0.0
2026-05-12,ULY,0.0
2026-05-12,UMBF,0.0
2026-05-12,UMPQ,0.0
2026-05-12,UMRX,0.0
2026-05-12,UNAM,0.0
2026-05-12,UNB,0.0
2026-05-12,UNCY,0.0
2026-05-12,UNIS,0.0
2026-05-12,UNIT,0.0
2026-05-12,UNTD,0.0
2026-05-12,UNTK,0.0
2026-05-12,UNTY,0.0
2026-05-12,UNXL,0.0
2026-05-12,UOKA,0.0
2026-05-12,UONE,0.0
2026-05-12,UONEK,0.0
2026-05-12,UPB,0.0
2026-05-12,UPBD,0.0
2026-05-12,UPC,0.0
2026-05-12,UPI,0.0
2026-05-12,UPIP,0.0
2026-05-12,UPL,0.0
2026-05-12,UPLD,0.0
2026-05-12,UPST,0.0
2026-05-12,UPTD,0.0
2026-05-12,UPWK,0.0
2026-05-12,UPXI,0.0
2026-05-12,URBN,0.002890173410404624
2026-05-12,UREE,0.0
2026-05-12,URGN,0.0
2026-05-12,UROV,0.0
2026-05-12,UROY,0.0
2026-05-12,URRE,0.0
2026-05-12,USAK,0.0
2026-05-12,USAP,0.0
2026-05-12,USAR,0.002890173410404624
2026-05-12,USAT,0.0
2026-05-12,USAT.P,0.0
2026-05-12,USAU,0.0
2026-05-12,USBI,0.0
2026-05-12,USCB,0.0
2026-05-12,USCR,0.0
2026-05-12,USCT,0.0
2026-05-12,USEA,0.0
2026-05-12,USEG,0.0
2026-05-12,USGO,0.0
2026-05-12,USIO,0.0
2026-05-12,USLM,0.0
2026-05-12,USMO,0.0
2026-05-12,USTR,0.0
2026-05-12,USWS,0.0
2026-05-12,UTAA,0.0
2026-05-12,UTEK,0.0
2026-05-12,UTHR,0.0
2026-05-12,UTIW,0.0
2026-05-12,UTMD,0.0
2026-05-12,UTME,0.0
2026-05-12,UTRS,0.0
2026-05-12,UTSI,0.0
2026-05-12,UVSP,0.0
2026-05-12,UYSC,0.0
2026-05-12,VA,0.0
2026-05-12,VABK,0.0
2026-05-12,VACH,0.0
2026-05-12,VACQ,0.0
2026-05-12,VALU,0.0
2026-05-12,VANI,0.0
2026-05-12,VAPE,0.0
2026-05-12,VAQC,0.0
2026-05-12,VASC,0.0
2026-05-12,VAXX,0.0
2026-05-12,VBAY,0.0
2026-05-12,VBFC,0.0
2026-05-12,VBIO,0.0
2026-05-12,VBIV,0.0
2026-05-12,VBIX,0.0
2026-05-12,VBLT,0.0
2026-05-12,VBLX,0.0
2026-05-12,VBNK,0.0
2026-05-12,VBOC,0.0
2026-05-12,VBTX,0.0
2026-05-12,VC,0.0
2026-05-12,VCEL,0.0
2026-05-12,VCIC,0.0
2026-05-12,VCIG,0.0
2026-05-12,VCKA,0.0
2026-05-12,VCLK,0.0
2026-05-12,VCNX,0.0
2026-05-12,VCSA,0.0
2026-05-12,VCTR,0.0
2026-05-12,VCVC,0.0
2026-05-12,VCXA,0.0
2026-05-12,VCYT,0.0
2026-05-12,VDSI,0.0
2026-05-12,VEAC,0.0
2026-05-12,VECO,0.0
2026-05-12,VECT,0.0
2026-05-12,VEDU,0.0
2026-05-12,VEEA,0.0
2026-05-12,VEEE,-0.002890173410404624
2026-05-12,VELO,0.0
2026-05-12,VENA,0.0
2026-05-12,VERA,0.0
2026-05-12,VERB,0.0
2026-05-12,VERI,0.0
2026-05-12,VERO,0.0
2026-05-12,VERU,0.0
2026-05-12,VERV,0.0
2026-05-12,VERX,0.0
2026-05-12,VERY,0.0
2026-05-12,VEV,0.0
2026-05-12,VFF,0.0
2026-05-12,VFS,0.0
2026-05-12,VGAS,0.0
2026-05-12,VGFC,0.0
2026-05-12,VGGL,0.0
2026-05-12,VHC,0.0
2026-05-12,VHCP,-0.002890173410404624
2026-05-12,VHNA,0.0
2026-05-12,VHUB,0.0
2026-05-12,VIAB,0.0
2026-05-12,VIAS,0.0
2026-05-12,VIAV,0.0
2026-05-12,VICL,0.0
2026-05-12,VICR,0.0
2026-05-12,VIDE,0.0
2026-05-12,VIE,0.0
2026-05-12,VIEW,0.0
2026-05-12,VIGL,0.0
2026-05-12,VIH,0.0
2026-05-12,VII,0.0
2026-05-12,VIMC,0.0
2026-05-12,VINC,0.0
2026-05-12,VINO,0.0
2026-05-12,VINP,0.0
2026-05-12,VIR,0.0
2026-05-12,VIRC,0.0
2026-05-12,VIRI,0.0
2026-05-12,VIRX,0.0
2026-05-12,VISL,0.0
2026-05-12,VISN,-0.002890173410404624
2026-05-12,VITA,0.0
2026-05-12,VITC,0.0
2026-05-12,VITL,0.0
2026-05-12,VIVE,0.0
2026-05-12,VIVK,0.0
2026-05-12,VIVO,0.0
2026-05-12,VIVS,0.0
2026-05-12,VKTX,0.0
2026-05-12,VKTX.W,0.0
2026-05-12,VLAT,0.0
2026-05-12,VLCC.F,0.0
2026-05-12,VLCN,0.0
2026-05-12,VLDR,0.0
2026-05-12,VLGEA,0.0
2026-05-12,VLNC,0.0
2026-05-12,VLNS,0.0
2026-05-12,VLON,0.0
2026-05-12,VLRX,0.0
2026-05-12,VLTC,0.0
2026-05-12,VLTR,0.0
2026-05-12,VLY,0.0
2026-05-12,VLYW.W,0.0
2026-05-12,VMAC,0.0
2026-05-12,VMAR,0.0
2026-05-12,VMCA,0.0
2026-05-12,VMD,0.0
2026-05-12,VMED,0.0
2026-05-12,VMEO,0.0
2026-05-12,VMET,0.0
2026-05-12,VMGA,0.0
2026-05-12,VNCE,0.002890173410404624
2026-05-12,VNDA,0.0
2026-05-12,VNME,0.0
2026-05-12,VNOM,0.0
2026-05-12,VNR,0.0
2026-05-12,VOCS,0.0
2026-05-12,VOLC,0.0
2026-05-12,VOR,0.0
2026-05-12,VORB,0.0
2026-05-12,VOSO,0.0
2026-05-12,VOXR,0.0
2026-05-12,VOXX,0.0
2026-05-12,VPCB,0.0
2026-05-12,VPCO,0.0
2026-05-12,VPCO.U,0.0
2026-05-12,VPFG,0.0
2026-05-12,VPHM,0.0
2026-05-12,VPRT,0.0
2026-05-12,VQS,0.0
2026-05-12,VRA,0.0
2026-05-12,VRAR,0.0
2026-05-12,VRAX,0.002890173410404624
2026-05-12,VRAY,0.0
2026-05-12,VRCA,0.0
2026-05-12,VRDN,0.0
2026-05-12,VREX,-0.002890173410404624
2026-05-12,VRGY,0.0
2026-05-12,VRM,0.0
2026-05-12,VRME,0.0
2026-05-12,VRML,0.0
2026-05-12,VRNG,0.0
2026-05-12,VRNG.W,0.0
2026-05-12,VRNS,0.0
2026-05-12,VRNT,0.0
2026-05-12,VRNTV,0.0
2026-05-12,VRPX,0.0
2026-05-12,VRRM,0.0
2026-05-12,VRSK,0.0
2026-05-12,VRSN,0.0
2026-05-12,VRTA,0.0
2026-05-12,VRTB,0.0
2026-05-12,VRTU,0.0
2026-05-12,VRTX,0.0
2026-05-12,VS,0.0
2026-05-12,VSAC,0.0
2026-05-12,VSAI,0.0
2026-05-12,VSAR,0.0
2026-05-12,VSAT,0.002890173410404624
2026-05-12,VSCI,0.0
2026-05-12,VSCP,0.0
2026-05-12,VSEA,0.0
2026-05-12,VSEC,0.002890173410404624
2026-05-12,VSEE,0.0
2026-05-12,VSME,0.0
2026-05-12,VSNT,0.0
2026-05-12,VSNTV,0.0
2026-05-12,VSPR,0.0
2026-05-12,VSTA,0.0
2026-05-12,VSTD,0.0
2026-05-12,VSTE,0.0
2026-05-12,VSTM,0.0
2026-05-12,VTAE,0.0
2026-05-12,VTAQ,0.0
2026-05-12,VTGN,0.0
2026-05-12,VTIQ,0.0
2026-05-12,VTIX,0.0
2026-05-12,VTL,0.0
2026-05-12,VTNR,0.0
2026-05-12,VTROD,0.0
2026-05-12,VTRS,0.0
2026-05-12,VTRU,0.0
2026-05-12,VTSI,0.0
2026-05-12,VTSS,0.0
2026-05-12,VTUS,0.0
2026-05-12,VTVT,0.0
2026-05-12,VTYX,0.0
2026-05-12,VUZI,0.0
2026-05-12,VVOS,0.0
2026-05-12,VVPR,0.0
2026-05-12,VVTV,0.0
2026-05-12,VVUS,0.0
2026-05-12,VWAV,0.0
2026-05-12,VWE,0.0
2026-05-12,VWR,0.0
2026-05-12,VWTR,0.0
2026-05-12,VXDN,0.0
2026-05-12,VXRT,0.0
2026-05-12,VXUP,0.0
2026-05-12,VYFC,0.0
2026-05-12,VYGR,0.0
2026-05-12,VYNE,0.0
2026-05-12,VYNT,0.0
2026-05-12,WABC,0.0
2026-05-12,WAFD,0.0
2026-05-12,WAFD.W,0.0
2026-05-12,WAFDP,0.0
2026-05-12,WAFU,0.0
2026-05-12,WAI,0.0
2026-05-12,WALD,0.0
2026-05-12,WASH,0.0
2026-05-12,WATG,0.0
2026-05-12,WATT,0.002890173410404624
2026-05-12,WAVD,0.0
2026-05-12,WAVS,0.0
2026-05-12,WAVX,0.0
2026-05-12,WAY,0.002890173410404624
2026-05-12,WAYN,0.0
2026-05-12,WBA,0.0
2026-05-12,WBB,0.0
2026-05-12,WBD,0.0
2026-05-12,WBKC,0.0
2026-05-12,WBMD,0.0
2026-05-12,WBSN,0.0
2026-05-12,WBTN,0.0
2026-05-12,WBUY,0.0
2026-05-12,WCFB,0.0
2026-05-12,WCGC,0.0
2026-05-12,WCRX,0.0
2026-05-12,WCST,0.0
2026-05-12,WCT,0.0
2026-05-12,WDAY,0.0
2026-05-12,WDC,0.002890173410404624
2026-05-12,WDCVV,0.0
2026-05-12,WDFC,0.0
2026-05-12,WEB,0.0
2026-05-12,WEBK,0.0
2026-05-12,WEJO,0.0
2026-05-12,WEN,0.0
2026-05-12,WENA,0.0
2026-05-12,WENN,0.0
2026-05-12,WERN,0.0
2026-05-12,WEST,0.0
2026-05-12,WETG,0.0
2026-05-12,WETH,0.0
2026-05-12,WETO,0.0
2026-05-12,WEYS,0.0
2026-05-12,WFBI,0.0
2026-05-12,WFCF,-0.002890173410404624
2026-05-12,WFD,0.0
2026-05-12,WFF,0.0
2026-05-12,WFM,0.0
2026-05-12,WFMI,0.0
2026-05-12,WFRD,0.0
2026-05-12,WGBS,0.0
2026-05-12,WGRX,0.0
2026-05-12,WGS,-0.002890173410404624
2026-05-12,WHF,0.0
2026-05-12,WHFB.L,0.0
2026-05-12,WHFBL,0.0
2026-05-12,WHFBZ,0.0
2026-05-12,WHFCL,0.0
2026-05-12,WHLM,0.0
2026-05-12,WHLR,0.0
2026-05-12,WHLR.W,0.0
2026-05-12,WHLRL,0.0
2026-05-12,WHWK,0.0
2026-05-12,WIBC,0.0
2026-05-12,WIFI,0.0
2026-05-12,WILC,0.0
2026-05-12,WILN,0.0
2026-05-12,WIMI,0.0
2026-05-12,WIN,0.0
2026-05-12,WINA,0.002890173410404624
2026-05-12,WING,0.002890173410404624
2026-05-12,WINR,0.0
2026-05-12,WINS,0.0
2026-05-12,WINT,0.0
2026-05-12,WINV,0.0
2026-05-12,WINV.V,0.0
2026-05-12,WIRE,0.0
2026-05-12,WISA,0.0
2026-05-12,WISH,0.0
2026-05-12,WIX,0.0
2026-05-12,WKHS,0.0
2026-05-12,WKME,0.0
2026-05-12,WKSP,0.0
2026-05-12,WLAC,0.0
2026-05-12,WLB,0.0
2026-05-12,WLBP.Z,0.0
2026-05-12,WLDN,-0.002890173410404624
2026-05-12,WLDS,0.0
2026-05-12,WLFC,0.0
2026-05-12,WLGS,0.0
2026-05-12,WLII,0.0
2026-05-12,WLRH,0.0
2026-05-12,WLRH.U,0.0
2026-05-12,WLRH.W,0.0
2026-05-12,WLTH,0.0
2026-05-12,WMAR,0.0
2026-05-12,WMG,0.0
2026-05-12,WMGI,0.0
2026-05-12,WMGI.Z,0.0
2026-05-12,WMIH,0.0
2026-05-12,WMPN,0.0
2026-05-12,WMT,0.0
2026-05-12,WNEB,0.0
2026-05-12,WNW,0.0
2026-05-12,WOK,-0.002890173410404624
2026-05-12,WOOF,0.002890173410404624
2026-05-12,WORX,0.0
2026-05-12,WOWO,0.0
2026-05-12,WPCS,0.0
2026-05-12,WPRT,0.0
2026-05-12,WRAP,0.0
2026-05-12,WRES,0.0
2026-05-12,WRLD,0.0
2026-05-12,WRLS,0.0
2026-05-12,WSBC,0.0
2026-05-12,WSBCO,0.0
2026-05-12,WSBF,0.0
2026-05-12,WSBK,0.0
2026-05-12,WSC,0.0
2026-05-12,WSCI,0.0
2026-05-12,WSFS,0.0
2026-05-12,WSFS.L,0.0
2026-05-12,WSFSL,0.0
2026-05-12,WSHP,0.0
2026-05-12,WSTC,0.0
2026-05-12,WSTL,0.0
2026-05-12,WSTN,0.0
2026-05-12,WTBA,0.0
2026-05-12,WTER,0.0
2026-05-12,WTF,-0.002890173410404624
2026-05-12,WTFC,0.0
2026-05-12,WTFC.W,0.0
2026-05-12,WTG,0.0
2026-05-12,WTMA,0.0
2026-05-12,WTNY,0.0
2026-05-12,WTO,0.0
2026-05-12,WTRH,0.0
2026-05-12,WTSL,0.0
2026-05-12,WTSLA,0.0
2026-05-12,WTW,0.0
2026-05-12,WULF,0.002890173410404624
2026-05-12,WVE,-0.002890173410404624
2026-05-12,WVFC,0.0
2026-05-12,WVVI,0.0
2026-05-12,WW,0.0
2026-05-12,WWAC,0.0
2026-05-12,WWD,0.0
2026-05-12,WWWW,0.0
2026-05-12,WXM,0.0
2026-05-12,WYFI,-0.002890173410404624
2026-05-12,WYIG,0.0
2026-05-12,WYIG.W,0.0
2026-05-12,WYNN,0.0
2026-05-12,WYTC,0.0
2026-05-12,XAGE,0.0
2026-05-12,XAIR,0.0
2026-05-12,XBIO,0.0
2026-05-12,XBIT,0.0
2026-05-12,XBKS,0.0
2026-05-12,XBP,0.0
2026-05-12,XCBE,0.0
2026-05-12,XCRA,0.0
2026-05-12,XCUR,0.0
2026-05-12,XE,0.0
2026-05-12,XEL,0.0
2026-05-12,XELA,0.0
2026-05-12,XELB,0.0
2026-05-12,XELLL,0.0
2026-05-12,XENE,0.0
2026-05-12,XENT,0.0
2026-05-12,XERS,0.0
2026-05-12,XFIN,0.0
2026-05-12,XFOR,0.0
2026-05-12,XGN,-0.002890173410404624
2026-05-12,XGTI,0.0
2026-05-12,XGTI.W,0.0
2026-05-12,XHLD,0.0
2026-05-12,XING,0.0
2026-05-12,XLNX,0.0
2026-05-12,XLO,0.0
2026-05-12,XLRN,0.0
2026-05-12,XM,0.0
2026-05-12,XMTR,0.002890173410404624
2026-05-12,XNCR,0.0
2026-05-12,XNDU,-0.002890173410404624
2026-05-12,XNPT,0.0
2026-05-12,XOG,0.0
2026-05-12,XOMA,0.0
2026-05-12,XOMAD,0.0
2026-05-12,XOMAO,0.0
2026-05-12,XON,0.0
2026-05-12,XOOM,0.0
2026-05-12,XOS,0.0
2026-05-12,XP,0.0
2026-05-12,XPAX,0.0
2026-05-12,XPDB,0.0
2026-05-12,XPDI,0.0
2026-05-12,XPEL,0.0
2026-05-12,XPLR,0.0
2026-05-12,XPON,0.0
2026-05-12,XRAY,0.0
2026-05-12,XRDC,0.0
2026-05-12,XRPN,0.0
2026-05-12,XRSC,0.0
2026-05-12,XRTX,0.0
2026-05-12,XRX,0.0
2026-05-12,XSLL,0.0
2026-05-12,XSPA,0.0
2026-05-12,XSPL,0.0
2026-05-12,XTEX,0.0
2026-05-12,XTIA,0.0
2026-05-12,XTKG,0.0
2026-05-12,XTXI,0.0
2026-05-12,XWEL,0.0
2026-05-12,XWES,0.0
2026-05-12,XWIN,-0.002890173410404624
2026-05-12,XXIA,0.0
2026-05-12,XXII,0.0
2026-05-12,XYN,0.0
2026-05-12,YAAS,0.0
2026-05-12,YAYO,0.0
2026-05-12,YCB,0.0
2026-05-12,YDDL,0.0
2026-05-12,YDES,0.0
2026-05-12,YDKG,0.0
2026-05-12,YDLE,0.0
2026-05-12,YECO,0.0
2026-05-12,YELL,0.0
2026-05-12,YERR,0.0
2026-05-12,YGF,0.0
2026-05-12,YGMZ,0.0
2026-05-12,YGTY,0.0
2026-05-12,YGYI,0.0
2026-05-12,YHC,0.0
2026-05-12,YHGJ,0.0
2026-05-12,YHNA,0.0
2026-05-12,YHOO,0.0
2026-05-12,YIBO,0.0
2026-05-12,YMAB,0.0
2026-05-12,YMAT,-0.002890173410404624
2026-05-12,YMTX,0.0
2026-05-12,YNDX,0.0
2026-05-12,YOD,0.0
2026-05-12,YOGA,0.0
2026-05-12,YONG,0.0
2026-05-12,YOOV,0.0
2026-05-12,YORK,0.0
2026-05-12,YORW,0.0
2026-05-12,YOSH,0.0
2026-05-12,YOTA,0.0
2026-05-12,YPRO,0.0
2026-05-12,YRCW,0.0
2026-05-12,YRIV,0.0
2026-05-12,YS,0.0
2026-05-12,YSWY,0.0
2026-05-12,YSXT,0.0
2026-05-12,YTEN,0.0
2026-05-12,YTRA,0.0
2026-05-12,YVR,0.0
2026-05-12,YYAI,0.0
2026-05-12,YYGH,0.0
2026-05-12,Z,0.0
2026-05-12,ZAGG,0.0
2026-05-12,ZAIS,0.0
2026-05-12,ZANE,0.0
2026-05-12,ZAPP,0.0
2026-05-12,ZAVV.V,0.0
2026-05-12,ZAZA,0.0
2026-05-12,ZBAI,0.0
2026-05-12,ZBAO,0.0
2026-05-12,ZBIO,0.0
2026-05-12,ZBRA,0.0
2026-05-12,ZCAR,0.0
2026-05-12,ZCMD,0.0
2026-05-12,ZD,0.0
2026-05-12,ZDAI,0.0
2026-05-12,ZDVSV,0.0
2026-05-12,ZENA,0.0
2026-05-12,ZENV,0.0
2026-05-12,ZEO,0.0
2026-05-12,ZEST,0.0
2026-05-12,ZEUS,0.0
2026-05-12,ZFGN,0.0
2026-05-12,ZFOX,0.0
2026-05-12,ZG,0.0
2026-05-12,ZGM,0.0
2026-05-12,ZGNX,0.0
2026-05-12,ZGYH,0.0
2026-05-12,ZHNE,0.0
2026-05-12,ZI,0.0
2026-05-12,ZIGO,0.0
2026-05-12,ZIMV,0.0
2026-05-12,ZINC,0.0
2026-05-12,ZING,0.0
2026-05-12,ZION,0.0
2026-05-12,ZION.W,0.0
2026-05-12,ZION.Z,0.0
2026-05-12,ZIONL,0.0
2026-05-12,ZIOP,0.0
2026-05-12,ZIPR,0.0
2026-05-12,ZIVO,0.0
2026-05-12,ZIXI,0.0
2026-05-12,ZJK,0.0
2026-05-12,ZJYL,0.0
2026-05-12,ZKIN,0.0
2026-05-12,ZKP,0.0
2026-05-12,ZLCS,0.0
2026-05-12,ZLS,0.0
2026-05-12,ZLTQ,0.0
2026-05-12,ZM,0.0
2026-05-12,ZN,0.0
2026-05-12,ZNB,0.0
2026-05-12,ZNGA,0.0
2026-05-12,ZNTE,0.0
2026-05-12,ZNTL,0.0
2026-05-12,ZNWA.A,0.0
2026-05-12,ZOOM,0.0
2026-05-12,ZOOZ,0.0
2026-05-12,ZPTA,0.0
2026-05-12,ZRAN,0.0
2026-05-12,ZS,0.0
2026-05-12,ZSAN,0.0
2026-05-12,ZSPC,0.0
2026-05-12,ZSPH,0.0
2026-05-12,ZSQR,-0.002890173410404624
2026-05-12,ZSTK,0.0
2026-05-12,ZT,0.0
2026-05-12,ZTEK,0.0
2026-05-12,ZTG,0.0
2026-05-12,ZU,0.0
2026-05-12,ZUMZ,0.002890173410404624
2026-05-12,ZURA,0.0
2026-05-12,ZVO,0.0
2026-05-12,ZVRA,0.0
2026-05-12,ZVSA,0.0
2026-05-12,ZWRK,0.0
2026-05-12,ZY,0.0
2026-05-12,ZYBT,0.0
2026-05-12,ZYME,0.0
2026-05-12,ZYNE,0.0
2026-05-12,ZYXI,0.0
