ticker,date,residual,residual_zscore,side_implication,excluded_from_trading,reason
ABVE,2026-03-30,0.29462864104851194,4.12127843334556,positive_outlier,False,Reported only; outlier policy does not trade residual outliers automatically.
ADV,2026-03-30,-0.22082520804669753,-4.005651590070884,negative_outlier,False,Reported only; outlier policy does not trade residual outliers automatically.
ATCX,2026-03-30,0.24355382757932584,3.316004720186317,positive_outlier,False,Reported only; outlier policy does not trade residual outliers automatically.
ATPC,2026-03-30,-0.18197088522949761,-3.393052880803527,negative_outlier,False,Reported only; outlier policy does not trade residual outliers automatically.
ATXG,2026-03-30,0.22696240012822855,3.054415113046236,positive_outlier,False,Reported only; outlier policy does not trade residual outliers automatically.
BFRG,2026-03-30,0.5955776588159926,8.866206834414625,positive_outlier,False,Reported only; outlier policy does not trade residual outliers automatically.
BGM,2026-03-30,-0.3284518943263165,-5.7025533584484,negative_outlier,False,Reported only; outlier policy does not trade residual outliers automatically.
BTQ,2026-03-30,0.23187662184299632,3.1318954462818396,positive_outlier,False,Reported only; outlier policy does not trade residual outliers automatically.
BUUU,2026-03-30,0.2650411481710931,3.6547856821415596,positive_outlier,False,Reported only; outlier policy does not trade residual outliers automatically.
CDT,2026-03-30,-0.44122102612402364,-7.480533762572051,negative_outlier,False,Reported only; outlier policy does not trade residual outliers automatically.
CGTX,2026-03-30,0.24855930312717392,3.3949238117455103,positive_outlier,False,Reported only; outlier policy does not trade residual outliers automatically.
CTOR,2026-03-30,0.2429649356594671,3.306719924986033,positive_outlier,False,Reported only; outlier policy does not trade residual outliers automatically.
CTXR,2026-03-30,0.3147654928055669,4.438767157910828,positive_outlier,False,Reported only; outlier policy does not trade residual outliers automatically.
CYAB,2026-03-30,-0.2173696462372208,-3.951169294388152,negative_outlier,False,Reported only; outlier policy does not trade residual outliers automatically.
CYPH,2026-03-30,0.2591066064927639,3.5612184209299333,positive_outlier,False,Reported only; outlier policy does not trade residual outliers automatically.
DWSN,2026-03-30,0.30854595521895817,4.34070649383178,positive_outlier,False,Reported only; outlier policy does not trade residual outliers automatically.
ELAB,2026-03-30,0.6689618507162418,10.023222527371708,positive_outlier,False,Reported only; outlier policy does not trade residual outliers automatically.
FATN,2026-03-30,0.23615236440285625,3.1993091645868255,positive_outlier,False,Reported only; outlier policy does not trade residual outliers automatically.
FBLG,2026-03-30,-0.4339523525515528,-7.365931841196902,negative_outlier,False,Reported only; outlier policy does not trade residual outliers automatically.
FCHL,2026-03-30,0.3195433543534248,4.514097561455532,positive_outlier,False,Reported only; outlier policy does not trade residual outliers automatically.
FNUC,2026-03-30,0.38502147428884853,5.546461758006069,positive_outlier,False,Reported only; outlier policy does not trade residual outliers automatically.
GLND,2026-03-30,-0.20100390143035005,-3.693137924441077,negative_outlier,False,Reported only; outlier policy does not trade residual outliers automatically.
GVH,2026-03-30,0.4731065330078975,6.935259435188635,positive_outlier,False,Reported only; outlier policy does not trade residual outliers automatically.
HKIT,2026-03-30,0.45082760695702817,6.583997584433027,positive_outlier,False,Reported only; outlier policy does not trade residual outliers automatically.
HPAI,2026-03-30,-0.24864385104518233,-4.444255677307665,negative_outlier,False,Reported only; outlier policy does not trade residual outliers automatically.
HUBC,2026-03-30,-0.16845897600038648,-3.18001665849091,negative_outlier,False,Reported only; outlier policy does not trade residual outliers automatically.
ILLR,2026-03-30,0.414295860576796,6.008017897819988,positive_outlier,False,Reported only; outlier policy does not trade residual outliers automatically.
IMDX,2026-03-30,0.2693735757510812,3.7230931277759005,positive_outlier,False,Reported only; outlier policy does not trade residual outliers automatically.
KIDZ,2026-03-30,0.4883355608858361,7.175368698328126,positive_outlier,False,Reported only; outlier policy does not trade residual outliers automatically.
LNKS,2026-03-30,0.260612356111715,3.584958900911763,positive_outlier,False,Reported only; outlier policy does not trade residual outliers automatically.
MASK,2026-03-30,0.8150204123962608,12.32606246576378,positive_outlier,False,Reported only; outlier policy does not trade residual outliers automatically.
MGN,2026-03-30,0.23711200182283007,3.2144393380711613,positive_outlier,False,Reported only; outlier policy does not trade residual outliers automatically.
NCI,2026-03-30,-0.661387593222482,-10.95180143754579,negative_outlier,False,Reported only; outlier policy does not trade residual outliers automatically.
NEXR,2026-03-30,-0.2654422397431607,-4.709108349752068,negative_outlier,False,Reported only; outlier policy does not trade residual outliers automatically.
NPT,2026-03-30,0.5715750964501941,8.487769181709266,positive_outlier,False,Reported only; outlier policy does not trade residual outliers automatically.
NXPL,2026-03-30,-0.20536955273269372,-3.7619691936285355,negative_outlier,False,Reported only; outlier policy does not trade residual outliers automatically.
OXBR,2026-03-30,0.3648358839747139,5.228204594435983,positive_outlier,False,Reported only; outlier policy does not trade residual outliers automatically.
PASG,2026-03-30,0.26151217659852466,3.5991459675963453,positive_outlier,False,Reported only; outlier policy does not trade residual outliers automatically.
PEPG,2026-03-30,-0.6011911828923008,-10.002711591242434,negative_outlier,False,Reported only; outlier policy does not trade residual outliers automatically.
PN,2026-03-30,-0.18564821508991491,-3.4510316940398424,negative_outlier,False,Reported only; outlier policy does not trade residual outliers automatically.
PSTV,2026-03-30,-0.24921073013061484,-4.4531934060046865,negative_outlier,False,Reported only; outlier policy does not trade residual outliers automatically.
RPAY,2026-03-30,-0.16896188899902626,-3.1879458625408676,negative_outlier,False,Reported only; outlier policy does not trade residual outliers automatically.
SHPH,2026-03-30,0.2566276302788873,3.522133513027407,positive_outlier,False,Reported only; outlier policy does not trade residual outliers automatically.
SNSE,2026-03-30,0.2378453036327663,3.2260009793429396,positive_outlier,False,Reported only; outlier policy does not trade residual outliers automatically.
SPPL,2026-03-30,-0.17992436660600392,-3.360786338078225,negative_outlier,False,Reported only; outlier policy does not trade residual outliers automatically.
SVC,2026-03-30,-0.23362108349741292,-4.207398428432563,negative_outlier,False,Reported only; outlier policy does not trade residual outliers automatically.
TANH,2026-03-30,-0.16091420332575054,-3.0610616062064424,negative_outlier,False,Reported only; outlier policy does not trade residual outliers automatically.
TAYD,2026-03-30,-0.20562809078625444,-3.7660454473481777,negative_outlier,False,Reported only; outlier policy does not trade residual outliers automatically.
UCAR,2026-03-30,-0.2794946099014147,-4.930665777521282,negative_outlier,False,Reported only; outlier policy does not trade residual outliers automatically.
VIVK,2026-03-30,0.3031670946910783,4.255900408490622,positive_outlier,False,Reported only; outlier policy does not trade residual outliers automatically.
VRAX,2026-03-30,0.3535950047638707,5.050974685476033,positive_outlier,False,Reported only; outlier policy does not trade residual outliers automatically.
VWAV,2026-03-30,-0.15744266239736204,-3.0063273749111237,negative_outlier,False,Reported only; outlier policy does not trade residual outliers automatically.
WSHP,2026-03-30,0.4374986513471685,6.373845909910281,positive_outlier,False,Reported only; outlier policy does not trade residual outliers automatically.
ZKIN,2026-03-30,0.2334335864568661,3.1564434101549703,positive_outlier,False,Reported only; outlier policy does not trade residual outliers automatically.
AERT,2026-03-31,0.2902479957725335,4.830177526359345,positive_outlier,False,Reported only; outlier policy does not trade residual outliers automatically.
APM,2026-03-31,0.1944494438209598,3.187528601142562,positive_outlier,False,Reported only; outlier policy does not trade residual outliers automatically.
AUUD,2026-03-31,0.24410246235065625,4.038924325399488,positive_outlier,False,Reported only; outlier policy does not trade residual outliers automatically.
BANL,2026-03-31,-0.19057351203634368,-3.4144244737065943,negative_outlier,False,Reported only; outlier policy does not trade residual outliers automatically.
CETX,2026-03-31,0.2516969466347725,4.169146246219184,positive_outlier,False,Reported only; outlier policy does not trade residual outliers automatically.
DEFT,2026-03-31,0.24881625269583174,4.119751253223136,positive_outlier,False,Reported only; outlier policy does not trade residual outliers automatically.
DWSN,2026-03-31,-0.18371212704942136,-3.296772938848698,negative_outlier,False,Reported only; outlier policy does not trade residual outliers automatically.
EEIQ,2026-03-31,0.21653732064246048,3.5662673856233513,positive_outlier,False,Reported only; outlier policy does not trade residual outliers automatically.
FGI,2026-03-31,0.3299939425854772,5.511697606610755,positive_outlier,False,Reported only; outlier policy does not trade residual outliers automatically.
GCTK,2026-03-31,0.2404224158885639,3.9758229084933165,positive_outlier,False,Reported only; outlier policy does not trade residual outliers automatically.
GNLN,2026-03-31,-0.204811531334542,-3.658562476014019,negative_outlier,False,Reported only; outlier policy does not trade residual outliers automatically.
GRDX,2026-03-31,0.2231734067319897,3.680055741089534,positive_outlier,False,Reported only; outlier policy does not trade residual outliers automatically.
GURE,2026-03-31,0.2654158429454557,4.404382894590403,positive_outlier,False,Reported only; outlier policy does not trade residual outliers automatically.
GV,2026-03-31,-0.20397929964440106,-3.6442922760632683,negative_outlier,False,Reported only; outlier policy does not trade residual outliers automatically.
HOTH,2026-03-31,-0.3467692500771856,-6.092698372313436,negative_outlier,False,Reported only; outlier policy does not trade residual outliers automatically.
HPAI,2026-03-31,0.25639422250852856,4.2496900019261865,positive_outlier,False,Reported only; outlier policy does not trade residual outliers automatically.
HTCR,2026-03-31,-0.2652247518551538,-4.694462390317864,negative_outlier,False,Reported only; outlier policy does not trade residual outliers automatically.
HXHX,2026-03-31,0.19810377927960623,3.250189153846548,positive_outlier,False,Reported only; outlier policy does not trade residual outliers automatically.
ICON,2026-03-31,0.23281485940211724,3.84537683982722,positive_outlier,False,Reported only; outlier policy does not trade residual outliers automatically.
IMCC,2026-03-31,-0.16890800213431792,-3.0429279757968306,negative_outlier,False,Reported only; outlier policy does not trade residual outliers automatically.
IZM,2026-03-31,-0.24937549041974535,-4.422696567849961,negative_outlier,False,Reported only; outlier policy does not trade residual outliers automatically.
LESL,2026-03-31,0.20852467508979164,3.428875292140687,positive_outlier,False,Reported only; outlier policy does not trade residual outliers automatically.
LNKS,2026-03-31,-0.42566521173418664,-7.445520142368263,negative_outlier,False,Reported only; outlier policy does not trade residual outliers automatically.
MGRT,2026-03-31,0.889266500205271,15.101492514385502,positive_outlier,False,Reported only; outlier policy does not trade residual outliers automatically.
NCI,2026-03-31,-0.5111752635841585,-8.911753106281871,negative_outlier,False,Reported only; outlier policy does not trade residual outliers automatically.
NCT,2026-03-31,0.45267463188376456,7.615292058879253,positive_outlier,False,Reported only; outlier policy does not trade residual outliers automatically.
NPT,2026-03-31,0.4763288895323598,8.02088943077802,positive_outlier,False,Reported only; outlier policy does not trade residual outliers automatically.
OFAL,2026-03-31,0.23045846291958183,3.80497192690768,positive_outlier,False,Reported only; outlier policy does not trade residual outliers automatically.
ONCO,2026-03-31,0.2772965679170959,4.6081005887297275,positive_outlier,False,Reported only; outlier policy does not trade residual outliers automatically.
ORIC,2026-03-31,-0.4083283771401778,-7.148247040297726,negative_outlier,False,Reported only; outlier policy does not trade residual outliers automatically.
PRHI,2026-03-31,0.42911979612178236,7.211399464890599,positive_outlier,False,Reported only; outlier policy does not trade residual outliers automatically.
RENX,2026-03-31,0.46561458972683123,7.837172321265774,positive_outlier,False,Reported only; outlier policy does not trade residual outliers automatically.
RGC,2026-03-31,0.32108660354688245,5.358964286532123,positive_outlier,False,Reported only; outlier policy does not trade residual outliers automatically.
RIME,2026-03-31,0.21569008782747265,3.5517399627699073,positive_outlier,False,Reported only; outlier policy does not trade residual outliers automatically.
RYM,2026-03-31,0.636914127571019,10.77442968056414,positive_outlier,False,Reported only; outlier policy does not trade residual outliers automatically.
RZLV,2026-03-31,0.22442388554562187,3.70149758584996,positive_outlier,False,Reported only; outlier policy does not trade residual outliers automatically.
SELX,2026-03-31,0.42143917022839866,7.0797004818502645,positive_outlier,False,Reported only; outlier policy does not trade residual outliers automatically.
SHAZ,2026-03-31,0.21513123436741322,3.5421573540893045,positive_outlier,False,Reported only; outlier policy does not trade residual outliers automatically.
SNYR,2026-03-31,-0.20815442882593832,-3.715882830648689,negative_outlier,False,Reported only; outlier policy does not trade residual outliers automatically.
STAK,2026-03-31,0.25140654148445335,4.164166695919819,positive_outlier,False,Reported only; outlier policy does not trade residual outliers automatically.
TANH,2026-03-31,-0.3250320918572558,-5.719973327311872,negative_outlier,False,Reported only; outlier policy does not trade residual outliers automatically.
TH,2026-03-31,0.3629048738726878,6.076018306720584,positive_outlier,False,Reported only; outlier policy does not trade residual outliers automatically.
UBXG,2026-03-31,-0.394186789020851,-6.905762534510904,negative_outlier,False,Reported only; outlier policy does not trade residual outliers automatically.
UCAR,2026-03-31,0.606176157540072,10.247368546485577,positive_outlier,False,Reported only; outlier policy does not trade residual outliers automatically.
VWAV,2026-03-31,0.1893868139442254,3.1007201540796885,positive_outlier,False,Reported only; outlier policy does not trade residual outliers automatically.
WETO,2026-03-31,0.20360349256985052,3.3444922298448887,positive_outlier,False,Reported only; outlier policy does not trade residual outliers automatically.
WNW,2026-03-31,-0.25480920086122144,-4.515867899094528,negative_outlier,False,Reported only; outlier policy does not trade residual outliers automatically.
AAOI,2026-04-01,0.1938896107540465,3.674294010034603,positive_outlier,False,Reported only; outlier policy does not trade residual outliers automatically.
AERT,2026-04-01,0.2109163330543147,4.007440909930323,positive_outlier,False,Reported only; outlier policy does not trade residual outliers automatically.
AGPU,2026-04-01,0.17737960743103984,3.351257295901956,positive_outlier,False,Reported only; outlier policy does not trade residual outliers automatically.
AIIO,2026-04-01,-0.2185424681611922,-4.395401735575474,negative_outlier,False,Reported only; outlier policy does not trade residual outliers automatically.
ARAI,2026-04-01,-0.16248290348225944,-3.298533539046783,negative_outlier,False,Reported only; outlier policy does not trade residual outliers automatically.
ATPC,2026-04-01,0.27196351771589033,5.201897479944686,positive_outlier,False,Reported only; outlier policy does not trade residual outliers automatically.
BFRG,2026-04-01,-0.22759210966584797,-4.572468111550621,negative_outlier,False,Reported only; outlier policy does not trade residual outliers automatically.
BRAI,2026-04-01,0.22312660906644963,4.246348641470042,positive_outlier,False,Reported only; outlier policy does not trade residual outliers automatically.
CDT,2026-04-01,-0.21746176980280485,-4.374256661293416,negative_outlier,False,Reported only; outlier policy does not trade residual outliers automatically.
COCP,2026-04-01,0.47781280862003156,9.22956950636674,positive_outlier,False,Reported only; outlier policy does not trade residual outliers automatically.
CSHR,2026-04-01,-0.2456586773502625,-4.9259607515124575,negative_outlier,False,Reported only; outlier policy does not trade residual outliers automatically.
DLXY,2026-04-01,0.21897192029961257,4.165057500503848,positive_outlier,False,Reported only; outlier policy does not trade residual outliers automatically.
EEIQ,2026-04-01,-0.27073217552885764,-5.416551837713961,negative_outlier,False,Reported only; outlier policy does not trade residual outliers automatically.
ELAB,2026-04-01,-0.5384674392820862,-10.6550922648839,negative_outlier,False,Reported only; outlier policy does not trade residual outliers automatically.
FGI,2026-04-01,-0.2009512364161191,-4.0512095758709625,negative_outlier,False,Reported only; outlier policy does not trade residual outliers automatically.
GNLN,2026-04-01,0.20189381651843305,3.830905264362209,positive_outlier,False,Reported only; outlier policy does not trade residual outliers automatically.
GSUN,2026-04-01,-0.15420002299042376,-3.1364697014273535,negative_outlier,False,Reported only; outlier policy does not trade residual outliers automatically.
GVH,2026-04-01,0.3619412077375728,6.962411803363785,positive_outlier,False,Reported only; outlier policy does not trade residual outliers automatically.
HKIT,2026-04-01,-0.22783970419302035,-4.577312575899307,negative_outlier,False,Reported only; outlier policy does not trade residual outliers automatically.
ICU,2026-04-01,0.21497693584905123,4.0868911534309795,positive_outlier,False,Reported only; outlier policy does not trade residual outliers automatically.
INLF,2026-04-01,0.181615846112677,3.434144052326211,positive_outlier,False,Reported only; outlier policy does not trade residual outliers automatically.
INO,2026-04-01,-0.3472775678521949,-6.914248206052554,negative_outlier,False,Reported only; outlier policy does not trade residual outliers automatically.
IOTR,2026-04-01,0.15947201333905123,3.0008751524025623,positive_outlier,False,Reported only; outlier policy does not trade residual outliers automatically.
JCSE,2026-04-01,-0.15772239361063703,-3.205388829355418,negative_outlier,False,Reported only; outlier policy does not trade residual outliers automatically.
KELYB,2026-04-01,0.21506059509700726,4.088528040355699,positive_outlier,False,Reported only; outlier policy does not trade residual outliers automatically.
LEXX,2026-04-01,0.2054609486807509,3.9007002020159343,positive_outlier,False,Reported only; outlier policy does not trade residual outliers automatically.
LNKS,2026-04-01,-0.31502611782267725,-6.283212449140828,negative_outlier,False,Reported only; outlier policy does not trade residual outliers automatically.
LNZA,2026-04-01,0.25755896910690057,4.920056346410339,positive_outlier,False,Reported only; outlier policy does not trade residual outliers automatically.
LPCN,2026-04-01,-0.7687992809117197,-15.16179282844307,negative_outlier,False,Reported only; outlier policy does not trade residual outliers automatically.
LUNR,2026-04-01,0.18429731268606686,3.486609950362544,positive_outlier,False,Reported only; outlier policy does not trade residual outliers automatically.
MGRT,2026-04-01,0.24349756576337522,4.644929234481992,positive_outlier,False,Reported only; outlier policy does not trade residual outliers automatically.
MOBX,2026-04-01,0.2916124306883583,5.586350478452531,positive_outlier,False,Reported only; outlier policy does not trade residual outliers automatically.
NPT,2026-04-01,0.1766143254439258,3.336283696341396,positive_outlier,False,Reported only; outlier policy does not trade residual outliers automatically.
NTCL,2026-04-01,0.3388062420224262,6.509750276895273,positive_outlier,False,Reported only; outlier policy does not trade residual outliers automatically.
NVNI,2026-04-01,0.29481752753262547,5.649061789455492,positive_outlier,False,Reported only; outlier policy does not trade residual outliers automatically.
OLOX,2026-04-01,-0.21510614096387132,-4.328166143626179,negative_outlier,False,Reported only; outlier policy does not trade residual outliers automatically.
ONCO,2026-04-01,-0.16369805568514853,-3.3223093534492754,negative_outlier,False,Reported only; outlier policy does not trade residual outliers automatically.
ORIC,2026-04-01,0.18366371317310715,3.4742128659563076,positive_outlier,False,Reported only; outlier policy does not trade residual outliers automatically.
OXBR,2026-04-01,-0.23399835205873898,-4.697813422029935,negative_outlier,False,Reported only; outlier policy does not trade residual outliers automatically.
PFSA,2026-04-01,0.31592716394420306,6.062095478759986,positive_outlier,False,Reported only; outlier policy does not trade residual outliers automatically.
PMAX,2026-04-01,0.23224434408786954,4.424747343398058,positive_outlier,False,Reported only; outlier policy does not trade residual outliers automatically.
RCON,2026-04-01,0.21386332174386538,4.065102045681394,positive_outlier,False,Reported only; outlier policy does not trade residual outliers automatically.
RENX,2026-04-01,-0.21955197687353312,-4.415153904666104,negative_outlier,False,Reported only; outlier policy does not trade residual outliers automatically.
RLAY,2026-04-01,0.16070200295491244,3.024941277414869,positive_outlier,False,Reported only; outlier policy does not trade residual outliers automatically.
RMSG,2026-04-01,-0.20784498133019874,-4.186093419413847,negative_outlier,False,Reported only; outlier policy does not trade residual outliers automatically.
SATL,2026-04-01,0.17037420240084197,3.214188697074363,positive_outlier,False,Reported only; outlier policy does not trade residual outliers automatically.
SBAC,2026-04-01,0.18783370770663144,3.555803481397533,positive_outlier,False,Reported only; outlier policy does not trade residual outliers automatically.
SELX,2026-04-01,0.511689824460353,9.89241127977979,positive_outlier,False,Reported only; outlier policy does not trade residual outliers automatically.
SGML,2026-04-01,0.21240001884202125,4.036470884806109,positive_outlier,False,Reported only; outlier policy does not trade residual outliers automatically.
SIDU,2026-04-01,0.4610950760847351,8.902468337439348,positive_outlier,False,Reported only; outlier policy does not trade residual outliers automatically.
SKK,2026-04-01,0.2137727969758328,4.063330827163702,positive_outlier,False,Reported only; outlier policy does not trade residual outliers automatically.
SLSN,2026-04-01,0.3050941167062344,5.85013477134325,positive_outlier,False,Reported only; outlier policy does not trade residual outliers automatically.
SNBR,2026-04-01,-0.3131807742143212,-6.24710623377391,negative_outlier,False,Reported only; outlier policy does not trade residual outliers automatically.
SNYR,2026-04-01,-0.20029770583559212,-4.038422517795423,negative_outlier,False,Reported only; outlier policy does not trade residual outliers automatically.
SWMR,2026-04-01,0.446718687826363,8.621178192717927,positive_outlier,False,Reported only; outlier policy does not trade residual outliers automatically.
TBH,2026-04-01,0.20422700910067487,3.8765567915279107,positive_outlier,False,Reported only; outlier policy does not trade residual outliers automatically.
VELO,2026-04-01,0.23261840560795724,4.432066276166789,positive_outlier,False,Reported only; outlier policy does not trade residual outliers automatically.
VSAT,2026-04-01,0.17955173607223804,3.3937574265923174,positive_outlier,False,Reported only; outlier policy does not trade residual outliers automatically.
XHLD,2026-04-01,0.1785710087927802,3.3745683984850467,positive_outlier,False,Reported only; outlier policy does not trade residual outliers automatically.
ABVC,2026-04-02,0.2717369270249081,5.000916896122444,positive_outlier,False,Reported only; outlier policy does not trade residual outliers automatically.
ADTX,2026-04-02,-0.2342998008432807,-4.504349058258868,negative_outlier,False,Reported only; outlier policy does not trade residual outliers automatically.
AEHR,2026-04-02,0.18356102753672424,3.3446430937586404,positive_outlier,False,Reported only; outlier policy does not trade residual outliers automatically.
AIIO,2026-04-02,-0.3273951071980204,-6.2530277554243066,negative_outlier,False,Reported only; outlier policy does not trade residual outliers automatically.
ARAI,2026-04-02,-0.19307660568817014,-3.73002298297693,negative_outlier,False,Reported only; outlier policy does not trade residual outliers automatically.
AXTI,2026-04-02,-0.1956636401943826,-3.7786171850584758,negative_outlier,False,Reported only; outlier policy does not trade residual outliers automatically.
BGDE,2026-04-02,0.5039157456378405,9.362105122888535,positive_outlier,False,Reported only; outlier policy does not trade residual outliers automatically.
BOXL,2026-04-02,0.1795359142410117,3.2690363832863722,positive_outlier,False,Reported only; outlier policy does not trade residual outliers automatically.
CLGN,2026-04-02,-0.16370170243330803,-3.1782522271308937,negative_outlier,False,Reported only; outlier policy does not trade residual outliers automatically.
CLIR,2026-04-02,0.4360361591784174,8.087072132914928,positive_outlier,False,Reported only; outlier policy does not trade residual outliers automatically.
CREG,2026-04-02,0.2675395379191395,4.9220742003907905,positive_outlier,False,Reported only; outlier policy does not trade residual outliers automatically.
CUPR,2026-04-02,0.17074880231046718,3.103981494439453,positive_outlier,False,Reported only; outlier policy does not trade residual outliers automatically.
CVGI,2026-04-02,0.1941468224632293,3.5434839892384256,positive_outlier,False,Reported only; outlier policy does not trade residual outliers automatically.
CYCN,2026-04-02,-0.24054595592925004,-4.6216752561705645,negative_outlier,False,Reported only; outlier policy does not trade residual outliers automatically.
DEVS,2026-04-02,0.19235324368559764,3.5097938589521434,positive_outlier,False,Reported only; outlier policy does not trade residual outliers automatically.
ELAB,2026-04-02,-0.24594430597969896,-4.723076498646646,negative_outlier,False,Reported only; outlier policy does not trade residual outliers automatically.
ESLA,2026-04-02,0.29406349455764574,5.420293495803574,positive_outlier,False,Reported only; outlier policy does not trade residual outliers automatically.
FCUV,2026-04-02,0.7436055222225263,13.864377285191201,positive_outlier,False,Reported only; outlier policy does not trade residual outliers automatically.
FRMM,2026-04-02,-0.22352934148553524,-4.302039472791602,negative_outlier,False,Reported only; outlier policy does not trade residual outliers automatically.
GRCE,2026-04-02,-0.20604501888160276,-3.973618377582345,negative_outlier,False,Reported only; outlier policy does not trade residual outliers automatically.
GRNQ,2026-04-02,-0.1739637760493603,-3.3710124233619947,negative_outlier,False,Reported only; outlier policy does not trade residual outliers automatically.
GURE,2026-04-02,-0.18284748222321112,-3.537881714053137,negative_outlier,False,Reported only; outlier policy does not trade residual outliers automatically.
HTCO,2026-04-02,-0.32207015121010424,-6.153005128462529,negative_outlier,False,Reported only; outlier policy does not trade residual outliers automatically.
INHD,2026-04-02,-0.5123855360574641,-9.727841199760086,negative_outlier,False,Reported only; outlier policy does not trade residual outliers automatically.
JTAI,2026-04-02,-0.48735761886995366,-9.257723131149294,negative_outlier,False,Reported only; outlier policy does not trade residual outliers automatically.
KUST,2026-04-02,0.1692232713386017,3.0753263063658234,positive_outlier,False,Reported only; outlier policy does not trade residual outliers automatically.
LNAI,2026-04-02,-0.21633673001449527,-4.166935277436483,negative_outlier,False,Reported only; outlier policy does not trade residual outliers automatically.
LZMH,2026-04-02,0.26449700032363416,4.86492394344538,positive_outlier,False,Reported only; outlier policy does not trade residual outliers automatically.
MGN,2026-04-02,0.17019836912152403,3.093642296585052,positive_outlier,False,Reported only; outlier policy does not trade residual outliers automatically.
MGRT,2026-04-02,0.28133410113759344,5.181187788189669,positive_outlier,False,Reported only; outlier policy does not trade residual outliers automatically.
MGRX,2026-04-02,0.16715700166967293,3.036514019322193,positive_outlier,False,Reported only; outlier policy does not trade residual outliers automatically.
MLEC,2026-04-02,0.633376830556163,11.793869410187325,positive_outlier,False,Reported only; outlier policy does not trade residual outliers automatically.
NCT,2026-04-02,-0.33311953948088935,-6.36055404411039,negative_outlier,False,Reported only; outlier policy does not trade residual outliers automatically.
NIXX,2026-04-02,-0.21038028649694704,-4.055050948377874,negative_outlier,False,Reported only; outlier policy does not trade residual outliers automatically.
NPT,2026-04-02,-0.2385656307852684,-4.584477329354081,negative_outlier,False,Reported only; outlier policy does not trade residual outliers automatically.
NVNI,2026-04-02,-0.27910288447789916,-5.345918853632231,negative_outlier,False,Reported only; outlier policy does not trade residual outliers automatically.
OFAL,2026-04-02,-0.21127242286450548,-4.071808612346145,negative_outlier,False,Reported only; outlier policy does not trade residual outliers automatically.
ONEG,2026-04-02,0.18577527184188067,3.3862348989565594,positive_outlier,False,Reported only; outlier policy does not trade residual outliers automatically.
PDSB,2026-04-02,0.2320799618848537,4.256010489451439,positive_outlier,False,Reported only; outlier policy does not trade residual outliers automatically.
PLTK,2026-04-02,0.1669730570970845,3.033058850977627,positive_outlier,False,Reported only; outlier policy does not trade residual outliers automatically.
PRFX,2026-04-02,0.19120488557365425,3.488223390518207,positive_outlier,False,Reported only; outlier policy does not trade residual outliers automatically.
RCMT,2026-04-02,0.31531835733376085,5.819539464296752,positive_outlier,False,Reported only; outlier policy does not trade residual outliers automatically.
RDGT,2026-04-02,-0.2071033585226945,-3.9934979618192856,negative_outlier,False,Reported only; outlier policy does not trade residual outliers automatically.
RENX,2026-04-02,0.1914070485320098,3.4920207684148457,positive_outlier,False,Reported only; outlier policy does not trade residual outliers automatically.
SFWL,2026-04-02,0.16526911356004623,3.001052406388062,positive_outlier,False,Reported only; outlier policy does not trade residual outliers automatically.
SIDU,2026-04-02,0.2267764204764518,4.156390108536983,positive_outlier,False,Reported only; outlier policy does not trade residual outliers automatically.
SLGB,2026-04-02,0.3695019036834435,6.837309499635834,positive_outlier,False,Reported only; outlier policy does not trade residual outliers automatically.
SLNG,2026-04-02,-0.22719761425196333,-4.370943380982225,negative_outlier,False,Reported only; outlier policy does not trade residual outliers automatically.
SLNO,2026-04-02,0.3331716902711353,6.154891956312041,positive_outlier,False,Reported only; outlier policy does not trade residual outliers automatically.
SMX,2026-04-02,0.4912297509411954,9.123814605922558,positive_outlier,False,Reported only; outlier policy does not trade residual outliers automatically.
SVRN,2026-04-02,0.247309236713192,4.542073337390466,positive_outlier,False,Reported only; outlier policy does not trade residual outliers automatically.
SWMR,2026-04-02,-0.1753800350651991,-3.397615074640984,negative_outlier,False,Reported only; outlier policy does not trade residual outliers automatically.
VRDN,2026-04-02,-0.2522395699791866,-4.8413251459736015,negative_outlier,False,Reported only; outlier policy does not trade residual outliers automatically.
WBUY,2026-04-02,0.1694272714077982,3.0791581920880193,positive_outlier,False,Reported only; outlier policy does not trade residual outliers automatically.
WW,2026-04-02,-0.17157084747204535,-3.326064257972816,negative_outlier,False,Reported only; outlier policy does not trade residual outliers automatically.
XWEL,2026-04-02,0.3911875788779823,7.244647739673844,positive_outlier,False,Reported only; outlier policy does not trade residual outliers automatically.
ADVB,2026-04-06,0.48106938318122755,8.554438463789412,positive_outlier,False,Reported only; outlier policy does not trade residual outliers automatically.
BLIV,2026-04-06,-0.19924487586736284,-3.4378046793849357,negative_outlier,False,Reported only; outlier policy does not trade residual outliers automatically.
BMEA,2026-04-06,0.2606713608659451,4.669371178008981,positive_outlier,False,Reported only; outlier policy does not trade residual outliers automatically.
BNZI,2026-04-06,-0.2400840004358446,-4.15769656032909,negative_outlier,False,Reported only; outlier policy does not trade residual outliers automatically.
CAR,2026-04-06,0.17929132677768603,3.234844203444251,positive_outlier,False,Reported only; outlier policy does not trade residual outliers automatically.
CETX,2026-04-06,0.6332462408968703,11.236936815422363,positive_outlier,False,Reported only; outlier policy does not trade residual outliers automatically.
CLGN,2026-04-06,-0.185796362119667,-3.2007409332828973,negative_outlier,False,Reported only; outlier policy does not trade residual outliers automatically.
CMCT,2026-04-06,0.2718180806757096,4.865860039486726,positive_outlier,False,Reported only; outlier policy does not trade residual outliers automatically.
CUPR,2026-04-06,0.5547044050560537,9.852440195240415,positive_outlier,False,Reported only; outlier policy does not trade residual outliers automatically.
CYCU,2026-04-06,0.22932727949389323,4.116853220442195,positive_outlier,False,Reported only; outlier policy does not trade residual outliers automatically.
DTCX,2026-04-06,0.19365053184435316,3.487961165512621,positive_outlier,False,Reported only; outlier policy does not trade residual outliers automatically.
ESLA,2026-04-06,0.2491673985241276,4.466585021937623,positive_outlier,False,Reported only; outlier policy does not trade residual outliers automatically.
FCHL,2026-04-06,0.22827758648722007,4.09834975150224,positive_outlier,False,Reported only; outlier policy does not trade residual outliers automatically.
FCUV,2026-04-06,-0.24266978332426375,-4.203277461656586,negative_outlier,False,Reported only; outlier policy does not trade residual outliers automatically.
FTFT,2026-04-06,0.249046685723283,4.46445715641229,positive_outlier,False,Reported only; outlier policy does not trade residual outliers automatically.
GEOS,2026-04-06,-0.21824577562975553,-3.7727431388674115,negative_outlier,False,Reported only; outlier policy does not trade residual outliers automatically.
GRCE,2026-04-06,-0.20026325569182227,-3.4557561750423984,negative_outlier,False,Reported only; outlier policy does not trade residual outliers automatically.
GVH,2026-04-06,0.20155405450066655,3.627280552283445,positive_outlier,False,Reported only; outlier policy does not trade residual outliers automatically.
HTCO,2026-04-06,0.24310148874353996,4.359658165700481,positive_outlier,False,Reported only; outlier policy does not trade residual outliers automatically.
HTCR,2026-04-06,-0.1835774909490099,-3.1616277701704374,negative_outlier,False,Reported only; outlier policy does not trade residual outliers automatically.
HUBC,2026-04-06,0.5388693378875803,9.573307466288945,positive_outlier,False,Reported only; outlier policy does not trade residual outliers automatically.
ICON,2026-04-06,0.18575341848389096,3.348754758637781,positive_outlier,False,Reported only; outlier policy does not trade residual outliers automatically.
ILLR,2026-04-06,-0.2320617679326168,-4.016284615113764,negative_outlier,False,Reported only; outlier policy does not trade residual outliers automatically.
INHD,2026-04-06,-0.21841549126317547,-3.775734802079081,negative_outlier,False,Reported only; outlier policy does not trade residual outliers automatically.
INLF,2026-04-06,-0.2285545548833133,-3.9544611988282075,negative_outlier,False,Reported only; outlier policy does not trade residual outliers automatically.
IOTR,2026-04-06,0.43623118247862336,7.764052847471358,positive_outlier,False,Reported only; outlier policy does not trade residual outliers automatically.
IPST,2026-04-06,0.6411678151108472,11.376574406119879,positive_outlier,False,Reported only; outlier policy does not trade residual outliers automatically.
LNAI,2026-04-06,0.39447355048908994,7.02796997218076,positive_outlier,False,Reported only; outlier policy does not trade residual outliers automatically.
LNKS,2026-04-06,-0.2028739147290842,-3.501775580813128,negative_outlier,False,Reported only; outlier policy does not trade residual outliers automatically.
LNZA,2026-04-06,0.49929734057798963,8.875751877697706,positive_outlier,False,Reported only; outlier policy does not trade residual outliers automatically.
MEHA,2026-04-06,0.19125918879793152,3.445807753512213,positive_outlier,False,Reported only; outlier policy does not trade residual outliers automatically.
MGN,2026-04-06,0.3840528476159143,6.844278978032462,positive_outlier,False,Reported only; outlier policy does not trade residual outliers automatically.
MGRT,2026-04-06,0.45700880254392473,8.13031045334317,positive_outlier,False,Reported only; outlier policy does not trade residual outliers automatically.
MOVE,2026-04-06,0.5830203103919169,10.351578963964249,positive_outlier,False,Reported only; outlier policy does not trade residual outliers automatically.
MSW,2026-04-06,0.1835580961883905,3.310056703444743,positive_outlier,False,Reported only; outlier policy does not trade residual outliers automatically.
NTCL,2026-04-06,-0.24899546576845602,-4.314783461873825,negative_outlier,False,Reported only; outlier policy does not trade residual outliers automatically.
ONEG,2026-04-06,0.19855650414273573,3.5744412177434235,positive_outlier,False,Reported only; outlier policy does not trade residual outliers automatically.
PDSB,2026-04-06,0.1878761593476124,3.386173384264267,positive_outlier,False,Reported only; outlier policy does not trade residual outliers automatically.
PFSA,2026-04-06,-0.2570699040935762,-4.457115665486348,negative_outlier,False,Reported only; outlier policy does not trade residual outliers automatically.
PRLD,2026-04-06,0.17849453364665482,3.2207987283788007,positive_outlier,False,Reported only; outlier policy does not trade residual outliers automatically.
QNCX,2026-04-06,0.8501259251773943,15.059984579178211,positive_outlier,False,Reported only; outlier policy does not trade residual outliers automatically.
RDGT,2026-04-06,0.4448557352032293,7.916082195524776,positive_outlier,False,Reported only; outlier policy does not trade residual outliers automatically.
RMSG,2026-04-06,0.16788054529975155,3.0337005935361026,positive_outlier,False,Reported only; outlier policy does not trade residual outliers automatically.
RUBI,2026-04-06,-0.19940174853718323,-3.4405699531888922,negative_outlier,False,Reported only; outlier policy does not trade residual outliers automatically.
SILO,2026-04-06,0.49878278837264844,8.866681606019236,positive_outlier,False,Reported only; outlier policy does not trade residual outliers automatically.
SKYQ,2026-04-06,0.27082756163136107,4.8483996598757155,positive_outlier,False,Reported only; outlier policy does not trade residual outliers automatically.
SMX,2026-04-06,-0.288165799336567,-5.005258720771023,negative_outlier,False,Reported only; outlier policy does not trade residual outliers automatically.
TDIC,2026-04-06,0.4358571479475891,7.757459551828285,positive_outlier,False,Reported only; outlier policy does not trade residual outliers automatically.
TGHL,2026-04-06,0.19228173847859625,3.4638327533316433,positive_outlier,False,Reported only; outlier policy does not trade residual outliers automatically.
UBXG,2026-04-06,-0.17967474212529355,-3.092832044962212,negative_outlier,False,Reported only; outlier policy does not trade residual outliers automatically.
UK,2026-04-06,0.2218623037673184,3.985264321958463,positive_outlier,False,Reported only; outlier policy does not trade residual outliers automatically.
VSME,2026-04-06,-0.18787925001790395,-3.2374570505528264,negative_outlier,False,Reported only; outlier policy does not trade residual outliers automatically.
WGRX,2026-04-06,0.22010859282226752,3.9543507731445553,positive_outlier,False,Reported only; outlier policy does not trade residual outliers automatically.
AEHR,2026-04-07,0.2570569771383152,3.990653289136786,positive_outlier,False,Reported only; outlier policy does not trade residual outliers automatically.
AGH,2026-04-07,-0.1711231718027016,-3.172367737284672,negative_outlier,False,Reported only; outlier policy does not trade residual outliers automatically.
ANNA,2026-04-07,-0.17076136135537212,-3.1663150142702827,negative_outlier,False,Reported only; outlier policy does not trade residual outliers automatically.
AUUD,2026-04-07,-0.17515302313072004,-3.2397830760558417,negative_outlier,False,Reported only; outlier policy does not trade residual outliers automatically.
BBGI,2026-04-07,0.7945264430693829,12.98197410362435,positive_outlier,False,Reported only; outlier policy does not trade residual outliers automatically.
BETR,2026-04-07,-0.21057872625086377,-3.8324192759192535,negative_outlier,False,Reported only; outlier policy does not trade residual outliers automatically.
BGDE,2026-04-07,0.49589882575146976,7.986235961142136,positive_outlier,False,Reported only; outlier policy does not trade residual outliers automatically.
CDT,2026-04-07,0.212667475013859,3.248061793813493,positive_outlier,False,Reported only; outlier policy does not trade residual outliers automatically.
CLIK,2026-04-07,0.5282827711760616,8.527986629800038,positive_outlier,False,Reported only; outlier policy does not trade residual outliers automatically.
CUE,2026-04-07,0.4556460717976536,7.312848080700548,positive_outlier,False,Reported only; outlier policy does not trade residual outliers automatically.
CUPR,2026-04-07,-0.25720397495749536,-4.612412551351877,negative_outlier,False,Reported only; outlier policy does not trade residual outliers automatically.
DTI,2026-04-07,-0.1804953851794883,-3.3291553923127415,negative_outlier,False,Reported only; outlier policy does not trade residual outliers automatically.
EEIQ,2026-04-07,-0.20272590822992906,-3.701049569173775,negative_outlier,False,Reported only; outlier policy does not trade residual outliers automatically.
ELAB,2026-04-07,0.3207259715653225,5.055771200230296,positive_outlier,False,Reported only; outlier policy does not trade residual outliers automatically.
ELPW,2026-04-07,0.44159340825057236,7.077761225987825,positive_outlier,False,Reported only; outlier policy does not trade residual outliers automatically.
FCHL,2026-04-07,-0.18075375400455013,-3.3334776415600897,negative_outlier,False,Reported only; outlier policy does not trade residual outliers automatically.
FGL,2026-04-07,-0.18670417362359604,-3.433022146256705,negative_outlier,False,Reported only; outlier policy does not trade residual outliers automatically.
FGNX,2026-04-07,0.27432259121956565,4.27948955817903,positive_outlier,False,Reported only; outlier policy does not trade residual outliers automatically.
FTHM,2026-04-07,0.25424930937043877,3.943683845769912,positive_outlier,False,Reported only; outlier policy does not trade residual outliers automatically.
GLND,2026-04-07,0.2042559912813133,3.1073461744914805,positive_outlier,False,Reported only; outlier policy does not trade residual outliers automatically.
HCWB,2026-04-07,0.20250262094729535,3.078014061359341,positive_outlier,False,Reported only; outlier policy does not trade residual outliers automatically.
HKIT,2026-04-07,-0.18387776872937098,-3.3857392497081698,negative_outlier,False,Reported only; outlier policy does not trade residual outliers automatically.
HUBC,2026-04-07,0.735577486836685,11.995817659836058,positive_outlier,False,Reported only; outlier policy does not trade residual outliers automatically.
HURA,2026-04-07,0.23135464842146153,3.560679313271361,positive_outlier,False,Reported only; outlier policy does not trade residual outliers automatically.
ILLR,2026-04-07,-0.28781471101337613,-5.12449921988334,negative_outlier,False,Reported only; outlier policy does not trade residual outliers automatically.
INHD,2026-04-07,-0.27163089050483974,-4.853760263681878,negative_outlier,False,Reported only; outlier policy does not trade residual outliers automatically.
JEM,2026-04-07,0.8993353316079514,14.73532085315114,positive_outlier,False,Reported only; outlier policy does not trade residual outliers automatically.
JTAI,2026-04-07,-0.2558755206497764,-4.590188853774197,negative_outlier,False,Reported only; outlier policy does not trade residual outliers automatically.
KPRX,2026-04-07,0.32958921069673563,5.204044230676785,positive_outlier,False,Reported only; outlier policy does not trade residual outliers automatically.
KRUS,2026-04-07,-0.1756172592521043,-3.2475492770507364,negative_outlier,False,Reported only; outlier policy does not trade residual outliers automatically.
LONA,2026-04-07,-0.17208245352371235,-3.188415550698853,negative_outlier,False,Reported only; outlier policy does not trade residual outliers automatically.
MGRT,2026-04-07,0.6133421178251748,9.950943509160647,positive_outlier,False,Reported only; outlier policy does not trade residual outliers automatically.
MRLN,2026-04-07,0.23513113907894026,3.6238561841573826,positive_outlier,False,Reported only; outlier policy does not trade residual outliers automatically.
MSAI,2026-04-07,-0.300702790230048,-5.340103756075706,negative_outlier,False,Reported only; outlier policy does not trade residual outliers automatically.
OMEX,2026-04-07,0.4965214990218842,7.996652655469513,positive_outlier,False,Reported only; outlier policy does not trade residual outliers automatically.
RDGT,2026-04-07,-0.23631404258752797,-4.262945101315534,negative_outlier,False,Reported only; outlier policy does not trade residual outliers automatically.
REPL,2026-04-07,-0.24871199298158086,-4.470350277797372,negative_outlier,False,Reported only; outlier policy does not trade residual outliers automatically.
RYET,2026-04-07,0.2245911557781923,3.4475329188492827,positive_outlier,False,Reported only; outlier policy does not trade residual outliers automatically.
SAFX,2026-04-07,0.6894775818440758,11.224612853646926,positive_outlier,False,Reported only; outlier policy does not trade residual outliers automatically.
SMTK,2026-04-07,0.33846763065924496,5.352571221080573,positive_outlier,False,Reported only; outlier policy does not trade residual outliers automatically.
SMX,2026-04-07,-0.21951986833606996,-3.9819955440273205,negative_outlier,False,Reported only; outlier policy does not trade residual outliers automatically.
SNBR,2026-04-07,0.5919686491876295,9.59338698619492,positive_outlier,False,Reported only; outlier policy does not trade residual outliers automatically.
SVRN,2026-04-07,0.24568316687591507,3.800380941711069,positive_outlier,False,Reported only; outlier policy does not trade residual outliers automatically.
TRAX,2026-04-07,0.2730329587318085,4.257915310402696,positive_outlier,False,Reported only; outlier policy does not trade residual outliers automatically.
VEEE,2026-04-07,0.21342717647966183,3.260770831322139,positive_outlier,False,Reported only; outlier policy does not trade residual outliers automatically.
VSME,2026-04-07,0.4326480956768542,6.9281151898230755,positive_outlier,False,Reported only; outlier policy does not trade residual outliers automatically.
XRTX,2026-04-07,0.3053802248647123,4.7990523715913,positive_outlier,False,Reported only; outlier policy does not trade residual outliers automatically.
YDES,2026-04-07,-0.1720572128388604,-3.1879932995581526,negative_outlier,False,Reported only; outlier policy does not trade residual outliers automatically.
ALOY,2026-04-08,0.2325686543541674,4.074595486922091,positive_outlier,False,Reported only; outlier policy does not trade residual outliers automatically.
ANTA,2026-04-08,0.2914453697554449,5.112520482368623,positive_outlier,False,Reported only; outlier policy does not trade residual outliers automatically.
ARAI,2026-04-08,0.5369578217070821,9.440606871651832,positive_outlier,False,Reported only; outlier policy does not trade residual outliers automatically.
ARAY,2026-04-08,0.172723248625945,3.0195936573428988,positive_outlier,False,Reported only; outlier policy does not trade residual outliers automatically.
ATXG,2026-04-08,0.24791537307998265,4.345139501734191,positive_outlier,False,Reported only; outlier policy does not trade residual outliers automatically.
BBGI,2026-04-08,0.9232462576480545,16.250402907019367,positive_outlier,False,Reported only; outlier policy does not trade residual outliers automatically.
BYRN,2026-04-08,-0.3040076567355729,-5.38459328488314,negative_outlier,False,Reported only; outlier policy does not trade residual outliers automatically.
CENN,2026-04-08,-0.313560259425141,-5.552994070074655,negative_outlier,False,Reported only; outlier policy does not trade residual outliers automatically.
CHR,2026-04-08,-0.25176256915775364,-4.463575834831312,negative_outlier,False,Reported only; outlier policy does not trade residual outliers automatically.
CLIK,2026-04-08,0.6577605306142685,11.570211932631503,positive_outlier,False,Reported only; outlier policy does not trade residual outliers automatically.
CSHR,2026-04-08,-0.25375817945340057,-4.498756020969506,negative_outlier,False,Reported only; outlier policy does not trade residual outliers automatically.
CYPH,2026-04-08,0.2377814294421675,4.16649038157783,positive_outlier,False,Reported only; outlier policy does not trade residual outliers automatically.
ELAB,2026-04-08,0.2133504626128068,3.7358021041782994,positive_outlier,False,Reported only; outlier policy does not trade residual outliers automatically.
EOSE,2026-04-08,0.29550912363032517,5.184159528353676,positive_outlier,False,Reported only; outlier policy does not trade residual outliers automatically.
FBRX,2026-04-08,0.2793573622990547,4.899423590012784,positive_outlier,False,Reported only; outlier policy does not trade residual outliers automatically.
FFAI,2026-04-08,0.19185116458780507,3.356795587720702,positive_outlier,False,Reported only; outlier policy does not trade residual outliers automatically.
FMFC,2026-04-08,0.23797038689865344,4.169821472074744,positive_outlier,False,Reported only; outlier policy does not trade residual outliers automatically.
GAME,2026-04-08,0.2864704105147363,5.0248179923084,positive_outlier,False,Reported only; outlier policy does not trade residual outliers automatically.
GLMD,2026-04-08,0.25921898094806023,4.5444083818855665,positive_outlier,False,Reported only; outlier policy does not trade residual outliers automatically.
GNLN,2026-04-08,0.23234138624716438,4.070589026179189,positive_outlier,False,Reported only; outlier policy does not trade residual outliers automatically.
GRML,2026-04-08,0.19190026114105968,3.3576611003340653,positive_outlier,False,Reported only; outlier policy does not trade residual outliers automatically.
GURE,2026-04-08,-0.19738553241599638,-3.5049747099567448,negative_outlier,False,Reported only; outlier policy does not trade residual outliers automatically.
HCAI,2026-04-08,-0.3175341624751175,-5.623049155127215,negative_outlier,False,Reported only; outlier policy does not trade residual outliers automatically.
HSPT,2026-04-08,0.1849436820014699,3.235025057841357,positive_outlier,False,Reported only; outlier policy does not trade residual outliers automatically.
HUBC,2026-04-08,-0.37991684067921994,-6.722780017313366,negative_outlier,False,Reported only; outlier policy does not trade residual outliers automatically.
IMTE,2026-04-08,0.23128563267287017,4.051977372721221,positive_outlier,False,Reported only; outlier policy does not trade residual outliers automatically.
INDP,2026-04-08,0.18172752557897867,3.1783281256599616,positive_outlier,False,Reported only; outlier policy does not trade residual outliers automatically.
INHD,2026-04-08,-0.2911557058027159,-5.15802899673375,negative_outlier,False,Reported only; outlier policy does not trade residual outliers automatically.
IPST,2026-04-08,-0.19609723706755425,-3.4822636274081997,negative_outlier,False,Reported only; outlier policy does not trade residual outliers automatically.
IQST,2026-04-08,0.25399931134897713,4.4523919453718,positive_outlier,False,Reported only; outlier policy does not trade residual outliers automatically.
IVVD,2026-04-08,0.31417271423332754,5.51317596650941,positive_outlier,False,Reported only; outlier policy does not trade residual outliers automatically.
JEM,2026-04-08,-0.3268188439511914,-5.786726814675583,negative_outlier,False,Reported only; outlier policy does not trade residual outliers automatically.
KIDZ,2026-04-08,-0.17030117802505584,-3.027510431993995,negative_outlier,False,Reported only; outlier policy does not trade residual outliers automatically.
LNAI,2026-04-08,0.1819517846650114,3.1822815410171694,positive_outlier,False,Reported only; outlier policy does not trade residual outliers automatically.
MPLT,2026-04-08,0.21537745075061915,3.7715354435701127,positive_outlier,False,Reported only; outlier policy does not trade residual outliers automatically.
MRKR,2026-04-08,0.19538054473054345,3.419014273726092,positive_outlier,False,Reported only; outlier policy does not trade residual outliers automatically.
MRLN,2026-04-08,0.2576977352584675,4.517590667706332,positive_outlier,False,Reported only; outlier policy does not trade residual outliers automatically.
NCT,2026-04-08,0.2560073404114598,4.487791059288549,positive_outlier,False,Reported only; outlier policy does not trade residual outliers automatically.
NXTS,2026-04-08,0.2332764331452541,4.087072767516108,positive_outlier,False,Reported only; outlier policy does not trade residual outliers automatically.
ONEG,2026-04-08,0.2591927613671102,4.543946162513228,positive_outlier,False,Reported only; outlier policy does not trade residual outliers automatically.
PASG,2026-04-08,0.20445908819181846,3.57905797039774,positive_outlier,False,Reported only; outlier policy does not trade residual outliers automatically.
PMAX,2026-04-08,0.1749716611961143,3.0592304405898845,positive_outlier,False,Reported only; outlier policy does not trade residual outliers automatically.
PN,2026-04-08,-0.3580128647537696,-6.336639520892421,negative_outlier,False,Reported only; outlier policy does not trade residual outliers automatically.
PPCB,2026-04-08,-0.19769775528104228,-3.5104788199189323,negative_outlier,False,Reported only; outlier policy does not trade residual outliers automatically.
PPSI,2026-04-08,-0.256123015663405,-4.540445211607464,negative_outlier,False,Reported only; outlier policy does not trade residual outliers automatically.
PROP,2026-04-08,-0.33016995302454355,-5.845802798211587,negative_outlier,False,Reported only; outlier policy does not trade residual outliers automatically.
PSTV,2026-04-08,0.23885928845290064,4.185491727036427,positive_outlier,False,Reported only; outlier policy does not trade residual outliers automatically.
QNCX,2026-04-08,-0.2729996696932442,-4.837960127948967,negative_outlier,False,Reported only; outlier policy does not trade residual outliers automatically.
RDAC,2026-04-08,0.17863982388535687,3.1238956943592315,positive_outlier,False,Reported only; outlier policy does not trade residual outliers automatically.
RELL,2026-04-08,0.22537947334876582,3.947858955995744,positive_outlier,False,Reported only; outlier policy does not trade residual outliers automatically.
SAFX,2026-04-08,-0.17931999676695692,-3.1865012543899347,negative_outlier,False,Reported only; outlier policy does not trade residual outliers automatically.
SHAZ,2026-04-08,0.18183649654462333,3.1802491514551283,positive_outlier,False,Reported only; outlier policy does not trade residual outliers automatically.
SMPL,2026-04-08,-0.1735449329763002,-3.08469389272297,negative_outlier,False,Reported only; outlier policy does not trade residual outliers automatically.
SNBR,2026-04-08,-0.21211625457258707,-3.7646594532903,negative_outlier,False,Reported only; outlier policy does not trade residual outliers automatically.
STAA,2026-04-08,0.20912290625135443,3.6612754192689168,positive_outlier,False,Reported only; outlier policy does not trade residual outliers automatically.
STI,2026-04-08,0.2528742903967173,4.432559192155302,positive_outlier,False,Reported only; outlier policy does not trade residual outliers automatically.
SUNE,2026-04-08,-0.19594215127256318,-3.4795296531713076,negative_outlier,False,Reported only; outlier policy does not trade residual outliers automatically.
UCAR,2026-04-08,-0.2797118316337848,-4.95628739203104,negative_outlier,False,Reported only; outlier policy does not trade residual outliers automatically.
VWAV,2026-04-08,0.2697138473226837,4.729420131604483,positive_outlier,False,Reported only; outlier policy does not trade residual outliers automatically.
WATT,2026-04-08,0.24204226451072786,4.24160372968145,positive_outlier,False,Reported only; outlier policy does not trade residual outliers automatically.
WFF,2026-04-08,-0.22498119898813118,-3.9914528007607974,negative_outlier,False,Reported only; outlier policy does not trade residual outliers automatically.
XRTX,2026-04-08,-0.1829768455943802,-3.250967058514423,negative_outlier,False,Reported only; outlier policy does not trade residual outliers automatically.
ZNTL,2026-04-08,0.5928892538977816,10.426610100707476,positive_outlier,False,Reported only; outlier policy does not trade residual outliers automatically.
ALOY,2026-04-09,0.1994589453123133,3.732766809776208,positive_outlier,False,Reported only; outlier policy does not trade residual outliers automatically.
APRE,2026-04-09,0.24986533245886147,4.644284468359504,positive_outlier,False,Reported only; outlier policy does not trade residual outliers automatically.
ARAI,2026-04-09,-0.19075801568260697,-3.3236732717450277,negative_outlier,False,Reported only; outlier policy does not trade residual outliers automatically.
CBUS,2026-04-09,0.1961604299914851,3.673118516529142,positive_outlier,False,Reported only; outlier policy does not trade residual outliers automatically.
CCTG,2026-04-09,0.16524344763044763,3.11403509540909,positive_outlier,False,Reported only; outlier policy does not trade residual outliers automatically.
CDT,2026-04-09,-0.2807675401217544,-4.951349358278164,negative_outlier,False,Reported only; outlier policy does not trade residual outliers automatically.
CDTG,2026-04-09,0.17608264185510294,3.310044321618114,positive_outlier,False,Reported only; outlier policy does not trade residual outliers automatically.
CLIK,2026-04-09,-0.1869823828713477,-3.2553970834559607,negative_outlier,False,Reported only; outlier policy does not trade residual outliers automatically.
CMCT,2026-04-09,-0.21294925522177768,-3.7249658033243547,negative_outlier,False,Reported only; outlier policy does not trade residual outliers automatically.
CREG,2026-04-09,0.8468334239815599,15.439483010395312,positive_outlier,False,Reported only; outlier policy does not trade residual outliers automatically.
CUE,2026-04-09,0.7151888661647248,13.058904954730151,positive_outlier,False,Reported only; outlier policy does not trade residual outliers automatically.
DKI,2026-04-09,-0.3118992171791682,-5.514315184347855,negative_outlier,False,Reported only; outlier policy does not trade residual outliers automatically.
FFAI,2026-04-09,0.24641710897556,4.581928946099342,positive_outlier,False,Reported only; outlier policy does not trade residual outliers automatically.
FSLY,2026-04-09,-0.21497116716130893,-3.7615287974470024,negative_outlier,False,Reported only; outlier policy does not trade residual outliers automatically.
GAME,2026-04-09,0.16110271180877522,3.0391566120532105,positive_outlier,False,Reported only; outlier policy does not trade residual outliers automatically.
HBIO,2026-04-09,-0.198980498120822,-3.472363514472279,negative_outlier,False,Reported only; outlier policy does not trade residual outliers automatically.
HURA,2026-04-09,0.1655087135323354,3.1188319984897994,positive_outlier,False,Reported only; outlier policy does not trade residual outliers automatically.
HYFM,2026-04-09,-0.1849840141836961,-3.21925983081259,negative_outlier,False,Reported only; outlier policy does not trade residual outliers automatically.
ILLR,2026-04-09,-0.39089642357571563,-6.942851381553439,negative_outlier,False,Reported only; outlier policy does not trade residual outliers automatically.
IPST,2026-04-09,0.30769430906926193,5.690027604143641,positive_outlier,False,Reported only; outlier policy does not trade residual outliers automatically.
IQST,2026-04-09,-0.17785255895301746,-3.0902990434571938,negative_outlier,False,Reported only; outlier policy does not trade residual outliers automatically.
JEM,2026-04-09,-0.17742132306584338,-3.0825008427047536,negative_outlier,False,Reported only; outlier policy does not trade residual outliers automatically.
KWM,2026-04-09,-0.3437276292437908,-6.089880331622171,negative_outlier,False,Reported only; outlier policy does not trade residual outliers automatically.
LICN,2026-04-09,-0.21282959954895567,-3.722802024785539,negative_outlier,False,Reported only; outlier policy does not trade residual outliers automatically.
LRHC,2026-04-09,-0.2252860067257251,-3.9480559211046407,negative_outlier,False,Reported only; outlier policy does not trade residual outliers automatically.
LWLG,2026-04-09,0.24233812298188262,4.508167108109622,positive_outlier,False,Reported only; outlier policy does not trade residual outliers automatically.
MFI,2026-04-09,0.1956265914077755,3.663464912622365,positive_outlier,False,Reported only; outlier policy does not trade residual outliers automatically.
MGN,2026-04-09,0.1926410950709435,3.6094770594015766,positive_outlier,False,Reported only; outlier policy does not trade residual outliers automatically.
MKDW,2026-04-09,0.16584915842521217,3.12498839154232,positive_outlier,False,Reported only; outlier policy does not trade residual outliers automatically.
MTVA,2026-04-09,0.18224366984258458,3.4214565081191655,positive_outlier,False,Reported only; outlier policy does not trade residual outliers automatically.
NCEL,2026-04-09,0.18856661082295942,3.535796628172509,positive_outlier,False,Reported only; outlier policy does not trade residual outliers automatically.
NVVE,2026-04-09,0.22566266838873011,4.206618590411437,positive_outlier,False,Reported only; outlier policy does not trade residual outliers automatically.
OCC,2026-04-09,0.18618319471797595,3.4926964182501434,positive_outlier,False,Reported only; outlier policy does not trade residual outliers automatically.
PMAX,2026-04-09,-0.17889245618162367,-3.10910389618807,negative_outlier,False,Reported only; outlier policy does not trade residual outliers automatically.
PSTV,2026-04-09,0.23764199481158302,4.423245256008748,positive_outlier,False,Reported only; outlier policy does not trade residual outliers automatically.
REPL,2026-04-09,-0.1809020385738498,-3.1454439304691744,negative_outlier,False,Reported only; outlier policy does not trade residual outliers automatically.
RXT,2026-04-09,0.48857295011248575,8.960924105654533,positive_outlier,False,Reported only; outlier policy does not trade residual outliers automatically.
SAFX,2026-04-09,0.49490991310662014,9.075517791056917,positive_outlier,False,Reported only; outlier policy does not trade residual outliers automatically.
SIDU,2026-04-09,0.2570205381982633,4.773674745097638,positive_outlier,False,Reported only; outlier policy does not trade residual outliers automatically.
SKYQ,2026-04-09,0.7328652298525649,13.3785532880686,positive_outlier,False,Reported only; outlier policy does not trade residual outliers automatically.
SQFT,2026-04-09,0.37867626020268963,6.973620925575461,positive_outlier,False,Reported only; outlier policy does not trade residual outliers automatically.
TBH,2026-04-09,0.22827844804818367,4.253920717890299,positive_outlier,False,Reported only; outlier policy does not trade residual outliers automatically.
TMCI,2026-04-09,0.19566520815292598,3.664163233750189,positive_outlier,False,Reported only; outlier policy does not trade residual outliers automatically.
TPST,2026-04-09,0.3020717944698595,5.588353557795157,positive_outlier,False,Reported only; outlier policy does not trade residual outliers automatically.
TWAV,2026-04-09,-0.20399609510173686,-3.563062441240214,negative_outlier,False,Reported only; outlier policy does not trade residual outliers automatically.
UCAR,2026-04-09,0.42343719103573374,7.7830496741649,positive_outlier,False,Reported only; outlier policy does not trade residual outliers automatically.
VRAX,2026-04-09,-0.21829068558705142,-3.8215568977403223,negative_outlier,False,Reported only; outlier policy does not trade residual outliers automatically.
XNDU,2026-04-09,0.17236683712800588,3.242850027078633,positive_outlier,False,Reported only; outlier policy does not trade residual outliers automatically.
YDDL,2026-04-09,-0.6179439735041495,-11.048637628366661,negative_outlier,False,Reported only; outlier policy does not trade residual outliers automatically.
YOOV,2026-04-09,0.16575299259356233,3.1232493886368684,positive_outlier,False,Reported only; outlier policy does not trade residual outliers automatically.
ZNTL,2026-04-09,0.5058875655232238,9.27403080883048,positive_outlier,False,Reported only; outlier policy does not trade residual outliers automatically.
ZTG,2026-04-09,0.22412457168606098,4.178804609198786,positive_outlier,False,Reported only; outlier policy does not trade residual outliers automatically.
AEHL,2026-04-10,-0.1931112381138965,-3.6245953356306444,negative_outlier,False,Reported only; outlier policy does not trade residual outliers automatically.
AFJK,2026-04-10,-0.23951906268991321,-4.414101156900057,negative_outlier,False,Reported only; outlier policy does not trade residual outliers automatically.
ALMU,2026-04-10,0.41561605639523874,6.7312820831292575,positive_outlier,False,Reported only; outlier policy does not trade residual outliers automatically.
BCG,2026-04-10,0.21213139325676775,3.269531234978266,positive_outlier,False,Reported only; outlier policy does not trade residual outliers automatically.
BNAI,2026-04-10,0.2073759907443052,3.1886306971838563,positive_outlier,False,Reported only; outlier policy does not trade residual outliers automatically.
BNZI,2026-04-10,0.26763708302126654,4.213813057774433,positive_outlier,False,Reported only; outlier policy does not trade residual outliers automatically.
BRLS,2026-04-10,-0.2331180742623659,-4.305205347376625,negative_outlier,False,Reported only; outlier policy does not trade residual outliers automatically.
BTM,2026-04-10,0.4890487489245872,7.980544222716143,positive_outlier,False,Reported only; outlier policy does not trade residual outliers automatically.
CAR,2026-04-10,0.2221392537898522,3.4397883892730157,positive_outlier,False,Reported only; outlier policy does not trade residual outliers automatically.
CDT,2026-04-10,0.21235514017338003,3.273337694228842,positive_outlier,False,Reported only; outlier policy does not trade residual outliers automatically.
CLGN,2026-04-10,-0.16369176993865173,-3.124101257418466,negative_outlier,False,Reported only; outlier policy does not trade residual outliers automatically.
CMCT,2026-04-10,0.8734097438353552,14.519425235203382,positive_outlier,False,Reported only; outlier policy does not trade residual outliers automatically.
CRIS,2026-04-10,0.2312211151915843,3.5942921288931444,positive_outlier,False,Reported only; outlier policy does not trade residual outliers automatically.
CSHR,2026-04-10,0.2544434569803398,3.989358568512584,positive_outlier,False,Reported only; outlier policy does not trade residual outliers automatically.
DEVS,2026-04-10,0.4956007622193727,8.092009319055544,positive_outlier,False,Reported only; outlier policy does not trade residual outliers automatically.
DLXY,2026-04-10,0.35830986966662115,5.756369588731122,positive_outlier,False,Reported only; outlier policy does not trade residual outliers automatically.
GCTK,2026-04-10,0.32052046035108456,5.113483202447736,positive_outlier,False,Reported only; outlier policy does not trade residual outliers automatically.
GLND,2026-04-10,-0.1640780236914039,-3.130672338676228,negative_outlier,False,Reported only; outlier policy does not trade residual outliers automatically.
GPRO,2026-04-10,0.21666000635582358,3.3465735535236005,positive_outlier,False,Reported only; outlier policy does not trade residual outliers automatically.
GV,2026-04-10,-0.15823116983890362,-3.03120365651253,negative_outlier,False,Reported only; outlier policy does not trade residual outliers automatically.
HCAI,2026-04-10,0.22089365715278322,3.4185978722663695,positive_outlier,False,Reported only; outlier policy does not trade residual outliers automatically.
HHS,2026-04-10,0.20074283890774175,3.0757852441557234,positive_outlier,False,Reported only; outlier policy does not trade residual outliers automatically.
HUBC,2026-04-10,-0.19719237788223498,-3.6940250844705087,negative_outlier,False,Reported only; outlier policy does not trade residual outliers automatically.
HURA,2026-04-10,0.27336597564428394,4.3112749430625685,positive_outlier,False,Reported only; outlier policy does not trade residual outliers automatically.
IMA,2026-04-10,0.2298946875461563,3.5717264870617176,positive_outlier,False,Reported only; outlier policy does not trade residual outliers automatically.
JDZG,2026-04-10,0.30991106144646774,4.932992471156421,positive_outlier,False,Reported only; outlier policy does not trade residual outliers automatically.
LICN,2026-04-10,0.42119957188290574,6.8262707627524595,positive_outlier,False,Reported only; outlier policy does not trade residual outliers automatically.
LNZA,2026-04-10,0.281528313938151,4.450135440339758,positive_outlier,False,Reported only; outlier policy does not trade residual outliers automatically.
MNTS,2026-04-10,0.40729219533762545,6.589673705221802,positive_outlier,False,Reported only; outlier policy does not trade residual outliers automatically.
MOVE,2026-04-10,0.2179487675467019,3.368498400717373,positive_outlier,False,Reported only; outlier policy does not trade residual outliers automatically.
MTC,2026-04-10,0.25530876226792065,4.004079438709834,positive_outlier,False,Reported only; outlier policy does not trade residual outliers automatically.
NPT,2026-04-10,-0.2072734035840541,-3.8655269496983378,negative_outlier,False,Reported only; outlier policy does not trade residual outliers automatically.
ONCO,2026-04-10,-0.2626265694965929,-4.807213984436565,negative_outlier,False,Reported only; outlier policy does not trade residual outliers automatically.
OPTX,2026-04-10,0.23461607592414507,3.652048364739696,positive_outlier,False,Reported only; outlier policy does not trade residual outliers automatically.
PHOE,2026-04-10,0.20513503355362997,3.150506765208644,positive_outlier,False,Reported only; outlier policy does not trade residual outliers automatically.
PLCE,2026-04-10,-0.27701552984336536,-5.052003910695303,negative_outlier,False,Reported only; outlier policy does not trade residual outliers automatically.
PN,2026-04-10,-0.23493113487408926,-4.336049756058725,negative_outlier,False,Reported only; outlier policy does not trade residual outliers automatically.
PRHI,2026-04-10,0.2136550509089268,3.2954522212988127,positive_outlier,False,Reported only; outlier policy does not trade residual outliers automatically.
RAYA,2026-04-10,-0.16753203061493752,-3.189433088565891,negative_outlier,False,Reported only; outlier policy does not trade residual outliers automatically.
RCT,2026-04-10,0.7581142350966894,12.557978514806214,positive_outlier,False,Reported only; outlier policy does not trade residual outliers automatically.
RECT,2026-04-10,0.8561004080649064,14.224952881070699,positive_outlier,False,Reported only; outlier policy does not trade residual outliers automatically.
REPL,2026-04-10,-0.6565405418546998,-11.508613524220323,negative_outlier,False,Reported only; outlier policy does not trade residual outliers automatically.
RITR,2026-04-10,-0.17029263004051623,-3.236397352385612,negative_outlier,False,Reported only; outlier policy does not trade residual outliers automatically.
RVMD,2026-04-10,0.4125863290917252,6.679739323587389,positive_outlier,False,Reported only; outlier policy does not trade residual outliers automatically.
SAFX,2026-04-10,0.3054278522893969,4.856722580037565,positive_outlier,False,Reported only; outlier policy does not trade residual outliers automatically.
SLNH,2026-04-10,0.2959379031308313,4.695276311597085,positive_outlier,False,Reported only; outlier policy does not trade residual outliers automatically.
SNBR,2026-04-10,0.20408148273230098,3.1325833974567274,positive_outlier,False,Reported only; outlier policy does not trade residual outliers automatically.
SYRE,2026-04-10,0.2295031690194951,3.5650658396653387,positive_outlier,False,Reported only; outlier policy does not trade residual outliers automatically.
UCAR,2026-04-10,-0.17150611078514458,-3.257041502820053,negative_outlier,False,Reported only; outlier policy does not trade residual outliers automatically.
VRAX,2026-04-10,0.588497353095375,9.67239796995106,positive_outlier,False,Reported only; outlier policy does not trade residual outliers automatically.
XAIR,2026-04-10,-0.19722878621538434,-3.694644475515591,negative_outlier,False,Reported only; outlier policy does not trade residual outliers automatically.
XNDU,2026-04-10,0.2876154440305708,4.553691784268737,positive_outlier,False,Reported only; outlier policy does not trade residual outliers automatically.
ZBAO,2026-04-10,0.2360993032876947,3.677281537130062,positive_outlier,False,Reported only; outlier policy does not trade residual outliers automatically.
ADGM,2026-04-13,0.22537596220473766,4.050095431291295,positive_outlier,False,Reported only; outlier policy does not trade residual outliers automatically.
AFJK,2026-04-13,0.3029747033307972,5.521493148274253,positive_outlier,False,Reported only; outlier policy does not trade residual outliers automatically.
AHMA,2026-04-13,0.6779495829847932,12.631623723105996,positive_outlier,False,Reported only; outlier policy does not trade residual outliers automatically.
ALLO,2026-04-13,-0.2344892111379532,-4.669692497706099,negative_outlier,False,Reported only; outlier policy does not trade residual outliers automatically.
ANNA,2026-04-13,-0.14688950527368824,-3.0086603037988655,negative_outlier,False,Reported only; outlier policy does not trade residual outliers automatically.
ARAI,2026-04-13,0.8535536154037312,15.961360374045753,positive_outlier,False,Reported only; outlier policy does not trade residual outliers automatically.
ARTW,2026-04-13,0.1705830573975175,3.0111332797115784,positive_outlier,False,Reported only; outlier policy does not trade residual outliers automatically.
ATLN,2026-04-13,-0.23306367940573772,-4.642662108993204,negative_outlier,False,Reported only; outlier policy does not trade residual outliers automatically.
ATXG,2026-04-13,-0.159137363009902,-3.2408995083205085,negative_outlier,False,Reported only; outlier policy does not trade residual outliers automatically.
BBGI,2026-04-13,0.4336866291040005,8.000002804155105,positive_outlier,False,Reported only; outlier policy does not trade residual outliers automatically.
BENF,2026-04-13,-0.1785301387836238,-3.6086179221161947,negative_outlier,False,Reported only; outlier policy does not trade residual outliers automatically.
BGDE,2026-04-13,0.2708452572793586,4.912266853079398,positive_outlier,False,Reported only; outlier policy does not trade residual outliers automatically.
BOLD,2026-04-13,0.30187868775183474,5.500710919113559,positive_outlier,False,Reported only; outlier policy does not trade residual outliers automatically.
BRLS,2026-04-13,-0.14724963821374262,-3.0154890071788025,negative_outlier,False,Reported only; outlier policy does not trade residual outliers automatically.
CMND,2026-04-13,-0.3478099258110462,-6.818436645320511,negative_outlier,False,Reported only; outlier policy does not trade residual outliers automatically.
CRDO,2026-04-13,0.18679865569757023,3.3186072666858037,positive_outlier,False,Reported only; outlier policy does not trade residual outliers automatically.
CWD,2026-04-13,0.2014559339428594,3.5965329834479776,positive_outlier,False,Reported only; outlier policy does not trade residual outliers automatically.
DEVS,2026-04-13,-0.17838349230981812,-3.6058372676412627,negative_outlier,False,Reported only; outlier policy does not trade residual outliers automatically.
DKI,2026-04-13,-0.17119901944841126,-3.469608034890862,negative_outlier,False,Reported only; outlier policy does not trade residual outliers automatically.
DTI,2026-04-13,-0.1620853145607417,-3.296797440667574,negative_outlier,False,Reported only; outlier policy does not trade residual outliers automatically.
DTSS,2026-04-13,0.262082354610996,4.746108036669907,positive_outlier,False,Reported only; outlier policy does not trade residual outliers automatically.
FCHL,2026-04-13,-0.22891068731525088,-4.563914657785668,negative_outlier,False,Reported only; outlier policy does not trade residual outliers automatically.
FCUV,2026-04-13,-0.17072073957370143,-3.460539074421726,negative_outlier,False,Reported only; outlier policy does not trade residual outliers automatically.
FOFO,2026-04-13,-0.17673577504781343,-3.5745938817001353,negative_outlier,False,Reported only; outlier policy does not trade residual outliers automatically.
FRMM,2026-04-13,0.17737732536179895,3.1399635961077412,positive_outlier,False,Reported only; outlier policy does not trade residual outliers automatically.
FTCI,2026-04-13,0.2327070609861776,4.189104928783836,positive_outlier,False,Reported only; outlier policy does not trade residual outliers automatically.
GCTK,2026-04-13,-0.14956490868447744,-3.0593902823206647,negative_outlier,False,Reported only; outlier policy does not trade residual outliers automatically.
GIFT,2026-04-13,0.1906802823826427,3.392209190630904,positive_outlier,False,Reported only; outlier policy does not trade residual outliers automatically.
GSIW,2026-04-13,0.17902749766893095,3.1712535336777092,positive_outlier,False,Reported only; outlier policy does not trade residual outliers automatically.
HCAI,2026-04-13,-0.16979391356642887,-3.442964953355433,negative_outlier,False,Reported only; outlier policy does not trade residual outliers automatically.
HCHL,2026-04-13,-0.18240395546517815,-3.682071755754939,negative_outlier,False,Reported only; outlier policy does not trade residual outliers automatically.
HOTH,2026-04-13,0.2593880475429393,4.695019614212776,positive_outlier,False,Reported only; outlier policy does not trade residual outliers automatically.
HUBC,2026-04-13,0.4264939030633613,7.863617077769575,positive_outlier,False,Reported only; outlier policy does not trade residual outliers automatically.
IMDX,2026-04-13,0.19931474399827398,3.5559325568125533,positive_outlier,False,Reported only; outlier policy does not trade residual outliers automatically.
JDZG,2026-04-13,-0.20425856669833584,-4.096470554077961,negative_outlier,False,Reported only; outlier policy does not trade residual outliers automatically.
JEM,2026-04-13,-0.17231660458286446,-3.49079925773167,negative_outlier,False,Reported only; outlier policy does not trade residual outliers automatically.
JZXN,2026-04-13,0.2498386482249067,4.513947548465138,positive_outlier,False,Reported only; outlier policy does not trade residual outliers automatically.
KEEL,2026-04-13,0.20657308387141757,3.693562427651312,positive_outlier,False,Reported only; outlier policy does not trade residual outliers automatically.
KUST,2026-04-13,0.21203225001931864,3.797077052889926,positive_outlier,False,Reported only; outlier policy does not trade residual outliers automatically.
LAES,2026-04-13,0.20595377803971068,3.6818193868021387,positive_outlier,False,Reported only; outlier policy does not trade residual outliers automatically.
MEHA,2026-04-13,-0.2863805304949266,-5.65363589324455,negative_outlier,False,Reported only; outlier policy does not trade residual outliers automatically.
MFI,2026-04-13,0.23495149165009807,4.231662966541875,positive_outlier,False,Reported only; outlier policy does not trade residual outliers automatically.
MGRT,2026-04-13,0.5221958872005981,9.67828158040002,positive_outlier,False,Reported only; outlier policy does not trade residual outliers automatically.
MGTX,2026-04-13,0.1741737631578459,3.0792188720992426,positive_outlier,False,Reported only; outlier policy does not trade residual outliers automatically.
MOVE,2026-04-13,0.20982904625310608,3.755300743833738,positive_outlier,False,Reported only; outlier policy does not trade residual outliers automatically.
MTC,2026-04-13,0.18923234261334668,3.3647539092699605,positive_outlier,False,Reported only; outlier policy does not trade residual outliers automatically.
OMEX,2026-04-13,0.180966899669639,3.208027734325092,positive_outlier,False,Reported only; outlier policy does not trade residual outliers automatically.
QUCY,2026-04-13,0.2014548255146995,3.596511965856194,positive_outlier,False,Reported only; outlier policy does not trade residual outliers automatically.
RAYA,2026-04-13,-0.18254527465065037,-3.6847513962214244,negative_outlier,False,Reported only; outlier policy does not trade residual outliers automatically.
RCT,2026-04-13,-0.2739328696295699,-5.41760809803444,negative_outlier,False,Reported only; outlier policy does not trade residual outliers automatically.
RETO,2026-04-13,0.31638514909868853,5.775776903400437,positive_outlier,False,Reported only; outlier policy does not trade residual outliers automatically.
SHIM,2026-04-13,0.22197497579823366,3.985607224892551,positive_outlier,False,Reported only; outlier policy does not trade residual outliers automatically.
SHPH,2026-04-13,0.19078843675830942,3.3942599726297926,positive_outlier,False,Reported only; outlier policy does not trade residual outliers automatically.
SKYQ,2026-04-13,-0.18182539437332673,-3.671101301114413,negative_outlier,False,Reported only; outlier policy does not trade residual outliers automatically.
SOWG,2026-04-13,-0.15576106362049127,-3.1768794077191402,negative_outlier,False,Reported only; outlier policy does not trade residual outliers automatically.
STAK,2026-04-13,-0.2446603501307839,-4.862553753906834,negative_outlier,False,Reported only; outlier policy does not trade residual outliers automatically.
TNMG,2026-04-13,0.2524098317743867,4.562701349747856,positive_outlier,False,Reported only; outlier policy does not trade residual outliers automatically.
TVTX,2026-04-13,0.3727897658427325,6.845299721685098,positive_outlier,False,Reported only; outlier policy does not trade residual outliers automatically.
UCAR,2026-04-13,-0.17339376496793374,-3.5112239619010417,negative_outlier,False,Reported only; outlier policy does not trade residual outliers automatically.
WETO,2026-04-13,0.18104181845468714,3.209448315737616,positive_outlier,False,Reported only; outlier policy does not trade residual outliers automatically.
WGRX,2026-04-13,0.19011580446857185,3.3815057758332094,positive_outlier,False,Reported only; outlier policy does not trade residual outliers automatically.
WXM,2026-04-13,0.22329190006908822,4.010578240368524,positive_outlier,False,Reported only; outlier policy does not trade residual outliers automatically.
XNDU,2026-04-13,0.2950215572364624,5.370688627012422,positive_outlier,False,Reported only; outlier policy does not trade residual outliers automatically.
YOOV,2026-04-13,-0.14674092893625415,-3.0058430559862614,negative_outlier,False,Reported only; outlier policy does not trade residual outliers automatically.
AEHL,2026-04-14,-0.24150679636526476,-4.209718185435548,negative_outlier,False,Reported only; outlier policy does not trade residual outliers automatically.
AGAE,2026-04-14,0.4325607146002621,6.9660706999203805,positive_outlier,False,Reported only; outlier policy does not trade residual outliers automatically.
ARAI,2026-04-14,-0.3673328315734797,-6.295867099146194,negative_outlier,False,Reported only; outlier policy does not trade residual outliers automatically.
ARTV,2026-04-14,0.2093288430748451,3.264969210727637,positive_outlier,False,Reported only; outlier policy does not trade residual outliers automatically.
ASBP,2026-04-14,-0.4982953762405773,-8.467177431240408,negative_outlier,False,Reported only; outlier policy does not trade residual outliers automatically.
ASTI,2026-04-14,0.5847723879691072,9.489683690880813,positive_outlier,False,Reported only; outlier policy does not trade residual outliers automatically.
ATHR,2026-04-14,0.2804429249924508,4.444014266835844,positive_outlier,False,Reported only; outlier policy does not trade residual outliers automatically.
BEAT,2026-04-14,-0.2617991415580272,-4.546157729210976,negative_outlier,False,Reported only; outlier policy does not trade residual outliers automatically.
BNRG,2026-04-14,0.2873898707005585,4.559192045572922,positive_outlier,False,Reported only; outlier policy does not trade residual outliers automatically.
CMND,2026-04-14,-0.28194577712983404,-4.880181461608649,negative_outlier,False,Reported only; outlier policy does not trade residual outliers automatically.
CTNT,2026-04-14,-0.8894403160922383,-14.952215206011555,negative_outlier,False,Reported only; outlier policy does not trade residual outliers automatically.
CUE,2026-04-14,0.6644792749127719,10.811194261706836,positive_outlier,False,Reported only; outlier policy does not trade residual outliers automatically.
DOO,2026-04-14,-0.3508826813277722,-6.023129720044391,negative_outlier,False,Reported only; outlier policy does not trade residual outliers automatically.
GNLN,2026-04-14,0.2401657198581425,3.7762331705055328,positive_outlier,False,Reported only; outlier policy does not trade residual outliers automatically.
GPRO,2026-04-14,0.26394044637084135,4.170409302703937,positive_outlier,False,Reported only; outlier policy does not trade residual outliers automatically.
KIDZ,2026-04-14,-0.29661420101249086,-5.123378479602698,negative_outlier,False,Reported only; outlier policy does not trade residual outliers automatically.
KMRK,2026-04-14,0.40949811453936025,6.583701359705708,positive_outlier,False,Reported only; outlier policy does not trade residual outliers automatically.
MDCX,2026-04-14,-0.23960375407075651,-4.17816645125856,negative_outlier,False,Reported only; outlier policy does not trade residual outliers automatically.
MIMI,2026-04-14,-0.3055061214498921,-5.270803216705714,negative_outlier,False,Reported only; outlier policy does not trade residual outliers automatically.
MNTS,2026-04-14,0.37861789182793465,6.071718740544411,positive_outlier,False,Reported only; outlier policy does not trade residual outliers automatically.
MRLN,2026-04-14,0.29441403335571587,4.67565005260251,positive_outlier,False,Reported only; outlier policy does not trade residual outliers automatically.
NCI,2026-04-14,0.3000853463869824,4.7696783155125795,positive_outlier,False,Reported only; outlier policy does not trade residual outliers automatically.
NCT,2026-04-14,-0.23543832428183786,-4.109105173003143,negative_outlier,False,Reported only; outlier policy does not trade residual outliers automatically.
NIXX,2026-04-14,-0.17409869827163266,-3.0921169641888486,negative_outlier,False,Reported only; outlier policy does not trade residual outliers automatically.
NNBR,2026-04-14,0.25525107177549444,4.026342700407274,positive_outlier,False,Reported only; outlier policy does not trade residual outliers automatically.
NOTV,2026-04-14,0.5772113175063653,9.364323951886917,positive_outlier,False,Reported only; outlier policy does not trade residual outliers automatically.
NPT,2026-04-14,-0.18137254480188394,-3.212714637098683,negative_outlier,False,Reported only; outlier policy does not trade residual outliers automatically.
NXGL,2026-04-14,0.25992513144417956,4.103836873090302,positive_outlier,False,Reported only; outlier policy does not trade residual outliers automatically.
NXTT,2026-04-14,0.28154415595190674,4.4622722669867025,positive_outlier,False,Reported only; outlier policy does not trade residual outliers automatically.
NXXT,2026-04-14,0.19831578532824554,3.082376805136196,positive_outlier,False,Reported only; outlier policy does not trade residual outliers automatically.
OBAI,2026-04-14,-0.26085731661492134,-4.530542621584685,negative_outlier,False,Reported only; outlier policy does not trade residual outliers automatically.
ORBS,2026-04-14,0.23596051303222026,3.706512403755556,positive_outlier,False,Reported only; outlier policy does not trade residual outliers automatically.
PDSB,2026-04-14,0.281553426343486,4.462425966634719,positive_outlier,False,Reported only; outlier policy does not trade residual outliers automatically.
PMAX,2026-04-14,-0.27033247484828776,-4.687637224645684,negative_outlier,False,Reported only; outlier policy does not trade residual outliers automatically.
PRLD,2026-04-14,0.25381725021174073,4.002570471609554,positive_outlier,False,Reported only; outlier policy does not trade residual outliers automatically.
QSI,2026-04-14,0.2361422363523938,3.709525308885632,positive_outlier,False,Reported only; outlier policy does not trade residual outliers automatically.
RECT,2026-04-14,-0.30524278298992846,-5.26643716288162,negative_outlier,False,Reported only; outlier policy does not trade residual outliers automatically.
RETO,2026-04-14,0.2508966857132144,3.954148597345293,positive_outlier,False,Reported only; outlier policy does not trade residual outliers automatically.
RMSG,2026-04-14,-0.20262003750405827,-3.5649901716998236,negative_outlier,False,Reported only; outlier policy does not trade residual outliers automatically.
RPGL,2026-04-14,-0.28061733728777694,-4.858156422602601,negative_outlier,False,Reported only; outlier policy does not trade residual outliers automatically.
SAFX,2026-04-14,-0.27251152282717195,-4.723765030521075,negative_outlier,False,Reported only; outlier policy does not trade residual outliers automatically.
SKYQ,2026-04-14,0.24897406903625519,3.922272327180034,positive_outlier,False,Reported only; outlier policy does not trade residual outliers automatically.
SNAL,2026-04-14,-0.42208683241412953,-7.203668089505746,negative_outlier,False,Reported only; outlier policy does not trade residual outliers automatically.
SNBR,2026-04-14,0.26352514123055837,4.163523697782618,positive_outlier,False,Reported only; outlier policy does not trade residual outliers automatically.
SOBR,2026-04-14,0.21001618586735155,3.276365098848576,positive_outlier,False,Reported only; outlier policy does not trade residual outliers automatically.
SOPA,2026-04-14,0.5362491636213214,8.685186659758731,positive_outlier,False,Reported only; outlier policy does not trade residual outliers automatically.
SURG,2026-04-14,-0.3218049516082143,-5.5410317649808984,negative_outlier,False,Reported only; outlier policy does not trade residual outliers automatically.
TNMG,2026-04-14,-0.19637345918610852,-3.4614242240735207,negative_outlier,False,Reported only; outlier policy does not trade residual outliers automatically.
TRAW,2026-04-14,-0.23069479039775256,-4.030459143641581,negative_outlier,False,Reported only; outlier policy does not trade residual outliers automatically.
TSHA,2026-04-14,0.27404146130653023,4.337880377355477,positive_outlier,False,Reported only; outlier policy does not trade residual outliers automatically.
VIVK,2026-04-14,-0.20315663474673396,-3.573886754613333,negative_outlier,False,Reported only; outlier policy does not trade residual outliers automatically.
WATT,2026-04-14,0.35231745254310204,5.635667229000128,positive_outlier,False,Reported only; outlier policy does not trade residual outliers automatically.
WFF,2026-04-14,0.24597491077616426,3.8725473975501563,positive_outlier,False,Reported only; outlier policy does not trade residual outliers automatically.
WSHP,2026-04-14,0.4626194110753707,7.464432719317554,positive_outlier,False,Reported only; outlier policy does not trade residual outliers automatically.
XELB,2026-04-14,0.2128242938003487,3.3229224850390437,positive_outlier,False,Reported only; outlier policy does not trade residual outliers automatically.
XNDU,2026-04-14,0.6807340686859429,11.080692703077714,positive_outlier,False,Reported only; outlier policy does not trade residual outliers automatically.
ZBAO,2026-04-14,0.23014644062808232,3.6101172434848183,positive_outlier,False,Reported only; outlier policy does not trade residual outliers automatically.
ACHV,2026-04-15,0.35198431961674564,6.125535865369643,positive_outlier,False,Reported only; outlier policy does not trade residual outliers automatically.
ACXP,2026-04-15,-0.1937180718450153,-3.4693076827708764,negative_outlier,False,Reported only; outlier policy does not trade residual outliers automatically.
ADVB,2026-04-15,-0.2217579496943266,-3.962320440791683,negative_outlier,False,Reported only; outlier policy does not trade residual outliers automatically.
ARTV,2026-04-15,0.33185513571964703,5.771613336778444,positive_outlier,False,Reported only; outlier policy does not trade residual outliers automatically.
ASBP,2026-04-15,-0.41047515651086386,-7.280451536747553,negative_outlier,False,Reported only; outlier policy does not trade residual outliers automatically.
AXTI,2026-04-15,0.29068254833376905,5.047693961271501,positive_outlier,False,Reported only; outlier policy does not trade residual outliers automatically.
BIRD,2026-04-15,-0.32290767318850994,-5.740791246581379,negative_outlier,False,Reported only; outlier policy does not trade residual outliers automatically.
BNAI,2026-04-15,-0.3051866581141888,-5.429210484223175,negative_outlier,False,Reported only; outlier policy does not trade residual outliers automatically.
BTM,2026-04-15,0.2239720763872339,3.874753268020986,positive_outlier,False,Reported only; outlier policy does not trade residual outliers automatically.
CDNA,2026-04-15,0.2729161013300718,4.735314389413331,positive_outlier,False,Reported only; outlier policy does not trade residual outliers automatically.
CDT,2026-04-15,-0.23282381354095866,-4.156886625574289,negative_outlier,False,Reported only; outlier policy does not trade residual outliers automatically.
CMCT,2026-04-15,-0.25140744196053205,-4.483634336473919,negative_outlier,False,Reported only; outlier policy does not trade residual outliers automatically.
CMND,2026-04-15,0.285429912675172,4.955339194006102,positive_outlier,False,Reported only; outlier policy does not trade residual outliers automatically.
CPOP,2026-04-15,0.2109813797991105,3.646343601333386,positive_outlier,False,Reported only; outlier policy does not trade residual outliers automatically.
DAIC,2026-04-15,0.18963415930443178,3.271004874512993,positive_outlier,False,Reported only; outlier policy does not trade residual outliers automatically.
DARE,2026-04-15,0.5174255611428425,9.03441596868189,positive_outlier,False,Reported only; outlier policy does not trade residual outliers automatically.
DVLT,2026-04-15,0.19490467999774455,3.363674106425488,positive_outlier,False,Reported only; outlier policy does not trade residual outliers automatically.
EHGO,2026-04-15,-0.22241783132903561,-3.973922847422822,negative_outlier,False,Reported only; outlier policy does not trade residual outliers automatically.
GLND,2026-04-15,0.4438299112919658,7.740416240640797,positive_outlier,False,Reported only; outlier policy does not trade residual outliers automatically.
GLOO,2026-04-15,0.17982113558633017,3.0984668230355794,positive_outlier,False,Reported only; outlier policy does not trade residual outliers automatically.
GRPN,2026-04-15,0.19983135385473857,3.450297631647631,positive_outlier,False,Reported only; outlier policy does not trade residual outliers automatically.
GVH,2026-04-15,0.18372365119967005,3.167083027289094,positive_outlier,False,Reported only; outlier policy does not trade residual outliers automatically.
HUBC,2026-04-15,-0.26461273999444235,-4.715817245371461,negative_outlier,False,Reported only; outlier policy does not trade residual outliers automatically.
IPST,2026-04-15,-0.2276684554668093,-4.0662422470081525,negative_outlier,False,Reported only; outlier policy does not trade residual outliers automatically.
JLHL,2026-04-15,0.575219130765547,10.050574716187164,positive_outlier,False,Reported only; outlier policy does not trade residual outliers automatically.
KMRK,2026-04-15,0.22038627902662367,3.8117057805833183,positive_outlier,False,Reported only; outlier policy does not trade residual outliers automatically.
LESL,2026-04-15,0.22558024213937064,3.903028934451359,positive_outlier,False,Reported only; outlier policy does not trade residual outliers automatically.
LIMN,2026-04-15,0.2419207236337057,4.190336386081643,positive_outlier,False,Reported only; outlier policy does not trade residual outliers automatically.
LRHC,2026-04-15,-0.3023104357002517,-5.378639138919998,negative_outlier,False,Reported only; outlier policy does not trade residual outliers automatically.
MAMO,2026-04-15,0.20713888916557133,3.5787827897246154,positive_outlier,False,Reported only; outlier policy does not trade residual outliers automatically.
MGRT,2026-04-15,0.5553455016996707,9.701145495050566,positive_outlier,False,Reported only; outlier policy does not trade residual outliers automatically.
MGRX,2026-04-15,0.1744591089918127,3.0041886833749634,positive_outlier,False,Reported only; outlier policy does not trade residual outliers automatically.
MIND,2026-04-15,-0.28657416965975385,-5.101955340107888,negative_outlier,False,Reported only; outlier policy does not trade residual outliers automatically.
MTC,2026-04-15,-0.3311998934836017,-5.886589684783195,negative_outlier,False,Reported only; outlier policy does not trade residual outliers automatically.
NIXX,2026-04-15,-0.18435425008338457,-3.3046677504171695,negative_outlier,False,Reported only; outlier policy does not trade residual outliers automatically.
NN,2026-04-15,0.2629899818577653,4.560787825361053,positive_outlier,False,Reported only; outlier policy does not trade residual outliers automatically.
NOTV,2026-04-15,-0.23073854976333208,-4.120222355789183,negative_outlier,False,Reported only; outlier policy does not trade residual outliers automatically.
NPT,2026-04-15,-0.4471851087493798,-7.925906374218158,negative_outlier,False,Reported only; outlier policy does not trade residual outliers automatically.
NUCL,2026-04-15,0.27190069557747143,4.717460959619876,positive_outlier,False,Reported only; outlier policy does not trade residual outliers automatically.
NVTS,2026-04-15,0.20603599765512595,3.559391136583881,positive_outlier,False,Reported only; outlier policy does not trade residual outliers automatically.
NXXT,2026-04-15,-0.182384098664676,-3.2700274502747786,negative_outlier,False,Reported only; outlier policy does not trade residual outliers automatically.
OCG,2026-04-15,0.21625453529565364,3.7390591598245644,positive_outlier,False,Reported only; outlier policy does not trade residual outliers automatically.
PN,2026-04-15,0.349360323166341,6.079399297514281,positive_outlier,False,Reported only; outlier policy does not trade residual outliers automatically.
PRLD,2026-04-15,-0.18892949921489782,-3.3851123302788126,negative_outlier,False,Reported only; outlier policy does not trade residual outliers automatically.
QDEL,2026-04-15,-0.278028970520379,-4.951708886889344,negative_outlier,False,Reported only; outlier policy does not trade residual outliers automatically.
RECT,2026-04-15,0.25324286524762163,4.389408589383554,positive_outlier,False,Reported only; outlier policy does not trade residual outliers automatically.
RMSG,2026-04-15,0.44384725656055496,7.740721214819062,positive_outlier,False,Reported only; outlier policy does not trade residual outliers automatically.
RPGL,2026-04-15,0.34131027453033036,5.937858856376492,positive_outlier,False,Reported only; outlier policy does not trade residual outliers automatically.
SAFX,2026-04-15,-0.2821088561228838,-5.023443709134644,negative_outlier,False,Reported only; outlier policy does not trade residual outliers automatically.
SIDU,2026-04-15,0.2182743210849104,3.774572159129487,positive_outlier,False,Reported only; outlier policy does not trade residual outliers automatically.
SILO,2026-04-15,0.24843324259853897,4.304843123727582,positive_outlier,False,Reported only; outlier policy does not trade residual outliers automatically.
SPRC,2026-04-15,0.24864745437621522,4.308609514575655,positive_outlier,False,Reported only; outlier policy does not trade residual outliers automatically.
SURG,2026-04-15,0.1822644006885552,3.141425671611788,positive_outlier,False,Reported only; outlier policy does not trade residual outliers automatically.
TANH,2026-04-15,0.18694325524538957,3.2236918997972217,positive_outlier,False,Reported only; outlier policy does not trade residual outliers automatically.
TBH,2026-04-15,0.19129987407388752,3.300292399835987,positive_outlier,False,Reported only; outlier policy does not trade residual outliers automatically.
TRUG,2026-04-15,-0.17419338862564906,-3.1260138219633213,negative_outlier,False,Reported only; outlier policy does not trade residual outliers automatically.
VMAR,2026-04-15,-0.1705900220796334,-3.0626574233171437,negative_outlier,False,Reported only; outlier policy does not trade residual outliers automatically.
VVOS,2026-04-15,-0.252849222392498,-4.508984523484147,negative_outlier,False,Reported only; outlier policy does not trade residual outliers automatically.
WNW,2026-04-15,0.7527365383506623,13.1717847007874,positive_outlier,False,Reported only; outlier policy does not trade residual outliers automatically.
WSHP,2026-04-15,0.7328726507956045,12.822526760322628,positive_outlier,False,Reported only; outlier policy does not trade residual outliers automatically.
XNDU,2026-04-15,0.3030974253685731,5.265979247687906,positive_outlier,False,Reported only; outlier policy does not trade residual outliers automatically.
ABLV,2026-04-16,0.2817230215276635,4.845399997070057,positive_outlier,False,Reported only; outlier policy does not trade residual outliers automatically.
ABTS,2026-04-16,0.2847892146802501,4.901458539424296,positive_outlier,False,Reported only; outlier policy does not trade residual outliers automatically.
AGAE,2026-04-16,0.3187023731736375,5.521485438305012,positive_outlier,False,Reported only; outlier policy does not trade residual outliers automatically.
AGCC,2026-04-16,0.21890586404562656,3.6969275727842654,positive_outlier,False,Reported only; outlier policy does not trade residual outliers automatically.
AIMD,2026-04-16,0.18850844623900292,3.1411781960254697,positive_outlier,False,Reported only; outlier policy does not trade residual outliers automatically.
BBGI,2026-04-16,0.5564774963755635,9.868676287503465,positive_outlier,False,Reported only; outlier policy does not trade residual outliers automatically.
BZAI,2026-04-16,0.45564505278730544,8.025178657614973,positive_outlier,False,Reported only; outlier policy does not trade residual outliers automatically.
CADL,2026-04-16,0.22957331430682865,3.891958245191469,positive_outlier,False,Reported only; outlier policy does not trade residual outliers automatically.
CAPS,2026-04-16,-0.23472353155404524,-4.5966799792708,negative_outlier,False,Reported only; outlier policy does not trade residual outliers automatically.
CRML,2026-04-16,0.3517245948797396,6.125223533728305,positive_outlier,False,Reported only; outlier policy does not trade residual outliers automatically.
CTNT,2026-04-16,-0.3646614152645252,-6.972306038985678,negative_outlier,False,Reported only; outlier policy does not trade residual outliers automatically.
DEVS,2026-04-16,-0.16851281121456885,-3.38616378353667,negative_outlier,False,Reported only; outlier policy does not trade residual outliers automatically.
ENVB,2026-04-16,-0.2092476920307188,-4.130910747569459,negative_outlier,False,Reported only; outlier policy does not trade residual outliers automatically.
FCHL,2026-04-16,-0.7319340708513556,-13.68707210041254,negative_outlier,False,Reported only; outlier policy does not trade residual outliers automatically.
FGI,2026-04-16,0.3430878523963164,5.967319849838986,positive_outlier,False,Reported only; outlier policy does not trade residual outliers automatically.
FLD,2026-04-16,0.35664816006159117,6.215240004819776,positive_outlier,False,Reported only; outlier policy does not trade residual outliers automatically.
FRMM,2026-04-16,0.8132409330900627,14.563026341718787,positive_outlier,False,Reported only; outlier policy does not trade residual outliers automatically.
GLND,2026-04-16,-0.19128930106488468,-3.802581392413562,negative_outlier,False,Reported only; outlier policy does not trade residual outliers automatically.
GNLN,2026-04-16,0.25941301654417026,4.4375110295288644,positive_outlier,False,Reported only; outlier policy does not trade residual outliers automatically.
GRDX,2026-04-16,0.18758151353576322,3.124231287067612,positive_outlier,False,Reported only; outlier policy does not trade residual outliers automatically.
HUBC,2026-04-16,-0.15592090900021888,-3.155948774737211,negative_outlier,False,Reported only; outlier policy does not trade residual outliers automatically.
IFRX,2026-04-16,0.31891495501323575,5.525372025830918,positive_outlier,False,Reported only; outlier policy does not trade residual outliers automatically.
JLHL,2026-04-16,-0.3224607889214361,-6.2007611683588,negative_outlier,False,Reported only; outlier policy does not trade residual outliers automatically.
KITT,2026-04-16,-0.20726148240820388,-4.094597309143631,negative_outlier,False,Reported only; outlier policy does not trade residual outliers automatically.
LAKE,2026-04-16,0.2561551196141265,4.377947608716796,positive_outlier,False,Reported only; outlier policy does not trade residual outliers automatically.
LNZA,2026-04-16,-0.35867686435781654,-6.862891796705536,negative_outlier,False,Reported only; outlier policy does not trade residual outliers automatically.
LZMH,2026-04-16,-0.830828169770402,-15.495131396403357,negative_outlier,False,Reported only; outlier policy does not trade residual outliers automatically.
MAAS,2026-04-16,0.3093313387284321,5.350156854224647,positive_outlier,False,Reported only; outlier policy does not trade residual outliers automatically.
MATH,2026-04-16,0.23094573900027554,3.9170499872888946,positive_outlier,False,Reported only; outlier policy does not trade residual outliers automatically.
MODD,2026-04-16,0.21480449092646242,3.6219430603059037,positive_outlier,False,Reported only; outlier policy does not trade residual outliers automatically.
MRLN,2026-04-16,-0.16372124773230695,-3.298560670801647,negative_outlier,False,Reported only; outlier policy does not trade residual outliers automatically.
MRNO,2026-04-16,-0.18157851169190417,-3.625041142902832,negative_outlier,False,Reported only; outlier policy does not trade residual outliers automatically.
NDRA,2026-04-16,0.23160053450351217,3.9290214710229154,positive_outlier,False,Reported only; outlier policy does not trade residual outliers automatically.
NKTX,2026-04-16,0.2489750130293414,4.24667528206915,positive_outlier,False,Reported only; outlier policy does not trade residual outliers automatically.
NPT,2026-04-16,0.2616059491312881,4.477603938943664,positive_outlier,False,Reported only; outlier policy does not trade residual outliers automatically.
NTCL,2026-04-16,-0.15337775131061926,-3.109452775965685,negative_outlier,False,Reported only; outlier policy does not trade residual outliers automatically.
OPTX,2026-04-16,-0.1815005091823557,-3.6236150399903098,negative_outlier,False,Reported only; outlier policy does not trade residual outliers automatically.
PBM,2026-04-16,0.3459377761251035,6.019424385367606,positive_outlier,False,Reported only; outlier policy does not trade residual outliers automatically.
RPAY,2026-04-16,0.2890857934661657,4.980011954640616,positive_outlier,False,Reported only; outlier policy does not trade residual outliers automatically.
SELX,2026-04-16,0.21938527525492557,3.705692543627317,positive_outlier,False,Reported only; outlier policy does not trade residual outliers automatically.
SHMD,2026-04-16,0.23739606040926942,4.03497981033331,positive_outlier,False,Reported only; outlier policy does not trade residual outliers automatically.
SKYQ,2026-04-16,-0.16260557038144985,-3.278162984513056,negative_outlier,False,Reported only; outlier policy does not trade residual outliers automatically.
SOBR,2026-04-16,-0.214185793452388,-4.221192981571137,negative_outlier,False,Reported only; outlier policy does not trade residual outliers automatically.
TRUG,2026-04-16,-0.16568189974566253,-3.334406845019307,negative_outlier,False,Reported only; outlier policy does not trade residual outliers automatically.
UCAR,2026-04-16,0.3103959649905539,5.369621184564124,positive_outlier,False,Reported only; outlier policy does not trade residual outliers automatically.
XAIR,2026-04-16,0.2165596301394972,3.6540318887048886,positive_outlier,False,Reported only; outlier policy does not trade residual outliers automatically.
ABVE,2026-04-17,-0.2872682829122761,-5.533234772595858,negative_outlier,False,Reported only; outlier policy does not trade residual outliers automatically.
ACHV,2026-04-17,-0.16282753372560496,-3.1782403519045213,negative_outlier,False,Reported only; outlier policy does not trade residual outliers automatically.
ADTX,2026-04-17,-0.20150292084601748,-3.9101575211753463,negative_outlier,False,Reported only; outlier policy does not trade residual outliers automatically.
AGIO,2026-04-17,-0.23439587715749197,-4.53264436009148,negative_outlier,False,Reported only; outlier policy does not trade residual outliers automatically.
AGPU,2026-04-17,0.32095702966969064,5.97720073197596,positive_outlier,False,Reported only; outlier policy does not trade residual outliers automatically.
AGRZ,2026-04-17,0.1866705212143925,3.435879016595127,positive_outlier,False,Reported only; outlier policy does not trade residual outliers automatically.
AOSL,2026-04-17,0.17516538481075175,3.2181486331238514,positive_outlier,False,Reported only; outlier policy does not trade residual outliers automatically.
ASTC,2026-04-17,0.16881181271751497,3.0979096685658054,positive_outlier,False,Reported only; outlier policy does not trade residual outliers automatically.
ASTI,2026-04-17,-0.16329434666796003,-3.187074611437173,negative_outlier,False,Reported only; outlier policy does not trade residual outliers automatically.
ATAI,2026-04-17,0.21301464699733616,3.934431698432149,positive_outlier,False,Reported only; outlier policy does not trade residual outliers automatically.
ATOM,2026-04-17,0.18270640590641635,3.3608596238778987,positive_outlier,False,Reported only; outlier policy does not trade residual outliers automatically.
ATXG,2026-04-17,0.21590605376165747,3.9891504850227975,positive_outlier,False,Reported only; outlier policy does not trade residual outliers automatically.
BCAB,2026-04-17,0.2388300970277954,4.422979390299302,positive_outlier,False,Reported only; outlier policy does not trade residual outliers automatically.
BTM,2026-04-17,0.20470172243848528,3.777112724674165,positive_outlier,False,Reported only; outlier policy does not trade residual outliers automatically.
BYND,2026-04-17,0.396274582355355,7.402557116553752,positive_outlier,False,Reported only; outlier policy does not trade residual outliers automatically.
CAR,2026-04-17,0.21217332630721344,3.9185100204914365,positive_outlier,False,Reported only; outlier policy does not trade residual outliers automatically.
CMND,2026-04-17,0.5881993510130428,11.034661249126286,positive_outlier,False,Reported only; outlier policy does not trade residual outliers automatically.
CNEY,2026-04-17,0.413283450234117,7.724443550206395,positive_outlier,False,Reported only; outlier policy does not trade residual outliers automatically.
CTNT,2026-04-17,-0.39810974584251063,-7.630867810712661,negative_outlier,False,Reported only; outlier policy does not trade residual outliers automatically.
CUE,2026-04-17,0.4119613676420556,7.699423633914126,positive_outlier,False,Reported only; outlier policy does not trade residual outliers automatically.
DFSC,2026-04-17,0.23306573322007829,4.313890971154178,positive_outlier,False,Reported only; outlier policy does not trade residual outliers automatically.
DGXX,2026-04-17,0.18525017010009764,3.408999405443241,positive_outlier,False,Reported only; outlier policy does not trade residual outliers automatically.
DKI,2026-04-17,0.16783797328932012,3.0794801232999873,positive_outlier,False,Reported only; outlier policy does not trade residual outliers automatically.
EBON,2026-04-17,0.16929441015953484,3.107042643823708,positive_outlier,False,Reported only; outlier policy does not trade residual outliers automatically.
EFOI,2026-04-17,-0.15428072636786394,-3.0164952340572264,negative_outlier,False,Reported only; outlier policy does not trade residual outliers automatically.
FCEL,2026-04-17,0.19016028436011134,3.501921472875858,positive_outlier,False,Reported only; outlier policy does not trade residual outliers automatically.
FCHL,2026-04-17,-0.347430097910353,-6.671774516089391,negative_outlier,False,Reported only; outlier policy does not trade residual outliers automatically.
FGI,2026-04-17,0.5038541178735734,9.4384594040426,positive_outlier,False,Reported only; outlier policy does not trade residual outliers automatically.
FRMI,2026-04-17,-0.18291342895799814,-3.558358372054975,negative_outlier,False,Reported only; outlier policy does not trade residual outliers automatically.
GHRS,2026-04-17,0.1711680462320967,3.1425005024924166,positive_outlier,False,Reported only; outlier policy does not trade residual outliers automatically.
GITS,2026-04-17,-0.18713753036213818,-3.6382979039543035,negative_outlier,False,Reported only; outlier policy does not trade residual outliers automatically.
GSUN,2026-04-17,0.32922745505544315,6.1337154248517995,positive_outlier,False,Reported only; outlier policy does not trade residual outliers automatically.
HCAI,2026-04-17,0.1707631091628917,3.1348372206097403,positive_outlier,False,Reported only; outlier policy does not trade residual outliers automatically.
HUBC,2026-04-17,-0.23392885974502556,-4.523806231038798,negative_outlier,False,Reported only; outlier policy does not trade residual outliers automatically.
IINN,2026-04-17,0.17440094159939828,3.203681832582718,positive_outlier,False,Reported only; outlier policy does not trade residual outliers automatically.
INV,2026-04-17,0.34100720754291103,6.356642814524595,positive_outlier,False,Reported only; outlier policy does not trade residual outliers automatically.
JLHL,2026-04-17,0.4964359728730156,9.29807379721869,positive_outlier,False,Reported only; outlier policy does not trade residual outliers automatically.
LFMD,2026-04-17,0.2321259419776855,4.296105775011316,positive_outlier,False,Reported only; outlier policy does not trade residual outliers automatically.
LVLU,2026-04-17,0.2439512714715247,4.519895692404476,positive_outlier,False,Reported only; outlier policy does not trade residual outliers automatically.
MGRT,2026-04-17,0.2007837473453527,3.7029665181860163,positive_outlier,False,Reported only; outlier policy does not trade residual outliers automatically.
MGRX,2026-04-17,0.16863663648501925,3.094594524186963,positive_outlier,False,Reported only; outlier policy does not trade residual outliers automatically.
MXL,2026-04-17,0.20928297289102513,3.863811168118417,positive_outlier,False,Reported only; outlier policy does not trade residual outliers automatically.
NKTR,2026-04-17,0.17891969378042832,3.289197519721898,positive_outlier,False,Reported only; outlier policy does not trade residual outliers automatically.
NNOX,2026-04-17,-0.2434183982884302,-4.703392182350695,negative_outlier,False,Reported only; outlier policy does not trade residual outliers automatically.
NRXP,2026-04-17,0.2598408986898164,4.820600917103896,positive_outlier,False,Reported only; outlier policy does not trade residual outliers automatically.
OTLK,2026-04-17,0.20883937547773346,3.8554162537502314,positive_outlier,False,Reported only; outlier policy does not trade residual outliers automatically.
PASG,2026-04-17,-0.47036000421592805,-8.998176802943723,negative_outlier,False,Reported only; outlier policy does not trade residual outliers automatically.
PBM,2026-04-17,0.5031665827157437,9.425448059516787,positive_outlier,False,Reported only; outlier policy does not trade residual outliers automatically.
PODC,2026-04-17,0.19631710445609257,3.618436979813911,positive_outlier,False,Reported only; outlier policy does not trade residual outliers automatically.
POET,2026-04-17,0.18263050072190276,3.359423146781776,positive_outlier,False,Reported only; outlier policy does not trade residual outliers automatically.
RETO,2026-04-17,0.3292438179482081,6.134025086449143,positive_outlier,False,Reported only; outlier policy does not trade residual outliers automatically.
SBC,2026-04-17,-0.16942815690038904,-3.3031546653532815,negative_outlier,False,Reported only; outlier policy does not trade residual outliers automatically.
SIDU,2026-04-17,-0.19133608725034032,-3.717754015487665,negative_outlier,False,Reported only; outlier policy does not trade residual outliers automatically.
SILO,2026-04-17,0.2942020587690317,5.4708729606581095,positive_outlier,False,Reported only; outlier policy does not trade residual outliers automatically.
SLNH,2026-04-17,0.2282183333256389,4.222155749525609,positive_outlier,False,Reported only; outlier policy does not trade residual outliers automatically.
SMTK,2026-04-17,-0.17944809279974797,-3.4927781873338337,negative_outlier,False,Reported only; outlier policy does not trade residual outliers automatically.
SOWG,2026-04-17,-0.2075982418251003,-4.025509180433923,negative_outlier,False,Reported only; outlier policy does not trade residual outliers automatically.
STI,2026-04-17,-0.16112624647116497,-3.1460441298600093,negative_outlier,False,Reported only; outlier policy does not trade residual outliers automatically.
TCRX,2026-04-17,0.19998171726688088,3.6877884003076478,positive_outlier,False,Reported only; outlier policy does not trade residual outliers automatically.
TRAX,2026-04-17,-0.17464388271292247,-3.4018603165861148,negative_outlier,False,Reported only; outlier policy does not trade residual outliers automatically.
UK,2026-04-17,-0.17113613726540491,-3.3354775520005564,negative_outlier,False,Reported only; outlier policy does not trade residual outliers automatically.
VACH,2026-04-17,-0.2313858628271032,-4.475680969878897,negative_outlier,False,Reported only; outlier policy does not trade residual outliers automatically.
VHC,2026-04-17,0.1822763836829743,3.3527216148768426,positive_outlier,False,Reported only; outlier policy does not trade residual outliers automatically.
VMET,2026-04-17,0.21176140282936098,3.910714523450197,positive_outlier,False,Reported only; outlier policy does not trade residual outliers automatically.
VNCE,2026-04-17,0.3206015857490055,5.970474089332347,positive_outlier,False,Reported only; outlier policy does not trade residual outliers automatically.
WIMI,2026-04-17,0.19091716390565536,3.516245133883537,positive_outlier,False,Reported only; outlier policy does not trade residual outliers automatically.
WNW,2026-04-17,-0.18922324800179344,-3.677769326592217,negative_outlier,False,Reported only; outlier policy does not trade residual outliers automatically.
WSHP,2026-04-17,-0.17465258323302438,-3.402024970659889,negative_outlier,False,Reported only; outlier policy does not trade residual outliers automatically.
ZDAI,2026-04-17,-0.197359751779651,-3.8317496033586713,negative_outlier,False,Reported only; outlier policy does not trade residual outliers automatically.
ZEO,2026-04-17,0.3021843437179232,5.621934704032934,positive_outlier,False,Reported only; outlier policy does not trade residual outliers automatically.
ABVE,2026-04-20,-0.17733034477891077,-3.1971362801952248,negative_outlier,False,Reported only; outlier policy does not trade residual outliers automatically.
AIFF,2026-04-20,0.22037953028599405,4.550575329640731,positive_outlier,False,Reported only; outlier policy does not trade residual outliers automatically.
ALBT,2026-04-20,-0.170341469144556,-3.0609873025437313,negative_outlier,False,Reported only; outlier policy does not trade residual outliers automatically.
AMST,2026-04-20,-0.25939354211836146,-4.795794062236369,negative_outlier,False,Reported only; outlier policy does not trade residual outliers automatically.
ANNA,2026-04-20,0.19746537150573928,4.104188892838195,positive_outlier,False,Reported only; outlier policy does not trade residual outliers automatically.
ASBP,2026-04-20,-0.22325586317250184,-4.091802705029892,negative_outlier,False,Reported only; outlier policy does not trade residual outliers automatically.
BANL,2026-04-20,0.17998100431532096,3.763579209335286,positive_outlier,False,Reported only; outlier policy does not trade residual outliers automatically.
BIRD,2026-04-20,-0.2030012256013515,-3.6972259029391434,negative_outlier,False,Reported only; outlier policy does not trade residual outliers automatically.
BIYA,2026-04-20,0.5460428723458687,10.894761919836661,positive_outlier,False,Reported only; outlier policy does not trade residual outliers automatically.
CAR,2026-04-20,0.1598737786049967,3.3718741101042253,positive_outlier,False,Reported only; outlier policy does not trade residual outliers automatically.
CLIK,2026-04-20,0.3628429934261264,7.325879380534889,positive_outlier,False,Reported only; outlier policy does not trade residual outliers automatically.
CMND,2026-04-20,-0.23707107327122914,-4.360934226234298,negative_outlier,False,Reported only; outlier policy does not trade residual outliers automatically.
CNEY,2026-04-20,0.4222677634641093,8.483522199084405,positive_outlier,False,Reported only; outlier policy does not trade residual outliers automatically.
CUE,2026-04-20,-0.187159162314955,-3.38860963428919,negative_outlier,False,Reported only; outlier policy does not trade residual outliers automatically.
DARE,2026-04-20,-0.16800593233045244,-3.015489147168845,negative_outlier,False,Reported only; outlier policy does not trade residual outliers automatically.
DLXY,2026-04-20,0.19956427822342307,4.145077301610815,positive_outlier,False,Reported only; outlier policy does not trade residual outliers automatically.
EDBL,2026-04-20,-0.2512429111690451,-4.637013146818564,negative_outlier,False,Reported only; outlier policy does not trade residual outliers automatically.
FCHL,2026-04-20,0.26194752375973784,5.360353627405028,positive_outlier,False,Reported only; outlier policy does not trade residual outliers automatically.
FFAI,2026-04-20,0.8439454257183875,16.698145783481916,positive_outlier,False,Reported only; outlier policy does not trade residual outliers automatically.
FGI,2026-04-20,0.1462816547244886,3.107088489746784,positive_outlier,False,Reported only; outlier policy does not trade residual outliers automatically.
FTHM,2026-04-20,0.15693845103928675,3.3146915434007678,positive_outlier,False,Reported only; outlier policy does not trade residual outliers automatically.
GLND,2026-04-20,0.2244284638263539,4.629451845827261,positive_outlier,False,Reported only; outlier policy does not trade residual outliers automatically.
GMEX,2026-04-20,-0.26282960132256616,-4.8627312882334754,negative_outlier,False,Reported only; outlier policy does not trade residual outliers automatically.
GVH,2026-04-20,0.16585413744737487,3.488376360963641,positive_outlier,False,Reported only; outlier policy does not trade residual outliers automatically.
HCAI,2026-04-20,0.2371985171840805,4.878222864253034,positive_outlier,False,Reported only; outlier policy does not trade residual outliers automatically.
HIT,2026-04-20,0.1448639600346725,3.079470644940445,positive_outlier,False,Reported only; outlier policy does not trade residual outliers automatically.
HUBC,2026-04-20,-0.5059335028305192,-9.598592875281582,negative_outlier,False,Reported only; outlier policy does not trade residual outliers automatically.
JL,2026-04-20,-0.17554600848604493,-3.162375958969024,negative_outlier,False,Reported only; outlier policy does not trade residual outliers automatically.
JTAI,2026-04-20,0.1704799112125718,3.5784901935639555,positive_outlier,False,Reported only; outlier policy does not trade residual outliers automatically.
LESL,2026-04-20,0.16075119702527146,3.388966934063744,positive_outlier,False,Reported only; outlier policy does not trade residual outliers automatically.
LGCB,2026-04-20,-0.31421399518508264,-5.863741043970699,negative_outlier,False,Reported only; outlier policy does not trade residual outliers automatically.
LIQT,2026-04-20,0.2963141033608626,6.029842529893388,positive_outlier,False,Reported only; outlier policy does not trade residual outliers automatically.
LOBO,2026-04-20,0.18939184770771683,3.946910087397377,positive_outlier,False,Reported only; outlier policy does not trade residual outliers automatically.
NCEL,2026-04-20,0.19078744740282536,3.9740975037488346,positive_outlier,False,Reported only; outlier policy does not trade residual outliers automatically.
NOMA,2026-04-20,0.15584004096820897,3.293293622469936,positive_outlier,False,Reported only; outlier policy does not trade residual outliers automatically.
NVTS,2026-04-20,0.16728392725069294,3.5162298284114497,positive_outlier,False,Reported only; outlier policy does not trade residual outliers automatically.
NXGL,2026-04-20,0.15681388900517626,3.312264973736977,positive_outlier,False,Reported only; outlier policy does not trade residual outliers automatically.
ORIS,2026-04-20,-0.19290979980364537,-3.500636726469924,negative_outlier,False,Reported only; outlier policy does not trade residual outliers automatically.
POET,2026-04-20,0.20269356377425252,4.2060383275061275,positive_outlier,False,Reported only; outlier policy does not trade residual outliers automatically.
RPGL,2026-04-20,0.603876343438121,12.02140494157564,positive_outlier,False,Reported only; outlier policy does not trade residual outliers automatically.
RUBI,2026-04-20,-0.19148254968854578,-3.4728327342127736,negative_outlier,False,Reported only; outlier policy does not trade residual outliers automatically.
SONM,2026-04-20,0.185800858379945,3.8769546966718273,positive_outlier,False,Reported only; outlier policy does not trade residual outliers automatically.
SOWG,2026-04-20,-0.29479598637880133,-5.485462450199875,negative_outlier,False,Reported only; outlier policy does not trade residual outliers automatically.
SPRB,2026-04-20,-0.25463394859306465,-4.703073311945659,negative_outlier,False,Reported only; outlier policy does not trade residual outliers automatically.
SPRC,2026-04-20,0.4225340638289876,8.488709946631117,positive_outlier,False,Reported only; outlier policy does not trade residual outliers automatically.
TDIC,2026-04-20,0.5183523455047315,10.3553279511565,positive_outlier,False,Reported only; outlier policy does not trade residual outliers automatically.
VELO,2026-04-20,0.3085740705119131,6.268676654434298,positive_outlier,False,Reported only; outlier policy does not trade residual outliers automatically.
VIVK,2026-04-20,0.16279284165847033,3.428739830890137,positive_outlier,False,Reported only; outlier policy does not trade residual outliers automatically.
WASH,2026-04-20,-0.17098879021083707,-3.0735976430330108,negative_outlier,False,Reported only; outlier policy does not trade residual outliers automatically.
WSHP,2026-04-20,-0.18366910560322675,-3.320620492958389,negative_outlier,False,Reported only; outlier policy does not trade residual outliers automatically.
XRTX,2026-04-20,0.19452303880133542,4.046869860339468,positive_outlier,False,Reported only; outlier policy does not trade residual outliers automatically.
ZJK,2026-04-20,0.2428531370961331,4.988379456001403,positive_outlier,False,Reported only; outlier policy does not trade residual outliers automatically.
ACTU,2026-04-21,0.22230663646361307,4.054379298824485,positive_outlier,False,Reported only; outlier policy does not trade residual outliers automatically.
AGCC,2026-04-21,0.269487919094361,4.953853092280702,positive_outlier,False,Reported only; outlier policy does not trade residual outliers automatically.
AGPU,2026-04-21,0.7972173368395992,15.014596565761503,positive_outlier,False,Reported only; outlier policy does not trade residual outliers automatically.
AIOS,2026-04-21,-0.18289549196951943,-3.670478425597778,negative_outlier,False,Reported only; outlier policy does not trade residual outliers automatically.
ALMU,2026-04-21,0.20762779229912193,3.77453875808465,positive_outlier,False,Reported only; outlier policy does not trade residual outliers automatically.
ALP,2026-04-21,-0.1767927990409838,-3.5541354172550785,negative_outlier,False,Reported only; outlier policy does not trade residual outliers automatically.
AMST,2026-04-21,-0.15619613173454064,-3.161476264266969,negative_outlier,False,Reported only; outlier policy does not trade residual outliers automatically.
ASBP,2026-04-21,0.16948370035392551,3.0473518490638876,positive_outlier,False,Reported only; outlier policy does not trade residual outliers automatically.
BEEM,2026-04-21,0.2939310264714904,5.419841579461761,positive_outlier,False,Reported only; outlier policy does not trade residual outliers automatically.
BNRG,2026-04-21,0.27247453318382187,5.010790524983865,positive_outlier,False,Reported only; outlier policy does not trade residual outliers automatically.
BTM,2026-04-21,0.17485131905642,3.1496812493462962,positive_outlier,False,Reported only; outlier policy does not trade residual outliers automatically.
CAR,2026-04-21,-0.37472010150007795,-7.327462712418851,negative_outlier,False,Reported only; outlier policy does not trade residual outliers automatically.
CGC,2026-04-21,0.2058002972972953,3.739699012953515,positive_outlier,False,Reported only; outlier policy does not trade residual outliers automatically.
CNEY,2026-04-21,-0.2081188867837529,-4.151342474906537,negative_outlier,False,Reported only; outlier policy does not trade residual outliers automatically.
CVV,2026-04-21,0.21267061941978213,3.8706762640414736,positive_outlier,False,Reported only; outlier policy does not trade residual outliers automatically.
DEVS,2026-04-21,-0.18262133381144874,-3.6652518174028135,negative_outlier,False,Reported only; outlier policy does not trade residual outliers automatically.
DKI,2026-04-21,0.17247983681311363,3.1044708182057335,positive_outlier,False,Reported only; outlier policy does not trade residual outliers automatically.
DXLG,2026-04-21,0.20471770907177947,3.719060325667783,positive_outlier,False,Reported only; outlier policy does not trade residual outliers automatically.
EDBL,2026-04-21,-0.16677877105757033,-3.363225903232084,negative_outlier,False,Reported only; outlier policy does not trade residual outliers automatically.
ELPW,2026-04-21,0.6513368234409588,12.233500091446862,positive_outlier,False,Reported only; outlier policy does not trade residual outliers automatically.
FCEL,2026-04-21,0.2481701738462509,4.547447159311116,positive_outlier,False,Reported only; outlier policy does not trade residual outliers automatically.
FFAI,2026-04-21,-0.2009173459524534,-4.01405080140639,negative_outlier,False,Reported only; outlier policy does not trade residual outliers automatically.
FGI,2026-04-21,-0.32290871762693324,-6.33971970506316,negative_outlier,False,Reported only; outlier policy does not trade residual outliers automatically.
GAME,2026-04-21,0.33375564543155456,6.17906640531702,positive_outlier,False,Reported only; outlier policy does not trade residual outliers automatically.
GNLN,2026-04-21,0.4042963220293793,7.523868547916335,positive_outlier,False,Reported only; outlier policy does not trade residual outliers automatically.
GRML,2026-04-21,0.18730315546834367,3.387065650711217,positive_outlier,False,Reported only; outlier policy does not trade residual outliers automatically.
HCAI,2026-04-21,0.4321088386416113,8.054092154140747,positive_outlier,False,Reported only; outlier policy does not trade residual outliers automatically.
HCSG,2026-04-21,0.18319664042605247,3.308778193121679,positive_outlier,False,Reported only; outlier policy does not trade residual outliers automatically.
HELP,2026-04-21,0.1672322949373681,3.0044305875439847,positive_outlier,False,Reported only; outlier policy does not trade residual outliers automatically.
IMTE,2026-04-21,-0.2142471478941462,-4.268172920390513,negative_outlier,False,Reported only; outlier policy does not trade residual outliers automatically.
INBX,2026-04-21,0.3573614409556288,6.629092205034332,positive_outlier,False,Reported only; outlier policy does not trade residual outliers automatically.
IPWR,2026-04-21,0.23362153082345527,4.270088800239587,positive_outlier,False,Reported only; outlier policy does not trade residual outliers automatically.
KIDZ,2026-04-21,-0.2559051190132878,-5.062349153441977,negative_outlier,False,Reported only; outlier policy does not trade residual outliers automatically.
LGCB,2026-04-21,-0.20339635453302368,-4.061311137023526,negative_outlier,False,Reported only; outlier policy does not trade residual outliers automatically.
LHSW,2026-04-21,0.381907704117042,7.097047275560166,positive_outlier,False,Reported only; outlier policy does not trade residual outliers automatically.
LRHC,2026-04-21,-0.17910877582550602,-3.598287680775213,negative_outlier,False,Reported only; outlier policy does not trade residual outliers automatically.
NN,2026-04-21,-0.22350732022498504,-4.44471077332819,negative_outlier,False,Reported only; outlier policy does not trade residual outliers automatically.
NVTS,2026-04-21,0.19720763579139983,3.5758867253334214,positive_outlier,False,Reported only; outlier policy does not trade residual outliers automatically.
OCG,2026-04-21,-0.20841156445850614,-4.15692214302261,negative_outlier,False,Reported only; outlier policy does not trade residual outliers automatically.
PALI,2026-04-21,-0.1646140446233668,-3.321957107875108,negative_outlier,False,Reported only; outlier policy does not trade residual outliers automatically.
PLRZ,2026-04-21,0.18224347319279177,3.290606814572923,positive_outlier,False,Reported only; outlier policy does not trade residual outliers automatically.
POET,2026-04-21,0.24540417520281546,4.494715585394891,positive_outlier,False,Reported only; outlier policy does not trade residual outliers automatically.
REPL,2026-04-21,0.22157414105652584,4.0404148539055456,positive_outlier,False,Reported only; outlier policy does not trade residual outliers automatically.
RETO,2026-04-21,-0.35046210644441134,-6.865003245067641,negative_outlier,False,Reported only; outlier policy does not trade residual outliers automatically.
RPGL,2026-04-21,0.3169175306048888,5.858061079193856,positive_outlier,False,Reported only; outlier policy does not trade residual outliers automatically.
SOWG,2026-04-21,-0.2742742228319607,-5.412541572403582,negative_outlier,False,Reported only; outlier policy does not trade residual outliers automatically.
SRAD,2026-04-21,-0.22641606615004584,-4.500163711135982,negative_outlier,False,Reported only; outlier policy does not trade residual outliers automatically.
STI,2026-04-21,-0.3127710637006554,-6.146453360331088,negative_outlier,False,Reported only; outlier policy does not trade residual outliers automatically.
SUPX,2026-04-21,0.2502210312278227,4.586545131345431,positive_outlier,False,Reported only; outlier policy does not trade residual outliers automatically.
TORO,2026-04-21,0.7247430186287019,13.632931076938496,positive_outlier,False,Reported only; outlier policy does not trade residual outliers automatically.
TRUG,2026-04-21,0.18542810093438689,3.3513192207594322,positive_outlier,False,Reported only; outlier policy does not trade residual outliers automatically.
VACH,2026-04-21,0.16880260778328693,3.0343673585191584,positive_outlier,False,Reported only; outlier policy does not trade residual outliers automatically.
VTIX,2026-04-21,-0.20697548163626006,-4.12954436116042,negative_outlier,False,Reported only; outlier policy does not trade residual outliers automatically.
WSHP,2026-04-21,0.2011837414861349,3.6516880319747864,positive_outlier,False,Reported only; outlier policy does not trade residual outliers automatically.
XNDU,2026-04-21,0.5150066175186012,9.63447266687796,positive_outlier,False,Reported only; outlier policy does not trade residual outliers automatically.
ADVB,2026-04-22,0.2140627347953848,4.5048387478487655,positive_outlier,False,Reported only; outlier policy does not trade residual outliers automatically.
AEHL,2026-04-22,-0.23784201426338217,-4.300329418864072,negative_outlier,False,Reported only; outlier policy does not trade residual outliers automatically.
ALP,2026-04-22,-0.19019061252966782,-3.371862509589827,negative_outlier,False,Reported only; outlier policy does not trade residual outliers automatically.
AMST,2026-04-22,0.34666572161013587,7.088550471932575,positive_outlier,False,Reported only; outlier policy does not trade residual outliers automatically.
ATHR,2026-04-22,0.16181307373025958,3.4867767485216747,positive_outlier,False,Reported only; outlier policy does not trade residual outliers automatically.
AUUD,2026-04-22,0.3197947700557841,6.564981627550078,positive_outlier,False,Reported only; outlier policy does not trade residual outliers automatically.
BBGI,2026-04-22,0.1538271181412756,3.33117386521637,positive_outlier,False,Reported only; outlier policy does not trade residual outliers automatically.
BGMS,2026-04-22,-0.18806844105386616,-3.3305129181948394,negative_outlier,False,Reported only; outlier policy does not trade residual outliers automatically.
BNRG,2026-04-22,-0.18041130481754764,-3.1813169374563244,negative_outlier,False,Reported only; outlier policy does not trade residual outliers automatically.
CAR,2026-04-22,-0.4642323069504207,-8.7114461477159,negative_outlier,False,Reported only; outlier policy does not trade residual outliers automatically.
CAST,2026-04-22,-0.2850812382258668,-5.220765222915772,negative_outlier,False,Reported only; outlier policy does not trade residual outliers automatically.
CISS,2026-04-22,-0.44582639957357567,-8.352815020135106,negative_outlier,False,Reported only; outlier policy does not trade residual outliers automatically.
CPIX,2026-04-22,0.2753655557274963,5.6992976432805795,positive_outlier,False,Reported only; outlier policy does not trade residual outliers automatically.
DEVS,2026-04-22,-0.21096963034487148,-3.776732665486767,negative_outlier,False,Reported only; outlier policy does not trade residual outliers automatically.
EQPT,2026-04-22,0.14279999305600755,3.1163151124075203,positive_outlier,False,Reported only; outlier policy does not trade residual outliers automatically.
EUDA,2026-04-22,0.8894542970055471,17.66455060311413,positive_outlier,False,Reported only; outlier policy does not trade residual outliers automatically.
FCHL,2026-04-22,-0.2558734055818193,-4.65166326337297,negative_outlier,False,Reported only; outlier policy does not trade residual outliers automatically.
FIEE,2026-04-22,-0.20755959153627904,-3.71028953731161,negative_outlier,False,Reported only; outlier policy does not trade residual outliers automatically.
FTFT,2026-04-22,0.16733567493769697,3.594382239392172,positive_outlier,False,Reported only; outlier policy does not trade residual outliers automatically.
GLND,2026-04-22,0.17736417071830912,3.7897831330348652,positive_outlier,False,Reported only; outlier policy does not trade residual outliers automatically.
GNLN,2026-04-22,-0.25567901973720725,-4.647875739443197,negative_outlier,False,Reported only; outlier policy does not trade residual outliers automatically.
GRCE,2026-04-22,-0.4440508178222138,-8.318218579298733,negative_outlier,False,Reported only; outlier policy does not trade residual outliers automatically.
HELE,2026-04-22,0.2032494893873237,4.294147347848605,positive_outlier,False,Reported only; outlier policy does not trade residual outliers automatically.
HUBC,2026-04-22,-0.19595477894964122,-3.4841747939251806,negative_outlier,False,Reported only; outlier policy does not trade residual outliers automatically.
ICCM,2026-04-22,-0.1849904114679201,-3.270538845820468,negative_outlier,False,Reported only; outlier policy does not trade residual outliers automatically.
INV,2026-04-22,0.16637146858166058,3.5755950964599568,positive_outlier,False,Reported only; outlier policy does not trade residual outliers automatically.
IQST,2026-04-22,0.19501943937624436,4.133788390526413,positive_outlier,False,Reported only; outlier policy does not trade residual outliers automatically.
KLXE,2026-04-22,0.17422896810489868,3.728695069000808,positive_outlier,False,Reported only; outlier policy does not trade residual outliers automatically.
KMRK,2026-04-22,0.16089282255924958,3.4688460533182397,positive_outlier,False,Reported only; outlier policy does not trade residual outliers automatically.
LESL,2026-04-22,0.14931325345509366,3.2432231682467085,positive_outlier,False,Reported only; outlier policy does not trade residual outliers automatically.
LRHC,2026-04-22,-0.18256730628402157,-3.2233256915566573,negative_outlier,False,Reported only; outlier policy does not trade residual outliers automatically.
LSH,2026-04-22,-0.20159077920291454,-3.593989816053338,negative_outlier,False,Reported only; outlier policy does not trade residual outliers automatically.
MEDP,2026-04-22,-0.22890795404367112,-4.126253127765247,negative_outlier,False,Reported only; outlier policy does not trade residual outliers automatically.
MEHA,2026-04-22,-0.1939024173290567,-3.444185417301471,negative_outlier,False,Reported only; outlier policy does not trade residual outliers automatically.
MWYN,2026-04-22,0.2245450395992579,4.709081913615634,positive_outlier,False,Reported only; outlier policy does not trade residual outliers automatically.
NCEL,2026-04-22,0.3438280271662348,7.033259225632691,positive_outlier,False,Reported only; outlier policy does not trade residual outliers automatically.
NPT,2026-04-22,-0.4731461786725637,-8.885129074689894,negative_outlier,False,Reported only; outlier policy does not trade residual outliers automatically.
ONEG,2026-04-22,0.22542288183918766,4.726186289178238,positive_outlier,False,Reported only; outlier policy does not trade residual outliers automatically.
PDSB,2026-04-22,-0.2704998550081252,-4.936653290914804,negative_outlier,False,Reported only; outlier policy does not trade residual outliers automatically.
PENN,2026-04-22,0.1666474148330171,3.5809717895644857,positive_outlier,False,Reported only; outlier policy does not trade residual outliers automatically.
RDCM,2026-04-22,0.18663699417702018,3.9704600790157376,positive_outlier,False,Reported only; outlier policy does not trade residual outliers automatically.
RDZN,2026-04-22,0.16466005982487636,3.5422490386084817,positive_outlier,False,Reported only; outlier policy does not trade residual outliers automatically.
REPL,2026-04-22,0.2692866024956705,5.580851874354066,positive_outlier,False,Reported only; outlier policy does not trade residual outliers automatically.
RETO,2026-04-22,-0.19517109220012557,-3.468904997283561,negative_outlier,False,Reported only; outlier policy does not trade residual outliers automatically.
RMIX,2026-04-22,0.1640652118929763,3.5306586844798504,positive_outlier,False,Reported only; outlier policy does not trade residual outliers automatically.
SORA,2026-04-22,0.20194204796222634,4.268672418363825,positive_outlier,False,Reported only; outlier policy does not trade residual outliers automatically.
SWVL,2026-04-22,0.1504746834686312,3.2658531286628483,positive_outlier,False,Reported only; outlier policy does not trade residual outliers automatically.
TDIC,2026-04-22,0.46233345031473183,9.342286031974766,positive_outlier,False,Reported only; outlier policy does not trade residual outliers automatically.
TXN,2026-04-22,0.1866923788971831,3.971539226282759,positive_outlier,False,Reported only; outlier policy does not trade residual outliers automatically.
TZOO,2026-04-22,0.2634876638497398,5.467862068267231,positive_outlier,False,Reported only; outlier policy does not trade residual outliers automatically.
VIVO,2026-04-22,0.17194061044400805,3.6841074118193,positive_outlier,False,Reported only; outlier policy does not trade residual outliers automatically.
VRAX,2026-04-22,0.18976483778042605,4.031404755929466,positive_outlier,False,Reported only; outlier policy does not trade residual outliers automatically.
ZTG,2026-04-22,0.19513844663676086,4.1361071954163595,positive_outlier,False,Reported only; outlier policy does not trade residual outliers automatically.
AAOI,2026-04-23,0.17002009162893117,3.21036815631488,positive_outlier,False,Reported only; outlier policy does not trade residual outliers automatically.
ACTU,2026-04-23,0.17720472690985425,3.3481637991363637,positive_outlier,False,Reported only; outlier policy does not trade residual outliers automatically.
AKAN,2026-04-23,0.3166764764047499,6.0231220434492085,positive_outlier,False,Reported only; outlier policy does not trade residual outliers automatically.
ALP,2026-04-23,0.1906042406809373,3.60515591375133,positive_outlier,False,Reported only; outlier policy does not trade residual outliers automatically.
ATOM,2026-04-23,0.38858524166072717,7.402275493208388,positive_outlier,False,Reported only; outlier policy does not trade residual outliers automatically.
AUUD,2026-04-23,-0.5969196354224467,-11.498931420100108,negative_outlier,False,Reported only; outlier policy does not trade residual outliers automatically.
BGDE,2026-04-23,0.23225457314771344,4.40397646783387,positive_outlier,False,Reported only; outlier policy does not trade residual outliers automatically.
CAST,2026-04-23,0.26534206378708286,5.038568463631877,positive_outlier,False,Reported only; outlier policy does not trade residual outliers automatically.
CEVA,2026-04-23,0.16748019608953932,3.1616549614392517,positive_outlier,False,Reported only; outlier policy does not trade residual outliers automatically.
CHSN,2026-04-23,-0.913882412935591,-17.578027709633016,negative_outlier,False,Reported only; outlier policy does not trade residual outliers automatically.
CHTR,2026-04-23,-0.25162323946515247,-4.876418657174737,negative_outlier,False,Reported only; outlier policy does not trade residual outliers automatically.
CLGN,2026-04-23,0.16173786742762536,3.051521622957663,positive_outlier,False,Reported only; outlier policy does not trade residual outliers automatically.
CREG,2026-04-23,0.2667219736258089,5.065034046897853,positive_outlier,False,Reported only; outlier policy does not trade residual outliers automatically.
CTNT,2026-04-23,0.3013239192182961,5.7286720952273145,positive_outlier,False,Reported only; outlier policy does not trade residual outliers automatically.
CTXR,2026-04-23,-0.16071068929361546,-3.1327875887069387,negative_outlier,False,Reported only; outlier policy does not trade residual outliers automatically.
ELPW,2026-04-23,0.37155507393982196,7.07565029698015,positive_outlier,False,Reported only; outlier policy does not trade residual outliers automatically.
ENVB,2026-04-23,0.2633024569280509,4.999450411392026,positive_outlier,False,Reported only; outlier policy does not trade residual outliers automatically.
FGI,2026-04-23,0.18151595520798938,3.430849760422262,positive_outlier,False,Reported only; outlier policy does not trade residual outliers automatically.
GMEX,2026-04-23,0.26218010212801385,4.977924530801326,positive_outlier,False,Reported only; outlier policy does not trade residual outliers automatically.
GVH,2026-04-23,0.18135338902240575,3.427731869093385,positive_outlier,False,Reported only; outlier policy does not trade residual outliers automatically.
HRTX,2026-04-23,0.1871919309506899,3.539710502202891,positive_outlier,False,Reported only; outlier policy does not trade residual outliers automatically.
IHRT,2026-04-23,0.33837159919249166,6.43921740163193,positive_outlier,False,Reported only; outlier policy does not trade residual outliers automatically.
INEO,2026-04-23,0.19555493102495355,3.7001062531478466,positive_outlier,False,Reported only; outlier policy does not trade residual outliers automatically.
INTC,2026-04-23,0.2343623267617232,4.444401521131003,positive_outlier,False,Reported only; outlier policy does not trade residual outliers automatically.
IPWR,2026-04-23,0.18794442001464728,3.5541426494490382,positive_outlier,False,Reported only; outlier policy does not trade residual outliers automatically.
ISPC,2026-04-23,-0.18792422162676717,-3.6547216931766218,negative_outlier,False,Reported only; outlier policy does not trade residual outliers automatically.
ITOC,2026-04-23,0.24702702816572555,4.68730051361576,positive_outlier,False,Reported only; outlier policy does not trade residual outliers automatically.
KIDZ,2026-04-23,-0.16966741210227052,-3.3045704738130985,negative_outlier,False,Reported only; outlier policy does not trade residual outliers automatically.
KMRK,2026-04-23,-0.22393838067801647,-4.345444882747418,negative_outlier,False,Reported only; outlier policy does not trade residual outliers automatically.
LABT,2026-04-23,-0.15443748186219805,-3.012472413786381,negative_outlier,False,Reported only; outlier policy does not trade residual outliers automatically.
LBRDA,2026-04-23,-0.2527490498248204,-4.898010812675996,negative_outlier,False,Reported only; outlier policy does not trade residual outliers automatically.
LBRDK,2026-04-23,-0.25172721286096816,-4.878412784970033,negative_outlier,False,Reported only; outlier policy does not trade residual outliers automatically.
LEDS,2026-04-23,0.17499312521949373,3.3057470215725133,positive_outlier,False,Reported only; outlier policy does not trade residual outliers automatically.
LIDR,2026-04-23,0.29364101986314056,5.581320140120082,positive_outlier,False,Reported only; outlier policy does not trade residual outliers automatically.
MXL,2026-04-23,0.7508834645207728,14.350869897803845,positive_outlier,False,Reported only; outlier policy does not trade residual outliers automatically.
NCT,2026-04-23,0.2002918879731732,3.790957354446027,positive_outlier,False,Reported only; outlier policy does not trade residual outliers automatically.
NWTG,2026-04-23,0.1822721688222446,3.4453533416079813,positive_outlier,False,Reported only; outlier policy does not trade residual outliers automatically.
NXXT,2026-04-23,0.15959528023266634,3.0104284890285977,positive_outlier,False,Reported only; outlier policy does not trade residual outliers automatically.
OIO,2026-04-23,-0.5823858837336269,-11.220185516061475,negative_outlier,False,Reported only; outlier policy does not trade residual outliers automatically.
ONMD,2026-04-23,0.23828684111415463,4.5196706136890255,positive_outlier,False,Reported only; outlier policy does not trade residual outliers automatically.
OSRH,2026-04-23,0.1652894013110743,3.119637244048627,positive_outlier,False,Reported only; outlier policy does not trade residual outliers automatically.
PODC,2026-04-23,0.17303622405825592,3.2682151994399598,positive_outlier,False,Reported only; outlier policy does not trade residual outliers automatically.
POET,2026-04-23,0.27624772843293666,5.247730517307882,positive_outlier,False,Reported only; outlier policy does not trade residual outliers automatically.
RPGL,2026-04-23,-0.18318154833886188,-3.5637609569880446,negative_outlier,False,Reported only; outlier policy does not trade residual outliers automatically.
SMX,2026-04-23,-0.38700272434858973,-7.472890491157359,negative_outlier,False,Reported only; outlier policy does not trade residual outliers automatically.
SNOA,2026-04-23,-0.3620873683166409,-6.995033597062183,negative_outlier,False,Reported only; outlier policy does not trade residual outliers automatically.
STNE,2026-04-23,-0.16110722031458094,-3.1403927412019694,negative_outlier,False,Reported only; outlier policy does not trade residual outliers automatically.
SURG,2026-04-23,-0.16721048746242695,-3.2574485954054184,negative_outlier,False,Reported only; outlier policy does not trade residual outliers automatically.
TDIC,2026-04-23,-0.2118225074295704,-4.113071981781073,negative_outlier,False,Reported only; outlier policy does not trade residual outliers automatically.
TRUG,2026-04-23,-0.18303495138384301,-3.560949342916815,negative_outlier,False,Reported only; outlier policy does not trade residual outliers automatically.
VBIO,2026-04-23,0.18441258403575253,3.4864048186444494,positive_outlier,False,Reported only; outlier policy does not trade residual outliers automatically.
WATT,2026-04-23,0.20526710962021605,3.8863781849026493,positive_outlier,False,Reported only; outlier policy does not trade residual outliers automatically.
WLDS,2026-04-23,0.18596579454221723,3.516194172147706,positive_outlier,False,Reported only; outlier policy does not trade residual outliers automatically.
ABSI,2026-04-24,0.23243408738607338,4.494149314252726,positive_outlier,False,Reported only; outlier policy does not trade residual outliers automatically.
ADGM,2026-04-24,-0.2361963076237793,-4.457206958405205,negative_outlier,False,Reported only; outlier policy does not trade residual outliers automatically.
AGCC,2026-04-24,-0.24531935769391527,-4.631467254665687,negative_outlier,False,Reported only; outlier policy does not trade residual outliers automatically.
AMST,2026-04-24,-0.3136662835327737,-5.936968754011859,negative_outlier,False,Reported only; outlier policy does not trade residual outliers automatically.
ASBP,2026-04-24,0.22609108641405168,4.372991015211563,positive_outlier,False,Reported only; outlier policy does not trade residual outliers automatically.
ATXG,2026-04-24,0.17259007861344516,3.351062888335774,positive_outlier,False,Reported only; outlier policy does not trade residual outliers automatically.
BRLS,2026-04-24,0.2457546118066427,4.748585989928979,positive_outlier,False,Reported only; outlier policy does not trade residual outliers automatically.
CAST,2026-04-24,0.3847518979171041,7.403587121217421,positive_outlier,False,Reported only; outlier policy does not trade residual outliers automatically.
CHSN,2026-04-24,-0.6701392809737905,-12.74599530383634,negative_outlier,False,Reported only; outlier policy does not trade residual outliers automatically.
CISS,2026-04-24,0.1669951425684372,3.2441934526463774,positive_outlier,False,Reported only; outlier policy does not trade residual outliers automatically.
CMPX,2026-04-24,-0.6395548567176419,-12.161799142370647,negative_outlier,False,Reported only; outlier policy does not trade residual outliers automatically.
CREG,2026-04-24,0.18750160692671888,3.6358894892632123,positive_outlier,False,Reported only; outlier policy does not trade residual outliers automatically.
CRML,2026-04-24,0.2578104619814694,4.978865995736948,positive_outlier,False,Reported only; outlier policy does not trade residual outliers automatically.
CTNT,2026-04-24,-0.29186309554197654,-5.520503868969013,negative_outlier,False,Reported only; outlier policy does not trade residual outliers automatically.
EDSA,2026-04-24,0.5427724323660266,10.421953230864196,positive_outlier,False,Reported only; outlier policy does not trade residual outliers automatically.
ELPW,2026-04-24,0.2188093195467204,4.233901254457679,positive_outlier,False,Reported only; outlier policy does not trade residual outliers automatically.
EUDA,2026-04-24,0.22502370148045162,4.352602788322182,positive_outlier,False,Reported only; outlier policy does not trade residual outliers automatically.
FGI,2026-04-24,-0.2435069969015507,-4.596849169027621,negative_outlier,False,Reported only; outlier policy does not trade residual outliers automatically.
GLXG,2026-04-24,-0.27382637527931813,-5.175982662533119,negative_outlier,False,Reported only; outlier policy does not trade residual outliers automatically.
GMEX,2026-04-24,-0.168303535549339,-3.160380295755849,negative_outlier,False,Reported only; outlier policy does not trade residual outliers automatically.
GOAI,2026-04-24,0.15513998771084336,3.017746948262848,positive_outlier,False,Reported only; outlier policy does not trade residual outliers automatically.
GURE,2026-04-24,-0.29344195916022786,-5.550661901617766,negative_outlier,False,Reported only; outlier policy does not trade residual outliers automatically.
HCAI,2026-04-24,-0.2022883894554006,-3.8095284057093064,negative_outlier,False,Reported only; outlier policy does not trade residual outliers automatically.
HCWB,2026-04-24,0.1714248690141993,3.3288061026764666,positive_outlier,False,Reported only; outlier policy does not trade residual outliers automatically.
HKIT,2026-04-24,-0.1657019006611152,-3.110686206290359,negative_outlier,False,Reported only; outlier policy does not trade residual outliers automatically.
ILLR,2026-04-24,-0.49322096160394335,-9.366660705178724,negative_outlier,False,Reported only; outlier policy does not trade residual outliers automatically.
JAGX,2026-04-24,-0.27556230042388974,-5.209140743180874,negative_outlier,False,Reported only; outlier policy does not trade residual outliers automatically.
JYD,2026-04-24,0.23544662042526734,4.551692010595355,positive_outlier,False,Reported only; outlier policy does not trade residual outliers automatically.
LABT,2026-04-24,-0.5047581648581781,-9.587033984032207,negative_outlier,False,Reported only; outlier policy does not trade residual outliers automatically.
LASE,2026-04-24,-0.18587994349934553,-3.496109030446176,negative_outlier,False,Reported only; outlier policy does not trade residual outliers automatically.
MSW,2026-04-24,0.19270370349588345,3.7352552586439725,positive_outlier,False,Reported only; outlier policy does not trade residual outliers automatically.
NCEL,2026-04-24,-0.16907067905807024,-3.1750335810144077,negative_outlier,False,Reported only; outlier policy does not trade residual outliers automatically.
NCI,2026-04-24,-0.19918389641796844,-3.7502291721983068,negative_outlier,False,Reported only; outlier policy does not trade residual outliers automatically.
NVVE,2026-04-24,-0.29766407759070473,-5.631309010083189,negative_outlier,False,Reported only; outlier policy does not trade residual outliers automatically.
OIO,2026-04-24,-0.32591473518369374,-6.170927659971225,negative_outlier,False,Reported only; outlier policy does not trade residual outliers automatically.
ONCO,2026-04-24,0.2844388387925594,5.487497297369949,positive_outlier,False,Reported only; outlier policy does not trade residual outliers automatically.
ONEG,2026-04-24,0.2460464925490073,4.754161233323037,positive_outlier,False,Reported only; outlier policy does not trade residual outliers automatically.
POET,2026-04-24,-0.46536378541082757,-8.834557983054731,negative_outlier,False,Reported only; outlier policy does not trade residual outliers automatically.
QNTM,2026-04-24,0.2391095207023532,4.621657436911169,positive_outlier,False,Reported only; outlier policy does not trade residual outliers automatically.
QUIK,2026-04-24,0.2070447433620378,4.009184902408626,positive_outlier,False,Reported only; outlier policy does not trade residual outliers automatically.
REAX,2026-04-24,-0.24845151690341216,-4.691294942509759,negative_outlier,False,Reported only; outlier policy does not trade residual outliers automatically.
RMSG,2026-04-24,-0.20054862842132912,-3.7762970553507063,negative_outlier,False,Reported only; outlier policy does not trade residual outliers automatically.
SEGG,2026-04-24,0.4303447834584162,8.274461410048428,positive_outlier,False,Reported only; outlier policy does not trade residual outliers automatically.
SGMT,2026-04-24,0.3844568563429462,7.397951502457613,positive_outlier,False,Reported only; outlier policy does not trade residual outliers automatically.
SMX,2026-04-24,-0.22518636732038122,-4.2469049821658285,negative_outlier,False,Reported only; outlier policy does not trade residual outliers automatically.
SPRC,2026-04-24,0.3100764467402423,5.977203823370278,positive_outlier,False,Reported only; outlier policy does not trade residual outliers automatically.
TELA,2026-04-24,0.19568544781618685,3.792209856572792,positive_outlier,False,Reported only; outlier policy does not trade residual outliers automatically.
TJGC,2026-04-24,-0.40098367848707994,-7.604827090473254,negative_outlier,False,Reported only; outlier policy does not trade residual outliers automatically.
UGRO,2026-04-24,-0.16519351959704856,-3.1009755684930864,negative_outlier,False,Reported only; outlier policy does not trade residual outliers automatically.
VELO,2026-04-24,-0.17296044383197742,-3.249332368883995,negative_outlier,False,Reported only; outlier policy does not trade residual outliers automatically.
XE,2026-04-24,0.23330708772511127,4.5108245814656325,positive_outlier,False,Reported only; outlier policy does not trade residual outliers automatically.
YIBO,2026-04-24,0.22351709717252038,4.323824988021947,positive_outlier,False,Reported only; outlier policy does not trade residual outliers automatically.
AIRE,2026-04-27,-0.3353721541860441,-5.81303903805729,negative_outlier,False,Reported only; outlier policy does not trade residual outliers automatically.
AKAN,2026-04-27,0.46753664991218624,8.452481423526805,positive_outlier,False,Reported only; outlier policy does not trade residual outliers automatically.
AREB,2026-04-27,-0.4191215282832466,-7.301039174225104,negative_outlier,False,Reported only; outlier policy does not trade residual outliers automatically.
ATER,2026-04-27,0.6837105351966963,12.293307390368522,positive_outlier,False,Reported only; outlier policy does not trade residual outliers automatically.
ATLN,2026-04-27,0.2953126332143053,5.392525894780055,positive_outlier,False,Reported only; outlier policy does not trade residual outliers automatically.
AUUD,2026-04-27,0.17357416868127906,3.2295622457412207,positive_outlier,False,Reported only; outlier policy does not trade residual outliers automatically.
BGDE,2026-04-27,-0.33665108354811113,-5.835762157906473,negative_outlier,False,Reported only; outlier policy does not trade residual outliers automatically.
BIAF,2026-04-27,0.21335274845578833,3.9363201500132385,positive_outlier,False,Reported only; outlier policy does not trade residual outliers automatically.
BIYA,2026-04-27,0.9678268208730714,17.341286271777992,positive_outlier,False,Reported only; outlier policy does not trade residual outliers automatically.
BTBD,2026-04-27,0.16803342718034872,3.131118237093634,positive_outlier,False,Reported only; outlier policy does not trade residual outliers automatically.
CHSN,2026-04-27,-0.2692786338041928,-4.638735726681379,negative_outlier,False,Reported only; outlier policy does not trade residual outliers automatically.
CUE,2026-04-27,-0.27818895560550105,-4.797048074643016,negative_outlier,False,Reported only; outlier policy does not trade residual outliers automatically.
CYCU,2026-04-27,0.17456270079985603,3.2471257910560976,positive_outlier,False,Reported only; outlier policy does not trade residual outliers automatically.
DGNX,2026-04-27,-0.25487549369197726,-4.382830835698596,negative_outlier,False,Reported only; outlier policy does not trade residual outliers automatically.
DRCT,2026-04-27,0.17178562938478925,3.197784734023587,positive_outlier,False,Reported only; outlier policy does not trade residual outliers automatically.
EDSA,2026-04-27,0.2957709144980763,5.400668315186242,positive_outlier,False,Reported only; outlier policy does not trade residual outliers automatically.
ERAS,2026-04-27,-0.46202540618910937,-8.06332518357432,negative_outlier,False,Reported only; outlier policy does not trade residual outliers automatically.
GCTK,2026-04-27,0.16855001103589204,3.1402965367009648,positive_outlier,False,Reported only; outlier policy does not trade residual outliers automatically.
GLND,2026-04-27,-0.39627270268804554,-6.89507726748329,negative_outlier,False,Reported only; outlier policy does not trade residual outliers automatically.
HAIN,2026-04-27,-0.20007117963357243,-3.409106223896225,negative_outlier,False,Reported only; outlier policy does not trade residual outliers automatically.
HTCO,2026-04-27,-0.7535735641808429,-13.243348359480846,negative_outlier,False,Reported only; outlier policy does not trade residual outliers automatically.
INHD,2026-04-27,-0.3738902831583435,-6.497402136570589,negative_outlier,False,Reported only; outlier policy does not trade residual outliers automatically.
KNSA,2026-04-27,0.2339684320105145,4.302605155331861,positive_outlier,False,Reported only; outlier policy does not trade residual outliers automatically.
LBGJ,2026-04-27,-0.18380308422107805,-3.1200661152395655,negative_outlier,False,Reported only; outlier policy does not trade residual outliers automatically.
LHSW,2026-04-27,-0.30972551937057513,-5.357367619505891,negative_outlier,False,Reported only; outlier policy does not trade residual outliers automatically.
LICN,2026-04-27,-0.26866592203224193,-4.627849493680563,negative_outlier,False,Reported only; outlier policy does not trade residual outliers automatically.
MAAS,2026-04-27,0.22573701491249804,4.156355109946606,positive_outlier,False,Reported only; outlier policy does not trade residual outliers automatically.
MSW,2026-04-27,0.16112759503982976,3.008420255452389,positive_outlier,False,Reported only; outlier policy does not trade residual outliers automatically.
NCI,2026-04-27,0.2696198819440213,4.936035111406125,positive_outlier,False,Reported only; outlier policy does not trade residual outliers automatically.
OMCL,2026-04-27,0.20741479484906677,3.8308187552791737,positive_outlier,False,Reported only; outlier policy does not trade residual outliers automatically.
ONEG,2026-04-27,0.1754824620592864,3.263467463982343,positive_outlier,False,Reported only; outlier policy does not trade residual outliers automatically.
PAVS,2026-04-27,-0.20088464890440663,-3.423559375323539,negative_outlier,False,Reported only; outlier policy does not trade residual outliers automatically.
PDSB,2026-04-27,0.1744402566332263,3.244950288987192,positive_outlier,False,Reported only; outlier policy does not trade residual outliers automatically.
PRPL,2026-04-27,-0.1785746518910739,-3.027170996883687,negative_outlier,False,Reported only; outlier policy does not trade residual outliers automatically.
QNTM,2026-04-27,0.21628268311160626,3.988377173887349,positive_outlier,False,Reported only; outlier policy does not trade residual outliers automatically.
RDAC,2026-04-27,-0.18439971223425447,-3.1306665832958123,negative_outlier,False,Reported only; outlier policy does not trade residual outliers automatically.
RMBS,2026-04-27,-0.21150981449000797,-3.6123398648329936,negative_outlier,False,Reported only; outlier policy does not trade residual outliers automatically.
RPGL,2026-04-27,0.47017359086907756,8.4993327408676,positive_outlier,False,Reported only; outlier policy does not trade residual outliers automatically.
SEGG,2026-04-27,0.5807957513281744,10.464789696226651,positive_outlier,False,Reported only; outlier policy does not trade residual outliers automatically.
SNBR,2026-04-27,0.4764517758636595,8.610879128258889,positive_outlier,False,Reported only; outlier policy does not trade residual outliers automatically.
SNGX,2026-04-27,-0.6989329279130454,-12.27253185985647,negative_outlier,False,Reported only; outlier policy does not trade residual outliers automatically.
SURG,2026-04-27,0.20746629335391556,3.8317337445916726,positive_outlier,False,Reported only; outlier policy does not trade residual outliers automatically.
TJGC,2026-04-27,0.36038801799686315,6.548739686959948,positive_outlier,False,Reported only; outlier policy does not trade residual outliers automatically.
VISN,2026-04-27,-0.49234169833219626,-8.601963798170525,negative_outlier,False,Reported only; outlier policy does not trade residual outliers automatically.
YAAS,2026-04-27,-0.3113029321947061,-5.385393984149232,negative_outlier,False,Reported only; outlier policy does not trade residual outliers automatically.
ZTG,2026-04-27,0.2804943273797421,5.129244630444698,positive_outlier,False,Reported only; outlier policy does not trade residual outliers automatically.
ABLV,2026-04-28,-0.22136382398437357,-4.172945943517518,negative_outlier,False,Reported only; outlier policy does not trade residual outliers automatically.
ABVE,2026-04-28,0.13947438602322876,3.0815152150274274,positive_outlier,False,Reported only; outlier policy does not trade residual outliers automatically.
AKAN,2026-04-28,0.4831417127909119,9.990764857532318,positive_outlier,False,Reported only; outlier policy does not trade residual outliers automatically.
ANIK,2026-04-28,-0.1921795641827445,-3.5862118524484425,negative_outlier,False,Reported only; outlier policy does not trade residual outliers automatically.
AREB,2026-04-28,-0.30530610510948547,-5.860561060466897,negative_outlier,False,Reported only; outlier policy does not trade residual outliers automatically.
ASBP,2026-04-28,0.1733109236355093,3.7617808882297266,positive_outlier,False,Reported only; outlier policy does not trade residual outliers automatically.
AWRE,2026-04-28,0.15505508183348288,3.394756854753473,positive_outlier,False,Reported only; outlier policy does not trade residual outliers automatically.
BIYA,2026-04-28,0.2489246263753188,5.281954346490023,positive_outlier,False,Reported only; outlier policy does not trade residual outliers automatically.
BNZI,2026-04-28,-0.2211672748860797,-4.168994427963525,negative_outlier,False,Reported only; outlier policy does not trade residual outliers automatically.
BRLS,2026-04-28,0.6646372847824009,13.639637235633337,positive_outlier,False,Reported only; outlier policy does not trade residual outliers automatically.
CHEF,2026-04-28,0.1758451280626739,3.8127297264480826,positive_outlier,False,Reported only; outlier policy does not trade residual outliers automatically.
COCO,2026-04-28,0.2923517956790817,6.155034591880515,positive_outlier,False,Reported only; outlier policy does not trade residual outliers automatically.
CREG,2026-04-28,0.14413013890782983,3.1751166616824547,positive_outlier,False,Reported only; outlier policy does not trade residual outliers automatically.
CTNT,2026-04-28,-0.2676832826694834,-5.104174135534313,negative_outlier,False,Reported only; outlier policy does not trade residual outliers automatically.
DSGN,2026-04-28,0.2307388189188209,4.916338316449408,positive_outlier,False,Reported only; outlier policy does not trade residual outliers automatically.
DUO,2026-04-28,0.15333607793519866,3.360197191542563,positive_outlier,False,Reported only; outlier policy does not trade residual outliers automatically.
EUDA,2026-04-28,0.20009870265147775,4.300335001972099,positive_outlier,False,Reported only; outlier policy does not trade residual outliers automatically.
EXTR,2026-04-28,0.2820104647206947,5.947127608405299,positive_outlier,False,Reported only; outlier policy does not trade residual outliers automatically.
FATN,2026-04-28,0.18878546897765056,4.072888428998043,positive_outlier,False,Reported only; outlier policy does not trade residual outliers automatically.
FCEL,2026-04-28,0.37467997073048936,7.810198960841725,positive_outlier,False,Reported only; outlier policy does not trade residual outliers automatically.
GMEX,2026-04-28,-0.20368107269117192,-3.81744359128592,negative_outlier,False,Reported only; outlier policy does not trade residual outliers automatically.
GNLN,2026-04-28,0.13830843488093533,3.0580743846498724,positive_outlier,False,Reported only; outlier policy does not trade residual outliers automatically.
HUBC,2026-04-28,-0.20561084602904922,-3.856240662483373,negative_outlier,False,Reported only; outlier policy does not trade residual outliers automatically.
ICLR,2026-04-28,0.1379208569736322,3.050282336035117,positive_outlier,False,Reported only; outlier policy does not trade residual outliers automatically.
IFRX,2026-04-28,0.19398606465341062,4.177443651490426,positive_outlier,False,Reported only; outlier policy does not trade residual outliers automatically.
ILLR,2026-04-28,0.27180227617696906,5.741897382681696,positive_outlier,False,Reported only; outlier policy does not trade residual outliers automatically.
INHD,2026-04-28,0.5042870378880613,10.415880422757088,positive_outlier,False,Reported only; outlier policy does not trade residual outliers automatically.
JLHL,2026-04-28,0.29587018149509897,6.225769875825458,positive_outlier,False,Reported only; outlier policy does not trade residual outliers automatically.
KALV,2026-04-28,0.3877122459802083,8.072205954515042,positive_outlier,False,Reported only; outlier policy does not trade residual outliers automatically.
KIDZ,2026-04-28,-0.165421783292898,-3.0482608351485894,negative_outlier,False,Reported only; outlier policy does not trade residual outliers automatically.
LEXX,2026-04-28,-0.21332384583366487,-4.011306439739252,negative_outlier,False,Reported only; outlier policy does not trade residual outliers automatically.
MB,2026-04-28,0.22325328471473446,4.765845614655547,positive_outlier,False,Reported only; outlier policy does not trade residual outliers automatically.
MRLN,2026-04-28,-0.2500384693948015,-4.749434507077945,negative_outlier,False,Reported only; outlier policy does not trade residual outliers automatically.
MXL,2026-04-28,0.29422401725075537,6.192674615290481,positive_outlier,False,Reported only; outlier policy does not trade residual outliers automatically.
MYSE,2026-04-28,-0.20235063954156374,-3.790695937239887,negative_outlier,False,Reported only; outlier policy does not trade residual outliers automatically.
NXPI,2026-04-28,0.25148821625322887,5.333493963636848,positive_outlier,False,Reported only; outlier policy does not trade residual outliers automatically.
OMEX,2026-04-28,0.1425073418260469,3.142491185578507,positive_outlier,False,Reported only; outlier policy does not trade residual outliers automatically.
OSRH,2026-04-28,-0.38332076162706463,-7.429004423191924,negative_outlier,False,Reported only; outlier policy does not trade residual outliers automatically.
PBM,2026-04-28,-0.21291776881974922,-4.003142476380807,negative_outlier,False,Reported only; outlier policy does not trade residual outliers automatically.
PRCH,2026-04-28,0.17723847313979899,3.840742191486751,positive_outlier,False,Reported only; outlier policy does not trade residual outliers automatically.
RCKY,2026-04-28,-0.18164706731778987,-3.374461579638642,negative_outlier,False,Reported only; outlier policy does not trade residual outliers automatically.
RDZN,2026-04-28,0.17243736931960776,3.744218541230906,positive_outlier,False,Reported only; outlier policy does not trade residual outliers automatically.
RPGL,2026-04-28,0.44011767554123987,9.125789368642268,positive_outlier,False,Reported only; outlier policy does not trade residual outliers automatically.
SAGT,2026-04-28,0.27639461567186774,5.834223936712359,positive_outlier,False,Reported only; outlier policy does not trade residual outliers automatically.
SCLX,2026-04-28,0.24204723539711767,5.143688042257895,positive_outlier,False,Reported only; outlier policy does not trade residual outliers automatically.
SEGG,2026-04-28,-0.1896730692175353,-3.5358200982913215,negative_outlier,False,Reported only; outlier policy does not trade residual outliers automatically.
SLNH,2026-04-28,0.19362880501016588,4.170261135521899,positive_outlier,False,Reported only; outlier policy does not trade residual outliers automatically.
SMTK,2026-04-28,-0.28190098027951477,-5.390013418113996,negative_outlier,False,Reported only; outlier policy does not trade residual outliers automatically.
SONM,2026-04-28,0.14454370214166762,3.183431131528692,positive_outlier,False,Reported only; outlier policy does not trade residual outliers automatically.
STKE,2026-04-28,-0.16742953717994014,-3.0886256639984997,negative_outlier,False,Reported only; outlier policy does not trade residual outliers automatically.
TER,2026-04-28,-0.20254828199052022,-3.794669434030053,negative_outlier,False,Reported only; outlier policy does not trade residual outliers automatically.
TJGC,2026-04-28,0.1863757806473961,4.024442920980304,positive_outlier,False,Reported only; outlier policy does not trade residual outliers automatically.
TNMG,2026-04-28,-0.18275558835509256,-3.3967478081629796,negative_outlier,False,Reported only; outlier policy does not trade residual outliers automatically.
TRAX,2026-04-28,0.17622457791469065,3.8203583648148816,positive_outlier,False,Reported only; outlier policy does not trade residual outliers automatically.
TROO,2026-04-28,0.14065418364781096,3.1052344216000765,positive_outlier,False,Reported only; outlier policy does not trade residual outliers automatically.
UBXG,2026-04-28,0.3136582983659857,6.583390547208311,positive_outlier,False,Reported only; outlier policy does not trade residual outliers automatically.
WETO,2026-04-28,0.14683439097140066,3.2294842175953287,positive_outlier,False,Reported only; outlier policy does not trade residual outliers automatically.
YAAS,2026-04-28,-0.16414083585280026,-3.022508065090976,negative_outlier,False,Reported only; outlier policy does not trade residual outliers automatically.
YYGH,2026-04-28,-0.1926883378091034,-3.5964404768250984,negative_outlier,False,Reported only; outlier policy does not trade residual outliers automatically.
ABTS,2026-04-29,0.18765901169841923,3.118311904826321,positive_outlier,False,Reported only; outlier policy does not trade residual outliers automatically.
ADUR,2026-04-29,0.19126910045443968,3.184761558217473,positive_outlier,False,Reported only; outlier policy does not trade residual outliers automatically.
AIRE,2026-04-29,-0.23443226793221703,-4.650976089578021,negative_outlier,False,Reported only; outlier policy does not trade residual outliers automatically.
AKAN,2026-04-29,0.8832585738555258,15.921972127111255,positive_outlier,False,Reported only; outlier policy does not trade residual outliers automatically.
ALMU,2026-04-29,0.21193664141515517,3.5651818265548343,positive_outlier,False,Reported only; outlier policy does not trade residual outliers automatically.
ATLN,2026-04-29,-0.15492755446024495,-3.187560364863494,negative_outlier,False,Reported only; outlier policy does not trade residual outliers automatically.
AWRE,2026-04-29,-0.19746040302707457,-3.9704477773380127,negative_outlier,False,Reported only; outlier policy does not trade residual outliers automatically.
BAND,2026-04-29,0.5146972113599728,9.13799077752317,positive_outlier,False,Reported only; outlier policy does not trade residual outliers automatically.
BTAI,2026-04-29,0.18337255959806148,3.0394126656118994,positive_outlier,False,Reported only; outlier policy does not trade residual outliers automatically.
BTBD,2026-04-29,-0.1777785693223556,-3.6081710810657097,negative_outlier,False,Reported only; outlier policy does not trade residual outliers automatically.
BYND,2026-04-29,0.18769955214669315,3.119058118816664,positive_outlier,False,Reported only; outlier policy does not trade residual outliers automatically.
CHKP,2026-04-29,-0.196525900336374,-3.953246709971845,negative_outlier,False,Reported only; outlier policy does not trade residual outliers automatically.
CLMB,2026-04-29,-0.22053379974452483,-4.395151799330329,negative_outlier,False,Reported only; outlier policy does not trade residual outliers automatically.
CVKD,2026-04-29,0.19506485898826423,3.2546287709026234,positive_outlier,False,Reported only; outlier policy does not trade residual outliers automatically.
DFSC,2026-04-29,0.21007214105656688,3.530862614217117,positive_outlier,False,Reported only; outlier policy does not trade residual outliers automatically.
DGNX,2026-04-29,-0.2453509664341457,-4.8519527912520966,negative_outlier,False,Reported only; outlier policy does not trade residual outliers automatically.
ENVB,2026-04-29,-0.23973401404381364,-4.7485634940139825,negative_outlier,False,Reported only; outlier policy does not trade residual outliers automatically.
ERNA,2026-04-29,-0.20764562141676382,-4.157923564624227,negative_outlier,False,Reported only; outlier policy does not trade residual outliers automatically.
FATN,2026-04-29,0.23542976676518995,3.997611648115672,positive_outlier,False,Reported only; outlier policy does not trade residual outliers automatically.
FCHL,2026-04-29,-0.22950403229742566,-4.560263763124639,negative_outlier,False,Reported only; outlier policy does not trade residual outliers automatically.
GNLN,2026-04-29,0.21521724439115097,3.625566749309257,positive_outlier,False,Reported only; outlier policy does not trade residual outliers automatically.
GTX,2026-04-29,0.2471518443696437,4.2133758706825395,positive_outlier,False,Reported only; outlier policy does not trade residual outliers automatically.
HAO,2026-04-29,-0.23494874481980482,-4.660482700767987,negative_outlier,False,Reported only; outlier policy does not trade residual outliers automatically.
HUBC,2026-04-29,-0.15868607292966874,-3.2567421125811786,negative_outlier,False,Reported only; outlier policy does not trade residual outliers automatically.
IDCC,2026-04-29,-0.16371471792311054,-3.3493026393228287,negative_outlier,False,Reported only; outlier policy does not trade residual outliers automatically.
INHD,2026-04-29,-0.229978635414361,-4.568999618321031,negative_outlier,False,Reported only; outlier policy does not trade residual outliers automatically.
INSG,2026-04-29,0.2270872699644535,3.8440541988974912,positive_outlier,False,Reported only; outlier policy does not trade residual outliers automatically.
ISPC,2026-04-29,0.21530546161517178,3.6271905331980983,positive_outlier,False,Reported only; outlier policy does not trade residual outliers automatically.
LABT,2026-04-29,-0.26445722837077185,-5.203635137336273,negative_outlier,False,Reported only; outlier policy does not trade residual outliers automatically.
LHSW,2026-04-29,0.19119829329373092,3.183458235334106,positive_outlier,False,Reported only; outlier policy does not trade residual outliers automatically.
MLEC,2026-04-29,0.2543506521868092,4.345881832892587,positive_outlier,False,Reported only; outlier policy does not trade residual outliers automatically.
MRAM,2026-04-29,0.3782171983337387,6.625850447098046,positive_outlier,False,Reported only; outlier policy does not trade residual outliers automatically.
MRDN,2026-04-29,0.22303602525549104,3.769484340673271,positive_outlier,False,Reported only; outlier policy does not trade residual outliers automatically.
MYRG,2026-04-29,0.19452249229768587,3.244645615075849,positive_outlier,False,Reported only; outlier policy does not trade residual outliers automatically.
MYSE,2026-04-29,-0.1548748416732048,-3.1865900988493254,negative_outlier,False,Reported only; outlier policy does not trade residual outliers automatically.
NCEL,2026-04-29,0.2771244800371735,4.765071794503024,positive_outlier,False,Reported only; outlier policy does not trade residual outliers automatically.
NCSM,2026-04-29,-0.2876356137533903,-5.630271649325905,negative_outlier,False,Reported only; outlier policy does not trade residual outliers automatically.
NVCR,2026-04-29,0.2757096173542488,4.739028907130898,positive_outlier,False,Reported only; outlier policy does not trade residual outliers automatically.
OPCH,2026-04-29,-0.24096023849490833,-4.77113418278697,negative_outlier,False,Reported only; outlier policy does not trade residual outliers automatically.
OSRH,2026-04-29,0.5289738038226462,9.400775070338494,positive_outlier,False,Reported only; outlier policy does not trade residual outliers automatically.
PBM,2026-04-29,0.28773707874919213,4.960414223360758,positive_outlier,False,Reported only; outlier policy does not trade residual outliers automatically.
PI,2026-04-29,0.2017337924175343,3.3773815187747194,positive_outlier,False,Reported only; outlier policy does not trade residual outliers automatically.
PRLD,2026-04-29,0.21548997122184885,3.6305867376239815,positive_outlier,False,Reported only; outlier policy does not trade residual outliers automatically.
QURE,2026-04-29,0.188677688091259,3.1370623283745136,positive_outlier,False,Reported only; outlier policy does not trade residual outliers automatically.
RDAC,2026-04-29,-0.44750905665900326,-8.573006741312657,negative_outlier,False,Reported only; outlier policy does not trade residual outliers automatically.
RDZN,2026-04-29,0.33325401452998493,5.798228695655105,positive_outlier,False,Reported only; outlier policy does not trade residual outliers automatically.
RPGL,2026-04-29,0.3678871592403841,6.435708995277582,positive_outlier,False,Reported only; outlier policy does not trade residual outliers automatically.
RYOJ,2026-04-29,0.4885026555083502,8.655836660350088,positive_outlier,False,Reported only; outlier policy does not trade residual outliers automatically.
SAGT,2026-04-29,-0.1682625516366269,-3.4330130393621037,negative_outlier,False,Reported only; outlier policy does not trade residual outliers automatically.
SCLX,2026-04-29,0.2829657174186235,4.872589427892367,positive_outlier,False,Reported only; outlier policy does not trade residual outliers automatically.
SDOT,2026-04-29,-0.25939131293941364,-5.110388586552374,negative_outlier,False,Reported only; outlier policy does not trade residual outliers automatically.
SILC,2026-04-29,0.3720245208961319,6.5118639783149925,positive_outlier,False,Reported only; outlier policy does not trade residual outliers automatically.
SLNH,2026-04-29,0.2935576626082995,5.067551694517612,positive_outlier,False,Reported only; outlier policy does not trade residual outliers automatically.
UBXG,2026-04-29,-0.16002581501065627,-3.281402281051191,negative_outlier,False,Reported only; outlier policy does not trade residual outliers automatically.
USLM,2026-04-29,-0.16015137515251235,-3.2837134230950444,negative_outlier,False,Reported only; outlier policy does not trade residual outliers automatically.
VISN,2026-04-29,0.23193847157541847,3.933348586754751,positive_outlier,False,Reported only; outlier policy does not trade residual outliers automatically.
VUZI,2026-04-29,0.2062387536738221,3.4603027803425053,positive_outlier,False,Reported only; outlier policy does not trade residual outliers automatically.
WAY,2026-04-29,-0.1556802322806853,-3.201414644817155,negative_outlier,False,Reported only; outlier policy does not trade residual outliers automatically.
WKHS,2026-04-29,0.2344208634585196,3.979041114379727,positive_outlier,False,Reported only; outlier policy does not trade residual outliers automatically.
WNW,2026-04-29,0.37903603784995693,6.640922542471032,positive_outlier,False,Reported only; outlier policy does not trade residual outliers automatically.
XRX,2026-04-29,0.42837768899967743,7.54913722588518,positive_outlier,False,Reported only; outlier policy does not trade residual outliers automatically.
AGH,2026-04-30,0.23677298137942385,4.270408456784775,positive_outlier,False,Reported only; outlier policy does not trade residual outliers automatically.
AIRS,2026-04-30,0.23287640977356433,4.1968402292454146,positive_outlier,False,Reported only; outlier policy does not trade residual outliers automatically.
AKAN,2026-04-30,0.17906354795784035,3.1808402007459735,positive_outlier,False,Reported only; outlier policy does not trade residual outliers automatically.
ANIK,2026-04-30,0.19141870836833377,3.4141086593565237,positive_outlier,False,Reported only; outlier policy does not trade residual outliers automatically.
APLM,2026-04-30,0.24578930444270297,4.440638847441588,positive_outlier,False,Reported only; outlier policy does not trade residual outliers automatically.
ATOM,2026-04-30,0.3525492575488164,6.45629294459492,positive_outlier,False,Reported only; outlier policy does not trade residual outliers automatically.
AVX,2026-04-30,0.21953634023642726,3.944976444778269,positive_outlier,False,Reported only; outlier policy does not trade residual outliers automatically.
AXTI,2026-04-30,0.20219223200488712,3.6175154277841273,positive_outlier,False,Reported only; outlier policy does not trade residual outliers automatically.
BAFN,2026-04-30,-0.23974062722636977,-4.726285337009959,negative_outlier,False,Reported only; outlier policy does not trade residual outliers automatically.
BAND,2026-04-30,0.20682759642369455,3.705032244818332,positive_outlier,False,Reported only; outlier policy does not trade residual outliers automatically.
BGL,2026-04-30,0.193519541917816,3.4537729119929232,positive_outlier,False,Reported only; outlier policy does not trade residual outliers automatically.
BIYA,2026-04-30,-0.26963688720630125,-5.29073405738561,negative_outlier,False,Reported only; outlier policy does not trade residual outliers automatically.
BOOM,2026-04-30,0.35871653348772015,6.572732626824555,positive_outlier,False,Reported only; outlier policy does not trade residual outliers automatically.
CBIO,2026-04-30,-0.18635443228333293,-3.7183408837054297,negative_outlier,False,Reported only; outlier policy does not trade residual outliers automatically.
CERS,2026-04-30,0.33839964348740365,6.189144760971451,positive_outlier,False,Reported only; outlier policy does not trade residual outliers automatically.
CREG,2026-04-30,-0.36896705628913434,-7.166112010050529,negative_outlier,False,Reported only; outlier policy does not trade residual outliers automatically.
CVV,2026-04-30,0.1861786131726175,3.3151743769461453,positive_outlier,False,Reported only; outlier policy does not trade residual outliers automatically.
DRCT,2026-04-30,0.3479314186298037,6.369107013294909,positive_outlier,False,Reported only; outlier policy does not trade residual outliers automatically.
EGHT,2026-04-30,0.2654973691330461,4.81273194213009,positive_outlier,False,Reported only; outlier policy does not trade residual outliers automatically.
ESPR,2026-04-30,0.5492850954762316,10.170713813449543,positive_outlier,False,Reported only; outlier policy does not trade residual outliers automatically.
ETON,2026-04-30,0.19463845338448,3.4748982348927138,positive_outlier,False,Reported only; outlier policy does not trade residual outliers automatically.
FATE,2026-04-30,0.22155506346945672,3.9830904345027682,positive_outlier,False,Reported only; outlier policy does not trade residual outliers automatically.
FCHL,2026-04-30,-0.15057545878976936,-3.0428250894772266,negative_outlier,False,Reported only; outlier policy does not trade residual outliers automatically.
FGI,2026-04-30,0.2203988200790171,3.9612602757265685,positive_outlier,False,Reported only; outlier policy does not trade residual outliers automatically.
FIVN,2026-04-30,0.2918151786778605,5.309618640688114,positive_outlier,False,Reported only; outlier policy does not trade residual outliers automatically.
GVH,2026-04-30,0.18871228101792356,3.3630106472388155,positive_outlier,False,Reported only; outlier policy does not trade residual outliers automatically.
HUBC,2026-04-30,-0.3219703887145669,-6.278803400472229,negative_outlier,False,Reported only; outlier policy does not trade residual outliers automatically.
HYFM,2026-04-30,0.18683795924393795,3.327622992475023,positive_outlier,False,Reported only; outlier policy does not trade residual outliers automatically.
INDP,2026-04-30,-0.2319115499338629,-4.5784704376732535,negative_outlier,False,Reported only; outlier policy does not trade residual outliers automatically.
KMRK,2026-04-30,-0.20207323876295205,-4.015115805023659,negative_outlier,False,Reported only; outlier policy does not trade residual outliers automatically.
KTTA,2026-04-30,0.20982845102843456,3.761689115705055,positive_outlier,False,Reported only; outlier policy does not trade residual outliers automatically.
KXIN,2026-04-30,-0.18221620483239764,-3.640210134545776,negative_outlier,False,Reported only; outlier policy does not trade residual outliers automatically.
LABT,2026-04-30,0.29590678919934316,5.38686925078706,positive_outlier,False,Reported only; outlier policy does not trade residual outliers automatically.
LWLG,2026-04-30,0.17911280617473727,3.181770207961395,positive_outlier,False,Reported only; outlier policy does not trade residual outliers automatically.
MRAM,2026-04-30,0.1759345197600921,3.1217633809891243,positive_outlier,False,Reported only; outlier policy does not trade residual outliers automatically.
MYSE,2026-04-30,0.17684772588852857,3.1390049366546546,positive_outlier,False,Reported only; outlier policy does not trade residual outliers automatically.
NUTX,2026-04-30,0.1706320642906898,3.0216517213179115,positive_outlier,False,Reported only; outlier policy does not trade residual outliers automatically.
OIO,2026-04-30,0.22759349191113462,4.0970974443853745,positive_outlier,False,Reported only; outlier policy does not trade residual outliers automatically.
PN,2026-04-30,0.2795372260144764,5.077807883277921,positive_outlier,False,Reported only; outlier policy does not trade residual outliers automatically.
RMNI,2026-04-30,0.18312746037869637,3.2575678639122256,positive_outlier,False,Reported only; outlier policy does not trade residual outliers automatically.
RNTX,2026-04-30,-0.2251333795689674,-4.450496918861146,negative_outlier,False,Reported only; outlier policy does not trade residual outliers automatically.
RXT,2026-04-30,0.2124169878982348,3.8105613266366136,positive_outlier,False,Reported only; outlier policy does not trade residual outliers automatically.
RYOJ,2026-04-30,-0.21804922466267412,-4.316746336865796,negative_outlier,False,Reported only; outlier policy does not trade residual outliers automatically.
SAFX,2026-04-30,0.24585228129643988,4.441827865884997,positive_outlier,False,Reported only; outlier policy does not trade residual outliers automatically.
SDOT,2026-04-30,-0.4984309314541178,-9.610421723733827,negative_outlier,False,Reported only; outlier policy does not trade residual outliers automatically.
SENS,2026-04-30,-0.22698902378241553,-4.485531936701384,negative_outlier,False,Reported only; outlier policy does not trade residual outliers automatically.
SHPH,2026-04-30,-0.3283961219402425,-6.400122819661872,negative_outlier,False,Reported only; outlier policy does not trade residual outliers automatically.
SKBL,2026-04-30,-0.2067742108354857,-4.1038713106502644,negative_outlier,False,Reported only; outlier policy does not trade residual outliers automatically.
SMMT,2026-04-30,-0.24413998163234707,-4.80934622712129,negative_outlier,False,Reported only; outlier policy does not trade residual outliers automatically.
SMTK,2026-04-30,0.23742783282856383,4.282772212744595,positive_outlier,False,Reported only; outlier policy does not trade residual outliers automatically.
SOBR,2026-04-30,0.7928056630715753,14.768441852228081,positive_outlier,False,Reported only; outlier policy does not trade residual outliers automatically.
SOUN,2026-04-30,0.19640353094445615,3.508223332104241,positive_outlier,False,Reported only; outlier policy does not trade residual outliers automatically.
STAK,2026-04-30,0.3993491957450848,7.339887255263735,positive_outlier,False,Reported only; outlier policy does not trade residual outliers automatically.
STEX,2026-04-30,0.5265537848421522,9.74154109390267,positive_outlier,False,Reported only; outlier policy does not trade residual outliers automatically.
SUNE,2026-04-30,0.20276247301956646,3.6282817179909137,positive_outlier,False,Reported only; outlier policy does not trade residual outliers automatically.
TEAM,2026-04-30,0.29006521964753745,5.276578985024204,positive_outlier,False,Reported only; outlier policy does not trade residual outliers automatically.
TLIH,2026-04-30,0.49801130984490494,9.202652166011191,positive_outlier,False,Reported only; outlier policy does not trade residual outliers automatically.
TREE,2026-04-30,-0.21819102559143985,-4.319423573177081,negative_outlier,False,Reported only; outlier policy does not trade residual outliers automatically.
UBXG,2026-04-30,0.20992488170576004,3.7635097505422506,positive_outlier,False,Reported only; outlier policy does not trade residual outliers automatically.
UONE,2026-04-30,0.38113714906327606,6.996039347469614,positive_outlier,False,Reported only; outlier policy does not trade residual outliers automatically.
WTO,2026-04-30,-0.19041068225282615,-3.794923877910762,negative_outlier,False,Reported only; outlier policy does not trade residual outliers automatically.
XNDU,2026-04-30,0.24077286943506404,4.345927324233998,positive_outlier,False,Reported only; outlier policy does not trade residual outliers automatically.
XRX,2026-04-30,0.18884170036625333,3.36545411627493,positive_outlier,False,Reported only; outlier policy does not trade residual outliers automatically.
YHGJ,2026-04-30,0.18756659619085397,3.341379836728493,positive_outlier,False,Reported only; outlier policy does not trade residual outliers automatically.
ZTEK,2026-04-30,0.1837860591347337,3.270002369945282,positive_outlier,False,Reported only; outlier policy does not trade residual outliers automatically.
ABVE,2026-05-01,0.33912010079646815,5.85296665299836,positive_outlier,False,Reported only; outlier policy does not trade residual outliers automatically.
ADTX,2026-05-01,-0.2770283415304147,-4.676826589596417,negative_outlier,False,Reported only; outlier policy does not trade residual outliers automatically.
AIOS,2026-05-01,-0.2731911639239143,-4.611250367933053,negative_outlier,False,Reported only; outlier policy does not trade residual outliers automatically.
AKAN,2026-05-01,-0.2664319528034105,-4.495737464397717,negative_outlier,False,Reported only; outlier policy does not trade residual outliers automatically.
ARBB,2026-05-01,0.2325495073288901,4.0317069729180846,positive_outlier,False,Reported only; outlier policy does not trade residual outliers automatically.
AREB,2026-05-01,-0.21330957969223382,-3.5878919405102976,negative_outlier,False,Reported only; outlier policy does not trade residual outliers automatically.
ARKR,2026-05-01,0.17511011100270396,3.050084808930981,positive_outlier,False,Reported only; outlier policy does not trade residual outliers automatically.
AURA,2026-05-01,0.18996908907575963,3.3040203156323322,positive_outlier,False,Reported only; outlier policy does not trade residual outliers automatically.
CABA,2026-05-01,0.2960389854267181,5.116723231217257,positive_outlier,False,Reported only; outlier policy does not trade residual outliers automatically.
CCOI,2026-05-01,-0.2910889476088459,-4.917118156856283,negative_outlier,False,Reported only; outlier policy does not trade residual outliers automatically.
CHAI,2026-05-01,0.30991101684217015,5.353792113689569,positive_outlier,False,Reported only; outlier policy does not trade residual outliers automatically.
CLNN,2026-05-01,0.31397011584224616,5.423160905827728,positive_outlier,False,Reported only; outlier policy does not trade residual outliers automatically.
COAG,2026-05-01,-0.2646703215267923,-4.4656317109165835,negative_outlier,False,Reported only; outlier policy does not trade residual outliers automatically.
CRE,2026-05-01,0.5151644285618718,8.861511746289118,positive_outlier,False,Reported only; outlier policy does not trade residual outliers automatically.
CREG,2026-05-01,-0.19399617976800815,-3.257831691967543,negative_outlier,False,Reported only; outlier policy does not trade residual outliers automatically.
CWD,2026-05-01,-0.2683843511176477,-4.529103369695586,negative_outlier,False,Reported only; outlier policy does not trade residual outliers automatically.
DARE,2026-05-01,0.32155791785474674,5.552834180754206,positive_outlier,False,Reported only; outlier policy does not trade residual outliers automatically.
DEVS,2026-05-01,-0.2839686087173952,-4.795433687345922,negative_outlier,False,Reported only; outlier policy does not trade residual outliers automatically.
DVLT,2026-05-01,-0.25120370471872294,-4.235491243254745,negative_outlier,False,Reported only; outlier policy does not trade residual outliers automatically.
ELPW,2026-05-01,0.6745735869807182,11.585766753390113,positive_outlier,False,Reported only; outlier policy does not trade residual outliers automatically.
EZGO,2026-05-01,-0.2146108418038216,-3.6101301221694055,negative_outlier,False,Reported only; outlier policy does not trade residual outliers automatically.
FATE,2026-05-01,0.1855777118265404,3.2289729872484663,positive_outlier,False,Reported only; outlier policy does not trade residual outliers automatically.
FCHL,2026-05-01,0.20934176347741454,3.635093547328198,positive_outlier,False,Reported only; outlier policy does not trade residual outliers automatically.
FGL,2026-05-01,0.18009823880378484,3.1353304263907344,positive_outlier,False,Reported only; outlier policy does not trade residual outliers automatically.
FSTR,2026-05-01,0.19601640890459077,3.4073672091649354,positive_outlier,False,Reported only; outlier policy does not trade residual outliers automatically.
FWRD,2026-05-01,-0.238637270612439,-4.020734629676128,negative_outlier,False,Reported only; outlier policy does not trade residual outliers automatically.
GAUZ,2026-05-01,-0.23531584674576803,-3.963972485711297,negative_outlier,False,Reported only; outlier policy does not trade residual outliers automatically.
GSUN,2026-05-01,-0.2329018020750695,-3.9227171817705013,negative_outlier,False,Reported only; outlier policy does not trade residual outliers automatically.
HCAI,2026-05-01,0.525650955365738,9.040723363964617,positive_outlier,False,Reported only; outlier policy does not trade residual outliers automatically.
HKIT,2026-05-01,0.2024037927449979,3.5165256953027546,positive_outlier,False,Reported only; outlier policy does not trade residual outliers automatically.
HOUR,2026-05-01,0.1853157046112853,3.2244953620283403,positive_outlier,False,Reported only; outlier policy does not trade residual outliers automatically.
IMDX,2026-05-01,0.2518626635810596,4.361763057178023,positive_outlier,False,Reported only; outlier policy does not trade residual outliers automatically.
IPST,2026-05-01,0.22226302530486428,3.8559140609087477,positive_outlier,False,Reported only; outlier policy does not trade residual outliers automatically.
JAGX,2026-05-01,-0.5027023449646659,-8.533528048448112,negative_outlier,False,Reported only; outlier policy does not trade residual outliers automatically.
JLHL,2026-05-01,0.7360938749748431,12.637130139714067,positive_outlier,False,Reported only; outlier policy does not trade residual outliers automatically.
KMRK,2026-05-01,0.2529074243437884,4.379617707232747,positive_outlier,False,Reported only; outlier policy does not trade residual outliers automatically.
KWM,2026-05-01,-0.261562688777061,-4.412523193421985,negative_outlier,False,Reported only; outlier policy does not trade residual outliers automatically.
MNDR,2026-05-01,0.26251524761650424,4.54381254344953,positive_outlier,False,Reported only; outlier policy does not trade residual outliers automatically.
MSS,2026-05-01,0.19951198069914722,3.467105489314312,positive_outlier,False,Reported only; outlier policy does not trade residual outliers automatically.
ORGN,2026-05-01,-0.4482707948843906,-7.603309080345666,negative_outlier,False,Reported only; outlier policy does not trade residual outliers automatically.
PN,2026-05-01,0.8889164891476229,15.248823068702253,positive_outlier,False,Reported only; outlier policy does not trade residual outliers automatically.
REPL,2026-05-01,0.21283036324820212,3.694712677669305,positive_outlier,False,Reported only; outlier policy does not trade residual outliers automatically.
RLYB,2026-05-01,0.4935669337068565,8.492416996130414,positive_outlier,False,Reported only; outlier policy does not trade residual outliers automatically.
SDOT,2026-05-01,-0.40799271485781013,-6.91496869716318,negative_outlier,False,Reported only; outlier policy does not trade residual outliers automatically.
SHPH,2026-05-01,0.20019792736773045,3.478828113440977,positive_outlier,False,Reported only; outlier policy does not trade residual outliers automatically.
SMTK,2026-05-01,0.2085510409585188,3.621580335147068,positive_outlier,False,Reported only; outlier policy does not trade residual outliers automatically.
STKE,2026-05-01,0.17765124305444657,3.0935119983367194,positive_outlier,False,Reported only; outlier policy does not trade residual outliers automatically.
TORO,2026-05-01,-0.2100726242154315,-3.5325733361533778,negative_outlier,False,Reported only; outlier policy does not trade residual outliers automatically.
UBXG,2026-05-01,-0.4772228669393276,-8.098091362894158,negative_outlier,False,Reported only; outlier policy does not trade residual outliers automatically.
ULH,2026-05-01,-0.28346969552985446,-4.786907409666847,negative_outlier,False,Reported only; outlier policy does not trade residual outliers automatically.
UPLD,2026-05-01,0.1846384676683733,3.212921584517552,positive_outlier,False,Reported only; outlier policy does not trade residual outliers automatically.
XNDU,2026-05-01,-0.5924704318801198,-10.067637899368636,negative_outlier,False,Reported only; outlier policy does not trade residual outliers automatically.
XXII,2026-05-01,-0.2780257314819951,-4.693871686607003,negative_outlier,False,Reported only; outlier policy does not trade residual outliers automatically.
AIOS,2026-05-04,0.2647063722388105,4.259640336868927,positive_outlier,False,Reported only; outlier policy does not trade residual outliers automatically.
AKAN,2026-05-04,-0.25061058811633014,-4.235906972915302,negative_outlier,False,Reported only; outlier policy does not trade residual outliers automatically.
AVNW,2026-05-04,-0.33664890464522046,-5.6543399855249294,negative_outlier,False,Reported only; outlier policy does not trade residual outliers automatically.
BDSX,2026-05-04,0.32378316626527315,5.233584020415273,positive_outlier,False,Reported only; outlier policy does not trade residual outliers automatically.
BLDP,2026-05-04,0.30669123507139306,4.951805384654644,positive_outlier,False,Reported only; outlier policy does not trade residual outliers automatically.
BLZE,2026-05-04,0.6299050255898947,10.280327944114447,positive_outlier,False,Reported only; outlier policy does not trade residual outliers automatically.
CHSN,2026-05-04,-0.21713885707752162,-3.6840899428982845,negative_outlier,False,Reported only; outlier policy does not trade residual outliers automatically.
CIFR,2026-05-04,0.22654059277379568,3.630436933906274,positive_outlier,False,Reported only; outlier policy does not trade residual outliers automatically.
CLNN,2026-05-04,-0.18124892863382489,-3.0924063607626113,negative_outlier,False,Reported only; outlier policy does not trade residual outliers automatically.
CPSH,2026-05-04,-0.26450675961802844,-4.465000116552944,negative_outlier,False,Reported only; outlier policy does not trade residual outliers automatically.
CREG,2026-05-04,0.20658748818946607,3.30148881650602,positive_outlier,False,Reported only; outlier policy does not trade residual outliers automatically.
CWD,2026-05-04,0.21833227164810726,3.4951140436813364,positive_outlier,False,Reported only; outlier policy does not trade residual outliers automatically.
CYAB,2026-05-04,-0.32206992650411653,-5.4139900493600095,negative_outlier,False,Reported only; outlier policy does not trade residual outliers automatically.
CYRX,2026-05-04,0.1899605850600495,3.0273766622043077,positive_outlier,False,Reported only; outlier policy does not trade residual outliers automatically.
DGXX,2026-05-04,0.2818966575061716,4.5430404439737,positive_outlier,False,Reported only; outlier policy does not trade residual outliers automatically.
DRCT,2026-05-04,0.2763439632109831,4.451498382076431,positive_outlier,False,Reported only; outlier policy does not trade residual outliers automatically.
EMBC,2026-05-04,-0.5808088582583878,-9.679576095832383,negative_outlier,False,Reported only; outlier policy does not trade residual outliers automatically.
EVER,2026-05-04,0.6270069423899848,10.232549965071106,positive_outlier,False,Reported only; outlier policy does not trade residual outliers automatically.
EWTX,2026-05-04,0.21237551270788949,3.396910547031965,positive_outlier,False,Reported only; outlier policy does not trade residual outliers automatically.
EZGO,2026-05-04,0.5329960080032109,8.682679880901091,positive_outlier,False,Reported only; outlier policy does not trade residual outliers automatically.
FATE,2026-05-04,0.3176577306471519,5.132599709611834,positive_outlier,False,Reported only; outlier policy does not trade residual outliers automatically.
FSEA,2026-05-04,0.4246435454828996,6.896374476090551,positive_outlier,False,Reported only; outlier policy does not trade residual outliers automatically.
FTCI,2026-05-04,-0.33691929595182,-5.6587976733444565,negative_outlier,False,Reported only; outlier policy does not trade residual outliers automatically.
GAIA,2026-05-04,-0.18509287919930503,-3.1557779677498963,negative_outlier,False,Reported only; outlier policy does not trade residual outliers automatically.
GDC,2026-05-04,0.22524147355305746,3.609019574009512,positive_outlier,False,Reported only; outlier policy does not trade residual outliers automatically.
GIG,2026-05-04,-0.21022262980079684,-3.5700685918561184,negative_outlier,False,Reported only; outlier policy does not trade residual outliers automatically.
GSUN,2026-05-04,0.2545098446904324,4.091539752477012,positive_outlier,False,Reported only; outlier policy does not trade residual outliers automatically.
GV,2026-05-04,-0.1948530450657049,-3.316684666439178,negative_outlier,False,Reported only; outlier policy does not trade residual outliers automatically.
HUBC,2026-05-04,-0.24893561687560445,-4.208293293349416,negative_outlier,False,Reported only; outlier policy does not trade residual outliers automatically.
IART,2026-05-04,0.2367814845029617,3.799268908929081,positive_outlier,False,Reported only; outlier policy does not trade residual outliers automatically.
INLF,2026-05-04,0.19772213618361403,3.1553340745163503,positive_outlier,False,Reported only; outlier policy does not trade residual outliers automatically.
IPGP,2026-05-04,-0.25760139424467815,-4.35115783552223,negative_outlier,False,Reported only; outlier policy does not trade residual outliers automatically.
JRVR,2026-05-04,-0.23527519901981161,-3.9830867989128094,negative_outlier,False,Reported only; outlier policy does not trade residual outliers automatically.
LIXT,2026-05-04,0.36262668212442567,5.873960627527835,positive_outlier,False,Reported only; outlier policy does not trade residual outliers automatically.
MASK,2026-05-04,0.4595855407108924,7.472430372549085,positive_outlier,False,Reported only; outlier policy does not trade residual outliers automatically.
NTHI,2026-05-04,0.21025234831550435,3.3619079274218393,positive_outlier,False,Reported only; outlier policy does not trade residual outliers automatically.
NUTX,2026-05-04,-0.18452170676161062,-3.1463615835828906,negative_outlier,False,Reported only; outlier policy does not trade residual outliers automatically.
OCGN,2026-05-04,-0.19666767052473078,-3.346600694093438,negative_outlier,False,Reported only; outlier policy does not trade residual outliers automatically.
ONEG,2026-05-04,0.23168364868111568,3.715225671981944,positive_outlier,False,Reported only; outlier policy does not trade residual outliers automatically.
PN,2026-05-04,0.27573171528473245,4.441404824862255,positive_outlier,False,Reported only; outlier policy does not trade residual outliers automatically.
POET,2026-05-04,0.29071411360714466,4.688405571110477,positive_outlier,False,Reported only; outlier policy does not trade residual outliers automatically.
RENX,2026-05-04,-0.17752378504574434,-3.0309934129596368,negative_outlier,False,Reported only; outlier policy does not trade residual outliers automatically.
RXT,2026-05-04,0.22500440628740004,3.605111268391925,positive_outlier,False,Reported only; outlier policy does not trade residual outliers automatically.
SDOT,2026-05-04,0.8777661684497972,14.366582089470528,positive_outlier,False,Reported only; outlier policy does not trade residual outliers automatically.
SEGG,2026-05-04,-0.19728043682653773,-3.3567027972791252,negative_outlier,False,Reported only; outlier policy does not trade residual outliers automatically.
SKK,2026-05-04,-0.4918849886407684,-8.213571676368035,negative_outlier,False,Reported only; outlier policy does not trade residual outliers automatically.
SMTK,2026-05-04,0.3886988565893814,6.303788109789104,positive_outlier,False,Reported only; outlier policy does not trade residual outliers automatically.
SMX,2026-05-04,-0.22560984138690413,-3.82374311463011,negative_outlier,False,Reported only; outlier policy does not trade residual outliers automatically.
SOBR,2026-05-04,0.6194680187718901,10.108262803596284,positive_outlier,False,Reported only; outlier policy does not trade residual outliers automatically.
SOWG,2026-05-04,-0.20506907921112266,-3.4851068377974705,negative_outlier,False,Reported only; outlier policy does not trade residual outliers automatically.
STRL,2026-05-04,0.5118405120482087,8.33390906492832,positive_outlier,False,Reported only; outlier policy does not trade residual outliers automatically.
TONX,2026-05-04,0.2722352562077676,4.383761984066548,positive_outlier,False,Reported only; outlier policy does not trade residual outliers automatically.
TRON,2026-05-04,0.26116636274248717,4.201279521163629,positive_outlier,False,Reported only; outlier policy does not trade residual outliers automatically.
UBXG,2026-05-04,-0.313938007989622,-5.279926737313018,negative_outlier,False,Reported only; outlier policy does not trade residual outliers automatically.
ULH,2026-05-04,-0.23726897465219993,-4.015956307415647,negative_outlier,False,Reported only; outlier policy does not trade residual outliers automatically.
UONE,2026-05-04,0.19802163050640265,3.1602715564624306,positive_outlier,False,Reported only; outlier policy does not trade residual outliers automatically.
UPLD,2026-05-04,0.2905000876853489,4.6848771265141975,positive_outlier,False,Reported only; outlier policy does not trade residual outliers automatically.
VRDN,2026-05-04,0.33267160015807984,5.380119291822191,positive_outlier,False,Reported only; outlier policy does not trade residual outliers automatically.
WAI,2026-05-04,-0.21357216213441468,-3.625289189265315,negative_outlier,False,Reported only; outlier policy does not trade residual outliers automatically.
WGS,2026-05-04,-0.49167923284733905,-8.210179573619977,negative_outlier,False,Reported only; outlier policy does not trade residual outliers automatically.
YYGH,2026-05-04,0.372619457979724,6.038702148894123,positive_outlier,False,Reported only; outlier policy does not trade residual outliers automatically.
ACLS,2026-05-05,0.21746257361508975,3.0517088001724124,positive_outlier,False,Reported only; outlier policy does not trade residual outliers automatically.
AHMA,2026-05-05,0.45495972786284167,6.537018052121892,positive_outlier,False,Reported only; outlier policy does not trade residual outliers automatically.
AIFU,2026-05-05,0.22190252933853127,3.1168658704125636,positive_outlier,False,Reported only; outlier policy does not trade residual outliers automatically.
ANGI,2026-05-05,-0.3522666097209126,-5.309159354547326,negative_outlier,False,Reported only; outlier policy does not trade residual outliers automatically.
ATEC,2026-05-05,-0.31503936752956485,-4.7628435384903565,negative_outlier,False,Reported only; outlier policy does not trade residual outliers automatically.
ATYR,2026-05-05,0.2342404785788258,3.297927276278603,positive_outlier,False,Reported only; outlier policy does not trade residual outliers automatically.
AVTX,2026-05-05,0.34332404077551465,4.898746240884471,positive_outlier,False,Reported only; outlier policy does not trade residual outliers automatically.
AZTA,2026-05-05,-0.2526073382967114,-3.8466433853034507,negative_outlier,False,Reported only; outlier policy does not trade residual outliers automatically.
BGDE,2026-05-05,0.33039739417688035,4.709045605819586,positive_outlier,False,Reported only; outlier policy does not trade residual outliers automatically.
BLMN,2026-05-05,0.40497319930487646,5.803457639544604,positive_outlier,False,Reported only; outlier policy does not trade residual outliers automatically.
BMBL,2026-05-05,-0.19959312060743645,-3.0686511437436015,negative_outlier,False,Reported only; outlier policy does not trade residual outliers automatically.
BNZI,2026-05-05,-0.2254421977868907,-3.4479905431282614,negative_outlier,False,Reported only; outlier policy does not trade residual outliers automatically.
BUUU,2026-05-05,0.2566429590035076,3.626687309374872,positive_outlier,False,Reported only; outlier policy does not trade residual outliers automatically.
BWEN,2026-05-05,-0.2631328368483407,-4.001106783400028,negative_outlier,False,Reported only; outlier policy does not trade residual outliers automatically.
CDW,2026-05-05,-0.20267564173354904,-3.11388764114164,negative_outlier,False,Reported only; outlier policy does not trade residual outliers automatically.
CHSN,2026-05-05,-0.25442097420772875,-3.8732587864031314,negative_outlier,False,Reported only; outlier policy does not trade residual outliers automatically.
CRE,2026-05-05,-0.27527963206060685,-4.1793629729065485,negative_outlier,False,Reported only; outlier policy does not trade residual outliers automatically.
CVGI,2026-05-05,0.22967680809729715,3.2309546719015083,positive_outlier,False,Reported only; outlier policy does not trade residual outliers automatically.
DGXX,2026-05-05,0.22478980793494624,3.1592371520260825,positive_outlier,False,Reported only; outlier policy does not trade residual outliers automatically.
ERNA,2026-05-05,0.5110856054410232,7.360674407149025,positive_outlier,False,Reported only; outlier policy does not trade residual outliers automatically.
EZGO,2026-05-05,-0.8783058282059263,-13.028870190162303,negative_outlier,False,Reported only; outlier policy does not trade residual outliers automatically.
FLEX,2026-05-05,0.39654986735816444,5.679843877269829,positive_outlier,False,Reported only; outlier policy does not trade residual outliers automatically.
GDC,2026-05-05,-0.7613098339634121,-11.311935002176476,negative_outlier,False,Reported only; outlier policy does not trade residual outliers automatically.
GELS,2026-05-05,-0.20802746866078362,-3.192426569169657,negative_outlier,False,Reported only; outlier policy does not trade residual outliers automatically.
HCKT,2026-05-05,-0.26299512493185623,-3.9990858386937744,negative_outlier,False,Reported only; outlier policy does not trade residual outliers automatically.
HOVR,2026-05-05,0.2201270387835557,3.0908102585985797,positive_outlier,False,Reported only; outlier policy does not trade residual outliers automatically.
HUT,2026-05-05,0.3347705615379809,4.77322254601175,positive_outlier,False,Reported only; outlier policy does not trade residual outliers automatically.
HYPD,2026-05-05,-0.22346371114869137,-3.4189559308744184,negative_outlier,False,Reported only; outlier policy does not trade residual outliers automatically.
IFRX,2026-05-05,0.2598157854928723,3.6732490526228667,positive_outlier,False,Reported only; outlier policy does not trade residual outliers automatically.
LBGJ,2026-05-05,0.2876978041568926,4.082422197962388,positive_outlier,False,Reported only; outlier policy does not trade residual outliers automatically.
LMB,2026-05-05,-0.32243383772012085,-4.871358587649745,negative_outlier,False,Reported only; outlier policy does not trade residual outliers automatically.
MNKD,2026-05-05,0.24356980525089483,3.4348366580672445,positive_outlier,False,Reported only; outlier policy does not trade residual outliers automatically.
NNE,2026-05-05,0.26048207991054123,3.683027031250776,positive_outlier,False,Reported only; outlier policy does not trade residual outliers automatically.
OCG,2026-05-05,0.2653850315975059,3.754978642336664,positive_outlier,False,Reported only; outlier policy does not trade residual outliers automatically.
OLOX,2026-05-05,-0.225652308490666,-3.4510739517784454,negative_outlier,False,Reported only; outlier policy does not trade residual outliers automatically.
ONEG,2026-05-05,-0.3948396821092418,-5.933926095643396,negative_outlier,False,Reported only; outlier policy does not trade residual outliers automatically.
OSS,2026-05-05,0.5556377405028304,8.014484213910064,positive_outlier,False,Reported only; outlier policy does not trade residual outliers automatically.
PHOE,2026-05-05,-0.3344106985982219,-5.047120963245251,negative_outlier,False,Reported only; outlier policy does not trade residual outliers automatically.
PMAX,2026-05-05,0.9498357810661878,13.79940438370124,positive_outlier,False,Reported only; outlier policy does not trade residual outliers automatically.
PN,2026-05-05,0.2504916505350264,3.5364158600823568,positive_outlier,False,Reported only; outlier policy does not trade residual outliers automatically.
PYXS,2026-05-05,0.25614239140231804,3.619341398653634,positive_outlier,False,Reported only; outlier policy does not trade residual outliers automatically.
QMCO,2026-05-05,0.21668776135429726,3.0403383045990346,positive_outlier,False,Reported only; outlier policy does not trade residual outliers automatically.
REPL,2026-05-05,0.21500136732120384,3.0155901986918727,positive_outlier,False,Reported only; outlier policy does not trade residual outliers automatically.
RPGL,2026-05-05,-0.20498367708452342,-3.147758434196221,negative_outlier,False,Reported only; outlier policy does not trade residual outliers automatically.
SEGG,2026-05-05,0.36822289646752526,5.264140985849677,positive_outlier,False,Reported only; outlier policy does not trade residual outliers automatically.
SMCI,2026-05-05,0.23904636043892488,3.3684543719140576,positive_outlier,False,Reported only; outlier policy does not trade residual outliers automatically.
SMX,2026-05-05,0.3417164184000855,4.875154121827418,positive_outlier,False,Reported only; outlier policy does not trade residual outliers automatically.
SOBR,2026-05-05,-0.23603372164076655,-3.603422873242198,negative_outlier,False,Reported only; outlier policy does not trade residual outliers automatically.
STFS,2026-05-05,0.9741582874817878,14.156341109572319,positive_outlier,False,Reported only; outlier policy does not trade residual outliers automatically.
TBH,2026-05-05,0.24272180135441365,3.4223920633711247,positive_outlier,False,Reported only; outlier policy does not trade residual outliers automatically.
TBLA,2026-05-05,0.24527114556434265,3.4598041030623476,positive_outlier,False,Reported only; outlier policy does not trade residual outliers automatically.
TEAD,2026-05-05,0.24286346850801355,3.424471051823441,positive_outlier,False,Reported only; outlier policy does not trade residual outliers automatically.
TMDX,2026-05-05,-0.2353829774523331,-3.5938730967499986,negative_outlier,False,Reported only; outlier policy does not trade residual outliers automatically.
VCYT,2026-05-05,0.247635249110619,3.494497705975198,positive_outlier,False,Reported only; outlier policy does not trade residual outliers automatically.
VECO,2026-05-05,0.24608233848259756,3.4717084906836004,positive_outlier,False,Reported only; outlier policy does not trade residual outliers automatically.
WFCF,2026-05-05,0.4665993636019003,6.707831594116351,positive_outlier,False,Reported only; outlier policy does not trade residual outliers automatically.
WHLR,2026-05-05,-0.3686944201324883,-5.550240136328014,negative_outlier,False,Reported only; outlier policy does not trade residual outliers automatically.
WKHS,2026-05-05,0.2759625000576979,3.9102047072690183,positive_outlier,False,Reported only; outlier policy does not trade residual outliers automatically.
ZTEK,2026-05-05,0.34518096108524077,4.925996847554351,positive_outlier,False,Reported only; outlier policy does not trade residual outliers automatically.
AAON,2026-05-06,0.3106185963096857,4.704540795096624,positive_outlier,False,Reported only; outlier policy does not trade residual outliers automatically.
AKAN,2026-05-06,0.2011986192664254,3.082204308537614,positive_outlier,False,Reported only; outlier policy does not trade residual outliers automatically.
AMPL,2026-05-06,-0.24151372729981155,-3.481756060423211,negative_outlier,False,Reported only; outlier policy does not trade residual outliers automatically.
AOSL,2026-05-06,-0.22976985071007971,-3.30763319913221,negative_outlier,False,Reported only; outlier policy does not trade residual outliers automatically.
APYX,2026-05-06,0.23099154068998712,3.523934829533066,positive_outlier,False,Reported only; outlier policy does not trade residual outliers automatically.
ARAY,2026-05-06,-0.39206356112766516,-5.713912336308365,negative_outlier,False,Reported only; outlier policy does not trade residual outliers automatically.
ATRA,2026-05-06,0.9204073935499881,13.745692526162644,positive_outlier,False,Reported only; outlier policy does not trade residual outliers automatically.
BETR,2026-05-06,-0.26122597865402813,-3.774023573799898,negative_outlier,False,Reported only; outlier policy does not trade residual outliers automatically.
BNZI,2026-05-06,0.4388346157898453,6.605560446030979,positive_outlier,False,Reported only; outlier policy does not trade residual outliers automatically.
CCRN,2026-05-06,0.2739586993805725,4.160995731492022,positive_outlier,False,Reported only; outlier policy does not trade residual outliers automatically.
CLFD,2026-05-06,0.23531910413611096,3.588098287306138,positive_outlier,False,Reported only; outlier policy does not trade residual outliers automatically.
CMRC,2026-05-06,0.22295071594317717,3.4047159837493663,positive_outlier,False,Reported only; outlier policy does not trade residual outliers automatically.
CSTL,2026-05-06,-0.23066110376817417,-3.320847535252316,negative_outlier,False,Reported only; outlier policy does not trade residual outliers automatically.
DDOG,2026-05-06,0.29839547615972806,4.523312336320482,positive_outlier,False,Reported only; outlier policy does not trade residual outliers automatically.
DRCT,2026-05-06,-0.27687529368597175,-4.00605117471907,negative_outlier,False,Reported only; outlier policy does not trade residual outliers automatically.
ELPW,2026-05-06,0.2736156597855766,4.155909588482906,positive_outlier,False,Reported only; outlier policy does not trade residual outliers automatically.
ENGN,2026-05-06,-0.7750861268585063,-11.392870606560214,negative_outlier,False,Reported only; outlier policy does not trade residual outliers automatically.
EPOW,2026-05-06,0.3374231564847118,5.101963799132887,positive_outlier,False,Reported only; outlier policy does not trade residual outliers automatically.
ERNA,2026-05-06,0.2920483017867762,4.42920472590012,positive_outlier,False,Reported only; outlier policy does not trade residual outliers automatically.
EZGO,2026-05-06,-0.4404509449871254,-6.43133725674408,negative_outlier,False,Reported only; outlier policy does not trade residual outliers automatically.
FA,2026-05-06,0.22269109919529403,3.4008667257437093,positive_outlier,False,Reported only; outlier policy does not trade residual outliers automatically.
FABC,2026-05-06,0.29008515745939445,4.400097786228276,positive_outlier,False,Reported only; outlier policy does not trade residual outliers automatically.
FLNC,2026-05-06,0.41816151617079883,6.299046729719483,positive_outlier,False,Reported only; outlier policy does not trade residual outliers automatically.
FSLY,2026-05-06,-0.3490376112566819,-5.0759797555241635,negative_outlier,False,Reported only; outlier policy does not trade residual outliers automatically.
GDC,2026-05-06,-0.7441280894674179,-10.933865267965013,negative_outlier,False,Reported only; outlier policy does not trade residual outliers automatically.
GDTC,2026-05-06,-0.2244593427270707,-3.228895923766193,negative_outlier,False,Reported only; outlier policy does not trade residual outliers automatically.
GLE,2026-05-06,0.511668351837737,7.685443942955738,positive_outlier,False,Reported only; outlier policy does not trade residual outliers automatically.
INSM,2026-05-06,-0.23766909902852396,-3.4247529345744443,negative_outlier,False,Reported only; outlier policy does not trade residual outliers automatically.
KALA,2026-05-06,-0.23002463350183022,-3.311410785550829,negative_outlier,False,Reported only; outlier policy does not trade residual outliers automatically.
LCUT,2026-05-06,0.2746217823803009,4.170827060040475,positive_outlier,False,Reported only; outlier policy does not trade residual outliers automatically.
LICN,2026-05-06,0.20847993934105577,3.190162211167379,positive_outlier,False,Reported only; outlier policy does not trade residual outliers automatically.
LIFE,2026-05-06,0.32724834428168753,4.951104974931837,positive_outlier,False,Reported only; outlier policy does not trade residual outliers automatically.
MSW,2026-05-06,0.28278347481429694,4.291837974002826,positive_outlier,False,Reported only; outlier policy does not trade residual outliers automatically.
NTHI,2026-05-06,0.24471754683055963,3.7274461185893584,positive_outlier,False,Reported only; outlier policy does not trade residual outliers automatically.
NXTS,2026-05-06,0.2917188699702191,4.424320341254137,positive_outlier,False,Reported only; outlier policy does not trade residual outliers automatically.
OIO,2026-05-06,0.2261913096860813,3.452763274648995,positive_outlier,False,Reported only; outlier policy does not trade residual outliers automatically.
ONEG,2026-05-06,-0.7612382504423219,-11.187552384253753,negative_outlier,False,Reported only; outlier policy does not trade residual outliers automatically.
OSRH,2026-05-06,0.2065486386444645,3.161527407256224,positive_outlier,False,Reported only; outlier policy does not trade residual outliers automatically.
PAHC,2026-05-06,-0.2462187192599709,-3.55151553517539,negative_outlier,False,Reported only; outlier policy does not trade residual outliers automatically.
PHAR,2026-05-06,-0.269259576700756,-3.8931352715148684,negative_outlier,False,Reported only; outlier policy does not trade residual outliers automatically.
PHOE,2026-05-06,-0.348228163600878,-5.063978323048527,negative_outlier,False,Reported only; outlier policy does not trade residual outliers automatically.
PIII,2026-05-06,0.23860092120988521,3.63675678390673,positive_outlier,False,Reported only; outlier policy does not trade residual outliers automatically.
RAIN,2026-05-06,-0.22528026971444498,-3.2410675567751426,negative_outlier,False,Reported only; outlier policy does not trade residual outliers automatically.
RGC,2026-05-06,0.1983623368914928,3.0401516184587427,positive_outlier,False,Reported only; outlier policy does not trade residual outliers automatically.
RMSG,2026-05-06,0.35306042138665505,5.333812736465247,positive_outlier,False,Reported only; outlier policy does not trade residual outliers automatically.
RPGL,2026-05-06,0.7045219737275877,10.544825527666386,positive_outlier,False,Reported only; outlier policy does not trade residual outliers automatically.
RXT,2026-05-06,0.5144606632975269,7.7268446897431655,positive_outlier,False,Reported only; outlier policy does not trade residual outliers automatically.
SGHT,2026-05-06,0.22726278982521336,3.468649782499842,positive_outlier,False,Reported only; outlier policy does not trade residual outliers automatically.
SHFS,2026-05-06,-0.41172579662049974,-6.005438279827158,negative_outlier,False,Reported only; outlier policy does not trade residual outliers automatically.
SITM,2026-05-06,0.29007949018127077,4.400013759231305,positive_outlier,False,Reported only; outlier policy does not trade residual outliers automatically.
SNES,2026-05-06,0.3432203876859494,5.187917570582389,positive_outlier,False,Reported only; outlier policy does not trade residual outliers automatically.
SOBR,2026-05-06,0.720254059584697,10.778080346259308,positive_outlier,False,Reported only; outlier policy does not trade residual outliers automatically.
TEAD,2026-05-06,-0.26142133059912137,-3.7769199972575604,negative_outlier,False,Reported only; outlier policy does not trade residual outliers automatically.
TRDA,2026-05-06,-0.5704807367005079,-8.35924915305975,negative_outlier,False,Reported only; outlier policy does not trade residual outliers automatically.
VITL,2026-05-06,-0.22483676246721018,-3.2344918106574307,negative_outlier,False,Reported only; outlier policy does not trade residual outliers automatically.
XMTR,2026-05-06,0.38111259500781147,5.749733722949254,positive_outlier,False,Reported only; outlier policy does not trade residual outliers automatically.
ABLV,2026-05-07,0.21486541973345855,3.5944160351941328,positive_outlier,False,Reported only; outlier policy does not trade residual outliers automatically.
AHMA,2026-05-07,-0.18872477793310757,-3.200159195050712,negative_outlier,False,Reported only; outlier policy does not trade residual outliers automatically.
AIIO,2026-05-07,0.4651303514453855,7.807709410108137,positive_outlier,False,Reported only; outlier policy does not trade residual outliers automatically.
AKAM,2026-05-07,0.26148051935705524,4.379196743668024,positive_outlier,False,Reported only; outlier policy does not trade residual outliers automatically.
AKAN,2026-05-07,-0.2345351473690331,-3.9713920031251546,negative_outlier,False,Reported only; outlier policy does not trade residual outliers automatically.
AMPH,2026-05-07,-0.21237165292159121,-3.5982622015122026,negative_outlier,False,Reported only; outlier policy does not trade residual outliers automatically.
ANPA,2026-05-07,0.26223005529976046,4.391815430593346,positive_outlier,False,Reported only; outlier policy does not trade residual outliers automatically.
ANTA,2026-05-07,-0.1884005196805546,-3.1947001995058817,negative_outlier,False,Reported only; outlier policy does not trade residual outliers automatically.
ARAY,2026-05-07,0.29264206500130224,4.903811730341881,positive_outlier,False,Reported only; outlier policy does not trade residual outliers automatically.
AREB,2026-05-07,-0.202982480157665,-3.440192354763922,negative_outlier,False,Reported only; outlier policy does not trade residual outliers automatically.
ASBP,2026-05-07,0.22337134590867305,3.7376161318133065,positive_outlier,False,Reported only; outlier policy does not trade residual outliers automatically.
BTBD,2026-05-07,-0.34374294369323055,-5.809941581742648,negative_outlier,False,Reported only; outlier policy does not trade residual outliers automatically.
CAI,2026-05-07,-0.1841424669843945,-3.1230144659432715,negative_outlier,False,Reported only; outlier policy does not trade residual outliers automatically.
CCSI,2026-05-07,0.209110918735453,3.4975370966829193,positive_outlier,False,Reported only; outlier policy does not trade residual outliers automatically.
CDLX,2026-05-07,-0.18577559506511954,-3.1505087204352478,negative_outlier,False,Reported only; outlier policy does not trade residual outliers automatically.
CODX,2026-05-07,0.3245375386245988,5.440782638680995,positive_outlier,False,Reported only; outlier policy does not trade residual outliers automatically.
CREG,2026-05-07,-0.3538448671553403,-5.980010823588277,negative_outlier,False,Reported only; outlier policy does not trade residual outliers automatically.
CTNT,2026-05-07,0.22366800893863134,3.7426105526063242,positive_outlier,False,Reported only; outlier policy does not trade residual outliers automatically.
EOSE,2026-05-07,0.24919698768931006,4.172399401978019,positive_outlier,False,Reported only; outlier policy does not trade residual outliers automatically.
EZGO,2026-05-07,-0.38431093127419386,-6.492917147433222,negative_outlier,False,Reported only; outlier policy does not trade residual outliers automatically.
FCHL,2026-05-07,-0.21379588892015713,-3.622239688313986,negative_outlier,False,Reported only; outlier policy does not trade residual outliers automatically.
FLNC,2026-05-07,0.2637203384233529,4.41690484271524,positive_outlier,False,Reported only; outlier policy does not trade residual outliers automatically.
FLUX,2026-05-07,-0.21064375815298608,-3.569172518306037,negative_outlier,False,Reported only; outlier policy does not trade residual outliers automatically.
FLY,2026-05-07,0.2203651885808357,3.6870064732139722,positive_outlier,False,Reported only; outlier policy does not trade residual outliers automatically.
FROG,2026-05-07,0.23275824554773852,3.895647709748412,positive_outlier,False,Reported only; outlier policy does not trade residual outliers automatically.
FWRD,2026-05-07,-0.4299706383951563,-7.261613505318096,negative_outlier,False,Reported only; outlier policy does not trade residual outliers automatically.
GRDX,2026-05-07,0.21209759137960224,3.5478187241508685,positive_outlier,False,Reported only; outlier policy does not trade residual outliers automatically.
HTOO,2026-05-07,-0.1965977836933536,-3.3327038659456614,negative_outlier,False,Reported only; outlier policy does not trade residual outliers automatically.
ILLR,2026-05-07,0.23021153224121732,3.8527729440799954,positive_outlier,False,Reported only; outlier policy does not trade residual outliers automatically.
INOD,2026-05-07,0.852375019462838,14.327102211440634,positive_outlier,False,Reported only; outlier policy does not trade residual outliers automatically.
KDK,2026-05-07,-0.20483303952685547,-3.471347137324788,negative_outlier,False,Reported only; outlier policy does not trade residual outliers automatically.
LASE,2026-05-07,0.20412319777618004,3.413567155189822,positive_outlier,False,Reported only; outlier policy does not trade residual outliers automatically.
LUNR,2026-05-07,0.19026312913934038,3.1802282891969287,positive_outlier,False,Reported only; outlier policy does not trade residual outliers automatically.
LXRX,2026-05-07,0.192734892177133,3.221841242159418,positive_outlier,False,Reported only; outlier policy does not trade residual outliers automatically.
MASK,2026-05-07,0.2743991076069877,4.596685474167969,positive_outlier,False,Reported only; outlier policy does not trade residual outliers automatically.
MBUU,2026-05-07,0.18334247885589736,3.0637168395508754,positive_outlier,False,Reported only; outlier policy does not trade residual outliers automatically.
MBX,2026-05-07,0.1861222269180819,3.1105148228488844,positive_outlier,False,Reported only; outlier policy does not trade residual outliers automatically.
MGRX,2026-05-07,0.21072250597186604,3.524668703895435,positive_outlier,False,Reported only; outlier policy does not trade residual outliers automatically.
MKTW,2026-05-07,0.24467010104485087,4.096187759469347,positive_outlier,False,Reported only; outlier policy does not trade residual outliers automatically.
MNTS,2026-05-07,0.2451958330733214,4.1050386330511275,positive_outlier,False,Reported only; outlier policy does not trade residual outliers automatically.
MRAM,2026-05-07,0.2452725166378729,4.106329626368806,positive_outlier,False,Reported only; outlier policy does not trade residual outliers automatically.
MRDN,2026-05-07,0.2120499185606419,3.547016136385515,positive_outlier,False,Reported only; outlier policy does not trade residual outliers automatically.
MRVI,2026-05-07,0.22610228084394285,3.7835923298822314,positive_outlier,False,Reported only; outlier policy does not trade residual outliers automatically.
MTEX,2026-05-07,0.21964299857176714,3.67484816417793,positive_outlier,False,Reported only; outlier policy does not trade residual outliers automatically.
MTVA,2026-05-07,-0.18174636684623235,-3.0826753230649966,negative_outlier,False,Reported only; outlier policy does not trade residual outliers automatically.
MXL,2026-05-07,0.2042378860009484,3.4154979696043375,positive_outlier,False,Reported only; outlier policy does not trade residual outliers automatically.
NSIT,2026-05-07,0.19002852309529533,3.176278618404748,positive_outlier,False,Reported only; outlier policy does not trade residual outliers automatically.
OM,2026-05-07,-0.20099133214359546,-3.406670715600313,negative_outlier,False,Reported only; outlier policy does not trade residual outliers automatically.
PAL,2026-05-07,-0.18863758486688517,-3.1986912707764628,negative_outlier,False,Reported only; outlier policy does not trade residual outliers automatically.
PGNY,2026-05-07,0.2377537343349821,3.9797484252093285,positive_outlier,False,Reported only; outlier policy does not trade residual outliers automatically.
PHOE,2026-05-07,0.2767368250164086,4.636041724387123,positive_outlier,False,Reported only; outlier policy does not trade residual outliers automatically.
PN,2026-05-07,-0.21741953285053509,-3.68324493927133,negative_outlier,False,Reported only; outlier policy does not trade residual outliers automatically.
PYXS,2026-05-07,0.20795487409866095,3.4780747006692923,positive_outlier,False,Reported only; outlier policy does not trade residual outliers automatically.
REAL,2026-05-07,-0.18191426332966443,-3.0855019162136124,negative_outlier,False,Reported only; outlier policy does not trade residual outliers automatically.
REPL,2026-05-07,0.21629412424367905,3.6184687508760516,positive_outlier,False,Reported only; outlier policy does not trade residual outliers automatically.
RIME,2026-05-07,-0.1874421056168196,-3.178564979930623,negative_outlier,False,Reported only; outlier policy does not trade residual outliers automatically.
RKLB,2026-05-07,0.32838457163171897,5.505548719054702,positive_outlier,False,Reported only; outlier policy does not trade residual outliers automatically.
RMSG,2026-05-07,-0.20494092217445453,-3.473163377583813,negative_outlier,False,Reported only; outlier policy does not trade residual outliers automatically.
RPGL,2026-05-07,-0.591507235880041,-9.981135858424425,negative_outlier,False,Reported only; outlier policy does not trade residual outliers automatically.
RXT,2026-05-07,0.5389168300551417,9.049929322255355,positive_outlier,False,Reported only; outlier policy does not trade residual outliers automatically.
SELX,2026-05-07,-0.3458264377084906,-5.845017896554795,negative_outlier,False,Reported only; outlier policy does not trade residual outliers automatically.
SKIN,2026-05-07,-0.3580698146640698,-6.051139220308196,negative_outlier,False,Reported only; outlier policy does not trade residual outliers automatically.
SLNH,2026-05-07,0.20647020100149788,3.4530797352084877,positive_outlier,False,Reported only; outlier policy does not trade residual outliers automatically.
SOWG,2026-05-07,0.21880062540411124,3.6606665316886637,positive_outlier,False,Reported only; outlier policy does not trade residual outliers automatically.
SRTS,2026-05-07,-0.25149797085375536,-4.25696677910009,negative_outlier,False,Reported only; outlier policy does not trade residual outliers automatically.
STFS,2026-05-07,0.26707297625926224,4.4733476159232035,positive_outlier,False,Reported only; outlier policy does not trade residual outliers automatically.
TEAD,2026-05-07,0.20421869535073744,3.4151748886243496,positive_outlier,False,Reported only; outlier policy does not trade residual outliers automatically.
TNYA,2026-05-07,0.18455159615510863,3.084072731490721,positive_outlier,False,Reported only; outlier policy does not trade residual outliers automatically.
TRAW,2026-05-07,0.28295973670330066,4.740806512660525,positive_outlier,False,Reported only; outlier policy does not trade residual outliers automatically.
TSSI,2026-05-07,-0.2514861207722246,-4.256767279035642,negative_outlier,False,Reported only; outlier policy does not trade residual outliers automatically.
VRAX,2026-05-07,0.27546170116670476,4.614574590212943,positive_outlier,False,Reported only; outlier policy does not trade residual outliers automatically.
WALD,2026-05-07,0.2980497348179963,4.994851650543827,positive_outlier,False,Reported only; outlier policy does not trade residual outliers automatically.
WEST,2026-05-07,0.3886460954262902,6.520071517870743,positive_outlier,False,Reported only; outlier policy does not trade residual outliers automatically.
WLDN,2026-05-07,0.1846292864765991,3.085380673896361,positive_outlier,False,Reported only; outlier policy does not trade residual outliers automatically.
WSC,2026-05-07,0.20270743678039543,3.3897323478790353,positive_outlier,False,Reported only; outlier policy does not trade residual outliers automatically.
WXM,2026-05-07,0.18162532502919757,3.034807983674614,positive_outlier,False,Reported only; outlier policy does not trade residual outliers automatically.
ZCMD,2026-05-07,-0.25350406940441683,-4.290740115520455,negative_outlier,False,Reported only; outlier policy does not trade residual outliers automatically.
ZTEK,2026-05-07,0.24223031581534477,4.0551131635466415,positive_outlier,False,Reported only; outlier policy does not trade residual outliers automatically.
AAOI,2026-05-08,0.18767925137331015,3.2714536832793124,positive_outlier,False,Reported only; outlier policy does not trade residual outliers automatically.
ABLV,2026-05-08,0.2921798279570458,5.030986774260363,positive_outlier,False,Reported only; outlier policy does not trade residual outliers automatically.
AEHL,2026-05-08,0.25598175144289737,4.421500056208885,positive_outlier,False,Reported only; outlier policy does not trade residual outliers automatically.
AIIO,2026-05-08,0.2813194013166902,4.848123859235529,positive_outlier,False,Reported only; outlier policy does not trade residual outliers automatically.
AMPG,2026-05-08,0.2152697133075254,3.7360093092456905,positive_outlier,False,Reported only; outlier policy does not trade residual outliers automatically.
BEEP,2026-05-08,0.22695970721931177,3.9328400999798774,positive_outlier,False,Reported only; outlier policy does not trade residual outliers automatically.
BTBT,2026-05-08,0.1954161346342459,3.401723798179258,positive_outlier,False,Reported only; outlier policy does not trade residual outliers automatically.
CERT,2026-05-08,-0.18755430800044678,-3.046558007648397,negative_outlier,False,Reported only; outlier policy does not trade residual outliers automatically.
CGTL,2026-05-08,0.49710845175232515,8.481481562373531,positive_outlier,False,Reported only; outlier policy does not trade residual outliers automatically.
CODX,2026-05-08,-0.24805120474108175,-4.065177188486277,negative_outlier,False,Reported only; outlier policy does not trade residual outliers automatically.
CREG,2026-05-08,-0.3680386589742919,-6.085471268459481,negative_outlier,False,Reported only; outlier policy does not trade residual outliers automatically.
DRTS,2026-05-08,0.2116741151613635,3.6754682660585027,positive_outlier,False,Reported only; outlier policy does not trade residual outliers automatically.
ENGS,2026-05-08,0.19143815579240384,3.334744403076734,positive_outlier,False,Reported only; outlier policy does not trade residual outliers automatically.
FGL,2026-05-08,0.1969405895190924,3.4273918748854744,positive_outlier,False,Reported only; outlier policy does not trade residual outliers automatically.
GAUZ,2026-05-08,0.26723710890795754,4.61101263650288,positive_outlier,False,Reported only; outlier policy does not trade residual outliers automatically.
GLE,2026-05-08,0.30280999560770094,5.2099726933382025,positive_outlier,False,Reported only; outlier policy does not trade residual outliers automatically.
GRNQ,2026-05-08,-0.22286295289671493,-3.6410688814032537,negative_outlier,False,Reported only; outlier policy does not trade residual outliers automatically.
GSIT,2026-05-08,0.38384744700036033,6.574444373739867,positive_outlier,False,Reported only; outlier policy does not trade residual outliers automatically.
HAO,2026-05-08,-0.917057034466786,-15.32959250506951,negative_outlier,False,Reported only; outlier policy does not trade residual outliers automatically.
HCHL,2026-05-08,0.2206711932689023,3.8269569675554815,positive_outlier,False,Reported only; outlier policy does not trade residual outliers automatically.
HPAI,2026-05-08,0.29389506270119276,5.059867115305263,positive_outlier,False,Reported only; outlier policy does not trade residual outliers automatically.
HQ,2026-05-08,0.22770654097202983,3.9454149464001365,positive_outlier,False,Reported only; outlier policy does not trade residual outliers automatically.
HRTX,2026-05-08,-0.20930437110154432,-3.4127756593437595,negative_outlier,False,Reported only; outlier policy does not trade residual outliers automatically.
HTCO,2026-05-08,0.2395171013479392,4.144275780318985,positive_outlier,False,Reported only; outlier policy does not trade residual outliers automatically.
INBS,2026-05-08,0.33004897390357885,5.668610197961993,positive_outlier,False,Reported only; outlier policy does not trade residual outliers automatically.
INOD,2026-05-08,0.21853787915557632,3.7910371965976033,positive_outlier,False,Reported only; outlier policy does not trade residual outliers automatically.
IPWR,2026-05-08,0.30738544728884126,5.287012063859764,positive_outlier,False,Reported only; outlier policy does not trade residual outliers automatically.
JDZG,2026-05-08,0.28791589038686244,4.95919253639218,positive_outlier,False,Reported only; outlier policy does not trade residual outliers automatically.
JZXN,2026-05-08,0.47805447168552456,8.160659328291745,positive_outlier,False,Reported only; outlier policy does not trade residual outliers automatically.
LHAI,2026-05-08,-0.31303380317289153,-5.159324570410849,negative_outlier,False,Reported only; outlier policy does not trade residual outliers automatically.
LQDA,2026-05-08,0.24866860697492224,4.298364662020735,positive_outlier,False,Reported only; outlier policy does not trade residual outliers automatically.
MASK,2026-05-08,-0.3047621809482147,-5.020050764502697,negative_outlier,False,Reported only; outlier policy does not trade residual outliers automatically.
MEHA,2026-05-08,0.26366053019499486,4.550791833865359,positive_outlier,False,Reported only; outlier policy does not trade residual outliers automatically.
MRAM,2026-05-08,0.46858386854743367,8.001197628100384,positive_outlier,False,Reported only; outlier policy does not trade residual outliers automatically.
MRNO,2026-05-08,0.2605293101246841,4.49806977711727,positive_outlier,False,Reported only; outlier policy does not trade residual outliers automatically.
NTCL,2026-05-08,0.2237072237098753,3.87807626469962,positive_outlier,False,Reported only; outlier policy does not trade residual outliers automatically.
NVTS,2026-05-08,0.22337485696001047,3.8724800248141835,positive_outlier,False,Reported only; outlier policy does not trade residual outliers automatically.
PMAX,2026-05-08,-0.33134253774540723,-5.467598700444157,negative_outlier,False,Reported only; outlier policy does not trade residual outliers automatically.
POET,2026-05-08,0.2565161598870322,4.430498182078568,positive_outlier,False,Reported only; outlier policy does not trade residual outliers automatically.
PRSO,2026-05-08,0.39370219891399727,6.740374195969688,positive_outlier,False,Reported only; outlier policy does not trade residual outliers automatically.
RPGL,2026-05-08,-0.41925643668967494,-6.94785287134486,negative_outlier,False,Reported only; outlier policy does not trade residual outliers automatically.
RUBI,2026-05-08,-0.18944593873705515,-3.0784084240364087,negative_outlier,False,Reported only; outlier policy does not trade residual outliers automatically.
SHIM,2026-05-08,-0.18865603007067788,-3.0651083018478023,negative_outlier,False,Reported only; outlier policy does not trade residual outliers automatically.
SMX,2026-05-08,-0.3110755872602437,-5.126353023169398,negative_outlier,False,Reported only; outlier policy does not trade residual outliers automatically.
SOWG,2026-05-08,0.18002949128017037,3.1426505085795027,positive_outlier,False,Reported only; outlier policy does not trade residual outliers automatically.
SWMR,2026-05-08,0.22288341630873623,3.864205371061652,positive_outlier,False,Reported only; outlier policy does not trade residual outliers automatically.
TH,2026-05-08,0.1732336331565573,3.0282249461470494,positive_outlier,False,Reported only; outlier policy does not trade residual outliers automatically.
TOYO,2026-05-08,0.18945022833170141,3.301272586327732,positive_outlier,False,Reported only; outlier policy does not trade residual outliers automatically.
TUSK,2026-05-08,0.2191483268544776,3.801315636790413,positive_outlier,False,Reported only; outlier policy does not trade residual outliers automatically.
UBXG,2026-05-08,-0.18814479308966436,-3.0565003265156685,negative_outlier,False,Reported only; outlier policy does not trade residual outliers automatically.
VEEE,2026-05-08,0.2976900028001085,5.123764587459234,positive_outlier,False,Reported only; outlier policy does not trade residual outliers automatically.
VICR,2026-05-08,0.2000124164826973,3.47911389756637,positive_outlier,False,Reported only; outlier policy does not trade residual outliers automatically.
WYFI,2026-05-08,0.26677436663076587,4.603221192896229,positive_outlier,False,Reported only; outlier policy does not trade residual outliers automatically.
XGN,2026-05-08,0.35428641494139557,6.076709185938085,positive_outlier,False,Reported only; outlier policy does not trade residual outliers automatically.
YMAT,2026-05-08,0.3701647757954418,6.344061790742572,positive_outlier,False,Reported only; outlier policy does not trade residual outliers automatically.
AEHL,2026-05-11,0.4682095672180475,8.095134523019249,positive_outlier,False,Reported only; outlier policy does not trade residual outliers automatically.
AEVA,2026-05-11,0.2469803663081737,4.341013926406575,positive_outlier,False,Reported only; outlier policy does not trade residual outliers automatically.
ATYR,2026-05-11,-0.44068462279197723,-7.328229051160438,negative_outlier,False,Reported only; outlier policy does not trade residual outliers automatically.
BKYI,2026-05-11,-0.36121107624712423,-5.979612879593492,negative_outlier,False,Reported only; outlier policy does not trade residual outliers automatically.
BNZI,2026-05-11,-0.2526194165186884,-4.136880614909526,negative_outlier,False,Reported only; outlier policy does not trade residual outliers automatically.
BZFD,2026-05-11,0.8047407843274503,13.805857919196168,positive_outlier,False,Reported only; outlier policy does not trade residual outliers automatically.
CGTL,2026-05-11,-0.5297945788518748,-8.840369040058174,negative_outlier,False,Reported only; outlier policy does not trade residual outliers automatically.
CNCK,2026-05-11,0.1759862746158861,3.1362887781726263,positive_outlier,False,Reported only; outlier policy does not trade residual outliers automatically.
CREG,2026-05-11,0.43008595687341356,7.448200798974691,positive_outlier,False,Reported only; outlier policy does not trade residual outliers automatically.
CVRX,2026-05-11,-0.2373143536623135,-3.877163310569688,negative_outlier,False,Reported only; outlier policy does not trade residual outliers automatically.
DBGI,2026-05-11,-0.207561060100002,-3.3722686053501856,negative_outlier,False,Reported only; outlier policy does not trade residual outliers automatically.
ELPW,2026-05-11,-0.4408646929785824,-7.331284729134186,negative_outlier,False,Reported only; outlier policy does not trade residual outliers automatically.
ERNA,2026-05-11,0.6632839871986624,11.405424913752256,positive_outlier,False,Reported only; outlier policy does not trade residual outliers automatically.
FABC,2026-05-11,0.2315623010409858,4.079379042126318,positive_outlier,False,Reported only; outlier policy does not trade residual outliers automatically.
GAUZ,2026-05-11,0.5058495190753987,8.733860866295954,positive_outlier,False,Reported only; outlier policy does not trade residual outliers automatically.
GTM,2026-05-11,-0.3239497969981038,-5.347312372655121,negative_outlier,False,Reported only; outlier policy does not trade residual outliers automatically.
GV,2026-05-11,0.31193901653644385,5.443321423550472,positive_outlier,False,Reported only; outlier policy does not trade residual outliers automatically.
HBIO,2026-05-11,-0.20679136225905045,-3.3592073163973692,negative_outlier,False,Reported only; outlier policy does not trade residual outliers automatically.
HROW,2026-05-11,-0.23217980226563692,-3.7900331981191053,negative_outlier,False,Reported only; outlier policy does not trade residual outliers automatically.
HTCO,2026-05-11,0.6173783563102181,10.626435188571199,positive_outlier,False,Reported only; outlier policy does not trade residual outliers automatically.
KALA,2026-05-11,-0.20065144170199478,-3.2550167207164735,negative_outlier,False,Reported only; outlier policy does not trade residual outliers automatically.
LENZ,2026-05-11,-0.2133112220411925,-3.469845242107445,negative_outlier,False,Reported only; outlier policy does not trade residual outliers automatically.
MEHA,2026-05-11,-0.2681424320884014,-4.400296439909678,negative_outlier,False,Reported only; outlier policy does not trade residual outliers automatically.
MGNX,2026-05-11,0.19272964974566728,3.420413338461261,positive_outlier,False,Reported only; outlier policy does not trade residual outliers automatically.
MVST,2026-05-11,-0.30009405630200475,-4.942495435621744,negative_outlier,False,Reported only; outlier policy does not trade residual outliers automatically.
NCRA,2026-05-11,-0.20523263178811837,-3.332756639265114,negative_outlier,False,Reported only; outlier policy does not trade residual outliers automatically.
PLSE,2026-05-11,0.22089572110131994,3.8983738796874383,positive_outlier,False,Reported only; outlier policy does not trade residual outliers automatically.
PLUT,2026-05-11,-0.2285431295057049,-3.7283211453925627,negative_outlier,False,Reported only; outlier policy does not trade residual outliers automatically.
PRSO,2026-05-11,-0.2395691001138215,-3.9154249417600204,negative_outlier,False,Reported only; outlier policy does not trade residual outliers automatically.
PSIX,2026-05-11,-0.3889571580225506,-6.450446461417359,negative_outlier,False,Reported only; outlier policy does not trade residual outliers automatically.
RIME,2026-05-11,0.26207277670110685,4.597122651998019,positive_outlier,False,Reported only; outlier policy does not trade residual outliers automatically.
RVYL,2026-05-11,0.19054076472318088,3.3832693343572062,positive_outlier,False,Reported only; outlier policy does not trade residual outliers automatically.
RXT,2026-05-11,0.33961150299426,5.912906139055976,positive_outlier,False,Reported only; outlier policy does not trade residual outliers automatically.
SIBN,2026-05-11,0.19877989898546142,3.5230822682062297,positive_outlier,False,Reported only; outlier policy does not trade residual outliers automatically.
SMX,2026-05-11,-0.3451518215136276,-5.707097412768523,negative_outlier,False,Reported only; outlier policy does not trade residual outliers automatically.
SNBR,2026-05-11,-0.21255110565484814,-3.4569465444216876,negative_outlier,False,Reported only; outlier policy does not trade residual outliers automatically.
SOBR,2026-05-11,0.19432762979592325,3.4475300563039752,positive_outlier,False,Reported only; outlier policy does not trade residual outliers automatically.
STAK,2026-05-11,0.8257924845169413,14.163092049907869,positive_outlier,False,Reported only; outlier policy does not trade residual outliers automatically.
SUGP,2026-05-11,-0.28927375827908497,-4.758881773852568,negative_outlier,False,Reported only; outlier policy does not trade residual outliers automatically.
TANH,2026-05-11,0.19450672012818268,3.4505691067648736,positive_outlier,False,Reported only; outlier policy does not trade residual outliers automatically.
TMCI,2026-05-11,0.18146786291117067,3.2293078888363325,positive_outlier,False,Reported only; outlier policy does not trade residual outliers automatically.
UBXG,2026-05-11,-0.27579499174666694,-4.530155571126291,negative_outlier,False,Reported only; outlier policy does not trade residual outliers automatically.
WOK,2026-05-11,0.6970720306943352,11.978786791319337,positive_outlier,False,Reported only; outlier policy does not trade residual outliers automatically.
YMAT,2026-05-11,-0.22029011856819153,-3.5882727330800726,negative_outlier,False,Reported only; outlier policy does not trade residual outliers automatically.
