signal_date,ticker,target_weight,current_weight,order_weight_delta,alpha_score,alpha_rank,quantile_bucket,reason_text
2026-05-12,AABA,0.0,0.0,0.0,0.0,1945.0,2.0,
2026-05-12,AACB,0.0,0.0,0.0,-0.0017069264048465102,7038.0,1.0,
2026-05-12,AACI,0.0,0.0,0.0,-0.002241281692581618,7135.0,1.0,
2026-05-12,AACO,0.0,0.0,0.0,0.0,1946.0,2.0,
2026-05-12,AACQ,0.0,0.0,0.0,0.0,1947.0,2.0,
2026-05-12,AADI,0.0,0.0,0.0,0.0,1948.0,2.0,
2026-05-12,AAGR,0.0,0.0,0.0,0.0,1949.0,2.0,
2026-05-12,AAIT,0.0,0.0,0.0,0.0,1950.0,2.0,
2026-05-12,AAL,0.0023954832638795535,0.002890173410404624,-0.0004946901465250706,0.0028275907196701044,475.0,5.0,"SELL because predicted alpha is in the top decile. Main contributors were parkinson_vol_20, volume_z_60, log_dollar_vol_20. Liquidity filter passed."
2026-05-12,AAME,0.0,0.0,0.0,0.003039362941681943,403.0,5.0,
2026-05-12,AAOI,-0.0023954832638795535,-0.002890173410404624,0.0004946901465250706,-0.0018732370495146591,7072.0,1.0,"COVER because predicted alpha is in the bottom decile. Main contributors were parkinson_vol_20, volatility_63, intraday_return. Liquidity filter passed."
2026-05-12,AAON,0.002860599542949321,0.002890173410404624,-2.9573867455303087e-05,0.005221068828078867,61.0,5.0,"SELL because predicted alpha is in the top decile. Main contributors were mom_5, mom_21, close_to_low_20. Liquidity filter passed."
2026-05-12,AAPC,0.0,0.0,0.0,0.0,1951.0,2.0,
2026-05-12,AAPL,0.0,0.0,0.0,0.0005679565326418912,1611.0,3.0,
2026-05-12,AARD,0.0,0.0,0.0,-0.0012896080956634514,6936.0,1.0,
2026-05-12,AATC,0.0,0.0,0.0,0.0,1952.0,2.0,
2026-05-12,AAVL,0.0,0.0,0.0,0.0,1953.0,2.0,
2026-05-12,AAWW,0.0,0.0,0.0,0.0,1954.0,2.0,
2026-05-12,ABAC,0.0,0.0,0.0,0.0,1955.0,2.0,
2026-05-12,ABAT,0.0,0.0,0.0,0.0018208399806321773,896.0,4.0,
2026-05-12,ABAX,0.0,0.0,0.0,0.0,1956.0,2.0,
2026-05-12,ABCD,0.0,0.0,0.0,0.0,1957.0,2.0,
2026-05-12,ABCL,0.0,0.0,0.0,-0.00041473891549561156,6574.0,2.0,
2026-05-12,ABCO,0.0,0.0,0.0,0.0,1958.0,2.0,
2026-05-12,ABCW,0.0,0.0,0.0,0.0,1959.0,2.0,
2026-05-12,ABDC,0.0,0.0,0.0,0.0,1960.0,2.0,
2026-05-12,ABEO,0.0,0.0,0.0,0.001674272765594891,964.0,4.0,
2026-05-12,ABEO.W,0.0,0.0,0.0,0.0,1961.0,2.0,
2026-05-12,ABFS,0.0,0.0,0.0,0.0,1962.0,2.0,
2026-05-12,ABGB,0.0,0.0,0.0,0.0,1963.0,2.0,
2026-05-12,ABGI,0.0,0.0,0.0,0.0,1964.0,2.0,
2026-05-12,ABIL,0.0,0.0,0.0,0.0,1965.0,2.0,
2026-05-12,ABIL.W,0.0,0.0,0.0,0.0,1966.0,2.0,
2026-05-12,ABIO,0.0,0.0,0.0,0.0,1967.0,2.0,
2026-05-12,ABL,0.0,0.0,0.0,0.0,1968.0,2.0,
2026-05-12,ABLLL,0.0,0.0,0.0,0.0,1969.0,2.0,
2026-05-12,ABLV,0.0,0.0,0.0,0.0005087617315010194,1644.0,3.0,
2026-05-12,ABMD,0.0,0.0,0.0,0.0,1970.0,2.0,
2026-05-12,ABNB,0.0,0.0,0.0,0.001720172280535892,943.0,4.0,
2026-05-12,ABOS,0.0,0.0,0.0,-0.0012940086767772704,6938.0,1.0,
2026-05-12,ABP,0.0,0.0,0.0,0.0,1971.0,2.0,
2026-05-12,ABSI,0.00046511627906976747,0.0,0.00046511627906976747,0.006089176843196468,23.0,5.0,"BUY because predicted alpha is in the top decile. Main contributors were hl_range_20, mom_21, close_to_low_20. Liquidity filter passed."
2026-05-12,ABST,0.0,0.0,0.0,0.0,1972.0,2.0,
2026-05-12,ABTC,0.0,0.0,0.0,0.003144293288770236,368.0,5.0,
2026-05-12,ABTL,0.0,0.0,0.0,0.0,1973.0,2.0,
2026-05-12,ABTS,0.0,0.0,0.0,-0.006546991531462752,7436.0,1.0,
2026-05-12,ABTX,0.0,0.0,0.0,0.0,1974.0,2.0,
2026-05-12,ABUS,0.0,0.0,0.0,0.0029473693719817722,434.0,5.0,
2026-05-12,ABVC,0.0,0.0,0.0,0.0006043913712323473,1583.0,3.0,
2026-05-12,ABVE,-0.002860599542949321,-0.002890173410404624,2.9573867455303087e-05,-0.006903064387775758,7451.0,1.0,"COVER because predicted alpha is in the bottom decile. Main contributors were parkinson_vol_20, mom_5, volatility_63. Liquidity filter passed."
2026-05-12,ABY,0.0,0.0,0.0,0.0,1975.0,2.0,
2026-05-12,ACAA,0.0,0.0,0.0,-0.004260259702623989,7325.0,1.0,
2026-05-12,ACAB,0.0,0.0,0.0,0.0,1976.0,2.0,
2026-05-12,ACAC,0.0,0.0,0.0,0.0,1977.0,2.0,
2026-05-12,ACAD,0.0,0.0,0.0,0.0018652300562174676,872.0,4.0,
2026-05-12,ACAH,0.0,0.0,0.0,0.0,1978.0,2.0,
2026-05-12,ACAM,0.0,0.0,0.0,0.0,1979.0,2.0,
2026-05-12,ACAS,0.0,0.0,0.0,0.0,1980.0,2.0,
2026-05-12,ACAT,0.0,0.0,0.0,0.0,1981.0,2.0,
2026-05-12,ACAX,0.0,0.0,0.0,0.0,1982.0,2.0,
2026-05-12,ACB,0.0,0.0,0.0,0.0012945512931040574,1170.0,4.0,
2026-05-12,ACBA,0.0,0.0,0.0,0.0,1983.0,2.0,
2026-05-12,ACBI,0.0,0.0,0.0,0.0,1984.0,2.0,
2026-05-12,ACCD,0.0,0.0,0.0,0.0,1985.0,2.0,
2026-05-12,ACCL,0.0,0.0,0.0,0.002364171757679336,664.0,5.0,
2026-05-12,ACCP,0.0,0.0,0.0,0.0,1986.0,2.0,
2026-05-12,ACDC,0.0,0.0,0.0,0.0016683352106956265,971.0,4.0,
2026-05-12,ACER,0.0,0.0,0.0,0.0,1987.0,2.0,
2026-05-12,ACET,0.0,0.0,0.0,0.000811058255269154,1452.0,4.0,
2026-05-12,ACEV,0.0,0.0,0.0,0.0,1988.0,2.0,
2026-05-12,ACFC,0.0,0.0,0.0,0.0,1989.0,2.0,
2026-05-12,ACFN,0.0,0.0,0.0,-0.0028110505342850414,7204.0,1.0,
2026-05-12,ACGL,0.0,0.0,0.0,-0.0014359221539445104,6973.0,1.0,
2026-05-12,ACGL.P,0.0,0.0,0.0,0.0,1990.0,2.0,
2026-05-12,ACGLN,0.0,0.0,0.0,0.0007224065937244114,1510.0,4.0,
2026-05-12,ACGN,0.0,0.0,0.0,0.0,1991.0,2.0,
2026-05-12,ACHC,0.0,0.0,0.0,-0.0010120615620345377,6843.0,1.0,
2026-05-12,ACHN,0.0,0.0,0.0,0.0,1992.0,2.0,
2026-05-12,ACHV,0.0,0.0,0.0,-0.0009594986436897872,6818.0,2.0,
2026-05-12,ACIA,0.0,0.0,0.0,0.0,1993.0,2.0,
2026-05-12,ACIC,-0.00046511627906976747,0.0,-0.00046511627906976747,-0.0033589649240762516,7261.0,1.0,"SHORT because predicted alpha is in the bottom decile. Main contributors were hl_range_20, volume_z_60, intraday_return. Liquidity filter passed."
2026-05-12,ACIU,0.0,0.0,0.0,0.0007217834501648512,1512.0,4.0,
2026-05-12,ACIW,0.0,0.0,0.0,0.0014581876671287118,1080.0,4.0,
2026-05-12,ACKIT,0.0,0.0,0.0,0.0,1994.0,2.0,
2026-05-12,ACLL,0.0,0.0,0.0,0.0,1995.0,2.0,
2026-05-12,ACLS,0.002860599542949321,0.002890173410404624,-2.9573867455303087e-05,0.004477799266835967,113.0,5.0,"SELL because predicted alpha is in the top decile. Main contributors were mom_5, mom_21, parkinson_vol_20. Liquidity filter passed."
2026-05-12,ACLX,0.0,0.0,0.0,0.0,1996.0,2.0,
2026-05-12,ACMR,0.0,0.0,0.0,0.0023898408534629412,649.0,5.0,
2026-05-12,ACNB,0.0,0.0,0.0,-6.556324429024974e-05,6371.0,2.0,
2026-05-12,ACNT,0.0,0.0,0.0,-0.0005314021250415411,6638.0,2.0,
2026-05-12,ACOG,0.0,0.0,0.0,0.0040399434902088326,171.0,5.0,
2026-05-12,ACON,0.0,0.0,0.0,0.000954462165618134,1375.0,4.0,
2026-05-12,ACOR,0.0,0.0,0.0,0.0,1997.0,2.0,
2026-05-12,ACPW,0.0,0.0,0.0,0.0,1998.0,2.0,
2026-05-12,ACQR,0.0,0.0,0.0,0.0,1999.0,2.0,
2026-05-12,ACRS,0.00046511627906976747,0.0,0.00046511627906976747,0.0036290917434203085,250.0,5.0,"BUY because predicted alpha is in the top decile. Main contributors were parkinson_vol_20, mom_252, volume_z_60. Liquidity filter passed."
2026-05-12,ACRV,0.0,0.0,0.0,-0.0004181272255926208,6577.0,2.0,
2026-05-12,ACRX,0.0,0.0,0.0,0.0,2000.0,2.0,
2026-05-12,ACSF,0.0,0.0,0.0,0.0,2001.0,2.0,
2026-05-12,ACST,0.0,0.0,0.0,0.0,2002.0,2.0,
2026-05-12,ACT,0.0,0.0,0.0,-0.0001223800427539747,6402.0,2.0,
2026-05-12,ACTA,0.0,0.0,0.0,0.0,2003.0,2.0,
2026-05-12,ACTC,0.0,0.0,0.0,0.0,2004.0,2.0,
2026-05-12,ACTD,0.0,0.0,0.0,0.0,2005.0,2.0,
2026-05-12,ACTG,0.0,0.0,0.0,-0.000899188319123128,6793.0,2.0,
2026-05-12,ACTT,0.0,0.0,0.0,0.0,2006.0,2.0,
2026-05-12,ACTU,0.0,0.0,0.0,-0.002174552761515967,7127.0,1.0,
2026-05-12,ACUR,0.0,0.0,0.0,0.0,2007.0,2.0,
2026-05-12,ACXM,0.0,0.0,0.0,0.0,2008.0,2.0,
2026-05-12,ACXP,0.0,0.0,0.0,-0.0014576936483098935,6980.0,1.0,
2026-05-12,ADAC,0.0,0.0,0.0,0.0,2009.0,2.0,
2026-05-12,ADAL,0.0,0.0,0.0,0.0,2010.0,2.0,
2026-05-12,ADAM,-0.00046511627906976747,0.0,-0.00046511627906976747,-0.004121672681829681,7314.0,1.0,"SHORT because predicted alpha is in the bottom decile. Main contributors were volume_z_60, hl_range_20, close_to_high_20. Liquidity filter passed."
2026-05-12,ADAMG,0.0,0.0,0.0,-0.001127486729087166,6877.0,1.0,
2026-05-12,ADAMH,0.0,0.0,0.0,9.831614415476819e-05,1897.0,3.0,
2026-05-12,ADAMI,0.0,0.0,0.0,-0.0007857573641706413,6741.0,2.0,
2026-05-12,ADAML,0.0,0.0,0.0,-0.00043565853577968256,6587.0,2.0,
2026-05-12,ADAMO,-0.0023954832638795535,-0.002890173410404624,0.0004946901465250706,-0.0003415153151863056,6535.0,2.0,"COVER because predicted alpha is in the bottom decile. Main contributors were hl_range_20, close_to_high_20, volatility_20. Liquidity filter failed."
2026-05-12,ADAMZ,0.0,0.0,0.0,-0.00012654475866660884,6404.0,2.0,
2026-05-12,ADAT,0.0,0.0,0.0,0.0,2011.0,2.0,
2026-05-12,ADBE,0.0,0.0,0.0,0.0019489316708137647,840.0,4.0,
2026-05-12,ADD,0.0,0.0,0.0,0.0,2012.0,2.0,
2026-05-12,ADEA,-0.0023954832638795535,-0.002890173410404624,0.0004946901465250706,0.00025326255105924964,1785.0,3.0,"COVER because predicted alpha is in the bottom decile. Main contributors were volume_z_60, volatility_10, hl_range_20. Liquidity filter passed."
2026-05-12,ADEP,0.0,0.0,0.0,0.0,2013.0,2.0,
2026-05-12,ADER,0.0,0.0,0.0,0.0,2014.0,2.0,
2026-05-12,ADES,0.0,0.0,0.0,0.0,2015.0,2.0,
2026-05-12,ADGM,0.0,0.0,0.0,-0.000995326965981519,6834.0,1.0,
2026-05-12,ADHD,0.0,0.0,0.0,0.0,2016.0,2.0,
2026-05-12,ADI,0.0,0.0,0.0,0.0014674772387372134,1077.0,4.0,
2026-05-12,ADIL,0.0,0.0,0.0,-0.002268532977874798,7137.0,1.0,
2026-05-12,ADMA,0.0,0.0,0.0,-0.001662712454785237,7030.0,1.0,
2026-05-12,ADMP,0.0,0.0,0.0,0.0,2017.0,2.0,
2026-05-12,ADMS,0.0,0.0,0.0,0.0,2018.0,2.0,
2026-05-12,ADN,0.0,0.0,0.0,0.0,2019.0,2.0,
2026-05-12,ADNC,0.0,0.0,0.0,0.0,2020.0,2.0,
2026-05-12,ADOC,0.0,0.0,0.0,0.0,2021.0,2.0,
2026-05-12,ADOM,0.0,0.0,0.0,0.0,2022.0,2.0,
2026-05-12,ADP,0.0,0.0,0.0,-0.00035424147981903155,6543.0,2.0,
2026-05-12,ADPT,0.0,0.0,0.0,0.0008050110524538634,1456.0,4.0,
2026-05-12,ADPV.V,0.0,0.0,0.0,0.0,2023.0,2.0,
2026-05-12,ADRO,0.0,0.0,0.0,0.0,2024.0,2.0,
2026-05-12,ADSE,0.0,0.0,0.0,-0.0004540134930743449,6596.0,2.0,
2026-05-12,ADSK,0.0,0.0,0.0,0.0020797787198284755,784.0,4.0,
2026-05-12,ADTH,0.0,0.0,0.0,0.0,2025.0,2.0,
2026-05-12,ADTN,0.0,0.0,0.0,0.0015589783489067715,1033.0,4.0,
2026-05-12,ADTX,-0.00046511627906976747,0.0,-0.00046511627906976747,-0.01207122256074124,7521.0,1.0,"SHORT because predicted alpha is in the bottom decile. Main contributors were parkinson_vol_20, volume_z_60, roa. Liquidity filter passed."
2026-05-12,ADUR,0.0,0.0,0.0,0.0020261561963377337,807.0,4.0,
2026-05-12,ADUS,0.0,0.0,0.0,0.0006665861469900842,1540.0,3.0,
2026-05-12,ADV,0.0023954832638795535,0.002890173410404624,-0.0004946901465250706,0.0009637266885392835,1372.0,4.0,"SELL because predicted alpha is in the top decile. Main contributors were hl_range_20, close_to_high_20, mom_21. Liquidity filter passed."
2026-05-12,ADVB,0.0,0.0,0.0,-0.005188238699792009,7383.0,1.0,
2026-05-12,ADVM,0.0,0.0,0.0,0.0,2026.0,2.0,
2026-05-12,ADVS,0.0,0.0,0.0,0.0,2027.0,2.0,
2026-05-12,ADXS,0.0,0.0,0.0,0.0,2028.0,2.0,
2026-05-12,ADXS.W,0.0,0.0,0.0,0.0,2029.0,2.0,
2026-05-12,ADYX,0.0,0.0,0.0,0.0,2030.0,2.0,
2026-05-12,AEAC,0.0,0.0,0.0,0.0,2031.0,2.0,
2026-05-12,AEAE,0.0,0.0,0.0,0.0,2032.0,2.0,
2026-05-12,AEAQ,0.0,0.0,0.0,-0.00024843332459181106,6473.0,2.0,
2026-05-12,AEBI,0.0,0.0,0.0,0.0026690392369462983,542.0,5.0,
2026-05-12,AEBIV,0.0,0.0,0.0,0.0,2033.0,2.0,
2026-05-12,AEC,0.0,0.0,0.0,0.0038625017108487253,205.0,5.0,
2026-05-12,AEGN,0.0,0.0,0.0,0.0,2034.0,2.0,
2026-05-12,AEGR,0.0,0.0,0.0,0.0,2035.0,2.0,
2026-05-12,AEHA,0.0,0.0,0.0,0.0,2036.0,2.0,
2026-05-12,AEHL,-0.002860599542949321,-0.002890173410404624,2.9573867455303087e-05,-0.025433429659784807,7568.0,1.0,"COVER because predicted alpha is in the bottom decile. Main contributors were parkinson_vol_20, volatility_63, volatility_10. Liquidity filter passed."
2026-05-12,AEHR,0.002860599542949321,0.002890173410404624,-2.9573867455303087e-05,0.004965560382638482,78.0,5.0,"SELL because predicted alpha is in the top decile. Main contributors were mom_252, hl_range_20, mom_21. Liquidity filter passed."
2026-05-12,AEI,0.0,0.0,0.0,0.0035906898873371263,261.0,5.0,
2026-05-12,AEIS,0.0,0.0,0.0,0.0022619039230623323,708.0,5.0,
2026-05-12,AEMD,0.0,0.0,0.0,-0.004775241557874494,7364.0,1.0,
2026-05-12,AENT,0.0,0.0,0.0,0.0022251146507197127,721.0,5.0,
2026-05-12,AEP,0.0,0.0,0.0,-0.00024708370446312194,6471.0,2.0,
2026-05-12,AEPI,0.0,0.0,0.0,0.0,2037.0,2.0,
2026-05-12,AEPPL,0.0,0.0,0.0,0.0,2038.0,2.0,
2026-05-12,AEPPZ,0.0,0.0,0.0,0.0,2039.0,2.0,
2026-05-12,AERC,0.0,0.0,0.0,0.0,2040.0,2.0,
2026-05-12,AERG,0.0,0.0,0.0,0.0,2041.0,2.0,
2026-05-12,AERI,0.0,0.0,0.0,0.0,2042.0,2.0,
2026-05-12,AERT,0.0,0.0,0.0,0.001336840350842274,1148.0,4.0,
2026-05-12,AETI,0.0,0.0,0.0,0.0,2043.0,2.0,
2026-05-12,AEVA,-0.002860599542949321,-0.002890173410404624,2.9573867455303087e-05,-0.006061957511381751,7417.0,1.0,"COVER because predicted alpha is in the bottom decile. Main contributors were volume_z_60, intraday_return, parkinson_vol_20. Liquidity filter passed."
2026-05-12,AEY,0.0,0.0,0.0,0.0,2044.0,2.0,
2026-05-12,AEYE,0.0,0.0,0.0,0.0001561406193062977,1856.0,3.0,
2026-05-12,AEZS,0.0,0.0,0.0,0.0,2045.0,2.0,
2026-05-12,AFAC,0.0,0.0,0.0,0.0,2046.0,2.0,
2026-05-12,AFAM,0.0,0.0,0.0,0.0,2047.0,2.0,
2026-05-12,AFAQ,0.0,0.0,0.0,0.0,2048.0,2.0,
2026-05-12,AFAR,0.0,0.0,0.0,0.0,2049.0,2.0,
2026-05-12,AFBI,-0.00046511627906976747,0.0,-0.00046511627906976747,-0.0029165462924189943,7216.0,1.0,"SHORT because predicted alpha is in the bottom decile. Main contributors were hl_range_20, close_to_high_20, price_kurt_63. Liquidity filter passed."
2026-05-12,AFCB,0.0,0.0,0.0,0.0,2050.0,2.0,
2026-05-12,AFCG,0.0,0.0,0.0,0.0014429891814455285,1086.0,4.0,
2026-05-12,AFCGV,0.0,0.0,0.0,0.0,2051.0,2.0,
2026-05-12,AFFX,0.0,0.0,0.0,0.0,2052.0,2.0,
2026-05-12,AFFY,0.0,0.0,0.0,0.0,2053.0,2.0,
2026-05-12,AFH,0.0,0.0,0.0,0.0,2054.0,2.0,
2026-05-12,AFHBL,0.0,0.0,0.0,0.0,2055.0,2.0,
2026-05-12,AFIB,0.0,0.0,0.0,0.0,2056.0,2.0,
2026-05-12,AFIN,0.0,0.0,0.0,0.0,2057.0,2.0,
2026-05-12,AFINO,0.0,0.0,0.0,0.0,2058.0,2.0,
2026-05-12,AFJK,0.0,0.0,0.0,-0.0024601446375776834,7171.0,1.0,
2026-05-12,AFMD,0.0,0.0,0.0,0.0,2059.0,2.0,
2026-05-12,AFOP,0.0,0.0,0.0,0.0,2060.0,2.0,
2026-05-12,AFRI,0.0,0.0,0.0,-0.0048126292346015245,7366.0,1.0,
2026-05-12,AFRM,0.0,0.0,0.0,0.002515368225202791,605.0,5.0,
2026-05-12,AFSI,0.0,0.0,0.0,0.0,2061.0,2.0,
2026-05-12,AFYA,0.0,0.0,0.0,0.00046865324806438747,1668.0,3.0,
2026-05-12,AGAE,0.0,0.0,0.0,-0.003405582550885323,7262.0,1.0,
2026-05-12,AGBA,0.0,0.0,0.0,0.0,2062.0,2.0,
2026-05-12,AGC,0.0,0.0,0.0,0.0,2063.0,2.0,
2026-05-12,AGCC,0.0,0.0,0.0,-0.0012012194329306366,6902.0,1.0,
2026-05-12,AGEN,-0.00046511627906976747,0.0,-0.00046511627906976747,-0.0027810293660186012,7201.0,1.0,"SHORT because predicted alpha is in the bottom decile. Main contributors were mom_5, intraday_return, cash_to_assets. Liquidity filter passed."
2026-05-12,AGFS,0.0,0.0,0.0,0.0,2064.0,2.0,
2026-05-12,AGFS.W,0.0,0.0,0.0,0.0,2065.0,2.0,
2026-05-12,AGFY,0.0,0.0,0.0,0.0,2066.0,2.0,
2026-05-12,AGGR,0.0,0.0,0.0,0.0,2067.0,2.0,
2026-05-12,AGH,0.002860599542949321,0.002890173410404624,-2.9573867455303087e-05,0.004378158891932505,127.0,5.0,"SELL because predicted alpha is in the top decile. Main contributors were mom_252, hl_range_20, close_to_high_20. Liquidity filter passed."
2026-05-12,AGII,0.0,0.0,0.0,0.0,2068.0,2.0,
2026-05-12,AGII.L,0.0,0.0,0.0,0.0,2069.0,2.0,
2026-05-12,AGIIL,0.0,0.0,0.0,0.0,2070.0,2.0,
2026-05-12,AGIL,0.0,0.0,0.0,0.0,2071.0,2.0,
2026-05-12,AGIO,0.0,0.0,0.0,0.0001279733258866254,1874.0,3.0,
2026-05-12,AGLE,0.0,0.0,0.0,0.0,2072.0,2.0,
2026-05-12,AGMH,0.0,0.0,0.0,-0.0009267790449537154,6802.0,2.0,
2026-05-12,AGMX,0.0,0.0,0.0,0.0,2073.0,2.0,
2026-05-12,AGNC,0.0,0.0,0.0,0.0016870256101423416,958.0,4.0,
2026-05-12,AGNC.P,0.0,0.0,0.0,0.0,2074.0,2.0,
2026-05-12,AGNCL,0.0,0.0,0.0,-0.0007722496769751829,6735.0,2.0,
2026-05-12,AGNCO,0.0,0.0,0.0,-0.0006074461933028061,6672.0,2.0,
2026-05-12,AGPU,0.00046511627906976747,0.0,0.00046511627906976747,0.005427081331882528,51.0,5.0,"BUY because predicted alpha is in the top decile. Main contributors were hl_range_20, mom_21, close_to_low_20. Liquidity filter passed."
2026-05-12,AGRI,0.0,0.0,0.0,0.0,2075.0,2.0,
2026-05-12,AGRX,0.0,0.0,0.0,0.0,2076.0,2.0,
2026-05-12,AGRZ,0.0,0.0,0.0,-0.0021746298064626,7129.0,1.0,
2026-05-12,AGTC,0.0,0.0,0.0,0.0,2077.0,2.0,
2026-05-12,AGYS,0.0,0.0,0.0,0.001246152095933585,1196.0,4.0,
2026-05-12,AHAC,0.0,0.0,0.0,0.0,2078.0,2.0,
2026-05-12,AHCI,0.0,0.0,0.0,0.0,2079.0,2.0,
2026-05-12,AHCO,0.0,0.0,0.0,0.0003734294956702806,1721.0,3.0,
2026-05-12,AHGP,0.0,0.0,0.0,0.0,2080.0,2.0,
2026-05-12,AHMA,0.0,0.0,0.0,0.0010145312162012712,1340.0,4.0,
2026-05-12,AHPA,0.0,0.0,0.0,0.0,2081.0,2.0,
2026-05-12,AHPA.U,0.0,0.0,0.0,0.0,2082.0,2.0,
2026-05-12,AHPI,0.0,0.0,0.0,0.0,2083.0,2.0,
2026-05-12,AHRN,0.0,0.0,0.0,0.0,2084.0,2.0,
2026-05-12,AIDX,0.0,0.0,0.0,-0.0011285108274102988,6878.0,1.0,
2026-05-12,AIEV,0.0,0.0,0.0,0.0,2085.0,2.0,
2026-05-12,AIFC,0.0,0.0,0.0,0.004027034398191551,174.0,5.0,
2026-05-12,AIFE,0.0,0.0,0.0,0.0,2086.0,2.0,
2026-05-12,AIFF,0.0,0.0,0.0,-0.00548238825944958,7395.0,1.0,
2026-05-12,AIFU,0.0,0.0,0.0,0.0033327025597618375,319.0,5.0,
2026-05-12,AIHS,0.0,0.0,0.0,0.0030711924768091576,395.0,5.0,
2026-05-12,AIIO,-0.0023954832638795535,-0.002890173410404624,0.0004946901465250706,-5.5160663329059494e-05,6367.0,2.0,"COVER because predicted alpha is in the bottom decile. Main contributors were parkinson_vol_20, mom_10, volatility_10. Liquidity filter passed."
2026-05-12,AILE,0.0,0.0,0.0,0.0,2087.0,2.0,
2026-05-12,AIMC,0.0,0.0,0.0,0.0,2088.0,2.0,
2026-05-12,AIMCV,0.0,0.0,0.0,0.0,2089.0,2.0,
2026-05-12,AIMD,0.0,0.0,0.0,0.0026728534965231015,541.0,5.0,
2026-05-12,AIMT,0.0,0.0,0.0,0.0,2090.0,2.0,
2026-05-12,AIOS,0.0,0.0,0.0,-0.022271005260659157,7556.0,1.0,
2026-05-12,AIOT,0.0023954832638795535,0.002890173410404624,-0.0004946901465250706,0.002451362802381317,629.0,5.0,"SELL because predicted alpha is in the top decile. Main contributors were parkinson_vol_20, volume_z_60, volatility_10. Liquidity filter passed."
2026-05-12,AIP,0.0,0.0,0.0,0.0007622312431193925,1487.0,4.0,
2026-05-12,AIPT,0.0,0.0,0.0,0.0,2091.0,2.0,
2026-05-12,AIRE,0.0,0.0,0.0,-0.0009299328368052275,6803.0,2.0,
2026-05-12,AIRG,0.0,0.0,0.0,0.0008655050116635872,1423.0,4.0,
2026-05-12,AIRJ,0.0,0.0,0.0,0.0014228373500349417,1098.0,4.0,
2026-05-12,AIRM,0.0,0.0,0.0,0.0,2092.0,2.0,
2026-05-12,AIRO,0.00046511627906976747,0.0,0.00046511627906976747,0.0033496064616004044,310.0,5.0,"BUY because predicted alpha is in the top decile. Main contributors were parkinson_vol_20, mom_5, volume_z_60. Liquidity filter passed."
2026-05-12,AIRS,0.0,0.0,0.0,0.003131723478979581,373.0,5.0,
2026-05-12,AIRT,0.0,0.0,0.0,0.0,2093.0,2.0,
2026-05-12,AIRTV,0.0,0.0,0.0,0.0,2094.0,2.0,
2026-05-12,AISP,0.00046511627906976747,0.0,0.00046511627906976747,0.00337643363984393,308.0,5.0,"BUY because predicted alpha is in the top decile. Main contributors were intraday_return, roa, parkinson_vol_20. Liquidity filter passed."
2026-05-12,AITR,0.0,0.0,0.0,0.0,2095.0,2.0,
2026-05-12,AIXC,0.0,0.0,0.0,0.004255818490559357,145.0,5.0,
2026-05-12,AKAM,0.00046511627906976747,0.0,0.00046511627906976747,0.0040713590757384946,168.0,5.0,"BUY because predicted alpha is in the top decile. Main contributors were mom_5, mom_21, parkinson_vol_20. Liquidity filter passed."
2026-05-12,AKAN,-0.002860599542949321,-0.002890173410404624,2.9573867455303087e-05,-0.02507125984699486,7567.0,1.0,"COVER because predicted alpha is in the bottom decile. Main contributors were parkinson_vol_20, volatility_63, volatility_10. Liquidity filter passed."
2026-05-12,AKAO,0.0,0.0,0.0,0.0,2096.0,2.0,
2026-05-12,AKBA,-0.002860599542949321,-0.002890173410404624,2.9573867455303087e-05,-0.002921798241756756,7218.0,1.0,"COVER because predicted alpha is in the bottom decile. Main contributors were mom_5, mom_21, volume_z_60. Liquidity filter passed."
2026-05-12,AKCA,0.0,0.0,0.0,0.0,2097.0,2.0,
2026-05-12,AKER,0.0,0.0,0.0,0.0,2098.0,2.0,
2026-05-12,AKIC,0.0,0.0,0.0,0.0,2099.0,2.0,
2026-05-12,AKLI,0.0,0.0,0.0,0.0,2100.0,2.0,
2026-05-12,AKRO,0.0,0.0,0.0,0.0,2101.0,2.0,
2026-05-12,AKRX,0.0,0.0,0.0,0.0,2102.0,2.0,
2026-05-12,AKTS,-0.00046511627906976747,0.0,-0.00046511627906976747,-0.00440228985142268,7336.0,1.0,"SHORT because predicted alpha is in the bottom decile. Main contributors were roa, intraday_return, mom_1. Liquidity filter passed."
2026-05-12,AKU,0.0,0.0,0.0,0.0,2103.0,2.0,
2026-05-12,AKUS,0.0,0.0,0.0,0.0,2104.0,2.0,
2026-05-12,AKYA,0.0,0.0,0.0,0.0,2105.0,2.0,
2026-05-12,ALAB,0.0023954832638795535,0.002890173410404624,-0.0004946901465250706,0.002188857117604564,744.0,5.0,"SELL because predicted alpha is in the top decile. Main contributors were log_dollar_vol_20, mom_252, parkinson_vol_20. Liquidity filter passed."
2026-05-12,ALAC,0.0,0.0,0.0,0.0,2106.0,2.0,
2026-05-12,ALBO,0.0,0.0,0.0,0.0,2107.0,2.0,
2026-05-12,ALBT,0.0,0.0,0.0,-0.0031151687467852528,7238.0,1.0,
2026-05-12,ALCE,0.0,0.0,0.0,0.0,2108.0,2.0,
2026-05-12,ALCO,0.0,0.0,0.0,0.0006192797873887406,1576.0,3.0,
2026-05-12,ALCS,0.0,0.0,0.0,0.0,2109.0,2.0,
2026-05-12,ALCY,0.0,0.0,0.0,-0.0018379445316070294,7066.0,1.0,
2026-05-12,ALDF,0.0,0.0,0.0,-0.0015184524884168348,6997.0,1.0,
2026-05-12,ALDR,0.0,0.0,0.0,0.0,2110.0,2.0,
2026-05-12,ALDX,-0.00046511627906976747,0.0,-0.00046511627906976747,-0.004574931170988359,7351.0,1.0,"SHORT because predicted alpha is in the bottom decile. Main contributors were volatility_63, price_kurt_63, close_to_high_20. Liquidity filter passed."
2026-05-12,ALEC,0.0,0.0,0.0,-0.0015378227976754878,7006.0,1.0,
2026-05-12,ALF,0.0,0.0,0.0,-0.00019196554300490511,6445.0,2.0,
2026-05-12,ALGM,0.0,0.0,0.0,0.001449522724148466,1083.0,4.0,
2026-05-12,ALGN,0.0,0.0,0.0,0.0020286616111935356,806.0,4.0,
2026-05-12,ALGR,0.0,0.0,0.0,0.0,2111.0,2.0,
2026-05-12,ALGS,0.0,0.0,0.0,-9.589060625433187e-05,6383.0,2.0,
2026-05-12,ALGT,0.0023954832638795535,0.002890173410404624,-0.0004946901465250706,-0.0012586410945264576,6926.0,1.0,"SELL because predicted alpha is in the top decile. Main contributors were parkinson_vol_20, volume_z_20, log_dollar_vol_20. Liquidity filter passed."
2026-05-12,ALHC,-0.00046511627906976747,0.0,-0.00046511627906976747,-0.0026754578590374397,7189.0,1.0,"SHORT because predicted alpha is in the bottom decile. Main contributors were volume_z_60, mom_1, hl_range_20. Liquidity filter passed."
2026-05-12,ALIM,0.0,0.0,0.0,0.0,2112.0,2.0,
2026-05-12,ALIS,0.0,0.0,0.0,-0.002777277016222596,7200.0,1.0,
2026-05-12,ALJJ,0.0,0.0,0.0,0.0,2113.0,2.0,
2026-05-12,ALKS,-0.00046511627906976747,0.0,-0.00046511627906976747,-0.0025727578578328913,7180.0,1.0,"SHORT because predicted alpha is in the bottom decile. Main contributors were hl_range_20, intraday_return, volume_z_60. Liquidity filter passed."
2026-05-12,ALKSV,0.0,0.0,0.0,0.0,2114.0,2.0,
2026-05-12,ALKT,0.0,0.0,0.0,0.0018162016733825005,898.0,4.0,
2026-05-12,ALLB,0.0,0.0,0.0,0.0,2115.0,2.0,
2026-05-12,ALLK,0.0,0.0,0.0,0.0,2116.0,2.0,
2026-05-12,ALLO,0.0,0.0,0.0,-0.0018959804796728678,7079.0,1.0,
2026-05-12,ALLR,0.0,0.0,0.0,0.0033993730760318464,303.0,5.0,
2026-05-12,ALLT,0.0,0.0,0.0,-0.0012245351559995459,6912.0,1.0,
2026-05-12,ALM,0.0,0.0,0.0,-0.001465840012254991,6984.0,1.0,
2026-05-12,ALMR,0.0,0.0,0.0,0.0026367405408105962,559.0,5.0,
2026-05-12,ALMS,0.0,0.0,0.0,0.002077516284095857,785.0,4.0,
2026-05-12,ALMU,0.0,0.0,0.0,0.0020549041618227806,795.0,4.0,
2026-05-12,ALNA,0.0,0.0,0.0,0.0,2117.0,2.0,
2026-05-12,ALNT,0.0,0.0,0.0,-0.00015225581398820124,6420.0,2.0,
2026-05-12,ALNY,0.0,0.0,0.0,0.0010510360819132943,1316.0,4.0,
2026-05-12,ALOG,0.0,0.0,0.0,0.0,2118.0,2.0,
2026-05-12,ALOR,0.0,0.0,0.0,0.0,2119.0,2.0,
2026-05-12,ALOT,0.0,0.0,0.0,0.0012995559305148461,1167.0,4.0,
2026-05-12,ALOV,0.0,0.0,0.0,0.0,2120.0,2.0,
2026-05-12,ALOY,0.0,0.0,0.0,0.0010058186096859635,1350.0,4.0,
2026-05-12,ALP,-0.00046511627906976747,0.0,-0.00046511627906976747,-0.013000935391110196,7525.0,1.0,"SHORT because predicted alpha is in the bottom decile. Main contributors were parkinson_vol_20, volume_z_60, intraday_return. Liquidity filter passed."
2026-05-12,ALPA,0.0,0.0,0.0,0.0,2121.0,2.0,
2026-05-12,ALPN,0.0,0.0,0.0,0.0,2122.0,2.0,
2026-05-12,ALPP,0.0,0.0,0.0,0.0,2123.0,2.0,
2026-05-12,ALPS,0.0,0.0,0.0,0.002506193786736746,609.0,5.0,
2026-05-12,ALPX,0.0,0.0,0.0,0.0,2124.0,2.0,
2026-05-12,ALQA,0.0,0.0,0.0,0.0,2125.0,2.0,
2026-05-12,ALR,0.0,0.0,0.0,0.0,2126.0,2.0,
2026-05-12,ALRM,0.0,0.0,0.0,6.959826133993936e-05,1908.0,3.0,
2026-05-12,ALRN,0.0,0.0,0.0,0.0,2127.0,2.0,
2026-05-12,ALRS,0.0,0.0,0.0,-0.0022455692307443527,7136.0,1.0,
2026-05-12,ALSA,0.0,0.0,0.0,0.0,2128.0,2.0,
2026-05-12,ALSK,0.0,0.0,0.0,0.0,2129.0,2.0,
2026-05-12,ALT,0.0,0.0,0.0,-0.00019109793583687668,6442.0,2.0,
2026-05-12,ALTA,0.0,0.0,0.0,0.0,2130.0,2.0,
2026-05-12,ALTH,0.0,0.0,0.0,0.0,2131.0,2.0,
2026-05-12,ALTI,0.0,0.0,0.0,0.0022808327125535886,698.0,5.0,
2026-05-12,ALTID,0.0,0.0,0.0,0.0,2132.0,2.0,
2026-05-12,ALTO,0.0,0.0,0.0,0.0016302495800864208,990.0,4.0,
2026-05-12,ALTR,0.0,0.0,0.0,0.0,2133.0,2.0,
2026-05-12,ALTS,0.0,0.0,0.0,0.0,2134.0,2.0,
2026-05-12,ALTU,0.0,0.0,0.0,0.0,2135.0,2.0,
2026-05-12,ALVO,0.0,0.0,0.0,0.0010319440284787013,1332.0,4.0,
2026-05-12,ALVR,0.0,0.0,0.0,0.0,2136.0,2.0,
2026-05-12,ALXA,0.0,0.0,0.0,0.0,2137.0,2.0,
2026-05-12,ALXN,0.0,0.0,0.0,0.0,2138.0,2.0,
2026-05-12,ALXO,0.0,0.0,0.0,-0.0004471172664106301,6592.0,2.0,
2026-05-12,ALYA,0.0,0.0,0.0,0.0,2139.0,2.0,
2026-05-12,ALZH,0.0,0.0,0.0,0.0,2140.0,2.0,
2026-05-12,ALZN,0.0,0.0,0.0,0.00032444274314987967,1750.0,3.0,
2026-05-12,AMAG,0.0,0.0,0.0,0.0,2141.0,2.0,
2026-05-12,AMAL,0.0,0.0,0.0,0.001486387782308183,1064.0,4.0,
2026-05-12,AMAM,0.0,0.0,0.0,0.0,2142.0,2.0,
2026-05-12,AMAO,0.0,0.0,0.0,0.0,2143.0,2.0,
2026-05-12,AMAP,0.0,0.0,0.0,0.0,2144.0,2.0,
2026-05-12,AMAT,0.0,0.0,0.0,0.0014061690620422167,1115.0,4.0,
2026-05-12,AMBA,0.00046511627906976747,0.0,0.00046511627906976747,0.0033463947751191385,313.0,5.0,"BUY because predicted alpha is in the top decile. Main contributors were parkinson_vol_20, mom_21, close_to_low_20. Liquidity filter passed."
2026-05-12,AMBC.W,0.0,0.0,0.0,0.0,2145.0,2.0,
2026-05-12,AMBT,0.0,0.0,0.0,0.0,2146.0,2.0,
2026-05-12,AMBX,0.0,0.0,0.0,0.0,2147.0,2.0,
2026-05-12,AMCC,0.0,0.0,0.0,0.0,2148.0,2.0,
2026-05-12,AMCF,0.0,0.0,0.0,0.0,2149.0,2.0,
2026-05-12,AMCI,0.0,0.0,0.0,0.001523995554356307,1049.0,4.0,
2026-05-12,AMCX,0.0,0.0,0.0,0.0011049179148684774,1279.0,4.0,
2026-05-12,AMD,0.002860599542949321,0.002890173410404624,-2.9573867455303087e-05,0.007299236701556053,6.0,5.0,"SELL because predicted alpha is in the top decile. Main contributors were mom_21, mom_5, parkinson_vol_20. Liquidity filter passed."
2026-05-12,AMDA,0.0,0.0,0.0,0.0,2150.0,2.0,
2026-05-12,AMED,0.0,0.0,0.0,0.0,2151.0,2.0,
2026-05-12,AMEH,0.0,0.0,0.0,0.0,2152.0,2.0,
2026-05-12,AMEH.W,0.0,0.0,0.0,0.0,2153.0,2.0,
2026-05-12,AMGN,0.0,0.0,0.0,-0.0011473742254728074,6880.0,1.0,
2026-05-12,AMHC,0.0,0.0,0.0,0.0,2154.0,2.0,
2026-05-12,AMIC,0.0,0.0,0.0,0.0,2155.0,2.0,
2026-05-12,AMIX,0.0,0.0,0.0,-0.0031174828556989344,7239.0,1.0,
2026-05-12,AMKR,0.002860599542949321,0.002890173410404624,-2.9573867455303087e-05,0.003957568382387246,186.0,5.0,"SELL because predicted alpha is in the top decile. Main contributors were mom_252, parkinson_vol_20, log_dollar_vol_20. Liquidity filter passed."
2026-05-12,AMLI,0.0,0.0,0.0,0.0,2156.0,2.0,
2026-05-12,AMLN,0.0,0.0,0.0,0.0,2157.0,2.0,
2026-05-12,AMLX,0.0,0.0,0.0,-0.00015193699916993787,6419.0,2.0,
2026-05-12,AMMA,0.0,0.0,0.0,0.0,2158.0,2.0,
2026-05-12,AMMD,0.0,0.0,0.0,0.0,2159.0,2.0,
2026-05-12,AMNB,0.0,0.0,0.0,0.0,2160.0,2.0,
2026-05-12,AMOD,0.0,0.0,0.0,-0.004507406684225169,7342.0,1.0,
2026-05-12,AMOT,0.0,0.0,0.0,0.0,2161.0,2.0,
2026-05-12,AMPG,-0.0023954832638795535,-0.002890173410404624,0.0004946901465250706,-0.0007163438594562603,6715.0,2.0,"COVER because predicted alpha is in the bottom decile. Main contributors were volume_z_60, mom_10, close_to_high_20. Liquidity filter passed."
2026-05-12,AMPH,0.0,0.0,0.0,-0.002117643136029031,7116.0,1.0,
2026-05-12,AMPL,0.0,0.0,0.0,-0.0008714388477729876,6779.0,2.0,
2026-05-12,AMRB,0.0,0.0,0.0,0.0,2162.0,2.0,
2026-05-12,AMRH,0.0,0.0,0.0,0.0,2163.0,2.0,
2026-05-12,AMRI,0.0,0.0,0.0,0.0,2164.0,2.0,
2026-05-12,AMRK,0.0,0.0,0.0,0.0,2165.0,2.0,
2026-05-12,AMRS,0.0,0.0,0.0,0.0,2166.0,2.0,
2026-05-12,AMRX,0.002860599542949321,0.002890173410404624,-2.9573867455303087e-05,0.0035968583288500202,258.0,5.0,"SELL because predicted alpha is in the top decile. Main contributors were parkinson_vol_20, debt_to_equity, volatility_63. Liquidity filter passed."
2026-05-12,AMSC,0.00046511627906976747,0.0,0.00046511627906976747,0.004338606903239516,132.0,5.0,"BUY because predicted alpha is in the top decile. Main contributors were mom_21, hl_range_20, intraday_return. Liquidity filter passed."
2026-05-12,AMSF,0.0,0.0,0.0,-0.0008662800164901985,6776.0,2.0,
2026-05-12,AMSG,0.0,0.0,0.0,0.0,2167.0,2.0,
2026-05-12,AMSGP,0.0,0.0,0.0,0.0,2168.0,2.0,
2026-05-12,AMST,0.0,0.0,0.0,-0.015849141784617077,7534.0,1.0,
2026-05-12,AMSW.A,0.0,0.0,0.0,0.0,2169.0,2.0,
2026-05-12,AMSWA,0.0,0.0,0.0,0.0,2170.0,2.0,
2026-05-12,AMTBB,0.0,0.0,0.0,0.0,2171.0,2.0,
2026-05-12,AMTI,0.0,0.0,0.0,0.0,2172.0,2.0,
2026-05-12,AMTX,0.0,0.0,0.0,-0.0001635599303310101,6433.0,2.0,
2026-05-12,AMV,0.0,0.0,0.0,0.0,2173.0,2.0,
2026-05-12,AMWD,0.0,0.0,0.0,0.00018440695252292688,1837.0,3.0,
2026-05-12,AMZN,0.0,0.0,0.0,0.0018343325698560833,891.0,4.0,
2026-05-12,ANAB,0.0023954832638795535,0.002890173410404624,-0.0004946901465250706,0.0033163119828135807,325.0,5.0,"SELL because predicted alpha is in the top decile. Main contributors were mom_21, hl_range_20, mom_252. Liquidity filter passed."
2026-05-12,ANABV,0.0,0.0,0.0,0.0,2174.0,2.0,
2026-05-12,ANAD,0.0,0.0,0.0,0.0,2175.0,2.0,
2026-05-12,ANAT,0.0,0.0,0.0,0.0,2176.0,2.0,
2026-05-12,ANCB,0.0,0.0,0.0,0.0,2177.0,2.0,
2026-05-12,ANCI,0.0,0.0,0.0,0.0,2178.0,2.0,
2026-05-12,ANCX,0.0,0.0,0.0,0.0,2179.0,2.0,
2026-05-12,ANDA,0.0,0.0,0.0,0.0,2180.0,2.0,
2026-05-12,ANDA.R,0.0,0.0,0.0,0.0,2181.0,2.0,
2026-05-12,ANDA.U,0.0,0.0,0.0,0.0,2182.0,2.0,
2026-05-12,ANDA.W,0.0,0.0,0.0,0.0,2183.0,2.0,
2026-05-12,ANDE,0.0,0.0,0.0,0.001996726346418474,818.0,4.0,
2026-05-12,ANDS,0.0,0.0,0.0,0.0,2184.0,2.0,
2026-05-12,ANEB,0.0,0.0,0.0,0.0,2185.0,2.0,
2026-05-12,ANGH,0.0,0.0,0.0,0.00047767039461820283,1659.0,3.0,
2026-05-12,ANGI,-0.00046511627906976747,0.0,-0.00046511627906976747,-0.005751957705237188,7404.0,1.0,"SHORT because predicted alpha is in the bottom decile. Main contributors were mom_5, volatility_10, mom_21. Liquidity filter passed."
2026-05-12,ANGIV,0.0,0.0,0.0,0.0,2186.0,2.0,
2026-05-12,ANGN,0.0,0.0,0.0,0.0,2187.0,2.0,
2026-05-12,ANGO,0.0,0.0,0.0,0.00017225647105119512,1846.0,3.0,
2026-05-12,ANIK,0.0,0.0,0.0,-0.0006700458139308516,6697.0,2.0,
2026-05-12,ANIP,0.0,0.0,0.0,-0.001957240317419333,7088.0,1.0,
2026-05-12,ANIX,0.0,0.0,0.0,-0.00011364563563811164,6397.0,2.0,
2026-05-12,ANNA,-0.002860599542949321,-0.002890173410404624,2.9573867455303087e-05,-0.005833396214568,7408.0,1.0,"COVER because predicted alpha is in the bottom decile. Main contributors were volatility_63, intraday_return, book_to_market. Liquidity filter passed."
2026-05-12,ANNX,0.0,0.0,0.0,0.002608045913280779,571.0,5.0,
2026-05-12,ANPA,0.0,0.0,0.0,-0.003426202277587005,7265.0,1.0,
2026-05-12,ANPI,0.0,0.0,0.0,0.0,2188.0,2.0,
2026-05-12,ANSC,0.0,0.0,0.0,-0.0023291353285104805,7151.0,1.0,
2026-05-12,ANSS,0.0,0.0,0.0,0.0,2189.0,2.0,
2026-05-12,ANTA,0.0,0.0,0.0,0.0034870127517027437,283.0,5.0,
2026-05-12,ANTH,0.0,0.0,0.0,0.0,2190.0,2.0,
2026-05-12,ANTX,0.0,0.0,0.0,0.0041086666378898585,161.0,5.0,
2026-05-12,ANY,0.0,0.0,0.0,0.003691867176496844,236.0,5.0,
2026-05-12,ANZU,0.0,0.0,0.0,0.0,2191.0,2.0,
2026-05-12,AOBC,0.0,0.0,0.0,0.0,2192.0,2.0,
2026-05-12,AOGO,0.0,0.0,0.0,0.0,2193.0,2.0,
2026-05-12,AONC,0.0,0.0,0.0,0.0,2194.0,2.0,
2026-05-12,AOSL,0.0,0.0,0.0,0.00023974786812622524,1794.0,3.0,
2026-05-12,AOUT,0.0,0.0,0.0,0.0021104045085595887,774.0,4.0,
2026-05-12,APA,0.0,0.0,0.0,0.0011109237320719354,1274.0,4.0,
2026-05-12,APAC,0.0,0.0,0.0,0.0,2195.0,2.0,
2026-05-12,APAD,0.0,0.0,0.0,0.0,2196.0,2.0,
2026-05-12,APAG.F,0.0,0.0,0.0,0.0,2197.0,2.0,
2026-05-12,APC,-0.00046511627906976747,0.0,-0.00046511627906976747,-0.00409751436089438,7312.0,1.0,"SHORT because predicted alpha is in the bottom decile. Main contributors were volume_z_60, hl_range_20, intraday_return. Liquidity filter passed."
2026-05-12,APCVZ,0.0,0.0,0.0,0.0,2198.0,2.0,
2026-05-12,APCX,0.0,0.0,0.0,0.0,2199.0,2.0,
2026-05-12,APDN,0.0,0.0,0.0,0.0,2200.0,2.0,
2026-05-12,APDN.W,0.0,0.0,0.0,0.0,2201.0,2.0,
2026-05-12,APEI,0.0,0.0,0.0,0.003144355705058659,367.0,5.0,
2026-05-12,APEN,0.0,0.0,0.0,0.0,2202.0,2.0,
2026-05-12,APEX,0.0,0.0,0.0,0.0,2203.0,2.0,
2026-05-12,APGE,0.0,0.0,0.0,0.0013772717552577429,1130.0,4.0,
2026-05-12,APGN,0.0,0.0,0.0,0.0,2204.0,2.0,
2026-05-12,APHA,0.0,0.0,0.0,0.0,2205.0,2.0,
2026-05-12,APIC,0.0,0.0,0.0,0.0,2206.0,2.0,
2026-05-12,APKT,0.0,0.0,0.0,0.0,2207.0,2.0,
2026-05-12,APLD,0.002860599542949321,0.002890173410404624,-2.9573867455303087e-05,0.005858987522833521,31.0,5.0,"SELL because predicted alpha is in the top decile. Main contributors were mom_252, mom_21, hl_range_20. Liquidity filter passed."
2026-05-12,APLM,0.0,0.0,0.0,-0.0019247277721409274,7084.0,1.0,
2026-05-12,APLP,0.0,0.0,0.0,0.0,2208.0,2.0,
2026-05-12,APLS,-0.002860599542949321,-0.002890173410404624,2.9573867455303087e-05,-0.0049464886683340285,7371.0,1.0,"COVER because predicted alpha is in the bottom decile. Main contributors were hl_range_20, volatility_63, price_kurt_63. Liquidity filter passed."
2026-05-12,APLT,0.0,0.0,0.0,0.0,2209.0,2.0,
2026-05-12,APM,0.0,0.0,0.0,0.003016719522951344,413.0,5.0,
2026-05-12,APMI,0.0,0.0,0.0,0.0,2210.0,2.0,
2026-05-12,APOG,0.0,0.0,0.0,0.0022277424795627285,718.0,5.0,
2026-05-12,APOL,0.0,0.0,0.0,0.0,2211.0,2.0,
2026-05-12,APOP.W,0.0,0.0,0.0,0.0,2212.0,2.0,
2026-05-12,APP,0.0,0.0,0.0,0.0011969130512001934,1223.0,4.0,
2026-05-12,APPF,0.0023954832638795535,0.002890173410404624,-0.0004946901465250706,0.0027340556467533137,514.0,5.0,"SELL because predicted alpha is in the top decile. Main contributors were parkinson_vol_20, roa, volatility_63. Liquidity filter passed."
2026-05-12,APPH,0.0,0.0,0.0,0.0,2213.0,2.0,
2026-05-12,APPN,0.0,0.0,0.0,0.0009234208120655047,1385.0,4.0,
2026-05-12,APPS,0.0023954832638795535,0.002890173410404624,-0.0004946901465250706,0.003298565715891501,331.0,5.0,"SELL because predicted alpha is in the top decile. Main contributors were parkinson_vol_20, mom_21, volume_z_60. Liquidity filter passed."
2026-05-12,APPY,0.0,0.0,0.0,0.0,2214.0,2.0,
2026-05-12,APR,0.0,0.0,0.0,0.0,2215.0,2.0,
2026-05-12,APRE,0.0,0.0,0.0,0.003089326872303266,390.0,5.0,
2026-05-12,APRI,0.0,0.0,0.0,0.0,2216.0,2.0,
2026-05-12,APRN,0.0,0.0,0.0,0.0,2217.0,2.0,
2026-05-12,APSA,0.0,0.0,0.0,0.0,2218.0,2.0,
2026-05-12,APTI,0.0,0.0,0.0,0.0,2219.0,2.0,
2026-05-12,APTM,0.0,0.0,0.0,0.0,2220.0,2.0,
2026-05-12,APTO,0.0,0.0,0.0,0.0,2221.0,2.0,
2026-05-12,APTX,0.0,0.0,0.0,0.0,2222.0,2.0,
2026-05-12,APVO,0.0,0.0,0.0,-0.0007882721172798759,6743.0,2.0,
2026-05-12,APVO.V,0.0,0.0,0.0,0.0,2223.0,2.0,
2026-05-12,APWC,0.0,0.0,0.0,0.003909408679545729,196.0,5.0,
2026-05-12,APWR,0.0,0.0,0.0,0.0,2224.0,2.0,
2026-05-12,APXI,0.0,0.0,0.0,0.0,2225.0,2.0,
2026-05-12,APXT,0.0,0.0,0.0,-0.0009940735294263672,6833.0,1.0,
2026-05-12,APYX,0.0,0.0,0.0,0.0027461516096423974,501.0,5.0,
2026-05-12,AQB,0.0,0.0,0.0,-0.0016126312039418224,7025.0,1.0,
2026-05-12,AQBTV,0.0,0.0,0.0,0.0,2226.0,2.0,
2026-05-12,AQMS,0.0,0.0,0.0,-0.001781174842846167,7053.0,1.0,
2026-05-12,AQST,0.0,0.0,0.0,0.0015474302014989961,1039.0,4.0,
2026-05-12,AQU,0.0,0.0,0.0,0.0,2227.0,2.0,
2026-05-12,AQUU.U,0.0,0.0,0.0,0.0,2228.0,2.0,
2026-05-12,AQUU.W,0.0,0.0,0.0,0.0,2229.0,2.0,
2026-05-12,AQXP,0.0,0.0,0.0,0.0,2230.0,2.0,
2026-05-12,ARAI,-0.0023954832638795535,-0.002890173410404624,0.0004946901465250706,0.0020296862171250013,805.0,4.0,"COVER because predicted alpha is in the bottom decile. Main contributors were volatility_63, parkinson_vol_20, mom_21. Liquidity filter failed."
2026-05-12,ARAV,0.0,0.0,0.0,0.0,2231.0,2.0,
2026-05-12,ARAY,0.0,0.0,0.0,-0.0005075672953509765,6624.0,2.0,
2026-05-12,ARBA,0.0,0.0,0.0,0.0,2232.0,2.0,
2026-05-12,ARBB,0.0,0.0,0.0,-0.003764685583065289,7291.0,1.0,
2026-05-12,ARBE,0.0,0.0,0.0,0.002808544659549062,479.0,5.0,
2026-05-12,ARBG,0.0,0.0,0.0,0.0,2233.0,2.0,
2026-05-12,ARBKL,0.0,0.0,0.0,0.0,2234.0,2.0,
2026-05-12,ARCB,0.0023954832638795535,0.002890173410404624,-0.0004946901465250706,0.0032523903204492474,342.0,5.0,"SELL because predicted alpha is in the top decile. Main contributors were parkinson_vol_20, intraday_return, volatility_63. Liquidity filter passed."
2026-05-12,ARCC,0.0,0.0,0.0,0.0010585305963871274,1311.0,4.0,
2026-05-12,ARCE,0.0,0.0,0.0,0.0,2235.0,2.0,
2026-05-12,ARCI,0.0,0.0,0.0,-0.0008667004110719792,6777.0,2.0,
2026-05-12,ARCK,0.0,0.0,0.0,0.0,2236.0,2.0,
2026-05-12,ARCP,0.0,0.0,0.0,0.0,2237.0,2.0,
2026-05-12,ARCP.P,0.0,0.0,0.0,0.0,2238.0,2.0,
2026-05-12,ARCT,0.0,0.0,0.0,0.000826570627634069,1439.0,4.0,
2026-05-12,ARCW,0.0,0.0,0.0,0.0,2239.0,2.0,
2026-05-12,ARDM,0.0,0.0,0.0,0.0,2240.0,2.0,
2026-05-12,ARDS,0.0,0.0,0.0,0.0,2241.0,2.0,
2026-05-12,ARDX,0.0,0.0,0.0,0.0005316900742302953,1626.0,3.0,
2026-05-12,AREB,-0.00046511627906976747,0.0,-0.00046511627906976747,-0.023958933606402888,7564.0,1.0,"SHORT because predicted alpha is in the bottom decile. Main contributors were parkinson_vol_20, volatility_63, mom_5. Liquidity filter passed."
2026-05-12,AREC,-0.0023954832638795535,-0.002890173410404624,0.0004946901465250706,0.0016127040319471643,1000.0,4.0,"COVER because predicted alpha is in the bottom decile. Main contributors were close_to_high_20, gross_margin, mom_10. Liquidity filter passed."
2026-05-12,AREX,0.0,0.0,0.0,0.0,2242.0,2.0,
2026-05-12,ARGS,0.0,0.0,0.0,0.0,2243.0,2.0,
2026-05-12,ARGU,0.0,0.0,0.0,0.0,2244.0,2.0,
2026-05-12,ARHS,0.0023954832638795535,0.002890173410404624,-0.0004946901465250706,0.0022033735343728674,734.0,5.0,"SELL because predicted alpha is in the top decile. Main contributors were parkinson_vol_20, close_to_high_20, mom_10. Liquidity filter passed."
2026-05-12,ARIA,0.0,0.0,0.0,0.0,2245.0,2.0,
2026-05-12,ARII,0.0,0.0,0.0,0.0,2246.0,2.0,
2026-05-12,ARIZ,0.0,0.0,0.0,0.0,2247.0,2.0,
2026-05-12,ARKO,0.0,0.0,0.0,0.0021973743387488716,739.0,5.0,
2026-05-12,ARKR,0.0,0.0,0.0,-0.00019731207557651146,6447.0,2.0,
2026-05-12,ARLP,0.0,0.0,0.0,-0.000844252830825933,6766.0,2.0,
2026-05-12,ARLZ,0.0,0.0,0.0,0.0,2248.0,2.0,
2026-05-12,ARMO,0.0,0.0,0.0,0.0,2249.0,2.0,
2026-05-12,ARNA,0.0,0.0,0.0,0.0,2250.0,2.0,
2026-05-12,AROW,0.0,0.0,0.0,0.0005200113461620452,1633.0,3.0,
2026-05-12,ARPO,0.0,0.0,0.0,0.0,2251.0,2.0,
2026-05-12,ARQ,0.0,0.0,0.0,-0.00019904654899614046,6449.0,2.0,
2026-05-12,ARQL,0.0,0.0,0.0,0.0,2252.0,2.0,
2026-05-12,ARQQ,0.0,0.0,0.0,0.0015336146392776872,1042.0,4.0,
2026-05-12,ARQT,0.0,0.0,0.0,-0.00033142344033380443,6529.0,2.0,
2026-05-12,ARRS,0.0,0.0,0.0,0.0,2253.0,2.0,
2026-05-12,ARRW,0.0,0.0,0.0,0.0,2254.0,2.0,
2026-05-12,ARRY,0.00046511627906976747,0.0,0.00046511627906976747,0.0036071363910400306,254.0,5.0,"BUY because predicted alpha is in the top decile. Main contributors were parkinson_vol_20, intraday_return, mom_1. Liquidity filter passed."
2026-05-12,ARST,0.0,0.0,0.0,0.0,2255.0,2.0,
2026-05-12,ARTA,0.0,0.0,0.0,0.0,2256.0,2.0,
2026-05-12,ARTC,0.0,0.0,0.0,-0.0010506809272736797,6856.0,1.0,
2026-05-12,ARTE,0.0,0.0,0.0,0.0,2257.0,2.0,
2026-05-12,ARTG,0.0,0.0,0.0,0.0,2258.0,2.0,
2026-05-12,ARTL,0.0,0.0,0.0,-0.010721812780140486,7517.0,1.0,
2026-05-12,ARTNA,0.0,0.0,0.0,-0.0015033883621387864,6995.0,1.0,
2026-05-12,ARTV,0.0,0.0,0.0,2.567631770827515e-05,1926.0,3.0,
2026-05-12,ARTW,0.0,0.0,0.0,0.005304723240059808,56.0,5.0,
2026-05-12,ARTX,0.0,0.0,0.0,0.0,2259.0,2.0,
2026-05-12,ARUN,0.0,0.0,0.0,0.0,2260.0,2.0,
2026-05-12,ARVL,0.0,0.0,0.0,0.0,2261.0,2.0,
2026-05-12,ARVN,0.0,0.0,0.0,-0.0007626635658764466,6733.0,2.0,
2026-05-12,ARWA,0.0,0.0,0.0,0.0,2262.0,2.0,
2026-05-12,ARWA.R,0.0,0.0,0.0,0.0,2263.0,2.0,
2026-05-12,ARWA.W,0.0,0.0,0.0,0.0,2264.0,2.0,
2026-05-12,ARWR,0.00046511627906976747,0.0,0.00046511627906976747,0.003546312145454559,269.0,5.0,"BUY because predicted alpha is in the top decile. Main contributors were mom_252, parkinson_vol_20, mom_21. Liquidity filter passed."
2026-05-12,ARXS,0.0,0.0,0.0,0.0019428361655372548,842.0,4.0,
2026-05-12,ARYA,0.0,0.0,0.0,0.0,2265.0,2.0,
2026-05-12,ARYB,0.0,0.0,0.0,0.0,2266.0,2.0,
2026-05-12,ARYD,0.0,0.0,0.0,0.0,2267.0,2.0,
2026-05-12,ARYE,0.0,0.0,0.0,0.0,2268.0,2.0,
2026-05-12,ASAP,0.0,0.0,0.0,0.0,2269.0,2.0,
2026-05-12,ASAX,0.0,0.0,0.0,0.0,2270.0,2.0,
2026-05-12,ASBB,0.0,0.0,0.0,0.0,2271.0,2.0,
2026-05-12,ASBC.W,0.0,0.0,0.0,0.0,2272.0,2.0,
2026-05-12,ASBI,0.0,0.0,0.0,0.0,2273.0,2.0,
2026-05-12,ASBP,-0.0023954832638795535,-0.002890173410404624,0.0004946901465250706,-0.032486458924278344,7579.0,1.0,"COVER because predicted alpha is in the bottom decile. Main contributors were parkinson_vol_20, volatility_63, roa. Liquidity filter failed."
2026-05-12,ASCA,0.0,0.0,0.0,0.0,2274.0,2.0,
2026-05-12,ASCB,0.0,0.0,0.0,0.0,2275.0,2.0,
2026-05-12,ASCM.A,0.0,0.0,0.0,0.0,2276.0,2.0,
2026-05-12,ASCMA,0.0,0.0,0.0,0.0,2277.0,2.0,
2026-05-12,ASDR,0.0,0.0,0.0,0.0,2278.0,2.0,
2026-05-12,ASEI,0.0,0.0,0.0,0.0,2279.0,2.0,
2026-05-12,ASFI,0.0,0.0,0.0,0.0,2280.0,2.0,
2026-05-12,ASLE,0.0,0.0,0.0,-0.0002522006956522433,6478.0,2.0,
2026-05-12,ASMB,0.0,0.0,0.0,0.0016803893014994107,961.0,4.0,
2026-05-12,ASMI,0.0,0.0,0.0,0.0,2281.0,2.0,
2026-05-12,ASNA,0.0,0.0,0.0,0.0,2282.0,2.0,
2026-05-12,ASND,0.0,0.0,0.0,0.00020831936407773042,1822.0,3.0,
2026-05-12,ASNS,0.0,0.0,0.0,0.0,2283.0,2.0,
2026-05-12,ASO,0.0023954832638795535,0.002890173410404624,-0.0004946901465250706,0.002420375192693575,640.0,5.0,"SELL because predicted alpha is in the top decile. Main contributors were parkinson_vol_20, volume_z_20, volatility_63. Liquidity filter passed."
2026-05-12,ASPA,0.0,0.0,0.0,0.0,2284.0,2.0,
2026-05-12,ASPC,0.0,0.0,0.0,0.0006653444497789761,1541.0,3.0,
2026-05-12,ASPI,0.0,0.0,0.0,0.0032091968688732187,351.0,5.0,
2026-05-12,ASPS,0.0,0.0,0.0,0.0016459010509359856,985.0,4.0,
2026-05-12,ASPU,0.0,0.0,0.0,0.0,2285.0,2.0,
2026-05-12,ASPX,0.0,0.0,0.0,0.0,2286.0,2.0,
2026-05-12,ASRT,-0.002860599542949321,-0.002890173410404624,2.9573867455303087e-05,-0.002372397740792019,7158.0,1.0,"COVER because predicted alpha is in the bottom decile. Main contributors were hl_range_20, close_to_high_20, mom_10. Liquidity filter passed."
2026-05-12,ASRV,0.0,0.0,0.0,-0.00023214545117280228,6465.0,2.0,
2026-05-12,ASRV.P,0.0,0.0,0.0,0.0,2287.0,2.0,
2026-05-12,ASST,-0.0023954832638795535,-0.002890173410404624,0.0004946901465250706,0.0022711141169174296,705.0,5.0,"COVER because predicted alpha is in the bottom decile. Main contributors were close_to_high_20, mom_252, volatility_63. Liquidity filter passed."
2026-05-12,ASTC,0.0,0.0,0.0,0.00016726031139207062,1848.0,3.0,
2026-05-12,ASTE,0.0,0.0,0.0,0.0007106566937745645,1516.0,4.0,
2026-05-12,ASTH,0.0,0.0,0.0,1.1606096256839571e-05,1935.0,3.0,
2026-05-12,ASTI,-0.002860599542949321,-0.002890173410404624,2.9573867455303087e-05,-0.003107745578153708,7234.0,1.0,"COVER because predicted alpha is in the bottom decile. Main contributors were parkinson_vol_20, volatility_63, roa. Liquidity filter passed."
2026-05-12,ASTL,0.0,0.0,0.0,0.0011385914294663848,1252.0,4.0,
2026-05-12,ASTM,0.0,0.0,0.0,0.0,2288.0,2.0,
2026-05-12,ASTR,0.0,0.0,0.0,0.0,2289.0,2.0,
2026-05-12,ASTS,0.0,0.0,0.0,0.0012816461654879983,1172.0,4.0,
2026-05-12,ASUR,0.0,0.0,0.0,0.0025998485087959573,575.0,5.0,
2026-05-12,ASV,0.0,0.0,0.0,0.0,2290.0,2.0,
2026-05-12,ASYS,0.002860599542949321,0.002890173410404624,-2.9573867455303087e-05,0.005243598387918102,59.0,5.0,"SELL because predicted alpha is in the top decile. Main contributors were mom_252, mom_5, intraday_return. Liquidity filter passed."
2026-05-12,ATAI,0.0023954832638795535,0.002890173410404624,-0.0004946901465250706,0.0025197195201009078,603.0,5.0,"SELL because predicted alpha is in the top decile. Main contributors were mom_252, close_to_high_20, hl_range_20. Liquidity filter passed."
2026-05-12,ATAK,0.0,0.0,0.0,0.0,2291.0,2.0,
2026-05-12,ATCX,0.0,0.0,0.0,0.0027258194578722384,517.0,5.0,
2026-05-12,ATEA,0.0,0.0,0.0,0.0,2292.0,2.0,
2026-05-12,ATEC,-0.00046511627906976747,0.0,-0.00046511627906976747,-0.006453762651818422,7434.0,1.0,"SHORT because predicted alpha is in the bottom decile. Main contributors were mom_5, volatility_10, debt_to_equity. Liquidity filter passed."
2026-05-12,ATER,0.0,0.0,0.0,-0.002174608041272435,7128.0,1.0,
2026-05-12,ATEX,0.002860599542949321,0.002890173410404624,-2.9573867455303087e-05,0.0049825753403014645,77.0,5.0,"SELL because predicted alpha is in the top decile. Main contributors were mom_21, parkinson_vol_20, mom_5. Liquidity filter passed."
2026-05-12,ATGL,0.0,0.0,0.0,-0.006066386131170048,7418.0,1.0,
2026-05-12,ATHA,0.0,0.0,0.0,0.0,2293.0,2.0,
2026-05-12,ATHR,0.0,0.0,0.0,0.0031081197817800013,380.0,5.0,
2026-05-12,ATHX,0.0,0.0,0.0,0.0,2294.0,2.0,
2026-05-12,ATIF,0.0,0.0,0.0,0.0,2295.0,2.0,
2026-05-12,ATII,-0.0023954832638795535,-0.002890173410404624,0.0004946901465250706,-0.0009505380791470699,6812.0,2.0,"COVER because predicted alpha is in the bottom decile. Main contributors were hl_range_20, close_to_high_20, volume_mom_20_60. Liquidity filter passed."
2026-05-12,ATIS,0.0,0.0,0.0,0.0,2296.0,2.0,
2026-05-12,ATLC,0.0,0.0,0.0,0.0013671472346779986,1131.0,4.0,
2026-05-12,ATLCL,0.0,0.0,0.0,-0.0013585508220229374,6953.0,1.0,
2026-05-12,ATLCZ,0.0,0.0,0.0,-0.0010209364257410213,6846.0,1.0,
2026-05-12,ATLN,0.0,0.0,0.0,-0.0002742730375549351,6494.0,2.0,
2026-05-12,ATLO,0.0,0.0,0.0,-0.00034384228858032654,6537.0,2.0,
2026-05-12,ATLX,0.0,0.0,0.0,0.0007928899120428768,1462.0,4.0,
2026-05-12,ATMC,0.0,0.0,0.0,0.0,2297.0,2.0,
2026-05-12,ATML,0.0,0.0,0.0,0.0,2298.0,2.0,
2026-05-12,ATMV,0.0,0.0,0.0,0.0,2299.0,2.0,
2026-05-12,ATNF,0.0,0.0,0.0,0.0,2300.0,2.0,
2026-05-12,ATNI,0.0,0.0,0.0,0.0003849491961927646,1719.0,3.0,
2026-05-12,ATNX,0.0,0.0,0.0,0.0,2301.0,2.0,
2026-05-12,ATNY,0.0,0.0,0.0,0.0,2302.0,2.0,
2026-05-12,ATOM,-0.002860599542949321,-0.002890173410404624,2.9573867455303087e-05,-0.006563232112261407,7437.0,1.0,"COVER because predicted alpha is in the bottom decile. Main contributors were parkinson_vol_20, volatility_63, mom_5. Liquidity filter passed."
2026-05-12,ATON,0.0,0.0,0.0,0.0,2303.0,2.0,
2026-05-12,ATOS,0.0,0.0,0.0,-6.658860326181879e-05,6372.0,2.0,
2026-05-12,ATPC,0.0,0.0,0.0,-0.0026992085629919537,7191.0,1.0,
2026-05-12,ATPG,0.0,0.0,0.0,0.0,2304.0,2.0,
2026-05-12,ATRA,0.0,0.0,0.0,-0.0022757939962537842,7138.0,1.0,
2026-05-12,ATRC,0.0,0.0,0.0,-0.0007299050202897372,6723.0,2.0,
2026-05-12,ATRI,0.0,0.0,0.0,0.0,2305.0,2.0,
2026-05-12,ATRM,0.0,0.0,0.0,0.0,2306.0,2.0,
2026-05-12,ATRO,0.0,0.0,0.0,-0.00032022797205627854,6522.0,2.0,
2026-05-12,ATRS,0.0,0.0,0.0,0.0,2307.0,2.0,
2026-05-12,ATSG,0.0,0.0,0.0,0.0,2308.0,2.0,
2026-05-12,ATSPT,0.0,0.0,0.0,0.0,2309.0,2.0,
2026-05-12,ATTU,0.0,0.0,0.0,0.0,2310.0,2.0,
2026-05-12,ATVC,0.0,0.0,0.0,0.0,2311.0,2.0,
2026-05-12,ATVI,0.0,0.0,0.0,0.0,2312.0,2.0,
2026-05-12,ATXG,0.0,0.0,0.0,-0.0011509191426180446,6881.0,1.0,
2026-05-12,ATXI,0.0,0.0,0.0,0.0,2313.0,2.0,
2026-05-12,ATXS,0.0,0.0,0.0,0.0,2314.0,2.0,
2026-05-12,ATY,0.0,0.0,0.0,0.0,2315.0,2.0,
2026-05-12,ATYR,-0.00046511627906976747,0.0,-0.00046511627906976747,-0.009626437290161632,7506.0,1.0,"SHORT because predicted alpha is in the bottom decile. Main contributors were volume_z_60, volatility_10, mom_5. Liquidity filter passed."
2026-05-12,AUBN,0.0,0.0,0.0,0.0,2316.0,2.0,
2026-05-12,AUDC,0.0,0.0,0.0,0.00018328261202349427,1838.0,3.0,
2026-05-12,AUGO,0.0,0.0,0.0,-0.0007863958455219368,6742.0,2.0,
2026-05-12,AUGX,0.0,0.0,0.0,0.0,2317.0,2.0,
2026-05-12,AUID,0.0,0.0,0.0,0.0010831236094844415,1292.0,4.0,
2026-05-12,AUMA,0.0,0.0,0.0,0.0,2318.0,2.0,
2026-05-12,AUMA.U,0.0,0.0,0.0,0.0,2319.0,2.0,
2026-05-12,AUMA.W,0.0,0.0,0.0,0.0,2320.0,2.0,
2026-05-12,AUPH,0.0,0.0,0.0,-0.00035986983382085505,6548.0,2.0,
2026-05-12,AUR,0.0,0.0,0.0,0.0027404980789753623,509.0,5.0,
2026-05-12,AURA,0.0,0.0,0.0,-0.000696770500309583,6707.0,2.0,
2026-05-12,AURC,0.0,0.0,0.0,0.0,2321.0,2.0,
2026-05-12,AURE,0.0,0.0,0.0,0.0019887202915913503,822.0,4.0,
2026-05-12,AUTH,0.0,0.0,0.0,0.0,2322.0,2.0,
2026-05-12,AUTO,0.0,0.0,0.0,0.0,2323.0,2.0,
2026-05-12,AUUD,-0.00046511627906976747,0.0,-0.00046511627906976747,-0.015089929358461365,7533.0,1.0,"SHORT because predicted alpha is in the bottom decile. Main contributors were parkinson_vol_20, volatility_63, mom_21. Liquidity filter passed."
2026-05-12,AUVI,0.0,0.0,0.0,0.0,2324.0,2.0,
2026-05-12,AUXL,0.0,0.0,0.0,0.0,2325.0,2.0,
2026-05-12,AVAC,0.0,0.0,0.0,0.0,2326.0,2.0,
2026-05-12,AVAH,0.0,0.0,0.0,-0.001031845042178679,6850.0,1.0,
2026-05-12,AVAV,0.0,0.0,0.0,0.003307872935795978,328.0,5.0,
2026-05-12,AVBH,0.0,0.0,0.0,0.0008537155579880656,1432.0,4.0,
2026-05-12,AVBP,0.0,0.0,0.0,-0.0002750219977829759,6495.0,2.0,
2026-05-12,AVCO,0.0,0.0,0.0,0.0,2327.0,2.0,
2026-05-12,AVCT,0.0,0.0,0.0,0.0,2328.0,2.0,
2026-05-12,AVDL,0.0,0.0,0.0,0.0,2329.0,2.0,
2026-05-12,AVDX,0.0,0.0,0.0,0.0,2330.0,2.0,
2026-05-12,AVEO,0.0,0.0,0.0,0.0,2331.0,2.0,
2026-05-12,AVGO,0.0,0.0,0.0,0.002598301312214724,576.0,5.0,
2026-05-12,AVGR,0.0,0.0,0.0,0.0,2332.0,2.0,
2026-05-12,AVHI,0.0,0.0,0.0,0.0,2333.0,2.0,
2026-05-12,AVID,0.0,0.0,0.0,0.0,2334.0,2.0,
2026-05-12,AVII,0.0,0.0,0.0,0.0,2335.0,2.0,
2026-05-12,AVIR,0.0,0.0,0.0,-0.00012176985175121466,6401.0,2.0,
2026-05-12,AVLN,0.0,0.0,0.0,0.0002366477369528477,1795.0,3.0,
2026-05-12,AVNR,0.0,0.0,0.0,0.0,2336.0,2.0,
2026-05-12,AVNU,0.0,0.0,0.0,0.0,2337.0,2.0,
2026-05-12,AVNW,-0.0023954832638795535,-0.002890173410404624,0.0004946901465250706,0.00022585685161193586,1802.0,3.0,"COVER because predicted alpha is in the bottom decile. Main contributors were volatility_10, mom_21, price_kurt_63. Liquidity filter passed."
2026-05-12,AVO,0.0,0.0,0.0,0.0009132644959253176,1392.0,4.0,
2026-05-12,AVPT,0.0,0.0,0.0,0.0011895429552101755,1226.0,4.0,
2026-05-12,AVR,-0.002860599542949321,-0.002890173410404624,2.9573867455303087e-05,-0.006726638582155723,7443.0,1.0,"COVER because predicted alpha is in the bottom decile. Main contributors were roa, close_to_high_20, intraday_return. Liquidity filter passed."
2026-05-12,AVRO,0.0,0.0,0.0,0.0,2338.0,2.0,
2026-05-12,AVT,0.0,0.0,0.0,0.0006534316636937416,1550.0,3.0,
2026-05-12,AVTA,0.0,0.0,0.0,0.0,2339.0,2.0,
2026-05-12,AVTE,0.0,0.0,0.0,0.0,2340.0,2.0,
2026-05-12,AVTX,0.0023954832638795535,0.002890173410404624,-0.0004946901465250706,0.0019026821686531023,856.0,4.0,"SELL because predicted alpha is in the top decile. Main contributors were hl_range_20, mom_5, mom_252. Liquidity filter passed."
2026-05-12,AVX,0.0,0.0,0.0,0.0011505856803300258,1242.0,4.0,
2026-05-12,AVXL,0.0,0.0,0.0,0.0023489845300332544,670.0,5.0,
2026-05-12,AVXS,0.0,0.0,0.0,0.0,2341.0,2.0,
2026-05-12,AWH,0.0,0.0,0.0,0.0,2342.0,2.0,
2026-05-12,AWIN,0.0,0.0,0.0,0.0,2343.0,2.0,
2026-05-12,AWRE,0.0,0.0,0.0,0.003981775919107148,180.0,5.0,
2026-05-12,AWSM,0.0,0.0,0.0,0.0,2344.0,2.0,
2026-05-12,AXAR,0.0,0.0,0.0,0.0,2345.0,2.0,
2026-05-12,AXAR.U,0.0,0.0,0.0,0.0,2346.0,2.0,
2026-05-12,AXAR.W,0.0,0.0,0.0,0.0,2347.0,2.0,
2026-05-12,AXAS,0.0,0.0,0.0,0.0,2348.0,2.0,
2026-05-12,AXDX,0.0,0.0,0.0,0.0,2349.0,2.0,
2026-05-12,AXG,0.0,0.0,0.0,0.0028343950258593693,473.0,5.0,
2026-05-12,AXGN,0.0023954832638795535,0.002890173410404624,-0.0004946901465250706,0.003325015735447854,320.0,5.0,"SELL because predicted alpha is in the top decile. Main contributors were parkinson_vol_20, mom_252, mom_21. Liquidity filter passed."
2026-05-12,AXGT,0.0,0.0,0.0,0.0,2350.0,2.0,
2026-05-12,AXIN,0.0,0.0,0.0,-0.0014619549414233947,6982.0,1.0,
2026-05-12,AXJS,0.0,0.0,0.0,0.0,2351.0,2.0,
2026-05-12,AXLA,0.0,0.0,0.0,0.0,2352.0,2.0,
2026-05-12,AXNX,0.0,0.0,0.0,0.0,2353.0,2.0,
2026-05-12,AXON,0.0,0.0,0.0,0.002052811901146335,796.0,4.0,
2026-05-12,AXPW,0.0,0.0,0.0,0.0,2354.0,2.0,
2026-05-12,AXPW.W,0.0,0.0,0.0,0.0,2355.0,2.0,
2026-05-12,AXSM,0.0,0.0,0.0,-0.000437199433408514,6589.0,2.0,
2026-05-12,AXTI,0.00046511627906976747,0.0,0.00046511627906976747,0.00542696806326336,52.0,5.0,"BUY because predicted alpha is in the top decile. Main contributors were hl_range_20, mom_252, mom_21. Liquidity filter passed."
2026-05-12,AY,0.0,0.0,0.0,0.0,2356.0,2.0,
2026-05-12,AYA,0.0,0.0,0.0,-0.002027195062444309,7100.0,1.0,
2026-05-12,AYLA,0.0,0.0,0.0,0.0,2357.0,2.0,
2026-05-12,AYRO,0.0,0.0,0.0,0.0,2358.0,2.0,
2026-05-12,AYTU,0.0,0.0,0.0,-0.0003856855532094143,6562.0,2.0,
2026-05-12,AZ,0.0,0.0,0.0,0.002664518539975208,545.0,5.0,
2026-05-12,AZI,0.0,0.0,0.0,-0.0025672139163769475,7179.0,1.0,
2026-05-12,AZPN,0.0,0.0,0.0,0.0,2359.0,2.0,
2026-05-12,AZRX,0.0,0.0,0.0,0.0,2360.0,2.0,
2026-05-12,AZTA,0.0,0.0,0.0,-0.001855490034365029,7069.0,1.0,
2026-05-12,AZYO,0.0,0.0,0.0,0.0,2361.0,2.0,
2026-05-12,BABY,0.0,0.0,0.0,0.0,2362.0,2.0,
2026-05-12,BACC,0.0,0.0,0.0,3.132078330609668e-06,1942.0,3.0,
2026-05-12,BACK,0.0,0.0,0.0,0.0,2363.0,2.0,
2026-05-12,BACQ,0.0,0.0,0.0,0.0,2364.0,2.0,
2026-05-12,BAER,0.0,0.0,0.0,0.0025911553057619175,578.0,5.0,
2026-05-12,BAFN,0.0,0.0,0.0,-0.004664653194182872,7359.0,1.0,
2026-05-12,BAGL,0.0,0.0,0.0,0.0,2365.0,2.0,
2026-05-12,BAGR,0.0,0.0,0.0,0.0,2366.0,2.0,
2026-05-12,BAMM,0.0,0.0,0.0,0.0,2367.0,2.0,
2026-05-12,BANC.L,0.0,0.0,0.0,0.0,2368.0,2.0,
2026-05-12,BANC.P,0.0,0.0,0.0,0.0,2369.0,2.0,
2026-05-12,BAND,0.0,0.0,0.0,0.0028665281719193456,462.0,5.0,
2026-05-12,BANF,0.0,0.0,0.0,0.0007890511461847771,1470.0,4.0,
2026-05-12,BANL,0.0,0.0,0.0,-0.0001353990793787306,6410.0,2.0,
2026-05-12,BANR,0.0,0.0,0.0,0.0005625290928325528,1613.0,3.0,
2026-05-12,BANX,0.0,0.0,0.0,0.00011369657046969225,1883.0,3.0,
2026-05-12,BAOS,0.0,0.0,0.0,0.0015868184214691697,1014.0,4.0,
2026-05-12,BASE,0.0,0.0,0.0,0.0,2370.0,2.0,
2026-05-12,BASI,0.0,0.0,0.0,0.0,2371.0,2.0,
2026-05-12,BATR.K,0.0,0.0,0.0,0.0,2372.0,2.0,
2026-05-12,BATR.R,0.0,0.0,0.0,0.0,2373.0,2.0,
2026-05-12,BATR.V,0.0,0.0,0.0,0.0,2374.0,2.0,
2026-05-12,BATRA,0.0,0.0,0.0,0.0005714815180385881,1607.0,3.0,
2026-05-12,BATRK,0.0,0.0,0.0,-4.2599148300532414e-05,6360.0,2.0,
2026-05-12,BAXS,0.0,0.0,0.0,0.0,2375.0,2.0,
2026-05-12,BAYA,0.0,0.0,0.0,-0.004509472061650151,7343.0,1.0,
2026-05-12,BBCN,0.0,0.0,0.0,0.0,2376.0,2.0,
2026-05-12,BBCP,0.0,0.0,0.0,0.001235372674614581,1201.0,4.0,
2026-05-12,BBCQ,0.0,0.0,0.0,-0.001175736242417502,6891.0,1.0,
2026-05-12,BBEP,0.0,0.0,0.0,0.0,2377.0,2.0,
2026-05-12,BBGI,0.0,0.0,0.0,0.004885300106579402,83.0,5.0,
2026-05-12,BBI,0.0,0.0,0.0,0.0,2378.0,2.0,
2026-05-12,BBIG,0.0,0.0,0.0,0.0,2379.0,2.0,
2026-05-12,BBIGV,0.0,0.0,0.0,0.0,2380.0,2.0,
2026-05-12,BBIO,0.0,0.0,0.0,-0.0004512363464093549,6595.0,2.0,
2026-05-12,BBLG,0.0,0.0,0.0,0.0011202941911318647,1268.0,4.0,
2026-05-12,BBND,0.0,0.0,0.0,0.0,2381.0,2.0,
2026-05-12,BBNK,0.0,0.0,0.0,0.0,2382.0,2.0,
2026-05-12,BBNX,0.0,0.0,0.0,0.0027984922235745084,483.0,5.0,
2026-05-12,BBOT,0.0,0.0,0.0,0.0014624285383089135,1079.0,4.0,
2026-05-12,BBOX,0.0,0.0,0.0,0.0,2383.0,2.0,
2026-05-12,BBQ,0.0,0.0,0.0,0.0,2384.0,2.0,
2026-05-12,BBRG,0.0,0.0,0.0,0.0,2385.0,2.0,
2026-05-12,BBRX,0.0,0.0,0.0,0.0,2386.0,2.0,
2026-05-12,BBSI,0.0,0.0,0.0,0.001102225173582409,1282.0,4.0,
2026-05-12,BCAB,0.0,0.0,0.0,-0.004345071370441186,7330.0,1.0,
2026-05-12,BCAC,0.0,0.0,0.0,0.0,2387.0,2.0,
2026-05-12,BCAL,0.0,0.0,0.0,-0.0007224619479225198,6720.0,2.0,
2026-05-12,BCAN,0.0,0.0,0.0,0.0,2388.0,2.0,
2026-05-12,BCAR,0.0,0.0,0.0,-0.0014395208337333668,6975.0,1.0,
2026-05-12,BCAX,0.0,0.0,0.0,0.0014900411175694417,1061.0,4.0,
2026-05-12,BCBP,0.0,0.0,0.0,0.00039611267261508776,1710.0,3.0,
2026-05-12,BCDA,0.0,0.0,0.0,-0.004337765885054046,7329.0,1.0,
2026-05-12,BCEL,0.0,0.0,0.0,0.0,2389.0,2.0,
2026-05-12,BCG,0.0,0.0,0.0,0.0023925587173211763,648.0,5.0,
2026-05-12,BCIC,0.0,0.0,0.0,0.0004034803149806621,1705.0,3.0,
2026-05-12,BCLI,0.0,0.0,0.0,0.0,2390.0,2.0,
2026-05-12,BCML,0.0,0.0,0.0,-0.0012774824361695748,6931.0,1.0,
2026-05-12,BCOM,0.0,0.0,0.0,0.0,2391.0,2.0,
2026-05-12,BCOV,0.0,0.0,0.0,0.0,2392.0,2.0,
2026-05-12,BCOW,0.0,0.0,0.0,0.0,2393.0,2.0,
2026-05-12,BCPC,0.0,0.0,0.0,-9.739390943515995e-05,6386.0,2.0,
2026-05-12,BCRX,0.0,0.0,0.0,0.0022109575235351817,729.0,5.0,
2026-05-12,BCSA,0.0,0.0,0.0,0.0,2394.0,2.0,
2026-05-12,BCSI,0.0,0.0,0.0,0.0,2395.0,2.0,
2026-05-12,BCTF,0.0,0.0,0.0,0.0,2396.0,2.0,
2026-05-12,BCTG,0.0,0.0,0.0,0.0,2397.0,2.0,
2026-05-12,BCTX,0.0,0.0,0.0,-0.00010128796724549477,6387.0,2.0,
2026-05-12,BCTXL,0.0,0.0,0.0,0.0008770770253195839,1416.0,4.0,
2026-05-12,BCYP,0.0,0.0,0.0,0.0,2398.0,2.0,
2026-05-12,BDBD,0.0,0.0,0.0,0.0,2399.0,2.0,
2026-05-12,BDCI,-0.0023954832638795535,-0.002890173410404624,0.0004946901465250706,-0.0011054419977470442,6869.0,1.0,"COVER because predicted alpha is in the bottom decile. Main contributors were hl_range_20, close_to_high_20, volatility_20. Liquidity filter failed."
2026-05-12,BDCV,0.0,0.0,0.0,0.0,2400.0,2.0,
2026-05-12,BDE,0.0,0.0,0.0,0.0,2401.0,2.0,
2026-05-12,BDGE,0.0,0.0,0.0,0.0,2402.0,2.0,
2026-05-12,BDMD,0.0,0.0,0.0,-0.0020732374095459383,7106.0,1.0,
2026-05-12,BDMS,0.0,0.0,0.0,0.0,2403.0,2.0,
2026-05-12,BDSI,0.0,0.0,0.0,0.0,2404.0,2.0,
2026-05-12,BDSX,0.0,0.0,0.0,0.0012109889049155419,1214.0,4.0,
2026-05-12,BDTX,0.00046511627906976747,0.0,0.00046511627906976747,0.003827688861598148,213.0,5.0,"BUY because predicted alpha is in the top decile. Main contributors were hl_range_20, roa, intraday_return. Liquidity filter passed."
2026-05-12,BEAG,0.0,0.0,0.0,-0.0006730454361878599,6700.0,2.0,
2026-05-12,BEAM,0.002860599542949321,0.002890173410404624,-2.9573867455303087e-05,0.003574004116991587,264.0,5.0,"SELL because predicted alpha is in the top decile. Main contributors were mom_5, parkinson_vol_20, log_dollar_vol_20. Liquidity filter passed."
2026-05-12,BEAT,0.0,0.0,0.0,-0.00577718940807694,7405.0,1.0,
2026-05-12,BEAV,0.0,0.0,0.0,0.0,2405.0,2.0,
2026-05-12,BEAV.V,0.0,0.0,0.0,0.0,2406.0,2.0,
2026-05-12,BECN,0.0,0.0,0.0,0.0,2407.0,2.0,
2026-05-12,BEEM,0.0,0.0,0.0,0.0015781478555060217,1019.0,4.0,
2026-05-12,BEEP,0.0,0.0,0.0,0.004656772911797476,98.0,5.0,
2026-05-12,BEER,0.0,0.0,0.0,0.0,2408.0,2.0,
2026-05-12,BELFA,0.0023954832638795535,0.002890173410404624,-0.0004946901465250706,0.003021000046898023,410.0,5.0,"SELL because predicted alpha is in the top decile. Main contributors were parkinson_vol_20, mom_252, mom_21. Liquidity filter passed."
2026-05-12,BELFB,0.0023954832638795535,0.002890173410404624,-0.0004946901465250706,0.001426293498665004,1094.0,4.0,"SELL because predicted alpha is in the top decile. Main contributors were parkinson_vol_20, mom_252, mom_21. Liquidity filter passed."
2026-05-12,BENE,0.0,0.0,0.0,0.0,2409.0,2.0,
2026-05-12,BENF,0.0,0.0,0.0,2.2704668187787678e-05,1929.0,3.0,
2026-05-12,BETR,0.0,0.0,0.0,0.0003270517726468939,1747.0,3.0,
2026-05-12,BETS,0.0,0.0,0.0,0.0,2410.0,2.0,
2026-05-12,BEXP,0.0,0.0,0.0,0.0,2411.0,2.0,
2026-05-12,BFC,0.0,0.0,0.0,0.0007089570550080475,1517.0,3.0,
2026-05-12,BFI,0.0,0.0,0.0,0.0,2412.0,2.0,
2026-05-12,BFIN,0.0,0.0,0.0,0.0,2413.0,2.0,
2026-05-12,BFL,0.0,0.0,0.0,0.0,2414.0,2.0,
2026-05-12,BFRG,0.0,0.0,0.0,-0.003920950201346925,7302.0,1.0,
2026-05-12,BFRI,0.0,0.0,0.0,0.0014212730598584457,1100.0,4.0,
2026-05-12,BFST,0.0,0.0,0.0,-0.0001997306236340834,6452.0,2.0,
2026-05-12,BFYT,0.0,0.0,0.0,0.0,2415.0,2.0,
2026-05-12,BGC,0.0,0.0,0.0,-0.0005143079298352004,6629.0,2.0,
2026-05-12,BGCP,0.0,0.0,0.0,0.0,2416.0,2.0,
2026-05-12,BGCPV,0.0,0.0,0.0,0.0,2417.0,2.0,
2026-05-12,BGDE,0.0,0.0,0.0,-0.003443724362747664,7268.0,1.0,
2026-05-12,BGFV,0.0,0.0,0.0,0.0,2418.0,2.0,
2026-05-12,BGIN,0.0,0.0,0.0,-0.0008214758285585307,6758.0,2.0,
2026-05-12,BGL,0.0,0.0,0.0,0.0008789492162894772,1413.0,4.0,
2026-05-12,BGLC,0.0,0.0,0.0,0.003026585261951473,407.0,5.0,
2026-05-12,BGM,0.0,0.0,0.0,0.0009083490562899425,1399.0,4.0,
2026-05-12,BGMD,0.0,0.0,0.0,0.0,2419.0,2.0,
2026-05-12,BGMS,0.0,0.0,0.0,0.00022457336793573813,1805.0,3.0,
2026-05-12,BGRY,0.0,0.0,0.0,0.0,2420.0,2.0,
2026-05-12,BGXX,0.0,0.0,0.0,0.0,2421.0,2.0,
2026-05-12,BHAC,0.0,0.0,0.0,0.0,2422.0,2.0,
2026-05-12,BHAC.R,0.0,0.0,0.0,0.0,2423.0,2.0,
2026-05-12,BHAC.U,0.0,0.0,0.0,0.0,2424.0,2.0,
2026-05-12,BHAT,0.0,0.0,0.0,0.0,2425.0,2.0,
2026-05-12,BHAV,-0.0023954832638795535,-0.002890173410404624,0.0004946901465250706,-0.0037060073770269213,7288.0,1.0,"COVER because predicted alpha is in the bottom decile. Main contributors were hl_range_20, close_to_high_20, volatility_20. Liquidity filter failed."
2026-05-12,BHBK,0.0,0.0,0.0,0.0,2426.0,2.0,
2026-05-12,BHF,0.0,0.0,0.0,0.00014133604917824136,1865.0,3.0,
2026-05-12,BHFAL,0.0,0.0,0.0,0.0006736797573419787,1536.0,3.0,
2026-05-12,BHFAM,0.0,0.0,0.0,-2.231863563940553e-05,6352.0,2.0,
2026-05-12,BHFAN,0.0,0.0,0.0,0.00021977217000785596,1812.0,3.0,
2026-05-12,BHFAO,0.0,0.0,0.0,0.00033934689353951275,1740.0,3.0,
2026-05-12,BHIL,0.0,0.0,0.0,0.0,2427.0,2.0,
2026-05-12,BHRB,0.0,0.0,0.0,-0.0015428574057854217,7010.0,1.0,
2026-05-12,BHSE,0.0,0.0,0.0,0.0,2428.0,2.0,
2026-05-12,BHST,0.0,0.0,0.0,-0.0010371271806051009,6852.0,1.0,
2026-05-12,BHTG,0.0,0.0,0.0,0.0,2429.0,2.0,
2026-05-12,BIAF,0.0,0.0,0.0,-0.00047829743906254476,6611.0,2.0,
2026-05-12,BIGC,0.0,0.0,0.0,0.0,2430.0,2.0,
2026-05-12,BIIB,0.0,0.0,0.0,0.00027382775881028916,1773.0,3.0,
2026-05-12,BIIBV,0.0,0.0,0.0,0.0,2431.0,2.0,
2026-05-12,BIMI,0.0,0.0,0.0,0.0,2432.0,2.0,
2026-05-12,BIND,0.0,0.0,0.0,0.0,2433.0,2.0,
2026-05-12,BINI,0.0,0.0,0.0,0.0,2434.0,2.0,
2026-05-12,BIOA,0.002860599542949321,0.002890173410404624,-2.9573867455303087e-05,0.004294104522276329,138.0,5.0,"SELL because predicted alpha is in the top decile. Main contributors were mom_252, mom_5, parkinson_vol_20. Liquidity filter passed."
2026-05-12,BIOC,0.0,0.0,0.0,0.0,2435.0,2.0,
2026-05-12,BIOD,0.0,0.0,0.0,0.0,2436.0,2.0,
2026-05-12,BIOF,0.0,0.0,0.0,0.0,2437.0,2.0,
2026-05-12,BIOF.R,0.0,0.0,0.0,0.0,2438.0,2.0,
2026-05-12,BIOL,0.0,0.0,0.0,0.0,2439.0,2.0,
2026-05-12,BIOP,0.0,0.0,0.0,0.0,2440.0,2.0,
2026-05-12,BIOR,0.0,0.0,0.0,0.0,2441.0,2.0,
2026-05-12,BIOS,0.0,0.0,0.0,0.0,2442.0,2.0,
2026-05-12,BIOT,0.0,0.0,0.0,0.0,2443.0,2.0,
2026-05-12,BIOX,0.0,0.0,0.0,0.006735035933907097,10.0,5.0,
2026-05-12,BIQI,0.0,0.0,0.0,0.0,2444.0,2.0,
2026-05-12,BIRD,-0.002860599542949321,-0.002890173410404624,2.9573867455303087e-05,-0.019218835984365645,7547.0,1.0,"COVER because predicted alpha is in the bottom decile. Main contributors were parkinson_vol_20, volatility_63, volume_mom_20_60. Liquidity filter passed."
2026-05-12,BIRT,0.0,0.0,0.0,0.0,2445.0,2.0,
2026-05-12,BITF,0.0,0.0,0.0,0.0,2446.0,2.0,
2026-05-12,BIVI,0.0,0.0,0.0,-0.0006301958709380298,6681.0,2.0,
2026-05-12,BIVV,0.0,0.0,0.0,0.0,2447.0,2.0,
2026-05-12,BIVVV,0.0,0.0,0.0,0.0,2448.0,2.0,
2026-05-12,BIXI,0.0,0.0,0.0,0.000403851154384181,1704.0,3.0,
2026-05-12,BIYA,0.0,0.0,0.0,-0.009302680554500935,7503.0,1.0,
2026-05-12,BJDX,0.0,0.0,0.0,-0.0018934622033219583,7078.0,1.0,
2026-05-12,BJRI,0.0023954832638795535,0.002890173410404624,-0.0004946901465250706,0.003161000692693662,364.0,5.0,"SELL because predicted alpha is in the top decile. Main contributors were parkinson_vol_20, mom_5, volatility_63. Liquidity filter passed."
2026-05-12,BKCC,0.0,0.0,0.0,0.0,2449.0,2.0,
2026-05-12,BKEP,0.0,0.0,0.0,0.0,2450.0,2.0,
2026-05-12,BKEP.P,0.0,0.0,0.0,0.0,2451.0,2.0,
2026-05-12,BKHA,0.0,0.0,0.0,-0.0018890408368123562,7077.0,1.0,
2026-05-12,BKMU,0.0,0.0,0.0,0.0,2452.0,2.0,
2026-05-12,BKNG,0.0023954832638795535,0.002890173410404624,-0.0004946901465250706,0.00197617969433538,829.0,4.0,"SELL because predicted alpha is in the top decile. Main contributors were parkinson_vol_20, log_dollar_vol_20, volume_z_60. Liquidity filter passed."
2026-05-12,BKR,0.0,0.0,0.0,0.0013132309583636758,1163.0,4.0,
2026-05-12,BKSC,0.0,0.0,0.0,0.0,2453.0,2.0,
2026-05-12,BKYF,0.0,0.0,0.0,0.0,2454.0,2.0,
2026-05-12,BKYI,-0.00046511627906976747,0.0,-0.00046511627906976747,-0.005197747235578251,7385.0,1.0,"SHORT because predicted alpha is in the bottom decile. Main contributors were volume_z_60, parkinson_vol_20, mom_5. Liquidity filter passed."
2026-05-12,BL,0.0,0.0,0.0,0.001040410867823197,1325.0,4.0,
2026-05-12,BLAC,0.0,0.0,0.0,0.0,2455.0,2.0,
2026-05-12,BLBD,0.00046511627906976747,0.0,0.00046511627906976747,0.003862857956452623,203.0,5.0,"BUY because predicted alpha is in the top decile. Main contributors were parkinson_vol_20, mom_5, roa. Liquidity filter passed."
2026-05-12,BLBD.W,0.0,0.0,0.0,0.0,2456.0,2.0,
2026-05-12,BLBX,0.0,0.0,0.0,0.0,2457.0,2.0,
2026-05-12,BLCM,0.0,0.0,0.0,0.0,2458.0,2.0,
2026-05-12,BLDE,0.0,0.0,0.0,0.0,2459.0,2.0,
2026-05-12,BLDP,0.0,0.0,0.0,-0.0015758003913615994,7013.0,1.0,
2026-05-12,BLEU,0.0,0.0,0.0,0.0,2460.0,2.0,
2026-05-12,BLFS,0.0,0.0,0.0,0.0017033190712406336,951.0,4.0,
2026-05-12,BLFY,0.0,0.0,0.0,0.0,2461.0,2.0,
2026-05-12,BLI,0.0,0.0,0.0,0.0,2462.0,2.0,
2026-05-12,BLIN,0.0,0.0,0.0,0.0037772926371985637,222.0,5.0,
2026-05-12,BLIV,0.0,0.0,0.0,0.0035469242385167818,268.0,5.0,
2026-05-12,BLKB,0.0,0.0,0.0,0.0009155996922379706,1390.0,4.0,
2026-05-12,BLLN,0.0,0.0,0.0,0.0008294229213887739,1438.0,4.0,
2026-05-12,BLMN,0.002860599542949321,0.002890173410404624,-2.9573867455303087e-05,0.005359728466027293,55.0,5.0,"SELL because predicted alpha is in the top decile. Main contributors were mom_5, sales_to_price, mom_21. Liquidity filter passed."
2026-05-12,BLMT,0.0,0.0,0.0,0.0,2463.0,2.0,
2026-05-12,BLMZ,0.0,0.0,0.0,0.0,2464.0,2.0,
2026-05-12,BLNE,0.0,0.0,0.0,0.0025473514040631794,595.0,5.0,
2026-05-12,BLNG,0.0,0.0,0.0,0.0,2465.0,2.0,
2026-05-12,BLNK,-0.001930366984809786,-0.002890173410404624,0.0009598064255948381,0.005278353278923442,57.0,5.0,"COVER because predicted alpha is in the bottom decile. Main contributors were volume_z_60, parkinson_vol_20, volatility_10. Liquidity filter passed."
2026-05-12,BLPH,0.0,0.0,0.0,0.0,2466.0,2.0,
2026-05-12,BLRK,0.0,0.0,0.0,-0.0006128831611619742,6675.0,2.0,
2026-05-12,BLSA,0.0,0.0,0.0,0.0,2467.0,2.0,
2026-05-12,BLTS,0.0,0.0,0.0,0.0,2468.0,2.0,
2026-05-12,BLU,0.0,0.0,0.0,0.0,2469.0,2.0,
2026-05-12,BLUD,0.0,0.0,0.0,0.0,2470.0,2.0,
2026-05-12,BLUE,0.0,0.0,0.0,0.0,2471.0,2.0,
2026-05-12,BLUEV,0.0,0.0,0.0,0.0,2472.0,2.0,
2026-05-12,BLUW,0.0,0.0,0.0,-0.0009793030638468947,6826.0,1.0,
2026-05-12,BLVD,0.0,0.0,0.0,0.0,2473.0,2.0,
2026-05-12,BLVD.U,0.0,0.0,0.0,0.0,2474.0,2.0,
2026-05-12,BLZE,0.0023954832638795535,0.002890173410404624,-0.0004946901465250706,0.0001109830874661213,1886.0,3.0,"SELL because predicted alpha is in the top decile. Main contributors were mom_21, close_to_low_20, parkinson_vol_20. Liquidity filter passed."
2026-05-12,BLZR,0.0,0.0,0.0,-0.0006483454334450115,6692.0,2.0,
2026-05-12,BMAQ,0.0,0.0,0.0,0.0,2475.0,2.0,
2026-05-12,BMBL,0.0,0.0,0.0,-0.0011677932519712731,6889.0,1.0,
2026-05-12,BMC,0.0,0.0,0.0,0.0,2476.0,2.0,
2026-05-12,BMCH,0.0,0.0,0.0,0.0,2477.0,2.0,
2026-05-12,BMEA,0.0,0.0,0.0,0.0017189010856761998,944.0,4.0,
2026-05-12,BMGL,0.0,0.0,0.0,0.0048691367524770065,86.0,5.0,
2026-05-12,BMHL,0.0,0.0,0.0,0.0014797817204210766,1068.0,4.0,
2026-05-12,BMM,0.0,0.0,0.0,-0.0002318888295466516,6463.0,2.0,
2026-05-12,BMR,0.0,0.0,0.0,0.0030088998617818536,414.0,5.0,
2026-05-12,BMRA,0.0,0.0,0.0,-0.000738980320449474,6725.0,2.0,
2026-05-12,BMRC,0.0,0.0,0.0,-0.0001855081454938107,6439.0,2.0,
2026-05-12,BMRN,0.0,0.0,0.0,0.0013993629954422572,1118.0,4.0,
2026-05-12,BMTC,0.0,0.0,0.0,0.0,2478.0,2.0,
2026-05-12,BNAI,0.0,0.0,0.0,0.0015264040845357268,1047.0,4.0,
2026-05-12,BNBX,0.0,0.0,0.0,0.0013155311565789126,1160.0,4.0,
2026-05-12,BNC,0.0,0.0,0.0,0.0016591429118167958,976.0,4.0,
2026-05-12,BNCL,0.0,0.0,0.0,0.0,2479.0,2.0,
2026-05-12,BNCN,0.0,0.0,0.0,0.0,2480.0,2.0,
2026-05-12,BNFT,0.0,0.0,0.0,0.0,2481.0,2.0,
2026-05-12,BNGO,0.0,0.0,0.0,0.0006873691037096284,1530.0,3.0,
2026-05-12,BNIX,0.0,0.0,0.0,0.0,2482.0,2.0,
2026-05-12,BNKK,0.0,0.0,0.0,0.00013322176817574588,1872.0,3.0,
2026-05-12,BNMV,0.0,0.0,0.0,0.0,2483.0,2.0,
2026-05-12,BNNR,0.0,0.0,0.0,0.0,2484.0,2.0,
2026-05-12,BNRG,0.0,0.0,0.0,-0.009886996437463423,7508.0,1.0,
2026-05-12,BNSO,0.0,0.0,0.0,0.0,2485.0,2.0,
2026-05-12,BNTC,0.0,0.0,0.0,0.0031590361948636166,365.0,5.0,
2026-05-12,BNTC.W,0.0,0.0,0.0,0.0,2486.0,2.0,
2026-05-12,BNVID,0.0,0.0,0.0,0.0,2487.0,2.0,
2026-05-12,BNZI,-0.0023954832638795535,-0.002890173410404624,0.0004946901465250706,-0.002833480889642796,7208.0,1.0,"COVER because predicted alpha is in the bottom decile. Main contributors were parkinson_vol_20, volatility_10, mom_21. Liquidity filter failed."
2026-05-12,BOBE,0.0,0.0,0.0,0.0,2488.0,2.0,
2026-05-12,BOCH,0.0,0.0,0.0,0.0,2489.0,2.0,
2026-05-12,BOCN,0.0,0.0,0.0,0.0,2490.0,2.0,
2026-05-12,BODI,0.0,0.0,0.0,0.0005983488958715508,1588.0,3.0,
2026-05-12,BOF,0.0,0.0,0.0,0.0006073587400454228,1581.0,3.0,
2026-05-12,BOFI.L,0.0,0.0,0.0,0.0,2491.0,2.0,
2026-05-12,BOFIL,0.0,0.0,0.0,0.0,2492.0,2.0,
2026-05-12,BOJA,0.0,0.0,0.0,0.0,2493.0,2.0,
2026-05-12,BOKF,0.0,0.0,0.0,0.00029402592006305895,1764.0,3.0,
2026-05-12,BOKF.L,0.0,0.0,0.0,0.0,2494.0,2.0,
2026-05-12,BOKFL,0.0,0.0,0.0,0.0,2495.0,2.0,
2026-05-12,BOLD,0.0,0.0,0.0,-0.0020052898757133898,7097.0,1.0,
2026-05-12,BOLT,0.0,0.0,0.0,5.00364781767169e-05,1916.0,3.0,
2026-05-12,BON,0.0,0.0,0.0,0.0023710079754229664,660.0,5.0,
2026-05-12,BONA,0.0,0.0,0.0,0.0,2496.0,2.0,
2026-05-12,BONT,0.0,0.0,0.0,0.0,2497.0,2.0,
2026-05-12,BOOM,0.0,0.0,0.0,0.0003140119359061686,1757.0,3.0,
2026-05-12,BOSC,0.0,0.0,0.0,-0.00025981763899976616,6485.0,2.0,
2026-05-12,BOTA,0.0,0.0,0.0,0.0,2498.0,2.0,
2026-05-12,BOTJ,0.0,0.0,0.0,-0.0009927900823555858,6832.0,1.0,
2026-05-12,BOWN,0.0,0.0,0.0,0.0,2499.0,2.0,
2026-05-12,BOWX,0.0,0.0,0.0,0.0,2500.0,2.0,
2026-05-12,BOXL,0.0,0.0,0.0,-0.0011180535435133454,6874.0,1.0,
2026-05-12,BPAC,0.0,0.0,0.0,0.0,2501.0,2.0,
2026-05-12,BPAX,0.0,0.0,0.0,0.0,2502.0,2.0,
2026-05-12,BPFH,0.0,0.0,0.0,0.0,2503.0,2.0,
2026-05-12,BPFH.W,0.0,0.0,0.0,0.0,2504.0,2.0,
2026-05-12,BPHX,0.0,0.0,0.0,0.0,2505.0,2.0,
2026-05-12,BPMC,0.0,0.0,0.0,0.0,2506.0,2.0,
2026-05-12,BPOP,0.0,0.0,0.0,0.0010300565943048147,1335.0,4.0,
2026-05-12,BPR,0.0,0.0,0.0,0.0,2507.0,2.0,
2026-05-12,BPRN,0.0,0.0,0.0,0.001656132363632562,978.0,4.0,
2026-05-12,BPTH,0.0,0.0,0.0,0.0,2508.0,2.0,
2026-05-12,BPY,0.0,0.0,0.0,0.0,2509.0,2.0,
2026-05-12,BPYPM,0.0,0.0,0.0,-0.00030239491333123106,6512.0,2.0,
2026-05-12,BPYPN,0.0,0.0,0.0,-0.0006937925813378688,6705.0,2.0,
2026-05-12,BPYPO,0.0,0.0,0.0,0.00043572155016016224,1687.0,3.0,
2026-05-12,BPYU,0.0,0.0,0.0,0.0,2510.0,2.0,
2026-05-12,BRAC,0.0,0.0,0.0,0.0,2511.0,2.0,
2026-05-12,BRAG,0.0,0.0,0.0,0.0036878832414835353,237.0,5.0,
2026-05-12,BRAI,0.0,0.0,0.0,-0.0003247663486908381,6527.0,2.0,
2026-05-12,BRCB,0.0023954832638795535,0.002890173410404624,-0.0004946901465250706,0.002200464113023661,735.0,5.0,"SELL because predicted alpha is in the top decile. Main contributors were parkinson_vol_20, close_to_high_20, volume_z_60. Liquidity filter passed."
2026-05-12,BRCD,0.0,0.0,0.0,0.0,2512.0,2.0,
2026-05-12,BRCM,0.0,0.0,0.0,0.0,2513.0,2.0,
2026-05-12,BRCN,0.0,0.0,0.0,0.0,2514.0,2.0,
2026-05-12,BRDR,0.0,0.0,0.0,0.0,2515.0,2.0,
2026-05-12,BREA,0.0,0.0,0.0,0.0,2516.0,2.0,
2026-05-12,BREZ,0.0,0.0,0.0,0.0,2517.0,2.0,
2026-05-12,BRFH,0.0,0.0,0.0,0.00020511850931734149,1825.0,3.0,
2026-05-12,BRID,0.0,0.0,0.0,0.001602331637435454,1006.0,4.0,
2026-05-12,BRIV,0.0,0.0,0.0,0.0,2518.0,2.0,
2026-05-12,BRKH,0.0,0.0,0.0,0.0,2519.0,2.0,
2026-05-12,BRKL,0.0,0.0,0.0,0.0,2520.0,2.0,
2026-05-12,BRKR,0.0,0.0,0.0,0.0007669511125788023,1483.0,4.0,
2026-05-12,BRLI,0.0,0.0,0.0,0.0,2521.0,2.0,
2026-05-12,BRLS,0.0,0.0,0.0,-0.012247502956044539,7523.0,1.0,
2026-05-12,BRLT,0.0,0.0,0.0,0.0027332273237699093,515.0,5.0,
2026-05-12,BROG,0.0,0.0,0.0,0.0,2522.0,2.0,
2026-05-12,BRP,0.0,0.0,0.0,0.0,2523.0,2.0,
2026-05-12,BRPA,0.0,0.0,0.0,0.0,2524.0,2.0,
2026-05-12,BRPM,0.0,0.0,0.0,0.0,2525.0,2.0,
2026-05-12,BRQS,0.0,0.0,0.0,0.0,2526.0,2.0,
2026-05-12,BRR,0.0,0.0,0.0,0.0032510001457229775,344.0,5.0,
2026-05-12,BRSH,0.0,0.0,0.0,0.0,2527.0,2.0,
2026-05-12,BRTX,0.0,0.0,0.0,-0.007861130212009109,7475.0,1.0,
2026-05-12,BRY,0.0,0.0,0.0,0.0,2528.0,2.0,
2026-05-12,BRZE,0.0,0.0,0.0,0.0009751644754740861,1368.0,4.0,
2026-05-12,BSAA,0.0,0.0,0.0,-0.001950517637269803,7086.0,1.0,
2026-05-12,BSBK,0.0,0.0,0.0,-0.0018841974963150034,7076.0,1.0,
2026-05-12,BSDM,0.0,0.0,0.0,0.0,2529.0,2.0,
2026-05-12,BSET,0.0,0.0,0.0,0.001360553382720099,1136.0,4.0,
2026-05-12,BSF,0.0,0.0,0.0,0.0,2530.0,2.0,
2026-05-12,BSFC,0.0,0.0,0.0,0.0,2531.0,2.0,
2026-05-12,BSFT,0.0,0.0,0.0,0.0,2532.0,2.0,
2026-05-12,BSGA,0.0,0.0,0.0,0.0,2533.0,2.0,
2026-05-12,BSGM,0.0,0.0,0.0,0.0,2534.0,2.0,
2026-05-12,BSII,0.0,0.0,0.0,0.0,2535.0,2.0,
2026-05-12,BSKY,0.0,0.0,0.0,0.0,2536.0,2.0,
2026-05-12,BSLK,0.0,0.0,0.0,0.0,2537.0,2.0,
2026-05-12,BSPE,0.0,0.0,0.0,0.0,2538.0,2.0,
2026-05-12,BSPM,0.0,0.0,0.0,0.0,2539.0,2.0,
2026-05-12,BSQR,0.0,0.0,0.0,0.0,2540.0,2.0,
2026-05-12,BSRR,0.0,0.0,0.0,-0.0006479823671010262,6691.0,2.0,
2026-05-12,BSTC,0.0,0.0,0.0,0.0,2541.0,2.0,
2026-05-12,BSTG,0.0,0.0,0.0,0.0,2542.0,2.0,
2026-05-12,BSVN,0.0,0.0,0.0,-0.0005521776424529454,6650.0,2.0,
2026-05-12,BSY,0.0,0.0,0.0,0.0011853881538470674,1229.0,4.0,
2026-05-12,BTAI,0.0,0.0,0.0,-0.0015709393311987819,7012.0,1.0,
2026-05-12,BTAQ,0.0,0.0,0.0,0.0,2543.0,2.0,
2026-05-12,BTAQU,0.0,0.0,0.0,0.0,2544.0,2.0,
2026-05-12,BTB,0.0,0.0,0.0,0.0,2545.0,2.0,
2026-05-12,BTBD,0.0,0.0,0.0,-0.00015592276518251115,6423.0,2.0,
2026-05-12,BTBT,-0.0023954832638795535,-0.002890173410404624,0.0004946901465250706,0.003199199860545036,355.0,5.0,"COVER because predicted alpha is in the bottom decile. Main contributors were volume_z_60, mom_10, volatility_10. Liquidity filter passed."
2026-05-12,BTCS,0.0,0.0,0.0,0.0025208079155744916,601.0,5.0,
2026-05-12,BTCT,0.0,0.0,0.0,0.0025781164729734136,586.0,5.0,
2026-05-12,BTCY,0.0,0.0,0.0,0.0,2546.0,2.0,
2026-05-12,BTDR,0.0,0.0,0.0,0.0023548408357966077,668.0,5.0,
2026-05-12,BTM,0.0,0.0,0.0,0.001417746759606878,1101.0,4.0,
2026-05-12,BTMD,0.0,0.0,0.0,0.0021236710586889263,767.0,4.0,
2026-05-12,BTNB,0.0,0.0,0.0,0.0,2547.0,2.0,
2026-05-12,BTOC,0.0,0.0,0.0,-0.0008253960812999788,6760.0,2.0,
2026-05-12,BTOG,0.0,0.0,0.0,-0.007124762073426099,7459.0,1.0,
2026-05-12,BTQ,0.0,0.0,0.0,0.002505146718524245,610.0,5.0,
2026-05-12,BTRS,0.0,0.0,0.0,0.0,2548.0,2.0,
2026-05-12,BTSG,0.0,0.0,0.0,0.0019175792427349515,851.0,4.0,
2026-05-12,BTTC,0.0,0.0,0.0,0.0029498326016168096,433.0,5.0,
2026-05-12,BTTX,0.0,0.0,0.0,0.0,2549.0,2.0,
2026-05-12,BTUI,0.0,0.0,0.0,0.0,2550.0,2.0,
2026-05-12,BTWN,0.0,0.0,0.0,0.0,2551.0,2.0,
2026-05-12,BUCY,0.0,0.0,0.0,0.0,2552.0,2.0,
2026-05-12,BUJA,0.0,0.0,0.0,0.0,2553.0,2.0,
2026-05-12,BULL,0.0,0.0,0.0,0.00221907304900357,723.0,5.0,
2026-05-12,BURG,0.0,0.0,0.0,0.0,2554.0,2.0,
2026-05-12,BUSE,0.0,0.0,0.0,-3.509625479504376e-05,6358.0,2.0,
2026-05-12,BUUU,0.0,0.0,0.0,-0.010106654752676322,7512.0,1.0,
2026-05-12,BVA,0.0,0.0,0.0,0.0,2555.0,2.0,
2026-05-12,BVC,0.0,0.0,0.0,-0.00026748206938496857,6490.0,2.0,
2026-05-12,BVFL,0.0,0.0,0.0,0.0007160516344629363,1515.0,4.0,
2026-05-12,BVS,0.0,0.0,0.0,0.0014055647460861267,1116.0,4.0,
2026-05-12,BVSN,0.0,0.0,0.0,0.0,2556.0,2.0,
2026-05-12,BVXV.W,0.0,0.0,0.0,0.0,2557.0,2.0,
2026-05-12,BWAC,0.0,0.0,0.0,0.0,2558.0,2.0,
2026-05-12,BWAQ,0.0,0.0,0.0,0.0,2559.0,2.0,
2026-05-12,BWB,0.0,0.0,0.0,-0.0012183437358517877,6909.0,1.0,
2026-05-12,BWBBP,0.0,0.0,0.0,-0.0009796678712672955,6828.0,1.0,
2026-05-12,BWC,0.0,0.0,0.0,0.0,2560.0,2.0,
2026-05-12,BWEN,-0.00046511627906976747,0.0,-0.00046511627906976747,-0.014799630849453705,7532.0,1.0,"SHORT because predicted alpha is in the bottom decile. Main contributors were parkinson_vol_20, volume_z_60, volatility_10. Liquidity filter passed."
2026-05-12,BWFG,0.0,0.0,0.0,0.0009116709473875481,1395.0,4.0,
2026-05-12,BWIN,0.0,0.0,0.0,0.0023774457480278924,657.0,5.0,
2026-05-12,BWIN.A,0.0,0.0,0.0,0.0,2561.0,2.0,
2026-05-12,BWIN.B,0.0,0.0,0.0,0.0,2562.0,2.0,
2026-05-12,BWINA,0.0,0.0,0.0,0.0,2563.0,2.0,
2026-05-12,BWINB,0.0,0.0,0.0,0.0,2564.0,2.0,
2026-05-12,BWLD,0.0,0.0,0.0,0.0,2565.0,2.0,
2026-05-12,BWMC,0.0,0.0,0.0,0.0,2566.0,2.0,
2026-05-12,BWMN,0.0,0.0,0.0,0.0013946445218113723,1123.0,4.0,
2026-05-12,BWV,0.0,0.0,0.0,0.0,2567.0,2.0,
2026-05-12,BXRX,0.0,0.0,0.0,0.0,2568.0,2.0,
2026-05-12,BXRXV,0.0,0.0,0.0,0.0,2569.0,2.0,
2026-05-12,BYAH,0.0,0.0,0.0,0.0034875633120920947,282.0,5.0,
2026-05-12,BYBK,0.0,0.0,0.0,0.0,2570.0,2.0,
2026-05-12,BYFC,0.0,0.0,0.0,-2.4069414819792275e-05,6353.0,2.0,
2026-05-12,BYLK,0.0,0.0,0.0,0.0,2571.0,2.0,
2026-05-12,BYND,0.0023954832638795535,0.002890173410404624,-0.0004946901465250706,0.00262548736002247,565.0,5.0,"SELL because predicted alpha is in the top decile. Main contributors were hl_range_20, close_to_high_20, debt_to_equity. Liquidity filter passed."
2026-05-12,BYNO,0.0,0.0,0.0,0.0,2572.0,2.0,
2026-05-12,BYRN,0.0,0.0,0.0,0.001887163461564519,864.0,4.0,
2026-05-12,BYSI,0.0,0.0,0.0,0.006779163756375854,9.0,5.0,
2026-05-12,BYTS,0.0,0.0,0.0,0.0,2573.0,2.0,
2026-05-12,BYU,0.0,0.0,0.0,0.0,2574.0,2.0,
2026-05-12,BZAI,-0.002860599542949321,-0.002890173410404624,2.9573867455303087e-05,-0.0025900088421737123,7181.0,1.0,"COVER because predicted alpha is in the bottom decile. Main contributors were roa, parkinson_vol_20, mom_5. Liquidity filter passed."
2026-05-12,BZFD,0.0,0.0,0.0,0.00026408879354137003,1777.0,3.0,
2026-05-12,CAAS,0.0,0.0,0.0,0.0012828551746434898,1171.0,4.0,
2026-05-12,CABA,-0.002860599542949321,-0.002890173410404624,2.9573867455303087e-05,-0.0027535837618972232,7197.0,1.0,"COVER because predicted alpha is in the bottom decile. Main contributors were operating_margin, roa, volatility_10. Liquidity filter passed."
2026-05-12,CABR,0.0,0.0,0.0,-0.0014753188418861552,6989.0,1.0,
2026-05-12,CAC,0.0,0.0,0.0,-0.00141554027562294,6966.0,1.0,
2026-05-12,CACB,0.0,0.0,0.0,0.0,2575.0,2.0,
2026-05-12,CACC,0.0,0.0,0.0,0.0014505612919041002,1082.0,4.0,
2026-05-12,CACG.U,0.0,0.0,0.0,0.0,2576.0,2.0,
2026-05-12,CACG.W,0.0,0.0,0.0,0.0,2577.0,2.0,
2026-05-12,CACH,0.0,0.0,0.0,0.0,2578.0,2.0,
2026-05-12,CACO,0.0,0.0,0.0,0.0,2579.0,2.0,
2026-05-12,CACQ,0.0,0.0,0.0,0.0,2580.0,2.0,
2026-05-12,CADC,0.0,0.0,0.0,0.0,2581.0,2.0,
2026-05-12,CADL,0.0,0.0,0.0,0.0032890013343288282,332.0,5.0,
2026-05-12,CADT,0.0,0.0,0.0,0.0,2582.0,2.0,
2026-05-12,CADT.R,0.0,0.0,0.0,0.0,2583.0,2.0,
2026-05-12,CADT.U,0.0,0.0,0.0,0.0,2584.0,2.0,
2026-05-12,CADT.W,0.0,0.0,0.0,0.0,2585.0,2.0,
2026-05-12,CADX,0.0,0.0,0.0,0.0,2586.0,2.0,
2026-05-12,CAEI,0.0,0.0,0.0,0.0,2587.0,2.0,
2026-05-12,CAEID,0.0,0.0,0.0,0.0,2588.0,2.0,
2026-05-12,CAEP,-0.00046511627906976747,0.0,-0.00046511627906976747,-0.00704080277400786,7456.0,1.0,"SHORT because predicted alpha is in the bottom decile. Main contributors were volume_z_60, hl_range_20, price_kurt_63. Liquidity filter passed."
2026-05-12,CAFD,0.0,0.0,0.0,0.0,2589.0,2.0,
2026-05-12,CAFN,0.0,0.0,0.0,0.0,2590.0,2.0,
2026-05-12,CAGC,0.0,0.0,0.0,0.0,2591.0,2.0,
2026-05-12,CAHC,0.0,0.0,0.0,0.0,2592.0,2.0,
2026-05-12,CAI,0.0,0.0,0.0,-0.0015261043898539797,7000.0,1.0,
2026-05-12,CAKE,0.0,0.0,0.0,0.0029298707706463785,443.0,5.0,
2026-05-12,CALA,0.0,0.0,0.0,0.0,2593.0,2.0,
2026-05-12,CALB,0.0,0.0,0.0,0.0,2594.0,2.0,
2026-05-12,CALC,0.0,0.0,0.0,-0.004512715423890782,7345.0,1.0,
2026-05-12,CALD,0.0,0.0,0.0,0.0,2595.0,2.0,
2026-05-12,CALL,0.0,0.0,0.0,0.0,2596.0,2.0,
2026-05-12,CALM,0.0,0.0,0.0,-0.002000458868024056,7096.0,1.0,
2026-05-12,CAMB,0.0,0.0,0.0,0.0,2597.0,2.0,
2026-05-12,CAMB.U,0.0,0.0,0.0,0.0,2598.0,2.0,
2026-05-12,CAMB.W,0.0,0.0,0.0,0.0,2599.0,2.0,
2026-05-12,CAMP,0.0,0.0,0.0,-3.612382973162623e-05,6359.0,2.0,
2026-05-12,CAMT,0.0,0.0,0.0,0.0016762758923554552,963.0,4.0,
2026-05-12,CANB,0.0,0.0,0.0,0.0,2600.0,2.0,
2026-05-12,CAPA,0.0,0.0,0.0,0.0,2601.0,2.0,
2026-05-12,CAPN,0.0,0.0,0.0,-0.001342623852011005,6950.0,1.0,
2026-05-12,CAPN.U,0.0,0.0,0.0,0.0,2602.0,2.0,
2026-05-12,CAPN.W,0.0,0.0,0.0,0.0,2603.0,2.0,
2026-05-12,CAPR,0.0,0.0,0.0,0.0010065419612802753,1349.0,4.0,
2026-05-12,CAPS,0.0,0.0,0.0,-0.0015378680400180318,7007.0,1.0,
2026-05-12,CAPT,0.0,0.0,0.0,0.0,2604.0,2.0,
2026-05-12,CAQ,0.0,0.0,0.0,0.0,2605.0,2.0,
2026-05-12,CAR,-0.002860599542949321,-0.002890173410404624,2.9573867455303087e-05,-0.003744302695963916,7289.0,1.0,"COVER because predicted alpha is in the bottom decile. Main contributors were parkinson_vol_20, volatility_63, mom_21. Liquidity filter passed."
2026-05-12,CARA,0.0,0.0,0.0,0.0,2606.0,2.0,
2026-05-12,CARB,0.0,0.0,0.0,0.0,2607.0,2.0,
2026-05-12,CARE,0.0,0.0,0.0,0.00013952134249365007,1866.0,3.0,
2026-05-12,CARG,0.0,0.0,0.0,0.001414490192043935,1107.0,4.0,
2026-05-12,CARL,0.0,0.0,0.0,0.0018781808229918913,870.0,4.0,
2026-05-12,CARM,0.0,0.0,0.0,0.0,2608.0,2.0,
2026-05-12,CARO,0.0,0.0,0.0,0.0,2609.0,2.0,
2026-05-12,CART,0.0,0.0,0.0,-0.00034669285721517006,6539.0,2.0,
2026-05-12,CARV,0.0,0.0,0.0,0.0,2610.0,2.0,
2026-05-12,CASA,0.0,0.0,0.0,0.0,2611.0,2.0,
2026-05-12,CASC,0.0,0.0,0.0,0.0,2612.0,2.0,
2026-05-12,CASH,0.0,0.0,0.0,0.001339301040429054,1146.0,4.0,
2026-05-12,CASI,0.0,0.0,0.0,0.0,2613.0,2.0,
2026-05-12,CASK,0.0,0.0,0.0,0.0,2614.0,2.0,
2026-05-12,CASM,0.0,0.0,0.0,0.0,2615.0,2.0,
2026-05-12,CASS,0.0,0.0,0.0,0.0003247355768683179,1749.0,3.0,
2026-05-12,CAST,0.0,0.0,0.0,-0.006610778690262567,7439.0,1.0,
2026-05-12,CASY,0.0,0.0,0.0,0.003094207704735415,387.0,5.0,
2026-05-12,CATB,0.0,0.0,0.0,0.0,2616.0,2.0,
2026-05-12,CATC,0.0,0.0,0.0,0.0,2617.0,2.0,
2026-05-12,CATM,0.0,0.0,0.0,0.0,2618.0,2.0,
2026-05-12,CATS,0.0,0.0,0.0,0.0,2619.0,2.0,
2026-05-12,CATY,0.0,0.0,0.0,0.00014520490443228348,1863.0,3.0,
2026-05-12,CATY.W,0.0,0.0,0.0,0.0,2620.0,2.0,
2026-05-12,CAUD,0.0,0.0,0.0,0.0,2621.0,2.0,
2026-05-12,CAVM,0.0,0.0,0.0,0.0,2622.0,2.0,
2026-05-12,CBAT,0.0,0.0,0.0,0.0004322702910347855,1690.0,3.0,
2026-05-12,CBAY,0.0,0.0,0.0,0.0,2623.0,2.0,
2026-05-12,CBC,0.0,0.0,0.0,0.001351334827116624,1140.0,4.0,
2026-05-12,CBDE,0.0,0.0,0.0,0.0,2624.0,2.0,
2026-05-12,CBEY,0.0,0.0,0.0,0.0,2625.0,2.0,
2026-05-12,CBF,0.0,0.0,0.0,0.0,2626.0,2.0,
2026-05-12,CBFV,0.0,0.0,0.0,-7.962578664963089e-05,6377.0,2.0,
2026-05-12,CBIN,0.0,0.0,0.0,0.0,2627.0,2.0,
2026-05-12,CBIO,0.0,0.0,0.0,-0.0005122802364224329,6628.0,2.0,
2026-05-12,CBK,0.0,0.0,0.0,-5.7322274089519586e-05,6368.0,2.0,
2026-05-12,CBLI,0.0,0.0,0.0,0.0,2628.0,2.0,
2026-05-12,CBLK,0.0,0.0,0.0,0.0,2629.0,2.0,
2026-05-12,CBLL,0.0,0.0,0.0,-0.0011167628414515058,6872.0,1.0,
2026-05-12,CBMB,0.0,0.0,0.0,0.0,2630.0,2.0,
2026-05-12,CBMG,0.0,0.0,0.0,0.0,2631.0,2.0,
2026-05-12,CBMX,0.0,0.0,0.0,0.0,2632.0,2.0,
2026-05-12,CBMX.W,0.0,0.0,0.0,0.0,2633.0,2.0,
2026-05-12,CBNJ,0.0,0.0,0.0,0.0,2634.0,2.0,
2026-05-12,CBNK,0.0,0.0,0.0,2.5374592170800332e-05,1927.0,3.0,
2026-05-12,CBPO,0.0,0.0,0.0,0.0,2635.0,2.0,
2026-05-12,CBRG,0.0,0.0,0.0,0.0,2636.0,2.0,
2026-05-12,CBRL,0.00046511627906976747,0.0,0.00046511627906976747,0.003949133147098144,189.0,5.0,"BUY because predicted alpha is in the top decile. Main contributors were parkinson_vol_20, intraday_return, volatility_63. Liquidity filter passed."
2026-05-12,CBRX,0.0,0.0,0.0,0.0,2637.0,2.0,
2026-05-12,CBSH,0.0,0.0,0.0,-0.00041074283274393383,6570.0,2.0,
2026-05-12,CBST,0.0,0.0,0.0,0.0,2638.0,2.0,
2026-05-12,CBST.Z,0.0,0.0,0.0,0.0,2639.0,2.0,
2026-05-12,CBTX,0.0,0.0,0.0,0.0,2640.0,2.0,
2026-05-12,CBUS,0.0,0.0,0.0,-0.0019073535048986267,7082.0,1.0,
2026-05-12,CBYL,0.0,0.0,0.0,0.0,2641.0,2.0,
2026-05-12,CCAI,0.0,0.0,0.0,0.0,2642.0,2.0,
2026-05-12,CCAP,0.0,0.0,0.0,0.0015952480033472778,1009.0,4.0,
2026-05-12,CCB,0.0,0.0,0.0,0.00022908388544699203,1801.0,3.0,
2026-05-12,CCBG,0.0,0.0,0.0,0.0013354527362214438,1150.0,4.0,
2026-05-12,CCC,0.0,0.0,0.0,0.003052818504214329,401.0,5.0,
2026-05-12,CCCC,0.0,0.0,0.0,0.0012165811672250272,1211.0,4.0,
2026-05-12,CCCL,0.0,0.0,0.0,0.0,2643.0,2.0,
2026-05-12,CCCM,0.0,0.0,0.0,0.0,2644.0,2.0,
2026-05-12,CCCR,0.0,0.0,0.0,0.0,2645.0,2.0,
2026-05-12,CCCS,0.0,0.0,0.0,0.0,2646.0,2.0,
2026-05-12,CCCX,0.0,0.0,0.0,0.0,2647.0,2.0,
2026-05-12,CCD,0.0,0.0,0.0,0.0006337305798109253,1568.0,3.0,
2026-05-12,CCEC,0.0,0.0,0.0,0.0010696544344445777,1302.0,4.0,
2026-05-12,CCEP,0.0,0.0,0.0,0.0004745533453989026,1662.0,3.0,
2026-05-12,CCG,0.0,0.0,0.0,0.002635215164711937,562.0,5.0,
2026-05-12,CCHH,0.0,0.0,0.0,-0.0012304049591516468,6913.0,1.0,
2026-05-12,CCII,0.0,0.0,0.0,-0.00014905967560399896,6414.0,2.0,
2026-05-12,CCIR,0.0,0.0,0.0,0.0,2648.0,2.0,
2026-05-12,CCIX,0.0,0.0,0.0,-0.0018972846815351126,7080.0,1.0,
2026-05-12,CCLD,0.0,0.0,0.0,0.0006545058949243096,1549.0,3.0,
2026-05-12,CCLP,0.0,0.0,0.0,0.0,2649.0,2.0,
2026-05-12,CCME,0.0,0.0,0.0,0.0,2650.0,2.0,
2026-05-12,CCMP,0.0,0.0,0.0,0.0,2651.0,2.0,
2026-05-12,CCN,0.0,0.0,0.0,0.0,2652.0,2.0,
2026-05-12,CCNE,0.0,0.0,0.0,0.0017650443915344985,925.0,4.0,
2026-05-12,CCNI,0.0,0.0,0.0,0.0,2653.0,2.0,
2026-05-12,CCNW.W,0.0,0.0,0.0,0.0,2654.0,2.0,
2026-05-12,CCOI,0.0,0.0,0.0,0.001700722783388134,952.0,4.0,
2026-05-12,CCRC,0.0,0.0,0.0,0.0,2655.0,2.0,
2026-05-12,CCRN,0.0,0.0,0.0,-0.0014740664781290335,6988.0,1.0,
2026-05-12,CCSI,0.0,0.0,0.0,0.00010671660919501752,1890.0,3.0,
2026-05-12,CCTG,0.0,0.0,0.0,-0.00025175870419066534,6477.0,2.0,
2026-05-12,CCTS,0.0,0.0,0.0,0.0,2656.0,2.0,
2026-05-12,CCUR,0.0,0.0,0.0,0.0,2657.0,2.0,
2026-05-12,CCXI,0.0,0.0,0.0,0.0,2658.0,2.0,
2026-05-12,CD,0.0,0.0,0.0,0.003707734400101143,233.0,5.0,
2026-05-12,CDAK,0.0,0.0,0.0,0.0,2659.0,2.0,
2026-05-12,CDAQ,0.0,0.0,0.0,0.0,2660.0,2.0,
2026-05-12,CDEV,0.0,0.0,0.0,0.0,2661.0,2.0,
2026-05-12,CDEV.W,0.0,0.0,0.0,0.0,2662.0,2.0,
2026-05-12,CDIO,0.0,0.0,0.0,-0.0038872145592492423,7298.0,1.0,
2026-05-12,CDK,0.0,0.0,0.0,0.0,2663.0,2.0,
2026-05-12,CDKV.V,0.0,0.0,0.0,0.0,2664.0,2.0,
2026-05-12,CDLX,0.0,0.0,0.0,-0.0023541655564772216,7155.0,1.0,
2026-05-12,CDMO,0.0,0.0,0.0,0.0,2665.0,2.0,
2026-05-12,CDNA,0.0023954832638795535,0.002890173410404624,-0.0004946901465250706,0.0029824671863439684,426.0,5.0,"SELL because predicted alpha is in the top decile. Main contributors were mom_21, volume_z_60, hl_range_20. Liquidity filter passed."
2026-05-12,CDNL,-0.0023954832638795535,-0.002890173410404624,0.0004946901465250706,0.0011914942288362073,1225.0,4.0,"COVER because predicted alpha is in the bottom decile. Main contributors were volume_z_60, volatility_10, mom_10. Liquidity filter passed."
2026-05-12,CDNS,0.0,0.0,0.0,0.002753623437053871,497.0,5.0,
2026-05-12,CDOR.O,0.0,0.0,0.0,0.0,2666.0,2.0,
2026-05-12,CDOR.P,0.0,0.0,0.0,0.0,2667.0,2.0,
2026-05-12,CDRB,0.0,0.0,0.0,0.0,2668.0,2.0,
2026-05-12,CDRO,0.0,0.0,0.0,0.00044988583798451264,1681.0,3.0,
2026-05-12,CDT,0.0,0.0,0.0,-0.012220482716894016,7522.0,1.0,
2026-05-12,CDTG,0.0,0.0,0.0,-0.0017143593436133924,7041.0,1.0,
2026-05-12,CDTI,0.0,0.0,0.0,0.0,2669.0,2.0,
2026-05-12,CDTX,0.0,0.0,0.0,0.0,2670.0,2.0,
2026-05-12,CDW,-0.00046511627906976747,0.0,-0.00046511627906976747,-0.003552528335676437,7275.0,1.0,"SHORT because predicted alpha is in the bottom decile. Main contributors were volume_z_60, mom_5, hl_range_20. Liquidity filter passed."
2026-05-12,CDXC,0.0,0.0,0.0,0.0,2671.0,2.0,
2026-05-12,CDXS,0.0,0.0,0.0,0.0011182708382419398,1270.0,4.0,
2026-05-12,CDZI,0.0,0.0,0.0,0.0006525793179139979,1552.0,3.0,
2026-05-12,CEAD,0.0,0.0,0.0,0.0,2672.0,2.0,
2026-05-12,CECO,0.0,0.0,0.0,0.0022733993049143123,704.0,5.0,
2026-05-12,CEDC,0.0,0.0,0.0,0.0,2673.0,2.0,
2026-05-12,CEG,0.0,0.0,0.0,0.0016545421693202813,980.0,4.0,
2026-05-12,CELC,0.0,0.0,0.0,-7.066732299044088e-05,6374.0,2.0,
2026-05-12,CELG,0.0,0.0,0.0,0.0,2674.0,2.0,
2026-05-12,CELG.Z,0.0,0.0,0.0,0.0,2675.0,2.0,
2026-05-12,CELH,0.0,0.0,0.0,0.0008083689124028125,1454.0,4.0,
2026-05-12,CELL,0.0,0.0,0.0,0.0,2676.0,2.0,
2026-05-12,CELM,0.0,0.0,0.0,0.0,2677.0,2.0,
2026-05-12,CELU,0.0,0.0,0.0,-0.0004150153054430047,6575.0,2.0,
2026-05-12,CELZ,0.0,0.0,0.0,-0.00033745649234506687,6533.0,2.0,
2026-05-12,CEMI,0.0,0.0,0.0,0.0,2678.0,2.0,
2026-05-12,CEMP,0.0,0.0,0.0,0.0,2679.0,2.0,
2026-05-12,CENH,0.0,0.0,0.0,0.0,2680.0,2.0,
2026-05-12,CENN,0.0,0.0,0.0,0.00019323684669466805,1834.0,3.0,
2026-05-12,CENQ,0.0,0.0,0.0,0.0,2681.0,2.0,
2026-05-12,CENT,0.0,0.0,0.0,0.001925720087687706,848.0,4.0,
2026-05-12,CENTA,0.0,0.0,0.0,0.0007261658315652028,1503.0,4.0,
2026-05-12,CENX,0.0023954832638795535,0.002890173410404624,-0.0004946901465250706,0.0005052143880760841,1647.0,3.0,"SELL because predicted alpha is in the top decile. Main contributors were parkinson_vol_20, mom_252, log_dollar_vol_20. Liquidity filter passed."
2026-05-12,CEP,0.0,0.0,0.0,0.0,2682.0,2.0,
2026-05-12,CEPF,0.0,0.0,0.0,0.000918476771266958,1389.0,4.0,
2026-05-12,CEPH,0.0,0.0,0.0,0.0,2683.0,2.0,
2026-05-12,CEPO,0.0,0.0,0.0,-0.0004912103611447657,6617.0,2.0,
2026-05-12,CEPS,-0.0023954832638795535,-0.002890173410404624,0.0004946901465250706,-0.0015791886307059246,7014.0,1.0,"COVER because predicted alpha is in the bottom decile. Main contributors were hl_range_20, close_to_high_20, volume_mom_20_60. Liquidity filter failed."
2026-05-12,CEPT,0.0,0.0,0.0,-0.00019442483426765486,6446.0,2.0,
2026-05-12,CEPV,0.0,0.0,0.0,-0.0003597741186153851,6547.0,2.0,
2026-05-12,CERC,0.0,0.0,0.0,0.0,2684.0,2.0,
2026-05-12,CERC.U,0.0,0.0,0.0,0.0,2685.0,2.0,
2026-05-12,CERC.W,0.0,0.0,0.0,0.0,2686.0,2.0,
2026-05-12,CERC.Z,0.0,0.0,0.0,0.0,2687.0,2.0,
2026-05-12,CERE,0.0,0.0,0.0,0.0,2688.0,2.0,
2026-05-12,CERN,0.0,0.0,0.0,0.0,2689.0,2.0,
2026-05-12,CERO,0.0,0.0,0.0,0.0,2690.0,2.0,
2026-05-12,CERS,0.0,0.0,0.0,0.00013800725579044793,1868.0,3.0,
2026-05-12,CERT,0.0,0.0,0.0,-0.0009344128378817085,6805.0,2.0,
2026-05-12,CERU,0.0,0.0,0.0,0.0,2691.0,2.0,
2026-05-12,CETC,0.0,0.0,0.0,0.0,2692.0,2.0,
2026-05-12,CETU,0.0,0.0,0.0,0.0,2693.0,2.0,
2026-05-12,CETV,0.0,0.0,0.0,0.0,2694.0,2.0,
2026-05-12,CETX,0.0,0.0,0.0,-0.000623260351064356,6678.0,2.0,
2026-05-12,CETY,0.0,0.0,0.0,0.00014913490576580287,1860.0,3.0,
2026-05-12,CEVA,0.0,0.0,0.0,0.0010980549847615449,1284.0,4.0,
2026-05-12,CFAC,0.0,0.0,0.0,0.0,2695.0,2.0,
2026-05-12,CFB,0.0,0.0,0.0,0.0,2696.0,2.0,
2026-05-12,CFBI,0.0,0.0,0.0,0.0,2697.0,2.0,
2026-05-12,CFBK,0.0,0.0,0.0,0.0006410416703819807,1562.0,3.0,
2026-05-12,CFCB,0.0,0.0,0.0,0.0,2698.0,2.0,
2026-05-12,CFCO,0.0,0.0,0.0,0.0,2699.0,2.0,
2026-05-12,CFCO.U,0.0,0.0,0.0,0.0,2700.0,2.0,
2026-05-12,CFCO.W,0.0,0.0,0.0,0.0,2701.0,2.0,
2026-05-12,CFFA,0.0,0.0,0.0,0.0,2702.0,2.0,
2026-05-12,CFFE,0.0,0.0,0.0,0.0,2703.0,2.0,
2026-05-12,CFFI,0.0,0.0,0.0,0.00086474863098175,1425.0,4.0,
2026-05-12,CFFN,0.0,0.0,0.0,0.00033113269105508315,1744.0,3.0,
2026-05-12,CFFS,0.0,0.0,0.0,0.0,2704.0,2.0,
2026-05-12,CFGE,0.0,0.0,0.0,0.0,2705.0,2.0,
2026-05-12,CFII,0.0,0.0,0.0,0.0,2706.0,2.0,
2026-05-12,CFIV,0.0,0.0,0.0,0.0,2707.0,2.0,
2026-05-12,CFLT,0.0,0.0,0.0,0.0,2708.0,2.0,
2026-05-12,CFMS,0.0,0.0,0.0,0.0,2709.0,2.0,
2026-05-12,CFNB,0.0,0.0,0.0,0.0,2710.0,2.0,
2026-05-12,CFNL,0.0,0.0,0.0,0.0,2711.0,2.0,
2026-05-12,CFRX,0.0,0.0,0.0,0.0,2712.0,2.0,
2026-05-12,CFRX.U,0.0,0.0,0.0,0.0,2713.0,2.0,
2026-05-12,CFRX.W,0.0,0.0,0.0,0.0,2714.0,2.0,
2026-05-12,CFRX.Z,0.0,0.0,0.0,0.0,2715.0,2.0,
2026-05-12,CFSB,0.0,0.0,0.0,0.0,2716.0,2.0,
2026-05-12,CFSG,0.0,0.0,0.0,0.0,2717.0,2.0,
2026-05-12,CFV,0.0,0.0,0.0,0.0,2718.0,2.0,
2026-05-12,CFVI,0.0,0.0,0.0,0.0,2719.0,2.0,
2026-05-12,CG,0.0,0.0,0.0,0.0001953088625092564,1833.0,3.0,
2026-05-12,CGABL,0.0,0.0,0.0,0.00042266079141845816,1691.0,3.0,
2026-05-12,CGBD,0.0,0.0,0.0,0.0006360798279416455,1566.0,3.0,
2026-05-12,CGBDL,0.0,0.0,0.0,0.0,2720.0,2.0,
2026-05-12,CGBS,0.0,0.0,0.0,0.0,2721.0,2.0,
2026-05-12,CGC,0.0,0.0,0.0,0.0030949980067088794,386.0,5.0,
2026-05-12,CGCT,0.0,0.0,0.0,-0.0019566387254577678,7087.0,1.0,
2026-05-12,CGEM,-0.00046511627906976747,0.0,-0.00046511627906976747,-0.006353395247335212,7427.0,1.0,"SHORT because predicted alpha is in the bottom decile. Main contributors were volume_z_60, intraday_return, operating_margin. Liquidity filter passed."
2026-05-12,CGEN,0.0,0.0,0.0,0.0011664897920008344,1238.0,4.0,
2026-05-12,CGIX,0.0,0.0,0.0,0.0,2722.0,2.0,
2026-05-12,CGNT,0.0,0.0,0.0,0.0014367918226847994,1088.0,4.0,
2026-05-12,CGNX,0.0,0.0,0.0,0.001441012038746695,1087.0,4.0,
2026-05-12,CGO,0.0,0.0,0.0,-0.001450287623076038,6977.0,1.0,
2026-05-12,CGON,0.0023954832638795535,0.002890173410404624,-0.0004946901465250706,0.001200635892143816,1221.0,4.0,"SELL because predicted alpha is in the top decile. Main contributors were parkinson_vol_20, current_ratio, mom_252. Liquidity filter passed."
2026-05-12,CGRN,0.0,0.0,0.0,0.0,2723.0,2.0,
2026-05-12,CGTL,-0.002860599542949321,-0.002890173410404624,2.9573867455303087e-05,-0.024058951731436046,7565.0,1.0,"COVER because predicted alpha is in the bottom decile. Main contributors were parkinson_vol_20, volume_z_60, volatility_10. Liquidity filter passed."
2026-05-12,CGTX,0.0,0.0,0.0,0.00031014384468510976,1760.0,3.0,
2026-05-12,CHAC,0.0,0.0,0.0,0.0,2724.0,2.0,
2026-05-12,CHAI,0.0,0.0,0.0,-0.002757991167675944,7198.0,1.0,
2026-05-12,CHAR,0.0,0.0,0.0,-0.0005781760238519904,6659.0,2.0,
2026-05-12,CHCI,0.0,0.0,0.0,0.0011101956580095245,1275.0,4.0,
2026-05-12,CHCO,0.0,0.0,0.0,0.0007893596340142805,1469.0,4.0,
2026-05-12,CHDN,0.0,0.0,0.0,0.001408276178053593,1113.0,4.0,
2026-05-12,CHDX,0.0,0.0,0.0,0.0,2725.0,2.0,
2026-05-12,CHEA,0.0,0.0,0.0,0.0,2726.0,2.0,
2026-05-12,CHEC,0.0,0.0,0.0,0.0,2727.0,2.0,
2026-05-12,CHEF,0.0,0.0,0.0,0.00010837821644756538,1888.0,3.0,
2026-05-12,CHEK,0.0,0.0,0.0,0.0,2728.0,2.0,
2026-05-12,CHEK.U,0.0,0.0,0.0,0.0,2729.0,2.0,
2026-05-12,CHEK.W,0.0,0.0,0.0,0.0,2730.0,2.0,
2026-05-12,CHEV,0.0,0.0,0.0,0.0,2731.0,2.0,
2026-05-12,CHFC,0.0,0.0,0.0,0.0,2732.0,2.0,
2026-05-12,CHFN,0.0,0.0,0.0,0.0,2733.0,2.0,
2026-05-12,CHFS,0.0,0.0,0.0,0.0,2734.0,2.0,
2026-05-12,CHG,0.0,0.0,0.0,0.0,2735.0,2.0,
2026-05-12,CHI,0.0,0.0,0.0,0.00010844008315858333,1887.0,3.0,
2026-05-12,CHIA.V,0.0,0.0,0.0,0.0,2736.0,2.0,
2026-05-12,CHIK.V,0.0,0.0,0.0,0.0,2737.0,2.0,
2026-05-12,CHINA,0.0,0.0,0.0,0.0,2738.0,2.0,
2026-05-12,CHIND,0.0,0.0,0.0,0.0,2739.0,2.0,
2026-05-12,CHK,0.0,0.0,0.0,0.0,2740.0,2.0,
2026-05-12,CHKE,0.0,0.0,0.0,0.0,2741.0,2.0,
2026-05-12,CHKP,0.0,0.0,0.0,-0.001154931079738431,6884.0,1.0,
2026-05-12,CHLN,0.0,0.0,0.0,0.0,2742.0,2.0,
2026-05-12,CHMA,0.0,0.0,0.0,0.0,2743.0,2.0,
2026-05-12,CHMG,-0.00046511627906976747,0.0,-0.00046511627906976747,-0.0037867955931573456,7293.0,1.0,"SHORT because predicted alpha is in the bottom decile. Main contributors were volume_z_60, hl_range_20, volume_mom_20_60. Liquidity filter passed."
2026-05-12,CHNG,0.0,0.0,0.0,0.0,2744.0,2.0,
2026-05-12,CHNGV,0.0,0.0,0.0,0.0,2745.0,2.0,
2026-05-12,CHNR,0.0,0.0,0.0,0.0007509054821065035,1496.0,4.0,
2026-05-12,CHOP,0.0,0.0,0.0,0.0,2746.0,2.0,
2026-05-12,CHPG,0.0,0.0,0.0,0.0,2747.0,2.0,
2026-05-12,CHPM,0.0,0.0,0.0,0.0,2748.0,2.0,
2026-05-12,CHR,0.0,0.0,0.0,0.002203760840011383,733.0,5.0,
2026-05-12,CHRD,0.0,0.0,0.0,0.001253514053919394,1194.0,4.0,
2026-05-12,CHRM,0.0,0.0,0.0,0.0,2749.0,2.0,
2026-05-12,CHRN,0.0023954832638795535,0.002890173410404624,-0.0004946901465250706,0.002092941967267935,780.0,4.0,"SELL because predicted alpha is in the top decile. Main contributors were hl_range_20, mom_21, close_to_low_20. Liquidity filter passed."
2026-05-12,CHRS,0.0,0.0,0.0,0.00032294547218620045,1752.0,3.0,
2026-05-12,CHRW,0.002860599542949321,0.002890173410404624,-2.9573867455303087e-05,0.0034454444816593693,291.0,5.0,"SELL because predicted alpha is in the top decile. Main contributors were parkinson_vol_20, log_dollar_vol_20, asset_turnover. Liquidity filter passed."
2026-05-12,CHSN,0.0,0.0,0.0,-0.026686948414888806,7571.0,1.0,
2026-05-12,CHTP,0.0,0.0,0.0,0.0,2750.0,2.0,
2026-05-12,CHTR,0.0,0.0,0.0,0.00038896439584912583,1717.0,3.0,
2026-05-12,CHUB.A,0.0,0.0,0.0,0.0,2751.0,2.0,
2026-05-12,CHUB.K,0.0,0.0,0.0,0.0,2752.0,2.0,
2026-05-12,CHUBA,0.0,0.0,0.0,0.0,2753.0,2.0,
2026-05-12,CHUBK,0.0,0.0,0.0,0.0,2754.0,2.0,
2026-05-12,CHUY,0.0,0.0,0.0,0.0,2755.0,2.0,
2026-05-12,CHW,0.0,0.0,0.0,-0.0007097518299057142,6712.0,2.0,
2026-05-12,CHWA,0.0,0.0,0.0,0.0,2756.0,2.0,
2026-05-12,CHX,0.0,0.0,0.0,0.0,2757.0,2.0,
2026-05-12,CHY,0.0,0.0,0.0,-0.0007991259383728858,6749.0,2.0,
2026-05-12,CHYM,0.0,0.0,0.0,-0.00030989995972729024,6517.0,2.0,
2026-05-12,CHYR,0.0,0.0,0.0,0.0,2758.0,2.0,
2026-05-12,CIDM,0.0,0.0,0.0,0.0,2759.0,2.0,
2026-05-12,CIFC,0.0,0.0,0.0,0.0,2760.0,2.0,
2026-05-12,CIFR,0.0023954832638795535,0.002890173410404624,-0.0004946901465250706,0.0019121998792840842,853.0,4.0,"SELL because predicted alpha is in the top decile. Main contributors were mom_252, hl_range_20, log_dollar_vol_20. Liquidity filter passed."
2026-05-12,CIFS,0.0,0.0,0.0,0.0,2761.0,2.0,
2026-05-12,CIGI,0.0,0.0,0.0,-0.0015804853693540794,7015.0,1.0,
2026-05-12,CIGL,0.0,0.0,0.0,0.0,2762.0,2.0,
2026-05-12,CIGX,0.0,0.0,0.0,0.0,2763.0,2.0,
2026-05-12,CIIC,0.0,0.0,0.0,0.0,2764.0,2.0,
2026-05-12,CIIG,0.0,0.0,0.0,0.0,2765.0,2.0,
2026-05-12,CIIT,0.0,0.0,0.0,0.0028445244565915746,470.0,5.0,
2026-05-12,CIMT,0.0,0.0,0.0,0.0,2766.0,2.0,
2026-05-12,CINC,0.0,0.0,0.0,0.0,2767.0,2.0,
2026-05-12,CINF,0.0,0.0,0.0,0.00046704458405122726,1669.0,3.0,
2026-05-12,CING,0.0,0.0,0.0,0.000791284901036454,1465.0,4.0,
2026-05-12,CISA.A,0.0,0.0,0.0,0.0,2768.0,2.0,
2026-05-12,CISA.U,0.0,0.0,0.0,0.0,2769.0,2.0,
2026-05-12,CISA.W,0.0,0.0,0.0,0.0,2770.0,2.0,
2026-05-12,CISO,0.0,0.0,0.0,-0.00025684545721401845,6484.0,2.0,
2026-05-12,CISS,0.0,0.0,0.0,-0.00228857937818953,7142.0,1.0,
2026-05-12,CISSV,0.0,0.0,0.0,0.0,2771.0,2.0,
2026-05-12,CITE,0.0,0.0,0.0,0.0,2772.0,2.0,
2026-05-12,CIVB,0.0,0.0,0.0,0.0007796272725542531,1475.0,4.0,
2026-05-12,CIVB.P,0.0,0.0,0.0,0.0,2773.0,2.0,
2026-05-12,CIZN,0.0,0.0,0.0,0.0,2774.0,2.0,
2026-05-12,CJET,0.0,0.0,0.0,0.0,2775.0,2.0,
2026-05-12,CJJD,0.0,0.0,0.0,0.0,2776.0,2.0,
2026-05-12,CJMB,0.0,0.0,0.0,-0.00016903391064586716,6435.0,2.0,
2026-05-12,CKEC,0.0,0.0,0.0,0.0,2777.0,2.0,
2026-05-12,CKPT,0.0,0.0,0.0,0.0,2778.0,2.0,
2026-05-12,CKSW,0.0,0.0,0.0,0.0,2779.0,2.0,
2026-05-12,CLAC,0.0,0.0,0.0,0.0,2780.0,2.0,
2026-05-12,CLAQ,0.0,0.0,0.0,0.0,2781.0,2.0,
2026-05-12,CLAR,0.0,0.0,0.0,4.615697714167744e-06,1941.0,3.0,
2026-05-12,CLAY,0.0,0.0,0.0,0.0,2782.0,2.0,
2026-05-12,CLBH,0.0,0.0,0.0,0.0,2783.0,2.0,
2026-05-12,CLBK,0.0,0.0,0.0,-0.0012690759721286306,6929.0,1.0,
2026-05-12,CLBS,0.0,0.0,0.0,0.0,2784.0,2.0,
2026-05-12,CLBT,0.0,0.0,0.0,0.0011279055676224105,1261.0,4.0,
2026-05-12,CLCD,0.0,0.0,0.0,0.0,2785.0,2.0,
2026-05-12,CLCT,0.0,0.0,0.0,0.0,2786.0,2.0,
2026-05-12,CLDB,0.0,0.0,0.0,0.0,2787.0,2.0,
2026-05-12,CLDC,0.0,0.0,0.0,0.0,2788.0,2.0,
2026-05-12,CLDC.W,0.0,0.0,0.0,0.0,2789.0,2.0,
2026-05-12,CLDN,0.0,0.0,0.0,0.0,2790.0,2.0,
2026-05-12,CLDX,0.0,0.0,0.0,9.684578572964405e-05,1899.0,3.0,
2026-05-12,CLEU,0.0,0.0,0.0,0.0,2791.0,2.0,
2026-05-12,CLFD,-0.0023954832638795535,-0.002890173410404624,0.0004946901465250706,0.0027433151644892287,504.0,5.0,"COVER because predicted alpha is in the bottom decile. Main contributors were volume_z_60, mom_10, close_to_high_20. Liquidity filter passed."
2026-05-12,CLGN,0.0,0.0,0.0,0.0017785180637983292,919.0,4.0,
2026-05-12,CLIK,-0.002860599542949321,-0.002890173410404624,2.9573867455303087e-05,-0.0032033973128188023,7244.0,1.0,"COVER because predicted alpha is in the bottom decile. Main contributors were parkinson_vol_20, volatility_63, mom_21. Liquidity filter passed."
2026-05-12,CLIN,0.0,0.0,0.0,0.0,2792.0,2.0,
2026-05-12,CLIR,0.0,0.0,0.0,-0.000726589671031569,6722.0,2.0,
2026-05-12,CLMB,0.0,0.0,0.0,0.0026460664687775258,552.0,5.0,
2026-05-12,CLMS,0.0,0.0,0.0,0.0,2793.0,2.0,
2026-05-12,CLMT,0.0,0.0,0.0,0.003092865815410576,388.0,5.0,
2026-05-12,CLNE,0.0,0.0,0.0,0.0001117299607648429,1884.0,3.0,
2026-05-12,CLNN,-0.002860599542949321,-0.002890173410404624,2.9573867455303087e-05,-0.0048618836626253825,7367.0,1.0,"COVER because predicted alpha is in the bottom decile. Main contributors were parkinson_vol_20, roa, volatility_10. Liquidity filter passed."
2026-05-12,CLNT,0.0,0.0,0.0,0.0,2794.0,2.0,
2026-05-12,CLOE,0.0,0.0,0.0,0.0,2795.0,2.0,
2026-05-12,CLOV,0.00046511627906976747,0.0,0.00046511627906976747,0.004757533682747213,93.0,5.0,"BUY because predicted alpha is in the top decile. Main contributors were mom_5, mom_21, parkinson_vol_20. Liquidity filter passed."
2026-05-12,CLPS,0.0,0.0,0.0,0.001862579927363047,873.0,4.0,
2026-05-12,CLPT,0.0023954832638795535,0.002890173410404624,-0.0004946901465250706,0.0007363100584878634,1502.0,4.0,"SELL because predicted alpha is in the top decile. Main contributors were mom_5, mom_21, parkinson_vol_20. Liquidity filter passed."
2026-05-12,CLRB,0.0,0.0,0.0,-0.003526873031920877,7273.0,1.0,
2026-05-12,CLRB.W,0.0,0.0,0.0,0.0,2796.0,2.0,
2026-05-12,CLRC,0.0,0.0,0.0,0.0,2797.0,2.0,
2026-05-12,CLRM,0.0,0.0,0.0,0.0,2798.0,2.0,
2026-05-12,CLRO,0.0,0.0,0.0,-0.0037815831377877216,7292.0,1.0,
2026-05-12,CLRS,0.0,0.0,0.0,0.0,2799.0,2.0,
2026-05-12,CLRT,0.0,0.0,0.0,0.0,2800.0,2.0,
2026-05-12,CLRX,0.0,0.0,0.0,0.0,2801.0,2.0,
2026-05-12,CLSD,0.0,0.0,0.0,0.0,2802.0,2.0,
2026-05-12,CLSK,0.0,0.0,0.0,-0.00022533280367401201,6462.0,2.0,
2026-05-12,CLST,0.0,0.0,0.0,-0.0016108643205183055,7023.0,1.0,
2026-05-12,CLTX,0.0,0.0,0.0,0.0,2803.0,2.0,
2026-05-12,CLVR,0.0,0.0,0.0,0.0,2804.0,2.0,
2026-05-12,CLVS,0.0,0.0,0.0,0.0,2805.0,2.0,
2026-05-12,CLWR,0.0,0.0,0.0,0.0,2806.0,2.0,
2026-05-12,CLWT,0.0,0.0,0.0,0.0033338664505989245,317.0,5.0,
2026-05-12,CLXT,0.0,0.0,0.0,0.0,2807.0,2.0,
2026-05-12,CLYM,0.0023954832638795535,0.002890173410404624,-0.0004946901465250706,0.0033036118468130946,329.0,5.0,"SELL because predicted alpha is in the top decile. Main contributors were mom_252, hl_range_20, volume_z_60. Liquidity filter passed."
2026-05-12,CMAX,0.0,0.0,0.0,0.0,2808.0,2.0,
2026-05-12,CMBM,0.0,0.0,0.0,0.0,2809.0,2.0,
2026-05-12,CMCA,0.0,0.0,0.0,0.0,2810.0,2.0,
2026-05-12,CMCO,0.0,0.0,0.0,0.002061047227778363,791.0,4.0,
2026-05-12,CMCS.K,0.0,0.0,0.0,0.0,2811.0,2.0,
2026-05-12,CMCSA,0.0,0.0,0.0,0.0005190796376897245,1635.0,3.0,
2026-05-12,CMCSK,0.0,0.0,0.0,0.0,2812.0,2.0,
2026-05-12,CMCSV,0.0,0.0,0.0,0.0,2813.0,2.0,
2026-05-12,CMCT,0.0,0.0,0.0,-0.0037517668486345716,7290.0,1.0,
2026-05-12,CME,0.0,0.0,0.0,-0.0004235411618505844,6579.0,2.0,
2026-05-12,CMED,0.0,0.0,0.0,0.0,2814.0,2.0,
2026-05-12,CMFN,0.0,0.0,0.0,0.0,2815.0,2.0,
2026-05-12,CMFNL,0.0,0.0,0.0,0.0,2816.0,2.0,
2026-05-12,CMGE,0.0,0.0,0.0,0.0,2817.0,2.0,
2026-05-12,CMII,0.0,0.0,0.0,0.0,2818.0,2.0,
2026-05-12,CMLF,0.0,0.0,0.0,0.0,2819.0,2.0,
2026-05-12,CMLS,0.0,0.0,0.0,0.0,2820.0,2.0,
2026-05-12,CMLT,0.0,0.0,0.0,0.0,2821.0,2.0,
2026-05-12,CMND,0.0,0.0,0.0,-0.002972227503665682,7227.0,1.0,
2026-05-12,CMPI,0.0,0.0,0.0,0.0,2822.0,2.0,
2026-05-12,CMPOV,0.0,0.0,0.0,0.0,2823.0,2.0,
2026-05-12,CMPR,0.0,0.0,0.0,-0.001191746336997874,6900.0,1.0,
2026-05-12,CMPX,-0.002860599542949321,-0.002890173410404624,2.9573867455303087e-05,-0.0026123541942620248,7184.0,1.0,"COVER because predicted alpha is in the bottom decile. Main contributors were parkinson_vol_20, volatility_63, mom_21. Liquidity filter passed."
2026-05-12,CMRA,0.0,0.0,0.0,0.0,2824.0,2.0,
2026-05-12,CMRC,0.0,0.0,0.0,0.0006935423330090467,1527.0,3.0,
2026-05-12,CMRX,0.0,0.0,0.0,0.0,2825.0,2.0,
2026-05-12,CMSB,0.0,0.0,0.0,0.0,2826.0,2.0,
2026-05-12,CMSS,0.0,0.0,0.0,0.0,2827.0,2.0,
2026-05-12,CMTA,0.0,0.0,0.0,0.0,2828.0,2.0,
2026-05-12,CMTL,0.0,0.0,0.0,0.002734919637300493,513.0,5.0,
2026-05-12,CMTV,0.0,0.0,0.0,0.0005920219233825985,1595.0,3.0,
2026-05-12,CMVT,0.0,0.0,0.0,0.0,2829.0,2.0,
2026-05-12,CNAC,0.0,0.0,0.0,0.0,2830.0,2.0,
2026-05-12,CNAT,0.0,0.0,0.0,0.0,2831.0,2.0,
2026-05-12,CNBC,0.0,0.0,0.0,0.0,2832.0,2.0,
2026-05-12,CNBK.A,0.0,0.0,0.0,0.0,2833.0,2.0,
2026-05-12,CNBKA,0.0,0.0,0.0,0.0,2834.0,2.0,
2026-05-12,CNCE,0.0,0.0,0.0,0.0,2835.0,2.0,
2026-05-12,CNCK,-0.00046511627906976747,0.0,-0.00046511627906976747,-0.0029589659130428918,7225.0,1.0,"SHORT because predicted alpha is in the bottom decile. Main contributors were volume_z_60, mom_1, volume_mom_20_60. Liquidity filter passed."
2026-05-12,CNDO,0.0,0.0,0.0,0.0,2836.0,2.0,
2026-05-12,CNDT,0.0,0.0,0.0,0.0010093337996118334,1347.0,4.0,
2026-05-12,CNET,0.0,0.0,0.0,0.0050269817444516,71.0,5.0,
2026-05-12,CNEY,0.0,0.0,0.0,-0.003453827618219313,7270.0,1.0,
2026-05-12,CNFR,0.0,0.0,0.0,0.0,2837.0,2.0,
2026-05-12,CNFRL,0.0,0.0,0.0,0.0,2838.0,2.0,
2026-05-12,CNFRZ,0.0,0.0,0.0,0.0,2839.0,2.0,
2026-05-12,CNGL,0.0,0.0,0.0,0.0,2840.0,2.0,
2026-05-12,CNIT,0.0,0.0,0.0,0.0,2841.0,2.0,
2026-05-12,CNLG,0.0,0.0,0.0,0.0,2842.0,2.0,
2026-05-12,CNLM,0.0,0.0,0.0,0.0,2843.0,2.0,
2026-05-12,CNLM.R,0.0,0.0,0.0,0.0,2844.0,2.0,
2026-05-12,CNLM.W,0.0,0.0,0.0,0.0,2845.0,2.0,
2026-05-12,CNNB,0.0,0.0,0.0,0.0,2846.0,2.0,
2026-05-12,CNOB,0.0,0.0,0.0,0.0009208923101800607,1387.0,4.0,
2026-05-12,CNOBP,0.0,0.0,0.0,-0.0005083220927215996,6625.0,2.0,
2026-05-12,CNQR,0.0,0.0,0.0,0.0,2847.0,2.0,
2026-05-12,CNSI,0.0,0.0,0.0,0.0,2848.0,2.0,
2026-05-12,CNSL,0.0,0.0,0.0,0.0,2849.0,2.0,
2026-05-12,CNSP,-0.0023954832638795535,-0.002890173410404624,0.0004946901465250706,-0.006755391879440813,7446.0,1.0,"COVER because predicted alpha is in the bottom decile. Main contributors were parkinson_vol_20, volatility_10, volatility_63. Liquidity filter failed."
2026-05-12,CNST,0.0,0.0,0.0,0.0,2850.0,2.0,
2026-05-12,CNTB,0.0,0.0,0.0,-0.003049197115187922,7231.0,1.0,
2026-05-12,CNTG,0.0,0.0,0.0,0.0,2851.0,2.0,
2026-05-12,CNTM,0.0,0.0,0.0,0.0,2852.0,2.0,
2026-05-12,CNTN,0.0,0.0,0.0,0.0013348699206335375,1151.0,4.0,
2026-05-12,CNTQ,0.0,0.0,0.0,0.0,2853.0,2.0,
2026-05-12,CNTX,0.0,0.0,0.0,0.0014844504186105095,1066.0,4.0,
2026-05-12,CNTY,0.0,0.0,0.0,0.0010138849585342197,1342.0,4.0,
2026-05-12,CNV,0.0,0.0,0.0,0.0,2854.0,2.0,
2026-05-12,CNVR,0.0,0.0,0.0,0.0,2855.0,2.0,
2026-05-12,CNVS,0.0,0.0,0.0,0.0011449394893368857,1246.0,4.0,
2026-05-12,CNXA,0.0,0.0,0.0,0.0,2856.0,2.0,
2026-05-12,CNXC,0.0,0.0,0.0,0.0007857245613891049,1474.0,4.0,
2026-05-12,CNXN,0.0,0.0,0.0,0.001337037220398899,1147.0,4.0,
2026-05-12,CNXR,0.0,0.0,0.0,0.0,2857.0,2.0,
2026-05-12,CNYD,0.0,0.0,0.0,0.0,2858.0,2.0,
2026-05-12,COAG,-0.00046511627906976747,0.0,-0.00046511627906976747,-0.0029927628306031092,7228.0,1.0,"SHORT because predicted alpha is in the bottom decile. Main contributors were volatility_10, intraday_return, mom_1. Liquidity filter passed."
2026-05-12,COB,0.0,0.0,0.0,0.0,2859.0,2.0,
2026-05-12,COBK,0.0,0.0,0.0,0.0,2860.0,2.0,
2026-05-12,COBR,0.0,0.0,0.0,0.0,2861.0,2.0,
2026-05-12,COBZ,0.0,0.0,0.0,0.0,2862.0,2.0,
2026-05-12,COCH,0.0,0.0,0.0,-0.0074938605855690045,7468.0,1.0,
2026-05-12,COCO,0.0,0.0,0.0,0.0008877180563088541,1407.0,4.0,
2026-05-12,COCP,0.0,0.0,0.0,-0.003808896441476427,7295.0,1.0,
2026-05-12,CODA,0.0,0.0,0.0,0.0029921444206281855,422.0,5.0,
2026-05-12,CODX,0.0,0.0,0.0,-0.002844127922363728,7209.0,1.0,
2026-05-12,COEP,0.0,0.0,0.0,0.0,2863.0,2.0,
2026-05-12,COFS,0.0,0.0,0.0,0.0010428816636210033,1323.0,4.0,
2026-05-12,COGT,0.0,0.0,0.0,0.0013162464296412233,1159.0,4.0,
2026-05-12,COGTV,0.0,0.0,0.0,0.0,2864.0,2.0,
2026-05-12,COHU,0.0,0.0,0.0,0.0030987416626608545,384.0,5.0,
2026-05-12,COIN,0.00046511627906976747,0.0,0.00046511627906976747,0.0034830229438431435,285.0,5.0,"BUY because predicted alpha is in the top decile. Main contributors were parkinson_vol_20, log_dollar_vol_20, mom_5. Liquidity filter passed."
2026-05-12,COKE,0.0,0.0,0.0,-0.002159476281333572,7123.0,1.0,
2026-05-12,COLA,-0.0023954832638795535,-0.002890173410404624,0.0004946901465250706,-0.0018234700115358476,7063.0,1.0,"COVER because predicted alpha is in the bottom decile. Main contributors were hl_range_20, close_to_high_20, volume_z_60. Liquidity filter passed."
2026-05-12,COLB,0.0,0.0,0.0,0.00046392589010742306,1672.0,3.0,
2026-05-12,COLI,0.0,0.0,0.0,0.0,2865.0,2.0,
2026-05-12,COLL,0.0023954832638795535,0.002890173410404624,-0.0004946901465250706,0.0012783163454100337,1175.0,4.0,"SELL because predicted alpha is in the top decile. Main contributors were parkinson_vol_20, volatility_63, roa. Liquidity filter passed."
2026-05-12,COLM,0.0023954832638795535,0.002890173410404624,-0.0004946901465250706,0.0016068452208550462,1005.0,4.0,"SELL because predicted alpha is in the top decile. Main contributors were parkinson_vol_20, volatility_63, roa. Liquidity filter passed."
2026-05-12,COMM,0.0,0.0,0.0,0.0,2866.0,2.0,
2026-05-12,COMS,0.0,0.0,0.0,0.0,2867.0,2.0,
2026-05-12,CONE,0.0,0.0,0.0,0.0,2868.0,2.0,
2026-05-12,CONN,0.0,0.0,0.0,0.0,2869.0,2.0,
2026-05-12,COO,0.0,0.0,0.0,-0.001281914789934199,6932.0,1.0,
2026-05-12,COOL,0.0,0.0,0.0,0.0,2870.0,2.0,
2026-05-12,COOP,0.0,0.0,0.0,0.0,2871.0,2.0,
2026-05-12,COOT,0.0,0.0,0.0,0.0016598317583279357,975.0,4.0,
2026-05-12,CORE,0.0,0.0,0.0,0.0,2872.0,2.0,
2026-05-12,CORI,0.0,0.0,0.0,0.0,2873.0,2.0,
2026-05-12,CORT,0.0,0.0,0.0,0.001102503340705369,1281.0,4.0,
2026-05-12,CORV,0.0,0.0,0.0,0.0,2874.0,2.0,
2026-05-12,CORZ,0.0,0.0,0.0,0.0020486012605499086,798.0,4.0,
2026-05-12,COSI,0.0,0.0,0.0,0.0,2875.0,2.0,
2026-05-12,COSM,0.0,0.0,0.0,-0.0008072548131772014,6753.0,2.0,
2026-05-12,COST,0.0,0.0,0.0,0.00011409463803743183,1882.0,3.0,
2026-05-12,COUP,0.0,0.0,0.0,0.0,2876.0,2.0,
2026-05-12,COVA,0.0,0.0,0.0,0.0,2877.0,2.0,
2026-05-12,COVS,0.0,0.0,0.0,0.0,2878.0,2.0,
2026-05-12,COVS.V,0.0,0.0,0.0,0.0,2879.0,2.0,
2026-05-12,COWN,0.0,0.0,0.0,0.0,2880.0,2.0,
2026-05-12,COWN.L,0.0,0.0,0.0,0.0,2881.0,2.0,
2026-05-12,COWNL,0.0,0.0,0.0,0.0,2882.0,2.0,
2026-05-12,COWNZ,0.0,0.0,0.0,0.0,2883.0,2.0,
2026-05-12,COYA,-0.00046511627906976747,0.0,-0.00046511627906976747,-0.004623954104820765,7356.0,1.0,"SHORT because predicted alpha is in the bottom decile. Main contributors were volume_z_60, intraday_return, roa. Liquidity filter passed."
2026-05-12,COYN,0.0,0.0,0.0,0.0,2884.0,2.0,
2026-05-12,COYN.W,0.0,0.0,0.0,0.0,2885.0,2.0,
2026-05-12,CPAA,0.0,0.0,0.0,0.0,2886.0,2.0,
2026-05-12,CPAA.U,0.0,0.0,0.0,0.0,2887.0,2.0,
2026-05-12,CPAA.W,0.0,0.0,0.0,0.0,2888.0,2.0,
2026-05-12,CPAH,0.0,0.0,0.0,0.0,2889.0,2.0,
2026-05-12,CPAQ,0.0,0.0,0.0,0.0,2890.0,2.0,
2026-05-12,CPAR,0.0,0.0,0.0,0.0,2891.0,2.0,
2026-05-12,CPB,0.0,0.0,0.0,0.0022655633880056016,706.0,5.0,
2026-05-12,CPBI,0.0,0.0,0.0,0.0,2892.0,2.0,
2026-05-12,CPBY,0.0,0.0,0.0,0.0,2893.0,2.0,
2026-05-12,CPGI,0.0,0.0,0.0,0.0,2894.0,2.0,
2026-05-12,CPHC,0.0,0.0,0.0,-0.0031099691299501476,7236.0,1.0,
2026-05-12,CPHD,0.0,0.0,0.0,0.0,2895.0,2.0,
2026-05-12,CPHR,0.0,0.0,0.0,0.0,2896.0,2.0,
2026-05-12,CPIX,0.0,0.0,0.0,0.0010439732784859436,1322.0,4.0,
2026-05-12,CPKI,0.0,0.0,0.0,0.0,2897.0,2.0,
2026-05-12,CPLA,0.0,0.0,0.0,0.0,2898.0,2.0,
2026-05-12,CPLP,0.0,0.0,0.0,0.0,2899.0,2.0,
2026-05-12,CPLPV,0.0,0.0,0.0,0.0,2900.0,2.0,
2026-05-12,CPNO,0.0,0.0,0.0,0.0,2901.0,2.0,
2026-05-12,CPOP,0.0,0.0,0.0,-0.0003796328174985094,6559.0,2.0,
2026-05-12,CPRT,0.0,0.0,0.0,0.0017328743480282645,938.0,4.0,
2026-05-12,CPRX,0.0,0.0,0.0,0.00011663012626235674,1880.0,3.0,
2026-05-12,CPSH,-0.0023954832638795535,-0.002890173410404624,0.0004946901465250706,0.0025524222141343833,592.0,5.0,"COVER because predicted alpha is in the bottom decile. Main contributors were volatility_10, mom_21, intraday_return. Liquidity filter passed."
2026-05-12,CPSI,0.0,0.0,0.0,0.0,2902.0,2.0,
2026-05-12,CPSS,0.0,0.0,0.0,0.00040685299912897023,1700.0,3.0,
2026-05-12,CPTA,0.0,0.0,0.0,0.0,2903.0,2.0,
2026-05-12,CPTAG,0.0,0.0,0.0,0.0,2904.0,2.0,
2026-05-12,CPTAL,0.0,0.0,0.0,0.0,2905.0,2.0,
2026-05-12,CPTN,0.0,0.0,0.0,0.0,2906.0,2.0,
2026-05-12,CPTS,0.0,0.0,0.0,0.0,2907.0,2.0,
2026-05-12,CPWM,0.0,0.0,0.0,0.0,2908.0,2.0,
2026-05-12,CPWR,0.0,0.0,0.0,0.0,2909.0,2.0,
2026-05-12,CPXX,0.0,0.0,0.0,0.0,2910.0,2.0,
2026-05-12,CPZ,0.0,0.0,0.0,0.00025673679986039886,1782.0,3.0,
2026-05-12,CRA,0.0,0.0,0.0,0.0,2911.0,2.0,
2026-05-12,CRAC,-0.0023954832638795535,-0.002890173410404624,0.0004946901465250706,-0.0009016654807734409,6794.0,2.0,"COVER because predicted alpha is in the bottom decile. Main contributors were hl_range_20, close_to_high_20, volatility_20. Liquidity filter failed."
2026-05-12,CRAI,0.0,0.0,0.0,0.0013649434483298361,1134.0,4.0,
2026-05-12,CRAN,0.0,0.0,0.0,-0.0004053232008847671,6567.0,2.0,
2026-05-12,CRAQ,0.0,0.0,0.0,-0.0012014113401950686,6903.0,1.0,
2026-05-12,CRAY,0.0,0.0,0.0,0.0,2912.0,2.0,
2026-05-12,CRBP,0.0,0.0,0.0,-9.63775898516312e-05,6384.0,2.0,
2026-05-12,CRBU,0.0,0.0,0.0,0.0016904900663507968,955.0,4.0,
2026-05-12,CRCT,0.0,0.0,0.0,0.0027415176736100967,507.0,5.0,
2026-05-12,CRDC,0.0,0.0,0.0,0.0,2913.0,2.0,
2026-05-12,CRDF,0.0,0.0,0.0,0.0003432201229203059,1736.0,3.0,
2026-05-12,CRDL,0.0,0.0,0.0,0.0026059135068735783,572.0,5.0,
2026-05-12,CRDO,0.002860599542949321,0.002890173410404624,-2.9573867455303087e-05,0.0062364403871764265,20.0,5.0,"SELL because predicted alpha is in the top decile. Main contributors were mom_21, mom_252, log_dollar_vol_20. Liquidity filter passed."
2026-05-12,CRDS,0.0,0.0,0.0,0.0,2914.0,2.0,
2026-05-12,CRDS.H,0.0,0.0,0.0,0.0,2915.0,2.0,
2026-05-12,CRE,0.0,0.0,0.0,-0.010002596994951386,7510.0,1.0,
2026-05-12,CREC,0.0,0.0,0.0,0.0,2916.0,2.0,
2026-05-12,CREE,0.0,0.0,0.0,0.0,2917.0,2.0,
2026-05-12,CREG,-0.00046511627906976747,0.0,-0.00046511627906976747,-0.022729664545651486,7559.0,1.0,"SHORT because predicted alpha is in the bottom decile. Main contributors were parkinson_vol_20, volatility_63, volatility_10. Liquidity filter passed."
2026-05-12,CRES.W,0.0,0.0,0.0,0.0,2918.0,2.0,
2026-05-12,CREV,0.0,0.0,0.0,0.0,2919.0,2.0,
2026-05-12,CREX,0.0,0.0,0.0,0.002594865597923271,577.0,5.0,
2026-05-12,CRGE,0.0,0.0,0.0,0.0,2920.0,2.0,
2026-05-12,CRGO,0.0,0.0,0.0,0.0021037797299219597,776.0,4.0,
2026-05-12,CRGX,0.0,0.0,0.0,0.0,2921.0,2.0,
2026-05-12,CRIS,0.0,0.0,0.0,4.6461675582662236e-05,1917.0,3.0,
2026-05-12,CRKN,0.0,0.0,0.0,0.0,2922.0,2.0,
2026-05-12,CRMB,0.0,0.0,0.0,0.0,2923.0,2.0,
2026-05-12,CRMB.U,0.0,0.0,0.0,0.0,2924.0,2.0,
2026-05-12,CRMB.W,0.0,0.0,0.0,0.0,2925.0,2.0,
2026-05-12,CRMD,0.0,0.0,0.0,0.0019150616624336646,852.0,4.0,
2026-05-12,CRME,0.0,0.0,0.0,0.0,2926.0,2.0,
2026-05-12,CRML,0.002860599542949321,0.002890173410404624,-2.9573867455303087e-05,0.0038329947308187754,211.0,5.0,"SELL because predicted alpha is in the top decile. Main contributors were hl_range_20, mom_252, mom_21. Liquidity filter passed."
2026-05-12,CRMT,0.0,0.0,0.0,0.002228174005699227,717.0,5.0,
2026-05-12,CRNC,0.0,0.0,0.0,-0.0009764252320659455,6825.0,1.0,
2026-05-12,CRNT,0.0,0.0,0.0,0.0006554475514584782,1548.0,3.0,
2026-05-12,CRNX,0.0,0.0,0.0,-0.0013907603123624649,6961.0,1.0,
2026-05-12,CRON,0.0,0.0,0.0,0.0027867237102200937,490.0,5.0,
2026-05-12,CROX,0.0,0.0,0.0,0.0007244011515066363,1506.0,4.0,
2026-05-12,CRRC,0.0,0.0,0.0,0.0,2927.0,2.0,
2026-05-12,CRRS,0.0,0.0,0.0,0.0,2928.0,2.0,
2026-05-12,CRSA,0.0,0.0,0.0,0.0,2929.0,2.0,
2026-05-12,CRSP,0.0,0.0,0.0,0.0023990367005601605,646.0,5.0,
2026-05-12,CRSR,0.0,0.0,0.0,0.00248044369828958,620.0,5.0,
2026-05-12,CRTD,0.0,0.0,0.0,0.0,2930.0,2.0,
2026-05-12,CRTN,0.0,0.0,0.0,0.0,2931.0,2.0,
2026-05-12,CRUS,0.0,0.0,0.0,0.002708489588570006,527.0,5.0,
2026-05-12,CRVL,0.0,0.0,0.0,0.0012613073331713385,1186.0,4.0,
2026-05-12,CRVO,0.0,0.0,0.0,0.0006983892279632785,1525.0,3.0,
2026-05-12,CRVS,0.0,0.0,0.0,0.0017554965224219508,929.0,4.0,
2026-05-12,CRWD,0.00046511627906976747,0.0,0.00046511627906976747,0.003828357068114414,212.0,5.0,"BUY because predicted alpha is in the top decile. Main contributors were parkinson_vol_20, mom_5, mom_21. Liquidity filter passed."
2026-05-12,CRWN,0.0,0.0,0.0,0.0,2932.0,2.0,
2026-05-12,CRWS,0.0,0.0,0.0,0.0015701101586738015,1024.0,4.0,
2026-05-12,CRWV,0.0,0.0,0.0,0.0012777990327651554,1177.0,4.0,
2026-05-12,CRXL,0.0,0.0,0.0,0.0,2933.0,2.0,
2026-05-12,CRXT,0.0,0.0,0.0,0.0,2934.0,2.0,
2026-05-12,CRXX,0.0,0.0,0.0,0.0,2935.0,2.0,
2026-05-12,CRZN,0.0,0.0,0.0,0.0,2936.0,2.0,
2026-05-12,CRZO,0.0,0.0,0.0,0.0,2937.0,2.0,
2026-05-12,CSAI,0.0,0.0,0.0,-0.00021326986993726706,6459.0,2.0,
2026-05-12,CSAL,0.0,0.0,0.0,0.0,2938.0,2.0,
2026-05-12,CSAL.V,0.0,0.0,0.0,0.0,2939.0,2.0,
2026-05-12,CSBK,0.0,0.0,0.0,0.0,2940.0,2.0,
2026-05-12,CSBR,0.0,0.0,0.0,-0.00013953916528204502,6412.0,2.0,
2026-05-12,CSCD,0.0,0.0,0.0,0.0,2941.0,2.0,
2026-05-12,CSCI,0.0,0.0,0.0,0.0,2942.0,2.0,
2026-05-12,CSCO,0.0,0.0,0.0,-0.0003137133465461758,6519.0,2.0,
2026-05-12,CSCW,0.0,0.0,0.0,0.0,2943.0,2.0,
2026-05-12,CSFL,0.0,0.0,0.0,0.0,2944.0,2.0,
2026-05-12,CSGP,0.0,0.0,0.0,0.00048601203105856026,1653.0,3.0,
2026-05-12,CSGS,-0.00046511627906976747,0.0,-0.00046511627906976747,-0.0063057282041282465,7425.0,1.0,"SHORT because predicted alpha is in the bottom decile. Main contributors were volume_z_60, hl_range_20, close_to_high_20. Liquidity filter passed."
2026-05-12,CSHR,0.0,0.0,0.0,0.001805683172823615,903.0,4.0,
2026-05-12,CSII,0.0,0.0,0.0,0.0,2945.0,2.0,
2026-05-12,CSIQ,0.00046511627906976747,0.0,0.00046511627906976747,0.0037883354487058167,220.0,5.0,"BUY because predicted alpha is in the top decile. Main contributors were mom_21, mom_5, hl_range_20. Liquidity filter passed."
2026-05-12,CSLM,0.0,0.0,0.0,0.0,2946.0,2.0,
2026-05-12,CSLR,0.0,0.0,0.0,0.0,2947.0,2.0,
2026-05-12,CSOD,0.0,0.0,0.0,0.0,2948.0,2.0,
2026-05-12,CSPI,0.0,0.0,0.0,0.0026431001629003683,555.0,5.0,
2026-05-12,CSQ,0.0,0.0,0.0,0.000996489529949472,1356.0,4.0,
2026-05-12,CSSE,0.0,0.0,0.0,0.0,2949.0,2.0,
2026-05-12,CSSEN,0.0,0.0,0.0,0.0,2950.0,2.0,
2026-05-12,CSTE,0.0,0.0,0.0,0.0029576544702607658,429.0,5.0,
2026-05-12,CSTL,0.0,0.0,0.0,-0.001827468154671726,7064.0,1.0,
2026-05-12,CSTR,0.0,0.0,0.0,0.0,2951.0,2.0,
2026-05-12,CSUN,0.0,0.0,0.0,0.0,2952.0,2.0,
2026-05-12,CSWC,0.0,0.0,0.0,-0.0002898282060806339,6501.0,2.0,
2026-05-12,CSWC.V,0.0,0.0,0.0,0.0,2953.0,2.0,
2026-05-12,CSWCL,0.0,0.0,0.0,0.0,2954.0,2.0,
2026-05-12,CSWCZ,0.0,0.0,0.0,0.0,2955.0,2.0,
2026-05-12,CSWI,0.0,0.0,0.0,0.0,2956.0,2.0,
2026-05-12,CSX,0.0,0.0,0.0,-0.001809873125902724,7060.0,1.0,
2026-05-12,CTAA,0.0,0.0,0.0,0.0,2957.0,2.0,
2026-05-12,CTAQ,0.0,0.0,0.0,0.0,2958.0,2.0,
2026-05-12,CTAS,0.0,0.0,0.0,0.0010555022102220915,1313.0,4.0,
2026-05-12,CTBI,0.0,0.0,0.0,-0.0007481663134559624,6727.0,2.0,
2026-05-12,CTCM,0.0,0.0,0.0,0.0,2959.0,2.0,
2026-05-12,CTCT,0.0,0.0,0.0,0.0,2960.0,2.0,
2026-05-12,CTCX,0.0,0.0,0.0,0.0,2961.0,2.0,
2026-05-12,CTEL,0.0,0.0,0.0,0.0,2962.0,2.0,
2026-05-12,CTG,0.0,0.0,0.0,0.0,2963.0,2.0,
2026-05-12,CTHR,0.0,0.0,0.0,0.0,2964.0,2.0,
2026-05-12,CTIB,0.0,0.0,0.0,0.0,2965.0,2.0,
2026-05-12,CTIC,0.0,0.0,0.0,0.0,2966.0,2.0,
2026-05-12,CTKB,0.0,0.0,0.0,-0.0008979156421279919,6791.0,2.0,
2026-05-12,CTLP,0.0,0.0,0.0,0.0,2967.0,2.0,
2026-05-12,CTMX,0.0,0.0,0.0,0.0025038505582862212,611.0,5.0,
2026-05-12,CTNM,0.0,0.0,0.0,0.00243093368044707,635.0,5.0,
2026-05-12,CTNT,0.0,0.0,0.0,-0.02241790812384118,7558.0,1.0,
2026-05-12,CTOR,0.0,0.0,0.0,0.0019855529208711253,826.0,4.0,
2026-05-12,CTRC,0.0,0.0,0.0,0.0,2968.0,2.0,
2026-05-12,CTRL,0.0,0.0,0.0,0.0,2969.0,2.0,
2026-05-12,CTRM,0.0,0.0,0.0,0.0022925083679692093,691.0,5.0,
2026-05-12,CTRMV,0.0,0.0,0.0,0.0,2970.0,2.0,
2026-05-12,CTRN,0.0,0.0,0.0,0.000598290608411912,1589.0,3.0,
2026-05-12,CTRV,0.0,0.0,0.0,0.0,2971.0,2.0,
2026-05-12,CTRX,0.0,0.0,0.0,0.0,2972.0,2.0,
2026-05-12,CTSH,0.00046511627906976747,0.0,0.00046511627906976747,0.0033438583907462946,315.0,5.0,"BUY because predicted alpha is in the top decile. Main contributors were parkinson_vol_20, volatility_63, log_dollar_vol_20. Liquidity filter passed."
2026-05-12,CTSO,0.0,0.0,0.0,0.004899030393687942,81.0,5.0,
2026-05-12,CTW,0.0,0.0,0.0,0.0006481385281167577,1555.0,3.0,
2026-05-12,CTWS,0.0,0.0,0.0,0.0,2973.0,2.0,
2026-05-12,CTXR,0.0,0.0,0.0,0.0013482961948121665,1141.0,4.0,
2026-05-12,CTXS,0.0,0.0,0.0,0.0,2974.0,2.0,
2026-05-12,CTXSV,0.0,0.0,0.0,0.0,2975.0,2.0,
2026-05-12,CU,0.0,0.0,0.0,0.0,2976.0,2.0,
2026-05-12,CUB,0.0,0.0,0.0,0.0001148516635808821,1881.0,3.0,
2026-05-12,CUBA,0.0,0.0,0.0,0.0,2977.0,2.0,
2026-05-12,CUBI.L,0.0,0.0,0.0,0.0,2978.0,2.0,
2026-05-12,CUBN,0.0,0.0,0.0,0.0,2979.0,2.0,
2026-05-12,CUE,-0.002860599542949321,-0.002890173410404624,2.9573867455303087e-05,-0.01984602073560168,7548.0,1.0,"COVER because predicted alpha is in the bottom decile. Main contributors were parkinson_vol_20, volatility_10, volatility_63. Liquidity filter passed."
2026-05-12,CUEN,0.0,0.0,0.0,0.0,2980.0,2.0,
2026-05-12,CUI,0.0,0.0,0.0,0.0,2981.0,2.0,
2026-05-12,CULL,0.0,0.0,0.0,0.0,2982.0,2.0,
2026-05-12,CULP,0.0,0.0,0.0,0.0032744278202221566,336.0,5.0,
2026-05-12,CUNB,0.0,0.0,0.0,0.0,2983.0,2.0,
2026-05-12,CUPR,0.0,0.0,0.0,0.0021922776244895316,742.0,5.0,
2026-05-12,CUR,0.0,0.0,0.0,0.0,2984.0,2.0,
2026-05-12,CURI,0.0,0.0,0.0,0.0005182680387523101,1636.0,3.0,
2026-05-12,CURR,0.0,0.0,0.0,0.0031159988119131587,377.0,5.0,
2026-05-12,CURX,0.0,0.0,0.0,0.0033700283776532214,309.0,5.0,
2026-05-12,CUTR,0.0,0.0,0.0,0.0,2985.0,2.0,
2026-05-12,CV,0.0,0.0,0.0,0.003078371914617357,392.0,5.0,
2026-05-12,CVAC,0.0,0.0,0.0,0.0,2986.0,2.0,
2026-05-12,CVBF,0.0,0.0,0.0,-0.000569428938424022,6655.0,2.0,
2026-05-12,CVCO,0.0,0.0,0.0,0.002934714493844282,438.0,5.0,
2026-05-12,CVCY,0.0,0.0,0.0,0.0,2987.0,2.0,
2026-05-12,CVET,0.0,0.0,0.0,0.0,2988.0,2.0,
2026-05-12,CVETV,0.0,0.0,0.0,0.0,2989.0,2.0,
2026-05-12,CVGI,0.002860599542949321,0.002890173410404624,-2.9573867455303087e-05,0.004391947423170418,126.0,5.0,"SELL because predicted alpha is in the top decile. Main contributors were mom_5, mom_252, hl_range_20. Liquidity filter passed."
2026-05-12,CVGW,0.0,0.0,0.0,0.0008780926735632511,1414.0,4.0,
2026-05-12,CVII,0.0,0.0,0.0,0.0,2990.0,2.0,
2026-05-12,CVKD,0.0,0.0,0.0,-0.004768845825085749,7363.0,1.0,
2026-05-12,CVLB,0.0,0.0,0.0,0.0,2991.0,2.0,
2026-05-12,CVLT,0.0,0.0,0.0,0.002898656179117242,457.0,5.0,
2026-05-12,CVLY,0.0,0.0,0.0,0.0,2992.0,2.0,
2026-05-12,CVO,0.0,0.0,0.0,0.0,2993.0,2.0,
2026-05-12,CVON,0.0,0.0,0.0,0.0,2994.0,2.0,
2026-05-12,CVRX,0.0,0.0,0.0,0.0012652577166821011,1183.0,4.0,
2026-05-12,CVT,0.0,0.0,0.0,0.0,2995.0,2.0,
2026-05-12,CVV,0.00046511627906976747,0.0,0.00046511627906976747,0.005026308985137654,72.0,5.0,"BUY because predicted alpha is in the top decile. Main contributors were hl_range_20, mom_21, close_to_low_20. Liquidity filter passed."
2026-05-12,CWAY,0.0,0.0,0.0,0.0,2996.0,2.0,
2026-05-12,CWBC,0.0,0.0,0.0,-0.0013484561525888134,6951.0,1.0,
2026-05-12,CWBR,0.0,0.0,0.0,0.0,2997.0,2.0,
2026-05-12,CWCO,0.0,0.0,0.0,0.0009193588176054639,1388.0,4.0,
2026-05-12,CWD,0.0,0.0,0.0,-0.0009033752531582974,6795.0,2.0,
2026-05-12,CWST,0.0,0.0,0.0,-0.0009378900290368032,6807.0,2.0,
2026-05-12,CWTR,0.0,0.0,0.0,0.0,2998.0,2.0,
2026-05-12,CXAI,0.0,0.0,0.0,0.001611327781836291,1002.0,4.0,
2026-05-12,CXDC,0.0,0.0,0.0,0.0,2999.0,2.0,
2026-05-12,CXDO,0.00046511627906976747,0.0,0.00046511627906976747,0.003399345780484877,304.0,5.0,"BUY because predicted alpha is in the top decile. Main contributors were mom_21, parkinson_vol_20, mom_5. Liquidity filter passed."
2026-05-12,CXRX,0.0,0.0,0.0,0.0,3000.0,2.0,
2026-05-12,CY,0.0,0.0,0.0,0.0,3001.0,2.0,
2026-05-12,CYAB,0.0,0.0,0.0,-0.005148230957451453,7379.0,1.0,
2026-05-12,CYAN,0.0,0.0,0.0,0.0,3002.0,2.0,
2026-05-12,CYBE,0.0,0.0,0.0,0.0,3003.0,2.0,
2026-05-12,CYBR,0.0,0.0,0.0,0.0,3004.0,2.0,
2026-05-12,CYBS,0.0,0.0,0.0,0.0,3005.0,2.0,
2026-05-12,CYBX,0.0,0.0,0.0,0.0,3006.0,2.0,
2026-05-12,CYCC,0.0,0.0,0.0,0.0,3007.0,2.0,
2026-05-12,CYCN,0.0,0.0,0.0,-0.007384014206832256,7466.0,1.0,
2026-05-12,CYCNV,0.0,0.0,0.0,0.0,3008.0,2.0,
2026-05-12,CYCU,0.0,0.0,0.0,-0.0017848650681739175,7055.0,1.0,
2026-05-12,CYHH.Z,0.0,0.0,0.0,0.0,3009.0,2.0,
2026-05-12,CYMI,0.0,0.0,0.0,0.0,3010.0,2.0,
2026-05-12,CYN,0.0,0.0,0.0,0.00014939661830569895,1859.0,3.0,
2026-05-12,CYNA,0.0,0.0,0.0,0.0,3011.0,2.0,
2026-05-12,CYNO,0.0,0.0,0.0,0.0,3012.0,2.0,
2026-05-12,CYPB,0.0,0.0,0.0,0.0,3013.0,2.0,
2026-05-12,CYPH,0.0,0.0,0.0,0.0011119340228218184,1273.0,4.0,
2026-05-12,CYRN,0.0,0.0,0.0,0.0,3014.0,2.0,
2026-05-12,CYRX,0.0,0.0,0.0,0.0009096046452209809,1397.0,4.0,
2026-05-12,CYRX.W,0.0,0.0,0.0,0.0,3015.0,2.0,
2026-05-12,CYT,0.0,0.0,0.0,0.0,3016.0,2.0,
2026-05-12,CYTH,0.0,0.0,0.0,0.0,3017.0,2.0,
2026-05-12,CYTK,0.0,0.0,0.0,0.0008603386137127553,1428.0,4.0,
2026-05-12,CYTO,0.0,0.0,0.0,0.0,3018.0,2.0,
2026-05-12,CYTR,0.0,0.0,0.0,0.0,3019.0,2.0,
2026-05-12,CYTX,0.0,0.0,0.0,0.0,3020.0,2.0,
2026-05-12,CYTX.W,0.0,0.0,0.0,0.0,3021.0,2.0,
2026-05-12,CYXT,0.0,0.0,0.0,0.0,3022.0,2.0,
2026-05-12,CZFC,0.0,0.0,0.0,0.0,3023.0,2.0,
2026-05-12,CZFS,0.0,0.0,0.0,-0.0013164846148626687,6944.0,1.0,
2026-05-12,CZNC,0.0,0.0,0.0,0.0001349958206621641,1869.0,3.0,
2026-05-12,CZR,0.0,0.0,0.0,0.002281095665778055,697.0,5.0,
2026-05-12,CZWI,0.0,0.0,0.0,0.0026491275154250098,551.0,5.0,
2026-05-12,DAAQ,0.0,0.0,0.0,-0.0003917740273026169,6565.0,2.0,
2026-05-12,DAEG,0.0,0.0,0.0,0.0,3024.0,2.0,
2026-05-12,DAIC,0.0,0.0,0.0,-0.003128832619648169,7241.0,1.0,
2026-05-12,DAIO,0.0,0.0,0.0,0.003925742901776107,193.0,5.0,
2026-05-12,DAKT,0.0,0.0,0.0,0.002841538386239011,471.0,5.0,
2026-05-12,DALN,0.0,0.0,0.0,0.0,3025.0,2.0,
2026-05-12,DALS,0.0,0.0,0.0,0.0,3026.0,2.0,
2026-05-12,DAOO,0.0,0.0,0.0,0.0,3027.0,2.0,
2026-05-12,DARA,0.0,0.0,0.0,0.0,3028.0,2.0,
2026-05-12,DARE,-0.002860599542949321,-0.002890173410404624,2.9573867455303087e-05,-0.007107031491660798,7458.0,1.0,"COVER because predicted alpha is in the bottom decile. Main contributors were parkinson_vol_20, intraday_return, mom_5. Liquidity filter passed."
2026-05-12,DASH,0.0023954832638795535,0.002890173410404624,-0.0004946901465250706,0.0030276846810759588,406.0,5.0,"SELL because predicted alpha is in the top decile. Main contributors were parkinson_vol_20, log_dollar_vol_20, volatility_63. Liquidity filter passed."
2026-05-12,DATE,0.0,0.0,0.0,0.0,3029.0,2.0,
2026-05-12,DATS,0.0,0.0,0.0,0.0,3030.0,2.0,
2026-05-12,DAVE,0.002860599542949321,0.002890173410404624,-2.9573867455303087e-05,0.00437644499193263,128.0,5.0,"SELL because predicted alpha is in the top decile. Main contributors were parkinson_vol_20, roa, mom_21. Liquidity filter passed."
2026-05-12,DAWN,0.0,0.0,0.0,0.0,3031.0,2.0,
2026-05-12,DBCA,0.0,0.0,0.0,-0.0005738192909908596,6656.0,2.0,
2026-05-12,DBCP,0.0,0.0,0.0,0.0,3032.0,2.0,
2026-05-12,DBDR,0.0,0.0,0.0,0.0,3033.0,2.0,
2026-05-12,DBGI,0.0,0.0,0.0,0.00043291021686685987,1688.0,3.0,
2026-05-12,DBRN,0.0,0.0,0.0,0.0,3034.0,2.0,
2026-05-12,DBTX,0.0,0.0,0.0,0.0,3035.0,2.0,
2026-05-12,DBVT,0.0,0.0,0.0,0.0014713200095838454,1075.0,4.0,
2026-05-12,DBX,0.0,0.0,0.0,0.0016670470323508092,972.0,4.0,
2026-05-12,DCAR,0.0,0.0,0.0,0.0,3036.0,2.0,
2026-05-12,DCBO,0.00046511627906976747,0.0,0.00046511627906976747,0.003533386771221933,272.0,5.0,"BUY because predicted alpha is in the top decile. Main contributors were intraday_return, parkinson_vol_20, mom_1. Liquidity filter passed."
2026-05-12,DCFC,0.0,0.0,0.0,0.0,3037.0,2.0,
2026-05-12,DCGO,0.0,0.0,0.0,0.00034294886651021686,1737.0,3.0,
2026-05-12,DCIN,0.0,0.0,0.0,0.0,3038.0,2.0,
2026-05-12,DCIX,0.0,0.0,0.0,0.0,3039.0,2.0,
2026-05-12,DCOMG,0.0,0.0,0.0,0.0,3040.0,2.0,
2026-05-12,DCOY,0.0,0.0,0.0,0.0033334640705562435,318.0,5.0,
2026-05-12,DCPH,0.0,0.0,0.0,0.0,3041.0,2.0,
2026-05-12,DCRB,0.0,0.0,0.0,0.0,3042.0,2.0,
2026-05-12,DCRC,0.0,0.0,0.0,0.0,3043.0,2.0,
2026-05-12,DCRD,0.0,0.0,0.0,0.0,3044.0,2.0,
2026-05-12,DCRN,0.0,0.0,0.0,0.0,3045.0,2.0,
2026-05-12,DCT,0.0,0.0,0.0,0.0,3046.0,2.0,
2026-05-12,DCTH,0.0,0.0,0.0,-0.000889872426217372,6786.0,2.0,
2026-05-12,DCX,0.0,0.0,0.0,0.0008120296452815571,1451.0,4.0,
2026-05-12,DDAY,0.0,0.0,0.0,0.0,3047.0,2.0,
2026-05-12,DDMX,0.0,0.0,0.0,0.0,3048.0,2.0,
2026-05-12,DDOC,0.0,0.0,0.0,0.0,3049.0,2.0,
2026-05-12,DDOG,0.002860599542949321,0.002890173410404624,-2.9573867455303087e-05,0.005931082612275571,28.0,5.0,"SELL because predicted alpha is in the top decile. Main contributors were mom_5, mom_21, parkinson_vol_20. Liquidity filter passed."
2026-05-12,DDSS,0.0,0.0,0.0,0.0,3050.0,2.0,
2026-05-12,DEAC,0.0,0.0,0.0,0.0,3051.0,2.0,
2026-05-12,DEAR,0.0,0.0,0.0,0.0,3052.0,2.0,
2026-05-12,DECA,0.0,0.0,0.0,0.0,3053.0,2.0,
2026-05-12,DEFT,0.0,0.0,0.0,0.001026171910541341,1337.0,4.0,
2026-05-12,DEFTF,0.0,0.0,0.0,0.0,3054.0,2.0,
2026-05-12,DELT,0.0,0.0,0.0,0.0,3055.0,2.0,
2026-05-12,DELT.W,0.0,0.0,0.0,0.0,3056.0,2.0,
2026-05-12,DENN,0.0,0.0,0.0,0.0,3057.0,2.0,
2026-05-12,DEPO,0.0,0.0,0.0,0.0,3058.0,2.0,
2026-05-12,DERM,0.0,0.0,0.0,-0.001267158093971934,6928.0,1.0,
2026-05-12,DEST,0.0,0.0,0.0,0.0,3059.0,2.0,
2026-05-12,DETX,0.0,0.0,0.0,-0.0009170657089197019,6799.0,2.0,
2026-05-12,DEVS,0.0,0.0,0.0,-0.0093342382623557,7504.0,1.0,
2026-05-12,DFBG,0.0,0.0,0.0,0.0,3060.0,2.0,
2026-05-12,DFBH,0.0,0.0,0.0,0.0,3061.0,2.0,
2026-05-12,DFDV,0.0,0.0,0.0,0.0025134119374692313,606.0,5.0,
2026-05-12,DFFN,0.0,0.0,0.0,0.0,3062.0,2.0,
2026-05-12,DFHT,0.0,0.0,0.0,0.0,3063.0,2.0,
2026-05-12,DFLI,0.0,0.0,0.0,0.0005305070223125319,1627.0,3.0,
2026-05-12,DFNS,0.0,0.0,0.0,0.0029207546572811776,446.0,5.0,
2026-05-12,DFPH,0.0,0.0,0.0,0.0,3064.0,2.0,
2026-05-12,DFRG,0.0,0.0,0.0,0.0,3065.0,2.0,
2026-05-12,DFSC,0.0,0.0,0.0,0.00023425138626540702,1797.0,3.0,
2026-05-12,DFTX,0.0,0.0,0.0,0.0022163325800812284,727.0,5.0,
2026-05-12,DFZ,0.0,0.0,0.0,0.0,3066.0,2.0,
2026-05-12,DGAS,0.0,0.0,0.0,0.0,3067.0,2.0,
2026-05-12,DGHI,0.0,0.0,0.0,0.0,3068.0,2.0,
2026-05-12,DGICA,0.0,0.0,0.0,0.0008205313435754461,1444.0,4.0,
2026-05-12,DGICB,0.0,0.0,0.0,0.002496316453111961,613.0,5.0,
2026-05-12,DGII,0.0,0.0,0.0,0.0026344172978563494,563.0,5.0,
2026-05-12,DGLT,0.0,0.0,0.0,0.0,3069.0,2.0,
2026-05-12,DGLY,0.0,0.0,0.0,0.0,3070.0,2.0,
2026-05-12,DGNS,0.0,0.0,0.0,0.0,3071.0,2.0,
2026-05-12,DGNU,0.0,0.0,0.0,0.0,3072.0,2.0,
2026-05-12,DGNX,0.0,0.0,0.0,-0.0012016547913135112,6904.0,1.0,
2026-05-12,DGXX,0.0,0.0,0.0,0.0014270962687966673,1093.0,4.0,
2026-05-12,DH,0.0,0.0,0.0,0.0035897842690938114,262.0,5.0,
2026-05-12,DHAC,0.0,0.0,0.0,0.0,3073.0,2.0,
2026-05-12,DHAI,0.0,0.0,0.0,0.0,3074.0,2.0,
2026-05-12,DHBC,0.0,0.0,0.0,0.0,3075.0,2.0,
2026-05-12,DHCA,0.0,0.0,0.0,0.0,3076.0,2.0,
2026-05-12,DHCNI,0.0,0.0,0.0,0.0003139737231345396,1758.0,3.0,
2026-05-12,DHCNL,0.0,0.0,0.0,0.0014802811211084752,1067.0,4.0,
2026-05-12,DHHC,0.0,0.0,0.0,0.0,3077.0,2.0,
2026-05-12,DHIL,0.0,0.0,0.0,0.0,3078.0,2.0,
2026-05-12,DHRM,0.0,0.0,0.0,0.0,3079.0,2.0,
2026-05-12,DHXM,0.0,0.0,0.0,0.0,3080.0,2.0,
2026-05-12,DIBS,-0.00046511627906976747,0.0,-0.00046511627906976747,-0.0023225261738791486,7150.0,1.0,"SHORT because predicted alpha is in the bottom decile. Main contributors were volume_z_60, intraday_return, mom_1. Liquidity filter passed."
2026-05-12,DICE,0.0,0.0,0.0,0.0,3081.0,2.0,
2026-05-12,DILA,0.0,0.0,0.0,0.0,3082.0,2.0,
2026-05-12,DIOD,0.0,0.0,0.0,-0.00014176596276379682,6413.0,2.0,
2026-05-12,DISA,0.0,0.0,0.0,0.0,3083.0,2.0,
2026-05-12,DISC.A,0.0,0.0,0.0,0.0,3084.0,2.0,
2026-05-12,DISC.B,0.0,0.0,0.0,0.0,3085.0,2.0,
2026-05-12,DISC.K,0.0,0.0,0.0,0.0,3086.0,2.0,
2026-05-12,DISCA,0.0,0.0,0.0,0.0,3087.0,2.0,
2026-05-12,DISCB,0.0,0.0,0.0,0.0,3088.0,2.0,
2026-05-12,DISCK,0.0,0.0,0.0,0.0,3089.0,2.0,
2026-05-12,DISH,0.0,0.0,0.0,0.0,3090.0,2.0,
2026-05-12,DIST,0.0,0.0,0.0,0.0,3091.0,2.0,
2026-05-12,DJCO,0.002860599542949321,0.002890173410404624,-2.9573867455303087e-05,0.004619973659270166,101.0,5.0,"SELL because predicted alpha is in the top decile. Main contributors were parkinson_vol_20, volume_z_60, roa. Liquidity filter passed."
2026-05-12,DJT,0.0,0.0,0.0,0.0004326838269391413,1689.0,3.0,
2026-05-12,DKDCA,0.0,0.0,0.0,0.0,3092.0,2.0,
2026-05-12,DKI,0.0,0.0,0.0,-0.009053718587987068,7498.0,1.0,
2026-05-12,DKNG,0.0023954832638795535,0.002890173410404624,-0.0004946901465250706,0.002300336748497503,686.0,5.0,"SELL because predicted alpha is in the top decile. Main contributors were parkinson_vol_20, log_dollar_vol_20, volatility_63. Liquidity filter passed."
2026-05-12,DLCA,0.0,0.0,0.0,0.0,3093.0,2.0,
2026-05-12,DLHC,0.0,0.0,0.0,0.0017671691061086708,923.0,4.0,
2026-05-12,DLIA,0.0,0.0,0.0,0.0,3094.0,2.0,
2026-05-12,DLLR,0.0,0.0,0.0,0.0,3095.0,2.0,
2026-05-12,DLO,0.0,0.0,0.0,0.0004459333745833638,1683.0,3.0,
2026-05-12,DLPN,0.0,0.0,0.0,0.0020398225838552013,801.0,4.0,
2026-05-12,DLTH,0.0,0.0,0.0,0.0018266005165888878,893.0,4.0,
2026-05-12,DLTR,0.0,0.0,0.0,-0.0005344199950808693,6642.0,2.0,
2026-05-12,DLXY,0.0,0.0,0.0,0.002585781737444285,580.0,5.0,
2026-05-12,DMAA,0.0,0.0,0.0,-0.0006248159487195386,6679.0,2.0,
2026-05-12,DMAC,0.0,0.0,0.0,0.0027225058500293686,518.0,5.0,
2026-05-12,DMAN,0.0,0.0,0.0,0.0,3096.0,2.0,
2026-05-12,DMAQ,0.0,0.0,0.0,0.0,3097.0,2.0,
2026-05-12,DMII,0.0,0.0,0.0,-0.0011644041810889372,6888.0,1.0,
2026-05-12,DMK,0.0,0.0,0.0,0.0,3098.0,2.0,
2026-05-12,DMLP,0.0,0.0,0.0,0.000633390273631614,1569.0,3.0,
2026-05-12,DMN,0.0,0.0,0.0,0.0,3099.0,2.0,
2026-05-12,DMND,0.0,0.0,0.0,0.0,3100.0,2.0,
2026-05-12,DMPI,0.0,0.0,0.0,0.0,3101.0,2.0,
2026-05-12,DMRA,0.0,0.0,0.0,0.0007893884269337636,1468.0,4.0,
2026-05-12,DMRC,0.0,0.0,0.0,0.0012579887206517894,1190.0,4.0,
2026-05-12,DMTK,0.0,0.0,0.0,0.0,3102.0,2.0,
2026-05-12,DMTX,0.0,0.0,0.0,0.0,3103.0,2.0,
2026-05-12,DNAA,0.0,0.0,0.0,0.0,3104.0,2.0,
2026-05-12,DNAB,0.0,0.0,0.0,0.0,3105.0,2.0,
2026-05-12,DNAC,0.0,0.0,0.0,0.0,3106.0,2.0,
2026-05-12,DNAD,0.0,0.0,0.0,0.0,3107.0,2.0,
2026-05-12,DNAI,0.0,0.0,0.0,0.0,3108.0,2.0,
2026-05-12,DNAY,0.0,0.0,0.0,0.0,3109.0,2.0,
2026-05-12,DNBF,0.0,0.0,0.0,0.0,3110.0,2.0,
2026-05-12,DNDN,0.0,0.0,0.0,0.0,3111.0,2.0,
2026-05-12,DNJR,0.0,0.0,0.0,0.0,3112.0,2.0,
2026-05-12,DNKN,0.0,0.0,0.0,0.0,3113.0,2.0,
2026-05-12,DNLI,0.0,0.0,0.0,-0.00017387858536775604,6436.0,2.0,
2026-05-12,DNMX,0.0,0.0,0.0,-0.000509115212394465,6626.0,2.0,
2026-05-12,DNTH,0.0,0.0,0.0,0.0016545333506032777,981.0,4.0,
2026-05-12,DNUT,0.0,0.0,0.0,0.0031655424649165123,363.0,5.0,
2026-05-12,DOCU,0.0,0.0,0.0,0.002245956452858059,713.0,5.0,
2026-05-12,DOGZ,0.0,0.0,0.0,0.0034063360739579936,302.0,5.0,
2026-05-12,DOMH,-0.0023954832638795535,-0.002890173410404624,0.0004946901465250706,0.0002507594081762775,1787.0,3.0,"COVER because predicted alpha is in the bottom decile. Main contributors were mom_10, cash_to_assets, intraday_return. Liquidity filter passed."
2026-05-12,DOMO,0.0023954832638795535,0.002890173410404624,-0.0004946901465250706,0.0023066497622429255,680.0,5.0,"SELL because predicted alpha is in the top decile. Main contributors were mom_21, hl_range_20, volume_z_60. Liquidity filter passed."
2026-05-12,DOO,0.0,0.0,0.0,-0.0010672383926192608,6862.0,1.0,
2026-05-12,DOOO,0.0,0.0,0.0,0.0,3114.0,2.0,
2026-05-12,DORM,0.0,0.0,0.0,0.001218116694752422,1209.0,4.0,
2026-05-12,DOTA,0.0,0.0,0.0,0.0,3115.0,2.0,
2026-05-12,DOVA,0.0,0.0,0.0,0.0,3116.0,2.0,
2026-05-12,DOVR,0.0,0.0,0.0,0.0,3117.0,2.0,
2026-05-12,DOX,0.0,0.0,0.0,-0.0005742890165270726,6658.0,2.0,
2026-05-12,DPCS,0.0,0.0,0.0,0.0,3118.0,2.0,
2026-05-12,DPHC,0.0,0.0,0.0,0.0,3119.0,2.0,
2026-05-12,DPRO,0.00046511627906976747,0.0,0.00046511627906976747,0.003793835480716233,219.0,5.0,"BUY because predicted alpha is in the top decile. Main contributors were parkinson_vol_20, mom_252, volume_z_60. Liquidity filter passed."
2026-05-12,DPRX,0.0,0.0,0.0,0.0,3120.0,2.0,
2026-05-12,DPZ,0.0,0.0,0.0,0.002429017972601166,636.0,5.0,
2026-05-12,DRAD,0.0,0.0,0.0,0.0,3121.0,2.0,
2026-05-12,DRCT,0.0,0.0,0.0,-0.0040244379347822695,7306.0,1.0,
2026-05-12,DRDB,0.0,0.0,0.0,0.0005921082443662365,1594.0,3.0,
2026-05-12,DRH,0.0,0.0,0.0,0.0014162794115732654,1104.0,4.0,
2026-05-12,DRIO,0.0,0.0,0.0,-0.004197708758126368,7318.0,1.0,
2026-05-12,DRIO.W,0.0,0.0,0.0,0.0,3122.0,2.0,
2026-05-12,DRMA,0.0,0.0,0.0,-0.004211191717231122,7319.0,1.0,
2026-05-12,DRMT,0.0,0.0,0.0,0.0,3123.0,2.0,
2026-05-12,DRNA,0.0,0.0,0.0,0.0,3124.0,2.0,
2026-05-12,DRRX,0.0,0.0,0.0,0.0,3125.0,2.0,
2026-05-12,DRS,0.0,0.0,0.0,0.0015767362077271456,1021.0,4.0,
2026-05-12,DRTS,-0.001930366984809786,-0.002890173410404624,0.0009598064255948381,0.004036587418007238,173.0,5.0,"COVER because predicted alpha is in the bottom decile. Main contributors were mom_10, volatility_10, volume_z_60. Liquidity filter passed."
2026-05-12,DRTT,0.0,0.0,0.0,0.0,3126.0,2.0,
2026-05-12,DRTX,0.0,0.0,0.0,0.0,3127.0,2.0,
2026-05-12,DRUG,0.0,0.0,0.0,0.0007410189890408809,1499.0,4.0,
2026-05-12,DRVN,0.0,0.0,0.0,-0.00019135866517880113,6443.0,2.0,
2026-05-12,DRWI,0.0,0.0,0.0,0.0,3128.0,2.0,
2026-05-12,DRWI.W,0.0,0.0,0.0,0.0,3129.0,2.0,
2026-05-12,DRYS,0.0,0.0,0.0,0.0,3130.0,2.0,
2026-05-12,DSAC,0.0,0.0,0.0,0.0,3131.0,2.0,
2026-05-12,DSCI,0.0,0.0,0.0,0.0,3132.0,2.0,
2026-05-12,DSCM,0.0,0.0,0.0,0.0,3133.0,2.0,
2026-05-12,DSCOD,0.0,0.0,0.0,0.0,3134.0,2.0,
2026-05-12,DSEY,0.0,0.0,0.0,0.0,3135.0,2.0,
2026-05-12,DSGN,0.0,0.0,0.0,0.0009467618045951449,1379.0,4.0,
2026-05-12,DSGR,0.0,0.0,0.0,-0.0012513005581462748,6922.0,1.0,
2026-05-12,DSGX,0.0,0.0,0.0,0.0021824567742757045,749.0,5.0,
2026-05-12,DSKE,0.0,0.0,0.0,0.0,3136.0,2.0,
2026-05-12,DSKX,0.0,0.0,0.0,0.0,3137.0,2.0,
2026-05-12,DSKY,0.0,0.0,0.0,0.0,3138.0,2.0,
2026-05-12,DSP,0.0,0.0,0.0,0.00011965966485542613,1879.0,3.0,
2026-05-12,DSPG,0.0,0.0,0.0,0.0,3139.0,2.0,
2026-05-12,DSTI,0.0,0.0,0.0,0.0,3140.0,2.0,
2026-05-12,DSWL,0.0,0.0,0.0,0.001693895333976938,954.0,4.0,
2026-05-12,DSY,0.0,0.0,0.0,0.0019857285508580614,825.0,4.0,
2026-05-12,DTCK,0.0,0.0,0.0,0.0,3141.0,2.0,
2026-05-12,DTCX,0.0,0.0,0.0,0.0004608638628645664,1675.0,3.0,
2026-05-12,DTEA,0.0,0.0,0.0,0.0,3142.0,2.0,
2026-05-12,DTI,0.0,0.0,0.0,-0.0006084473296794546,6673.0,2.0,
2026-05-12,DTIL,0.0,0.0,0.0,0.0007013491702316548,1522.0,3.0,
2026-05-12,DTLK,0.0,0.0,0.0,0.0,3143.0,2.0,
2026-05-12,DTOC,0.0,0.0,0.0,0.0,3144.0,2.0,
2026-05-12,DTRM,0.0,0.0,0.0,0.0,3145.0,2.0,
2026-05-12,DTRT,0.0,0.0,0.0,0.0,3146.0,2.0,
2026-05-12,DTSI,0.0,0.0,0.0,0.0,3147.0,2.0,
2026-05-12,DTSQ,0.0,0.0,0.0,-0.0012309764475415827,6914.0,1.0,
2026-05-12,DTSS,0.0,0.0,0.0,0.0034355517935341987,294.0,5.0,
2026-05-12,DTST,0.0,0.0,0.0,-0.0033281845963730877,7255.0,1.0,
2026-05-12,DUET,0.0,0.0,0.0,0.0,3148.0,2.0,
2026-05-12,DUNE,0.0,0.0,0.0,0.0,3149.0,2.0,
2026-05-12,DUO,0.0,0.0,0.0,0.00022380677238342263,1806.0,3.0,
2026-05-12,DUOL,0.0,0.0,0.0,0.002827182958447947,476.0,5.0,
2026-05-12,DUOT,0.0,0.0,0.0,0.002636374710287136,560.0,5.0,
2026-05-12,DVAX,0.0,0.0,0.0,0.0,3150.0,2.0,
2026-05-12,DVCR,0.0,0.0,0.0,0.0,3151.0,2.0,
2026-05-12,DVLT,0.0,0.0,0.0,-0.0016016436271333162,7021.0,1.0,
2026-05-12,DWA,0.0,0.0,0.0,0.0,3152.0,2.0,
2026-05-12,DWAC,0.0,0.0,0.0,0.0,3153.0,2.0,
2026-05-12,DWCH,0.0,0.0,0.0,0.0,3154.0,2.0,
2026-05-12,DWSN,0.0,0.0,0.0,0.0034892579908134594,281.0,5.0,
2026-05-12,DWTX,0.0,0.0,0.0,0.000241807324868942,1792.0,3.0,
2026-05-12,DXCM,0.0,0.0,0.0,-0.0015312225454088264,7002.0,1.0,
2026-05-12,DXLG,0.0,0.0,0.0,0.002198313656173574,738.0,5.0,
2026-05-12,DXM,0.0,0.0,0.0,0.0,3155.0,2.0,
2026-05-12,DXPE,0.0,0.0,0.0,-0.0005415407927861163,6646.0,2.0,
2026-05-12,DXR,0.0,0.0,0.0,0.0023796585079810455,653.0,5.0,
2026-05-12,DXST,0.0,0.0,0.0,-0.0038384914380459015,7297.0,1.0,
2026-05-12,DXTR,0.0,0.0,0.0,0.0,3156.0,2.0,
2026-05-12,DXYN,0.0,0.0,0.0,0.0,3157.0,2.0,
2026-05-12,DYAI,0.0,0.0,0.0,0.0005145703619842072,1639.0,3.0,
2026-05-12,DYAX,0.0,0.0,0.0,0.0,3158.0,2.0,
2026-05-12,DYCQ,0.0,0.0,0.0,0.0,3159.0,2.0,
2026-05-12,DYN,0.0,0.0,0.0,0.001968681790123378,833.0,4.0,
2026-05-12,DYNC,0.0,0.0,0.0,-0.0015374665596773803,7005.0,1.0,
2026-05-12,DYNS,0.0,0.0,0.0,0.0,3160.0,2.0,
2026-05-12,DYNT,0.0,0.0,0.0,0.0,3161.0,2.0,
2026-05-12,DYNX,0.0,0.0,0.0,0.0,3162.0,2.0,
2026-05-12,DYOR,0.0,0.0,0.0,-0.00031971223543802735,6521.0,2.0,
2026-05-12,DYSL,0.0,0.0,0.0,0.0,3163.0,2.0,
2026-05-12,DZSI,0.0,0.0,0.0,0.0,3164.0,2.0,
2026-05-12,EA,0.0,0.0,0.0,-0.0004657980768923816,6601.0,2.0,
2026-05-12,EAC,0.0,0.0,0.0,0.0,3165.0,2.0,
2026-05-12,EACQ,0.0,0.0,0.0,0.0,3166.0,2.0,
2026-05-12,EACQ.W,0.0,0.0,0.0,0.0,3167.0,2.0,
2026-05-12,EAGL.U,0.0,0.0,0.0,0.0,3168.0,2.0,
2026-05-12,EAGL.W,0.0,0.0,0.0,0.0,3169.0,2.0,
2026-05-12,EAR,0.0,0.0,0.0,0.0,3170.0,2.0,
2026-05-12,EARS,0.0,0.0,0.0,0.0,3171.0,2.0,
2026-05-12,EAST,0.0,0.0,0.0,0.0,3172.0,2.0,
2026-05-12,EBAC,0.0,0.0,0.0,0.0,3173.0,2.0,
2026-05-12,EBAY,0.0,0.0,0.0,-0.0001995522101207763,6451.0,2.0,
2026-05-12,EBAY.L,0.0,0.0,0.0,0.0,3174.0,2.0,
2026-05-12,EBAY.V,0.0,0.0,0.0,0.0,3175.0,2.0,
2026-05-12,EBAYL,0.0,0.0,0.0,0.0,3176.0,2.0,
2026-05-12,EBC,0.0,0.0,0.0,-0.0003076758817121747,6515.0,2.0,
2026-05-12,EBET,0.0,0.0,0.0,0.0,3177.0,2.0,
2026-05-12,EBIO,0.0,0.0,0.0,0.0,3178.0,2.0,
2026-05-12,EBIX,0.0,0.0,0.0,0.0,3179.0,2.0,
2026-05-12,EBMT,0.0,0.0,0.0,0.0003711609145045554,1722.0,3.0,
2026-05-12,EBON,0.0,0.0,0.0,0.006610650938307034,12.0,5.0,
2026-05-12,EBSB,0.0,0.0,0.0,0.0,3180.0,2.0,
2026-05-12,EBTC,0.0,0.0,0.0,0.0,3181.0,2.0,
2026-05-12,ECAC,0.0,0.0,0.0,0.0,3182.0,2.0,
2026-05-12,ECAC.R,0.0,0.0,0.0,0.0,3183.0,2.0,
2026-05-12,ECAV,0.0,0.0,0.0,0.0,3184.0,2.0,
2026-05-12,ECBK,0.0,0.0,0.0,-0.00016903364918475133,6434.0,2.0,
2026-05-12,ECDA,0.0,0.0,0.0,0.0,3185.0,2.0,
2026-05-12,ECHO,0.0,0.0,0.0,0.0,3186.0,2.0,
2026-05-12,ECLP,0.0,0.0,0.0,0.0,3187.0,2.0,
2026-05-12,ECOL,0.0,0.0,0.0,0.0,3188.0,2.0,
2026-05-12,ECOR,0.0,0.0,0.0,0.002147327518353868,761.0,4.0,
2026-05-12,ECPG,0.0,0.0,0.0,0.00072342563165034,1507.0,4.0,
2026-05-12,ECTE,0.0,0.0,0.0,0.0,3189.0,2.0,
2026-05-12,ECX,0.0,0.0,0.0,0.0027399139882354636,510.0,5.0,
2026-05-12,ECYT,0.0,0.0,0.0,0.0,3190.0,2.0,
2026-05-12,EDBL,0.0,0.0,0.0,-0.008891734351627135,7494.0,1.0,
2026-05-12,EDGW,0.0,0.0,0.0,0.0,3191.0,2.0,
2026-05-12,EDHL,0.0,0.0,0.0,0.00031924403169495373,1753.0,3.0,
2026-05-12,EDIT,0.0,0.0,0.0,0.002934986596719112,437.0,5.0,
2026-05-12,EDMC,0.0,0.0,0.0,0.0,3192.0,2.0,
2026-05-12,EDNC,0.0,0.0,0.0,0.0,3193.0,2.0,
2026-05-12,EDNT,0.0,0.0,0.0,0.0,3194.0,2.0,
2026-05-12,EDRY,0.0,0.0,0.0,-2.7970054043765765e-05,6356.0,2.0,
2026-05-12,EDS,0.0,0.0,0.0,0.0,3195.0,2.0,
2026-05-12,EDSA,0.00046511627906976747,0.0,0.00046511627906976747,0.005024256800063458,74.0,5.0,"BUY because predicted alpha is in the top decile. Main contributors were hl_range_20, mom_21, mom_252. Liquidity filter passed."
2026-05-12,EDTK,0.0,0.0,0.0,0.005726980223438618,34.0,5.0,
2026-05-12,EDTX,0.0,0.0,0.0,0.0,3196.0,2.0,
2026-05-12,EDUC,0.0,0.0,0.0,0.0011843772032026465,1232.0,4.0,
2026-05-12,EEFT,0.0,0.0,0.0,0.001184831526779711,1231.0,4.0,
2026-05-12,EEI,0.0,0.0,0.0,0.0,3197.0,2.0,
2026-05-12,EEIQ,0.0,0.0,0.0,-0.005266635118359291,7387.0,1.0,
2026-05-12,EEME,0.0,0.0,0.0,0.0,3198.0,2.0,
2026-05-12,EEML,0.0,0.0,0.0,0.0,3199.0,2.0,
2026-05-12,EFBI,0.0,0.0,0.0,0.0,3200.0,2.0,
2026-05-12,EFHT,0.0,0.0,0.0,0.0,3201.0,2.0,
2026-05-12,EFII,0.0,0.0,0.0,0.0,3202.0,2.0,
2026-05-12,EFOI,0.0,0.0,0.0,-0.0009204720751401422,6800.0,2.0,
2026-05-12,EFSC,0.0,0.0,0.0,-0.00021557988684314057,6460.0,2.0,
2026-05-12,EFSI,0.0,0.0,0.0,0.0008758290006066773,1418.0,4.0,
2026-05-12,EFTR,0.0,0.0,0.0,0.0,3203.0,2.0,
2026-05-12,EFTY,0.0,0.0,0.0,0.0,3204.0,2.0,
2026-05-12,EGAN,0.0,0.0,0.0,0.002357303672592632,667.0,5.0,
2026-05-12,EGBN,-0.00046511627906976747,0.0,-0.00046511627906976747,-0.0024256456086333435,7167.0,1.0,"SHORT because predicted alpha is in the bottom decile. Main contributors were volume_z_60, hl_range_20, book_to_market. Liquidity filter passed."
2026-05-12,EGC,0.0,0.0,0.0,0.0,3205.0,2.0,
2026-05-12,EGHA,0.0,0.0,0.0,-0.00034466923407762504,6538.0,2.0,
2026-05-12,EGHT,0.0,0.0,0.0,0.0012050641397613406,1218.0,4.0,
2026-05-12,EGIO,0.0,0.0,0.0,0.0,3206.0,2.0,
2026-05-12,EGLT,0.0,0.0,0.0,0.0,3207.0,2.0,
2026-05-12,EGLX,0.0,0.0,0.0,0.0,3208.0,2.0,
2026-05-12,EGOV,0.0,0.0,0.0,0.0,3209.0,2.0,
2026-05-12,EGOX,0.0,0.0,0.0,0.0,3210.0,2.0,
2026-05-12,EGRW,0.0,0.0,0.0,0.0,3211.0,2.0,
2026-05-12,EGRX,0.0,0.0,0.0,0.0,3212.0,2.0,
2026-05-12,EGT,0.0,0.0,0.0,0.0,3213.0,2.0,
2026-05-12,EHGO,0.0,0.0,0.0,-0.0015420962844606206,7009.0,1.0,
2026-05-12,EHLD,0.0,0.0,0.0,0.0016223596799991307,994.0,4.0,
2026-05-12,EHLDV,0.0,0.0,0.0,0.0,3214.0,2.0,
2026-05-12,EHR,0.0,0.0,0.0,0.0,3215.0,2.0,
2026-05-12,EHTH,0.0,0.0,0.0,0.0015503698421245227,1038.0,4.0,
2026-05-12,EIDX,0.0,0.0,0.0,0.0,3216.0,2.0,
2026-05-12,EIGI,0.0,0.0,0.0,0.0,3217.0,2.0,
2026-05-12,EIGR,0.0,0.0,0.0,0.0,3218.0,2.0,
2026-05-12,EIKN,-0.00046511627906976747,0.0,-0.00046511627906976747,-0.0027419685302925412,7196.0,1.0,"SHORT because predicted alpha is in the bottom decile. Main contributors were intraday_return, mom_1, mom_10. Liquidity filter passed."
2026-05-12,EJFA,0.0,0.0,0.0,0.0,3219.0,2.0,
2026-05-12,EJH,0.0,0.0,0.0,-0.003438113616753204,7267.0,1.0,
2026-05-12,EKSO,0.0,0.0,0.0,0.0,3220.0,2.0,
2026-05-12,ELAB,0.0,0.0,0.0,-0.004979379799767883,7374.0,1.0,
2026-05-12,ELBM,0.0,0.0,0.0,0.001544205551675571,1040.0,4.0,
2026-05-12,ELDN,0.0,0.0,0.0,-0.0003227761270191393,6526.0,2.0,
2026-05-12,ELE,0.0,0.0,0.0,0.001343084759283168,1143.0,4.0,
2026-05-12,ELEC,0.0,0.0,0.0,0.0,3221.0,2.0,
2026-05-12,ELEC.U,0.0,0.0,0.0,0.0,3222.0,2.0,
2026-05-12,ELEV,0.0,0.0,0.0,0.0,3223.0,2.0,
2026-05-12,ELGX,0.0,0.0,0.0,0.0,3224.0,2.0,
2026-05-12,ELMS,0.0,0.0,0.0,0.0,3225.0,2.0,
2026-05-12,ELMT,0.0,0.0,0.0,5.689871817204104e-05,1910.0,3.0,
2026-05-12,ELNK,0.0,0.0,0.0,0.0,3226.0,2.0,
2026-05-12,ELOG,0.0,0.0,0.0,0.0030352601353354942,405.0,5.0,
2026-05-12,ELOS,0.0,0.0,0.0,0.0,3227.0,2.0,
2026-05-12,ELOX,0.0,0.0,0.0,0.0,3228.0,2.0,
2026-05-12,ELPW,-0.002860599542949321,-0.002890173410404624,2.9573867455303087e-05,-0.017082357372748228,7541.0,1.0,"COVER because predicted alpha is in the bottom decile. Main contributors were parkinson_vol_20, volatility_63, volatility_10. Liquidity filter passed."
2026-05-12,ELRC,0.0,0.0,0.0,0.0,3229.0,2.0,
2026-05-12,ELSE,0.0,0.0,0.0,0.0007518811831565434,1494.0,4.0,
2026-05-12,ELTK,0.0,0.0,0.0,-0.0033388424824842915,7258.0,1.0,
2026-05-12,ELTX,-0.0023954832638795535,-0.002890173410404624,0.0004946901465250706,0.0010760225187528328,1297.0,4.0,"COVER because predicted alpha is in the bottom decile. Main contributors were roa, operating_margin, volume_z_60. Liquidity filter passed."
2026-05-12,ELUT,0.0,0.0,0.0,0.0029033510590507484,455.0,5.0,
2026-05-12,ELVA,0.00046511627906976747,0.0,0.00046511627906976747,0.0035400266404403725,271.0,5.0,"BUY because predicted alpha is in the top decile. Main contributors were mom_252, intraday_return, parkinson_vol_20. Liquidity filter passed."
2026-05-12,ELVN,0.0023954832638795535,0.002890173410404624,-0.0004946901465250706,0.0010002063633685727,1354.0,4.0,"SELL because predicted alpha is in the top decile. Main contributors were parkinson_vol_20, current_ratio, cash_to_assets. Liquidity filter passed."
2026-05-12,ELWT,0.0,0.0,0.0,0.00468492906902776,96.0,5.0,
2026-05-12,ELYM,0.0,0.0,0.0,0.0,3230.0,2.0,
2026-05-12,ELYS,0.0,0.0,0.0,0.0,3231.0,2.0,
2026-05-12,EMAT,0.0,0.0,0.0,-0.002101279047102602,7114.0,1.0,
2026-05-12,EMBC,-0.002860599542949321,-0.002890173410404624,2.9573867455303087e-05,-0.005065356619272438,7378.0,1.0,"COVER because predicted alpha is in the bottom decile. Main contributors were volatility_10, mom_21, volatility_63. Liquidity filter passed."
2026-05-12,EMBK,0.0,0.0,0.0,0.0,3232.0,2.0,
2026-05-12,EMCF,0.0,0.0,0.0,0.0,3233.0,2.0,
2026-05-12,EMCG,0.0,0.0,0.0,0.0,3234.0,2.0,
2026-05-12,EMCI,0.0,0.0,0.0,0.0,3235.0,2.0,
2026-05-12,EMDI,0.0,0.0,0.0,0.0,3236.0,2.0,
2026-05-12,EMDR,0.0,0.0,0.0,0.0,3237.0,2.0,
2026-05-12,EMEY,0.0,0.0,0.0,0.0,3238.0,2.0,
2026-05-12,EMFN,0.0,0.0,0.0,0.0,3239.0,2.0,
2026-05-12,EMIS,0.0,0.0,0.0,0.0,3240.0,2.0,
2026-05-12,EMIT.F,0.0,0.0,0.0,0.0,3241.0,2.0,
2026-05-12,EMITF,0.0,0.0,0.0,0.0,3242.0,2.0,
2026-05-12,EMKR,0.0,0.0,0.0,0.0,3243.0,2.0,
2026-05-12,EML,0.0,0.0,0.0,0.0006162214306385391,1579.0,3.0,
2026-05-12,EMLD,0.0,0.0,0.0,0.0,3244.0,2.0,
2026-05-12,EMMA,0.0,0.0,0.0,0.0,3245.0,2.0,
2026-05-12,EMMS,0.0,0.0,0.0,0.0,3246.0,2.0,
2026-05-12,EMMS.P,0.0,0.0,0.0,0.0,3247.0,2.0,
2026-05-12,EMMSV,0.0,0.0,0.0,0.0,3248.0,2.0,
2026-05-12,EMMT,0.0,0.0,0.0,0.0,3249.0,2.0,
2026-05-12,EMPD,0.0,0.0,0.0,0.0016957613791680165,953.0,4.0,
2026-05-12,EMPG,0.0,0.0,0.0,0.0,3250.0,2.0,
2026-05-12,ENCO,0.0,0.0,0.0,0.0,3251.0,2.0,
2026-05-12,ENCP,0.0,0.0,0.0,0.0,3252.0,2.0,
2026-05-12,ENDP,0.0,0.0,0.0,0.0,3253.0,2.0,
2026-05-12,ENER,0.0,0.0,0.0,0.0,3254.0,2.0,
2026-05-12,ENFA,0.0,0.0,0.0,0.0,3255.0,2.0,
2026-05-12,ENFC,0.0,0.0,0.0,0.0,3256.0,2.0,
2026-05-12,ENG,0.0,0.0,0.0,0.0,3257.0,2.0,
2026-05-12,ENGN,-0.002860599542949321,-0.002890173410404624,2.9573867455303087e-05,-0.010494169908025758,7513.0,1.0,"COVER because predicted alpha is in the bottom decile. Main contributors were volatility_63, volatility_10, mom_5. Liquidity filter passed."
2026-05-12,ENGS,0.0,0.0,0.0,-0.001036650396037409,6851.0,1.0,
2026-05-12,ENJY,0.0,0.0,0.0,0.0,3258.0,2.0,
2026-05-12,ENLT,0.0,0.0,0.0,0.002657134391993809,549.0,5.0,
2026-05-12,ENLV,0.0,0.0,0.0,0.0008750823078487431,1421.0,4.0,
2026-05-12,ENMD,0.0,0.0,0.0,0.0,3259.0,2.0,
2026-05-12,ENNV,0.0,0.0,0.0,0.0,3260.0,2.0,
2026-05-12,ENOB,0.0,0.0,0.0,0.0,3261.0,2.0,
2026-05-12,ENOC,0.0,0.0,0.0,0.0,3262.0,2.0,
2026-05-12,ENPH,0.0,0.0,0.0,0.0016522896691746004,982.0,4.0,
2026-05-12,ENSC,0.0,0.0,0.0,0.0003954620330518297,1711.0,3.0,
2026-05-12,ENSG,0.0,0.0,0.0,-0.0013016755832819405,6941.0,1.0,
2026-05-12,ENSG.V,0.0,0.0,0.0,0.0,3263.0,2.0,
2026-05-12,ENSGV,0.0,0.0,0.0,0.0,3264.0,2.0,
2026-05-12,ENT,0.0,0.0,0.0,0.0,3265.0,2.0,
2026-05-12,ENTA,0.0,0.0,0.0,0.00025237592690346115,1786.0,3.0,
2026-05-12,ENTF,0.0,0.0,0.0,0.0,3266.0,2.0,
2026-05-12,ENTG,0.0,0.0,0.0,0.00018698609292639598,1836.0,3.0,
2026-05-12,ENTL,0.0,0.0,0.0,0.0,3267.0,2.0,
2026-05-12,ENTO,0.0,0.0,0.0,0.0,3268.0,2.0,
2026-05-12,ENTX,0.0,0.0,0.0,-0.0023994599582162187,7161.0,1.0,
2026-05-12,ENVB,0.0,0.0,0.0,-0.006883184561685008,7450.0,1.0,
2026-05-12,ENVE,0.0,0.0,0.0,0.0,3269.0,2.0,
2026-05-12,ENVI,0.0,0.0,0.0,0.0,3270.0,2.0,
2026-05-12,ENVX,0.0,0.0,0.0,0.001672583149493179,967.0,4.0,
2026-05-12,ENZN,0.0,0.0,0.0,0.0,3271.0,2.0,
2026-05-12,ENZY,0.0,0.0,0.0,0.0,3272.0,2.0,
2026-05-12,EOLS,0.0,0.0,0.0,-2.0156279740558403e-05,6351.0,2.0,
2026-05-12,EONC,0.0,0.0,0.0,0.0,3273.0,2.0,
2026-05-12,EOPN,0.0,0.0,0.0,0.0,3274.0,2.0,
2026-05-12,EOSE,0.00046511627906976747,0.0,0.00046511627906976747,0.0036289322815893166,251.0,5.0,"BUY because predicted alpha is in the top decile. Main contributors were mom_5, hl_range_20, mom_21. Liquidity filter passed."
2026-05-12,EPAX,0.0,0.0,0.0,0.0,3275.0,2.0,
2026-05-12,EPAY,0.0,0.0,0.0,0.0,3276.0,2.0,
2026-05-12,EPCT,0.0,0.0,0.0,0.0,3277.0,2.0,
2026-05-12,EPHY,0.0,0.0,0.0,0.0,3278.0,2.0,
2026-05-12,EPIQ,0.0,0.0,0.0,0.0,3279.0,2.0,
2026-05-12,EPIX,0.0,0.0,0.0,0.0,3280.0,2.0,
2026-05-12,EPOW,0.0,0.0,0.0,-0.006808440797371969,7448.0,1.0,
2026-05-12,EPRS,0.0,0.0,0.0,0.0,3281.0,2.0,
2026-05-12,EPRX,0.0,0.0,0.0,0.0013360766946569494,1149.0,4.0,
2026-05-12,EPSM,0.0,0.0,0.0,0.00020812846399189755,1823.0,3.0,
2026-05-12,EPSN,0.0,0.0,0.0,-0.0014235181077971641,6968.0,1.0,
2026-05-12,EPWK,0.0,0.0,0.0,0.0,3282.0,2.0,
2026-05-12,EPZM,0.0,0.0,0.0,0.0,3283.0,2.0,
2026-05-12,EQ,0.0,0.0,0.0,0.003004523351076836,418.0,5.0,
2026-05-12,EQFN,0.0,0.0,0.0,0.0,3284.0,2.0,
2026-05-12,EQIX,0.0,0.0,0.0,-0.0004643707163750717,6600.0,2.0,
2026-05-12,EQOS,0.0,0.0,0.0,0.0,3285.0,2.0,
2026-05-12,EQPT,0.0,0.0,0.0,-0.0009558555219954714,6817.0,2.0,
2026-05-12,EQRX,0.0,0.0,0.0,0.0,3286.0,2.0,
2026-05-12,ERAS,0.0,0.0,0.0,0.0031024515921285046,381.0,5.0,
2026-05-12,ERES,0.0,0.0,0.0,0.0,3287.0,2.0,
2026-05-12,ERI,0.0,0.0,0.0,0.0,3288.0,2.0,
2026-05-12,ERIE,0.0,0.0,0.0,0.0016253799411745438,993.0,4.0,
2026-05-12,ERII,-0.00046511627906976747,0.0,-0.00046511627906976747,-0.0034255568905543735,7264.0,1.0,"SHORT because predicted alpha is in the bottom decile. Main contributors were mom_5, hl_range_20, mom_21. Liquidity filter passed."
2026-05-12,ERNA,-0.002860599542949321,-0.002890173410404624,2.9573867455303087e-05,-0.02184321895652356,7555.0,1.0,"COVER because predicted alpha is in the bottom decile. Main contributors were parkinson_vol_20, roa, volatility_10. Liquidity filter passed."
2026-05-12,EROC,0.0,0.0,0.0,0.0,3289.0,2.0,
2026-05-12,ERS,0.0,0.0,0.0,0.0,3290.0,2.0,
2026-05-12,ERW,0.0,0.0,0.0,0.0,3291.0,2.0,
2026-05-12,ESAC,0.0,0.0,0.0,0.0,3292.0,2.0,
2026-05-12,ESBF,0.0,0.0,0.0,0.0,3293.0,2.0,
2026-05-12,ESBK,0.0,0.0,0.0,0.0,3294.0,2.0,
2026-05-12,ESCA,0.0,0.0,0.0,0.0021804302307810264,750.0,5.0,
2026-05-12,ESCR.P,0.0,0.0,0.0,0.0,3295.0,2.0,
2026-05-12,ESDI,0.0,0.0,0.0,0.0,3296.0,2.0,
2026-05-12,ESEA,0.0,0.0,0.0,0.0012755618521933711,1178.0,4.0,
2026-05-12,ESEAV,0.0,0.0,0.0,0.0,3297.0,2.0,
2026-05-12,ESES,0.0,0.0,0.0,0.0,3298.0,2.0,
2026-05-12,ESGL,0.0,0.0,0.0,0.0,3299.0,2.0,
2026-05-12,ESGR,0.0,0.0,0.0,0.0,3300.0,2.0,
2026-05-12,ESGRP,0.0,0.0,0.0,0.0,3301.0,2.0,
2026-05-12,ESHA,0.0,0.0,0.0,0.0,3302.0,2.0,
2026-05-12,ESIO,0.0,0.0,0.0,0.0,3303.0,2.0,
2026-05-12,ESLA,0.0,0.0,0.0,-0.004952933566570358,7372.0,1.0,
2026-05-12,ESLR,0.0,0.0,0.0,0.0,3304.0,2.0,
2026-05-12,ESLRD,0.0,0.0,0.0,0.0,3305.0,2.0,
2026-05-12,ESLT,0.0,0.0,0.0,0.0005590293656681628,1616.0,3.0,
2026-05-12,ESMC,0.0,0.0,0.0,0.0,3306.0,2.0,
2026-05-12,ESND,0.0,0.0,0.0,0.0,3307.0,2.0,
2026-05-12,ESOA,0.0,0.0,0.0,0.0012627122222269593,1185.0,4.0,
2026-05-12,ESPR,-0.0023954832638795535,-0.002890173410404624,0.0004946901465250706,-0.0020937781822871083,7112.0,1.0,"COVER because predicted alpha is in the bottom decile. Main contributors were volatility_10, mom_10, hl_range_20. Liquidity filter passed."
2026-05-12,ESQ,0.0,0.0,0.0,-0.00028272683714542494,6498.0,2.0,
2026-05-12,ESRX,0.0,0.0,0.0,0.0,3308.0,2.0,
2026-05-12,ESSA,0.0,0.0,0.0,0.0,3309.0,2.0,
2026-05-12,ESSX,0.0,0.0,0.0,0.0,3310.0,2.0,
2026-05-12,ESTA,0.0,0.0,0.0,0.002328426287976225,676.0,5.0,
2026-05-12,ESTR,0.0,0.0,0.0,0.0,3311.0,2.0,
2026-05-12,ESXB,0.0,0.0,0.0,0.0,3312.0,2.0,
2026-05-12,ESYS,0.0,0.0,0.0,0.0,3313.0,2.0,
2026-05-12,ETAC,0.0,0.0,0.0,0.0,3314.0,2.0,
2026-05-12,ETAO,0.0,0.0,0.0,0.0,3315.0,2.0,
2026-05-12,ETFC,0.0,0.0,0.0,0.0,3316.0,2.0,
2026-05-12,ETHM,0.0,0.0,0.0,0.0,3317.0,2.0,
2026-05-12,ETHZ,0.0,0.0,0.0,0.0,3318.0,2.0,
2026-05-12,ETNB,0.0,0.0,0.0,0.0,3319.0,2.0,
2026-05-12,ETON,0.0,0.0,0.0,0.0006186982158895007,1577.0,3.0,
2026-05-12,ETOR,0.0,0.0,0.0,-0.0013371189327948682,6949.0,1.0,
2026-05-12,ETRM,0.0,0.0,0.0,0.0,3320.0,2.0,
2026-05-12,ETS,0.0,0.0,0.0,0.0033195243403789584,323.0,5.0,
2026-05-12,ETTX,0.0,0.0,0.0,0.0,3321.0,2.0,
2026-05-12,EU,0.0,0.0,0.0,0.0007573724376428647,1493.0,4.0,
2026-05-12,EUCR,0.0,0.0,0.0,0.0,3322.0,2.0,
2026-05-12,EUDA,0.0,0.0,0.0,-0.016601747022279692,7540.0,1.0,
2026-05-12,EURK,0.0,0.0,0.0,0.0,3323.0,2.0,
2026-05-12,EURX,0.0,0.0,0.0,0.0,3324.0,2.0,
2026-05-12,EUSG,0.0,0.0,0.0,0.0,3325.0,2.0,
2026-05-12,EVAL,0.0,0.0,0.0,0.0,3326.0,2.0,
2026-05-12,EVAR,0.0,0.0,0.0,0.0,3327.0,2.0,
2026-05-12,EVBG,0.0,0.0,0.0,0.0,3328.0,2.0,
2026-05-12,EVBS,0.0,0.0,0.0,0.0,3329.0,2.0,
2026-05-12,EVCM,0.0,0.0,0.0,0.0032044238399363055,352.0,5.0,
2026-05-12,EVEP,0.0,0.0,0.0,0.0,3330.0,2.0,
2026-05-12,EVER,0.0,0.0,0.0,-0.0021685490137748086,7126.0,1.0,
2026-05-12,EVFM,0.0,0.0,0.0,0.0,3331.0,2.0,
2026-05-12,EVGBC,0.0,0.0,0.0,0.0,3332.0,2.0,
2026-05-12,EVGN,0.0,0.0,0.0,0.003981448496566956,181.0,5.0,
2026-05-12,EVGO,0.0,0.0,0.0,0.002762730877907795,496.0,5.0,
2026-05-12,EVGR,0.0,0.0,0.0,0.0,3333.0,2.0,
2026-05-12,EVK,0.0,0.0,0.0,0.0,3334.0,2.0,
2026-05-12,EVLMC,0.0,0.0,0.0,0.0,3335.0,2.0,
2026-05-12,EVLO,0.0,0.0,0.0,0.0,3336.0,2.0,
2026-05-12,EVLV,0.0,0.0,0.0,0.00040962639794696543,1698.0,3.0,
2026-05-12,EVOJ,0.0,0.0,0.0,0.0,3337.0,2.0,
2026-05-12,EVOK,0.0,0.0,0.0,0.0,3338.0,2.0,
2026-05-12,EVOL,0.0,0.0,0.0,0.0,3339.0,2.0,
2026-05-12,EVOP,0.0,0.0,0.0,0.0,3340.0,2.0,
2026-05-12,EVOX,0.0,0.0,0.0,-0.0014268253230411178,6970.0,1.0,
2026-05-12,EVRG,0.0,0.0,0.0,-0.0005252451784529367,6634.0,2.0,
2026-05-12,EVRY,0.0,0.0,0.0,0.0,3341.0,2.0,
2026-05-12,EVSI,0.0,0.0,0.0,0.0,3342.0,2.0,
2026-05-12,EVSTC,0.0,0.0,0.0,0.0,3343.0,2.0,
2026-05-12,EVTV,0.0,0.0,0.0,-0.0019575725823983213,7089.0,1.0,
2026-05-12,EWBC,0.0,0.0,0.0,-0.0002654617454613824,6488.0,2.0,
2026-05-12,EWCZ,0.0,0.0,0.0,0.0,3344.0,2.0,
2026-05-12,EWTX,0.0,0.0,0.0,-0.0015333604644374868,7003.0,1.0,
2026-05-12,EXA,0.0,0.0,0.0,0.0,3345.0,2.0,
2026-05-12,EXAC,0.0,0.0,0.0,0.0,3346.0,2.0,
2026-05-12,EXAS,0.0,0.0,0.0,0.0,3347.0,2.0,
2026-05-12,EXC,0.0,0.0,0.0,-0.0010097618621682986,6840.0,1.0,
2026-05-12,EXCVV,0.0,0.0,0.0,0.0,3348.0,2.0,
2026-05-12,EXE,0.0,0.0,0.0,0.000723070722949947,1508.0,4.0,
2026-05-12,EXEL,0.0,0.0,0.0,0.0017697390093351503,922.0,4.0,
2026-05-12,EXFO,0.0,0.0,0.0,0.0,3349.0,2.0,
2026-05-12,EXFY,0.0,0.0,0.0,0.0015537499864488984,1035.0,4.0,
2026-05-12,EXLP,0.0,0.0,0.0,0.0,3350.0,2.0,
2026-05-12,EXLS,0.0,0.0,0.0,0.0010329333048016563,1331.0,4.0,
2026-05-12,EXOZ,0.0,0.0,0.0,-0.001879681988696408,7075.0,1.0,
2026-05-12,EXPC,0.0,0.0,0.0,0.0,3351.0,2.0,
2026-05-12,EXPE,0.0,0.0,0.0,0.0018064435610076384,902.0,4.0,
2026-05-12,EXPI,0.0,0.0,0.0,0.0,3352.0,2.0,
2026-05-12,EXPO,0.0,0.0,0.0,0.0009387317794249155,1381.0,4.0,
2026-05-12,EXTR,0.0,0.0,0.0,0.00016555695084753984,1850.0,3.0,
2026-05-12,EXXI,0.0,0.0,0.0,0.0,3353.0,2.0,
2026-05-12,EYE,0.0,0.0,0.0,-6.759781967076534e-05,6373.0,2.0,
2026-05-12,EYEN,0.0,0.0,0.0,0.0,3354.0,2.0,
2026-05-12,EYPT,0.0,0.0,0.0,0.00012170320053323917,1876.0,3.0,
2026-05-12,EZCH,0.0,0.0,0.0,0.0,3355.0,2.0,
2026-05-12,EZFL,0.0,0.0,0.0,0.0,3356.0,2.0,
2026-05-12,EZGO,-0.002860599542949321,-0.002890173410404624,2.9573867455303087e-05,-0.030253512632888533,7577.0,1.0,"COVER because predicted alpha is in the bottom decile. Main contributors were parkinson_vol_20, volatility_63, volume_z_60. Liquidity filter passed."
2026-05-12,EZPW,0.0,0.0,0.0,0.0030599499703273716,397.0,5.0,
2026-05-12,EZRA,0.0,0.0,0.0,0.0008141049172324237,1448.0,4.0,
2026-05-12,FA,0.00046511627906976747,0.0,0.00046511627906976747,0.003379010977686717,306.0,5.0,"BUY because predicted alpha is in the top decile. Main contributors were mom_5, parkinson_vol_20, mom_21. Liquidity filter passed."
2026-05-12,FAAS,0.0,0.0,0.0,0.0,3357.0,2.0,
2026-05-12,FABC,0.001930366984809786,0.002890173410404624,-0.0009598064255948381,-0.0036411966711685497,7282.0,1.0,"SELL because predicted alpha is in the top decile. Main contributors were hl_range_20, mom_5, mom_21. Liquidity filter passed."
2026-05-12,FACT,-0.0023954832638795535,-0.002890173410404624,0.0004946901465250706,-0.0010064709481602972,6838.0,1.0,"COVER because predicted alpha is in the bottom decile. Main contributors were hl_range_20, close_to_high_20, volume_mom_20_60. Liquidity filter failed."
2026-05-12,FALC,0.0,0.0,0.0,0.0,3358.0,2.0,
2026-05-12,FAMI,0.0,0.0,0.0,0.0004619132910201638,1673.0,3.0,
2026-05-12,FANG,0.0,0.0,0.0,0.001797190882487336,910.0,4.0,
2026-05-12,FARM,0.0,0.0,0.0,0.0,3359.0,2.0,
2026-05-12,FARO,0.0,0.0,0.0,0.0,3360.0,2.0,
2026-05-12,FAST,0.0,0.0,0.0,0.002405333810443475,644.0,5.0,
2026-05-12,FAT,0.0,0.0,0.0,0.0,3361.0,2.0,
2026-05-12,FATAV,0.0,0.0,0.0,0.0,3362.0,2.0,
2026-05-12,FATBB,0.0,0.0,0.0,0.0,3363.0,2.0,
2026-05-12,FATBV,0.0,0.0,0.0,0.0,3364.0,2.0,
2026-05-12,FATE,0.0,0.0,0.0,-0.0022391859504620726,7134.0,1.0,
2026-05-12,FATN,-0.0023954832638795535,-0.002890173410404624,0.0004946901465250706,-0.0033370754684321885,7257.0,1.0,"COVER because predicted alpha is in the bottom decile. Main contributors were parkinson_vol_20, mom_10, volatility_10. Liquidity filter failed."
2026-05-12,FATP,0.0,0.0,0.0,0.0,3365.0,2.0,
2026-05-12,FAZE,0.0,0.0,0.0,0.0,3366.0,2.0,
2026-05-12,FBGL,0.0,0.0,0.0,-0.0003661552420311466,6556.0,2.0,
2026-05-12,FBIO,0.0,0.0,0.0,-5.890148889594224e-05,6369.0,2.0,
2026-05-12,FBIZ,0.0,0.0,0.0,0.0008312513764455537,1437.0,4.0,
2026-05-12,FBLA,0.0,0.0,0.0,0.0006348166827715488,1567.0,3.0,
2026-05-12,FBLG,0.0,0.0,0.0,-0.008382922591758133,7491.0,1.0,
2026-05-12,FBMI,0.0,0.0,0.0,0.0,3367.0,2.0,
2026-05-12,FBNC,0.0,0.0,0.0,-0.0016780745388967598,7033.0,1.0,
2026-05-12,FBNK,0.0,0.0,0.0,0.0,3368.0,2.0,
2026-05-12,FBRC,0.0,0.0,0.0,0.0,3369.0,2.0,
2026-05-12,FBRX,0.00046511627906976747,0.0,0.00046511627906976747,0.003958483715243102,185.0,5.0,"BUY because predicted alpha is in the top decile. Main contributors were intraday_return, mom_252, close_to_high_20. Liquidity filter passed."
2026-05-12,FBSS,0.0,0.0,0.0,0.0,3370.0,2.0,
2026-05-12,FBYD,0.0,0.0,0.0,0.0003008210761554452,1762.0,3.0,
2026-05-12,FCAC,0.0,0.0,0.0,0.0,3371.0,2.0,
2026-05-12,FCAP,0.0,0.0,0.0,-0.0007487530884218414,6728.0,2.0,
2026-05-12,FCBC,0.0,0.0,0.0,0.0002760650405519739,1770.0,3.0,
2026-05-12,FCBP,0.0,0.0,0.0,0.0,3372.0,2.0,
2026-05-12,FCCO,0.0,0.0,0.0,0.00019818203877386724,1832.0,3.0,
2026-05-12,FCCY,0.0,0.0,0.0,0.0,3373.0,2.0,
2026-05-12,FCEL,0.0,0.0,0.0,8.341093367041292e-05,1905.0,3.0,
2026-05-12,FCFP,0.0,0.0,0.0,0.0,3374.0,2.0,
2026-05-12,FCFS,0.0,0.0,0.0,-0.00015814266679969703,6426.0,2.0,
2026-05-12,FCHI,0.0,0.0,0.0,0.0,3375.0,2.0,
2026-05-12,FCHL,-0.00046511627906976747,0.0,-0.00046511627906976747,-0.023236153517255997,7561.0,1.0,"SHORT because predicted alpha is in the bottom decile. Main contributors were parkinson_vol_20, volatility_63, mom_5. Liquidity filter passed."
2026-05-12,FCLF,0.0,0.0,0.0,0.0,3376.0,2.0,
2026-05-12,FCNCA,0.0,0.0,0.0,0.0017394871914059125,932.0,4.0,
2026-05-12,FCNCN,0.0,0.0,0.0,0.0004739466121344831,1663.0,3.0,
2026-05-12,FCRD,0.0,0.0,0.0,0.0,3377.0,2.0,
2026-05-12,FCRE,0.0,0.0,0.0,0.0,3378.0,2.0,
2026-05-12,FCS,0.0,0.0,0.0,0.0,3379.0,2.0,
2026-05-12,FCSC,0.0,0.0,0.0,0.0,3380.0,2.0,
2026-05-12,FCTY,0.0,0.0,0.0,0.0,3381.0,2.0,
2026-05-12,FCUV,0.0,0.0,0.0,0.002058915596540103,793.0,4.0,
2026-05-12,FCVA,0.0,0.0,0.0,0.0,3382.0,2.0,
2026-05-12,FCZA,0.0,0.0,0.0,0.0,3383.0,2.0,
2026-05-12,FCZA.P,0.0,0.0,0.0,0.0,3384.0,2.0,
2026-05-12,FDBC,0.0,0.0,0.0,-0.00036334948381783243,6553.0,2.0,
2026-05-12,FDEF,0.0,0.0,0.0,0.0,3385.0,2.0,
2026-05-12,FDML,0.0,0.0,0.0,0.0,3386.0,2.0,
2026-05-12,FDMT,0.00046511627906976747,0.0,0.00046511627906976747,0.0050573826214024295,69.0,5.0,"BUY because predicted alpha is in the top decile. Main contributors were parkinson_vol_20, mom_252, volume_z_60. Liquidity filter passed."
2026-05-12,FDSB,0.0,0.0,0.0,-0.00034170330135441544,6536.0,2.0,
2026-05-12,FDUS,0.0,0.0,0.0,2.156935129769169e-05,1931.0,3.0,
2026-05-12,FDUSG,0.0,0.0,0.0,0.0,3387.0,2.0,
2026-05-12,FDUSL,0.0,0.0,0.0,0.0,3388.0,2.0,
2026-05-12,FDUSZ,0.0,0.0,0.0,0.0,3389.0,2.0,
2026-05-12,FEAM,0.0,0.0,0.0,-0.00011083975213795945,6393.0,2.0,
2026-05-12,FEBO,0.0,0.0,0.0,0.004278455394383335,139.0,5.0,
2026-05-12,FEED,0.0,0.0,0.0,0.0010845395966701732,1290.0,4.0,
2026-05-12,FEFN,0.0,0.0,0.0,0.0,3390.0,2.0,
2026-05-12,FEIC,0.0,0.0,0.0,0.0,3391.0,2.0,
2026-05-12,FEIM,0.0,0.0,0.0,0.0028577713130623398,465.0,5.0,
2026-05-12,FELE,0.0,0.0,0.0,0.0015180200983885362,1055.0,4.0,
2026-05-12,FEMY,0.0,0.0,0.0,0.0012247723878033652,1207.0,4.0,
2026-05-12,FENC,0.0,0.0,0.0,0.002541646480934322,598.0,5.0,
2026-05-12,FENX,0.0,0.0,0.0,0.0,3392.0,2.0,
2026-05-12,FER,0.0,0.0,0.0,-0.0014754286868301925,6990.0,1.0,
2026-05-12,FERA,0.0,0.0,0.0,-0.0007467406611140698,6726.0,2.0,
2026-05-12,FES,0.0,0.0,0.0,0.0,3393.0,2.0,
2026-05-12,FEXD,0.0,0.0,0.0,0.0,3394.0,2.0,
2026-05-12,FEYE,0.0,0.0,0.0,0.0,3395.0,2.0,
2026-05-12,FFAI,-0.002860599542949321,-0.002890173410404624,2.9573867455303087e-05,-0.007533153469007325,7469.0,1.0,"COVER because predicted alpha is in the bottom decile. Main contributors were parkinson_vol_20, volatility_63, roa. Liquidity filter passed."
2026-05-12,FFBC,0.0,0.0,0.0,-0.0004987705513093573,6621.0,2.0,
2026-05-12,FFBC.W,0.0,0.0,0.0,0.0,3396.0,2.0,
2026-05-12,FFBH,0.0,0.0,0.0,0.0,3397.0,2.0,
2026-05-12,FFBW,0.0,0.0,0.0,0.0,3398.0,2.0,
2026-05-12,FFCO,0.0,0.0,0.0,0.0,3399.0,2.0,
2026-05-12,FFHL,0.0,0.0,0.0,0.0,3400.0,2.0,
2026-05-12,FFIC,0.0,0.0,0.0,-0.0008056147715715626,6751.0,2.0,
2026-05-12,FFIE,0.0,0.0,0.0,0.0,3401.0,2.0,
2026-05-12,FFIN,0.0,0.0,0.0,-0.0013523696578252027,6952.0,1.0,
2026-05-12,FFIV,0.0,0.0,0.0,0.001729800398375411,940.0,4.0,
2026-05-12,FFKT,0.0,0.0,0.0,0.0,3402.0,2.0,
2026-05-12,FFKY,0.0,0.0,0.0,0.0,3403.0,2.0,
2026-05-12,FFNM,0.0,0.0,0.0,0.0,3404.0,2.0,
2026-05-12,FFNW,0.0,0.0,0.0,0.0,3405.0,2.0,
2026-05-12,FGBI,0.0,0.0,0.0,-0.0004155800041922118,6576.0,2.0,
2026-05-12,FGEN,0.0,0.0,0.0,0.0,3406.0,2.0,
2026-05-12,FGF,0.0,0.0,0.0,0.0,3407.0,2.0,
2026-05-12,FGI,0.0,0.0,0.0,-0.008150532141458194,7484.0,1.0,
2026-05-12,FGII,0.0,0.0,0.0,0.0,3408.0,2.0,
2026-05-12,FGL,0.0,0.0,0.0,0.00022491131407806515,1804.0,3.0,
2026-05-12,FGMC,0.0,0.0,0.0,-0.0015834290352102567,7017.0,1.0,
2026-05-12,FGNX,0.0,0.0,0.0,0.002273923297055226,703.0,5.0,
2026-05-12,FH,0.0,0.0,0.0,0.0,3409.0,2.0,
2026-05-12,FHB,0.0,0.0,0.0,-0.0001632506017714201,6432.0,2.0,
2026-05-12,FHCO,0.0,0.0,0.0,0.0,3410.0,2.0,
2026-05-12,FHLT,0.0,0.0,0.0,0.0,3411.0,2.0,
2026-05-12,FHTX,0.0,0.0,0.0,0.0012753962472126085,1179.0,4.0,
2026-05-12,FIAC,0.0,0.0,0.0,0.0,3412.0,2.0,
2026-05-12,FIBK,0.0,0.0,0.0,-0.001738377426826063,7045.0,1.0,
2026-05-12,FICV,0.0,0.0,0.0,0.0,3413.0,2.0,
2026-05-12,FIEE,0.0,0.0,0.0,0.0004822215998089302,1655.0,3.0,
2026-05-12,FIGR,0.0,0.0,0.0,-7.128904701676026e-05,6375.0,2.0,
2026-05-12,FIGX,0.0,0.0,0.0,-0.0012824519077469145,6933.0,1.0,
2026-05-12,FIII,0.0,0.0,0.0,0.0,3414.0,2.0,
2026-05-12,FINL,0.0,0.0,0.0,0.0,3415.0,2.0,
2026-05-12,FINM,0.0,0.0,0.0,0.0,3416.0,2.0,
2026-05-12,FINW,0.0,0.0,0.0,0.001128224620526236,1260.0,4.0,
2026-05-12,FIP,0.0,0.0,0.0,2.8067337417379106e-05,1925.0,3.0,
2026-05-12,FIRE,0.0,0.0,0.0,0.0,3417.0,2.0,
2026-05-12,FISH,0.0,0.0,0.0,0.0,3418.0,2.0,
2026-05-12,FISI,0.0,0.0,0.0,0.0006889341009942522,1529.0,3.0,
2026-05-12,FISV,0.0,0.0,0.0,0.0008121210387565728,1450.0,4.0,
2026-05-12,FITB,0.0,0.0,0.0,0.0015621634969184553,1029.0,4.0,
2026-05-12,FITBM,0.0,0.0,0.0,-7.233729305616658e-05,6376.0,2.0,
2026-05-12,FITBO,0.0,0.0,0.0,-0.0007229745817874257,6721.0,2.0,
2026-05-12,FIVE,0.0023954832638795535,0.002890173410404624,-0.0004946901465250706,0.0011473708614541391,1244.0,4.0,"SELL because predicted alpha is in the top decile. Main contributors were parkinson_vol_20, log_dollar_vol_20, volatility_63. Liquidity filter passed."
2026-05-12,FIVN,0.0,0.0,0.0,0.00157458856901019,1023.0,4.0,
2026-05-12,FIXX,0.0,0.0,0.0,0.0,3419.0,2.0,
2026-05-12,FIZZ,0.0,0.0,0.0,0.00025813847408051653,1780.0,3.0,
2026-05-12,FKWL,0.0,0.0,0.0,0.0010642097153404266,1307.0,4.0,
2026-05-12,FLAC,0.0,0.0,0.0,0.0,3420.0,2.0,
2026-05-12,FLD,0.0,0.0,0.0,-0.00032068849301110196,6524.0,2.0,
2026-05-12,FLDD,0.0,0.0,0.0,0.0,3421.0,2.0,
2026-05-12,FLEX,0.00046511627906976747,0.0,0.00046511627906976747,0.004711660236070661,95.0,5.0,"BUY because predicted alpha is in the top decile. Main contributors were mom_5, mom_21, parkinson_vol_20. Liquidity filter passed."
2026-05-12,FLF,0.0,0.0,0.0,0.0,3422.0,2.0,
2026-05-12,FLFV,0.0,0.0,0.0,0.0,3423.0,2.0,
2026-05-12,FLGC,0.0,0.0,0.0,0.0,3424.0,2.0,
2026-05-12,FLGT,0.0,0.0,0.0,-0.0016616107493435772,7029.0,1.0,
2026-05-12,FLIC,0.0,0.0,0.0,0.0,3425.0,2.0,
2026-05-12,FLIR,0.0,0.0,0.0,0.0,3426.0,2.0,
2026-05-12,FLKS,0.0,0.0,0.0,0.0,3427.0,2.0,
2026-05-12,FLL,0.0,0.0,0.0,3.0034013442672625e-05,1924.0,3.0,
2026-05-12,FLLC,0.0,0.0,0.0,0.0,3428.0,2.0,
2026-05-12,FLMN,0.0,0.0,0.0,0.0,3429.0,2.0,
2026-05-12,FLNA,0.0,0.0,0.0,0.002950074141179896,432.0,5.0,
2026-05-12,FLNC,0.00046511627906976747,0.0,0.00046511627906976747,0.008003684373034182,2.0,5.0,"BUY because predicted alpha is in the top decile. Main contributors were mom_5, hl_range_20, mom_21. Liquidity filter passed."
2026-05-12,FLNT,0.0,0.0,0.0,0.003313235914414343,326.0,5.0,
2026-05-12,FLUX,0.0,0.0,0.0,0.0003544280578070845,1731.0,3.0,
2026-05-12,FLWS,0.0023954832638795535,0.002890173410404624,-0.0004946901465250706,0.0015509116323115205,1037.0,4.0,"SELL because predicted alpha is in the top decile. Main contributors were hl_range_20, mom_5, mom_21. Liquidity filter passed."
2026-05-12,FLXS,0.0,0.0,0.0,0.001595952560735678,1008.0,4.0,
2026-05-12,FLY,0.0,0.0,0.0,0.00022188816203424252,1808.0,3.0,
2026-05-12,FLYE,0.0,0.0,0.0,0.0025606852592801516,589.0,5.0,
2026-05-12,FLYW,0.0023954832638795535,0.002890173410404624,-0.0004946901465250706,0.002094188267693917,779.0,4.0,"SELL because predicted alpha is in the top decile. Main contributors were parkinson_vol_20, mom_5, mom_21. Liquidity filter passed."
2026-05-12,FMAO,0.0,0.0,0.0,-0.0019917648118081247,7095.0,1.0,
2026-05-12,FMBH,0.0,0.0,0.0,0.00010115569448445533,1895.0,3.0,
2026-05-12,FMBI,0.0,0.0,0.0,0.0,3430.0,2.0,
2026-05-12,FMBIO,0.0,0.0,0.0,0.0,3431.0,2.0,
2026-05-12,FMCI,0.0,0.0,0.0,0.0,3432.0,2.0,
2026-05-12,FMCN,0.0,0.0,0.0,0.0,3433.0,2.0,
2026-05-12,FMER,0.0,0.0,0.0,0.0,3434.0,2.0,
2026-05-12,FMFC,0.0,0.0,0.0,0.002602007150035707,574.0,5.0,
2026-05-12,FMI,0.0,0.0,0.0,0.0,3435.0,2.0,
2026-05-12,FMIV,0.0,0.0,0.0,0.0,3436.0,2.0,
2026-05-12,FMNB,0.0,0.0,0.0,0.00039757488734011993,1709.0,3.0,
2026-05-12,FMST,0.0,0.0,0.0,0.0036325053792902605,249.0,5.0,
2026-05-12,FMTO,0.0,0.0,0.0,0.0,3437.0,2.0,
2026-05-12,FMTX,0.0,0.0,0.0,0.0,3438.0,2.0,
2026-05-12,FNBC,0.0,0.0,0.0,0.0,3439.0,2.0,
2026-05-12,FNBG,0.0,0.0,0.0,0.0,3440.0,2.0,
2026-05-12,FNCB,0.0,0.0,0.0,0.0,3441.0,2.0,
2026-05-12,FNCH,0.0,0.0,0.0,0.0,3442.0,2.0,
2026-05-12,FNCX,0.0,0.0,0.0,0.0,3443.0,2.0,
2026-05-12,FNFG,0.0,0.0,0.0,0.0,3444.0,2.0,
2026-05-12,FNGN,0.0,0.0,0.0,0.0,3445.0,2.0,
2026-05-12,FNGR,0.0,0.0,0.0,0.003946306249124057,190.0,5.0,
2026-05-12,FNHC,0.0,0.0,0.0,0.0,3446.0,2.0,
2026-05-12,FNJN,0.0,0.0,0.0,0.0,3447.0,2.0,
2026-05-12,FNKO,0.002860599542949321,0.002890173410404624,-2.9573867455303087e-05,0.0055558116201063126,44.0,5.0,"SELL because predicted alpha is in the top decile. Main contributors were mom_5, mom_21, close_to_low_20. Liquidity filter passed."
2026-05-12,FNLC,0.0,0.0,0.0,-0.00012052856388250006,6400.0,2.0,
2026-05-12,FNRG,0.0,0.0,0.0,0.0,3448.0,2.0,
2026-05-12,FNRN,-0.0023954832638795535,-0.002890173410404624,0.0004946901465250706,-0.0025514216210988537,7176.0,1.0,"COVER because predicted alpha is in the bottom decile. Main contributors were hl_range_20, close_to_high_20, volume_z_60. Liquidity filter failed."
2026-05-12,FNSR,0.0,0.0,0.0,0.0,3449.0,2.0,
2026-05-12,FNTE,0.0,0.0,0.0,0.0,3450.0,2.0,
2026-05-12,FNUC,0.0,0.0,0.0,0.0014702399402822266,1076.0,4.0,
2026-05-12,FNVT,0.0,0.0,0.0,0.0,3451.0,2.0,
2026-05-12,FNWB,0.0,0.0,0.0,0.0008792752158769998,1411.0,4.0,
2026-05-12,FNWD,0.0,0.0,0.0,-0.004103579756951292,7313.0,1.0,
2026-05-12,FOCS,0.0,0.0,0.0,0.0,3452.0,2.0,
2026-05-12,FOFO,0.0,0.0,0.0,0.0004219783774858307,1692.0,3.0,
2026-05-12,FOGO,0.0,0.0,0.0,0.0,3453.0,2.0,
2026-05-12,FOLD,0.0,0.0,0.0,0.0,3454.0,2.0,
2026-05-12,FOMX,0.0,0.0,0.0,0.0,3455.0,2.0,
2026-05-12,FONR,0.0,0.0,0.0,-8.204149699297532e-05,6378.0,2.0,
2026-05-12,FORA,0.0,0.0,0.0,-0.0014557190688666353,6979.0,1.0,
2026-05-12,FORD,0.0,0.0,0.0,0.0,3456.0,2.0,
2026-05-12,FORE,0.0,0.0,0.0,0.0,3457.0,2.0,
2026-05-12,FORK,0.0,0.0,0.0,0.0,3458.0,2.0,
2026-05-12,FORL,0.0,0.0,0.0,0.0,3459.0,2.0,
2026-05-12,FORM,0.0,0.0,0.0,0.0023802707321149666,652.0,5.0,
2026-05-12,FORR,0.0,0.0,0.0,0.004571447263481194,108.0,5.0,
2026-05-12,FOSL,0.002860599542949321,0.002890173410404624,-2.9573867455303087e-05,0.0035411542343863865,270.0,5.0,"SELL because predicted alpha is in the top decile. Main contributors were intraday_return, parkinson_vol_20, close_to_high_20. Liquidity filter passed."
2026-05-12,FOSLL,0.0,0.0,0.0,0.0,3460.0,2.0,
2026-05-12,FOUN,0.0,0.0,0.0,0.0,3461.0,2.0,
2026-05-12,FOX,0.0,0.0,0.0,0.003251009796967868,343.0,5.0,
2026-05-12,FOXA,0.0,0.0,0.0,0.0015059552564546112,1057.0,4.0,
2026-05-12,FOXF,0.0023954832638795535,0.002890173410404624,-0.0004946901465250706,0.0032674258698099827,337.0,5.0,"SELL because predicted alpha is in the top decile. Main contributors were sales_to_price, parkinson_vol_20, intraday_return. Liquidity filter passed."
2026-05-12,FOXVV,0.0,0.0,0.0,0.0,3462.0,2.0,
2026-05-12,FOXW,0.0,0.0,0.0,0.0,3463.0,2.0,
2026-05-12,FOXX,0.0,0.0,0.0,0.0,3464.0,2.0,
2026-05-12,FPAY,0.0,0.0,0.0,0.0,3465.0,2.0,
2026-05-12,FPRX,0.0,0.0,0.0,0.0,3466.0,2.0,
2026-05-12,FRAF,0.0,0.0,0.0,0.00021246889533421494,1818.0,3.0,
2026-05-12,FRAN,0.0,0.0,0.0,0.0,3467.0,2.0,
2026-05-12,FRBA,0.0,0.0,0.0,-0.0016709751928403018,7032.0,1.0,
2026-05-12,FRBK,0.0,0.0,0.0,0.0,3468.0,2.0,
2026-05-12,FRBN,0.0,0.0,0.0,0.0,3469.0,2.0,
2026-05-12,FRD,0.0,0.0,0.0,-0.002075419929841182,7107.0,1.0,
2026-05-12,FRED,0.0,0.0,0.0,0.0,3470.0,2.0,
2026-05-12,FREE,0.0,0.0,0.0,0.0,3471.0,2.0,
2026-05-12,FREED,0.0,0.0,0.0,0.0,3472.0,2.0,
2026-05-12,FREQ,0.0,0.0,0.0,0.0,3473.0,2.0,
2026-05-12,FRG,0.0,0.0,0.0,0.0,3474.0,2.0,
2026-05-12,FRGI,0.0,0.0,0.0,0.0,3475.0,2.0,
2026-05-12,FRGT,0.0,0.0,0.0,0.0009827799415971675,1363.0,4.0,
2026-05-12,FRHC,0.0,0.0,0.0,0.0017383617098996117,933.0,4.0,
2026-05-12,FRLA,0.0,0.0,0.0,0.0,3476.0,2.0,
2026-05-12,FRME,0.0,0.0,0.0,0.00045382444824549424,1679.0,3.0,
2026-05-12,FRMEP,0.0,0.0,0.0,-0.007302709941959557,7464.0,1.0,
2026-05-12,FRMI,0.0,0.0,0.0,0.002210616776861252,730.0,5.0,
2026-05-12,FRMM,0.0,0.0,0.0,0.000578470249034067,1605.0,3.0,
2026-05-12,FRNK,0.0,0.0,0.0,0.0,3477.0,2.0,
2026-05-12,FROG,0.002860599542949321,0.002890173410404624,-2.9573867455303087e-05,0.004134620077911418,156.0,5.0,"SELL because predicted alpha is in the top decile. Main contributors were mom_5, mom_21, parkinson_vol_20. Liquidity filter passed."
2026-05-12,FRON,0.0,0.0,0.0,0.0,3478.0,2.0,
2026-05-12,FRP,0.0,0.0,0.0,0.0,3479.0,2.0,
2026-05-12,FRPH,-0.002860599542949321,-0.002890173410404624,2.9573867455303087e-05,-0.0031630440502694074,7242.0,1.0,"COVER because predicted alpha is in the bottom decile. Main contributors were volume_z_60, hl_range_20, close_to_high_20. Liquidity filter passed."
2026-05-12,FRPH.V,0.0,0.0,0.0,0.0,3480.0,2.0,
2026-05-12,FRPT,0.0023954832638795535,0.002890173410404624,-0.0004946901465250706,0.0004004470067890898,1706.0,3.0,"SELL because predicted alpha is in the top decile. Main contributors were parkinson_vol_20, close_to_high_20, mom_10. Liquidity filter passed."
2026-05-12,FRSG,0.0,0.0,0.0,0.0,3481.0,2.0,
2026-05-12,FRSH,0.0,0.0,0.0,0.00013827108761530618,1867.0,3.0,
2026-05-12,FRST,0.0,0.0,0.0,0.0006326037974047384,1570.0,3.0,
2026-05-12,FRTA,0.0,0.0,0.0,0.0,3482.0,2.0,
2026-05-12,FRTX,0.0,0.0,0.0,0.0,3483.0,2.0,
2026-05-12,FRW,0.0,0.0,0.0,0.0,3484.0,2.0,
2026-05-12,FRZA,0.0,0.0,0.0,0.0,3485.0,2.0,
2026-05-12,FSAC,0.0,0.0,0.0,0.0,3486.0,2.0,
2026-05-12,FSAM,0.0,0.0,0.0,0.0,3487.0,2.0,
2026-05-12,FSBC,0.0,0.0,0.0,-0.002040348884569659,7101.0,1.0,
2026-05-12,FSBK,0.0,0.0,0.0,0.0,3488.0,2.0,
2026-05-12,FSBW,0.0,0.0,0.0,-0.000904435126119257,6798.0,2.0,
2026-05-12,FSC,0.0,0.0,0.0,0.0,3489.0,2.0,
2026-05-12,FSCF.L,0.0,0.0,0.0,0.0,3490.0,2.0,
2026-05-12,FSCFL,0.0,0.0,0.0,0.0,3491.0,2.0,
2026-05-12,FSCT,0.0,0.0,0.0,0.0,3492.0,2.0,
2026-05-12,FSDC,0.0,0.0,0.0,0.0,3493.0,2.0,
2026-05-12,FSEA,-0.00046511627906976747,0.0,-0.00046511627906976747,-0.0059117736660283995,7411.0,1.0,"SHORT because predicted alpha is in the bottom decile. Main contributors were hl_range_20, volatility_10, mom_10. Liquidity filter passed."
2026-05-12,FSFG,0.0,0.0,0.0,0.0,3494.0,2.0,
2026-05-12,FSFR,0.0,0.0,0.0,0.0,3495.0,2.0,
2026-05-12,FSGI,0.0,0.0,0.0,0.0,3496.0,2.0,
2026-05-12,FSHP,0.0,0.0,0.0,-0.0015090939888478326,6996.0,1.0,
2026-05-12,FSII,0.0,0.0,0.0,0.0,3497.0,2.0,
2026-05-12,FSLR,0.0,0.0,0.0,0.003004768628165925,417.0,5.0,
2026-05-12,FSLY,-0.00046511627906976747,0.0,-0.00046511627906976747,-0.002406484549287037,7163.0,1.0,"SHORT because predicted alpha is in the bottom decile. Main contributors were mom_5, volatility_10, volatility_63. Liquidity filter passed."
2026-05-12,FSNN,0.0,0.0,0.0,0.0,3498.0,2.0,
2026-05-12,FSRD,0.0,0.0,0.0,0.0,3499.0,2.0,
2026-05-12,FSRV,0.0,0.0,0.0,0.0,3500.0,2.0,
2026-05-12,FSRX,0.0,0.0,0.0,0.0,3501.0,2.0,
2026-05-12,FSSI,0.0,0.0,0.0,0.0,3502.0,2.0,
2026-05-12,FSTR,0.0,0.0,0.0,-0.00030795655823309876,6516.0,2.0,
2026-05-12,FSTX,0.0,0.0,0.0,0.0,3503.0,2.0,
2026-05-12,FSUN,0.0,0.0,0.0,0.0007603075057809395,1492.0,4.0,
2026-05-12,FSV,0.0,0.0,0.0,0.0005895712894469409,1597.0,3.0,
2026-05-12,FSYS,0.0,0.0,0.0,0.0,3504.0,2.0,
2026-05-12,FTAA,0.0,0.0,0.0,0.0,3505.0,2.0,
2026-05-12,FTAC,0.0,0.0,0.0,0.0,3506.0,2.0,
2026-05-12,FTAI,0.00046511627906976747,0.0,0.00046511627906976747,0.003653775052884413,247.0,5.0,"BUY because predicted alpha is in the top decile. Main contributors were parkinson_vol_20, mom_5, log_dollar_vol_20. Liquidity filter passed."
2026-05-12,FTAIV,0.0,0.0,0.0,0.0,3507.0,2.0,
2026-05-12,FTCI,0.0,0.0,0.0,0.0026680971040483224,543.0,5.0,
2026-05-12,FTCV,0.0,0.0,0.0,0.0,3508.0,2.0,
2026-05-12,FTD,0.0,0.0,0.0,0.0,3509.0,2.0,
2026-05-12,FTDR,0.0,0.0,0.0,0.0007621436219347805,1489.0,4.0,
2026-05-12,FTEK,0.0,0.0,0.0,0.0020693010728430185,788.0,4.0,
2026-05-12,FTEL,0.0,0.0,0.0,0.0,3510.0,2.0,
2026-05-12,FTFT,0.0,0.0,0.0,0.0007621702881993771,1488.0,4.0,
2026-05-12,FTHM,0.0,0.0,0.0,0.00233344252649765,674.0,5.0,
2026-05-12,FTII,0.0,0.0,0.0,0.0,3511.0,2.0,
2026-05-12,FTIV,0.0,0.0,0.0,0.0,3512.0,2.0,
2026-05-12,FTLF,0.0,0.0,0.0,0.001341461373363533,1144.0,4.0,
2026-05-12,FTNT,0.00046511627906976747,0.0,0.00046511627906976747,0.0038996360745779217,198.0,5.0,"BUY because predicted alpha is in the top decile. Main contributors were mom_5, parkinson_vol_20, mom_21. Liquidity filter passed."
2026-05-12,FTOC,0.0,0.0,0.0,0.0,3513.0,2.0,
2026-05-12,FTR,0.0,0.0,0.0,0.0,3514.0,2.0,
2026-05-12,FTRE,0.002860599542949321,0.002890173410404624,-2.9573867455303087e-05,0.003579553270150477,263.0,5.0,"SELL because predicted alpha is in the top decile. Main contributors were mom_21, close_to_low_20, parkinson_vol_20. Liquidity filter passed."
2026-05-12,FTRK,0.0,0.0,0.0,0.0001733781308025156,1845.0,3.0,
2026-05-12,FTRP,0.0,0.0,0.0,0.0,3515.0,2.0,
2026-05-12,FTSV,0.0,0.0,0.0,0.0,3516.0,2.0,
2026-05-12,FTVI,0.0,0.0,0.0,0.0,3517.0,2.0,
2026-05-12,FTWR,0.0,0.0,0.0,0.0,3518.0,2.0,
2026-05-12,FUBC,0.0,0.0,0.0,0.0,3519.0,2.0,
2026-05-12,FUEL,0.0,0.0,0.0,0.0,3520.0,2.0,
2026-05-12,FUFU,0.0,0.0,0.0,0.0008871048957430068,1408.0,4.0,
2026-05-12,FULC,0.0,0.0,0.0,0.0023320735573109383,675.0,5.0,
2026-05-12,FULL,0.0,0.0,0.0,0.0,3521.0,2.0,
2026-05-12,FULL.L,0.0,0.0,0.0,0.0,3522.0,2.0,
2026-05-12,FULLL,0.0,0.0,0.0,0.0,3523.0,2.0,
2026-05-12,FULT,0.0,0.0,0.0,0.0003653080672197564,1727.0,3.0,
2026-05-12,FULTP,0.0,0.0,0.0,-0.0008279563065356208,6762.0,2.0,
2026-05-12,FUNC,0.0,0.0,0.0,0.00013439638026609924,1870.0,3.0,
2026-05-12,FUND,0.0,0.0,0.0,0.00047753887473940375,1660.0,3.0,
2026-05-12,FUQI,0.0,0.0,0.0,0.0,3524.0,2.0,
2026-05-12,FURX,0.0,0.0,0.0,0.0,3525.0,2.0,
2026-05-12,FUSB,0.0,0.0,0.0,9.931689108312622e-07,1944.0,3.0,
2026-05-12,FUSE,0.0,0.0,0.0,-0.0023162521661176023,7149.0,1.0,
2026-05-12,FUSN,0.0,0.0,0.0,0.0,3526.0,2.0,
2026-05-12,FUV,0.0,0.0,0.0,0.0,3527.0,2.0,
2026-05-12,FVAM,0.0,0.0,0.0,0.0,3528.0,2.0,
2026-05-12,FVAV,0.0,0.0,0.0,-0.0008416757360512452,6765.0,2.0,
2026-05-12,FVCB,0.0,0.0,0.0,-0.0005916150394200384,6663.0,2.0,
2026-05-12,FVE,0.0,0.0,0.0,0.0,3529.0,2.0,
2026-05-12,FVEVV,0.0,0.0,0.0,0.0,3530.0,2.0,
2026-05-12,FVN,0.0,0.0,0.0,0.0,3531.0,2.0,
2026-05-12,FWAA,0.0,0.0,0.0,0.0,3532.0,2.0,
2026-05-12,FWAC,0.0,0.0,0.0,0.0,3533.0,2.0,
2026-05-12,FWBI,0.0,0.0,0.0,0.0,3534.0,2.0,
2026-05-12,FWDI,0.0,0.0,0.0,0.0008897308027018094,1406.0,4.0,
2026-05-12,FWLT,0.0,0.0,0.0,0.0,3535.0,2.0,
2026-05-12,FWM,0.0,0.0,0.0,0.0,3536.0,2.0,
2026-05-12,FWONA,0.0,0.0,0.0,0.0008928243933790241,1404.0,4.0,
2026-05-12,FWONK,0.0,0.0,0.0,0.0007668397079819724,1484.0,4.0,
2026-05-12,FWRD,-0.0023954832638795535,-0.002890173410404624,0.0004946901465250706,-0.0009662630984390847,6822.0,2.0,"COVER because predicted alpha is in the bottom decile. Main contributors were mom_5, volatility_10, mom_21. Liquidity filter passed."
2026-05-12,FWRG,0.00046511627906976747,0.0,0.00046511627906976747,0.003595212284432008,259.0,5.0,"BUY because predicted alpha is in the top decile. Main contributors were parkinson_vol_20, sales_to_price, intraday_return. Liquidity filter passed."
2026-05-12,FXCB,0.0,0.0,0.0,0.0,3537.0,2.0,
2026-05-12,FXCM,0.0,0.0,0.0,0.0,3538.0,2.0,
2026-05-12,FXCO,0.0,0.0,0.0,0.0,3539.0,2.0,
2026-05-12,FXEN,0.0,0.0,0.0,0.0,3540.0,2.0,
2026-05-12,FXEN.P,0.0,0.0,0.0,0.0,3541.0,2.0,
2026-05-12,FXNC,0.0,0.0,0.0,0.0006432166930920133,1560.0,3.0,
2026-05-12,FYBR,0.0,0.0,0.0,0.0,3542.0,2.0,
2026-05-12,GABC,0.0,0.0,0.0,-0.0005324040537980475,6639.0,2.0,
2026-05-12,GACQ,0.0,0.0,0.0,0.0,3543.0,2.0,
2026-05-12,GAGA,0.0,0.0,0.0,0.0,3544.0,2.0,
2026-05-12,GAI,0.0,0.0,0.0,0.0,3545.0,2.0,
2026-05-12,GAIA,0.0,0.0,0.0,-0.004228412570407078,7323.0,1.0,
2026-05-12,GAIN,0.0,0.0,0.0,-0.0008351493512057935,6763.0,2.0,
2026-05-12,GAIN.M,0.0,0.0,0.0,0.0,3546.0,2.0,
2026-05-12,GAIN.P,0.0,0.0,0.0,0.0,3547.0,2.0,
2026-05-12,GAING,0.0,0.0,0.0,0.0007901224012503115,1467.0,4.0,
2026-05-12,GAINI,0.0,0.0,0.0,-0.0002528713734575752,6479.0,2.0,
2026-05-12,GAINL,0.0,0.0,0.0,0.0,3548.0,2.0,
2026-05-12,GAINN,0.0,0.0,0.0,0.0,3549.0,2.0,
2026-05-12,GAINZ,0.0,0.0,0.0,-0.001054603559228744,6857.0,1.0,
2026-05-12,GALE,0.0,0.0,0.0,0.0,3550.0,2.0,
2026-05-12,GALT,-0.0023954832638795535,-0.002890173410404624,0.0004946901465250706,-0.0028126216671442326,7205.0,1.0,"COVER because predicted alpha is in the bottom decile. Main contributors were roa, operating_margin, intraday_return. Liquidity filter failed."
2026-05-12,GALT.U,0.0,0.0,0.0,0.0,3551.0,2.0,
2026-05-12,GALT.W,0.0,0.0,0.0,0.0,3552.0,2.0,
2026-05-12,GAMB,0.0,0.0,0.0,0.0021102678196254078,775.0,4.0,
2026-05-12,GAMC,0.0,0.0,0.0,0.0,3553.0,2.0,
2026-05-12,GAME,0.0,0.0,0.0,0.0029461889502217075,435.0,5.0,
2026-05-12,GAN,0.0,0.0,0.0,0.0,3554.0,2.0,
2026-05-12,GANX,0.0,0.0,0.0,-0.0017838487261427525,7054.0,1.0,
2026-05-12,GAQ,0.0,0.0,0.0,0.0,3555.0,2.0,
2026-05-12,GARS,0.0,0.0,0.0,0.0,3556.0,2.0,
2026-05-12,GASS,0.0,0.0,0.0,0.0006260702490551743,1573.0,3.0,
2026-05-12,GASSV,0.0,0.0,0.0,0.0,3557.0,2.0,
2026-05-12,GATE,0.0,0.0,0.0,0.0,3558.0,2.0,
2026-05-12,GAUZ,-0.0023954832638795535,-0.002890173410404624,0.0004946901465250706,-0.017627605459028837,7544.0,1.0,"COVER because predicted alpha is in the bottom decile. Main contributors were parkinson_vol_20, intraday_return, volatility_10. Liquidity filter failed."
2026-05-12,GBBK,0.0,0.0,0.0,0.0,3559.0,2.0,
2026-05-12,GBDC,0.0,0.0,0.0,0.0008950941917960599,1402.0,4.0,
2026-05-12,GBDCR,0.0,0.0,0.0,0.0,3560.0,2.0,
2026-05-12,GBDCV,0.0,0.0,0.0,0.0,3561.0,2.0,
2026-05-12,GBFH,0.0,0.0,0.0,0.0014433791129432702,1085.0,4.0,
2026-05-12,GBIM,0.0,0.0,0.0,0.0,3562.0,2.0,
2026-05-12,GBIO,0.0,0.0,0.0,0.0,3563.0,2.0,
2026-05-12,GBLI,0.0,0.0,0.0,0.0011265014969458783,1263.0,4.0,
2026-05-12,GBLIL,0.0,0.0,0.0,0.0,3564.0,2.0,
2026-05-12,GBLIZ,0.0,0.0,0.0,0.0,3565.0,2.0,
2026-05-12,GBNH,0.0,0.0,0.0,0.0,3566.0,2.0,
2026-05-12,GBNK,0.0,0.0,0.0,0.0,3567.0,2.0,
2026-05-12,GBNY,0.0,0.0,0.0,0.0,3568.0,2.0,
2026-05-12,GBOX,0.0,0.0,0.0,0.0,3569.0,2.0,
2026-05-12,GBRG,0.0,0.0,0.0,0.0,3570.0,2.0,
2026-05-12,GBS,0.0,0.0,0.0,0.0,3571.0,2.0,
2026-05-12,GBSN,0.0,0.0,0.0,0.0,3572.0,2.0,
2026-05-12,GBSN.U,0.0,0.0,0.0,0.0,3573.0,2.0,
2026-05-12,GBT,0.0,0.0,0.0,0.0,3574.0,2.0,
2026-05-12,GCAC,0.0,0.0,0.0,0.0,3575.0,2.0,
2026-05-12,GCBC,0.0,0.0,0.0,0.00026614639889590365,1776.0,3.0,
2026-05-12,GCL,0.0,0.0,0.0,0.0005969803389153374,1592.0,3.0,
2026-05-12,GCMG,0.0,0.0,0.0,0.0015890978392279823,1013.0,4.0,
2026-05-12,GCT,0.0,0.0,0.0,0.0024701891497074836,622.0,5.0,
2026-05-12,GCTK,0.0,0.0,0.0,-0.006717505429101192,7442.0,1.0,
2026-05-12,GCVR.Z,0.0,0.0,0.0,0.0,3576.0,2.0,
2026-05-12,GDC,-0.002860599542949321,-0.002890173410404624,2.9573867455303087e-05,-0.03095287880394837,7578.0,1.0,"COVER because predicted alpha is in the bottom decile. Main contributors were parkinson_vol_20, volatility_63, volatility_10. Liquidity filter passed."
2026-05-12,GDEN,0.0,0.0,0.0,0.0,3577.0,2.0,
2026-05-12,GDEV,0.0,0.0,0.0,-0.00029432517084351426,6507.0,2.0,
2026-05-12,GDHG,0.0,0.0,0.0,-0.0024060651222292135,7162.0,1.0,
2026-05-12,GDNR,0.0,0.0,0.0,0.0,3578.0,2.0,
2026-05-12,GDRX,0.00046511627906976747,0.0,0.00046511627906976747,0.0040147809066856015,175.0,5.0,"BUY because predicted alpha is in the top decile. Main contributors were parkinson_vol_20, volume_z_60, intraday_return. Liquidity filter passed."
2026-05-12,GDST,0.0,0.0,0.0,0.0,3579.0,2.0,
2026-05-12,GDTC,0.0,0.0,0.0,0.0029513334304867244,431.0,5.0,
2026-05-12,GDYN,0.0,0.0,0.0,0.002738084784241045,511.0,5.0,
2026-05-12,GEC,0.0,0.0,0.0,0.0,3580.0,2.0,
2026-05-12,GECC,0.0,0.0,0.0,0.001804436502402013,906.0,4.0,
2026-05-12,GECCG,0.0,0.0,0.0,-0.0007618910886170761,6732.0,2.0,
2026-05-12,GECCH,0.0,0.0,0.0,0.0,3581.0,2.0,
2026-05-12,GECCI,0.0,0.0,0.0,0.0,3582.0,2.0,
2026-05-12,GECCL,0.0,0.0,0.0,0.0,3583.0,2.0,
2026-05-12,GECCO,0.0,0.0,0.0,0.0,3584.0,2.0,
2026-05-12,GECCZ,0.0,0.0,0.0,0.0,3585.0,2.0,
2026-05-12,GECX,0.0,0.0,0.0,0.0,3586.0,2.0,
2026-05-12,GECXU,0.0,0.0,0.0,0.0,3587.0,2.0,
2026-05-12,GEEX,0.0,0.0,0.0,0.0,3588.0,2.0,
2026-05-12,GEG,0.0,0.0,0.0,0.004400215603458267,123.0,5.0,
2026-05-12,GEGGL,0.0,0.0,0.0,-0.0012093966565659099,6905.0,1.0,
2026-05-12,GEHC,0.0,0.0,0.0,0.00054750494425938,1620.0,3.0,
2026-05-12,GELS,-0.00046511627906976747,0.0,-0.00046511627906976747,-0.007571450118992945,7470.0,1.0,"SHORT because predicted alpha is in the bottom decile. Main contributors were volume_z_60, mom_5, mom_21. Liquidity filter passed."
2026-05-12,GEMI,0.0,0.0,0.0,0.0018588504364869893,876.0,4.0,
2026-05-12,GEMP,0.0,0.0,0.0,0.0,3589.0,2.0,
2026-05-12,GEN,0.0,0.0,0.0,-0.0007071077145082113,6711.0,2.0,
2026-05-12,GENB,0.0,0.0,0.0,-0.0013890917811179122,6960.0,1.0,
2026-05-12,GENK,0.0,0.0,0.0,0.006483919267695344,16.0,5.0,
2026-05-12,GENQ,0.0,0.0,0.0,0.0,3590.0,2.0,
2026-05-12,GEOS,-0.001930366984809786,-0.002890173410404624,0.0009598064255948381,0.0034239400567506206,298.0,5.0,"COVER because predicted alpha is in the bottom decile. Main contributors were mom_21, mom_5, volatility_10. Liquidity filter passed."
2026-05-12,GERN,0.0,0.0,0.0,-0.0009036003964988759,6797.0,2.0,
2026-05-12,GEVA,0.0,0.0,0.0,0.0,3591.0,2.0,
2026-05-12,GEVO,0.0,0.0,0.0,0.0012602605390351893,1188.0,4.0,
2026-05-12,GFAI,0.0,0.0,0.0,0.0030081994556211585,415.0,5.0,
2026-05-12,GFED,0.0,0.0,0.0,0.0,3592.0,2.0,
2026-05-12,GFGD,0.0,0.0,0.0,0.0,3593.0,2.0,
2026-05-12,GFN,0.0,0.0,0.0,0.0,3594.0,2.0,
2026-05-12,GFNC.P,0.0,0.0,0.0,0.0,3595.0,2.0,
2026-05-12,GFNS.L,0.0,0.0,0.0,0.0,3596.0,2.0,
2026-05-12,GFNSL,0.0,0.0,0.0,0.0,3597.0,2.0,
2026-05-12,GFNSZ,0.0,0.0,0.0,0.0,3598.0,2.0,
2026-05-12,GFS,0.0023954832638795535,0.002890173410404624,-0.0004946901465250706,0.0026958457826109826,529.0,5.0,"SELL because predicted alpha is in the top decile. Main contributors were mom_21, parkinson_vol_20, close_to_low_20. Liquidity filter passed."
2026-05-12,GGAA,0.0,0.0,0.0,0.0,3599.0,2.0,
2026-05-12,GGAC,0.0,0.0,0.0,0.0,3600.0,2.0,
2026-05-12,GGAC.R,0.0,0.0,0.0,0.0,3601.0,2.0,
2026-05-12,GGAC.U,0.0,0.0,0.0,0.0,3602.0,2.0,
2026-05-12,GGAC.W,0.0,0.0,0.0,0.0,3603.0,2.0,
2026-05-12,GGE,0.0,0.0,0.0,0.0,3604.0,2.0,
2026-05-12,GGGV,0.0,0.0,0.0,0.0,3605.0,2.0,
2026-05-12,GGMC,0.0,0.0,0.0,0.0,3606.0,2.0,
2026-05-12,GGPI,0.0,0.0,0.0,0.0,3607.0,2.0,
2026-05-12,GGR,0.0,0.0,0.0,0.000762703914741978,1486.0,4.0,
2026-05-12,GGRP,0.0,0.0,0.0,0.002207393139855187,731.0,5.0,
2026-05-12,GH,0.0023954832638795535,0.002890173410404624,-0.0004946901465250706,0.002264185741646891,707.0,5.0,"SELL because predicted alpha is in the top decile. Main contributors were parkinson_vol_20, mom_5, debt_to_equity. Liquidity filter passed."
2026-05-12,GHAC,0.0,0.0,0.0,0.0,3608.0,2.0,
2026-05-12,GHDX,0.0,0.0,0.0,0.0,3609.0,2.0,
2026-05-12,GHIV,0.0,0.0,0.0,0.0,3610.0,2.0,
2026-05-12,GHIX,0.0,0.0,0.0,0.0,3611.0,2.0,
2026-05-12,GHRS,0.0,0.0,0.0,0.002801789812371277,481.0,5.0,
2026-05-12,GHSI,0.0,0.0,0.0,0.0,3612.0,2.0,
2026-05-12,GHVI,0.0,0.0,0.0,0.0,3613.0,2.0,
2026-05-12,GIA,0.0,0.0,0.0,0.0,3614.0,2.0,
2026-05-12,GIAC,0.0,0.0,0.0,0.0,3615.0,2.0,
2026-05-12,GIBO,0.0,0.0,0.0,0.00060316883952077,1584.0,3.0,
2026-05-12,GIFI,0.0,0.0,0.0,0.0,3616.0,2.0,
2026-05-12,GIFT,0.0,0.0,0.0,0.003016858731909618,412.0,5.0,
2026-05-12,GIG,0.0,0.0,0.0,0.00019896520307053668,1829.0,3.0,
2026-05-12,GIGA,0.0,0.0,0.0,0.0,3617.0,2.0,
2026-05-12,GIGM,0.0,0.0,0.0,0.003427496369721665,296.0,5.0,
2026-05-12,GIII,0.0,0.0,0.0,0.002075840598504935,786.0,4.0,
2026-05-12,GIIX,0.0,0.0,0.0,0.0,3618.0,2.0,
2026-05-12,GILD,0.0,0.0,0.0,0.0004665464120264555,1670.0,3.0,
2026-05-12,GILT,-0.0023954832638795535,-0.002890173410404624,0.0004946901465250706,-0.002147924680715146,7119.0,1.0,"COVER because predicted alpha is in the bottom decile. Main contributors were volume_z_60, close_to_high_20, hl_range_20. Liquidity filter passed."
2026-05-12,GIPR,0.0,0.0,0.0,0.00168923006047378,957.0,4.0,
2026-05-12,GITS,0.0,0.0,0.0,0.0008776205411184243,1415.0,4.0,
2026-05-12,GIW,0.0,0.0,0.0,-1.839658572928379e-05,6349.0,2.0,
2026-05-12,GIX,0.0,0.0,0.0,0.0,3619.0,2.0,
2026-05-12,GKNT,0.0,0.0,0.0,0.0,3620.0,2.0,
2026-05-12,GLAC,0.0,0.0,0.0,0.0,3621.0,2.0,
2026-05-12,GLAD,0.0,0.0,0.0,0.0011272126086045741,1262.0,4.0,
2026-05-12,GLAD.P,0.0,0.0,0.0,0.0,3622.0,2.0,
2026-05-12,GLADD,0.0,0.0,0.0,0.0,3623.0,2.0,
2026-05-12,GLADL,0.0,0.0,0.0,0.0,3624.0,2.0,
2026-05-12,GLADZ,0.0,0.0,0.0,0.0,3625.0,2.0,
2026-05-12,GLAQ,0.0,0.0,0.0,0.0,3626.0,2.0,
2026-05-12,GLBE,0.0,0.0,0.0,0.00021148293861634852,1820.0,3.0,
2026-05-12,GLBKV,0.0,0.0,0.0,0.0,3627.0,2.0,
2026-05-12,GLBR,0.0,0.0,0.0,0.0,3628.0,2.0,
2026-05-12,GLBS,0.0,0.0,0.0,0.001184887522064743,1230.0,4.0,
2026-05-12,GLBZ,0.0,0.0,0.0,0.0,3629.0,2.0,
2026-05-12,GLCB,0.0,0.0,0.0,0.0,3630.0,2.0,
2026-05-12,GLCH,0.0,0.0,0.0,0.0,3631.0,2.0,
2026-05-12,GLDC,0.0,0.0,0.0,0.0,3632.0,2.0,
2026-05-12,GLDD,0.0,0.0,0.0,0.0,3633.0,2.0,
2026-05-12,GLE,-0.0023954832638795535,-0.002890173410404624,0.0004946901465250706,0.0005906161082832257,1596.0,3.0,"COVER because predicted alpha is in the bottom decile. Main contributors were parkinson_vol_20, volatility_10, mom_10. Liquidity filter failed."
2026-05-12,GLEE,0.0,0.0,0.0,0.0,3634.0,2.0,
2026-05-12,GLG,0.0,0.0,0.0,0.0,3635.0,2.0,
2026-05-12,GLHA,0.0,0.0,0.0,0.0,3636.0,2.0,
2026-05-12,GLIBA,-0.0023954832638795535,-0.002890173410404624,0.0004946901465250706,-0.002076373974140228,7108.0,1.0,"COVER because predicted alpha is in the bottom decile. Main contributors were mom_5, hl_range_20, mom_21. Liquidity filter passed."
2026-05-12,GLIBK,-0.0023954832638795535,-0.002890173410404624,0.0004946901465250706,-0.0020541906584404935,7104.0,1.0,"COVER because predicted alpha is in the bottom decile. Main contributors were mom_5, mom_21, hl_range_20. Liquidity filter passed."
2026-05-12,GLLI,0.0,0.0,0.0,0.0,3637.0,2.0,
2026-05-12,GLMD,0.0,0.0,0.0,0.0019003354063436657,858.0,4.0,
2026-05-12,GLND,-0.002860599542949321,-0.002890173410404624,2.9573867455303087e-05,-0.0029138989881636896,7215.0,1.0,"COVER because predicted alpha is in the bottom decile. Main contributors were parkinson_vol_20, volatility_63, mom_21. Liquidity filter passed."
2026-05-12,GLNG,0.0,0.0,0.0,0.0009688936603502564,1370.0,4.0,
2026-05-12,GLOO,0.0,0.0,0.0,0.0017260229792075872,941.0,4.0,
2026-05-12,GLPI,0.0,0.0,0.0,0.001097757082478009,1285.0,4.0,
2026-05-12,GLRE,0.0,0.0,0.0,0.0009581667243443595,1373.0,4.0,
2026-05-12,GLRI,0.0,0.0,0.0,0.0,3638.0,2.0,
2026-05-12,GLRI.W,0.0,0.0,0.0,0.0,3639.0,2.0,
2026-05-12,GLSI,-0.002860599542949321,-0.002890173410404624,2.9573867455303087e-05,-0.004438983755026631,7338.0,1.0,"COVER because predicted alpha is in the bottom decile. Main contributors were roa, operating_margin, intraday_return. Liquidity filter passed."
2026-05-12,GLSPT,0.0,0.0,0.0,0.0,3640.0,2.0,
2026-05-12,GLSS,0.0,0.0,0.0,0.0,3641.0,2.0,
2026-05-12,GLST,0.0,0.0,0.0,0.0,3642.0,2.0,
2026-05-12,GLTO,0.0,0.0,0.0,0.0,3643.0,2.0,
2026-05-12,GLUE,0.002860599542949321,0.002890173410404624,-2.9573867455303087e-05,0.006569280825105738,13.0,5.0,"SELL because predicted alpha is in the top decile. Main contributors were mom_252, parkinson_vol_20, volume_z_60. Liquidity filter passed."
2026-05-12,GLUU,0.0,0.0,0.0,0.0,3644.0,2.0,
2026-05-12,GLXG,0.0,0.0,0.0,0.0063888015011130065,17.0,5.0,
2026-05-12,GLXY,0.0,0.0,0.0,0.001649313179930598,983.0,4.0,
2026-05-12,GLYC,0.0,0.0,0.0,0.0,3645.0,2.0,
2026-05-12,GMBL,0.0,0.0,0.0,0.0,3646.0,2.0,
2026-05-12,GMBT,0.0,0.0,0.0,0.0,3647.0,2.0,
2026-05-12,GMCR,0.0,0.0,0.0,0.0,3648.0,2.0,
2026-05-12,GMDA,0.0,0.0,0.0,0.0,3649.0,2.0,
2026-05-12,GMET.P,0.0,0.0,0.0,0.0,3650.0,2.0,
2026-05-12,GMEX,0.0,0.0,0.0,-0.004573838436869142,7350.0,1.0,
2026-05-12,GMFI,0.0,0.0,0.0,0.0,3651.0,2.0,
2026-05-12,GMGI,0.0,0.0,0.0,0.0,3652.0,2.0,
2026-05-12,GMHI,0.0,0.0,0.0,0.0,3653.0,2.0,
2026-05-12,GMHS,0.0,0.0,0.0,0.0006261477788276355,1572.0,3.0,
2026-05-12,GMII,0.0,0.0,0.0,0.0,3654.0,2.0,
2026-05-12,GMLP,0.0,0.0,0.0,0.0,3655.0,2.0,
2026-05-12,GMM,-0.00046511627906976747,0.0,-0.00046511627906976747,-0.006302453209596905,7423.0,1.0,"SHORT because predicted alpha is in the bottom decile. Main contributors were volume_z_60, parkinson_vol_20, mom_5. Liquidity filter passed."
2026-05-12,GMTX,0.0,0.0,0.0,0.0,3656.0,2.0,
2026-05-12,GMVD,0.0,0.0,0.0,0.0,3657.0,2.0,
2026-05-12,GNAC,0.0,0.0,0.0,0.0,3658.0,2.0,
2026-05-12,GNBC,0.0,0.0,0.0,0.0,3659.0,2.0,
2026-05-12,GNBT,0.0,0.0,0.0,0.0,3660.0,2.0,
2026-05-12,GNCA,0.0,0.0,0.0,0.0,3661.0,2.0,
2026-05-12,GNCM.A,0.0,0.0,0.0,0.0,3662.0,2.0,
2026-05-12,GNCMA,0.0,0.0,0.0,0.0,3663.0,2.0,
2026-05-12,GNLN,0.0,0.0,0.0,-0.006450655540161314,7433.0,1.0,
2026-05-12,GNLX,0.0,0.0,0.0,-0.0011594994823519345,6885.0,1.0,
2026-05-12,GNMK,0.0,0.0,0.0,0.0,3664.0,2.0,
2026-05-12,GNOG,0.0,0.0,0.0,0.0,3665.0,2.0,
2026-05-12,GNOW,0.0,0.0,0.0,0.0,3666.0,2.0,
2026-05-12,GNPX,0.0,0.0,0.0,-0.0019043682394341713,7081.0,1.0,
2026-05-12,GNRS,0.0,0.0,0.0,0.0,3667.0,2.0,
2026-05-12,GNSS,0.0,0.0,0.0,0.002644134744137859,554.0,5.0,
2026-05-12,GNTX,0.0,0.0,0.0,0.0014567028141682086,1081.0,4.0,
2026-05-12,GNVC,0.0,0.0,0.0,0.0,3668.0,2.0,
2026-05-12,GO,0.0,0.0,0.0,0.0007195179884161227,1514.0,4.0,
2026-05-12,GOAI,0.0,0.0,0.0,0.0005099502421632867,1643.0,3.0,
2026-05-12,GOBI,0.0,0.0,0.0,0.0,3669.0,2.0,
2026-05-12,GOCO,0.0,0.0,0.0,0.002659062072607215,548.0,5.0,
2026-05-12,GODN,0.0,0.0,0.0,0.0,3670.0,2.0,
2026-05-12,GOEV,0.0,0.0,0.0,0.0,3671.0,2.0,
2026-05-12,GOGL,0.0,0.0,0.0,0.0,3672.0,2.0,
2026-05-12,GOGO,0.0,0.0,0.0,9.649879823426342e-05,1900.0,3.0,
2026-05-12,GOMO,0.0,0.0,0.0,0.0,3673.0,2.0,
2026-05-12,GOOD,0.0,0.0,0.0,-0.00020196864217201707,6454.0,2.0,
2026-05-12,GOOD.M,0.0,0.0,0.0,0.0,3674.0,2.0,
2026-05-12,GOOD.N,0.0,0.0,0.0,0.0,3675.0,2.0,
2026-05-12,GOOD.O,0.0,0.0,0.0,0.0,3676.0,2.0,
2026-05-12,GOOD.P,0.0,0.0,0.0,0.0,3677.0,2.0,
2026-05-12,GOOG,0.0,0.0,0.0,0.0015248359063275755,1048.0,4.0,
2026-05-12,GOOGL,0.0,0.0,0.0,0.001521565318307046,1051.0,4.0,
2026-05-12,GORV,0.0,0.0,0.0,0.0,3678.0,2.0,
2026-05-12,GOSS,0.0,0.0,0.0,-0.006742961417753121,7445.0,1.0,
2026-05-12,GOV,0.0,0.0,0.0,0.0,3679.0,2.0,
2026-05-12,GOVN.I,0.0,0.0,0.0,0.0,3680.0,2.0,
2026-05-12,GOVNI,0.0,0.0,0.0,0.0,3681.0,2.0,
2026-05-12,GOVX,0.0,0.0,0.0,-0.005399955724028537,7393.0,1.0,
2026-05-12,GP,0.0,0.0,0.0,-0.001420966789867078,6967.0,1.0,
2026-05-12,GPAC,0.0,0.0,0.0,-0.003227361587364105,7247.0,1.0,
2026-05-12,GPAK,0.0,0.0,0.0,0.0,3682.0,2.0,
2026-05-12,GPAQ,0.0,0.0,0.0,0.0,3683.0,2.0,
2026-05-12,GPAT,-0.002860599542949321,-0.002890173410404624,2.9573867455303087e-05,-0.005587800671388201,7397.0,1.0,"COVER because predicted alpha is in the bottom decile. Main contributors were volume_z_60, hl_range_20, close_to_high_20. Liquidity filter passed."
2026-05-12,GPCO,0.0,0.0,0.0,0.0,3684.0,2.0,
2026-05-12,GPIA,0.0,0.0,0.0,0.0,3685.0,2.0,
2026-05-12,GPIA.U,0.0,0.0,0.0,0.0,3686.0,2.0,
2026-05-12,GPIA.W,0.0,0.0,0.0,0.0,3687.0,2.0,
2026-05-12,GPIC,0.0,0.0,0.0,0.0,3688.0,2.0,
2026-05-12,GPRC,0.0,0.0,0.0,0.0,3689.0,2.0,
2026-05-12,GPRE,0.0023954832638795535,0.002890173410404624,-0.0004946901465250706,0.0018516711631876115,881.0,4.0,"SELL because predicted alpha is in the top decile. Main contributors were parkinson_vol_20, mom_252, log_dollar_vol_20. Liquidity filter passed."
2026-05-12,GPRO,0.0023954832638795535,0.002890173410404624,-0.0004946901465250706,0.0031290028430037593,374.0,5.0,"SELL because predicted alpha is in the top decile. Main contributors were hl_range_20, close_to_high_20, mom_1. Liquidity filter passed."
2026-05-12,GRAB,0.0,0.0,0.0,0.0016396386170140012,986.0,4.0,
2026-05-12,GRAL,0.0,0.0,0.0,-0.00033258852307116714,6532.0,2.0,
2026-05-12,GRALV,0.0,0.0,0.0,0.0,3690.0,2.0,
2026-05-12,GRAN,0.0,0.0,0.0,0.0035510626918346,265.0,5.0,
2026-05-12,GRCE,0.0,0.0,0.0,-0.007866403798662672,7476.0,1.0,
2026-05-12,GRCY,0.0,0.0,0.0,0.0,3691.0,2.0,
2026-05-12,GRDI,0.0,0.0,0.0,0.0,3692.0,2.0,
2026-05-12,GRDX,0.0,0.0,0.0,0.003132304494684052,371.0,5.0,
2026-05-12,GREE,0.0,0.0,0.0,0.0013824981138119278,1127.0,4.0,
2026-05-12,GREEL,0.0,0.0,0.0,0.0009850178571832,1359.0,4.0,
2026-05-12,GRI,0.0,0.0,0.0,-0.002959450167194701,7226.0,1.0,
2026-05-12,GRIF,0.0,0.0,0.0,0.0,3693.0,2.0,
2026-05-12,GRIL,0.0,0.0,0.0,0.0,3694.0,2.0,
2026-05-12,GRML,0.0,0.0,0.0,0.0024596806984601566,626.0,5.0,
2026-05-12,GRNA,0.0,0.0,0.0,0.0,3695.0,2.0,
2026-05-12,GRNQ,0.0,0.0,0.0,-0.002802028118968599,7203.0,1.0,
2026-05-12,GRNV,0.0,0.0,0.0,0.0,3696.0,2.0,
2026-05-12,GROM,0.0,0.0,0.0,0.0,3697.0,2.0,
2026-05-12,GROW,0.0,0.0,0.0,0.002746390905000197,500.0,5.0,
2026-05-12,GRPH,0.0,0.0,0.0,0.0,3698.0,2.0,
2026-05-12,GRPN,0.0,0.0,0.0,0.001669784739239839,968.0,4.0,
2026-05-12,GRRF,0.0,0.0,0.0,0.0,3699.0,2.0,
2026-05-12,GRRR,0.0,0.0,0.0,0.0004586616279569157,1676.0,3.0,
2026-05-12,GRSH,0.0,0.0,0.0,0.0,3700.0,2.0,
2026-05-12,GRSH.W,0.0,0.0,0.0,0.0,3701.0,2.0,
2026-05-12,GRSV,0.0,0.0,0.0,0.0,3702.0,2.0,
2026-05-12,GRTS,0.0,0.0,0.0,0.0,3703.0,2.0,
2026-05-12,GRTX,0.0,0.0,0.0,0.0,3704.0,2.0,
2026-05-12,GRVI,0.0,0.0,0.0,0.0,3705.0,2.0,
2026-05-12,GRWG,0.0,0.0,0.0,0.004589722536883582,105.0,5.0,
2026-05-12,GRYP,0.0,0.0,0.0,0.0,3706.0,2.0,
2026-05-12,GSAQ,0.0,0.0,0.0,0.0,3707.0,2.0,
2026-05-12,GSAT,0.0,0.0,0.0,0.00012673985604607475,1875.0,3.0,
2026-05-12,GSBC,0.0,0.0,0.0,-0.0007161863880877102,6714.0,2.0,
2026-05-12,GSD,0.0,0.0,0.0,0.0,3708.0,2.0,
2026-05-12,GSEV,0.0,0.0,0.0,0.0,3709.0,2.0,
2026-05-12,GSHD,0.002860599542949321,0.002890173410404624,-2.9573867455303087e-05,0.004370576177926335,129.0,5.0,"SELL because predicted alpha is in the top decile. Main contributors were parkinson_vol_20, close_to_high_20, volume_z_60. Liquidity filter passed."
2026-05-12,GSHR,0.0,0.0,0.0,0.0,3710.0,2.0,
2026-05-12,GSHT,0.0,0.0,0.0,0.0,3711.0,2.0,
2026-05-12,GSIC,0.0,0.0,0.0,0.0,3712.0,2.0,
2026-05-12,GSIT,-0.001930366984809786,-0.002890173410404624,0.0009598064255948381,0.004402193816731998,122.0,5.0,"COVER because predicted alpha is in the bottom decile. Main contributors were parkinson_vol_20, volume_z_60, mom_10. Liquidity filter passed."
2026-05-12,GSIW,0.0,0.0,0.0,0.0,3713.0,2.0,
2026-05-12,GSJK,0.0,0.0,0.0,0.0,3714.0,2.0,
2026-05-12,GSKY,0.0,0.0,0.0,0.0,3715.0,2.0,
2026-05-12,GSM,0.0,0.0,0.0,-0.0009502149629370598,6811.0,2.0,
2026-05-12,GSMG,0.0,0.0,0.0,0.0,3716.0,2.0,
2026-05-12,GSRF,0.0,0.0,0.0,-0.0004112390788681428,6572.0,2.0,
2026-05-12,GSRM,0.0,0.0,0.0,0.0,3717.0,2.0,
2026-05-12,GSRT,0.0,0.0,0.0,0.0,3718.0,2.0,
2026-05-12,GSUM,0.0,0.0,0.0,0.0,3719.0,2.0,
2026-05-12,GSUN,0.0,0.0,0.0,-0.005964232864024898,7414.0,1.0,
2026-05-12,GSVC,0.0,0.0,0.0,0.0,3720.0,2.0,
2026-05-12,GT,-0.0023954832638795535,-0.002890173410404624,0.0004946901465250706,-0.0009717307329447618,6823.0,1.0,"COVER because predicted alpha is in the bottom decile. Main contributors were hl_range_20, mom_5, volume_z_60. Liquidity filter passed."
2026-05-12,GTAC,0.0,0.0,0.0,0.0,3721.0,2.0,
2026-05-12,GTAT,0.0,0.0,0.0,0.0,3722.0,2.0,
2026-05-12,GTBP,0.0,0.0,0.0,-0.0035767438518629945,7277.0,1.0,
2026-05-12,GTEC,0.0,0.0,0.0,0.0012156355560029738,1212.0,4.0,
2026-05-12,GTEN,0.0,0.0,0.0,0.0,3723.0,2.0,
2026-05-12,GTERA,0.0,0.0,0.0,-0.0016028552813566448,7022.0,1.0,
2026-05-12,GTHX,0.0,0.0,0.0,0.0,3724.0,2.0,
2026-05-12,GTI,0.0,0.0,0.0,0.0,3725.0,2.0,
2026-05-12,GTIM,0.0,0.0,0.0,0.0010142133367782278,1341.0,4.0,
2026-05-12,GTIV,0.0,0.0,0.0,0.0,3726.0,2.0,
2026-05-12,GTLB,0.0,0.0,0.0,0.0002547021629837618,1784.0,3.0,
2026-05-12,GTM,-0.00046511627906976747,0.0,-0.00046511627906976747,-0.007305541396565218,7465.0,1.0,"SHORT because predicted alpha is in the bottom decile. Main contributors were volume_z_60, mom_5, volatility_10. Liquidity filter passed."
2026-05-12,GTPA,0.0,0.0,0.0,0.0,3727.0,2.0,
2026-05-12,GTPB,0.0,0.0,0.0,0.0,3728.0,2.0,
2026-05-12,GTWN,0.0,0.0,0.0,0.0,3729.0,2.0,
2026-05-12,GTX,0.0,0.0,0.0,0.0007960419567931159,1458.0,4.0,
2026-05-12,GTXI,0.0,0.0,0.0,0.0,3730.0,2.0,
2026-05-12,GTYH,0.0,0.0,0.0,0.0,3731.0,2.0,
2026-05-12,GUID,0.0,0.0,0.0,0.0,3732.0,2.0,
2026-05-12,GULT.U,0.0,0.0,0.0,0.0,3733.0,2.0,
2026-05-12,GURE,0.0,0.0,0.0,-0.001019075560772195,6845.0,1.0,
2026-05-12,GUTS,0.00046511627906976747,0.0,0.00046511627906976747,0.004005402697932339,176.0,5.0,"BUY because predicted alpha is in the top decile. Main contributors were intraday_return, mom_21, hl_range_20. Liquidity filter passed."
2026-05-12,GV,-0.00046511627906976747,0.0,-0.00046511627906976747,-0.008324227146564946,7488.0,1.0,"SHORT because predicted alpha is in the bottom decile. Main contributors were parkinson_vol_20, intraday_return, volatility_63. Liquidity filter passed."
2026-05-12,GVCI,0.0,0.0,0.0,0.0,3734.0,2.0,
2026-05-12,GVH,0.0,0.0,0.0,-0.004552272792065253,7348.0,1.0,
2026-05-12,GVP,0.0,0.0,0.0,0.0,3735.0,2.0,
2026-05-12,GWAC,0.0,0.0,0.0,0.0,3736.0,2.0,
2026-05-12,GWAV,0.0,0.0,0.0,0.0026629554677607705,546.0,5.0,
2026-05-12,GWGH,0.0,0.0,0.0,0.0,3737.0,2.0,
2026-05-12,GWII,0.0,0.0,0.0,0.0,3738.0,2.0,
2026-05-12,GWRS,0.0,0.0,0.0,-0.0008861222349448992,6785.0,2.0,
2026-05-12,GXAI,0.0,0.0,0.0,0.0015226816454116479,1050.0,4.0,
2026-05-12,GXGX,0.0,0.0,0.0,0.0,3739.0,2.0,
2026-05-12,GXII,0.0,0.0,0.0,0.0,3740.0,2.0,
2026-05-12,GYMB,0.0,0.0,0.0,0.0,3741.0,2.0,
2026-05-12,GYRE,0.0,0.0,0.0,-0.000526096567375305,6635.0,2.0,
2026-05-12,GYRO,0.0,0.0,0.0,0.0,3742.0,2.0,
2026-05-12,HA,0.0,0.0,0.0,0.0,3743.0,2.0,
2026-05-12,HAAC,0.0,0.0,0.0,0.0,3744.0,2.0,
2026-05-12,HAACU,0.0,0.0,0.0,0.0,3745.0,2.0,
2026-05-12,HABT,0.0,0.0,0.0,0.0,3746.0,2.0,
2026-05-12,HACQ,0.0,0.0,0.0,-0.004029668597758762,7307.0,1.0,
2026-05-12,HAFC,0.0,0.0,0.0,0.0010304174300490203,1334.0,4.0,
2026-05-12,HAIA,0.0,0.0,0.0,0.0,3747.0,2.0,
2026-05-12,HAIN,-0.00046511627906976747,0.0,-0.00046511627906976747,-0.006296070281199524,7422.0,1.0,"SHORT because predicted alpha is in the bottom decile. Main contributors were parkinson_vol_20, intraday_return, mom_1. Liquidity filter passed."
2026-05-12,HAIR,0.0,0.0,0.0,0.0,3748.0,2.0,
2026-05-12,HALL,0.0,0.0,0.0,0.0,3749.0,2.0,
2026-05-12,HALO,-0.00046511627906976747,0.0,-0.00046511627906976747,-0.004334752232110412,7328.0,1.0,"SHORT because predicted alpha is in the bottom decile. Main contributors were volume_z_60, hl_range_20, debt_to_equity. Liquidity filter passed."
2026-05-12,HANS,0.0,0.0,0.0,0.0,3750.0,2.0,
2026-05-12,HAO,-0.002860599542949321,-0.002890173410404624,2.9573867455303087e-05,-0.026487855378068758,7570.0,1.0,"COVER because predicted alpha is in the bottom decile. Main contributors were parkinson_vol_20, volatility_63, volume_z_60. Liquidity filter passed."
2026-05-12,HARP,0.0,0.0,0.0,0.0,3751.0,2.0,
2026-05-12,HAS,0.0,0.0,0.0,-0.0008257906655112324,6761.0,2.0,
2026-05-12,HAST,0.0,0.0,0.0,0.0,3752.0,2.0,
2026-05-12,HAVA,0.0,0.0,0.0,0.0,3753.0,2.0,
2026-05-12,HAVAR,0.0,0.0,0.0,0.0,3754.0,2.0,
2026-05-12,HAWK.B,0.0,0.0,0.0,0.0,3755.0,2.0,
2026-05-12,HAYN,0.0,0.0,0.0,0.0,3756.0,2.0,
2026-05-12,HBAN,0.0,0.0,0.0,0.00017617939681588375,1844.0,3.0,
2026-05-12,HBAN.N,0.0,0.0,0.0,0.0,3757.0,2.0,
2026-05-12,HBAN.P,0.0,0.0,0.0,0.0,3758.0,2.0,
2026-05-12,HBANL,0.0,0.0,0.0,-9.361451958859452e-05,6380.0,2.0,
2026-05-12,HBANM,0.0,0.0,0.0,-0.00048405826461504076,6615.0,2.0,
2026-05-12,HBANZ,0.0,0.0,0.0,-5.38828855649303e-05,6365.0,2.0,
2026-05-12,HBCP,0.0,0.0,0.0,3.683110400978886e-05,1921.0,3.0,
2026-05-12,HBHCL,0.0,0.0,0.0,0.0,3759.0,2.0,
2026-05-12,HBIO,0.0,0.0,0.0,0.005122913314675263,68.0,5.0,
2026-05-12,HBK,0.0,0.0,0.0,0.0,3760.0,2.0,
2026-05-12,HBMD,0.0,0.0,0.0,0.0,3761.0,2.0,
2026-05-12,HBNB,0.0,0.0,0.0,0.0029427170311066963,436.0,5.0,
2026-05-12,HBNC,0.0,0.0,0.0,0.000767111056638797,1482.0,4.0,
2026-05-12,HBNK,0.0,0.0,0.0,0.0,3762.0,2.0,
2026-05-12,HBOS,0.0,0.0,0.0,0.0,3763.0,2.0,
2026-05-12,HBP,0.0,0.0,0.0,0.0,3764.0,2.0,
2026-05-12,HBT,0.0,0.0,0.0,0.0009289530517588044,1383.0,4.0,
2026-05-12,HCAC,0.0,0.0,0.0,0.0,3765.0,2.0,
2026-05-12,HCAC.W,0.0,0.0,0.0,0.0,3766.0,2.0,
2026-05-12,HCAI,0.0,0.0,0.0,-0.023060547427237423,7560.0,1.0,
2026-05-12,HCAP,0.0,0.0,0.0,0.0,3767.0,2.0,
2026-05-12,HCAPL,0.0,0.0,0.0,0.0,3768.0,2.0,
2026-05-12,HCAPZ,0.0,0.0,0.0,0.0,3769.0,2.0,
2026-05-12,HCAQ,0.0,0.0,0.0,0.0,3770.0,2.0,
2026-05-12,HCAR,0.0,0.0,0.0,0.0,3771.0,2.0,
2026-05-12,HCAT,0.0,0.0,0.0,0.00039060771035192936,1716.0,3.0,
2026-05-12,HCBK,0.0,0.0,0.0,0.0,3772.0,2.0,
2026-05-12,HCCC,0.0,0.0,0.0,0.0,3773.0,2.0,
2026-05-12,HCCH,0.0,0.0,0.0,0.0,3774.0,2.0,
2026-05-12,HCCI,0.0,0.0,0.0,0.0,3775.0,2.0,
2026-05-12,HCCO,0.0,0.0,0.0,0.0,3776.0,2.0,
2026-05-12,HCDI,0.0,0.0,0.0,0.0,3777.0,2.0,
2026-05-12,HCHL,-0.00046511627906976747,0.0,-0.00046511627906976747,-0.005614026340495654,7398.0,1.0,"SHORT because predicted alpha is in the bottom decile. Main contributors were parkinson_vol_20, volume_z_60, intraday_return. Liquidity filter passed."
2026-05-12,HCIC,0.0,0.0,0.0,-0.003464399785812816,7271.0,1.0,
2026-05-12,HCII,0.0,0.0,0.0,0.0,3778.0,2.0,
2026-05-12,HCKT,-0.002860599542949321,-0.002890173410404624,2.9573867455303087e-05,-0.0036961373030269117,7285.0,1.0,"COVER because predicted alpha is in the bottom decile. Main contributors were mom_5, volume_z_60, volatility_10. Liquidity filter passed."
2026-05-12,HCMA,0.0,0.0,0.0,-0.0021640548953517323,7125.0,1.0,
2026-05-12,HCNE,0.0,0.0,0.0,0.0,3779.0,2.0,
2026-05-12,HCP,0.0,0.0,0.0,0.0,3780.0,2.0,
2026-05-12,HCSG,0.0023954832638795535,0.002890173410404624,-0.0004946901465250706,0.003311556564064776,327.0,5.0,"SELL because predicted alpha is in the top decile. Main contributors were parkinson_vol_20, volume_z_60, volatility_10. Liquidity filter passed."
2026-05-12,HCT,0.0,0.0,0.0,0.0,3781.0,2.0,
2026-05-12,HCTI,0.0,0.0,0.0,-0.002590407545580102,7182.0,1.0,
2026-05-12,HCVI,0.0,0.0,0.0,0.0,3782.0,2.0,
2026-05-12,HCWB,0.0,0.0,0.0,-0.008074349831373475,7481.0,1.0,
2026-05-12,HDNG,0.0,0.0,0.0,0.0,3783.0,2.0,
2026-05-12,HDP,0.0,0.0,0.0,0.0,3784.0,2.0,
2026-05-12,HDRA,0.0,0.0,0.0,0.0,3785.0,2.0,
2026-05-12,HDRA.R,0.0,0.0,0.0,0.0,3786.0,2.0,
2026-05-12,HDRA.W,0.0,0.0,0.0,0.0,3787.0,2.0,
2026-05-12,HDS,0.0,0.0,0.0,0.0,3788.0,2.0,
2026-05-12,HDSN,-0.00046511627906976747,0.0,-0.00046511627906976747,-0.002954846240443437,7224.0,1.0,"SHORT because predicted alpha is in the bottom decile. Main contributors were volume_z_60, mom_5, hl_range_20. Liquidity filter passed."
2026-05-12,HEAR,0.0,0.0,0.0,0.0,3789.0,2.0,
2026-05-12,HEBT,0.0,0.0,0.0,0.0,3790.0,2.0,
2026-05-12,HEC,0.0,0.0,0.0,0.0,3791.0,2.0,
2026-05-12,HEES,0.0,0.0,0.0,0.0,3792.0,2.0,
2026-05-12,HELE,0.0023954832638795535,0.002890173410404624,-0.0004946901465250706,0.0026808238911954804,536.0,5.0,"SELL because predicted alpha is in the top decile. Main contributors were mom_21, parkinson_vol_20, sales_to_price. Liquidity filter passed."
2026-05-12,HELP,0.0,0.0,0.0,0.00018286084903459542,1839.0,3.0,
2026-05-12,HEOP,0.0,0.0,0.0,0.0,3793.0,2.0,
2026-05-12,HEPA,0.0,0.0,0.0,0.0,3794.0,2.0,
2026-05-12,HERA,0.0,0.0,0.0,0.0,3795.0,2.0,
2026-05-12,HERZ,0.0,0.0,0.0,0.0025850070415636747,581.0,5.0,
2026-05-12,HEV,0.0,0.0,0.0,0.0,3796.0,2.0,
2026-05-12,HEXO,0.0,0.0,0.0,0.0,3797.0,2.0,
2026-05-12,HFBC,0.0,0.0,0.0,0.0,3798.0,2.0,
2026-05-12,HFBL,0.0,0.0,0.0,0.0,3799.0,2.0,
2026-05-12,HFEN,0.0,0.0,0.0,0.0,3800.0,2.0,
2026-05-12,HFFC,0.0,0.0,0.0,0.0,3801.0,2.0,
2026-05-12,HFFG,0.0,0.0,0.0,-0.0012545701898534726,6923.0,1.0,
2026-05-12,HFWA,0.0,0.0,0.0,0.0006988438714305285,1524.0,3.0,
2026-05-12,HGAS,0.0,0.0,0.0,0.0,3802.0,2.0,
2026-05-12,HGBL,0.0,0.0,0.0,-0.0003600545685756377,6549.0,2.0,
2026-05-12,HGEN,0.0,0.0,0.0,0.0,3803.0,2.0,
2026-05-12,HGSH,0.0,0.0,0.0,0.0,3804.0,2.0,
2026-05-12,HGSI,0.0,0.0,0.0,0.0,3805.0,2.0,
2026-05-12,HHGC,0.0,0.0,0.0,0.0,3806.0,2.0,
2026-05-12,HHHH,0.0,0.0,0.0,0.0,3807.0,2.0,
2026-05-12,HHRS,0.0,0.0,0.0,0.0,3808.0,2.0,
2026-05-12,HHS,0.0,0.0,0.0,0.0010318072562683683,1333.0,4.0,
2026-05-12,HHT,0.0,0.0,0.0,0.0,3809.0,2.0,
2026-05-12,HIBB,0.0,0.0,0.0,0.0,3810.0,2.0,
2026-05-12,HIFS,0.0,0.0,0.0,0.0019520568223970792,837.0,4.0,
2026-05-12,HIHO,0.0,0.0,0.0,0.0040824237175805834,165.0,5.0,
2026-05-12,HIII,0.0,0.0,0.0,0.0,3811.0,2.0,
2026-05-12,HIIQ,0.0,0.0,0.0,0.0,3812.0,2.0,
2026-05-12,HILL,0.0,0.0,0.0,0.0,3813.0,2.0,
2026-05-12,HILS,0.0,0.0,0.0,0.0,3814.0,2.0,
2026-05-12,HIND,0.0,0.0,0.0,-0.0012118277752115733,6906.0,1.0,
2026-05-12,HIT,0.0,0.0,0.0,0.0018426866873093443,885.0,4.0,
2026-05-12,HITI,0.0,0.0,0.0,0.0021185190994085033,771.0,4.0,
2026-05-12,HITK,0.0,0.0,0.0,0.0,3815.0,2.0,
2026-05-12,HITT,0.0,0.0,0.0,0.0,3816.0,2.0,
2026-05-12,HIVE,0.0,0.0,0.0,0.0026854715416002196,533.0,5.0,
2026-05-12,HJLI,0.0,0.0,0.0,0.0,3817.0,2.0,
2026-05-12,HKIT,0.0,0.0,0.0,-0.007004000713857386,7455.0,1.0,
2026-05-12,HKPD,0.0,0.0,0.0,0.005164903174719789,64.0,5.0,
2026-05-12,HKTV,0.0,0.0,0.0,0.0,3818.0,2.0,
2026-05-12,HLAH,0.0,0.0,0.0,0.0,3819.0,2.0,
2026-05-12,HLBZ,0.0,0.0,0.0,0.0,3820.0,2.0,
2026-05-12,HLCS,0.0,0.0,0.0,0.0,3821.0,2.0,
2026-05-12,HLIT,0.0,0.0,0.0,0.00044403838342945616,1684.0,3.0,
2026-05-12,HLMN,0.002860599542949321,0.002890173410404624,-2.9573867455303087e-05,0.003656708513343285,245.0,5.0,"SELL because predicted alpha is in the top decile. Main contributors were sales_to_price, parkinson_vol_20, volume_z_60. Liquidity filter passed."
2026-05-12,HLNE,0.0,0.0,0.0,0.0027147037468955013,523.0,5.0,
2026-05-12,HLP,0.0,0.0,0.0,-0.0006195087671761205,6677.0,2.0,
2026-05-12,HLSS,0.0,0.0,0.0,0.0,3822.0,2.0,
2026-05-12,HLTH,0.0,0.0,0.0,0.0,3823.0,2.0,
2026-05-12,HLVX,0.0,0.0,0.0,0.0,3824.0,2.0,
2026-05-12,HLXA,0.0,0.0,0.0,0.0,3825.0,2.0,
2026-05-12,HLXB,0.0,0.0,0.0,0.0,3826.0,2.0,
2026-05-12,HLXC,0.0,0.0,0.0,-0.00045102755634500924,6594.0,2.0,
2026-05-12,HMAC,0.0,0.0,0.0,0.0,3827.0,2.0,
2026-05-12,HMCO,0.0,0.0,0.0,0.0,3828.0,2.0,
2026-05-12,HMH,0.0,0.0,0.0,0.00021370399024455648,1817.0,3.0,
2026-05-12,HMHC,0.0,0.0,0.0,0.0,3829.0,2.0,
2026-05-12,HMIN,0.0,0.0,0.0,0.0,3830.0,2.0,
2026-05-12,HMNF,0.0,0.0,0.0,0.0,3831.0,2.0,
2026-05-12,HMNY,0.0,0.0,0.0,0.0,3832.0,2.0,
2026-05-12,HMPR,0.0,0.0,0.0,0.0,3833.0,2.0,
2026-05-12,HMPT,0.0,0.0,0.0,0.0,3834.0,2.0,
2026-05-12,HMR,0.0,0.0,0.0,-0.0012551143814918595,6924.0,1.0,
2026-05-12,HMST,0.0,0.0,0.0,0.0,3835.0,2.0,
2026-05-12,HMSY,0.0,0.0,0.0,0.0,3836.0,2.0,
2026-05-12,HMTA,0.0,0.0,0.0,0.0,3837.0,2.0,
2026-05-12,HMTV,0.0,0.0,0.0,0.0,3838.0,2.0,
2026-05-12,HMU,0.0,0.0,0.0,0.0,3839.0,2.0,
2026-05-12,HNH,0.0,0.0,0.0,0.0,3840.0,2.0,
2026-05-12,HNNA,0.0,0.0,0.0,-2.7416255700262406e-05,6355.0,2.0,
2026-05-12,HNNAZ,0.0,0.0,0.0,0.0,3841.0,2.0,
2026-05-12,HNRG,0.0023954832638795535,0.002890173410404624,-0.0004946901465250706,0.0022470527429574467,712.0,5.0,"SELL because predicted alpha is in the top decile. Main contributors were mom_5, mom_21, parkinson_vol_20. Liquidity filter passed."
2026-05-12,HNSN,0.0,0.0,0.0,0.0,3842.0,2.0,
2026-05-12,HNST,0.0,0.0,0.0,0.0005669634995604735,1612.0,3.0,
2026-05-12,HNVR,0.0,0.0,0.0,-0.002442125360104121,7169.0,1.0,
2026-05-12,HOFT,0.0,0.0,0.0,0.0018018895140229881,907.0,4.0,
2026-05-12,HOFV,0.0,0.0,0.0,0.0,3843.0,2.0,
2026-05-12,HOGS,0.0,0.0,0.0,0.0,3844.0,2.0,
2026-05-12,HOL,0.0,0.0,0.0,0.0,3845.0,2.0,
2026-05-12,HOLI,0.0,0.0,0.0,0.0,3846.0,2.0,
2026-05-12,HOLO,0.0,0.0,0.0,0.0039772045040945584,183.0,5.0,
2026-05-12,HOLX,0.0,0.0,0.0,0.0,3847.0,2.0,
2026-05-12,HON,0.0,0.0,0.0,9.823984890570836e-05,1898.0,3.0,
2026-05-12,HOND,0.0,0.0,0.0,0.0,3848.0,2.0,
2026-05-12,HONE,0.0,0.0,0.0,0.0,3849.0,2.0,
2026-05-12,HONIV,0.0,0.0,0.0,0.0,3850.0,2.0,
2026-05-12,HOOD,0.00046511627906976747,0.0,0.00046511627906976747,0.0038081254952637817,216.0,5.0,"BUY because predicted alpha is in the top decile. Main contributors were parkinson_vol_20, volume_z_60, log_dollar_vol_20. Liquidity filter passed."
2026-05-12,HOOK,0.0,0.0,0.0,0.0,3851.0,2.0,
2026-05-12,HOPE,0.0,0.0,0.0,0.0002791917949536701,1767.0,3.0,
2026-05-12,HORI,0.0,0.0,0.0,0.0,3852.0,2.0,
2026-05-12,HOTH,0.0,0.0,0.0,-0.002090050335689456,7111.0,1.0,
2026-05-12,HOTR,0.0,0.0,0.0,0.0,3853.0,2.0,
2026-05-12,HOTR.W,0.0,0.0,0.0,0.0,3854.0,2.0,
2026-05-12,HOTT,0.0,0.0,0.0,0.0,3855.0,2.0,
2026-05-12,HOUR,0.0,0.0,0.0,0.002850477465601897,468.0,5.0,
2026-05-12,HOVR,-0.00046511627906976747,0.0,-0.00046511627906976747,-0.0023407837303373816,7153.0,1.0,"SHORT because predicted alpha is in the bottom decile. Main contributors were roa, parkinson_vol_20, volatility_10. Liquidity filter passed."
2026-05-12,HOWL,0.0,0.0,0.0,-0.00034729192352173815,6540.0,2.0,
2026-05-12,HPAC,0.0,0.0,0.0,0.0,3856.0,2.0,
2026-05-12,HPAI,-0.002860599542949321,-0.002890173410404624,2.9573867455303087e-05,-0.005619685534407039,7399.0,1.0,"COVER because predicted alpha is in the bottom decile. Main contributors were parkinson_vol_20, intraday_return, volatility_10. Liquidity filter passed."
2026-05-12,HPCO,0.0,0.0,0.0,0.0,3857.0,2.0,
2026-05-12,HPJ,0.0,0.0,0.0,0.0,3858.0,2.0,
2026-05-12,HPK,-0.00046511627906976747,0.0,-0.00046511627906976747,-0.004701692128437121,7361.0,1.0,"SHORT because predicted alpha is in the bottom decile. Main contributors were intraday_return, mom_1, close_to_high_20. Liquidity filter passed."
2026-05-12,HPLT,0.0,0.0,0.0,0.0,3859.0,2.0,
2026-05-12,HPT,0.0,0.0,0.0,0.0,3860.0,2.0,
2026-05-12,HPTR.P,0.0,0.0,0.0,0.0,3861.0,2.0,
2026-05-12,HPTX,0.0,0.0,0.0,0.0,3862.0,2.0,
2026-05-12,HQ,-0.001930366984809786,-0.002890173410404624,0.0009598064255948381,0.0040773026748083105,167.0,5.0,"COVER because predicted alpha is in the bottom decile. Main contributors were parkinson_vol_20, volatility_63, volatility_10. Liquidity filter passed."
2026-05-12,HQI,0.0,0.0,0.0,0.00018198821319876697,1840.0,3.0,
2026-05-12,HQY,0.0,0.0,0.0,-0.0008842318482887532,6783.0,2.0,
2026-05-12,HRBN,0.0,0.0,0.0,0.0,3863.0,2.0,
2026-05-12,HRMN,0.0,0.0,0.0,0.0,3864.0,2.0,
2026-05-12,HRMN.W,0.0,0.0,0.0,0.0,3865.0,2.0,
2026-05-12,HRMY,0.0,0.0,0.0,0.001357017816478586,1138.0,4.0,
2026-05-12,HROW,0.0,0.0,0.0,-0.0021535981789454835,7121.0,1.0,
2026-05-12,HROWL,0.0,0.0,0.0,0.0,3866.0,2.0,
2026-05-12,HROWM,0.0,0.0,0.0,0.0,3867.0,2.0,
2026-05-12,HRTX,0.0,0.0,0.0,-0.0010554527528860423,6858.0,1.0,
2026-05-12,HRYU,0.0,0.0,0.0,0.0,3868.0,2.0,
2026-05-12,HRZN,0.0,0.0,0.0,0.0002724817760304659,1774.0,3.0,
2026-05-12,HSAC,0.0,0.0,0.0,0.0,3869.0,2.0,
2026-05-12,HSAI,0.0,0.0,0.0,0.002582625725210519,583.0,5.0,
2026-05-12,HSAQ,0.0,0.0,0.0,0.0,3870.0,2.0,
2026-05-12,HSCS,0.0,0.0,0.0,-0.004087693016831783,7311.0,1.0,
2026-05-12,HSDT,0.0,0.0,0.0,0.0022231490227251315,722.0,5.0,
2026-05-12,HSGX,0.0,0.0,0.0,0.0,3871.0,2.0,
2026-05-12,HSIC,0.0,0.0,0.0,-5.469311465755854e-05,6366.0,2.0,
2026-05-12,HSICV,0.0,0.0,0.0,0.0,3872.0,2.0,
2026-05-12,HSII,0.0,0.0,0.0,0.0,3873.0,2.0,
2026-05-12,HSKA,0.0,0.0,0.0,0.0,3874.0,2.0,
2026-05-12,HSNI,0.0,0.0,0.0,0.0,3875.0,2.0,
2026-05-12,HSOL,0.0,0.0,0.0,0.0,3876.0,2.0,
2026-05-12,HSON,0.0,0.0,0.0,0.0,3877.0,2.0,
2026-05-12,HSPO,0.0,0.0,0.0,0.0,3878.0,2.0,
2026-05-12,HSPT,-0.0023954832638795535,-0.002890173410404624,0.0004946901465250706,-0.001241846734304066,6916.0,1.0,"COVER because predicted alpha is in the bottom decile. Main contributors were parkinson_vol_20, volatility_10, volume_mom_20_60. Liquidity filter failed."
2026-05-12,HST,0.0,0.0,0.0,0.001396416335251268,1122.0,4.0,
2026-05-12,HSTM,0.0,0.0,0.0,-0.00053772005900522,6643.0,2.0,
2026-05-12,HSTO,0.0,0.0,0.0,0.0,3879.0,2.0,
2026-05-12,HTBI,0.0,0.0,0.0,0.0,3880.0,2.0,
2026-05-12,HTBK,0.0,0.0,0.0,0.0,3881.0,2.0,
2026-05-12,HTCH,0.0,0.0,0.0,0.0,3882.0,2.0,
2026-05-12,HTCO,-0.002860599542949321,-0.002890173410404624,2.9573867455303087e-05,-0.026781872348749552,7572.0,1.0,"COVER because predicted alpha is in the bottom decile. Main contributors were parkinson_vol_20, volatility_63, volume_z_60. Liquidity filter passed."
2026-05-12,HTCR,0.0,0.0,0.0,0.002715447872778431,522.0,5.0,
2026-05-12,HTFL,0.0,0.0,0.0,0.0014236710682997168,1097.0,4.0,
2026-05-12,HTGM,0.0,0.0,0.0,0.0,3883.0,2.0,
2026-05-12,HTLD,0.0,0.0,0.0,0.0020626472147642076,790.0,4.0,
2026-05-12,HTLF,0.0,0.0,0.0,0.0,3884.0,2.0,
2026-05-12,HTLM,0.0,0.0,0.0,0.0036588189117090454,244.0,5.0,
2026-05-12,HTO,0.0,0.0,0.0,0.0008622191409270947,1427.0,4.0,
2026-05-12,HTOO,0.0,0.0,0.0,-0.0009526861099555188,6816.0,2.0,
2026-05-12,HTWO,0.0,0.0,0.0,0.0,3885.0,2.0,
2026-05-12,HTWR,0.0,0.0,0.0,0.0,3886.0,2.0,
2026-05-12,HTZ,0.00046511627906976747,0.0,0.00046511627906976747,0.003866137617299641,202.0,5.0,"BUY because predicted alpha is in the top decile. Main contributors were hl_range_20, intraday_return, close_to_high_20. Liquidity filter passed."
2026-05-12,HUAK,0.0,0.0,0.0,0.0,3887.0,2.0,
2026-05-12,HUBC,-0.0023954832638795535,-0.002890173410404624,0.0004946901465250706,-0.025021245462740937,7566.0,1.0,"COVER because predicted alpha is in the bottom decile. Main contributors were parkinson_vol_20, volatility_63, mom_5. Liquidity filter failed."
2026-05-12,HUBG,0.0023954832638795535,0.002890173410404624,-0.0004946901465250706,0.0006426196572981192,1561.0,3.0,"SELL because predicted alpha is in the top decile. Main contributors were intraday_return, parkinson_vol_20, mom_1. Liquidity filter passed."
2026-05-12,HUDA,0.0,0.0,0.0,0.0,3888.0,2.0,
2026-05-12,HUDI,0.0,0.0,0.0,0.0027638912574375497,495.0,5.0,
2026-05-12,HUGE,0.0,0.0,0.0,0.0,3889.0,2.0,
2026-05-12,HUHU,0.0,0.0,0.0,0.0004164588796733845,1695.0,3.0,
2026-05-12,HUMA,0.002860599542949321,0.002890173410404624,-2.9573867455303087e-05,0.007068212594477074,8.0,5.0,"SELL because predicted alpha is in the top decile. Main contributors were hl_range_20, intraday_return, gross_margin. Liquidity filter passed."
2026-05-12,HUNT,0.0,0.0,0.0,0.0,3890.0,2.0,
2026-05-12,HURA,0.0,0.0,0.0,0.00010207805916608243,1892.0,3.0,
2026-05-12,HURC,0.0,0.0,0.0,0.0008374906763093125,1435.0,4.0,
2026-05-12,HURN,0.0,0.0,0.0,0.001957015019450739,835.0,4.0,
2026-05-12,HUSN,0.0,0.0,0.0,0.0,3891.0,2.0,
2026-05-12,HUT,0.0023954832638795535,0.002890173410404624,-0.0004946901465250706,0.0032422708321394223,347.0,5.0,"SELL because predicted alpha is in the top decile. Main contributors were mom_252, mom_5, mom_21. Liquidity filter passed."
2026-05-12,HVBC,0.0,0.0,0.0,0.0,3892.0,2.0,
2026-05-12,HVBT,0.0,0.0,0.0,0.0,3893.0,2.0,
2026-05-12,HVII,0.0,0.0,0.0,6.0894912790323934e-05,1909.0,3.0,
2026-05-12,HVMC,0.0,0.0,0.0,0.0,3894.0,2.0,
2026-05-12,HWBK,0.0,0.0,0.0,0.00042023282125780274,1693.0,3.0,
2026-05-12,HWC,0.0,0.0,0.0,-0.002149538766373844,7120.0,1.0,
2026-05-12,HWCC,0.0,0.0,0.0,0.0,3895.0,2.0,
2026-05-12,HWCPL,0.0,0.0,0.0,0.0,3896.0,2.0,
2026-05-12,HWCPZ,0.0,0.0,0.0,0.00017983929480572448,1842.0,3.0,
2026-05-12,HWEL,0.0,0.0,0.0,0.0,3897.0,2.0,
2026-05-12,HWH,0.0,0.0,0.0,0.002902292261500589,456.0,5.0,
2026-05-12,HWKN,0.0,0.0,0.0,0.0023206577004791476,679.0,5.0,
2026-05-12,HXHX,0.0,0.0,0.0,0.00014248879048928522,1864.0,3.0,
2026-05-12,HYFM,0.0,0.0,0.0,0.0010724751682422086,1301.0,4.0,
2026-05-12,HYFT,0.0,0.0,0.0,0.004399599762081933,124.0,5.0,
2026-05-12,HYGS,0.0,0.0,0.0,0.0,3898.0,2.0,
2026-05-12,HYMC,0.00046511627906976747,0.0,0.00046511627906976747,0.004135083867645504,155.0,5.0,"BUY because predicted alpha is in the top decile. Main contributors were mom_252, mom_5, current_ratio. Liquidity filter passed."
2026-05-12,HYNE,0.0,0.0,0.0,0.00012051033218043366,1878.0,3.0,
2026-05-12,HYPD,0.0,0.0,0.0,0.0014778354439964267,1069.0,4.0,
2026-05-12,HYPR,0.0,0.0,0.0,0.0006295139574344159,1571.0,3.0,
2026-05-12,HYRE,0.0,0.0,0.0,0.0,3899.0,2.0,
2026-05-12,HYZN,0.0,0.0,0.0,0.0,3900.0,2.0,
2026-05-12,HZNP,0.0,0.0,0.0,0.0,3901.0,2.0,
2026-05-12,IAC,0.0,0.0,0.0,-0.0005469539867965438,6647.0,2.0,
2026-05-12,IACI,0.0,0.0,0.0,0.0,3902.0,2.0,
2026-05-12,IACO,0.0,0.0,0.0,-0.003672763189509074,7283.0,1.0,
2026-05-12,IACVV,0.0,0.0,0.0,0.0,3903.0,2.0,
2026-05-12,IAIC,0.0,0.0,0.0,0.0,3904.0,2.0,
2026-05-12,IAM,0.0,0.0,0.0,0.0,3905.0,2.0,
2026-05-12,IART,0.0,0.0,0.0,0.00032421594147650975,1751.0,3.0,
2026-05-12,IART.V,0.0,0.0,0.0,0.0,3906.0,2.0,
2026-05-12,IAS,0.0,0.0,0.0,0.0,3907.0,2.0,
2026-05-12,IBAC,0.0,0.0,0.0,-0.0008855161082591606,6784.0,2.0,
2026-05-12,IBCP,0.0,0.0,0.0,3.54784900862135e-05,1922.0,3.0,
2026-05-12,IBEX,0.0,0.0,0.0,0.0019394227234636962,844.0,4.0,
2026-05-12,IBG,0.0,0.0,0.0,-0.0014241745823940812,6969.0,1.0,
2026-05-12,IBIO,0.0,0.0,0.0,0.001507208983281385,1056.0,4.0,
2026-05-12,IBKC,0.0,0.0,0.0,0.0,3908.0,2.0,
2026-05-12,IBKC.O,0.0,0.0,0.0,0.0,3909.0,2.0,
2026-05-12,IBKR,0.0,0.0,0.0,-0.0004672207471876204,6604.0,2.0,
2026-05-12,IBOC,0.0,0.0,0.0,0.00048578771308141906,1654.0,3.0,
2026-05-12,IBRX,0.0,0.0,0.0,0.001084652527968246,1289.0,4.0,
2026-05-12,IBTX,0.0,0.0,0.0,0.0,3910.0,2.0,
2026-05-12,ICAD,0.0,0.0,0.0,0.0,3911.0,2.0,
2026-05-12,ICBK,0.0,0.0,0.0,0.0,3912.0,2.0,
2026-05-12,ICCC,0.0,0.0,0.0,0.0009831521529389245,1362.0,4.0,
2026-05-12,ICCH,0.0,0.0,0.0,0.0,3913.0,2.0,
2026-05-12,ICCM,0.0,0.0,0.0,-0.0013860514926388513,6959.0,1.0,
2026-05-12,ICCT,0.0,0.0,0.0,0.0,3914.0,2.0,
2026-05-12,ICEL,0.0,0.0,0.0,0.0,3915.0,2.0,
2026-05-12,ICFI,0.0,0.0,0.0,-8.648572966897971e-05,6379.0,2.0,
2026-05-12,ICGE,0.0,0.0,0.0,0.0,3916.0,2.0,
2026-05-12,ICHR,0.0,0.0,0.0,0.0033175452770714767,324.0,5.0,
2026-05-12,ICLD,0.0,0.0,0.0,0.0,3917.0,2.0,
2026-05-12,ICLD.W,0.0,0.0,0.0,0.0,3918.0,2.0,
2026-05-12,ICLR,0.0,0.0,0.0,-0.002085759706873863,7110.0,1.0,
2026-05-12,ICMB,0.0,0.0,0.0,0.0009779037615361605,1366.0,4.0,
2026-05-12,ICON,0.0,0.0,0.0,0.003768462944720182,224.0,5.0,
2026-05-12,ICPT,0.0,0.0,0.0,0.0,3919.0,2.0,
2026-05-12,ICU,0.0,0.0,0.0,-0.0028285868540681345,7207.0,1.0,
2026-05-12,ICUI,0.0,0.0,0.0,0.0007759813978119014,1477.0,4.0,
2026-05-12,ICVX,0.0,0.0,0.0,0.0,3920.0,2.0,
2026-05-12,IDAI,0.0,0.0,0.0,-0.0004342302088983826,6584.0,2.0,
2026-05-12,IDCC,0.0,0.0,0.0,-0.000369124338282967,6557.0,2.0,
2026-05-12,IDEX,0.0,0.0,0.0,0.0,3921.0,2.0,
2026-05-12,IDGX,0.0,0.0,0.0,0.0,3922.0,2.0,
2026-05-12,IDIX,0.0,0.0,0.0,0.0,3923.0,2.0,
2026-05-12,IDN,0.0,0.0,0.0,0.001484815892663373,1065.0,4.0,
2026-05-12,IDRA,0.0,0.0,0.0,0.0,3924.0,2.0,
2026-05-12,IDSA,0.0,0.0,0.0,0.0,3925.0,2.0,
2026-05-12,IDSY,0.0,0.0,0.0,0.0,3926.0,2.0,
2026-05-12,IDTI,0.0,0.0,0.0,0.0,3927.0,2.0,
2026-05-12,IDXG,0.0,0.0,0.0,0.0,3928.0,2.0,
2026-05-12,IDXX,0.0,0.0,0.0,-0.0001833551033707666,6438.0,2.0,
2026-05-12,IDYA,0.0,0.0,0.0,0.0024867214003947338,617.0,5.0,
2026-05-12,IEA,0.0,0.0,0.0,0.0,3929.0,2.0,
2026-05-12,IEAG,0.0,0.0,0.0,-0.00214550687134432,7118.0,1.0,
2026-05-12,IEC,0.0,0.0,0.0,0.0,3930.0,2.0,
2026-05-12,IEP,0.0,0.0,0.0,0.0008399488605866253,1434.0,4.0,
2026-05-12,IESC,0.0,0.0,0.0,0.0029178303502033365,448.0,5.0,
2026-05-12,IFAS,0.0,0.0,0.0,0.0,3931.0,2.0,
2026-05-12,IFBD,0.0,0.0,0.0,0.0022292034794322733,716.0,5.0,
2026-05-12,IFMK,0.0,0.0,0.0,0.0,3932.0,2.0,
2026-05-12,IFNA,0.0,0.0,0.0,0.0,3933.0,2.0,
2026-05-12,IFON,0.0,0.0,0.0,0.0,3934.0,2.0,
2026-05-12,IFRX,0.00046511627906976747,0.0,0.00046511627906976747,0.004846674607026757,89.0,5.0,"BUY because predicted alpha is in the top decile. Main contributors were hl_range_20, mom_21, close_to_low_20. Liquidity filter passed."
2026-05-12,IGAC,0.0,0.0,0.0,0.0,3935.0,2.0,
2026-05-12,IGAP,0.0,0.0,0.0,0.0,3936.0,2.0,
2026-05-12,IGIC,0.0,0.0,0.0,-0.00028134047149424093,6497.0,2.0,
2026-05-12,IGMS,0.0,0.0,0.0,0.0,3937.0,2.0,
2026-05-12,IGNY,0.0,0.0,0.0,0.0,3938.0,2.0,
2026-05-12,IGTA,0.0,0.0,0.0,0.0,3939.0,2.0,
2026-05-12,IGTE,0.0,0.0,0.0,0.0,3940.0,2.0,
2026-05-12,IHRT,0.0023954832638795535,0.002890173410404624,-0.0004946901465250706,0.0023015591909305807,685.0,5.0,"SELL because predicted alpha is in the top decile. Main contributors were hl_range_20, intraday_return, mom_252. Liquidity filter passed."
2026-05-12,III,0.0,0.0,0.0,-0.002040730378150709,7102.0,1.0,
2026-05-12,IIII,0.0,0.0,0.0,0.0,3941.0,2.0,
2026-05-12,IIIV,0.0,0.0,0.0,0.00017042515498379412,1847.0,3.0,
2026-05-12,IILG,0.0,0.0,0.0,0.0,3942.0,2.0,
2026-05-12,IILG.V,0.0,0.0,0.0,0.0,3943.0,2.0,
2026-05-12,IIN,0.0,0.0,0.0,0.0,3944.0,2.0,
2026-05-12,IINN,0.0,0.0,0.0,0.0005166022168382202,1638.0,3.0,
2026-05-12,IKAN,0.0,0.0,0.0,0.0,3945.0,2.0,
2026-05-12,IKGH,0.0,0.0,0.0,0.0,3946.0,2.0,
2026-05-12,IKNA,0.0,0.0,0.0,0.0,3947.0,2.0,
2026-05-12,IKNX,0.0,0.0,0.0,0.0,3948.0,2.0,
2026-05-12,IKT,0.00046511627906976747,0.0,0.00046511627906976747,0.004944181811247306,79.0,5.0,"BUY because predicted alpha is in the top decile. Main contributors were parkinson_vol_20, volume_z_60, intraday_return. Liquidity filter passed."
2026-05-12,ILG,0.0,0.0,0.0,0.0,3949.0,2.0,
2026-05-12,ILLM,0.0,0.0,0.0,0.0,3950.0,2.0,
2026-05-12,ILLR,0.0,0.0,0.0,-0.019919075528260465,7549.0,1.0,
2026-05-12,ILLU,0.0,0.0,0.0,0.0,3951.0,2.0,
2026-05-12,ILMN,0.0,0.0,0.0,0.000355561792893188,1730.0,3.0,
2026-05-12,ILMNV,0.0,0.0,0.0,0.0,3952.0,2.0,
2026-05-12,IMA,0.0,0.0,0.0,0.00020474882180141797,1826.0,3.0,
2026-05-12,IMAC,0.0,0.0,0.0,0.0,3953.0,2.0,
2026-05-12,IMAQ,0.0,0.0,0.0,0.0,3954.0,2.0,
2026-05-12,IMBI,0.0,0.0,0.0,0.0,3955.0,2.0,
2026-05-12,IMBIL,0.0,0.0,0.0,0.0,3956.0,2.0,
2026-05-12,IMCC,0.0,0.0,0.0,-0.0033480186037573587,7260.0,1.0,
2026-05-12,IMDX,0.0,0.0,0.0,0.0007077246418189971,1518.0,3.0,
2026-05-12,IMDZ,0.0,0.0,0.0,0.0,3957.0,2.0,
2026-05-12,IMG,0.0,0.0,0.0,0.0,3958.0,2.0,
2026-05-12,IMGN,0.0,0.0,0.0,0.0,3959.0,2.0,
2026-05-12,IMGO,0.0,0.0,0.0,0.0,3960.0,2.0,
2026-05-12,IMI,0.0,0.0,0.0,0.0,3961.0,2.0,
2026-05-12,IMKTA,0.0,0.0,0.0,0.000978910567112743,1365.0,4.0,
2026-05-12,IMMR,0.0,0.0,0.0,0.0029181087444294365,447.0,5.0,
2026-05-12,IMMU,0.0,0.0,0.0,0.0,3962.0,2.0,
2026-05-12,IMMX,0.0,0.0,0.0,-0.001611165115821242,7024.0,1.0,
2026-05-12,IMMY,0.0,0.0,0.0,0.0,3963.0,2.0,
2026-05-12,IMNM,0.0,0.0,0.0,0.001530071693345309,1044.0,4.0,
2026-05-12,IMNN,0.0,0.0,0.0,-0.0012180370380070113,6908.0,1.0,
2026-05-12,IMNP,0.0,0.0,0.0,0.0,3964.0,2.0,
2026-05-12,IMPL,0.0,0.0,0.0,0.0,3965.0,2.0,
2026-05-12,IMPP,0.0,0.0,0.0,0.00047771573380432685,1658.0,3.0,
2026-05-12,IMPPP,0.0,0.0,0.0,-0.0009603203944937972,6819.0,2.0,
2026-05-12,IMPPV,0.0,0.0,0.0,0.0,3966.0,2.0,
2026-05-12,IMPV,0.0,0.0,0.0,0.0,3967.0,2.0,
2026-05-12,IMRS,0.0,0.0,0.0,0.0,3968.0,2.0,
2026-05-12,IMRX,0.0,0.0,0.0,0.0025206844945830646,602.0,5.0,
2026-05-12,IMSR,0.0,0.0,0.0,0.0027918840380470335,487.0,5.0,
2026-05-12,IMTE,0.0,0.0,0.0,0.0017637873908816811,927.0,4.0,
2026-05-12,IMTX,0.0,0.0,0.0,0.002168571714645765,756.0,5.0,
2026-05-12,IMUX,-0.002860599542949321,-0.002890173410404624,2.9573867455303087e-05,-0.006938181510518158,7453.0,1.0,"COVER because predicted alpha is in the bottom decile. Main contributors were roa, operating_margin, close_to_high_20. Liquidity filter passed."
2026-05-12,IMV,0.0,0.0,0.0,0.0,3969.0,2.0,
2026-05-12,IMVT,0.0,0.0,0.0,0.0022952425565641596,689.0,5.0,
2026-05-12,IMXI,0.0,0.0,0.0,-0.0010075317728480164,6839.0,1.0,
2026-05-12,INAB,0.0,0.0,0.0,0.0007682743323094202,1481.0,4.0,
2026-05-12,INAC,0.0,0.0,0.0,-0.0004207554706093346,6578.0,2.0,
2026-05-12,INAP,0.0,0.0,0.0,0.0,3970.0,2.0,
2026-05-12,INAQ,0.0,0.0,0.0,0.0,3971.0,2.0,
2026-05-12,INBK,0.0,0.0,0.0,-0.001099643391880496,6868.0,1.0,
2026-05-12,INBK.L,0.0,0.0,0.0,0.0,3972.0,2.0,
2026-05-12,INBKL,0.0,0.0,0.0,0.0,3973.0,2.0,
2026-05-12,INBKZ,0.0,0.0,0.0,-9.908509656872099e-06,6346.0,2.0,
2026-05-12,INBS,-0.0023954832638795535,-0.002890173410404624,0.0004946901465250706,-0.001243187629922532,6917.0,1.0,"COVER because predicted alpha is in the bottom decile. Main contributors were parkinson_vol_20, volatility_10, mom_10. Liquidity filter failed."
2026-05-12,INBX,0.0,0.0,0.0,0.0016488033089196716,984.0,4.0,
2026-05-12,INBXV,0.0,0.0,0.0,0.0,3974.0,2.0,
2026-05-12,INCR,0.0,0.0,0.0,0.0032019438562355404,354.0,5.0,
2026-05-12,INCY,0.0,0.0,0.0,0.0012737502466156996,1180.0,4.0,
2026-05-12,INDB,0.0,0.0,0.0,-0.0008915284451747853,6789.0,2.0,
2026-05-12,INDI,0.00046511627906976747,0.0,0.00046511627906976747,0.0038484588321534203,208.0,5.0,"BUY because predicted alpha is in the top decile. Main contributors were mom_21, hl_range_20, close_to_low_20. Liquidity filter passed."
2026-05-12,INDP,0.0,0.0,0.0,-0.001768662517237533,7052.0,1.0,
2026-05-12,INDT,0.0,0.0,0.0,0.0,3975.0,2.0,
2026-05-12,INDU,0.0,0.0,0.0,0.0,3976.0,2.0,
2026-05-12,INDV,0.002860599542949321,0.002890173410404624,-2.9573867455303087e-05,0.0033948267466719904,305.0,5.0,"SELL because predicted alpha is in the top decile. Main contributors were parkinson_vol_20, mom_252, volatility_63. Liquidity filter passed."
2026-05-12,INEO,0.0,0.0,0.0,0.002749489210419942,499.0,5.0,
2026-05-12,INFI,0.0,0.0,0.0,0.0,3977.0,2.0,
2026-05-12,INFN,0.0,0.0,0.0,0.0,3978.0,2.0,
2026-05-12,INGN,0.0,0.0,0.0,0.001036897438155037,1329.0,4.0,
2026-05-12,INHD,0.0,0.0,0.0,-0.006026807069025364,7415.0,1.0,
2026-05-12,INHX,0.0,0.0,0.0,0.0,3979.0,2.0,
2026-05-12,ININ,0.0,0.0,0.0,0.0,3980.0,2.0,
2026-05-12,INKA,0.0,0.0,0.0,0.0,3981.0,2.0,
2026-05-12,INKT,0.0,0.0,0.0,-0.00026405486848228197,6487.0,2.0,
2026-05-12,INLF,0.0,0.0,0.0,-0.004021800811893135,7305.0,1.0,
2026-05-12,INM,0.0,0.0,0.0,0.000159706921519963,1854.0,3.0,
2026-05-12,INMB,0.0,0.0,0.0,-0.003345297753740146,7259.0,1.0,
2026-05-12,INMD,0.0,0.0,0.0,-0.0011864133473111407,6895.0,1.0,
2026-05-12,INNT,0.0,0.0,0.0,0.0,3982.0,2.0,
2026-05-12,INNV,0.0,0.0,0.0,0.00027446604296725596,1772.0,3.0,
2026-05-12,INO,0.0,0.0,0.0,-0.0008121139934014625,6755.0,2.0,
2026-05-12,INOD,-0.001930366984809786,-0.002890173410404624,0.0009598064255948381,0.007652298668922083,4.0,5.0,"COVER because predicted alpha is in the bottom decile. Main contributors were volatility_10, mom_10, parkinson_vol_20. Liquidity filter passed."
2026-05-12,INPH,0.0,0.0,0.0,0.0,3983.0,2.0,
2026-05-12,INPX,0.0,0.0,0.0,0.0,3984.0,2.0,
2026-05-12,INPXV,0.0,0.0,0.0,0.0,3985.0,2.0,
2026-05-12,INSE,0.0,0.0,0.0,0.00558372235532888,42.0,5.0,
2026-05-12,INSG,0.0,0.0,0.0,0.0014764472445229092,1071.0,4.0,
2026-05-12,INSM,-0.002860599542949321,-0.002890173410404624,2.9573867455303087e-05,-0.009092112133952324,7499.0,1.0,"COVER because predicted alpha is in the bottom decile. Main contributors were volume_z_60, intraday_return, mom_5. Liquidity filter passed."
2026-05-12,INSU,0.0,0.0,0.0,0.0,3986.0,2.0,
2026-05-12,INSY,0.0,0.0,0.0,0.0,3987.0,2.0,
2026-05-12,INTA,0.0,0.0,0.0,0.0022165495647515103,726.0,5.0,
2026-05-12,INTC,0.002860599542949321,0.002890173410404624,-2.9573867455303087e-05,0.006177012237245617,22.0,5.0,"SELL because predicted alpha is in the top decile. Main contributors were mom_21, mom_252, close_to_low_20. Liquidity filter passed."
2026-05-12,INTE,0.0,0.0,0.0,0.0,3988.0,2.0,
2026-05-12,INTG,-0.00046511627906976747,0.0,-0.00046511627906976747,-0.005164569488591161,7380.0,1.0,"SHORT because predicted alpha is in the bottom decile. Main contributors were volume_z_60, intraday_return, mom_1. Liquidity filter passed."
2026-05-12,INTJ,0.0,0.0,0.0,0.0,3989.0,2.0,
2026-05-12,INTL.L,0.0,0.0,0.0,0.0,3990.0,2.0,
2026-05-12,INTR,-0.002860599542949321,-0.002890173410404624,2.9573867455303087e-05,-0.0060582993408809125,7416.0,1.0,"COVER because predicted alpha is in the bottom decile. Main contributors were volume_z_60, mom_5, intraday_return. Liquidity filter passed."
2026-05-12,INTS,0.0,0.0,0.0,-0.002702350723939451,7192.0,1.0,
2026-05-12,INTU,0.0,0.0,0.0,0.0031853264887789796,359.0,5.0,
2026-05-12,INTX,0.0,0.0,0.0,0.0,3991.0,2.0,
2026-05-12,INTZ,0.0,0.0,0.0,0.001878331910758208,869.0,4.0,
2026-05-12,INV,0.0,0.0,0.0,0.0012320137478687798,1202.0,4.0,
2026-05-12,INVA,0.0,0.0,0.0,0.0012973032746661569,1169.0,4.0,
2026-05-12,INVE,0.0,0.0,0.0,0.002742850327011927,505.0,5.0,
2026-05-12,INVO,0.0,0.0,0.0,0.0,3992.0,2.0,
2026-05-12,INVT,0.0,0.0,0.0,0.0,3993.0,2.0,
2026-05-12,INVZ,0.0,0.0,0.0,0.0032146438328090506,349.0,5.0,
2026-05-12,INWK,0.0,0.0,0.0,0.0,3994.0,2.0,
2026-05-12,INXB,0.0,0.0,0.0,0.0,3995.0,2.0,
2026-05-12,INXBV,0.0,0.0,0.0,0.0,3996.0,2.0,
2026-05-12,INZY,0.0,0.0,0.0,0.0,3997.0,2.0,
2026-05-12,IOAC,0.0,0.0,0.0,0.0,3998.0,2.0,
2026-05-12,IOBT,0.0,0.0,0.0,0.0,3999.0,2.0,
2026-05-12,IONM,0.0,0.0,0.0,0.0,4000.0,2.0,
2026-05-12,IONS,0.0,0.0,0.0,0.0012538157984126278,1192.0,4.0,
2026-05-12,IOSP,0.0,0.0,0.0,0.0015867983094933287,1015.0,4.0,
2026-05-12,IOTR,0.0,0.0,0.0,0.004250370143143955,146.0,5.0,
2026-05-12,IOTS,0.0,0.0,0.0,0.0,4001.0,2.0,
2026-05-12,IOVA,0.0,0.0,0.0,-0.00010186571049782263,6388.0,2.0,
2026-05-12,IPA,0.0,0.0,0.0,0.0,4002.0,2.0,
2026-05-12,IPAR,0.0,0.0,0.0,-0.0010591934696835396,6859.0,1.0,
2026-05-12,IPAS,0.0,0.0,0.0,0.0,4003.0,2.0,
2026-05-12,IPAX,0.0,0.0,0.0,0.0,4004.0,2.0,
2026-05-12,IPCC,0.0,0.0,0.0,0.0,4005.0,2.0,
2026-05-12,IPCI,0.0,0.0,0.0,0.0,4006.0,2.0,
2026-05-12,IPCM,0.0,0.0,0.0,0.0,4007.0,2.0,
2026-05-12,IPCX,-0.00046511627906976747,0.0,-0.00046511627906976747,-0.0039018903428036543,7300.0,1.0,"SHORT because predicted alpha is in the bottom decile. Main contributors were hl_range_20, volume_z_60, close_to_high_20. Liquidity filter passed."
2026-05-12,IPDN,0.0,0.0,0.0,0.0023691163248555497,662.0,5.0,
2026-05-12,IPEX,0.0,0.0,0.0,-0.0014680961327288556,6985.0,1.0,
2026-05-12,IPGP,0.0,0.0,0.0,0.0018155736185032753,900.0,4.0,
2026-05-12,IPHI,0.0,0.0,0.0,0.0,4008.0,2.0,
2026-05-12,IPHS,0.0,0.0,0.0,0.0,4009.0,2.0,
2026-05-12,IPIC,0.0,0.0,0.0,0.0,4010.0,2.0,
2026-05-12,IPM,0.0,0.0,0.0,0.0013227243114526293,1157.0,4.0,
2026-05-12,IPOD,0.0,0.0,0.0,0.0,4011.0,2.0,
2026-05-12,IPSC,0.002860599542949321,0.002890173410404624,-2.9573867455303087e-05,0.0041071364316594885,162.0,5.0,"SELL because predicted alpha is in the top decile. Main contributors were mom_252, volume_z_60, parkinson_vol_20. Liquidity filter passed."
2026-05-12,IPST,0.0,0.0,0.0,-0.006439151597822712,7432.0,1.0,
2026-05-12,IPVI,0.0,0.0,0.0,0.0,4012.0,2.0,
2026-05-12,IPW,0.0,0.0,0.0,0.001315247908214161,1161.0,4.0,
2026-05-12,IPWR,-0.0023954832638795535,-0.002890173410404624,0.0004946901465250706,-0.000855455717908418,6770.0,2.0,"COVER because predicted alpha is in the bottom decile. Main contributors were parkinson_vol_20, roa, volatility_10. Liquidity filter passed."
2026-05-12,IPXL,0.0,0.0,0.0,0.0,4013.0,2.0,
2026-05-12,IPXX,0.0,0.0,0.0,0.0,4014.0,2.0,
2026-05-12,IQMD,0.0,0.0,0.0,0.0,4015.0,2.0,
2026-05-12,IQNT,0.0,0.0,0.0,0.0,4016.0,2.0,
2026-05-12,IQST,0.0,0.0,0.0,-0.0014644217573441098,6983.0,1.0,
2026-05-12,IRAA,0.0,0.0,0.0,0.0,4017.0,2.0,
2026-05-12,IRBT,0.0,0.0,0.0,0.0,4018.0,2.0,
2026-05-12,IRD,0.0,0.0,0.0,-0.0012443288568891762,6918.0,1.0,
2026-05-12,IRDM,0.0,0.0,0.0,0.0016831851236679884,959.0,4.0,
2026-05-12,IRDM.Z,0.0,0.0,0.0,0.0,4019.0,2.0,
2026-05-12,IREN,0.0,0.0,0.0,0.0005845239438593956,1602.0,3.0,
2026-05-12,IRG,0.0,0.0,0.0,0.0,4020.0,2.0,
2026-05-12,IRHO,-0.002860599542949321,-0.002890173410404624,2.9573867455303087e-05,-0.0025637211204275418,7178.0,1.0,"COVER because predicted alpha is in the bottom decile. Main contributors were hl_range_20, close_to_high_20, volume_z_60. Liquidity filter passed."
2026-05-12,IRIX,0.0,0.0,0.0,-0.0002547181157109816,6482.0,2.0,
2026-05-12,IRMD,0.0,0.0,0.0,-0.000267842922698205,6491.0,2.0,
2026-05-12,IROH,0.0,0.0,0.0,0.0,4021.0,2.0,
2026-05-12,IRON,0.0,0.0,0.0,0.0013991735399201993,1119.0,4.0,
2026-05-12,IROQ,0.0,0.0,0.0,0.0,4022.0,2.0,
2026-05-12,IRTC,0.0,0.0,0.0,0.0010748136487090426,1298.0,4.0,
2026-05-12,IRWD,0.002860599542949321,0.002890173410404624,-2.9573867455303087e-05,0.003516230408089792,277.0,5.0,"SELL because predicted alpha is in the top decile. Main contributors were mom_252, volume_z_60, parkinson_vol_20. Liquidity filter passed."
2026-05-12,IRWDV,0.0,0.0,0.0,0.0,4023.0,2.0,
2026-05-12,ISAA,0.0,0.0,0.0,0.0,4024.0,2.0,
2026-05-12,ISBA,0.0,0.0,0.0,-9.652635063474866e-05,6385.0,2.0,
2026-05-12,ISBC,0.0,0.0,0.0,0.0,4025.0,2.0,
2026-05-12,ISCA,0.0,0.0,0.0,0.0,4026.0,2.0,
2026-05-12,ISEE,0.0,0.0,0.0,0.0,4027.0,2.0,
2026-05-12,ISIG,0.0,0.0,0.0,0.0,4028.0,2.0,
2026-05-12,ISIL,0.0,0.0,0.0,0.0,4029.0,2.0,
2026-05-12,ISIS,0.0,0.0,0.0,0.0,4030.0,2.0,
2026-05-12,ISLE,0.0,0.0,0.0,0.0,4031.0,2.0,
2026-05-12,ISLN,0.0,0.0,0.0,0.0,4032.0,2.0,
2026-05-12,ISNS,0.0,0.0,0.0,0.0,4033.0,2.0,
2026-05-12,ISO,0.0,0.0,0.0,0.0,4034.0,2.0,
2026-05-12,ISPC,-0.0023954832638795535,-0.002890173410404624,0.0004946901465250706,-0.003533963483257012,7274.0,1.0,"COVER because predicted alpha is in the bottom decile. Main contributors were parkinson_vol_20, mom_5, volatility_63. Liquidity filter failed."
2026-05-12,ISPH,0.0,0.0,0.0,0.0,4035.0,2.0,
2026-05-12,ISPO,0.0,0.0,0.0,0.0,4036.0,2.0,
2026-05-12,ISPR,0.0,0.0,0.0,-0.0004761353215557176,6609.0,2.0,
2026-05-12,ISRG,0.0,0.0,0.0,-0.001336149462085992,6948.0,1.0,
2026-05-12,ISRL,0.0,0.0,0.0,0.0,4037.0,2.0,
2026-05-12,ISSC,0.0023954832638795535,0.002890173410404624,-0.0004946901465250706,0.0031320360450485794,372.0,5.0,"SELL because predicted alpha is in the top decile. Main contributors were parkinson_vol_20, volume_z_60, mom_252. Liquidity filter passed."
2026-05-12,ISSI,0.0,0.0,0.0,0.0,4038.0,2.0,
2026-05-12,ISTR,0.0,0.0,0.0,0.0008180926888847406,1445.0,4.0,
2026-05-12,ISUN,0.0,0.0,0.0,0.0,4039.0,2.0,
2026-05-12,ITAC,0.0,0.0,0.0,0.0,4040.0,2.0,
2026-05-12,ITAQ,0.0,0.0,0.0,0.0,4041.0,2.0,
2026-05-12,ITCI,0.0,0.0,0.0,0.0,4042.0,2.0,
2026-05-12,ITEK,0.0,0.0,0.0,0.0,4043.0,2.0,
2026-05-12,ITHA,0.0,0.0,0.0,-0.0009299547712139002,6804.0,2.0,
2026-05-12,ITHX,0.0,0.0,0.0,0.0,4044.0,2.0,
2026-05-12,ITI,0.0,0.0,0.0,0.0,4045.0,2.0,
2026-05-12,ITIC,0.0,0.0,0.0,-0.002286022051071833,7141.0,1.0,
2026-05-12,ITMN,0.0,0.0,0.0,0.0,4046.0,2.0,
2026-05-12,ITOC,0.0,0.0,0.0,0.0038074099215958663,217.0,5.0,
2026-05-12,ITOS,0.0,0.0,0.0,0.0,4047.0,2.0,
2026-05-12,ITQ,0.0,0.0,0.0,0.0,4048.0,2.0,
2026-05-12,ITRI,0.0,0.0,0.0,0.002437189633736714,633.0,5.0,
2026-05-12,ITRM,0.0,0.0,0.0,0.0,4049.0,2.0,
2026-05-12,ITRN,0.0,0.0,0.0,-0.0018712555861787796,7071.0,1.0,
2026-05-12,ITUS,0.0,0.0,0.0,0.0,4050.0,2.0,
2026-05-12,IVAC,0.0,0.0,0.0,0.0,4051.0,2.0,
2026-05-12,IVCA,0.0,0.0,0.0,0.0,4052.0,2.0,
2026-05-12,IVCB,0.0,0.0,0.0,0.0,4053.0,2.0,
2026-05-12,IVCP,0.0,0.0,0.0,0.0,4054.0,2.0,
2026-05-12,IVDA,0.0,0.0,0.0,0.0019355846818894398,846.0,4.0,
2026-05-12,IVENC,0.0,0.0,0.0,0.0,4055.0,2.0,
2026-05-12,IVF,0.0,0.0,0.0,0.0016386796590857247,988.0,4.0,
2026-05-12,IVFGC,0.0,0.0,0.0,0.0,4056.0,2.0,
2026-05-12,IVFVC,0.0,0.0,0.0,0.0,4057.0,2.0,
2026-05-12,IVP,0.0,0.0,0.0,0.0,4058.0,2.0,
2026-05-12,IVTY,0.0,0.0,0.0,0.0,4059.0,2.0,
2026-05-12,IVVD,0.0,0.0,0.0,0.002617430488702818,567.0,5.0,
2026-05-12,IXAQ,0.0,0.0,0.0,0.0,4060.0,2.0,
2026-05-12,IXYS,0.0,0.0,0.0,0.0,4061.0,2.0,
2026-05-12,IZEA,0.0,0.0,0.0,0.0016109651721724354,1003.0,4.0,
2026-05-12,IZM,-0.00046511627906976747,0.0,-0.00046511627906976747,-0.004234064023608821,7324.0,1.0,"SHORT because predicted alpha is in the bottom decile. Main contributors were intraday_return, volatility_63, parkinson_vol_20. Liquidity filter passed."
2026-05-12,IZTC,0.0,0.0,0.0,0.0,4062.0,2.0,
2026-05-12,JAAC,0.0,0.0,0.0,0.0,4063.0,2.0,
2026-05-12,JACK,0.0023954832638795535,0.002890173410404624,-0.0004946901465250706,0.0018734412254594393,871.0,4.0,"SELL because predicted alpha is in the top decile. Main contributors were parkinson_vol_20, mom_5, mom_21. Liquidity filter passed."
2026-05-12,JACQ,0.0,0.0,0.0,0.0,4064.0,2.0,
2026-05-12,JACQ.U,0.0,0.0,0.0,0.0,4065.0,2.0,
2026-05-12,JACQ.W,0.0,0.0,0.0,0.0,4066.0,2.0,
2026-05-12,JAGX,0.0,0.0,0.0,-0.010575354333113714,7514.0,1.0,
2026-05-12,JAKK,0.0,0.0,0.0,0.0025449179431000966,596.0,5.0,
2026-05-12,JAMF,0.0,0.0,0.0,0.0,4067.0,2.0,
2026-05-12,JANX,0.0,0.0,0.0,0.0018415873072947784,887.0,4.0,
2026-05-12,JAQC,0.0,0.0,0.0,0.0,4068.0,2.0,
2026-05-12,JASN,0.0,0.0,0.0,0.0,4069.0,2.0,
2026-05-12,JASN.W,0.0,0.0,0.0,0.0,4070.0,2.0,
2026-05-12,JATT,0.0,0.0,0.0,0.0,4071.0,2.0,
2026-05-12,JAXB,0.0,0.0,0.0,0.0,4072.0,2.0,
2026-05-12,JAZZ,0.0,0.0,0.0,0.0010950894163380693,1287.0,4.0,
2026-05-12,JBDI,0.0,0.0,0.0,0.002996839067820636,420.0,5.0,
2026-05-12,JBHT,0.0,0.0,0.0,0.00045771922071904535,1677.0,3.0,
2026-05-12,JBIO,0.0023954832638795535,0.002890173410404624,-0.0004946901465250706,0.0030954682788159175,385.0,5.0,"SELL because predicted alpha is in the top decile. Main contributors were hl_range_20, mom_21, mom_252. Liquidity filter passed."
2026-05-12,JBLU,0.00046511627906976747,0.0,0.00046511627906976747,0.00424258350676943,148.0,5.0,"BUY because predicted alpha is in the top decile. Main contributors were parkinson_vol_20, intraday_return, log_dollar_vol_20. Liquidity filter passed."
2026-05-12,JBSS,0.0,0.0,0.0,-0.0015211732538826983,6999.0,1.0,
2026-05-12,JCAP,0.0,0.0,0.0,0.001665356314438168,973.0,4.0,
2026-05-12,JCIC,0.0,0.0,0.0,0.0,4073.0,2.0,
2026-05-12,JCS,0.0,0.0,0.0,0.0,4074.0,2.0,
2026-05-12,JCSE,0.0,0.0,0.0,0.003606275248108538,255.0,5.0,
2026-05-12,JCTC,0.0,0.0,0.0,-0.00036008762998357164,6550.0,2.0,
2026-05-12,JCTCF,0.0,0.0,0.0,0.0,4075.0,2.0,
2026-05-12,JDAS,0.0,0.0,0.0,0.0,4076.0,2.0,
2026-05-12,JDSU,0.0,0.0,0.0,0.0,4077.0,2.0,
2026-05-12,JDZG,-0.00046511627906976747,0.0,-0.00046511627906976747,-0.004402437428112615,7337.0,1.0,"SHORT because predicted alpha is in the bottom decile. Main contributors were volatility_63, parkinson_vol_20, mom_10. Liquidity filter passed."
2026-05-12,JEM,0.0,0.0,0.0,-0.002422224389795987,7166.0,1.0,
2026-05-12,JEWL,0.0,0.0,0.0,0.0,4078.0,2.0,
2026-05-12,JFB,0.0,0.0,0.0,0.001944128052085307,841.0,4.0,
2026-05-12,JFBI,0.0,0.0,0.0,0.0,4079.0,2.0,
2026-05-12,JFBR,0.0,0.0,0.0,0.0,4080.0,2.0,
2026-05-12,JFK,0.0,0.0,0.0,0.0,4081.0,2.0,
2026-05-12,JGBB,0.0,0.0,0.0,0.0,4082.0,2.0,
2026-05-12,JGGC,0.0,0.0,0.0,0.0,4083.0,2.0,
2026-05-12,JJSF,0.0,0.0,0.0,-0.00010783569555206983,6392.0,2.0,
2026-05-12,JKHY,0.0,0.0,0.0,-0.00029225143940585024,6504.0,2.0,
2026-05-12,JL,0.0,0.0,0.0,-0.00046669637044915806,6603.0,2.0,
2026-05-12,JLHL,0.0,0.0,0.0,-0.02065711353549093,7550.0,1.0,
2026-05-12,JMAC,0.0,0.0,0.0,0.0,4084.0,2.0,
2026-05-12,JMBA,0.0,0.0,0.0,0.0,4085.0,2.0,
2026-05-12,JMPNL,0.0,0.0,0.0,0.0,4086.0,2.0,
2026-05-12,JMPNZ,0.0,0.0,0.0,0.0,4087.0,2.0,
2026-05-12,JMSB,0.0,0.0,0.0,0.00036588034651932464,1726.0,3.0,
2026-05-12,JNCE,0.0,0.0,0.0,0.0,4088.0,2.0,
2026-05-12,JNP,0.0,0.0,0.0,0.0,4089.0,2.0,
2026-05-12,JNVR,0.0,0.0,0.0,0.0,4090.0,2.0,
2026-05-12,JOAN,0.0,0.0,0.0,0.0,4091.0,2.0,
2026-05-12,JOEZ,0.0,0.0,0.0,0.0,4092.0,2.0,
2026-05-12,JOFF,0.0,0.0,0.0,0.0,4093.0,2.0,
2026-05-12,JOSB,0.0,0.0,0.0,0.0,4094.0,2.0,
2026-05-12,JOUT,0.0,0.0,0.0,0.0001456639100492917,1862.0,3.0,
2026-05-12,JOYG,0.0,0.0,0.0,0.0,4095.0,2.0,
2026-05-12,JRCC,0.0,0.0,0.0,0.0,4096.0,2.0,
2026-05-12,JRSH,0.0,0.0,0.0,0.0011494738419165216,1243.0,4.0,
2026-05-12,JRVR,-0.002860599542949321,-0.002890173410404624,2.9573867455303087e-05,-0.00454703023912788,7347.0,1.0,"COVER because predicted alpha is in the bottom decile. Main contributors were volume_z_60, intraday_return, mom_21. Liquidity filter passed."
2026-05-12,JSM,0.0,0.0,0.0,-0.0006156356512355614,6676.0,2.0,
2026-05-12,JSPR,0.0,0.0,0.0,-0.0009512948206798258,6814.0,2.0,
2026-05-12,JST,0.0,0.0,0.0,0.0,4097.0,2.0,
2026-05-12,JSYN,0.0,0.0,0.0,0.0,4098.0,2.0,
2026-05-12,JSYN.R,0.0,0.0,0.0,0.0,4099.0,2.0,
2026-05-12,JSYN.U,0.0,0.0,0.0,0.0,4100.0,2.0,
2026-05-12,JTAI,0.0,0.0,0.0,0.0004389035773569397,1686.0,3.0,
2026-05-12,JTPY,0.0,0.0,0.0,0.0,4101.0,2.0,
2026-05-12,JUGG,0.0,0.0,0.0,0.0,4102.0,2.0,
2026-05-12,JUNE,0.0,0.0,0.0,0.0,4103.0,2.0,
2026-05-12,JUNO,0.0,0.0,0.0,0.0,4104.0,2.0,
2026-05-12,JUNS,0.0,0.0,0.0,-0.0006006682960333844,6667.0,2.0,
2026-05-12,JUPW,0.0,0.0,0.0,0.0,4105.0,2.0,
2026-05-12,JVA,0.0,0.0,0.0,0.0008758281529611861,1419.0,4.0,
2026-05-12,JVSA,0.0,0.0,0.0,0.0,4106.0,2.0,
2026-05-12,JWAC,0.0,0.0,0.0,0.0,4107.0,2.0,
2026-05-12,JWEL,0.0,0.0,0.0,0.002673464303069779,540.0,5.0,
2026-05-12,JXG,0.0,0.0,0.0,-0.0005480356329231931,6648.0,2.0,
2026-05-12,JXJT,0.0,0.0,0.0,0.0,4108.0,2.0,
2026-05-12,JXSB,0.0,0.0,0.0,0.0,4109.0,2.0,
2026-05-12,JYAC,0.0,0.0,0.0,0.0,4110.0,2.0,
2026-05-12,JYD,0.0,0.0,0.0,0.00600250307039335,24.0,5.0,
2026-05-12,JYNT,-0.00046511627906976747,0.0,-0.00046511627906976747,-0.0034360758465989652,7266.0,1.0,"SHORT because predicted alpha is in the bottom decile. Main contributors were volume_z_60, hl_range_20, close_to_high_20. Liquidity filter passed."
2026-05-12,JZXN,-0.001930366984809786,-0.002890173410404624,0.0009598064255948381,0.004269601665324621,141.0,5.0,"COVER because predicted alpha is in the bottom decile. Main contributors were volatility_63, parkinson_vol_20, volatility_10. Liquidity filter passed."
2026-05-12,KA,0.0,0.0,0.0,0.0,4111.0,2.0,
2026-05-12,KAAC,0.0,0.0,0.0,0.0,4112.0,2.0,
2026-05-12,KACL,0.0,0.0,0.0,0.0,4113.0,2.0,
2026-05-12,KAII,0.0,0.0,0.0,0.0,4114.0,2.0,
2026-05-12,KAIR,0.0,0.0,0.0,0.0,4115.0,2.0,
2026-05-12,KAL,0.0,0.0,0.0,0.0,4116.0,2.0,
2026-05-12,KALA,0.0,0.0,0.0,-0.01058730200680838,7515.0,1.0,
2026-05-12,KALU,0.0023954832638795535,0.002890173410404624,-0.0004946901465250706,0.003202813711622611,353.0,5.0,"SELL because predicted alpha is in the top decile. Main contributors were parkinson_vol_20, mom_21, mom_252. Liquidity filter passed."
2026-05-12,KALV,-0.002860599542949321,-0.002890173410404624,2.9573867455303087e-05,-0.004008481669457578,7304.0,1.0,"COVER because predicted alpha is in the bottom decile. Main contributors were hl_range_20, operating_margin, close_to_high_20. Liquidity filter passed."
2026-05-12,KARO,0.0,0.0,0.0,-0.0009731787834755287,6824.0,1.0,
2026-05-12,KAVL,0.0,0.0,0.0,0.0,4117.0,2.0,
2026-05-12,KBAL,0.0,0.0,0.0,0.0,4118.0,2.0,
2026-05-12,KBAL.B,0.0,0.0,0.0,0.0,4119.0,2.0,
2026-05-12,KBAL.V,0.0,0.0,0.0,0.0,4120.0,2.0,
2026-05-12,KBIO,0.0,0.0,0.0,0.0,4121.0,2.0,
2026-05-12,KBLM,0.0,0.0,0.0,0.0,4122.0,2.0,
2026-05-12,KBNT,0.0,0.0,0.0,0.0,4123.0,2.0,
2026-05-12,KBON,0.0,0.0,0.0,-0.0005618782844895908,6652.0,2.0,
2026-05-12,KBSF,0.0,0.0,0.0,0.0,4124.0,2.0,
2026-05-12,KBSX,0.0,0.0,0.0,0.0015757037097007716,1022.0,4.0,
2026-05-12,KCAP,0.0,0.0,0.0,0.0,4125.0,2.0,
2026-05-12,KCAPL,0.0,0.0,0.0,0.0,4126.0,2.0,
2026-05-12,KCHV,0.0,0.0,0.0,-0.000864198454326448,6774.0,2.0,
2026-05-12,KCLI,0.0,0.0,0.0,0.0,4127.0,2.0,
2026-05-12,KDK,0.0,0.0,0.0,-0.001806313622166909,7059.0,1.0,
2026-05-12,KDLY,0.0,0.0,0.0,0.0,4128.0,2.0,
2026-05-12,KDMN,0.0,0.0,0.0,0.0,4129.0,2.0,
2026-05-12,KDNY,0.0,0.0,0.0,0.0,4130.0,2.0,
2026-05-12,KDP,0.0,0.0,0.0,0.0007219715558808422,1511.0,4.0,
2026-05-12,KE,0.0,0.0,0.0,0.0005017700693608981,1648.0,3.0,
2026-05-12,KEEL,0.00046511627906976747,0.0,0.00046511627906976747,0.005158279983056427,65.0,5.0,"BUY because predicted alpha is in the top decile. Main contributors were mom_21, hl_range_20, mom_5. Liquidity filter passed."
2026-05-12,KELYA,0.0,0.0,0.0,-0.0010877521970285664,6866.0,1.0,
2026-05-12,KELYB,0.0,0.0,0.0,-0.00048053769669345934,6612.0,2.0,
2026-05-12,KEQU,0.0,0.0,0.0,0.0013060143221062489,1166.0,4.0,
2026-05-12,KERN,0.0,0.0,0.0,0.0,4131.0,2.0,
2026-05-12,KERX,0.0,0.0,0.0,0.0,4132.0,2.0,
2026-05-12,KEYW,0.0,0.0,0.0,0.0,4133.0,2.0,
2026-05-12,KFFB,0.0,0.0,0.0,0.0029290741058239566,444.0,5.0,
2026-05-12,KFII,0.0,0.0,0.0,-1.2596173211039396e-05,6347.0,2.0,
2026-05-12,KFT,0.0,0.0,0.0,0.0,4134.0,2.0,
2026-05-12,KFX,0.0,0.0,0.0,0.0,4135.0,2.0,
2026-05-12,KG,0.0,0.0,0.0,0.004095613133672536,164.0,5.0,
2026-05-12,KGEI,0.0,0.0,0.0,0.00021236815387278615,1819.0,3.0,
2026-05-12,KGJI,0.0,0.0,0.0,0.0,4136.0,2.0,
2026-05-12,KHC,0.0,0.0,0.0,0.0006110436288614075,1580.0,3.0,
2026-05-12,KIDS,0.0,0.0,0.0,-0.0011530464379079428,6882.0,1.0,
2026-05-12,KIDZ,0.0,0.0,0.0,-0.006954062829086258,7454.0,1.0,
2026-05-12,KIII,0.0,0.0,0.0,0.0,4137.0,2.0,
2026-05-12,KIN,0.0,0.0,0.0,0.0,4138.0,2.0,
2026-05-12,KINS,0.0,0.0,0.0,-0.0010396012317208255,6855.0,1.0,
2026-05-12,KINZ,0.0,0.0,0.0,0.0,4139.0,2.0,
2026-05-12,KIOR,0.0,0.0,0.0,0.0,4140.0,2.0,
2026-05-12,KIPO,0.0,0.0,0.0,0.0,4141.0,2.0,
2026-05-12,KIPS,0.0,0.0,0.0,0.0,4142.0,2.0,
2026-05-12,KIRK,0.0,0.0,0.0,0.0,4143.0,2.0,
2026-05-12,KITE,0.0,0.0,0.0,0.0,4144.0,2.0,
2026-05-12,KITT,0.0,0.0,0.0,0.004460246226631573,115.0,5.0,
2026-05-12,KLAC,0.0,0.0,0.0,0.0011359521270268274,1254.0,4.0,
2026-05-12,KLAQ,0.0,0.0,0.0,0.0,4145.0,2.0,
2026-05-12,KLDO,0.0,0.0,0.0,0.0,4146.0,2.0,
2026-05-12,KLIC,0.0023954832638795535,0.002890173410404624,-0.0004946901465250706,0.0029963081690411114,421.0,5.0,"SELL because predicted alpha is in the top decile. Main contributors were parkinson_vol_20, mom_252, mom_21. Liquidity filter passed."
2026-05-12,KLOX,0.0,0.0,0.0,0.0,4147.0,2.0,
2026-05-12,KLRA,0.0,0.0,0.0,0.0025694610845065653,587.0,5.0,
2026-05-12,KLRE,0.0,0.0,0.0,0.0,4148.0,2.0,
2026-05-12,KLRE.U,0.0,0.0,0.0,0.0,4149.0,2.0,
2026-05-12,KLRE.W,0.0,0.0,0.0,0.0,4150.0,2.0,
2026-05-12,KLRS,0.0,0.0,0.0,-0.001970382694556354,7090.0,1.0,
2026-05-12,KLTO,0.0,0.0,0.0,0.0,4151.0,2.0,
2026-05-12,KLTR,0.0,0.0,0.0,-0.0012832725736187922,6934.0,1.0,
2026-05-12,KLXE,0.0,0.0,0.0,0.0037747824307965364,223.0,5.0,
2026-05-12,KLXEV,0.0,0.0,0.0,0.0,4152.0,2.0,
2026-05-12,KLXI,0.0,0.0,0.0,0.0,4153.0,2.0,
2026-05-12,KLXI.V,0.0,0.0,0.0,0.0,4154.0,2.0,
2026-05-12,KLXIV,0.0,0.0,0.0,0.0,4155.0,2.0,
2026-05-12,KMB,0.0,0.0,0.0,-0.00014931441843348242,6415.0,2.0,
2026-05-12,KMDA,0.0,0.0,0.0,0.0006689367844633001,1538.0,3.0,
2026-05-12,KMRK,0.0,0.0,0.0,-0.005291384649014196,7388.0,1.0,
2026-05-12,KMTS,0.00046511627906976747,0.0,0.00046511627906976747,0.0035289531689053346,274.0,5.0,"BUY because predicted alpha is in the top decile. Main contributors were hl_range_20, mom_5, mom_21. Liquidity filter passed."
2026-05-12,KNBE,0.0,0.0,0.0,0.0,4156.0,2.0,
2026-05-12,KNDI,0.0,0.0,0.0,0.0021437376467206195,764.0,4.0,
2026-05-12,KNSA,0.0,0.0,0.0,0.0015932561682150818,1010.0,4.0,
2026-05-12,KNTE,0.0,0.0,0.0,0.0,4157.0,2.0,
2026-05-12,KOD,0.0,0.0,0.0,0.001899460039223955,861.0,4.0,
2026-05-12,KONA,0.0,0.0,0.0,0.0,4158.0,2.0,
2026-05-12,KOPN,0.0023954832638795535,0.002890173410404624,-0.0004946901465250706,0.0014738685522897865,1072.0,4.0,"SELL because predicted alpha is in the top decile. Main contributors were hl_range_20, mom_21, close_to_low_20. Liquidity filter passed."
2026-05-12,KOR,0.0,0.0,0.0,0.0,4159.0,2.0,
2026-05-12,KOSS,0.0,0.0,0.0,0.00044317844935112095,1685.0,3.0,
2026-05-12,KOYN,0.0,0.0,0.0,0.0014929201883743934,1059.0,4.0,
2026-05-12,KPLT,0.0,0.0,0.0,0.0008990703539612086,1401.0,4.0,
2026-05-12,KPRX,0.0,0.0,0.0,-0.0020064475674875246,7098.0,1.0,
2026-05-12,KPTI,0.0,0.0,0.0,0.0010781740508296045,1296.0,4.0,
2026-05-12,KRAQ,-0.00046511627906976747,0.0,-0.00046511627906976747,-0.004221429104618164,7320.0,1.0,"SHORT because predicted alpha is in the bottom decile. Main contributors were hl_range_20, volume_z_60, close_to_high_20. Liquidity filter passed."
2026-05-12,KRBP,0.0,0.0,0.0,0.0,4160.0,2.0,
2026-05-12,KRFT,0.0,0.0,0.0,0.0,4161.0,2.0,
2026-05-12,KRMD,0.0,0.0,0.0,0.0010112199299640828,1346.0,4.0,
2026-05-12,KRNL,0.0,0.0,0.0,0.0,4162.0,2.0,
2026-05-12,KRNT,-0.00046511627906976747,0.0,-0.00046511627906976747,-0.0028988008385709154,7213.0,1.0,"SHORT because predicted alpha is in the bottom decile. Main contributors were volume_z_60, hl_range_20, close_to_high_20. Liquidity filter passed."
2026-05-12,KRNY,0.0,0.0,0.0,-0.0004120010846110756,6573.0,2.0,
2026-05-12,KRON,0.0,0.0,0.0,0.0,4163.0,2.0,
2026-05-12,KROS,0.0,0.0,0.0,0.002795160923378658,484.0,5.0,
2026-05-12,KRRO,0.0,0.0,0.0,-0.00018612883160166468,6440.0,2.0,
2026-05-12,KRT,0.0,0.0,0.0,-0.0014723989855801216,6987.0,1.0,
2026-05-12,KRTX,0.0,0.0,0.0,0.0,4164.0,2.0,
2026-05-12,KRUS,0.0,0.0,0.0,0.0030818230030621213,391.0,5.0,
2026-05-12,KRYS,0.0,0.0,0.0,0.0029323202403143764,441.0,5.0,
2026-05-12,KSCP,0.0,0.0,0.0,-0.0002487362324540712,6474.0,2.0,
2026-05-12,KSI,0.0,0.0,0.0,0.0,4165.0,2.0,
2026-05-12,KSMT,0.0,0.0,0.0,0.0,4166.0,2.0,
2026-05-12,KSPN,0.0,0.0,0.0,0.0,4167.0,2.0,
2026-05-12,KTCC,0.0,0.0,0.0,0.003432380936690111,295.0,5.0,
2026-05-12,KTOS,0.0,0.0,0.0,0.002494887381044745,614.0,5.0,
2026-05-12,KTOV.W,0.0,0.0,0.0,0.0,4168.0,2.0,
2026-05-12,KTRA,0.0,0.0,0.0,0.0,4169.0,2.0,
2026-05-12,KTTA,0.0,0.0,0.0,-0.0001123130702338058,6396.0,2.0,
2026-05-12,KTWO,0.0,0.0,0.0,-0.0007751075279385511,6736.0,2.0,
2026-05-12,KURA,0.0,0.0,0.0,0.00021984583824074337,1811.0,3.0,
2026-05-12,KURI,0.0,0.0,0.0,0.0,4170.0,2.0,
2026-05-12,KUST,0.0,0.0,0.0,0.0004935352691744777,1651.0,3.0,
2026-05-12,KUTV,0.0,0.0,0.0,0.0,4171.0,2.0,
2026-05-12,KVAC,0.0,0.0,0.0,-0.0009794342378963764,6827.0,1.0,
2026-05-12,KVHI,0.0,0.0,0.0,0.0015590205324821907,1032.0,4.0,
2026-05-12,KVSA,0.0,0.0,0.0,0.0,4172.0,2.0,
2026-05-12,KVSB,0.0,0.0,0.0,0.0,4173.0,2.0,
2026-05-12,KVSC,0.0,0.0,0.0,0.0,4174.0,2.0,
2026-05-12,KWE,0.0,0.0,0.0,0.0,4175.0,2.0,
2026-05-12,KWM,0.0,0.0,0.0,0.000404131602473462,1703.0,3.0,
2026-05-12,KXIN,-0.002860599542949321,-0.002890173410404624,2.9573867455303087e-05,-0.007253053878605593,7463.0,1.0,"COVER because predicted alpha is in the bottom decile. Main contributors were volume_z_60, volatility_63, intraday_return. Liquidity filter passed."
2026-05-12,KYCH,0.0,0.0,0.0,0.0,4176.0,2.0,
2026-05-12,KYIV,0.0,0.0,0.0,0.0012411382800203764,1200.0,4.0,
2026-05-12,KYMR,0.0023954832638795535,0.002890173410404624,-0.0004946901465250706,0.003303521770690721,330.0,5.0,"SELL because predicted alpha is in the top decile. Main contributors were parkinson_vol_20, mom_252, volatility_63. Liquidity filter passed."
2026-05-12,KYNB,0.0,0.0,0.0,-0.00047284528771954996,6606.0,2.0,
2026-05-12,KYTH,0.0,0.0,0.0,0.0,4177.0,2.0,
2026-05-12,KYTX,0.0,0.0,0.0,0.002010948929898236,815.0,4.0,
2026-05-12,KZR,0.0,0.0,0.0,0.0,4178.0,2.0,
2026-05-12,LAAA,0.0,0.0,0.0,0.0,4179.0,2.0,
2026-05-12,LAB,0.0,0.0,0.0,0.000522064899003351,1632.0,3.0,
2026-05-12,LABC,0.0,0.0,0.0,0.0,4180.0,2.0,
2026-05-12,LABL,0.0,0.0,0.0,0.0,4181.0,2.0,
2026-05-12,LABP,0.0,0.0,0.0,0.0,4182.0,2.0,
2026-05-12,LABT,0.0,0.0,0.0,-0.006797455689924079,7447.0,1.0,
2026-05-12,LACO,0.0,0.0,0.0,0.0,4183.0,2.0,
2026-05-12,LACQ,0.0,0.0,0.0,0.0,4184.0,2.0,
2026-05-12,LAES,0.0,0.0,0.0,0.0029058518613265193,452.0,5.0,
2026-05-12,LAFA,0.0,0.0,0.0,0.0,4185.0,2.0,
2026-05-12,LAKE,0.0,0.0,0.0,0.0027828086342424315,492.0,5.0,
2026-05-12,LAMR,0.0,0.0,0.0,0.0004160987635915633,1696.0,3.0,
2026-05-12,LANC,0.0,0.0,0.0,0.0,4186.0,2.0,
2026-05-12,LAND,0.0,0.0,0.0,-0.0009501538810336829,6810.0,2.0,
2026-05-12,LAND.P,0.0,0.0,0.0,0.0,4187.0,2.0,
2026-05-12,LANDO,0.0,0.0,0.0,-0.00011981663728343766,6399.0,2.0,
2026-05-12,LARK,0.0,0.0,0.0,0.0006361653779094234,1565.0,3.0,
2026-05-12,LASE,0.0,0.0,0.0,-0.0004587870724959197,6598.0,2.0,
2026-05-12,LASR,0.00046511627906976747,0.0,0.00046511627906976747,0.005609837191302935,40.0,5.0,"BUY because predicted alpha is in the top decile. Main contributors were mom_252, mom_5, hl_range_20. Liquidity filter passed."
2026-05-12,LATA,0.0,0.0,0.0,0.0,4188.0,2.0,
2026-05-12,LATG,0.0,0.0,0.0,0.0,4189.0,2.0,
2026-05-12,LATN,0.0,0.0,0.0,0.0,4190.0,2.0,
2026-05-12,LAUR,0.0,0.0,0.0,0.0019840856315355817,827.0,4.0,
2026-05-12,LAVA,0.0,0.0,0.0,0.0,4191.0,2.0,
2026-05-12,LAX,0.0,0.0,0.0,0.0,4192.0,2.0,
2026-05-12,LAYN,0.0,0.0,0.0,0.0,4193.0,2.0,
2026-05-12,LAZR,0.0,0.0,0.0,0.0,4194.0,2.0,
2026-05-12,LAZY,0.0,0.0,0.0,0.0,4195.0,2.0,
2026-05-12,LBAI,0.0,0.0,0.0,0.0,4196.0,2.0,
2026-05-12,LBBB,0.0,0.0,0.0,0.0,4197.0,2.0,
2026-05-12,LBC,0.0,0.0,0.0,0.0,4198.0,2.0,
2026-05-12,LBCC,0.0,0.0,0.0,0.0,4199.0,2.0,
2026-05-12,LBDAV,0.0,0.0,0.0,0.0,4200.0,2.0,
2026-05-12,LBDKV,0.0,0.0,0.0,0.0,4201.0,2.0,
2026-05-12,LBGJ,0.0,0.0,0.0,-0.0049273640848121,7370.0,1.0,
2026-05-12,LBIO,0.0,0.0,0.0,0.0,4202.0,2.0,
2026-05-12,LBIX,0.0,0.0,0.0,0.0,4203.0,2.0,
2026-05-12,LBKR.V,0.0,0.0,0.0,0.0,4204.0,2.0,
2026-05-12,LBPH,0.0,0.0,0.0,0.0,4205.0,2.0,
2026-05-12,LBRDA,0.0,0.0,0.0,-0.0017111831710840647,7039.0,1.0,
2026-05-12,LBRDK,0.0,0.0,0.0,-0.0002937569673334504,6505.0,2.0,
2026-05-12,LBRK.R,0.0,0.0,0.0,0.0,4206.0,2.0,
2026-05-12,LBRX,0.002860599542949321,0.002890173410404624,-2.9573867455303087e-05,0.0066413234129865705,11.0,5.0,"SELL because predicted alpha is in the top decile. Main contributors were current_ratio, parkinson_vol_20, volume_z_60. Liquidity filter passed."
2026-05-12,LBTA.V,0.0,0.0,0.0,0.0,4207.0,2.0,
2026-05-12,LBTB.V,0.0,0.0,0.0,0.0,4208.0,2.0,
2026-05-12,LBTK.V,0.0,0.0,0.0,0.0,4209.0,2.0,
2026-05-12,LBTY.B,0.0,0.0,0.0,0.0,4210.0,2.0,
2026-05-12,LBTY.K,0.0,0.0,0.0,0.0,4211.0,2.0,
2026-05-12,LBTYA,0.0,0.0,0.0,0.001365714476529162,1133.0,4.0,
2026-05-12,LBTYB,-0.002860599542949321,-0.002890173410404624,2.9573867455303087e-05,-0.006354159367205571,7428.0,1.0,"COVER because predicted alpha is in the bottom decile. Main contributors were volume_z_60, mom_5, volume_mom_20_60. Liquidity filter passed."
2026-05-12,LBTYK,0.0,0.0,0.0,0.001217930329758016,1210.0,4.0,
2026-05-12,LBYAV,0.0,0.0,0.0,0.0,4212.0,2.0,
2026-05-12,LBYKV,0.0,0.0,0.0,0.0,4213.0,2.0,
2026-05-12,LCA,0.0,0.0,0.0,0.0,4214.0,2.0,
2026-05-12,LCAA,0.0,0.0,0.0,0.0,4215.0,2.0,
2026-05-12,LCAH.U,0.0,0.0,0.0,0.0,4216.0,2.0,
2026-05-12,LCAH.W,0.0,0.0,0.0,0.0,4217.0,2.0,
2026-05-12,LCAV,0.0,0.0,0.0,0.0,4218.0,2.0,
2026-05-12,LCCC,0.0,0.0,0.0,0.0,4219.0,2.0,
2026-05-12,LCFY,0.0,0.0,0.0,0.0010387570975098504,1327.0,4.0,
2026-05-12,LCID,0.0,0.0,0.0,0.0010663817176582192,1303.0,4.0,
2026-05-12,LCNB,0.0,0.0,0.0,4.322707226660375e-05,1919.0,3.0,
2026-05-12,LCUT,0.0,0.0,0.0,-0.00012764416184367147,6405.0,2.0,
2026-05-12,LCW,0.0,0.0,0.0,0.0,4220.0,2.0,
2026-05-12,LCY,0.0,0.0,0.0,0.0,4221.0,2.0,
2026-05-12,LDHA,0.0,0.0,0.0,0.0,4222.0,2.0,
2026-05-12,LDTC,0.0,0.0,0.0,0.0,4223.0,2.0,
2026-05-12,LDWY,0.0,0.0,0.0,0.0,4224.0,2.0,
2026-05-12,LE,0.0023954832638795535,0.002890173410404624,-0.0004946901465250706,0.0030570594060486105,400.0,5.0,"SELL because predicted alpha is in the top decile. Main contributors were parkinson_vol_20, volume_z_60, roa. Liquidity filter passed."
2026-05-12,LECO,0.0,0.0,0.0,0.001379444275990907,1129.0,4.0,
2026-05-12,LEDS,0.0,0.0,0.0,0.004897454664960583,82.0,5.0,
2026-05-12,LEE,0.0,0.0,0.0,0.0004615683412185268,1674.0,3.0,
2026-05-12,LEGA,0.0,0.0,0.0,0.0,4225.0,2.0,
2026-05-12,LEGH,0.0,0.0,0.0,0.0021843499106969652,746.0,5.0,
2026-05-12,LENZ,0.0,0.0,0.0,-0.00036453960456560704,6554.0,2.0,
2026-05-12,LESL,0.0,0.0,0.0,0.0018458359561143852,884.0,4.0,
2026-05-12,LEVL,0.0,0.0,0.0,0.0,4226.0,2.0,
2026-05-12,LEVY,0.0,0.0,0.0,0.0,4227.0,2.0,
2026-05-12,LEVY.U,0.0,0.0,0.0,0.0,4228.0,2.0,
2026-05-12,LEVY.W,0.0,0.0,0.0,0.0,4229.0,2.0,
2026-05-12,LEXAV,0.0,0.0,0.0,0.0,4230.0,2.0,
2026-05-12,LEXEA,0.0,0.0,0.0,0.0,4231.0,2.0,
2026-05-12,LEXEB,0.0,0.0,0.0,0.0,4232.0,2.0,
2026-05-12,LEXX,0.0,0.0,0.0,-0.001686988917958675,7034.0,1.0,
2026-05-12,LFAC,0.0,0.0,0.0,0.0,4233.0,2.0,
2026-05-12,LFCR,0.0,0.0,0.0,-0.001733482171412857,7044.0,1.0,
2026-05-12,LFIN,0.0,0.0,0.0,0.0,4234.0,2.0,
2026-05-12,LFLY,0.0,0.0,0.0,0.0,4235.0,2.0,
2026-05-12,LFMD,0.0,0.0,0.0,0.0008662617009569034,1422.0,4.0,
2026-05-12,LFST,0.0,0.0,0.0,-0.0017147218925708829,7042.0,1.0,
2026-05-12,LFTR,0.0,0.0,0.0,0.0,4236.0,2.0,
2026-05-12,LFUS,0.0,0.0,0.0,0.002706706443770143,528.0,5.0,
2026-05-12,LFVN,0.0,0.0,0.0,0.001626158477561458,992.0,4.0,
2026-05-12,LFWD,0.0,0.0,0.0,0.0016694587007981562,970.0,4.0,
2026-05-12,LGAC,0.0,0.0,0.0,0.0,4237.0,2.0,
2026-05-12,LGCB,0.0,0.0,0.0,-0.0005116524332031362,6627.0,2.0,
2026-05-12,LGCL,0.0,0.0,0.0,0.002304470661235485,682.0,5.0,
2026-05-12,LGCYO,0.0,0.0,0.0,0.0,4238.0,2.0,
2026-05-12,LGHL,0.0,0.0,0.0,0.001806921461405387,901.0,4.0,
2026-05-12,LGIH,0.00046511627906976747,0.0,0.00046511627906976747,0.003417151205096406,300.0,5.0,"BUY because predicted alpha is in the top decile. Main contributors were parkinson_vol_20, intraday_return, book_to_market. Liquidity filter passed."
2026-05-12,LGMK,0.0,0.0,0.0,0.0,4239.0,2.0,
2026-05-12,LGN,0.0,0.0,0.0,0.0013624254513058226,1135.0,4.0,
2026-05-12,LGND,0.0,0.0,0.0,0.0020490908529389104,797.0,4.0,
2026-05-12,LGNDV,0.0,0.0,0.0,0.0,4240.0,2.0,
2026-05-12,LGO,0.0,0.0,0.0,0.0018791579816439291,867.0,4.0,
2026-05-12,LGST,0.0,0.0,0.0,0.0,4241.0,2.0,
2026-05-12,LGTO,0.0,0.0,0.0,0.0,4242.0,2.0,
2026-05-12,LGTY,0.0,0.0,0.0,0.0,4243.0,2.0,
2026-05-12,LGVC,0.0,0.0,0.0,0.0,4244.0,2.0,
2026-05-12,LGVN,0.0,0.0,0.0,0.001565400812223103,1028.0,4.0,
2026-05-12,LHAA,0.0,0.0,0.0,0.0,4245.0,2.0,
2026-05-12,LHAI,-0.002860599542949321,-0.002890173410404624,2.9573867455303087e-05,-0.02104545936901623,7551.0,1.0,"COVER because predicted alpha is in the bottom decile. Main contributors were parkinson_vol_20, volume_z_60, volatility_10. Liquidity filter passed."
2026-05-12,LHCG,0.0,0.0,0.0,0.0,4246.0,2.0,
2026-05-12,LHDX,0.0,0.0,0.0,0.0,4247.0,2.0,
2026-05-12,LHSW,0.0,0.0,0.0,-0.009289809706501,7502.0,1.0,
2026-05-12,LIBY,0.0,0.0,0.0,0.0,4248.0,2.0,
2026-05-12,LICN,0.0,0.0,0.0,0.0025334686396787,600.0,5.0,
2026-05-12,LIDR,0.0,0.0,0.0,0.00323387351481023,348.0,5.0,
2026-05-12,LIEN,0.0,0.0,0.0,0.0015596726293021215,1031.0,4.0,
2026-05-12,LIF,0.0,0.0,0.0,0.002427958956202056,638.0,5.0,
2026-05-12,LIFE,0.002860599542949321,0.002890173410404624,-2.9573867455303087e-05,0.006001261166003958,25.0,5.0,"SELL because predicted alpha is in the top decile. Main contributors were mom_21, intraday_return, mom_5. Liquidity filter passed."
2026-05-12,LIFW,0.0,0.0,0.0,0.0,4249.0,2.0,
2026-05-12,LIHR,0.0,0.0,0.0,0.0,4250.0,2.0,
2026-05-12,LILA,0.0,0.0,0.0,0.00176454702351518,926.0,4.0,
2026-05-12,LILA.K,0.0,0.0,0.0,0.0,4251.0,2.0,
2026-05-12,LILA.V,0.0,0.0,0.0,0.0,4252.0,2.0,
2026-05-12,LILAK,0.0,0.0,0.0,0.002810915769513069,478.0,5.0,
2026-05-12,LILK.V,0.0,0.0,0.0,0.0,4253.0,2.0,
2026-05-12,LILM,0.0,0.0,0.0,0.0,4254.0,2.0,
2026-05-12,LIME,0.0,0.0,0.0,0.0,4255.0,2.0,
2026-05-12,LIMN,0.0,0.0,0.0,-0.0010968694744780136,6867.0,1.0,
2026-05-12,LIN,0.0,0.0,0.0,0.0016633493426138784,974.0,4.0,
2026-05-12,LINC,0.0,0.0,0.0,0.001203620418353782,1219.0,4.0,
2026-05-12,LIND,0.0023954832638795535,0.002890173410404624,-0.0004946901465250706,0.001187085939164396,1227.0,4.0,"SELL because predicted alpha is in the top decile. Main contributors were parkinson_vol_20, intraday_return, roa. Liquidity filter passed."
2026-05-12,LIND.W,0.0,0.0,0.0,0.0,4256.0,2.0,
2026-05-12,LINE,0.0,0.0,0.0,0.001424177733460437,1096.0,4.0,
2026-05-12,LINK,-0.0023954832638795535,-0.002890173410404624,0.0004946901465250706,-0.0007130407552502873,6713.0,2.0,"COVER because predicted alpha is in the bottom decile. Main contributors were intraday_return, parkinson_vol_20, volume_mom_20_60. Liquidity filter failed."
2026-05-12,LINT.A,0.0,0.0,0.0,0.0,4257.0,2.0,
2026-05-12,LINT.B,0.0,0.0,0.0,0.0,4258.0,2.0,
2026-05-12,LINTA,0.0,0.0,0.0,0.0,4259.0,2.0,
2026-05-12,LINU,0.0,0.0,0.0,0.0,4260.0,2.0,
2026-05-12,LIOX,0.0,0.0,0.0,0.0,4261.0,2.0,
2026-05-12,LIPO,0.0,0.0,0.0,0.0,4262.0,2.0,
2026-05-12,LIQD,0.0,0.0,0.0,0.0,4263.0,2.0,
2026-05-12,LIQT,0.0,0.0,0.0,0.004245563615831362,147.0,5.0,
2026-05-12,LITE,0.0,0.0,0.0,0.0019880858785286818,823.0,4.0,
2026-05-12,LITM,0.0,0.0,0.0,0.0,4264.0,2.0,
2026-05-12,LITS,0.0,0.0,0.0,-0.00018778208118801556,6441.0,2.0,
2026-05-12,LITT,0.0,0.0,0.0,0.0,4265.0,2.0,
2026-05-12,LIVB,0.0,0.0,0.0,0.0,4266.0,2.0,
2026-05-12,LIVE,0.0,0.0,0.0,-0.0025539004914745225,7177.0,1.0,
2026-05-12,LIVK,0.0,0.0,0.0,0.0,4267.0,2.0,
2026-05-12,LIVN,0.0,0.0,0.0,0.0010817579886525195,1293.0,4.0,
2026-05-12,LIVX,0.0,0.0,0.0,0.0,4268.0,2.0,
2026-05-12,LIWA,0.0,0.0,0.0,0.0,4269.0,2.0,
2026-05-12,LIXT,0.0,0.0,0.0,-6.457349186151187e-05,6370.0,2.0,
2026-05-12,LJAQ,0.0,0.0,0.0,0.0,4270.0,2.0,
2026-05-12,LJPC,0.0,0.0,0.0,0.0,4271.0,2.0,
2026-05-12,LKCO,0.0,0.0,0.0,0.0,4272.0,2.0,
2026-05-12,LKFN,0.0,0.0,0.0,-0.0019380852962839132,7085.0,1.0,
2026-05-12,LKQ,0.0,0.0,0.0,0.00026927657479820224,1775.0,3.0,
2026-05-12,LKSP,0.0,0.0,0.0,-0.0005334826406377963,6640.0,2.0,
2026-05-12,LLEN,0.0,0.0,0.0,0.0,4273.0,2.0,
2026-05-12,LLIT,0.0,0.0,0.0,0.0,4274.0,2.0,
2026-05-12,LLL,0.0,0.0,0.0,0.0,4275.0,2.0,
2026-05-12,LLNW,0.0,0.0,0.0,0.0,4276.0,2.0,
2026-05-12,LLTC,0.0,0.0,0.0,0.0,4277.0,2.0,
2026-05-12,LLYVA,0.0,0.0,0.0,-0.0010870579920417784,6865.0,1.0,
2026-05-12,LLYVK,0.0,0.0,0.0,0.0004564269735613897,1678.0,3.0,
2026-05-12,LMACA,0.0,0.0,0.0,0.0,4278.0,2.0,
2026-05-12,LMAO,0.0,0.0,0.0,0.0,4279.0,2.0,
2026-05-12,LMAT,0.0,0.0,0.0,-0.0004353859322754598,6586.0,2.0,
2026-05-12,LMB,-0.002860599542949321,-0.002890173410404624,2.9573867455303087e-05,-0.0030344756276217202,7229.0,1.0,"COVER because predicted alpha is in the bottom decile. Main contributors were mom_5, volatility_10, mom_21. Liquidity filter passed."
2026-05-12,LMCA,0.0,0.0,0.0,0.0,4280.0,2.0,
2026-05-12,LMCB,0.0,0.0,0.0,0.0,4281.0,2.0,
2026-05-12,LMCK,0.0,0.0,0.0,0.0,4282.0,2.0,
2026-05-12,LMCK.V,0.0,0.0,0.0,0.0,4283.0,2.0,
2026-05-12,LMDX,0.0,0.0,0.0,0.0,4284.0,2.0,
2026-05-12,LMFA,0.0,0.0,0.0,-0.002920663889329217,7217.0,1.0,
2026-05-12,LMFA.U,0.0,0.0,0.0,0.0,4285.0,2.0,
2026-05-12,LMFA.W,0.0,0.0,0.0,0.0,4286.0,2.0,
2026-05-12,LMIA,0.0,0.0,0.0,0.0,4287.0,2.0,
2026-05-12,LMNL,0.0,0.0,0.0,0.0,4288.0,2.0,
2026-05-12,LMNR,0.0,0.0,0.0,0.0014169966323728366,1102.0,4.0,
2026-05-12,LMNS,0.0,0.0,0.0,0.0,4289.0,2.0,
2026-05-12,LMOS,0.0,0.0,0.0,0.0,4290.0,2.0,
2026-05-12,LMPX,0.0,0.0,0.0,0.0,4291.0,2.0,
2026-05-12,LMRI,0.0,0.0,0.0,-0.00046238772445884413,6599.0,2.0,
2026-05-12,LMRK,0.0,0.0,0.0,0.0,4292.0,2.0,
2026-05-12,LMRK.O,0.0,0.0,0.0,0.0,4293.0,2.0,
2026-05-12,LMRK.P,0.0,0.0,0.0,0.0,4294.0,2.0,
2026-05-12,LMST,0.0,0.0,0.0,0.0,4295.0,2.0,
2026-05-12,LNAI,0.0,0.0,0.0,-0.002895862768285568,7212.0,1.0,
2026-05-12,LNBB,0.0,0.0,0.0,0.0,4296.0,2.0,
2026-05-12,LNCE,0.0,0.0,0.0,0.0,4297.0,2.0,
2026-05-12,LNCO,0.0,0.0,0.0,0.0,4298.0,2.0,
2026-05-12,LNCR,0.0,0.0,0.0,0.0,4299.0,2.0,
2026-05-12,LNKB,0.0,0.0,0.0,0.0,4300.0,2.0,
2026-05-12,LNKS,0.0,0.0,0.0,-0.0044846242403505186,7341.0,1.0,
2026-05-12,LNSR,0.0,0.0,0.0,-0.0011815417554077625,6893.0,1.0,
2026-05-12,LNT,0.0,0.0,0.0,-0.00023194145054941198,6464.0,2.0,
2026-05-12,LNTH,0.0,0.0,0.0,0.00018064855832962501,1841.0,3.0,
2026-05-12,LNW,0.0,0.0,0.0,0.0,4301.0,2.0,
2026-05-12,LNZA,0.0,0.0,0.0,-0.004316343056017392,7327.0,1.0,
2026-05-12,LOAC,0.0,0.0,0.0,0.0,4302.0,2.0,
2026-05-12,LOAN,0.0,0.0,0.0,0.0007518305995187002,1495.0,4.0,
2026-05-12,LOBO,0.0,0.0,0.0,-0.006910941516142129,7452.0,1.0,
2026-05-12,LOCM,0.0,0.0,0.0,0.0,4303.0,2.0,
2026-05-12,LOCO,0.0,0.0,0.0,0.00035601949890249447,1729.0,3.0,
2026-05-12,LOGC,0.0,0.0,0.0,0.0,4304.0,2.0,
2026-05-12,LOGI,0.0,0.0,0.0,0.0005371861750101073,1622.0,3.0,
2026-05-12,LOGM,0.0,0.0,0.0,0.0,4305.0,2.0,
2026-05-12,LOJN,0.0,0.0,0.0,0.0,4306.0,2.0,
2026-05-12,LOKV,0.0,0.0,0.0,-0.0023413435712488283,7154.0,1.0,
2026-05-12,LONA,0.0,0.0,0.0,0.00021889394227668133,1813.0,3.0,
2026-05-12,LONE,0.0,0.0,0.0,0.0,4307.0,2.0,
2026-05-12,LONG,0.0,0.0,0.0,0.0,4308.0,2.0,
2026-05-12,LOOK,0.0,0.0,0.0,0.0,4309.0,2.0,
2026-05-12,LOOP,0.0,0.0,0.0,0.0026198074923880995,566.0,5.0,
2026-05-12,LOPE,0.0,0.0,0.0,0.0017810578647649083,916.0,4.0,
2026-05-12,LORL,0.0,0.0,0.0,0.0,4310.0,2.0,
2026-05-12,LOTZ,0.0,0.0,0.0,0.0,4311.0,2.0,
2026-05-12,LOVE,0.00046511627906976747,0.0,0.00046511627906976747,0.0039590594569308656,184.0,5.0,"BUY because predicted alpha is in the top decile. Main contributors were sales_to_price, parkinson_vol_20, volume_z_60. Liquidity filter passed."
2026-05-12,LOXO,0.0,0.0,0.0,0.0,4312.0,2.0,
2026-05-12,LPAA,0.0,0.0,0.0,-0.0017484574210691597,7047.0,1.0,
2026-05-12,LPBB,0.0,0.0,0.0,-0.0014842618072410853,6991.0,1.0,
2026-05-12,LPCN,0.0,0.0,0.0,-0.005828247772342911,7407.0,1.0,
2026-05-12,LPCV,0.0,0.0,0.0,0.0,4313.0,2.0,
2026-05-12,LPDX,0.0,0.0,0.0,0.0,4314.0,2.0,
2026-05-12,LPHI,0.0,0.0,0.0,0.0,4315.0,2.0,
2026-05-12,LPLA,0.0,0.0,0.0,-0.00013625788174774422,6411.0,2.0,
2026-05-12,LPNT,0.0,0.0,0.0,0.0,4316.0,2.0,
2026-05-12,LPRO,0.0,0.0,0.0,0.0011438189268387431,1247.0,4.0,
2026-05-12,LPSB,0.0,0.0,0.0,0.0,4317.0,2.0,
2026-05-12,LPSN,0.0,0.0,0.0,0.003473240226462642,287.0,5.0,
2026-05-12,LPTH,0.0,0.0,0.0,0.0029309175204547152,442.0,5.0,
2026-05-12,LPTN,0.0,0.0,0.0,0.0,4318.0,2.0,
2026-05-12,LPTX,0.0,0.0,0.0,0.0,4319.0,2.0,
2026-05-12,LQDA,-0.0023954832638795535,-0.002890173410404624,0.0004946901465250706,0.0010549568691936941,1315.0,4.0,"COVER because predicted alpha is in the bottom decile. Main contributors were volume_z_60, mom_10, intraday_return. Liquidity filter passed."
2026-05-12,LQDT,0.0,0.0,0.0,0.0003855319800219481,1718.0,3.0,
2026-05-12,LQR,0.0,0.0,0.0,0.0,4320.0,2.0,
2026-05-12,LRAD,0.0,0.0,0.0,0.0,4321.0,2.0,
2026-05-12,LRCX,0.0023954832638795535,0.002890173410404624,-0.0004946901465250706,0.0022979444522226193,688.0,5.0,"SELL because predicted alpha is in the top decile. Main contributors were parkinson_vol_20, mom_252, log_dollar_vol_20. Liquidity filter passed."
2026-05-12,LRFC,0.0,0.0,0.0,0.0,4322.0,2.0,
2026-05-12,LRHC,0.0,0.0,0.0,-0.0010808660819331575,6864.0,1.0,
2026-05-12,LRMR,-0.002860599542949321,-0.002890173410404624,2.9573867455303087e-05,-0.002709965335363321,7193.0,1.0,"COVER because predicted alpha is in the bottom decile. Main contributors were operating_margin, roa, volatility_63. Liquidity filter passed."
2026-05-12,LSAC,0.0,0.0,0.0,0.0,4323.0,2.0,
2026-05-12,LSAK,0.0,0.0,0.0,0.00018993432000062414,1835.0,3.0,
2026-05-12,LSAQ,0.0,0.0,0.0,0.0,4324.0,2.0,
2026-05-12,LSB,0.0,0.0,0.0,0.0,4325.0,2.0,
2026-05-12,LSBG,0.0,0.0,0.0,0.0,4326.0,2.0,
2026-05-12,LSBI,0.0,0.0,0.0,0.0,4327.0,2.0,
2026-05-12,LSBK,0.0,0.0,0.0,-0.0007339719754609627,6724.0,2.0,
2026-05-12,LSCC,0.0,0.0,0.0,0.0001525497042888984,1858.0,3.0,
2026-05-12,LSDI,0.0,0.0,0.0,0.0,4328.0,2.0,
2026-05-12,LSE,0.0,0.0,0.0,0.0005107090097669594,1642.0,3.0,
2026-05-12,LSEA,0.0,0.0,0.0,0.0,4329.0,2.0,
2026-05-12,LSH,0.0,0.0,0.0,0.003101668230862438,382.0,5.0,
2026-05-12,LSPR,0.0,0.0,0.0,0.0,4330.0,2.0,
2026-05-12,LSTA,0.0,0.0,0.0,0.00010203506011003188,1893.0,3.0,
2026-05-12,LSTR,0.0,0.0,0.0,0.0021238147728465245,766.0,4.0,
2026-05-12,LSXM.B,0.0,0.0,0.0,0.0,4331.0,2.0,
2026-05-12,LSXMA,0.0,0.0,0.0,0.0,4332.0,2.0,
2026-05-12,LSXMB,0.0,0.0,0.0,0.0,4333.0,2.0,
2026-05-12,LSXMK,0.0,0.0,0.0,0.0,4334.0,2.0,
2026-05-12,LTBR,0.0,0.0,0.0,0.002358066006706982,666.0,5.0,
2026-05-12,LTCH,0.0,0.0,0.0,0.0,4335.0,2.0,
2026-05-12,LTEA,0.0,0.0,0.0,0.0,4336.0,2.0,
2026-05-12,LTPA.V,0.0,0.0,0.0,0.0,4337.0,2.0,
2026-05-12,LTPB.V,0.0,0.0,0.0,0.0,4338.0,2.0,
2026-05-12,LTRE,0.0,0.0,0.0,0.0,4339.0,2.0,
2026-05-12,LTRN,0.0,0.0,0.0,-0.0040794105446456085,7310.0,1.0,
2026-05-12,LTRP.A,0.0,0.0,0.0,0.0,4340.0,2.0,
2026-05-12,LTRP.B,0.0,0.0,0.0,0.0,4341.0,2.0,
2026-05-12,LTRPA,0.0,0.0,0.0,0.0,4342.0,2.0,
2026-05-12,LTRPB,0.0,0.0,0.0,0.0,4343.0,2.0,
2026-05-12,LTRX,0.0,0.0,0.0,0.0006433905009898368,1559.0,3.0,
2026-05-12,LTRY,0.0,0.0,0.0,0.0,4344.0,2.0,
2026-05-12,LTXB,0.0,0.0,0.0,0.0,4345.0,2.0,
2026-05-12,LTXC,0.0,0.0,0.0,0.0,4346.0,2.0,
2026-05-12,LTXCD,0.0,0.0,0.0,0.0,4347.0,2.0,
2026-05-12,LUCD,0.0,0.0,0.0,-0.0013591484258794254,6954.0,1.0,
2026-05-12,LUCY,0.0,0.0,0.0,-0.0012583790338364883,6925.0,1.0,
2026-05-12,LULU,0.0,0.0,0.0,0.0015681635532414013,1026.0,4.0,
2026-05-12,LUMO,0.0,0.0,0.0,0.0,4348.0,2.0,
2026-05-12,LUNA,0.0,0.0,0.0,0.0,4349.0,2.0,
2026-05-12,LUNG,0.0,0.0,0.0,0.0026763656559142144,538.0,5.0,
2026-05-12,LUNR,0.00046511627906976747,0.0,0.00046511627906976747,0.004204215856893054,150.0,5.0,"BUY because predicted alpha is in the top decile. Main contributors were mom_5, hl_range_20, mom_252. Liquidity filter passed."
2026-05-12,LUXA,0.0,0.0,0.0,0.0,4350.0,2.0,
2026-05-12,LUXH,0.0,0.0,0.0,0.0,4351.0,2.0,
2026-05-12,LVAC,0.0,0.0,0.0,0.0,4352.0,2.0,
2026-05-12,LVGO,0.0,0.0,0.0,0.0,4353.0,2.0,
2026-05-12,LVLU,0.0,0.0,0.0,0.005166996720032449,63.0,5.0,
2026-05-12,LVNT.A,0.0,0.0,0.0,0.0,4354.0,2.0,
2026-05-12,LVNT.B,0.0,0.0,0.0,0.0,4355.0,2.0,
2026-05-12,LVNTA,0.0,0.0,0.0,0.0,4356.0,2.0,
2026-05-12,LVNTB,0.0,0.0,0.0,0.0,4357.0,2.0,
2026-05-12,LVO,0.0,0.0,0.0,0.0026357958562734326,561.0,5.0,
2026-05-12,LVOX,0.0,0.0,0.0,0.0,4358.0,2.0,
2026-05-12,LVRA,0.0,0.0,0.0,0.0,4359.0,2.0,
2026-05-12,LVRO,0.0,0.0,0.0,0.0,4360.0,2.0,
2026-05-12,LVTX,0.0,0.0,0.0,0.0,4361.0,2.0,
2026-05-12,LWAC,0.0,0.0,0.0,0.0,4362.0,2.0,
2026-05-12,LWAY,0.0,0.0,0.0,0.0005982389310438765,1590.0,3.0,
2026-05-12,LWLG,0.0,0.0,0.0,0.002686454744916902,532.0,5.0,
2026-05-12,LWSN,0.0,0.0,0.0,0.0,4363.0,2.0,
2026-05-12,LXEO,0.0,0.0,0.0,0.0010658191773650742,1305.0,4.0,
2026-05-12,LXRX,-0.0023954832638795535,-0.002890173410404624,0.0004946901465250706,0.0017886995497625438,914.0,4.0,"COVER because predicted alpha is in the bottom decile. Main contributors were volume_z_60, mom_10, intraday_return. Liquidity filter passed."
2026-05-12,LYEL,0.0,0.0,0.0,-0.00017931046326452452,6437.0,2.0,
2026-05-12,LYFT,0.0,0.0,0.0,0.0021022711562506393,777.0,4.0,
2026-05-12,LYLT,0.0,0.0,0.0,0.0,4364.0,2.0,
2026-05-12,LYLTV,0.0,0.0,0.0,0.0,4365.0,2.0,
2026-05-12,LYRA,0.0,0.0,0.0,0.0,4366.0,2.0,
2026-05-12,LYT,0.0,0.0,0.0,0.0,4367.0,2.0,
2026-05-12,LYTS,0.0,0.0,0.0,0.0024806347678834775,619.0,5.0,
2026-05-12,LZ,0.0,0.0,0.0,-0.000671586602277054,6699.0,2.0,
2026-05-12,LZMH,0.0,0.0,0.0,-0.02385750323273923,7562.0,1.0,
2026-05-12,MAAC,0.0,0.0,0.0,0.0,4368.0,2.0,
2026-05-12,MAAQ,0.0,0.0,0.0,0.0,4369.0,2.0,
2026-05-12,MAAS,0.0,0.0,0.0,-0.009523358285094565,7505.0,1.0,
2026-05-12,MACA,0.0,0.0,0.0,0.0,4370.0,2.0,
2026-05-12,MACI,0.0,0.0,0.0,0.0,4371.0,2.0,
2026-05-12,MACK,0.0,0.0,0.0,0.0,4372.0,2.0,
2026-05-12,MACQ,0.0,0.0,0.0,0.0,4373.0,2.0,
2026-05-12,MACQ.U,0.0,0.0,0.0,0.0,4374.0,2.0,
2026-05-12,MACU,0.0,0.0,0.0,0.0,4375.0,2.0,
2026-05-12,MAGH,0.0,0.0,0.0,0.0,4376.0,2.0,
2026-05-12,MAKO,0.0,0.0,0.0,0.0019630585571883312,834.0,4.0,
2026-05-12,MAMA,0.0,0.0,0.0,0.002394331028535141,647.0,5.0,
2026-05-12,MAMK,0.0,0.0,0.0,0.0,4377.0,2.0,
2026-05-12,MAMO,0.0,0.0,0.0,0.002857502805659539,466.0,5.0,
2026-05-12,MAMS,0.0,0.0,0.0,0.0,4378.0,2.0,
2026-05-12,MANH,0.0,0.0,0.0,0.0027520755280391273,498.0,5.0,
2026-05-12,MANT,0.0,0.0,0.0,0.0,4379.0,2.0,
2026-05-12,MAPI,0.0,0.0,0.0,0.0,4380.0,2.0,
2026-05-12,MAPS,0.0,0.0,0.0,0.0,4381.0,2.0,
2026-05-12,MAQC,0.0,0.0,0.0,0.0,4382.0,2.0,
2026-05-12,MAR,0.0,0.0,0.0,0.001990032958267955,821.0,4.0,
2026-05-12,MARA,0.0,0.0,0.0,0.0027100519683696984,526.0,5.0,
2026-05-12,MARK,0.0,0.0,0.0,0.0,4383.0,2.0,
2026-05-12,MARPS,0.0,0.0,0.0,0.00033198710558038184,1742.0,3.0,
2026-05-12,MARX,0.0,0.0,0.0,0.0,4384.0,2.0,
2026-05-12,MASI,-0.002860599542949321,-0.002890173410404624,2.9573867455303087e-05,-0.0024200770617171523,7165.0,1.0,"COVER because predicted alpha is in the bottom decile. Main contributors were hl_range_20, price_kurt_63, close_to_high_20. Liquidity filter passed."
2026-05-12,MASK,0.0,0.0,0.0,-0.002768479052097445,7199.0,1.0,
2026-05-12,MASS,0.0,0.0,0.0,0.001950713019141556,838.0,4.0,
2026-05-12,MAT,0.0,0.0,0.0,-0.001705804348048838,7037.0,1.0,
2026-05-12,MATH,0.0,0.0,0.0,0.001334726805959505,1152.0,4.0,
2026-05-12,MATN,0.0,0.0,0.0,0.0,4385.0,2.0,
2026-05-12,MATR,0.0,0.0,0.0,0.0,4386.0,2.0,
2026-05-12,MATW,0.0,0.0,0.0,-0.0007971519020929542,6746.0,2.0,
2026-05-12,MAXN,0.0,0.0,0.0,0.0,4387.0,2.0,
2026-05-12,MAXNV,0.0,0.0,0.0,0.0,4388.0,2.0,
2026-05-12,MAYA,0.0,0.0,0.0,0.0,4389.0,2.0,
2026-05-12,MAYS,0.0,0.0,0.0,0.0,4390.0,2.0,
2026-05-12,MAZE,0.0,0.0,0.0,-0.0005642823923926606,6653.0,2.0,
2026-05-12,MB,0.0,0.0,0.0,-0.007138496986709364,7460.0,1.0,
2026-05-12,MBAI,-0.00046511627906976747,0.0,-0.00046511627906976747,-0.0038882963199446856,7299.0,1.0,"SHORT because predicted alpha is in the bottom decile. Main contributors were volume_z_60, intraday_return, mom_1. Liquidity filter passed."
2026-05-12,MBAV,0.0,0.0,0.0,-0.0001600825428859959,6429.0,2.0,
2026-05-12,MBBC,-0.00046511627906976747,0.0,-0.00046511627906976747,-0.004382041288861031,7335.0,1.0,"SHORT because predicted alpha is in the bottom decile. Main contributors were volume_z_60, hl_range_20, close_to_high_20. Liquidity filter passed."
2026-05-12,MBCN,0.0,0.0,0.0,0.0,4391.0,2.0,
2026-05-12,MBFI,0.0,0.0,0.0,0.0,4392.0,2.0,
2026-05-12,MBFI.P,0.0,0.0,0.0,0.0,4393.0,2.0,
2026-05-12,MBII,0.0,0.0,0.0,0.0,4394.0,2.0,
2026-05-12,MBIN,0.0,0.0,0.0,0.0007790180876497233,1476.0,4.0,
2026-05-12,MBINL,0.0,0.0,0.0,-0.0010295819019325095,6849.0,1.0,
2026-05-12,MBINM,0.0,0.0,0.0,-0.0012910935429322776,6937.0,1.0,
2026-05-12,MBINN,0.0,0.0,0.0,-0.0003128949585908201,6518.0,2.0,
2026-05-12,MBINO,0.0,0.0,0.0,0.0,4395.0,2.0,
2026-05-12,MBIO,0.0,0.0,0.0,-0.0018116025282815798,7061.0,1.0,
2026-05-12,MBIS,0.0,0.0,0.0,0.0,4396.0,2.0,
2026-05-12,MBLX,0.0,0.0,0.0,0.0,4397.0,2.0,
2026-05-12,MBLY,0.0,0.0,0.0,0.002518631236267534,604.0,5.0,
2026-05-12,MBNAA,0.0,0.0,0.0,0.0,4398.0,2.0,
2026-05-12,MBNAB,0.0,0.0,0.0,0.0,4399.0,2.0,
2026-05-12,MBOT,0.0,0.0,0.0,0.002190368023173868,743.0,5.0,
2026-05-12,MBRG,0.0,0.0,0.0,0.0,4400.0,2.0,
2026-05-12,MBRX,0.0,0.0,0.0,-0.004621981606945946,7355.0,1.0,
2026-05-12,MBTC,0.0,0.0,0.0,0.0,4401.0,2.0,
2026-05-12,MBTF,0.0,0.0,0.0,0.0,4402.0,2.0,
2026-05-12,MBUU,0.0,0.0,0.0,0.003108880889053367,379.0,5.0,
2026-05-12,MBVI,0.0,0.0,0.0,-0.0010278237914499366,6848.0,1.0,
2026-05-12,MBVT,0.0,0.0,0.0,0.0,4403.0,2.0,
2026-05-12,MBVX,0.0,0.0,0.0,0.0,4404.0,2.0,
2026-05-12,MBWM,0.0,0.0,0.0,0.0003991168263398558,1707.0,3.0,
2026-05-12,MBX,0.00046511627906976747,0.0,0.00046511627906976747,0.0055200362786532375,47.0,5.0,"BUY because predicted alpha is in the top decile. Main contributors were mom_5, intraday_return, hl_range_20. Liquidity filter passed."
2026-05-12,MCAA,0.0,0.0,0.0,0.0,4405.0,2.0,
2026-05-12,MCAC,0.0,0.0,0.0,0.0,4406.0,2.0,
2026-05-12,MCAD,0.0,0.0,0.0,0.0,4407.0,2.0,
2026-05-12,MCAE,0.0,0.0,0.0,0.0,4408.0,2.0,
2026-05-12,MCAF,0.0,0.0,0.0,0.0,4409.0,2.0,
2026-05-12,MCAG,0.0,0.0,0.0,0.0,4410.0,2.0,
2026-05-12,MCBC,0.0,0.0,0.0,0.0,4411.0,2.0,
2026-05-12,MCBK,0.0,0.0,0.0,0.0,4412.0,2.0,
2026-05-12,MCBS,0.0,0.0,0.0,0.0014464200302228246,1084.0,4.0,
2026-05-12,MCCC,0.0,0.0,0.0,0.0,4413.0,2.0,
2026-05-12,MCEP,0.0,0.0,0.0,0.0,4414.0,2.0,
2026-05-12,MCFE,0.0,0.0,0.0,0.0,4415.0,2.0,
2026-05-12,MCFT,0.002860599542949321,0.002890173410404624,-2.9573867455303087e-05,0.0034409737023682325,293.0,5.0,"SELL because predicted alpha is in the top decile. Main contributors were parkinson_vol_20, intraday_return, volatility_63. Liquidity filter passed."
2026-05-12,MCGA,0.0,0.0,0.0,-0.0009861207143891451,6831.0,1.0,
2026-05-12,MCGC,0.0,0.0,0.0,0.0,4416.0,2.0,
2026-05-12,MCHB,0.0,0.0,0.0,0.002413985057977311,641.0,5.0,
2026-05-12,MCHP,0.0,0.0,0.0,1.946615454786664e-05,1932.0,3.0,
2026-05-12,MCHPP,0.0,0.0,0.0,0.001890274834954638,862.0,4.0,
2026-05-12,MCHX,0.0,0.0,0.0,0.001326919529532717,1156.0,4.0,
2026-05-12,MCLB,0.0,0.0,0.0,0.0,4417.0,2.0,
2026-05-12,MCLB.W,0.0,0.0,0.0,0.0,4418.0,2.0,
2026-05-12,MCLD,0.0,0.0,0.0,0.0,4419.0,2.0,
2026-05-12,MCMJ,0.0,0.0,0.0,0.0,4420.0,2.0,
2026-05-12,MCOM,0.0,0.0,0.0,0.0,4421.0,2.0,
2026-05-12,MCOX,0.0,0.0,0.0,0.0,4422.0,2.0,
2026-05-12,MCRB,0.0,0.0,0.0,-0.0008977250581959887,6790.0,2.0,
2026-05-12,MCRI,0.0,0.0,0.0,0.00039254265776025513,1714.0,3.0,
2026-05-12,MCRL,0.0,0.0,0.0,0.0,4423.0,2.0,
2026-05-12,MCRS,0.0,0.0,0.0,0.0,4424.0,2.0,
2026-05-12,MCTA,0.0,0.0,0.0,0.0,4425.0,2.0,
2026-05-12,MCTR,0.0,0.0,0.0,0.0,4426.0,2.0,
2026-05-12,MCUR,0.0,0.0,0.0,0.0,4427.0,2.0,
2026-05-12,MCW,-0.002860599542949321,-0.002890173410404624,2.9573867455303087e-05,-0.00327368017342042,7253.0,1.0,"COVER because predicted alpha is in the bottom decile. Main contributors were hl_range_20, price_kurt_63, close_to_high_20. Liquidity filter passed."
2026-05-12,MDAI,0.00046511627906976747,0.0,0.00046511627906976747,0.0043137738889541385,136.0,5.0,"BUY because predicted alpha is in the top decile. Main contributors were intraday_return, parkinson_vol_20, mom_1. Liquidity filter passed."
2026-05-12,MDAS,0.0,0.0,0.0,0.0,4428.0,2.0,
2026-05-12,MDB,0.0,0.0,0.0,0.0021794049190647113,751.0,5.0,
2026-05-12,MDBH,0.0,0.0,0.0,0.004744994468857928,94.0,5.0,
2026-05-12,MDCA,0.0,0.0,0.0,0.0,4429.0,2.0,
2026-05-12,MDCI,0.0,0.0,0.0,0.0,4430.0,2.0,
2026-05-12,MDCO,0.0,0.0,0.0,0.0,4431.0,2.0,
2026-05-12,MDCX,0.0,0.0,0.0,-0.0052103800515552415,7386.0,1.0,
2026-05-12,MDGL,0.0,0.0,0.0,0.0011991719658904201,1222.0,4.0,
2026-05-12,MDGN,0.0,0.0,0.0,0.0,4432.0,2.0,
2026-05-12,MDIA,0.0,0.0,0.0,0.00386277692856049,204.0,5.0,
2026-05-12,MDJH,0.0,0.0,0.0,0.0,4433.0,2.0,
2026-05-12,MDLN,0.0,0.0,0.0,0.00039277634236341286,1713.0,3.0,
2026-05-12,MDLZ,0.0,0.0,0.0,0.0009288164470368376,1384.0,4.0,
2026-05-12,MDM,0.0,0.0,0.0,0.0,4434.0,2.0,
2026-05-12,MDNA,0.0,0.0,0.0,0.0,4435.0,2.0,
2026-05-12,MDRR,0.0,0.0,0.0,0.0,4436.0,2.0,
2026-05-12,MDRX,0.0,0.0,0.0,0.0,4437.0,2.0,
2026-05-12,MDSO,0.0,0.0,0.0,0.0,4438.0,2.0,
2026-05-12,MDSY,0.0,0.0,0.0,0.0,4439.0,2.0,
2026-05-12,MDVL,0.0,0.0,0.0,0.0,4440.0,2.0,
2026-05-12,MDVN,0.0,0.0,0.0,0.0,4441.0,2.0,
2026-05-12,MDVX,0.0,0.0,0.0,0.0,4442.0,2.0,
2026-05-12,MDVX.U,0.0,0.0,0.0,0.0,4443.0,2.0,
2026-05-12,MDVX.W,0.0,0.0,0.0,0.0,4444.0,2.0,
2026-05-12,MDWD,0.0,0.0,0.0,0.0005925151849653194,1593.0,3.0,
2026-05-12,MDWT,0.0,0.0,0.0,0.0,4445.0,2.0,
2026-05-12,MDXG,0.0,0.0,0.0,-0.00015682496915829785,6425.0,2.0,
2026-05-12,MDXH,0.0,0.0,0.0,0.0031867065682343156,358.0,5.0,
2026-05-12,ME,0.0,0.0,0.0,0.0,4446.0,2.0,
2026-05-12,MEAC,0.0,0.0,0.0,0.0,4447.0,2.0,
2026-05-12,MEAS,0.0,0.0,0.0,0.0,4448.0,2.0,
2026-05-12,MEDP,0.0,0.0,0.0,0.0006933715821973323,1528.0,3.0,
2026-05-12,MEDS,0.0,0.0,0.0,0.0,4449.0,2.0,
2026-05-12,MEET,0.0,0.0,0.0,0.0,4450.0,2.0,
2026-05-12,MEGL,0.0,0.0,0.0,0.004184597373016917,151.0,5.0,
2026-05-12,MEHA,-0.0023954832638795535,-0.002890173410404624,0.0004946901465250706,-0.0018760189446808163,7073.0,1.0,"COVER because predicted alpha is in the bottom decile. Main contributors were parkinson_vol_20, volatility_10, mom_21. Liquidity filter passed."
2026-05-12,MEIL,0.0,0.0,0.0,0.0,4451.0,2.0,
2026-05-12,MEIL.W,0.0,0.0,0.0,0.0,4452.0,2.0,
2026-05-12,MEIL.Z,0.0,0.0,0.0,0.0,4453.0,2.0,
2026-05-12,MEIP,0.0,0.0,0.0,0.0,4454.0,2.0,
2026-05-12,MEKA,0.0,0.0,0.0,0.0,4455.0,2.0,
2026-05-12,MELA,0.0,0.0,0.0,0.0,4456.0,2.0,
2026-05-12,MELI,-0.002860599542949321,-0.002890173410404624,2.9573867455303087e-05,-0.003328552495911818,7256.0,1.0,"COVER because predicted alpha is in the bottom decile. Main contributors were hl_range_20, sales_to_price, volume_z_60. Liquidity filter passed."
2026-05-12,MELR,0.0,0.0,0.0,0.0,4457.0,2.0,
2026-05-12,MENS,0.0,0.0,0.0,0.0008254389282595581,1440.0,4.0,
2026-05-12,MENT,0.0,0.0,0.0,0.0,4458.0,2.0,
2026-05-12,MEOA,0.0,0.0,0.0,0.0,4459.0,2.0,
2026-05-12,MEOH,0.0,0.0,0.0,0.0006378610028192064,1564.0,3.0,
2026-05-12,MERC,0.0,0.0,0.0,-0.0009990853495402332,6835.0,1.0,
2026-05-12,MERU,0.0,0.0,0.0,0.0,4460.0,2.0,
2026-05-12,MESA,0.0,0.0,0.0,0.0,4461.0,2.0,
2026-05-12,MESG,0.0,0.0,0.0,0.0,4462.0,2.0,
2026-05-12,MESH,0.0,0.0,0.0,-0.00024752104321483937,6472.0,2.0,
2026-05-12,META,0.0,0.0,0.0,0.0009770832554042114,1367.0,4.0,
2026-05-12,METC,-0.00046511627906976747,0.0,-0.00046511627906976747,-0.0027415569446529076,7195.0,1.0,"SHORT because predicted alpha is in the bottom decile. Main contributors were intraday_return, volume_z_60, close_to_high_20. Liquidity filter passed."
2026-05-12,METCB,0.0,0.0,0.0,0.000808556263296772,1453.0,4.0,
2026-05-12,METCI,0.0,0.0,0.0,-0.0020122743534568477,7099.0,1.0,
2026-05-12,METCL,0.0,0.0,0.0,0.0,4463.0,2.0,
2026-05-12,METCZ,0.0,0.0,0.0,-5.019315839320179e-06,6345.0,2.0,
2026-05-12,METR,0.0,0.0,0.0,0.0,4464.0,2.0,
2026-05-12,METX,0.0,0.0,0.0,0.0,4465.0,2.0,
2026-05-12,MEVO,0.0,0.0,0.0,0.0,4466.0,2.0,
2026-05-12,MFH,0.0,0.0,0.0,0.0,4467.0,2.0,
2026-05-12,MFI,0.0,0.0,0.0,0.0007906986074549328,1466.0,4.0,
2026-05-12,MFIC,0.0,0.0,0.0,0.0006533520780851109,1551.0,3.0,
2026-05-12,MFICL,0.0,0.0,0.0,-0.0028941411415813133,7211.0,1.0,
2026-05-12,MFIN,0.0,0.0,0.0,0.0007063729232412654,1520.0,3.0,
2026-05-12,MFIN.L,0.0,0.0,0.0,0.0,4468.0,2.0,
2026-05-12,MFINL,0.0,0.0,0.0,0.0,4469.0,2.0,
2026-05-12,MFNC,0.0,0.0,0.0,0.0,4470.0,2.0,
2026-05-12,MFRI,0.0,0.0,0.0,0.0,4471.0,2.0,
2026-05-12,MFRM,0.0,0.0,0.0,0.0,4472.0,2.0,
2026-05-12,MFSF,0.0,0.0,0.0,0.0,4473.0,2.0,
2026-05-12,MGAM,0.0,0.0,0.0,0.0,4474.0,2.0,
2026-05-12,MGCD,0.0,0.0,0.0,0.0,4475.0,2.0,
2026-05-12,MGEE,-0.00046511627906976747,0.0,-0.00046511627906976747,-0.003237914849598547,7251.0,1.0,"SHORT because predicted alpha is in the bottom decile. Main contributors were hl_range_20, volume_z_60, close_to_high_20. Liquidity filter passed."
2026-05-12,MGEN,0.0,0.0,0.0,0.0,4476.0,2.0,
2026-05-12,MGI,0.0,0.0,0.0,0.0,4477.0,2.0,
2026-05-12,MGIC,0.0,0.0,0.0,0.0,4478.0,2.0,
2026-05-12,MGIH,0.0,0.0,0.0,0.0016000253421066734,1007.0,4.0,
2026-05-12,MGLN,0.0,0.0,0.0,0.0,4479.0,2.0,
2026-05-12,MGN,0.0,0.0,0.0,-0.006729134088650471,7444.0,1.0,
2026-05-12,MGNI,0.0,0.0,0.0,-0.0005837053724190911,6660.0,2.0,
2026-05-12,MGNX,-0.00046511627906976747,0.0,-0.00046511627906976747,-0.005165541473687732,7381.0,1.0,"SHORT because predicted alpha is in the bottom decile. Main contributors were volume_z_60, mom_1, close_to_high_20. Liquidity filter passed."
2026-05-12,MGOL,0.0,0.0,0.0,0.0,4480.0,2.0,
2026-05-12,MGPI,0.0,0.0,0.0,-0.00025420160416123104,6481.0,2.0,
2026-05-12,MGRC,0.0,0.0,0.0,0.0008949188000117004,1403.0,4.0,
2026-05-12,MGRM,0.0,0.0,0.0,0.0,4481.0,2.0,
2026-05-12,MGRT,-0.002860599542949321,-0.002890173410404624,2.9573867455303087e-05,-0.00812563035577476,7482.0,1.0,"COVER because predicted alpha is in the bottom decile. Main contributors were parkinson_vol_20, volatility_63, dist_52w_low. Liquidity filter passed."
2026-05-12,MGRX,0.0,0.0,0.0,-0.0011905279953798443,6899.0,1.0,
2026-05-12,MGTA,0.0,0.0,0.0,0.0,4482.0,2.0,
2026-05-12,MGTX,0.0,0.0,0.0,0.0007031643264151458,1521.0,3.0,
2026-05-12,MGX,0.0,0.0,0.0,-0.00038387043310558636,6561.0,2.0,
2026-05-12,MGYR,0.0,0.0,0.0,-0.00029849562889074424,6510.0,2.0,
2026-05-12,MHGC,0.0,0.0,0.0,0.0,4483.0,2.0,
2026-05-12,MHLD,0.0,0.0,0.0,0.0,4484.0,2.0,
2026-05-12,MHUA,0.0,0.0,0.0,0.0,4485.0,2.0,
2026-05-12,MICS,0.0,0.0,0.0,0.0,4486.0,2.0,
2026-05-12,MICT,0.0,0.0,0.0,0.0,4487.0,2.0,
2026-05-12,MICT.W,0.0,0.0,0.0,0.0,4488.0,2.0,
2026-05-12,MIDD,0.0,0.0,0.0,0.0011235924705038799,1267.0,4.0,
2026-05-12,MIFI,0.0,0.0,0.0,0.0,4489.0,2.0,
2026-05-12,MIGI,0.0,0.0,0.0,0.0,4490.0,2.0,
2026-05-12,MIII,0.0,0.0,0.0,0.0,4491.0,2.0,
2026-05-12,MIII.U,0.0,0.0,0.0,0.0,4492.0,2.0,
2026-05-12,MIII.W,0.0,0.0,0.0,0.0,4493.0,2.0,
2026-05-12,MIK,0.0,0.0,0.0,0.0,4494.0,2.0,
2026-05-12,MILE,0.0,0.0,0.0,0.0,4495.0,2.0,
2026-05-12,MIME,0.0,0.0,0.0,0.0,4496.0,2.0,
2026-05-12,MIMI,0.0,0.0,0.0,0.0010024920919559565,1352.0,4.0,
2026-05-12,MIND,0.0,0.0,0.0,0.0037517858880522273,226.0,5.0,
2026-05-12,MIND.P,0.0,0.0,0.0,0.0,4497.0,2.0,
2026-05-12,MINI,0.0,0.0,0.0,0.0,4498.0,2.0,
2026-05-12,MINM,0.0,0.0,0.0,0.0,4499.0,2.0,
2026-05-12,MIPI,0.0,0.0,0.0,0.0,4500.0,2.0,
2026-05-12,MIPS,0.0,0.0,0.0,0.0,4501.0,2.0,
2026-05-12,MIRA,0.0,0.0,0.0,-0.0006464263621420732,6689.0,2.0,
2026-05-12,MIRM,0.0,0.0,0.0,0.0006825148574544719,1532.0,3.0,
2026-05-12,MIRN,0.0,0.0,0.0,0.0,4502.0,2.0,
2026-05-12,MIRO,0.0,0.0,0.0,0.0,4503.0,2.0,
2026-05-12,MIST,0.0,0.0,0.0,0.0028491013208018817,469.0,5.0,
2026-05-12,MITA,0.0,0.0,0.0,0.0,4504.0,2.0,
2026-05-12,MITI,0.0,0.0,0.0,0.0,4505.0,2.0,
2026-05-12,MITK,0.0,0.0,0.0,0.0006509426993930933,1553.0,3.0,
2026-05-12,MITL,0.0,0.0,0.0,0.0,4506.0,2.0,
2026-05-12,MJCO,0.0,0.0,0.0,0.0,4507.0,2.0,
2026-05-12,MJID,0.0,0.0,0.0,0.0,4508.0,2.0,
2026-05-12,MKDW,0.0,0.0,0.0,-0.0029442188396679655,7222.0,1.0,
2026-05-12,MKGI,0.0,0.0,0.0,0.0,4509.0,2.0,
2026-05-12,MKLY,0.0,0.0,0.0,-0.0007200488079269927,6718.0,2.0,
2026-05-12,MKSI,0.002860599542949321,0.002890173410404624,-2.9573867455303087e-05,0.003668816849829548,243.0,5.0,"SELL because predicted alpha is in the top decile. Main contributors were parkinson_vol_20, mom_252, mom_5. Liquidity filter passed."
2026-05-12,MKTO,0.0,0.0,0.0,0.0,4510.0,2.0,
2026-05-12,MKTW,0.0,0.0,0.0,0.0017376242941101758,935.0,4.0,
2026-05-12,MKTX,0.0,0.0,0.0,0.0007638583681670719,1485.0,4.0,
2026-05-12,MKTY,0.0,0.0,0.0,0.0,4511.0,2.0,
2026-05-12,MKUL,0.0,0.0,0.0,0.0,4512.0,2.0,
2026-05-12,MKZR,0.0,0.0,0.0,0.0017791111989447661,918.0,4.0,
2026-05-12,MLAA,0.0,0.0,0.0,-0.0005527808124552178,6651.0,2.0,
2026-05-12,MLAB,0.0,0.0,0.0,-0.0007017567742478782,6708.0,2.0,
2026-05-12,MLAC,0.0,0.0,0.0,0.000597843385257658,1591.0,3.0,
2026-05-12,MLAI,0.0,0.0,0.0,0.0,4513.0,2.0,
2026-05-12,MLCI,0.0,0.0,0.0,0.004640500133236851,100.0,5.0,
2026-05-12,MLCIL,0.0,0.0,0.0,-0.00026603149132377584,6489.0,2.0,
2026-05-12,MLEC,0.0,0.0,0.0,-0.006537541087770544,7435.0,1.0,
2026-05-12,MLGO,0.0,0.0,0.0,0.0014953937123039266,1058.0,4.0,
2026-05-12,MLKN,0.0,0.0,0.0,0.001490132571500018,1060.0,4.0,
2026-05-12,MLND,0.0,0.0,0.0,0.0,4514.0,2.0,
2026-05-12,MLNT,0.0,0.0,0.0,0.0,4515.0,2.0,
2026-05-12,MLNX,0.0,0.0,0.0,0.0,4516.0,2.0,
2026-05-12,MLTX,-0.0023954832638795535,-0.002890173410404624,0.0004946901465250706,7.985306492003641e-05,1906.0,3.0,"COVER because predicted alpha is in the bottom decile. Main contributors were operating_margin, hl_range_20, roa. Liquidity filter passed."
2026-05-12,MLVF,0.0,0.0,0.0,0.0,4517.0,2.0,
2026-05-12,MLYS,0.0,0.0,0.0,0.0027850580450008494,491.0,5.0,
2026-05-12,MMAC,0.0,0.0,0.0,0.0,4518.0,2.0,
2026-05-12,MMAT,0.0,0.0,0.0,0.0,4519.0,2.0,
2026-05-12,MMDM,0.0,0.0,0.0,0.0,4520.0,2.0,
2026-05-12,MMED,0.0023954832638795535,0.002890173410404624,-0.0004946901465250706,0.001609630730044733,1004.0,4.0,"SELL because predicted alpha is in the top decile. Main contributors were parkinson_vol_20, close_to_high_20, volume_z_20. Liquidity filter passed."
2026-05-12,MMLP,0.0,0.0,0.0,0.0018999007540958016,860.0,4.0,
2026-05-12,MMMB,0.0,0.0,0.0,0.0,4521.0,2.0,
2026-05-12,MMSI,0.0,0.0,0.0,0.00024383267111490037,1790.0,3.0,
2026-05-12,MMTX,0.0,0.0,0.0,0.0,4522.0,2.0,
2026-05-12,MMV,0.0,0.0,0.0,0.0,4523.0,2.0,
2026-05-12,MMYT,0.0,0.0,0.0,0.002401826071632037,645.0,5.0,
2026-05-12,MNCL,0.0,0.0,0.0,0.0,4524.0,2.0,
2026-05-12,MNDL,0.0,0.0,0.0,0.0,4525.0,2.0,
2026-05-12,MNDO,0.0,0.0,0.0,-0.002454635713375201,7170.0,1.0,
2026-05-12,MNDR,0.0,0.0,0.0,0.0005698135705179425,1610.0,3.0,
2026-05-12,MNDT,0.0,0.0,0.0,0.0,4526.0,2.0,
2026-05-12,MNDY,0.0,0.0,0.0,0.0030717053480094586,394.0,5.0,
2026-05-12,MNGA,0.0,0.0,0.0,0.0,4527.0,2.0,
2026-05-12,MNKD,0.0,0.0,0.0,0.0030056553636676805,416.0,5.0,
2026-05-12,MNLO,0.0,0.0,0.0,0.0,4528.0,2.0,
2026-05-12,MNMD,0.0,0.0,0.0,0.0,4529.0,2.0,
2026-05-12,MNOV,0.0,0.0,0.0,0.0006607295102810252,1546.0,3.0,
2026-05-12,MNPR,0.00046511627906976747,0.0,0.00046511627906976747,0.0036239148763693497,252.0,5.0,"BUY because predicted alpha is in the top decile. Main contributors were current_ratio, intraday_return, parkinson_vol_20. Liquidity filter passed."
2026-05-12,MNRK,0.0,0.0,0.0,0.0,4530.0,2.0,
2026-05-12,MNRO,0.0,0.0,0.0,0.0007922738996306814,1463.0,4.0,
2026-05-12,MNSB,0.0,0.0,0.0,0.0011431457246578887,1248.0,4.0,
2026-05-12,MNSBP,0.0,0.0,0.0,-0.0032333506953835735,7249.0,1.0,
2026-05-12,MNST,0.0,0.0,0.0,0.001533777139084251,1041.0,4.0,
2026-05-12,MNTA,0.0,0.0,0.0,0.0,4531.0,2.0,
2026-05-12,MNTG,0.0,0.0,0.0,0.0,4532.0,2.0,
2026-05-12,MNTK,0.0,0.0,0.0,0.002676985951945428,537.0,5.0,
2026-05-12,MNTS,-0.0023954832638795535,-0.002890173410404624,0.0004946901465250706,-0.0006625895642939447,6693.0,2.0,"COVER because predicted alpha is in the bottom decile. Main contributors were parkinson_vol_20, volatility_63, volatility_10. Liquidity filter passed."
2026-05-12,MNTV,0.0,0.0,0.0,0.0,4533.0,2.0,
2026-05-12,MNTX,0.0,0.0,0.0,0.0,4534.0,2.0,
2026-05-12,MNY,0.0,0.0,0.0,0.0012131261498951546,1213.0,4.0,
2026-05-12,MOBL,0.0,0.0,0.0,0.0,4535.0,2.0,
2026-05-12,MOBQ,0.0,0.0,0.0,0.0,4536.0,2.0,
2026-05-12,MOBV,0.0,0.0,0.0,0.0,4537.0,2.0,
2026-05-12,MOBX,-0.002860599542949321,-0.002890173410404624,2.9573867455303087e-05,-0.0025251964584133593,7173.0,1.0,"COVER because predicted alpha is in the bottom decile. Main contributors were volatility_63, parkinson_vol_20, roa. Liquidity filter passed."
2026-05-12,MOCO,0.0,0.0,0.0,0.0,4538.0,2.0,
2026-05-12,MODD,0.0,0.0,0.0,-0.0021580433711416336,7122.0,1.0,
2026-05-12,MODV,0.0,0.0,0.0,0.0,4539.0,2.0,
2026-05-12,MOFG,0.0,0.0,0.0,0.0,4540.0,2.0,
2026-05-12,MOGO,0.0,0.0,0.0,0.0,4541.0,2.0,
2026-05-12,MOKO,0.0,0.0,0.0,0.0,4542.0,2.0,
2026-05-12,MOLG,0.0,0.0,0.0,0.0,4543.0,2.0,
2026-05-12,MOLX,0.0,0.0,0.0,0.0,4544.0,2.0,
2026-05-12,MON,0.0,0.0,0.0,0.0,4545.0,2.0,
2026-05-12,MOND,0.0,0.0,0.0,0.0,4546.0,2.0,
2026-05-12,MONT,0.0,0.0,0.0,0.0,4547.0,2.0,
2026-05-12,MORF,0.0,0.0,0.0,0.0,4548.0,2.0,
2026-05-12,MORN,0.0,0.0,0.0,0.001977243251037807,828.0,4.0,
2026-05-12,MOSY,0.0,0.0,0.0,0.0,4549.0,2.0,
2026-05-12,MOTA,0.0,0.0,0.0,0.0,4550.0,2.0,
2026-05-12,MOTN,0.0,0.0,0.0,0.0,4551.0,2.0,
2026-05-12,MOTR,0.0,0.0,0.0,0.0,4552.0,2.0,
2026-05-12,MOTS,0.0,0.0,0.0,0.0,4553.0,2.0,
2026-05-12,MOVE,-0.00046511627906976747,0.0,-0.00046511627906976747,-0.004802703244527638,7365.0,1.0,"SHORT because predicted alpha is in the bottom decile. Main contributors were roa, volatility_63, intraday_return. Liquidity filter passed."
2026-05-12,MOXC,0.0,0.0,0.0,0.0,4554.0,2.0,
2026-05-12,MPAA,0.0,0.0,0.0,0.003647652835204955,248.0,5.0,
2026-05-12,MPAC,0.0,0.0,0.0,0.0,4555.0,2.0,
2026-05-12,MPB,0.0,0.0,0.0,0.0010428732326704204,1324.0,4.0,
2026-05-12,MPET,0.0,0.0,0.0,0.0,4556.0,2.0,
2026-05-12,MPLT,0.0,0.0,0.0,0.0020845650359050784,782.0,4.0,
2026-05-12,MPRA,0.0,0.0,0.0,0.0,4557.0,2.0,
2026-05-12,MPVD,0.0,0.0,0.0,0.0,4558.0,2.0,
2026-05-12,MPWR,0.0,0.0,0.0,0.0011089264132880198,1277.0,4.0,
2026-05-12,MQ,0.0,0.0,0.0,0.0013898061153582058,1126.0,4.0,
2026-05-12,MRAC,0.0,0.0,0.0,0.0,4559.0,2.0,
2026-05-12,MRAI,0.0,0.0,0.0,0.0,4560.0,2.0,
2026-05-12,MRAM,-0.0023954832638795535,-0.002890173410404624,0.0004946901465250706,-0.002293829486801064,7144.0,1.0,"COVER because predicted alpha is in the bottom decile. Main contributors were parkinson_vol_20, volume_z_60, intraday_return. Liquidity filter passed."
2026-05-12,MRBK,0.0,0.0,0.0,0.0012261465821134846,1205.0,4.0,
2026-05-12,MRCC,0.0,0.0,0.0,0.0,4561.0,2.0,
2026-05-12,MRCCL,0.0,0.0,0.0,0.0,4562.0,2.0,
2026-05-12,MRCY,0.0,0.0,0.0,0.0003028124998964734,1761.0,3.0,
2026-05-12,MRD,0.0,0.0,0.0,0.0,4563.0,2.0,
2026-05-12,MRDN,0.0,0.0,0.0,-0.000951072163167685,6813.0,2.0,
2026-05-12,MRGE,0.0,0.0,0.0,0.0,4564.0,2.0,
2026-05-12,MRIC,0.0,0.0,0.0,0.0,4565.0,2.0,
2026-05-12,MRIN,0.0,0.0,0.0,0.0,4566.0,2.0,
2026-05-12,MRKR,0.0,0.0,0.0,0.0007609164387089952,1490.0,4.0,
2026-05-12,MRKT,0.0,0.0,0.0,0.0,4567.0,2.0,
2026-05-12,MRLN,-0.0023954832638795535,-0.002890173410404624,0.0004946901465250706,0.0006643356931801871,1543.0,3.0,"COVER because predicted alpha is in the bottom decile. Main contributors were parkinson_vol_20, volatility_63, volatility_10. Liquidity filter passed."
2026-05-12,MRNA,0.0,0.0,0.0,0.0013911805825333242,1124.0,4.0,
2026-05-12,MRNO,0.0,0.0,0.0,0.0032869239624746345,333.0,5.0,
2026-05-12,MRNS,0.0,0.0,0.0,0.0,4568.0,2.0,
2026-05-12,MRSN,0.0,0.0,0.0,0.0,4569.0,2.0,
2026-05-12,MRTN,0.0,0.0,0.0,0.0011763407904202237,1233.0,4.0,
2026-05-12,MRTX,0.0,0.0,0.0,0.0,4570.0,2.0,
2026-05-12,MRUS,0.0,0.0,0.0,0.0,4571.0,2.0,
2026-05-12,MRVC,0.0,0.0,0.0,0.0,4572.0,2.0,
2026-05-12,MRVI,0.00046511627906976747,0.0,0.00046511627906976747,0.004121066623813553,157.0,5.0,"BUY because predicted alpha is in the top decile. Main contributors were mom_5, mom_21, parkinson_vol_20. Liquidity filter passed."
2026-05-12,MRVL,0.0,0.0,0.0,0.0021458284596054256,762.0,4.0,
2026-05-12,MRX,0.0,0.0,0.0,0.0006679771273422185,1539.0,3.0,
2026-05-12,MSAC,0.0,0.0,0.0,0.0,4573.0,2.0,
2026-05-12,MSAI,0.0,0.0,0.0,0.00014823044626670912,1861.0,3.0,
2026-05-12,MSBF,0.0,0.0,0.0,0.0,4574.0,2.0,
2026-05-12,MSBI,0.0,0.0,0.0,-0.0002939381005427234,6506.0,2.0,
2026-05-12,MSCC,0.0,0.0,0.0,0.0,4575.0,2.0,
2026-05-12,MSDA,0.0,0.0,0.0,0.0,4576.0,2.0,
2026-05-12,MSDI,0.0,0.0,0.0,0.0,4577.0,2.0,
2026-05-12,MSDI.W,0.0,0.0,0.0,0.0,4578.0,2.0,
2026-05-12,MSEX,0.0,0.0,0.0,-0.0008399973962758754,6764.0,2.0,
2026-05-12,MSFG,0.0,0.0,0.0,0.0,4579.0,2.0,
2026-05-12,MSFT,0.0,0.0,0.0,0.0002005562322203463,1828.0,3.0,
2026-05-12,MSGM,0.0,0.0,0.0,0.0040393882003865915,172.0,5.0,
2026-05-12,MSGY,0.0,0.0,0.0,-0.0032041589120118913,7245.0,1.0,
2026-05-12,MSLE,0.0,0.0,0.0,0.0026657765958598856,544.0,5.0,
2026-05-12,MSLI,0.0,0.0,0.0,0.0,4580.0,2.0,
2026-05-12,MSON,0.0,0.0,0.0,0.0,4581.0,2.0,
2026-05-12,MSPR,0.0,0.0,0.0,0.0,4582.0,2.0,
2026-05-12,MSS,0.0,0.0,0.0,-0.00035649806503353543,6544.0,2.0,
2026-05-12,MSSA,0.0,0.0,0.0,0.0,4583.0,2.0,
2026-05-12,MSTR,0.00046511627906976747,0.0,0.00046511627906976747,0.004329927350656772,134.0,5.0,"BUY because predicted alpha is in the top decile. Main contributors were parkinson_vol_20, mom_21, log_dollar_vol_20. Liquidity filter passed."
2026-05-12,MSVB,0.0,0.0,0.0,0.0,4584.0,2.0,
2026-05-12,MSW,0.0,0.0,0.0,0.0017700633256138715,921.0,4.0,
2026-05-12,MTAC,0.0,0.0,0.0,0.0,4585.0,2.0,
2026-05-12,MTBC.P,0.0,0.0,0.0,0.0,4586.0,2.0,
2026-05-12,MTC,0.0,0.0,0.0,-0.002643811931511055,7186.0,1.0,
2026-05-12,MTCH,0.0,0.0,0.0,0.0026165235740949013,568.0,5.0,
2026-05-12,MTCR,0.0,0.0,0.0,0.0,4587.0,2.0,
2026-05-12,MTEC,0.0,0.0,0.0,0.0,4588.0,2.0,
2026-05-12,MTEK,0.0,0.0,0.0,0.0011426404544325273,1249.0,4.0,
2026-05-12,MTEM,0.0,0.0,0.0,0.0,4589.0,2.0,
2026-05-12,MTEN,0.0,0.0,0.0,0.002096087756582103,778.0,4.0,
2026-05-12,MTEX,0.0,0.0,0.0,0.004364172485258465,130.0,5.0,
2026-05-12,MTGE,0.0,0.0,0.0,0.0,4590.0,2.0,
2026-05-12,MTGE.P,0.0,0.0,0.0,0.0,4591.0,2.0,
2026-05-12,MTRX,0.0,0.0,0.0,-0.001038525743785928,6853.0,1.0,
2026-05-12,MTRY,0.0,0.0,0.0,0.0,4592.0,2.0,
2026-05-12,MTSC,0.0,0.0,0.0,0.0,4593.0,2.0,
2026-05-12,MTSI,0.0,0.0,0.0,0.0022748990738586028,702.0,5.0,
2026-05-12,MTSL,0.0,0.0,0.0,0.0,4594.0,2.0,
2026-05-12,MTSN,0.0,0.0,0.0,0.0,4595.0,2.0,
2026-05-12,MTSR,0.0,0.0,0.0,0.0,4596.0,2.0,
2026-05-12,MTTR,0.0,0.0,0.0,0.0,4597.0,2.0,
2026-05-12,MTVA,0.0,0.0,0.0,0.0003488999472541017,1733.0,3.0,
2026-05-12,MTXX,0.0,0.0,0.0,0.0,4598.0,2.0,
2026-05-12,MU,0.002860599542949321,0.002890173410404624,-2.9573867455303087e-05,0.0055409745570129745,46.0,5.0,"SELL because predicted alpha is in the top decile. Main contributors were mom_252, mom_21, mom_5. Liquidity filter passed."
2026-05-12,MUDS,0.0,0.0,0.0,0.0,4599.0,2.0,
2026-05-12,MULN,0.0,0.0,0.0,0.0,4600.0,2.0,
2026-05-12,MURA,0.0,0.0,0.0,0.0,4601.0,2.0,
2026-05-12,MURAV,0.0,0.0,0.0,0.0,4602.0,2.0,
2026-05-12,MURF,0.0,0.0,0.0,0.0,4603.0,2.0,
2026-05-12,MUZE,0.0,0.0,0.0,-0.0010216006184430642,6847.0,1.0,
2026-05-12,MVBF,0.0,0.0,0.0,-0.0004950749115237612,6619.0,2.0,
2026-05-12,MVIR,0.0,0.0,0.0,0.0,4604.0,2.0,
2026-05-12,MVIS,0.0,0.0,0.0,0.0024846643340636376,618.0,5.0,
2026-05-12,MVLA,0.0,0.0,0.0,0.0,4605.0,2.0,
2026-05-12,MVNR,0.0,0.0,0.0,0.0,4606.0,2.0,
2026-05-12,MVST,-0.00046511627906976747,0.0,-0.00046511627906976747,-0.0053795347361079975,7391.0,1.0,"SHORT because predicted alpha is in the bottom decile. Main contributors were volume_z_60, intraday_return, mom_5. Liquidity filter passed."
2026-05-12,MWH,0.0,0.0,0.0,-0.0002515623545378304,6476.0,2.0,
2026-05-12,MWIV,0.0,0.0,0.0,0.0,4607.0,2.0,
2026-05-12,MWK,0.0,0.0,0.0,0.0,4608.0,2.0,
2026-05-12,MWRX,0.0,0.0,0.0,0.0,4609.0,2.0,
2026-05-12,MWYN,0.0,0.0,0.0,-0.0018690829563025183,7070.0,1.0,
2026-05-12,MXCT,0.0,0.0,0.0,-4.424049365170295e-05,6361.0,2.0,
2026-05-12,MXIM,0.0,0.0,0.0,0.0,4610.0,2.0,
2026-05-12,MXL,0.002860599542949321,0.002890173410404624,-2.9573867455303087e-05,0.006527718426075452,15.0,5.0,"SELL because predicted alpha is in the top decile. Main contributors were hl_range_20, mom_21, mom_252. Liquidity filter passed."
2026-05-12,MXPT,0.0,0.0,0.0,0.0,4611.0,2.0,
2026-05-12,MXWL,0.0,0.0,0.0,0.0,4612.0,2.0,
2026-05-12,MYFW,0.0,0.0,0.0,-0.0014970687776185963,6993.0,1.0,
2026-05-12,MYGN,0.0,0.0,0.0,0.0003590759860712941,1728.0,3.0,
2026-05-12,MYL,0.0,0.0,0.0,0.0,4613.0,2.0,
2026-05-12,MYMD,0.0,0.0,0.0,0.0,4614.0,2.0,
2026-05-12,MYNZ,0.0,0.0,0.0,0.0,4615.0,2.0,
2026-05-12,MYOK,0.0,0.0,0.0,0.0,4616.0,2.0,
2026-05-12,MYOS,0.0,0.0,0.0,0.0,4617.0,2.0,
2026-05-12,MYPS,0.0,0.0,0.0,0.003116443714148507,376.0,5.0,
2026-05-12,MYRG,0.0,0.0,0.0,0.0015673351775949773,1027.0,4.0,
2026-05-12,MYRX,0.0,0.0,0.0,0.0,4618.0,2.0,
2026-05-12,MYSE,0.0,0.0,0.0,0.0004728301657248458,1665.0,3.0,
2026-05-12,MYSZ,0.0,0.0,0.0,0.003484093307027629,284.0,5.0,
2026-05-12,MYT,0.0,0.0,0.0,0.0,4619.0,2.0,
2026-05-12,MZTI,0.0,0.0,0.0,-0.0022331615414993905,7133.0,1.0,
2026-05-12,nan,0.0,0.0,0.0,0.0,4620.0,2.0,
2026-05-12,NAAC,0.0,0.0,0.0,0.0,4621.0,2.0,
2026-05-12,NAGE,0.0,0.0,0.0,0.0010556386109878712,1312.0,4.0,
2026-05-12,NAII,0.0,0.0,0.0,0.0005248770934473244,1630.0,3.0,
2026-05-12,NAKA,0.0,0.0,0.0,0.0021853779884978006,745.0,5.0,
2026-05-12,NAKD,0.0,0.0,0.0,0.0,4622.0,2.0,
2026-05-12,NAME,0.0,0.0,0.0,0.0,4623.0,2.0,
2026-05-12,NAME.V,0.0,0.0,0.0,0.0,4624.0,2.0,
2026-05-12,NAMM,0.0,0.0,0.0,0.0009227178106459106,1386.0,4.0,
2026-05-12,NAMS,0.0,0.0,0.0,0.0024450633176480983,632.0,5.0,
2026-05-12,NANO,0.0,0.0,0.0,0.0,4625.0,2.0,
2026-05-12,NAOV,0.0,0.0,0.0,0.0,4626.0,2.0,
2026-05-12,NARI,0.0,0.0,0.0,0.0,4627.0,2.0,
2026-05-12,NASB,0.0,0.0,0.0,0.0,4628.0,2.0,
2026-05-12,NATH,0.0,0.0,0.0,0.001618060686711155,995.0,4.0,
2026-05-12,NATI,0.0,0.0,0.0,0.0,4629.0,2.0,
2026-05-12,NATR,0.0,0.0,0.0,0.0013582791307296899,1137.0,4.0,
2026-05-12,NAUH,0.0,0.0,0.0,0.0,4630.0,2.0,
2026-05-12,NAUT,-0.0023954832638795535,-0.002890173410404624,0.0004946901465250706,0.0024288741816844645,637.0,5.0,"COVER because predicted alpha is in the bottom decile. Main contributors were volatility_63, dist_52w_low, close_to_high_20. Liquidity filter failed."
2026-05-12,NAVG,0.0,0.0,0.0,0.0,4631.0,2.0,
2026-05-12,NAVI,0.0,0.0,0.0,9.94127311054797e-05,1896.0,3.0,
2026-05-12,NAVN,0.0,0.0,0.0,0.0003529277410943708,1732.0,3.0,
2026-05-12,NAYA,0.0,0.0,0.0,0.0,4632.0,2.0,
2026-05-12,NB,0.002860599542949321,0.002890173410404624,-2.9573867455303087e-05,0.004079161962366336,166.0,5.0,"SELL because predicted alpha is in the top decile. Main contributors were current_ratio, volume_z_60, hl_range_20. Liquidity filter passed."
2026-05-12,NBAC,0.0,0.0,0.0,0.0,4633.0,2.0,
2026-05-12,NBBC,0.0,0.0,0.0,0.0,4634.0,2.0,
2026-05-12,NBBK,0.0,0.0,0.0,-0.00021140821737177423,6458.0,2.0,
2026-05-12,NBCB,0.0,0.0,0.0,0.0,4635.0,2.0,
2026-05-12,NBEV,0.0,0.0,0.0,0.0,4636.0,2.0,
2026-05-12,NBIS,0.00046511627906976747,0.0,0.00046511627906976747,0.00392828743333158,192.0,5.0,"BUY because predicted alpha is in the top decile. Main contributors were mom_252, hl_range_20, log_dollar_vol_20. Liquidity filter passed."
2026-05-12,NBIX,0.0,0.0,0.0,-0.0003324457670878634,6531.0,2.0,
2026-05-12,NBL,0.0,0.0,0.0,0.0,4637.0,2.0,
2026-05-12,NBN,0.0,0.0,0.0,0.002850939081440483,467.0,5.0,
2026-05-12,NBRG,0.0,0.0,0.0,0.0,4638.0,2.0,
2026-05-12,NBRV,0.0,0.0,0.0,0.0,4639.0,2.0,
2026-05-12,NBS,0.0,0.0,0.0,0.0,4640.0,2.0,
2026-05-12,NBSE,0.0,0.0,0.0,0.0,4641.0,2.0,
2026-05-12,NBST,0.0,0.0,0.0,0.0,4642.0,2.0,
2026-05-12,NBTB,0.0,0.0,0.0,-0.0020975555715399613,7113.0,1.0,
2026-05-12,NBTF,0.0,0.0,0.0,0.0,4643.0,2.0,
2026-05-12,NCAC,0.0,0.0,0.0,0.0,4644.0,2.0,
2026-05-12,NCBC,0.0,0.0,0.0,0.0,4645.0,2.0,
2026-05-12,NCEL,0.0,0.0,0.0,4.48176254716319e-05,1918.0,3.0,
2026-05-12,NCEW,0.0,0.0,0.0,-0.0011267899394104897,6876.0,1.0,
2026-05-12,NCI,-0.0023954832638795535,-0.002890173410404624,0.0004946901465250706,-0.006227171961294804,7420.0,1.0,"COVER because predicted alpha is in the bottom decile. Main contributors were parkinson_vol_20, volatility_63, volatility_126. Liquidity filter failed."
2026-05-12,NCIT,0.0,0.0,0.0,0.0,4646.0,2.0,
2026-05-12,NCMI,0.0,0.0,0.0,0.0024605598386883056,625.0,5.0,
2026-05-12,NCNC,0.0,0.0,0.0,0.0,4647.0,2.0,
2026-05-12,NCNO,0.0,0.0,0.0,0.0019535282295328102,836.0,4.0,
2026-05-12,NCOC,0.0,0.0,0.0,0.0,4648.0,2.0,
2026-05-12,NCOM,0.0,0.0,0.0,0.0,4649.0,2.0,
2026-05-12,NCPL,0.0,0.0,0.0,0.0012975792479193694,1168.0,4.0,
2026-05-12,NCRA,-0.00046511627906976747,0.0,-0.00046511627906976747,-0.00787091043242959,7477.0,1.0,"SHORT because predicted alpha is in the bottom decile. Main contributors were volume_z_60, mom_5, intraday_return. Liquidity filter passed."
2026-05-12,NCSM,0.0,0.0,0.0,0.004104048405013138,163.0,5.0,
2026-05-12,NCT,0.0,0.0,0.0,-0.00010470190516837993,6389.0,2.0,
2026-05-12,NDAC,0.0,0.0,0.0,0.0,4650.0,2.0,
2026-05-12,NDAQ,0.0,0.0,0.0,0.0011670198019023514,1236.0,4.0,
2026-05-12,NDLS,0.0,0.0,0.0,0.0006469128132116019,1558.0,3.0,
2026-05-12,NDRA,0.0,0.0,0.0,-0.005394442562439075,7392.0,1.0,
2026-05-12,NDRM,0.0,0.0,0.0,0.0,4651.0,2.0,
2026-05-12,NDSN,0.0,0.0,0.0,0.000821713501884481,1443.0,4.0,
2026-05-12,NEBC,0.0,0.0,0.0,0.0,4652.0,2.0,
2026-05-12,NEBU,0.0,0.0,0.0,0.0,4653.0,2.0,
2026-05-12,NECB,0.0,0.0,0.0,0.0008752258252962544,1420.0,4.0,
2026-05-12,NEGG,0.0023954832638795535,0.002890173410404624,-0.0004946901465250706,0.0014723487621083457,1073.0,4.0,"SELL because predicted alpha is in the top decile. Main contributors were close_to_high_20, mom_252, hl_range_20. Liquidity filter passed."
2026-05-12,NEHC,0.0,0.0,0.0,0.0,4654.0,2.0,
2026-05-12,NEI,0.0,0.0,0.0,0.0,4655.0,2.0,
2026-05-12,NENG,0.0,0.0,0.0,0.0,4656.0,2.0,
2026-05-12,NEO,0.0,0.0,0.0,0.002165923400692553,757.0,5.0,
2026-05-12,NEOG,0.0,0.0,0.0,0.0012683349297599074,1182.0,4.0,
2026-05-12,NEON,0.0,0.0,0.0,0.003424371813237742,297.0,5.0,
2026-05-12,NEOS,0.0,0.0,0.0,0.0,4657.0,2.0,
2026-05-12,NEOT,0.0,0.0,0.0,0.0,4658.0,2.0,
2026-05-12,NEOV,0.0,0.0,0.0,0.0034184273397418695,299.0,5.0,
2026-05-12,NEPH,0.0,0.0,0.0,0.002787498946997865,488.0,5.0,
2026-05-12,NEPT,0.0,0.0,0.0,0.0,4659.0,2.0,
2026-05-12,NERV,0.0,0.0,0.0,-0.0023725690585979942,7159.0,1.0,
2026-05-12,NESR,0.0,0.0,0.0,0.0006757098749944224,1535.0,3.0,
2026-05-12,NETD,0.0,0.0,0.0,0.0,4660.0,2.0,
2026-05-12,NETE,0.0,0.0,0.0,0.0,4661.0,2.0,
2026-05-12,NEWA,0.0,0.0,0.0,0.0,4662.0,2.0,
2026-05-12,NEWL,0.0,0.0,0.0,0.0,4663.0,2.0,
2026-05-12,NEWS,0.0,0.0,0.0,0.0,4664.0,2.0,
2026-05-12,NEWT,0.0,0.0,0.0,0.002226818204490324,720.0,5.0,
2026-05-12,NEWT.Z,0.0,0.0,0.0,0.0,4665.0,2.0,
2026-05-12,NEWTG,0.0,0.0,0.0,-0.000705859198338224,6709.0,2.0,
2026-05-12,NEWTH,0.0,0.0,0.0,-0.0010652639269377873,6861.0,1.0,
2026-05-12,NEWTI,0.0,0.0,0.0,-0.0006764560163836981,6702.0,2.0,
2026-05-12,NEWTO,0.0,0.0,0.0,0.0,4666.0,2.0,
2026-05-12,NEWTZ,0.0,0.0,0.0,0.0,4667.0,2.0,
2026-05-12,NEXI,0.0,0.0,0.0,0.0,4668.0,2.0,
2026-05-12,NEXM,0.0,0.0,0.0,0.006292066922974534,19.0,5.0,
2026-05-12,NEXN,0.0,0.0,0.0,0.0003936296645372884,1712.0,3.0,
2026-05-12,NEXR,0.0,0.0,0.0,-0.00170208158242033,7036.0,1.0,
2026-05-12,NEXT,-0.0023954832638795535,-0.002890173410404624,0.0004946901465250706,-0.001407752747998682,6963.0,1.0,"COVER because predicted alpha is in the bottom decile. Main contributors were operating_margin, close_to_high_20, intraday_return. Liquidity filter passed."
2026-05-12,NFBK,0.0,0.0,0.0,-5.3868274194830395e-05,6364.0,2.0,
2026-05-12,NFE,0.0,0.0,0.0,-0.0009494378809520566,6809.0,2.0,
2026-05-12,NFEC,0.0,0.0,0.0,0.0,4669.0,2.0,
2026-05-12,NFIN,0.0,0.0,0.0,0.0,4670.0,2.0,
2026-05-12,NFLX,0.0,0.0,0.0,0.00017671014298678426,1843.0,3.0,
2026-05-12,NFTG,0.0,0.0,0.0,0.0,4671.0,2.0,
2026-05-12,NGAC,0.0,0.0,0.0,0.0,4672.0,2.0,
2026-05-12,NGAS,0.0,0.0,0.0,0.0,4673.0,2.0,
2026-05-12,NGCA,0.0,0.0,0.0,0.0,4674.0,2.0,
2026-05-12,NGEN,0.0,0.0,0.0,0.0021512767468343176,759.0,4.0,
2026-05-12,NGHC,0.0,0.0,0.0,0.0,4675.0,2.0,
2026-05-12,NGHC.N,0.0,0.0,0.0,0.0,4676.0,2.0,
2026-05-12,NGHCZ,0.0,0.0,0.0,0.0,4677.0,2.0,
2026-05-12,NGM,0.0,0.0,0.0,0.0,4678.0,2.0,
2026-05-12,NGMS,0.0,0.0,0.0,0.0,4679.0,2.0,
2026-05-12,NGNE,0.0,0.0,0.0,0.003247492426239691,345.0,5.0,
2026-05-12,NGPC,0.0,0.0,0.0,0.0,4680.0,2.0,
2026-05-12,NH,0.0,0.0,0.0,0.0,4681.0,2.0,
2026-05-12,NHIC,0.0,0.0,0.0,0.001112742118190958,1272.0,4.0,
2026-05-12,NHLD,0.0,0.0,0.0,0.0,4682.0,2.0,
2026-05-12,NHP,0.0,0.0,0.0,0.0005110158296824483,1641.0,3.0,
2026-05-12,NHTB,0.0,0.0,0.0,0.0,4683.0,2.0,
2026-05-12,NHTC,0.0,0.0,0.0,0.0017439042713175378,931.0,4.0,
2026-05-12,NICK,0.0,0.0,0.0,0.0,4684.0,2.0,
2026-05-12,NIHD,0.0,0.0,0.0,0.0,4685.0,2.0,
2026-05-12,NIR,0.0,0.0,0.0,0.0,4686.0,2.0,
2026-05-12,NISN,0.0,0.0,0.0,0.0,4687.0,2.0,
2026-05-12,NITO,0.0,0.0,0.0,0.0,4688.0,2.0,
2026-05-12,NIVF,0.0,0.0,0.0,-0.0058950151378274526,7410.0,1.0,
2026-05-12,NIXX,0.0,0.0,0.0,0.0017158260560166077,947.0,4.0,
2026-05-12,NK,0.0,0.0,0.0,0.0,4689.0,2.0,
2026-05-12,NKGN,0.0,0.0,0.0,0.0,4690.0,2.0,
2026-05-12,NKLA,0.0,0.0,0.0,0.0,4691.0,2.0,
2026-05-12,NKLR,0.00046511627906976747,0.0,0.00046511627906976747,0.003944837521597083,191.0,5.0,"BUY because predicted alpha is in the top decile. Main contributors were hl_range_20, volume_z_60, close_to_high_20. Liquidity filter passed."
2026-05-12,NKSH,0.0,0.0,0.0,-0.0012159011911126853,6907.0,1.0,
2026-05-12,NKTR,0.00046511627906976747,0.0,0.00046511627906976747,0.0035199400844402135,275.0,5.0,"BUY because predicted alpha is in the top decile. Main contributors were mom_252, parkinson_vol_20, close_to_high_20. Liquidity filter passed."
2026-05-12,NKTX,0.0,0.0,0.0,-0.0008061456881958811,6752.0,2.0,
2026-05-12,NLIT,0.0,0.0,0.0,0.0,4692.0,2.0,
2026-05-12,NLNK,0.0,0.0,0.0,0.0,4693.0,2.0,
2026-05-12,NLSP,0.0,0.0,0.0,0.0,4694.0,2.0,
2026-05-12,NLST,0.0,0.0,0.0,0.0,4695.0,2.0,
2026-05-12,NLTX,0.0,0.0,0.0,0.0,4696.0,2.0,
2026-05-12,NMCI,0.0,0.0,0.0,0.0,4697.0,2.0,
2026-05-12,NMFC,0.0,0.0,0.0,0.0012057586544355504,1217.0,4.0,
2026-05-12,NMFCL,0.0,0.0,0.0,0.0,4698.0,2.0,
2026-05-12,NMFCZ,0.0,0.0,0.0,-0.0008905729045010595,6787.0,2.0,
2026-05-12,NMHI,0.0,0.0,0.0,0.0,4699.0,2.0,
2026-05-12,NMIH,0.0,0.0,0.0,0.0005714462952731744,1608.0,3.0,
2026-05-12,NMMC,0.0,0.0,0.0,0.0,4700.0,2.0,
2026-05-12,NMP,0.0,0.0,0.0,-0.0010707549660011317,6863.0,1.0,
2026-05-12,NMRA,-0.002860599542949321,-0.002890173410404624,2.9573867455303087e-05,-0.002356435319633001,7156.0,1.0,"COVER because predicted alpha is in the bottom decile. Main contributors were roa, operating_margin, mom_5. Liquidity filter passed."
2026-05-12,NMRD,0.0,0.0,0.0,0.0,4701.0,2.0,
2026-05-12,NMRK,0.0,0.0,0.0,0.002492781504283294,615.0,5.0,
2026-05-12,NMRX,0.0,0.0,0.0,0.0,4702.0,2.0,
2026-05-12,NMTC,0.0,0.0,0.0,4.993698676965256e-06,1940.0,3.0,
2026-05-12,NMTR,0.0,0.0,0.0,0.0,4703.0,2.0,
2026-05-12,NN,0.0,0.0,0.0,0.00034489989434349517,1735.0,3.0,
2026-05-12,NNAG,0.0,0.0,0.0,0.0,4704.0,2.0,
2026-05-12,NNBR,0.002860599542949321,0.002890173410404624,-2.9573867455303087e-05,0.005712269024587168,36.0,5.0,"SELL because predicted alpha is in the top decile. Main contributors were hl_range_20, mom_21, intraday_return. Liquidity filter passed."
2026-05-12,NNE,0.00046511627906976747,0.0,0.00046511627906976747,0.005021698463719892,75.0,5.0,"BUY because predicted alpha is in the top decile. Main contributors were hl_range_20, mom_5, current_ratio. Liquidity filter passed."
2026-05-12,NNNN,0.0,0.0,0.0,0.001971015810523986,831.0,4.0,
2026-05-12,NNOX,0.0,0.0,0.0,-0.00036230878447861357,6552.0,2.0,
2026-05-12,NOAC,0.0,0.0,0.0,0.0,4705.0,2.0,
2026-05-12,NODK,0.0,0.0,0.0,-0.0010107431312701798,6841.0,1.0,
2026-05-12,NOEM,0.0,0.0,0.0,-0.001846736136825118,7068.0,1.0,
2026-05-12,NOGN,0.0,0.0,0.0,0.0,4706.0,2.0,
2026-05-12,NOMA,0.0,0.0,0.0,0.004405300423664901,121.0,5.0,
2026-05-12,NOTV,0.0,0.0,0.0,-0.0007972194384613582,6747.0,2.0,
2026-05-12,NOVB,0.0,0.0,0.0,0.0,4707.0,2.0,
2026-05-12,NOVL,0.0,0.0,0.0,0.0,4708.0,2.0,
2026-05-12,NOVN,0.0,0.0,0.0,0.0,4709.0,2.0,
2026-05-12,NOVS,0.0,0.0,0.0,0.0,4710.0,2.0,
2026-05-12,NOVT,-0.00046511627906976747,0.0,-0.00046511627906976747,-0.004977013816275334,7373.0,1.0,"SHORT because predicted alpha is in the bottom decile. Main contributors were volume_z_60, mom_1, intraday_return. Liquidity filter passed."
2026-05-12,NOVV,0.0,0.0,0.0,0.0,4711.0,2.0,
2026-05-12,NPA,0.0,0.0,0.0,0.0,4712.0,2.0,
2026-05-12,NPAB,0.0,0.0,0.0,0.0,4713.0,2.0,
2026-05-12,NPAC,0.0,0.0,0.0,-0.00014994631106590803,6417.0,2.0,
2026-05-12,NPBC,0.0,0.0,0.0,0.0,4714.0,2.0,
2026-05-12,NPCE,0.0,0.0,0.0,-0.0006030050325009151,6670.0,2.0,
2026-05-12,NPSP,0.0,0.0,0.0,0.0,4715.0,2.0,
2026-05-12,NPT,0.0,0.0,0.0,-0.018953309709904324,7546.0,1.0,
2026-05-12,NRAC,0.0,0.0,0.0,0.0,4716.0,2.0,
2026-05-12,NRBO,0.0,0.0,0.0,0.0,4717.0,2.0,
2026-05-12,NRC,0.0,0.0,0.0,-0.00027201889996568873,6492.0,2.0,
2026-05-12,NRCI.B,0.0,0.0,0.0,0.0,4718.0,2.0,
2026-05-12,NRCIB,0.0,0.0,0.0,0.0,4719.0,2.0,
2026-05-12,NRDS,0.0,0.0,0.0,-0.0002760470098144335,6496.0,2.0,
2026-05-12,NRIM,0.0,0.0,0.0,0.0014324244621407652,1091.0,4.0,
2026-05-12,NRIX,0.0,0.0,0.0,0.002887212361800857,459.0,5.0,
2026-05-12,NRSN,0.0,0.0,0.0,0.0016116060866298897,1001.0,4.0,
2026-05-12,NRX,0.0,0.0,0.0,0.0,4720.0,2.0,
2026-05-12,NRXP,-0.00046511627906976747,0.0,-0.00046511627906976747,-0.002947917927700929,7223.0,1.0,"SHORT because predicted alpha is in the bottom decile. Main contributors were roa, intraday_return, mom_5. Liquidity filter passed."
2026-05-12,NSEC,0.0,0.0,0.0,0.0,4721.0,2.0,
2026-05-12,NSIG,0.0,0.0,0.0,0.0,4722.0,2.0,
2026-05-12,NSIT,-0.0023954832638795535,-0.002890173410404624,0.0004946901465250706,0.0022616373951369084,709.0,5.0,"COVER because predicted alpha is in the bottom decile. Main contributors were close_to_high_20, volume_z_60, mom_10. Liquidity filter passed."
2026-05-12,NSPH,0.0,0.0,0.0,0.0,4723.0,2.0,
2026-05-12,NSPR,0.0,0.0,0.0,0.0011240911149162454,1265.0,4.0,
2026-05-12,NSSC,0.0,0.0,0.0,0.0029217391732390316,445.0,5.0,
2026-05-12,NSTG,0.0,0.0,0.0,0.0,4724.0,2.0,
2026-05-12,NSTS,0.0,0.0,0.0,0.0008330008941112004,1436.0,4.0,
2026-05-12,NSYS,0.0,0.0,0.0,0.0037033046321886726,235.0,5.0,
2026-05-12,NTAP,0.0,0.0,0.0,0.0016145943882977835,998.0,4.0,
2026-05-12,NTBL,0.0,0.0,0.0,0.0,4725.0,2.0,
2026-05-12,NTCL,-0.0023954832638795535,-0.002890173410404624,0.0004946901465250706,-0.007658923596626234,7471.0,1.0,"COVER because predicted alpha is in the bottom decile. Main contributors were parkinson_vol_20, intraday_return, volatility_63. Liquidity filter failed."
2026-05-12,NTCT,0.0,0.0,0.0,0.0012730117310638367,1181.0,4.0,
2026-05-12,NTEC,0.0,0.0,0.0,0.0,4726.0,2.0,
2026-05-12,NTGN,0.0,0.0,0.0,0.0,4727.0,2.0,
2026-05-12,NTGR,0.0,0.0,0.0,0.0029102590551678504,451.0,5.0,
2026-05-12,NTGRV,0.0,0.0,0.0,0.0,4728.0,2.0,
2026-05-12,NTHI,0.0,0.0,0.0,-0.009174085070576203,7500.0,1.0,
2026-05-12,NTIC,0.0,0.0,0.0,-0.0011873868180460787,6896.0,1.0,
2026-05-12,NTK,0.0,0.0,0.0,0.0,4729.0,2.0,
2026-05-12,NTLA,0.0,0.0,0.0,0.002608104657477092,570.0,5.0,
2026-05-12,NTLS,0.0,0.0,0.0,0.0,4730.0,2.0,
2026-05-12,NTNX,0.00046511627906976747,0.0,0.00046511627906976747,0.0034532251309673427,290.0,5.0,"BUY because predicted alpha is in the top decile. Main contributors were parkinson_vol_20, log_dollar_vol_20, volume_z_60. Liquidity filter passed."
2026-05-12,NTRA,0.0,0.0,0.0,-0.0008112584326995019,6754.0,2.0,
2026-05-12,NTRB,0.0,0.0,0.0,-0.001221798748831045,6911.0,1.0,
2026-05-12,NTRI,0.0,0.0,0.0,0.0,4731.0,2.0,
2026-05-12,NTRP,0.0,0.0,0.0,0.0007913559098874228,1464.0,4.0,
2026-05-12,NTRS,0.0,0.0,0.0,0.00040488280757328517,1701.0,3.0,
2026-05-12,NTSK,0.0,0.0,0.0,0.0033220068724896493,322.0,5.0,
2026-05-12,NTSP,0.0,0.0,0.0,0.0,4732.0,2.0,
2026-05-12,NTUS,0.0,0.0,0.0,0.0,4733.0,2.0,
2026-05-12,NTWK,0.0,0.0,0.0,0.0034821018667590925,286.0,5.0,
2026-05-12,NTWO,0.0,0.0,0.0,0.0,4734.0,2.0,
2026-05-12,NUAI,-0.0023954832638795535,-0.002890173410404624,0.0004946901465250706,7.746490484524882e-05,1907.0,3.0,"COVER because predicted alpha is in the bottom decile. Main contributors were parkinson_vol_20, dist_52w_low, mom_10. Liquidity filter passed."
2026-05-12,NUAN,0.0,0.0,0.0,0.0,4735.0,2.0,
2026-05-12,NUANV,0.0,0.0,0.0,0.0,4736.0,2.0,
2026-05-12,NUBI,0.0,0.0,0.0,0.0,4737.0,2.0,
2026-05-12,NUCL,0.00046511627906976747,0.0,0.00046511627906976747,0.003857998671482691,207.0,5.0,"BUY because predicted alpha is in the top decile. Main contributors were hl_range_20, current_ratio, volume_z_60. Liquidity filter passed."
2026-05-12,NUKK,0.0,0.0,0.0,0.0,4738.0,2.0,
2026-05-12,NURO,0.0,0.0,0.0,0.0,4739.0,2.0,
2026-05-12,NURO.W,0.0,0.0,0.0,0.0,4740.0,2.0,
2026-05-12,NUTR,0.0,0.0,0.0,0.0,4741.0,2.0,
2026-05-12,NUTX,0.0,0.0,0.0,0.002603780513713303,573.0,5.0,
2026-05-12,NUVA,0.0,0.0,0.0,0.0,4742.0,2.0,
2026-05-12,NUVL,0.0,0.0,0.0,-0.0006946005316175527,6706.0,2.0,
2026-05-12,NUVO,0.0,0.0,0.0,0.0,4743.0,2.0,
2026-05-12,NUWE,0.0,0.0,0.0,-0.0019880136516282326,7093.0,1.0,
2026-05-12,NUZE,0.0,0.0,0.0,0.0,4744.0,2.0,
2026-05-12,NVAC,0.0,0.0,0.0,0.0,4745.0,2.0,
2026-05-12,NVAX,0.0023954832638795535,0.002890173410404624,-0.0004946901465250706,0.0024761133547012404,621.0,5.0,"SELL because predicted alpha is in the top decile. Main contributors were mom_5, roa, parkinson_vol_20. Liquidity filter passed."
2026-05-12,NVBX.U,0.0,0.0,0.0,0.0,4746.0,2.0,
2026-05-12,NVCN,0.0,0.0,0.0,0.0,4747.0,2.0,
2026-05-12,NVCR,0.0,0.0,0.0,0.0018180737392507519,897.0,4.0,
2026-05-12,NVCT,0.0,0.0,0.0,9.381645937999831e-05,1901.0,3.0,
2026-05-12,NVDA,0.00046511627906976747,0.0,0.00046511627906976747,0.003687327136152001,239.0,5.0,"BUY because predicted alpha is in the top decile. Main contributors were parkinson_vol_20, mom_5, log_dollar_vol_20. Liquidity filter passed."
2026-05-12,NVEC,0.0,0.0,0.0,0.0018418694364635477,886.0,4.0,
2026-05-12,NVEE,0.0,0.0,0.0,0.0,4748.0,2.0,
2026-05-12,NVEE.W,0.0,0.0,0.0,0.0,4749.0,2.0,
2026-05-12,NVEI,0.0,0.0,0.0,0.0,4750.0,2.0,
2026-05-12,NVET,0.0,0.0,0.0,0.0,4751.0,2.0,
2026-05-12,NVFY,0.0,0.0,0.0,0.0,4752.0,2.0,
2026-05-12,NVIV,0.0,0.0,0.0,0.0,4753.0,2.0,
2026-05-12,NVLN,0.0,0.0,0.0,0.0,4754.0,2.0,
2026-05-12,NVLS,0.0,0.0,0.0,0.0,4755.0,2.0,
2026-05-12,NVMI,0.0,0.0,0.0,0.0010737379183466942,1299.0,4.0,
2026-05-12,NVMM,0.0,0.0,0.0,0.0,4756.0,2.0,
2026-05-12,NVNI,0.0,0.0,0.0,0.0005174204500653007,1637.0,3.0,
2026-05-12,NVNO,0.0,0.0,0.0,0.0023214454441338197,678.0,5.0,
2026-05-12,NVOS,0.0,0.0,0.0,0.0,4757.0,2.0,
2026-05-12,NVSA,0.0,0.0,0.0,0.0,4758.0,2.0,
2026-05-12,NVSL,0.0,0.0,0.0,0.0,4759.0,2.0,
2026-05-12,NVTL,0.0,0.0,0.0,0.0,4760.0,2.0,
2026-05-12,NVTR,0.0,0.0,0.0,0.0,4761.0,2.0,
2026-05-12,NVTR.V,0.0,0.0,0.0,0.0,4762.0,2.0,
2026-05-12,NVTS,0.00046511627906976747,0.0,0.00046511627906976747,0.009895157182002555,1.0,5.0,"BUY because predicted alpha is in the top decile. Main contributors were hl_range_20, mom_21, mom_252. Liquidity filter passed."
2026-05-12,NVUS,0.0,0.0,0.0,0.0,4763.0,2.0,
2026-05-12,NVVE,0.0,0.0,0.0,-0.005858074222237801,7409.0,1.0,
2026-05-12,NWBI,0.0,0.0,0.0,-0.0003075443325513675,6514.0,2.0,
2026-05-12,NWBO,0.0,0.0,0.0,0.0,4764.0,2.0,
2026-05-12,NWBO.W,0.0,0.0,0.0,0.0,4765.0,2.0,
2026-05-12,NWE,0.0,0.0,0.0,0.001311480967113379,1164.0,4.0,
2026-05-12,NWFL,0.0,0.0,0.0,-0.00020478036222719708,6456.0,2.0,
2026-05-12,NWGI,0.0,0.0,0.0,0.0,4766.0,2.0,
2026-05-12,NWL,0.0,0.0,0.0,-0.0002469710576412525,6469.0,2.0,
2026-05-12,NWLI,0.0,0.0,0.0,0.0,4767.0,2.0,
2026-05-12,NWPX,0.0,0.0,0.0,-0.0011247563687582331,6875.0,1.0,
2026-05-12,NWS,0.0,0.0,0.0,0.0013906745106043216,1125.0,4.0,
2026-05-12,NWSA,0.0,0.0,0.0,0.001116443583444102,1271.0,4.0,
2026-05-12,NWTG,0.0,0.0,0.0,0.0008238306937740273,1441.0,4.0,
2026-05-12,NWTN,0.0,0.0,0.0,0.0,4768.0,2.0,
2026-05-12,NXEO,0.0,0.0,0.0,0.0,4769.0,2.0,
2026-05-12,NXEO.U,0.0,0.0,0.0,0.0,4770.0,2.0,
2026-05-12,NXEO.W,0.0,0.0,0.0,0.0,4771.0,2.0,
2026-05-12,NXGL,0.0,0.0,0.0,0.0022171158994837258,725.0,5.0,
2026-05-12,NXGN,0.0,0.0,0.0,0.0,4772.0,2.0,
2026-05-12,NXL,0.0,0.0,0.0,-0.0008236338155452751,6759.0,2.0,
2026-05-12,NXPI,0.0,0.0,0.0,-0.0013595252498201098,6955.0,1.0,
2026-05-12,NXPL,0.0,0.0,0.0,0.005029163872106469,70.0,5.0,
2026-05-12,NXST,0.0,0.0,0.0,0.0014142445103928222,1108.0,4.0,
2026-05-12,NXT,0.0,0.0,0.0,-0.0009652021727622705,6820.0,2.0,
2026-05-12,NXTC,0.0,0.0,0.0,-0.0004975527276245688,6620.0,2.0,
2026-05-12,NXTD,0.0,0.0,0.0,0.0,4773.0,2.0,
2026-05-12,NXTD.W,0.0,0.0,0.0,0.0,4774.0,2.0,
2026-05-12,NXTM,0.0,0.0,0.0,0.0,4775.0,2.0,
2026-05-12,NXTP,0.0,0.0,0.0,0.0,4776.0,2.0,
2026-05-12,NXTS,0.0,0.0,0.0,0.0006023406263526493,1585.0,3.0,
2026-05-12,NXTT,0.0,0.0,0.0,0.0022763508414301464,701.0,5.0,
2026-05-12,NXU,0.0,0.0,0.0,0.0,4777.0,2.0,
2026-05-12,NXXT,0.0,0.0,0.0,-0.001580859536208793,7016.0,1.0,
2026-05-12,NYAX,0.0,0.0,0.0,-0.000776322585502994,6737.0,2.0,
2026-05-12,NYMT,0.0,0.0,0.0,0.0,4778.0,2.0,
2026-05-12,NYMT.P,0.0,0.0,0.0,0.0,4779.0,2.0,
2026-05-12,NYMTG,0.0,0.0,0.0,0.0,4780.0,2.0,
2026-05-12,NYMTH,0.0,0.0,0.0,0.0,4781.0,2.0,
2026-05-12,NYMTI,0.0,0.0,0.0,0.0,4782.0,2.0,
2026-05-12,NYMTL,0.0,0.0,0.0,0.0,4783.0,2.0,
2026-05-12,NYMTZ,0.0,0.0,0.0,0.0,4784.0,2.0,
2026-05-12,NYMX,0.0,0.0,0.0,0.0,4785.0,2.0,
2026-05-12,NYNY.R,0.0,0.0,0.0,0.0,4786.0,2.0,
2026-05-12,NYX,0.0,0.0,0.0,0.0,4787.0,2.0,
2026-05-12,NYXH,0.0,0.0,0.0,0.003264112591287508,338.0,5.0,
2026-05-12,OABC,0.0,0.0,0.0,0.0,4788.0,2.0,
2026-05-12,OABI,0.0,0.0,0.0,-0.0021256307205052604,7117.0,1.0,
2026-05-12,OACC,0.0,0.0,0.0,0.0003169959298654065,1755.0,3.0,
2026-05-12,OACQ,0.0,0.0,0.0,0.0,4789.0,2.0,
2026-05-12,OACQ.R,0.0,0.0,0.0,0.0,4790.0,2.0,
2026-05-12,OACQ.U,0.0,0.0,0.0,0.0,4791.0,2.0,
2026-05-12,OACQ.W,0.0,0.0,0.0,0.0,4792.0,2.0,
2026-05-12,OAKU,0.0,0.0,0.0,0.0,4793.0,2.0,
2026-05-12,OB,0.0,0.0,0.0,0.0,4794.0,2.0,
2026-05-12,OBA,0.0,0.0,0.0,0.0,4795.0,2.0,
2026-05-12,OBAF,0.0,0.0,0.0,0.0,4796.0,2.0,
2026-05-12,OBAI,0.0,0.0,0.0,-0.00015938385238857718,6428.0,2.0,
2026-05-12,OBAS,0.0,0.0,0.0,0.0,4797.0,2.0,
2026-05-12,OBCI,0.0,0.0,0.0,0.0,4798.0,2.0,
2026-05-12,OBIO,0.0,0.0,0.0,-5.2411843062412155e-05,6363.0,2.0,
2026-05-12,OBLG,0.0,0.0,0.0,0.0,4799.0,2.0,
2026-05-12,OBLN,0.0,0.0,0.0,0.0,4800.0,2.0,
2026-05-12,OBSV,0.0,0.0,0.0,0.0,4801.0,2.0,
2026-05-12,OBT,0.0,0.0,0.0,0.0019300163471880783,847.0,4.0,
2026-05-12,OBTC,0.0,0.0,0.0,0.0009920452973194282,1357.0,4.0,
2026-05-12,OCAT,0.0,0.0,0.0,0.0,4802.0,2.0,
2026-05-12,OCAX,0.0,0.0,0.0,0.0,4803.0,2.0,
2026-05-12,OCC,0.0,0.0,0.0,0.0026142666843882736,569.0,5.0,
2026-05-12,OCCI,0.0,0.0,0.0,0.0002751847723991255,1771.0,3.0,
2026-05-12,OCCIN,0.0,0.0,0.0,-0.004979575354327521,7375.0,1.0,
2026-05-12,OCDX,0.0,0.0,0.0,0.0,4804.0,2.0,
2026-05-12,OCEA,0.0,0.0,0.0,0.0,4805.0,2.0,
2026-05-12,OCFC,0.0,0.0,0.0,-0.00021817339570929498,6461.0,2.0,
2026-05-12,OCG,-0.00046511627906976747,0.0,-0.00046511627906976747,-0.0043650984604896035,7332.0,1.0,"SHORT because predicted alpha is in the bottom decile. Main contributors were parkinson_vol_20, volatility_63, volatility_10. Liquidity filter passed."
2026-05-12,OCGN,0.0,0.0,0.0,-0.0013137670013508335,6942.0,1.0,
2026-05-12,OCLR,0.0,0.0,0.0,0.0,4806.0,2.0,
2026-05-12,OCLS,0.0,0.0,0.0,0.0,4807.0,2.0,
2026-05-12,OCRX,0.0,0.0,0.0,0.0,4808.0,2.0,
2026-05-12,OCS,0.00046511627906976747,0.0,0.00046511627906976747,0.00395605471360772,188.0,5.0,"BUY because predicted alpha is in the top decile. Main contributors were parkinson_vol_20, intraday_return, mom_5. Liquidity filter passed."
2026-05-12,OCSI,0.0,0.0,0.0,0.0,4809.0,2.0,
2026-05-12,OCSL,0.0,0.0,0.0,0.0010364779214081794,1330.0,4.0,
2026-05-12,OCSLL,0.0,0.0,0.0,0.0,4810.0,2.0,
2026-05-12,OCTO,0.0,0.0,0.0,0.0,4811.0,2.0,
2026-05-12,OCUL,0.0,0.0,0.0,0.0016901897070723882,956.0,4.0,
2026-05-12,OCUP,0.0,0.0,0.0,0.0,4812.0,2.0,
2026-05-12,OCX,0.0,0.0,0.0,0.0,4813.0,2.0,
2026-05-12,OCZ,0.0,0.0,0.0,0.0,4814.0,2.0,
2026-05-12,ODD,0.0,0.0,0.0,0.002432524127566905,634.0,5.0,
2026-05-12,ODFL,0.0023954832638795535,0.002890173410404624,-0.0004946901465250706,0.0027184148098170387,519.0,5.0,"SELL because predicted alpha is in the top decile. Main contributors were parkinson_vol_20, log_dollar_vol_20, roa. Liquidity filter passed."
2026-05-12,ODP,0.0,0.0,0.0,0.0,4815.0,2.0,
2026-05-12,ODT,0.0,0.0,0.0,0.0,4816.0,2.0,
2026-05-12,ODYS,-0.002860599542949321,-0.002890173410404624,2.9573867455303087e-05,-0.00893823033791738,7496.0,1.0,"COVER because predicted alpha is in the bottom decile. Main contributors were parkinson_vol_20, volume_mom_20_60, mom_21. Liquidity filter passed."
2026-05-12,OEG,0.0,0.0,0.0,0.0,4817.0,2.0,
2026-05-12,OEPW,0.0,0.0,0.0,0.0,4818.0,2.0,
2026-05-12,OESX,0.0,0.0,0.0,0.002866504822579799,463.0,5.0,
2026-05-12,OFAL,0.0,0.0,0.0,-0.0016339910493708152,7027.0,1.0,
2026-05-12,OFED,0.0,0.0,0.0,0.0,4819.0,2.0,
2026-05-12,OFIX,0.0,0.0,0.0,-0.0015691796864658798,7011.0,1.0,
2026-05-12,OFLX,0.0,0.0,0.0,-0.0008630134074536763,6773.0,2.0,
2026-05-12,OFS,0.0,0.0,0.0,0.0016545777713965616,979.0,4.0,
2026-05-12,OFSSG,0.0,0.0,0.0,0.0,4820.0,2.0,
2026-05-12,OFSSH,0.0,0.0,0.0,-0.002217102638084391,7132.0,1.0,
2026-05-12,OFSSI,0.0,0.0,0.0,0.0,4821.0,2.0,
2026-05-12,OFSSL,0.0,0.0,0.0,0.0,4822.0,2.0,
2026-05-12,OFSSO,0.0,0.0,0.0,0.0,4823.0,2.0,
2026-05-12,OFSSZ,0.0,0.0,0.0,0.0,4824.0,2.0,
2026-05-12,OGI,-0.00046511627906976747,0.0,-0.00046511627906976747,-0.002923519606955012,7219.0,1.0,"SHORT because predicted alpha is in the bottom decile. Main contributors were volume_z_60, mom_5, mom_21. Liquidity filter passed."
2026-05-12,OGXI,0.0,0.0,0.0,0.0,4825.0,2.0,
2026-05-12,OHAA,0.0,0.0,0.0,0.0,4826.0,2.0,
2026-05-12,OHAI,0.0,0.0,0.0,0.0,4827.0,2.0,
2026-05-12,OHGI,0.0,0.0,0.0,0.0,4828.0,2.0,
2026-05-12,OHPA,0.0,0.0,0.0,0.0,4829.0,2.0,
2026-05-12,OHRP,0.0,0.0,0.0,0.0,4830.0,2.0,
2026-05-12,OIG,0.0,0.0,0.0,0.0,4831.0,2.0,
2026-05-12,OIM,0.0,0.0,0.0,0.0,4832.0,2.0,
2026-05-12,OIMAU,0.0,0.0,0.0,0.0,4833.0,2.0,
2026-05-12,OINK,0.0,0.0,0.0,0.0,4834.0,2.0,
2026-05-12,OIO,0.0,0.0,0.0,-0.013901202798456006,7528.0,1.0,
2026-05-12,OKSB,0.0,0.0,0.0,0.0,4835.0,2.0,
2026-05-12,OKTA,0.002860599542949321,0.002890173410404624,-2.9573867455303087e-05,0.0037038880491841414,234.0,5.0,"SELL because predicted alpha is in the top decile. Main contributors were parkinson_vol_20, log_dollar_vol_20, volume_z_60. Liquidity filter passed."
2026-05-12,OKUR,0.0,0.0,0.0,0.00041694322850872054,1694.0,3.0,
2026-05-12,OKYO,0.0,0.0,0.0,0.0020050379755205414,817.0,4.0,
2026-05-12,OLB,0.0,0.0,0.0,-0.0023377122058768837,7152.0,1.0,
2026-05-12,OLBK,0.0,0.0,0.0,0.0,4836.0,2.0,
2026-05-12,OLED,0.0,0.0,0.0,5.0488103202915006e-05,1915.0,3.0,
2026-05-12,OLIT,0.0,0.0,0.0,0.0,4837.0,2.0,
2026-05-12,OLLI,0.0,0.0,0.0,-0.0010038916153487425,6836.0,1.0,
2026-05-12,OLMA,0.0,0.0,0.0,0.0020823103837823613,783.0,4.0,
2026-05-12,OLOX,0.0,0.0,0.0,0.0008167069235063664,1446.0,4.0,
2026-05-12,OLPX,-0.002860599542949321,-0.002890173410404624,2.9573867455303087e-05,-0.0031846789333321167,7243.0,1.0,"COVER because predicted alpha is in the bottom decile. Main contributors were hl_range_20, close_to_high_20, price_kurt_63. Liquidity filter passed."
2026-05-12,OM,0.0,0.0,0.0,-0.004043765112409813,7308.0,1.0,
2026-05-12,OMCC,0.0,0.0,0.0,0.0,4838.0,2.0,
2026-05-12,OMCL,0.0,0.0,0.0,0.001130348359877122,1258.0,4.0,
2026-05-12,OMDA,0.0,0.0,0.0,0.0011544790847693557,1240.0,4.0,
2026-05-12,OMED,0.0,0.0,0.0,0.0,4839.0,2.0,
2026-05-12,OMEG,0.0,0.0,0.0,0.0,4840.0,2.0,
2026-05-12,OMER,0.0,0.0,0.0,-0.0005868077766919012,6661.0,2.0,
2026-05-12,OMEX,-0.002860599542949321,-0.002890173410404624,2.9573867455303087e-05,-0.004644797256239782,7357.0,1.0,"COVER because predicted alpha is in the bottom decile. Main contributors were roa, volatility_63, mom_10. Liquidity filter passed."
2026-05-12,OMGA,0.0,0.0,0.0,0.0,4841.0,2.0,
2026-05-12,OMH,0.0,0.0,0.0,0.002129400604642631,765.0,4.0,
2026-05-12,OMIC,0.0,0.0,0.0,0.0,4842.0,2.0,
2026-05-12,OMNT,0.0,0.0,0.0,0.0,4843.0,2.0,
2026-05-12,OMP,0.0,0.0,0.0,0.0,4844.0,2.0,
2026-05-12,OMQS,0.0,0.0,0.0,0.0,4845.0,2.0,
2026-05-12,OMSE,0.0,0.0,0.0,0.001723897414947483,942.0,4.0,
2026-05-12,ON,0.0,0.0,0.0,0.002904121494085953,454.0,5.0,
2026-05-12,ONB,0.0,0.0,0.0,-0.000438441919258763,6590.0,2.0,
2026-05-12,ONBPO,0.0,0.0,0.0,-0.000482841252736945,6614.0,2.0,
2026-05-12,ONCE,0.0,0.0,0.0,0.0,4846.0,2.0,
2026-05-12,ONCH,0.0,0.0,0.0,0.00010149498018004882,1894.0,3.0,
2026-05-12,ONCO,0.0,0.0,0.0,-0.002944181467850025,7221.0,1.0,
2026-05-12,ONCR,0.0,0.0,0.0,0.0,4847.0,2.0,
2026-05-12,ONCS,0.0,0.0,0.0,0.0,4848.0,2.0,
2026-05-12,ONCT,0.0,0.0,0.0,0.0,4849.0,2.0,
2026-05-12,ONCY,0.0,0.0,0.0,0.000953096990592724,1376.0,4.0,
2026-05-12,ONDS,0.002860599542949321,0.002890173410404624,-2.9573867455303087e-05,0.007113844074125829,7.0,5.0,"SELL because predicted alpha is in the top decile. Main contributors were mom_252, volume_z_60, log_dollar_vol_20. Liquidity filter passed."
2026-05-12,ONEG,-0.0023954832638795535,-0.002890173410404624,0.0004946901465250706,-0.026912988531090955,7573.0,1.0,"COVER because predicted alpha is in the bottom decile. Main contributors were parkinson_vol_20, volatility_63, volatility_10. Liquidity filter failed."
2026-05-12,ONEM,0.0,0.0,0.0,0.0,4850.0,2.0,
2026-05-12,ONEW,0.00046511627906976747,0.0,0.00046511627906976747,0.004165424188112015,153.0,5.0,"BUY because predicted alpha is in the top decile. Main contributors were hl_range_20, intraday_return, volume_z_60. Liquidity filter passed."
2026-05-12,ONFC,0.0,0.0,0.0,0.0,4851.0,2.0,
2026-05-12,ONFO,0.0,0.0,0.0,-0.0027877205270718584,7202.0,1.0,
2026-05-12,ONMD,0.0,0.0,0.0,0.0005810731207725979,1603.0,3.0,
2026-05-12,ONS,0.0,0.0,0.0,0.0,4852.0,2.0,
2026-05-12,ONSI.U,0.0,0.0,0.0,0.0,4853.0,2.0,
2026-05-12,ONSI.W,0.0,0.0,0.0,0.0,4854.0,2.0,
2026-05-12,ONSI.Z,0.0,0.0,0.0,0.0,4855.0,2.0,
2026-05-12,ONTX,0.0,0.0,0.0,0.0,4856.0,2.0,
2026-05-12,ONTX.W,0.0,0.0,0.0,0.0,4857.0,2.0,
2026-05-12,ONTY,0.0,0.0,0.0,0.0,4858.0,2.0,
2026-05-12,ONVI,0.0,0.0,0.0,0.0,4859.0,2.0,
2026-05-12,ONVO,0.0,0.0,0.0,0.0,4860.0,2.0,
2026-05-12,ONXX,0.0,0.0,0.0,0.0,4861.0,2.0,
2026-05-12,ONYX,0.0,0.0,0.0,0.0,4862.0,2.0,
2026-05-12,OP,0.0,0.0,0.0,0.0,4863.0,2.0,
2026-05-12,OPAL,0.0,0.0,0.0,0.0005238958986294712,1631.0,3.0,
2026-05-12,OPB,0.0,0.0,0.0,0.0,4864.0,2.0,
2026-05-12,OPBK,0.0,0.0,0.0,-0.0013139001847885566,6943.0,1.0,
2026-05-12,OPCH,0.0,0.0,0.0,-0.0018425893523505077,7067.0,1.0,
2026-05-12,OPEN,0.002860599542949321,0.002890173410404624,-2.9573867455303087e-05,0.0062094636406713165,21.0,5.0,"SELL because predicted alpha is in the top decile. Main contributors were mom_252, hl_range_20, log_dollar_vol_20. Liquidity filter passed."
2026-05-12,OPES,0.0,0.0,0.0,0.0,4865.0,2.0,
2026-05-12,OPGN,0.0,0.0,0.0,0.0,4866.0,2.0,
2026-05-12,OPGN.W,0.0,0.0,0.0,0.0,4867.0,2.0,
2026-05-12,OPHT,0.0,0.0,0.0,0.0,4868.0,2.0,
2026-05-12,OPI,0.0,0.0,0.0,0.0,4869.0,2.0,
2026-05-12,OPINI,0.0,0.0,0.0,0.0,4870.0,2.0,
2026-05-12,OPINL,0.0,0.0,0.0,0.0,4871.0,2.0,
2026-05-12,OPK,0.0,0.0,0.0,0.0015619366186384715,1030.0,4.0,
2026-05-12,OPLK,0.0,0.0,0.0,0.0,4872.0,2.0,
2026-05-12,OPNT,0.0,0.0,0.0,0.0,4873.0,2.0,
2026-05-12,OPOF,0.0,0.0,0.0,0.0,4874.0,2.0,
2026-05-12,OPRT,0.0023954832638795535,0.002890173410404624,-0.0004946901465250706,0.001055059129486248,1314.0,4.0,"SELL because predicted alpha is in the top decile. Main contributors were parkinson_vol_20, roa, sales_to_price. Liquidity filter passed."
2026-05-12,OPRX,0.0,0.0,0.0,0.0009518657647847803,1377.0,4.0,
2026-05-12,OPTN,0.0,0.0,0.0,0.0,4875.0,2.0,
2026-05-12,OPTX,0.0,0.0,0.0,0.0027408928466006208,508.0,5.0,
2026-05-12,OPWV,0.0,0.0,0.0,0.0,4876.0,2.0,
2026-05-12,OPXA,0.0,0.0,0.0,0.0,4877.0,2.0,
2026-05-12,OPXA.W,0.0,0.0,0.0,0.0,4878.0,2.0,
2026-05-12,OPXS,-0.00046511627906976747,0.0,-0.00046511627906976747,-0.005322572053946127,7389.0,1.0,"SHORT because predicted alpha is in the bottom decile. Main contributors were volume_z_60, mom_1, intraday_return. Liquidity filter passed."
2026-05-12,ORBC,0.0,0.0,0.0,0.0,4879.0,2.0,
2026-05-12,ORBK,0.0,0.0,0.0,0.0,4880.0,2.0,
2026-05-12,ORBS,0.00046511627906976747,0.0,0.00046511627906976747,0.0033485170028956495,311.0,5.0,"BUY because predicted alpha is in the top decile. Main contributors were hl_range_20, close_to_high_20, mom_5. Liquidity filter passed."
2026-05-12,ORBT,0.0,0.0,0.0,0.0,4881.0,2.0,
2026-05-12,OREX,0.0,0.0,0.0,0.0,4882.0,2.0,
2026-05-12,ORGN,0.0,0.0,0.0,-0.00460245751466706,7354.0,1.0,
2026-05-12,ORGO,0.0,0.0,0.0,-0.0004847776244094476,6616.0,2.0,
2026-05-12,ORGS,0.0,0.0,0.0,0.0,4883.0,2.0,
2026-05-12,ORIA,0.0,0.0,0.0,0.0,4884.0,2.0,
2026-05-12,ORIC,0.0,0.0,0.0,-0.0006456355437248079,6688.0,2.0,
2026-05-12,ORIG,0.0,0.0,0.0,0.0,4885.0,2.0,
2026-05-12,ORIO,0.0,0.0,0.0,-0.0007679003204287824,6734.0,2.0,
2026-05-12,ORIQ,0.0,0.0,0.0,1.5716462796248193e-05,1934.0,3.0,
2026-05-12,ORIS,0.0,0.0,0.0,0.0010134182844225882,1343.0,4.0,
2026-05-12,ORIT,0.0,0.0,0.0,0.0,4886.0,2.0,
2026-05-12,ORKA,0.0,0.0,0.0,0.002905528423644484,453.0,5.0,
2026-05-12,ORKT,0.0,0.0,0.0,-0.0005399228134802879,6644.0,2.0,
2026-05-12,ORLY,0.0,0.0,0.0,-0.00043491440032844217,6585.0,2.0,
2026-05-12,ORMP,-0.0023954832638795535,-0.002890173410404624,0.0004946901465250706,0.004215712543055111,149.0,5.0,"COVER because predicted alpha is in the bottom decile. Main contributors were hl_range_20, close_to_high_20, mom_10. Liquidity filter failed."
2026-05-12,ORPN,0.0,0.0,0.0,0.0,4887.0,2.0,
2026-05-12,ORRF,0.0,0.0,0.0,0.0014219970763613456,1099.0,4.0,
2026-05-12,ORSN,0.0,0.0,0.0,0.0,4888.0,2.0,
2026-05-12,OS,0.0,0.0,0.0,0.0,4889.0,2.0,
2026-05-12,OSA,0.0,0.0,0.0,0.0,4890.0,2.0,
2026-05-12,OSBC,0.0,0.0,0.0,-0.00015256721891516892,6421.0,2.0,
2026-05-12,OSBC.P,0.0,0.0,0.0,0.0,4891.0,2.0,
2026-05-12,OSHC,0.0,0.0,0.0,0.0,4892.0,2.0,
2026-05-12,OSIR,0.0,0.0,0.0,0.0,4893.0,2.0,
2026-05-12,OSIS,0.0,0.0,0.0,-0.00043249898505268245,6583.0,2.0,
2026-05-12,OSMT,0.0,0.0,0.0,0.0,4894.0,2.0,
2026-05-12,OSPN,0.0,0.0,0.0,0.0007867285307686046,1473.0,4.0,
2026-05-12,OSPR,0.0,0.0,0.0,0.0,4895.0,2.0,
2026-05-12,OSRH,-0.00046511627906976747,0.0,-0.00046511627906976747,-0.014109130720058122,7529.0,1.0,"SHORT because predicted alpha is in the bottom decile. Main contributors were parkinson_vol_20, volatility_10, intraday_return. Liquidity filter passed."
2026-05-12,OSS,0.002860599542949321,0.002890173410404624,-2.9573867455303087e-05,0.005457035714045164,49.0,5.0,"SELL because predicted alpha is in the top decile. Main contributors were mom_5, hl_range_20, mom_21. Liquidity filter passed."
2026-05-12,OST,0.0,0.0,0.0,0.0,4896.0,2.0,
2026-05-12,OSTK,0.0,0.0,0.0,0.0,4897.0,2.0,
2026-05-12,OSTR,0.0,0.0,0.0,0.0,4898.0,2.0,
2026-05-12,OSUR,0.0,0.0,0.0,-0.00028557082178584263,6500.0,2.0,
2026-05-12,OSW,0.0,0.0,0.0,0.002121650211037582,769.0,4.0,
2026-05-12,OTEC,0.0,0.0,0.0,0.0,4899.0,2.0,
2026-05-12,OTEL,0.0,0.0,0.0,0.0,4900.0,2.0,
2026-05-12,OTEX,0.0,0.0,0.0,-0.0009034151221222748,6796.0,2.0,
2026-05-12,OTGA,0.0,0.0,0.0,-0.001110578010380137,6871.0,1.0,
2026-05-12,OTIC,0.0,0.0,0.0,0.0,4901.0,2.0,
2026-05-12,OTIV,0.0,0.0,0.0,0.0,4902.0,2.0,
2026-05-12,OTLK,-0.0023954832638795535,-0.002890173410404624,0.0004946901465250706,-0.005822297750123702,7406.0,1.0,"COVER because predicted alpha is in the bottom decile. Main contributors were roa, parkinson_vol_20, volatility_63. Liquidity filter failed."
2026-05-12,OTMO,0.0,0.0,0.0,0.0,4903.0,2.0,
2026-05-12,OTRA,0.0,0.0,0.0,0.0,4904.0,2.0,
2026-05-12,OTRK,0.0,0.0,0.0,0.0,4905.0,2.0,
2026-05-12,OTTR,0.0,0.0,0.0,-0.000855682908209372,6771.0,2.0,
2026-05-12,OTTW,0.0,0.0,0.0,0.0,4906.0,2.0,
2026-05-12,OUST,-0.0023954832638795535,-0.002890173410404624,0.0004946901465250706,-0.0018190946466331466,7062.0,1.0,"COVER because predicted alpha is in the bottom decile. Main contributors were volume_z_60, parkinson_vol_20, intraday_return. Liquidity filter passed."
2026-05-12,OUTR,0.0,0.0,0.0,0.0,4907.0,2.0,
2026-05-12,OVAS,0.0,0.0,0.0,0.0,4908.0,2.0,
2026-05-12,OVBC,0.0,0.0,0.0,0.000331080290068725,1745.0,3.0,
2026-05-12,OVID,0.0,0.0,0.0,0.0015899060904723719,1012.0,4.0,
2026-05-12,OVLY,0.0,0.0,0.0,-0.0007206125055704264,6719.0,2.0,
2026-05-12,OVRL,0.0,0.0,0.0,0.0,4909.0,2.0,
2026-05-12,OVTI,0.0,0.0,0.0,0.0,4910.0,2.0,
2026-05-12,OWLS,0.0,0.0,0.0,0.0006612522469102795,1544.0,3.0,
2026-05-12,OXAC,0.0,0.0,0.0,0.0,4911.0,2.0,
2026-05-12,OXBR,0.0,0.0,0.0,0.004115921195477095,159.0,5.0,
2026-05-12,OXBR.U,0.0,0.0,0.0,0.0,4912.0,2.0,
2026-05-12,OXBT,0.0,0.0,0.0,0.0,4913.0,2.0,
2026-05-12,OXFD,0.0,0.0,0.0,0.0,4914.0,2.0,
2026-05-12,OXGN,0.0,0.0,0.0,0.0,4915.0,2.0,
2026-05-12,OXLC,0.0,0.0,0.0,0.0008587263989762702,1429.0,4.0,
2026-05-12,OXLC.O,0.0,0.0,0.0,0.0,4916.0,2.0,
2026-05-12,OXLC.P,0.0,0.0,0.0,0.0,4917.0,2.0,
2026-05-12,OXLCG,0.0,0.0,0.0,7.801208713499163e-06,1939.0,3.0,
2026-05-12,OXLCI,0.0,0.0,0.0,-0.00047035381025351333,6605.0,2.0,
2026-05-12,OXLCL,0.0,0.0,0.0,-0.0007794306020604421,6738.0,2.0,
2026-05-12,OXLCO,0.0,0.0,0.0,-0.0005499404614138538,6649.0,2.0,
2026-05-12,OXLCZ,0.0,0.0,0.0,-0.0005022001510731223,6622.0,2.0,
2026-05-12,OXPS,0.0,0.0,0.0,0.0,4918.0,2.0,
2026-05-12,OXSQ,0.0,0.0,0.0,-0.0008527252798636009,6768.0,2.0,
2026-05-12,OXSQG,0.0,0.0,0.0,-0.0011613349469013958,6887.0,1.0,
2026-05-12,OXSQH,0.0,0.0,0.0,9.738128462524927e-06,1938.0,3.0,
2026-05-12,OXSQL,0.0,0.0,0.0,0.0,4919.0,2.0,
2026-05-12,OXSQZ,0.0,0.0,0.0,0.0,4920.0,2.0,
2026-05-12,OXUS,0.0,0.0,0.0,0.0,4921.0,2.0,
2026-05-12,OYSE,0.0,0.0,0.0,0.0,4922.0,2.0,
2026-05-12,OYST,0.0,0.0,0.0,0.0,4923.0,2.0,
2026-05-12,OZK,0.0,0.0,0.0,0.00024166708248260678,1793.0,3.0,
2026-05-12,OZRK,0.0,0.0,0.0,0.0,4924.0,2.0,
2026-05-12,PAA,0.0,0.0,0.0,0.0023053376019090744,681.0,5.0,
2026-05-12,PAAC,0.0,0.0,0.0,0.0,4925.0,2.0,
2026-05-12,PAAC.R,0.0,0.0,0.0,0.0,4926.0,2.0,
2026-05-12,PAAC.U,0.0,0.0,0.0,0.0,4927.0,2.0,
2026-05-12,PAAC.W,0.0,0.0,0.0,0.0,4928.0,2.0,
2026-05-12,PACB,0.0,0.0,0.0,0.0007370662591669377,1501.0,4.0,
2026-05-12,PACE.W,0.0,0.0,0.0,0.0,4929.0,2.0,
2026-05-12,PACH,0.0,0.0,0.0,-0.0004664296068990917,6602.0,2.0,
2026-05-12,PACQ,0.0,0.0,0.0,0.0,4930.0,2.0,
2026-05-12,PACR,0.0,0.0,0.0,0.0,4931.0,2.0,
2026-05-12,PACW,0.0,0.0,0.0,0.0,4932.0,2.0,
2026-05-12,PACX,0.0,0.0,0.0,0.0,4933.0,2.0,
2026-05-12,PAE,0.0,0.0,0.0,0.0,4934.0,2.0,
2026-05-12,PAET,0.0,0.0,0.0,0.0,4935.0,2.0,
2026-05-12,PAFO,0.0,0.0,0.0,0.0,4936.0,2.0,
2026-05-12,PAGP,0.0,0.0,0.0,0.0020226374824174813,810.0,4.0,
2026-05-12,PAHC,-0.002860599542949321,-0.002890173410404624,2.9573867455303087e-05,-0.004223008209708369,7321.0,1.0,"COVER because predicted alpha is in the bottom decile. Main contributors were mom_5, mom_21, volatility_10. Liquidity filter passed."
2026-05-12,PAIC,0.0,0.0,0.0,0.0,4937.0,2.0,
2026-05-12,PAL,0.0,0.0,0.0,0.0005603084890514511,1614.0,3.0,
2026-05-12,PALI,0.00046511627906976747,0.0,0.00046511627906976747,0.003925689319572551,194.0,5.0,"BUY because predicted alpha is in the top decile. Main contributors were hl_range_20, close_to_high_20, volume_z_60. Liquidity filter passed."
2026-05-12,PALO,0.0,0.0,0.0,-0.0041229841714643615,7315.0,1.0,
2026-05-12,PALT,0.0,0.0,0.0,0.0,4938.0,2.0,
2026-05-12,PAMT,0.0,0.0,0.0,0.0023738592366455624,659.0,5.0,
2026-05-12,PANA,0.0,0.0,0.0,0.0,4939.0,2.0,
2026-05-12,PAND,0.0,0.0,0.0,0.0,4940.0,2.0,
2026-05-12,PANL,-0.00046511627906976747,0.0,-0.00046511627906976747,-0.004227571208115333,7322.0,1.0,"SHORT because predicted alpha is in the bottom decile. Main contributors were volume_z_60, hl_range_20, mom_1. Liquidity filter passed."
2026-05-12,PANW,0.00046511627906976747,0.0,0.00046511627906976747,0.004113226166161608,160.0,5.0,"BUY because predicted alpha is in the top decile. Main contributors were parkinson_vol_20, mom_5, mom_21. Liquidity filter passed."
2026-05-12,PAQC,0.0,0.0,0.0,0.0,4941.0,2.0,
2026-05-12,PARA,0.0,0.0,0.0,0.0,4942.0,2.0,
2026-05-12,PARAA,0.0,0.0,0.0,0.0,4943.0,2.0,
2026-05-12,PARK,-0.00046511627906976747,0.0,-0.00046511627906976747,-0.0025440376380076596,7175.0,1.0,"SHORT because predicted alpha is in the bottom decile. Main contributors were volume_z_60, hl_range_20, close_to_high_20. Liquidity filter passed."
2026-05-12,PARN,0.0,0.0,0.0,0.0,4944.0,2.0,
2026-05-12,PASG,0.0,0.0,0.0,-0.006130949235959456,7419.0,1.0,
2026-05-12,PASW,0.0,0.0,0.0,0.0050256947718063626,73.0,5.0,
2026-05-12,PATI,0.0,0.0,0.0,0.0,4945.0,2.0,
2026-05-12,PATI.V,0.0,0.0,0.0,0.0,4946.0,2.0,
2026-05-12,PATK,0.0,0.0,0.0,0.001974063211585312,830.0,4.0,
2026-05-12,PATR,0.0,0.0,0.0,0.0,4947.0,2.0,
2026-05-12,PAVM,0.0,0.0,0.0,0.0012010379934865175,1220.0,4.0,
2026-05-12,PAVM.U,0.0,0.0,0.0,0.0,4948.0,2.0,
2026-05-12,PAVM.W,0.0,0.0,0.0,0.0,4949.0,2.0,
2026-05-12,PAVS,0.0,0.0,0.0,-0.0027400980957206565,7194.0,1.0,
2026-05-12,PAX,0.0,0.0,0.0,-0.0004559839669146292,6597.0,2.0,
2026-05-12,PAYA,0.0,0.0,0.0,0.0,4950.0,2.0,
2026-05-12,PAYO,0.0,0.0,0.0,-0.0005658311249829743,6654.0,2.0,
2026-05-12,PAYS,0.0,0.0,0.0,0.0005711165664254017,1609.0,3.0,
2026-05-12,PAYX,0.0,0.0,0.0,0.0010662671076025305,1304.0,4.0,
2026-05-12,PBAX,0.0,0.0,0.0,0.0,4951.0,2.0,
2026-05-12,PBBI,0.0,0.0,0.0,0.0,4952.0,2.0,
2026-05-12,PBBK,0.0,0.0,0.0,0.0,4953.0,2.0,
2026-05-12,PBCP,0.0,0.0,0.0,0.0,4954.0,2.0,
2026-05-12,PBCT,0.0,0.0,0.0,0.0,4955.0,2.0,
2026-05-12,PBFS,0.0,0.0,0.0,0.0005742975397164983,1606.0,3.0,
2026-05-12,PBHC,0.0,0.0,0.0,0.0,4956.0,2.0,
2026-05-12,PBIB,0.0,0.0,0.0,0.0,4957.0,2.0,
2026-05-12,PBIP,0.0,0.0,0.0,0.0,4958.0,2.0,
2026-05-12,PBLA,0.0,0.0,0.0,0.0,4959.0,2.0,
2026-05-12,PBM,0.0,0.0,0.0,-0.01609167429035998,7535.0,1.0,
2026-05-12,PBNC,0.0,0.0,0.0,0.0,4960.0,2.0,
2026-05-12,PBPB,0.0,0.0,0.0,0.0,4961.0,2.0,
2026-05-12,PBSK,0.0,0.0,0.0,0.0,4962.0,2.0,
2026-05-12,PBTS,0.0,0.0,0.0,0.0,4963.0,2.0,
2026-05-12,PBYI,0.0,0.0,0.0,0.0005318436553586858,1625.0,3.0,
2026-05-12,PC,0.0,0.0,0.0,0.0,4964.0,2.0,
2026-05-12,PCAP,0.0,0.0,0.0,-0.0005290950620938997,6636.0,2.0,
2026-05-12,PCAR,0.0,0.0,0.0,0.00219964360182605,736.0,5.0,
2026-05-12,PCB,0.0,0.0,0.0,0.0005524414075802909,1618.0,3.0,
2026-05-12,PCBK,0.0,0.0,0.0,0.0,4965.0,2.0,
2026-05-12,PCCT,0.0,0.0,0.0,0.0,4966.0,2.0,
2026-05-12,PCH,0.0,0.0,0.0,0.0,4967.0,2.0,
2026-05-12,PCMI,0.0,0.0,0.0,0.0,4968.0,2.0,
2026-05-12,PCO,0.0,0.0,0.0,0.0,4969.0,2.0,
2026-05-12,PCOM,0.0,0.0,0.0,0.0,4970.0,2.0,
2026-05-12,PCRX,0.0,0.0,0.0,0.0019079649646246046,854.0,4.0,
2026-05-12,PCSA,0.0,0.0,0.0,-0.002316071681228305,7148.0,1.0,
2026-05-12,PCSB,0.0,0.0,0.0,0.0,4971.0,2.0,
2026-05-12,PCSC,0.0,0.0,0.0,-0.0011722128382268245,6890.0,1.0,
2026-05-12,PCT,0.002860599542949321,0.002890173410404624,-2.9573867455303087e-05,0.005195612303774466,62.0,5.0,"SELL because predicted alpha is in the top decile. Main contributors were mom_5, mom_21, parkinson_vol_20. Liquidity filter passed."
2026-05-12,PCTI,0.0,0.0,0.0,0.0,4972.0,2.0,
2026-05-12,PCTY,0.0,0.0,0.0,0.0007067716055352936,1519.0,3.0,
2026-05-12,PCVX,0.0,0.0,0.0,-0.0005203352832002967,6632.0,2.0,
2026-05-12,PCX,0.0,0.0,0.0,0.0,4973.0,2.0,
2026-05-12,PCYC,0.0,0.0,0.0,0.0,4974.0,2.0,
2026-05-12,PCYG,0.0,0.0,0.0,0.0,4975.0,2.0,
2026-05-12,PCYO,0.0,0.0,0.0,0.002341732541503006,673.0,5.0,
2026-05-12,PDCE,0.0,0.0,0.0,0.0,4976.0,2.0,
2026-05-12,PDCO,0.0,0.0,0.0,0.0,4977.0,2.0,
2026-05-12,PDEX,0.0,0.0,0.0,-0.00031429520064422327,6520.0,2.0,
2026-05-12,PDFS,0.0,0.0,0.0,0.001682665744372694,960.0,4.0,
2026-05-12,PDII,0.0,0.0,0.0,0.0,4978.0,2.0,
2026-05-12,PDLB,0.0,0.0,0.0,-0.00015677173719585004,6424.0,2.0,
2026-05-12,PDLI,0.0,0.0,0.0,0.0,4979.0,2.0,
2026-05-12,PDLIV,0.0,0.0,0.0,0.0,4980.0,2.0,
2026-05-12,PDSB,-0.0023954832638795535,-0.002890173410404624,0.0004946901465250706,-0.0006039363584947991,6671.0,2.0,"COVER because predicted alpha is in the bottom decile. Main contributors were parkinson_vol_20, operating_margin, roa. Liquidity filter passed."
2026-05-12,PDVW,0.0,0.0,0.0,0.0,4981.0,2.0,
2026-05-12,PDYN,0.0,0.0,0.0,0.0011197522445955,1269.0,4.0,
2026-05-12,PEAR,0.0,0.0,0.0,0.0,4982.0,2.0,
2026-05-12,PEBK,0.0,0.0,0.0,-0.0012479514485971724,6920.0,1.0,
2026-05-12,PEBO,0.0,0.0,0.0,-0.0002910731635085388,6502.0,2.0,
2026-05-12,PECK,0.0,0.0,0.0,0.0,4983.0,2.0,
2026-05-12,PECO,0.0,0.0,0.0,0.0009672392684777964,1371.0,4.0,
2026-05-12,PEER,0.0,0.0,0.0,0.0,4984.0,2.0,
2026-05-12,PEGA,0.0,0.0,0.0,0.0010833819007636657,1291.0,4.0,
2026-05-12,PEGI,0.0,0.0,0.0,0.0,4985.0,2.0,
2026-05-12,PEGR,0.0,0.0,0.0,0.0,4986.0,2.0,
2026-05-12,PEGY,0.0,0.0,0.0,0.0,4987.0,2.0,
2026-05-12,PELI,0.0,0.0,0.0,0.0,4988.0,2.0,
2026-05-12,PENG,0.0023954832638795535,0.002890173410404624,-0.0004946901465250706,0.0010120977871725758,1345.0,4.0,"SELL because predicted alpha is in the top decile. Main contributors were mom_21, mom_5, close_to_low_20. Liquidity filter passed."
2026-05-12,PENN,0.0,0.0,0.0,0.002122290283775191,768.0,4.0,
2026-05-12,PENX,0.0,0.0,0.0,0.0,4989.0,2.0,
2026-05-12,PEOP,0.0,0.0,0.0,0.0,4990.0,2.0,
2026-05-12,PEP,0.0,0.0,0.0,0.000535250143689779,1623.0,3.0,
2026-05-12,PEPG,-0.00046511627906976747,0.0,-0.00046511627906976747,-0.004541869256063868,7346.0,1.0,"SHORT because predicted alpha is in the bottom decile. Main contributors were volatility_63, operating_margin, price_kurt_63. Liquidity filter passed."
2026-05-12,PEPL,0.0,0.0,0.0,0.0,4991.0,2.0,
2026-05-12,PERI,0.0,0.0,0.0,0.0022854049236478743,694.0,5.0,
2026-05-12,PERY,0.0,0.0,0.0,0.0,4992.0,2.0,
2026-05-12,PESI,0.0,0.0,0.0,-0.0009366477796489129,6806.0,2.0,
2026-05-12,PET,0.0,0.0,0.0,0.0,4993.0,2.0,
2026-05-12,PETD,0.0,0.0,0.0,0.0,4994.0,2.0,
2026-05-12,PETM,0.0,0.0,0.0,0.0,4995.0,2.0,
2026-05-12,PETQ,0.0,0.0,0.0,0.0,4996.0,2.0,
2026-05-12,PETS,0.0,0.0,0.0,0.0008467199256783772,1433.0,4.0,
2026-05-12,PETV,0.0,0.0,0.0,0.0,4997.0,2.0,
2026-05-12,PETX,0.0,0.0,0.0,0.0,4998.0,2.0,
2026-05-12,PETZ,0.0,0.0,0.0,0.0034433115847967645,292.0,5.0,
2026-05-12,PEV,0.0,0.0,0.0,0.0,4999.0,2.0,
2026-05-12,PFAI,0.0,0.0,0.0,0.00021824186545202996,1814.0,3.0,
2026-05-12,PFBC,0.0,0.0,0.0,-0.0017850256583746785,7056.0,1.0,
2026-05-12,PFBI,0.0,0.0,0.0,0.0,5000.0,2.0,
2026-05-12,PFBX,0.0,0.0,0.0,0.0,5001.0,2.0,
2026-05-12,PFC,0.0,0.0,0.0,0.0,5002.0,2.0,
2026-05-12,PFCB,0.0,0.0,0.0,0.0,5003.0,2.0,
2026-05-12,PFDR,0.0,0.0,0.0,0.0,5004.0,2.0,
2026-05-12,PFG,0.0,0.0,0.0,0.000984427692448721,1360.0,4.0,
2026-05-12,PFHD,0.0,0.0,0.0,0.0,5005.0,2.0,
2026-05-12,PFIE,0.0,0.0,0.0,0.0,5006.0,2.0,
2026-05-12,PFIN,0.0,0.0,0.0,0.0,5007.0,2.0,
2026-05-12,PFIS,-0.00046511627906976747,0.0,-0.00046511627906976747,-0.003242550565592529,7252.0,1.0,"SHORT because predicted alpha is in the bottom decile. Main contributors were volume_z_60, hl_range_20, close_to_high_20. Liquidity filter passed."
2026-05-12,PFMT,0.0,0.0,0.0,0.0,5008.0,2.0,
2026-05-12,PFPT,0.0,0.0,0.0,0.0,5009.0,2.0,
2026-05-12,PFSA,0.0,0.0,0.0,-0.0017982300902150009,7058.0,1.0,
2026-05-12,PFSW,0.0,0.0,0.0,0.0,5010.0,2.0,
2026-05-12,PFTA,0.0,0.0,0.0,0.0,5011.0,2.0,
2026-05-12,PFWD,0.0,0.0,0.0,0.0,5012.0,2.0,
2026-05-12,PFX,-0.00046511627906976747,0.0,-0.00046511627906976747,-0.0045925487043543475,7352.0,1.0,"SHORT because predicted alpha is in the bottom decile. Main contributors were hl_range_20, volume_z_60, close_to_high_20. Liquidity filter passed."
2026-05-12,PFXNL,0.0,0.0,0.0,0.0,5013.0,2.0,
2026-05-12,PFXNZ,0.0,0.0,0.0,0.0,5014.0,2.0,
2026-05-12,PGAC,0.0,0.0,0.0,-0.0006358397286685023,6683.0,2.0,
2026-05-12,PGC,0.0,0.0,0.0,0.0015932119373038328,1011.0,4.0,
2026-05-12,PGEN,0.0,0.0,0.0,0.00027840292573437704,1768.0,3.0,
2026-05-12,PGHL,0.0,0.0,0.0,0.0,5015.0,2.0,
2026-05-12,PGLC,0.0,0.0,0.0,0.0,5016.0,2.0,
2026-05-12,PGNX,0.0,0.0,0.0,0.0,5017.0,2.0,
2026-05-12,PGNY,0.0,0.0,0.0,0.0003401721134551137,1738.0,3.0,
2026-05-12,PGRW,0.0,0.0,0.0,0.0,5018.0,2.0,
2026-05-12,PGY,0.0,0.0,0.0,0.00299172051969909,424.0,5.0,
2026-05-12,PHAR,0.0,0.0,0.0,-0.002606627943776033,7183.0,1.0,
2026-05-12,PHAS,0.0,0.0,0.0,0.0,5019.0,2.0,
2026-05-12,PHAT,0.0,0.0,0.0,-0.00030344902458766514,6513.0,2.0,
2026-05-12,PHCF,0.0,0.0,0.0,0.0,5020.0,2.0,
2026-05-12,PHH,0.0,0.0,0.0,0.0,5021.0,2.0,
2026-05-12,PHIC,0.0,0.0,0.0,0.0,5022.0,2.0,
2026-05-12,PHII,0.0,0.0,0.0,0.0,5023.0,2.0,
2026-05-12,PHII.K,0.0,0.0,0.0,0.0,5024.0,2.0,
2026-05-12,PHIIK,0.0,0.0,0.0,0.0,5025.0,2.0,
2026-05-12,PHIO,0.0,0.0,0.0,-0.0010152581385274417,6844.0,1.0,
2026-05-12,PHLT,0.0,0.0,0.0,0.0,5026.0,2.0,
2026-05-12,PHMD,0.0,0.0,0.0,0.0,5027.0,2.0,
2026-05-12,PHOE,0.0,0.0,0.0,-0.02125605647664647,7553.0,1.0,
2026-05-12,PHUN,0.0,0.0,0.0,-0.0013770470913451102,6957.0,1.0,
2026-05-12,PHVS,-0.0023954832638795535,-0.002890173410404624,0.0004946901465250706,-0.0011887235837192505,6898.0,1.0,"COVER because predicted alpha is in the bottom decile. Main contributors were close_to_high_20, intraday_return, hl_range_20. Liquidity filter passed."
2026-05-12,PI,0.0,0.0,0.0,0.002878665325953221,461.0,5.0,
2026-05-12,PICO,0.0,0.0,0.0,0.0,5028.0,2.0,
2026-05-12,PICS,0.0023954832638795535,0.002890173410404624,-0.0004946901465250706,0.0010808155681934022,1294.0,4.0,"SELL because predicted alpha is in the top decile. Main contributors were volume_z_60, hl_range_20, parkinson_vol_20. Liquidity filter passed."
2026-05-12,PIH,0.0,0.0,0.0,0.0,5029.0,2.0,
2026-05-12,PIII,0.0,0.0,0.0,0.007928877547614987,3.0,5.0,
2026-05-12,PIK,0.0,0.0,0.0,0.0,5030.0,2.0,
2026-05-12,PINC,0.0,0.0,0.0,0.0,5031.0,2.0,
2026-05-12,PIOI,0.0,0.0,0.0,0.0,5032.0,2.0,
2026-05-12,PIRS,0.0,0.0,0.0,0.0,5033.0,2.0,
2026-05-12,PITA,0.0,0.0,0.0,0.0,5034.0,2.0,
2026-05-12,PIXY,0.0,0.0,0.0,0.0,5035.0,2.0,
2026-05-12,PKBK,0.0,0.0,0.0,0.0011667750614011527,1237.0,4.0,
2026-05-12,PKBO,0.0,0.0,0.0,0.0,5036.0,2.0,
2026-05-12,PKOH,0.0,0.0,0.0,0.00177032179164258,920.0,4.0,
2026-05-12,PKT,0.0,0.0,0.0,0.0,5037.0,2.0,
2026-05-12,PLAB,0.00046511627906976747,0.0,0.00046511627906976747,0.003738570878847206,231.0,5.0,"BUY because predicted alpha is in the top decile. Main contributors were parkinson_vol_20, mom_252, volume_z_20. Liquidity filter passed."
2026-05-12,PLAO,0.0,0.0,0.0,0.0,5038.0,2.0,
2026-05-12,PLAY,0.0,0.0,0.0,0.0002358213672547529,1796.0,3.0,
2026-05-12,PLBC,0.0,0.0,0.0,0.0008638328021161124,1426.0,4.0,
2026-05-12,PLBL,0.0,0.0,0.0,-0.0009258493413099081,6801.0,2.0,
2026-05-12,PLBY,0.0,0.0,0.0,9.364987524554538e-05,1902.0,3.0,
2026-05-12,PLCC,0.0,0.0,0.0,0.0,5039.0,2.0,
2026-05-12,PLCE,0.0,0.0,0.0,0.005997897954218561,26.0,5.0,
2026-05-12,PLCM,0.0,0.0,0.0,0.0,5040.0,2.0,
2026-05-12,PLIN,0.0,0.0,0.0,0.0,5041.0,2.0,
2026-05-12,PLKI,0.0,0.0,0.0,0.0,5042.0,2.0,
2026-05-12,PLL,0.0,0.0,0.0,0.0,5043.0,2.0,
2026-05-12,PLMI,0.0,0.0,0.0,0.0,5044.0,2.0,
2026-05-12,PLMJ,0.0,0.0,0.0,0.0,5045.0,2.0,
2026-05-12,PLMK,0.0,0.0,0.0,-0.0002950419483302288,6508.0,2.0,
2026-05-12,PLMR,0.0,0.0,0.0,0.0017994739562090588,908.0,4.0,
2026-05-12,PLMT,0.0,0.0,0.0,0.0,5046.0,2.0,
2026-05-12,PLNR,0.0,0.0,0.0,0.0,5047.0,2.0,
2026-05-12,PLPC,0.002860599542949321,0.002890173410404624,-2.9573867455303087e-05,0.004144254921778662,154.0,5.0,"SELL because predicted alpha is in the top decile. Main contributors were volume_z_60, parkinson_vol_20, mom_252. Liquidity filter passed."
2026-05-12,PLPM,0.0,0.0,0.0,0.0,5048.0,2.0,
2026-05-12,PLRX,0.0,0.0,0.0,-0.002645702888329828,7187.0,1.0,
2026-05-12,PLRZ,0.0,0.0,0.0,0.003592789898413503,260.0,5.0,
2026-05-12,PLSE,-0.00046511627906976747,0.0,-0.00046511627906976747,-0.003124909222832287,7240.0,1.0,"SHORT because predicted alpha is in the bottom decile. Main contributors were intraday_return, mom_1, volume_z_60. Liquidity filter passed."
2026-05-12,PLSM,0.0,0.0,0.0,0.0,5049.0,2.0,
2026-05-12,PLTK,0.0,0.0,0.0,0.002290410938821617,692.0,5.0,
2026-05-12,PLTN,0.0,0.0,0.0,0.0,5050.0,2.0,
2026-05-12,PLTR,0.0,0.0,0.0,0.002991785791664504,423.0,5.0,
2026-05-12,PLTS,0.0,0.0,0.0,0.0,5051.0,2.0,
2026-05-12,PLUG,-0.0023954832638795535,-0.002890173410404624,0.0004946901465250706,0.000725134102639165,1505.0,4.0,"COVER because predicted alpha is in the bottom decile. Main contributors were volume_z_60, roa, close_to_high_20. Liquidity filter passed."
2026-05-12,PLUR,0.0,0.0,0.0,-0.003303352552072757,7254.0,1.0,
2026-05-12,PLUS,0.0,0.0,0.0,0.0010597653713521275,1310.0,4.0,
2026-05-12,PLUT,0.0,0.0,0.0,-0.004509615077996299,7344.0,1.0,
2026-05-12,PLXP,0.0,0.0,0.0,0.0,5052.0,2.0,
2026-05-12,PLXS,0.0,0.0,0.0,0.0023483629014328117,671.0,5.0,
2026-05-12,PLXT,0.0,0.0,0.0,0.0,5053.0,2.0,
2026-05-12,PLYA,0.0,0.0,0.0,0.0,5054.0,2.0,
2026-05-12,PLYX,0.0,0.0,0.0,-0.0011874663639788608,6897.0,1.0,
2026-05-12,PMAX,-0.002860599542949321,-0.002890173410404624,2.9573867455303087e-05,-0.012657512782746188,7524.0,1.0,"COVER because predicted alpha is in the bottom decile. Main contributors were parkinson_vol_20, volatility_10, volatility_63. Liquidity filter passed."
2026-05-12,PMBC,0.0,0.0,0.0,0.0,5055.0,2.0,
2026-05-12,PMCB,0.0,0.0,0.0,-0.008908727847266132,7495.0,1.0,
2026-05-12,PMCS,0.0,0.0,0.0,0.0,5056.0,2.0,
2026-05-12,PMD,0.0,0.0,0.0,0.0,5057.0,2.0,
2026-05-12,PME,0.0,0.0,0.0,0.0,5058.0,2.0,
2026-05-12,PMEC,0.0,0.0,0.0,-0.0030380044390767133,7230.0,1.0,
2026-05-12,PMFG,0.0,0.0,0.0,0.0,5059.0,2.0,
2026-05-12,PMGM,0.0,0.0,0.0,0.0,5060.0,2.0,
2026-05-12,PMN,0.0,0.0,0.0,-0.0006910472631252943,6704.0,2.0,
2026-05-12,PMTR,-0.0023954832638795535,-0.002890173410404624,0.0004946901465250706,-0.001401940953482379,6962.0,1.0,"COVER because predicted alpha is in the bottom decile. Main contributors were hl_range_20, close_to_high_20, volatility_20. Liquidity filter failed."
2026-05-12,PMTS,0.0,0.0,0.0,0.00025798177937931614,1781.0,3.0,
2026-05-12,PMVP,0.0,0.0,0.0,0.0002872121247161223,1765.0,3.0,
2026-05-12,PN,0.0,0.0,0.0,-0.02169004921166084,7554.0,1.0,
2026-05-12,PNAC,0.0,0.0,0.0,0.0,5061.0,2.0,
2026-05-12,PNBK,0.0,0.0,0.0,0.0020627590697866456,789.0,4.0,
2026-05-12,PNK,0.0,0.0,0.0,0.0,5062.0,2.0,
2026-05-12,PNKZ.V,0.0,0.0,0.0,0.0,5063.0,2.0,
2026-05-12,PNNTG,0.0,0.0,0.0,0.0,5064.0,2.0,
2026-05-12,PNRA,0.0,0.0,0.0,0.0,5065.0,2.0,
2026-05-12,PNRG,0.0,0.0,0.0,0.001227447287585652,1204.0,4.0,
2026-05-12,PNT,0.0,0.0,0.0,0.0,5066.0,2.0,
2026-05-12,PNTG,0.0023954832638795535,0.002890173410404624,-0.0004946901465250706,0.0014714135200913886,1074.0,4.0,"SELL because predicted alpha is in the top decile. Main contributors were parkinson_vol_20, mom_5, volatility_63. Liquidity filter passed."
2026-05-12,PNTR,0.0,0.0,0.0,0.0,5067.0,2.0,
2026-05-12,POAI,0.0,0.0,0.0,0.0,5068.0,2.0,
2026-05-12,POCI,0.0,0.0,0.0,0.00032585862077243573,1748.0,3.0,
2026-05-12,PODC,0.0,0.0,0.0,0.004328717144230402,135.0,5.0,
2026-05-12,PODD,0.0,0.0,0.0,-0.00027419641546903265,6493.0,2.0,
2026-05-12,POET,-0.0023954832638795535,-0.002890173410404624,0.0004946901465250706,0.0007607279226362479,1491.0,4.0,"COVER because predicted alpha is in the bottom decile. Main contributors were parkinson_vol_20, volatility_63, mom_10. Liquidity filter passed."
2026-05-12,POLA,0.0,0.0,0.0,0.005380384298880921,53.0,5.0,
2026-05-12,POLE,-0.00046511627906976747,0.0,-0.00046511627906976747,-0.00444016176441058,7339.0,1.0,"SHORT because predicted alpha is in the bottom decile. Main contributors were hl_range_20, volume_z_60, close_to_high_20. Liquidity filter passed."
2026-05-12,PONO,0.0,0.0,0.0,0.001209494280427295,1215.0,4.0,
2026-05-12,POOL,0.0,0.0,0.0,0.002744225286606756,502.0,5.0,
2026-05-12,POSH,0.0,0.0,0.0,0.0,5069.0,2.0,
2026-05-12,POWI,0.0,0.0,0.0,0.0029540604001477675,430.0,5.0,
2026-05-12,POWL,0.002860599542949321,0.002890173410404624,-2.9573867455303087e-05,0.003981379985846199,182.0,5.0,"SELL because predicted alpha is in the top decile. Main contributors were mom_252, parkinson_vol_20, mom_21. Liquidity filter passed."
2026-05-12,POWW,0.0,0.0,0.0,0.0023777455629187577,656.0,5.0,
2026-05-12,POZN,0.0,0.0,0.0,0.0,5070.0,2.0,
2026-05-12,PPBI,0.0,0.0,0.0,0.0,5071.0,2.0,
2026-05-12,PPC,0.0,0.0,0.0,0.0014156690461636018,1106.0,4.0,
2026-05-12,PPCB,0.0,0.0,0.0,0.00047009454152216294,1666.0,3.0,
2026-05-12,PPD,0.0,0.0,0.0,0.0,5072.0,2.0,
2026-05-12,PPDI,0.0,0.0,0.0,0.0,5073.0,2.0,
2026-05-12,PPGH,0.0,0.0,0.0,0.0,5074.0,2.0,
2026-05-12,PPHC,0.0,0.0,0.0,0.0021971856057479266,740.0,5.0,
2026-05-12,PPHI,0.0,0.0,0.0,0.0,5075.0,2.0,
2026-05-12,PPHM,0.0,0.0,0.0,0.0,5076.0,2.0,
2026-05-12,PPHM.P,0.0,0.0,0.0,0.0,5077.0,2.0,
2026-05-12,PPHP,0.0,0.0,0.0,0.0,5078.0,2.0,
2026-05-12,PPIH,0.0,0.0,0.0,0.003245025661899828,346.0,5.0,
2026-05-12,PPSI,0.0,0.0,0.0,0.004257285676496244,144.0,5.0,
2026-05-12,PPTA,0.00046511627906976747,0.0,0.00046511627906976747,0.004665838214269801,97.0,5.0,"BUY because predicted alpha is in the top decile. Main contributors were parkinson_vol_20, current_ratio, mom_5. Liquidity filter passed."
2026-05-12,PPYA,0.0,0.0,0.0,0.0,5079.0,2.0,
2026-05-12,PRAA,0.0,0.0,0.0,-0.0007613698149232988,6731.0,2.0,
2026-05-12,PRAH,0.0,0.0,0.0,0.0,5080.0,2.0,
2026-05-12,PRAX,0.0,0.0,0.0,0.0006234769202061556,1575.0,3.0,
2026-05-12,PRCH,0.0,0.0,0.0,0.0009999439723966694,1355.0,4.0,
2026-05-12,PRCP,0.0,0.0,0.0,0.0,5081.0,2.0,
2026-05-12,PRCT,0.0,0.0,0.0,-0.0013276926173594805,6946.0,1.0,
2026-05-12,PRDO,0.0,0.0,0.0,0.001583595267207187,1017.0,4.0,
2026-05-12,PRDS,0.0,0.0,0.0,0.0,5082.0,2.0,
2026-05-12,PRE,0.0,0.0,0.0,0.0023752203806384235,658.0,5.0,
2026-05-12,PRFT,0.0,0.0,0.0,0.0,5083.0,2.0,
2026-05-12,PRFX,0.0,0.0,0.0,0.0033416201944400483,316.0,5.0,
2026-05-12,PRGN,0.0,0.0,0.0,0.0,5084.0,2.0,
2026-05-12,PRGN.L,0.0,0.0,0.0,0.0,5085.0,2.0,
2026-05-12,PRGS,0.0,0.0,0.0,0.0018374201121822335,888.0,4.0,
2026-05-12,PRGX,0.0,0.0,0.0,0.0,5086.0,2.0,
2026-05-12,PRHI,0.0,0.0,0.0,0.0030238765829202876,408.0,5.0,
2026-05-12,PRHIZ,0.0,0.0,0.0,-0.0031057110784281777,7233.0,1.0,
2026-05-12,PRKR,0.0,0.0,0.0,0.0,5087.0,2.0,
2026-05-12,PRKU,0.0,0.0,0.0,0.0,5088.0,2.0,
2026-05-12,PRLD,0.0,0.0,0.0,0.0006800320996390925,1533.0,3.0,
2026-05-12,PRLH,0.0,0.0,0.0,0.0,5089.0,2.0,
2026-05-12,PRLS,0.0,0.0,0.0,0.0,5090.0,2.0,
2026-05-12,PRME,0.0,0.0,0.0,0.000685137530248199,1531.0,3.0,
2026-05-12,PRNB,0.0,0.0,0.0,0.0,5091.0,2.0,
2026-05-12,PROC,0.0,0.0,0.0,0.0,5092.0,2.0,
2026-05-12,PROF,0.0,0.0,0.0,0.0009126136680293686,1393.0,4.0,
2026-05-12,PROG,0.0,0.0,0.0,0.0,5093.0,2.0,
2026-05-12,PROK,0.0,0.0,0.0,-0.00013128715744505686,6406.0,2.0,
2026-05-12,PROP,0.0,0.0,0.0,-0.0005204453414427774,6633.0,2.0,
2026-05-12,PROV,0.0,0.0,0.0,0.0003979778427168921,1708.0,3.0,
2026-05-12,PRPH,0.0,0.0,0.0,0.0,5094.0,2.0,
2026-05-12,PRPL,0.0,0.0,0.0,0.005803650013681722,32.0,5.0,
2026-05-12,PRPO,0.0,0.0,0.0,0.0006608315406393404,1545.0,3.0,
2026-05-12,PRQR,0.0,0.0,0.0,0.0016729197160307479,966.0,4.0,
2026-05-12,PRSC,0.0,0.0,0.0,0.0,5095.0,2.0,
2026-05-12,PRSN,0.0,0.0,0.0,0.0,5096.0,2.0,
2026-05-12,PRSN.W,0.0,0.0,0.0,0.0,5097.0,2.0,
2026-05-12,PRSO,-0.002860599542949321,-0.002890173410404624,2.9573867455303087e-05,-0.003903360916001839,7301.0,1.0,"COVER because predicted alpha is in the bottom decile. Main contributors were volatility_63, volatility_10, intraday_return. Liquidity filter passed."
2026-05-12,PRSR,0.0,0.0,0.0,0.0,5098.0,2.0,
2026-05-12,PRSS,0.0,0.0,0.0,0.0,5099.0,2.0,
2026-05-12,PRST,0.0,0.0,0.0,0.0,5100.0,2.0,
2026-05-12,PRTA,-0.002860599542949321,-0.002890173410404624,2.9573867455303087e-05,-0.0037045572668064353,7287.0,1.0,"COVER because predicted alpha is in the bottom decile. Main contributors were book_to_market, mom_5, hl_range_20. Liquidity filter passed."
2026-05-12,PRTG,0.0,0.0,0.0,0.0,5101.0,2.0,
2026-05-12,PRTH,0.0,0.0,0.0,0.0007874804831499537,1472.0,4.0,
2026-05-12,PRTK,0.0,0.0,0.0,0.0,5102.0,2.0,
2026-05-12,PRTS,0.0,0.0,0.0,0.003748471626983102,227.0,5.0,
2026-05-12,PRVA,0.0,0.0,0.0,5.235827102260181e-05,1913.0,3.0,
2026-05-12,PRVB,0.0,0.0,0.0,0.0,5103.0,2.0,
2026-05-12,PRVL,0.0,0.0,0.0,0.0,5104.0,2.0,
2026-05-12,PRXI,0.0,0.0,0.0,0.0,5105.0,2.0,
2026-05-12,PRXL,0.0,0.0,0.0,0.0,5106.0,2.0,
2026-05-12,PRZM,0.0,0.0,0.0,0.0,5107.0,2.0,
2026-05-12,PRZO,0.0,0.0,0.0,0.001260339939108621,1187.0,4.0,
2026-05-12,PSAC,0.0,0.0,0.0,0.0,5108.0,2.0,
2026-05-12,PSAG,0.0,0.0,0.0,0.0,5109.0,2.0,
2026-05-12,PSBH,0.0,0.0,0.0,0.0,5110.0,2.0,
2026-05-12,PSDO,0.0,0.0,0.0,0.0,5111.0,2.0,
2026-05-12,PSDV,0.0,0.0,0.0,0.0,5112.0,2.0,
2026-05-12,PSEC,-0.00046511627906976747,0.0,-0.00046511627906976747,-0.002695688411865508,7190.0,1.0,"SHORT because predicted alpha is in the bottom decile. Main contributors were volume_z_60, hl_range_20, mom_5. Liquidity filter passed."
2026-05-12,PSEM,0.0,0.0,0.0,0.0,5113.0,2.0,
2026-05-12,PSHG,0.0,0.0,0.0,0.000941098204741051,1380.0,4.0,
2026-05-12,PSIG,0.0,0.0,0.0,-0.0014270779655527924,6971.0,1.0,
2026-05-12,PSIX,0.0,0.0,0.0,-0.0018333222836014883,7065.0,1.0,
2026-05-12,PSKY,0.0,0.0,0.0,0.002019510463890374,812.0,4.0,
2026-05-12,PSMI,0.0,0.0,0.0,0.0,5114.0,2.0,
2026-05-12,PSMT,0.0,0.0,0.0,0.00046621328132736943,1671.0,3.0,
2026-05-12,PSNL,0.0,0.0,0.0,0.00022156725044412753,1809.0,3.0,
2026-05-12,PSNY,0.0,0.0,0.0,0.0018864374408837183,866.0,4.0,
2026-05-12,PSSI,0.0,0.0,0.0,0.0,5115.0,2.0,
2026-05-12,PSTB,0.0,0.0,0.0,0.0,5116.0,2.0,
2026-05-12,PSTI,0.0,0.0,0.0,0.0,5117.0,2.0,
2026-05-12,PSTV,0.0,0.0,0.0,0.0018511938027864696,882.0,4.0,
2026-05-12,PSTX,0.0,0.0,0.0,0.0,5118.0,2.0,
2026-05-12,PSUN,0.0,0.0,0.0,0.0,5119.0,2.0,
2026-05-12,PSYS,0.0,0.0,0.0,0.0,5120.0,2.0,
2026-05-12,PTAC,0.0,0.0,0.0,0.0,5121.0,2.0,
2026-05-12,PTBI,0.0,0.0,0.0,0.0,5122.0,2.0,
2026-05-12,PTBI.W,0.0,0.0,0.0,0.0,5123.0,2.0,
2026-05-12,PTC,0.0,0.0,0.0,0.0013316328937879307,1154.0,4.0,
2026-05-12,PTCT,0.0,0.0,0.0,0.0021149497894504417,773.0,4.0,
2026-05-12,PTE,0.0,0.0,0.0,0.0,5124.0,2.0,
2026-05-12,PTEK,0.0,0.0,0.0,0.0,5125.0,2.0,
2026-05-12,PTEN,0.0,0.0,0.0,0.0029341416870613196,439.0,5.0,
2026-05-12,PTGX,0.0,0.0,0.0,0.0024072187170924193,643.0,5.0,
2026-05-12,PTHL,0.0,0.0,0.0,0.0,5126.0,2.0,
2026-05-12,PTHR,0.0,0.0,0.0,0.0,5127.0,2.0,
2026-05-12,PTI,0.0,0.0,0.0,0.0,5128.0,2.0,
2026-05-12,PTIC,0.0,0.0,0.0,0.0,5129.0,2.0,
2026-05-12,PTIE,0.0,0.0,0.0,0.0,5130.0,2.0,
2026-05-12,PTIX,0.0,0.0,0.0,0.0,5131.0,2.0,
2026-05-12,PTLA,0.0,0.0,0.0,0.0,5132.0,2.0,
2026-05-12,PTLE,0.0,0.0,0.0,0.0012427553607076607,1199.0,4.0,
2026-05-12,PTLO,0.0,0.0,0.0,0.0006504340986554148,1554.0,3.0,
2026-05-12,PTMN,0.0,0.0,0.0,0.0,5133.0,2.0,
2026-05-12,PTNM,0.0,0.0,0.0,0.0,5134.0,2.0,
2026-05-12,PTOC,0.0,0.0,0.0,0.0,5135.0,2.0,
2026-05-12,PTON,0.0023954832638795535,0.002890173410404624,-0.0004946901465250706,0.001906468859730238,855.0,4.0,"SELL because predicted alpha is in the top decile. Main contributors were parkinson_vol_20, log_dollar_vol_20, mom_5. Liquidity filter passed."
2026-05-12,PTOR,0.0,0.0,0.0,-0.0012613817644265965,6927.0,1.0,
2026-05-12,PTPI,0.0,0.0,0.0,0.0,5136.0,2.0,
2026-05-12,PTRA,0.0,0.0,0.0,0.0,5137.0,2.0,
2026-05-12,PTRN,0.0,0.0,0.0,-0.0004110312756845508,6571.0,2.0,
2026-05-12,PTRS,0.0,0.0,0.0,0.0,5138.0,2.0,
2026-05-12,PTRY,0.0,0.0,0.0,0.0,5139.0,2.0,
2026-05-12,PTSI,0.0,0.0,0.0,0.0,5140.0,2.0,
2026-05-12,PTSX,0.0,0.0,0.0,0.0,5141.0,2.0,
2026-05-12,PTVCA,0.0,0.0,0.0,0.0,5142.0,2.0,
2026-05-12,PTVCB,0.0,0.0,0.0,0.0,5143.0,2.0,
2026-05-12,PTVE,0.0,0.0,0.0,0.0,5144.0,2.0,
2026-05-12,PTWO,0.0,0.0,0.0,0.0,5145.0,2.0,
2026-05-12,PTX,0.0,0.0,0.0,0.0,5146.0,2.0,
2026-05-12,PUB,0.0,0.0,0.0,0.0,5147.0,2.0,
2026-05-12,PUBM,0.0,0.0,0.0,0.0006692029035384333,1537.0,3.0,
2026-05-12,PUCK,0.0,0.0,0.0,0.0,5148.0,2.0,
2026-05-12,PULB,0.0,0.0,0.0,0.0,5149.0,2.0,
2026-05-12,PULM,0.0,0.0,0.0,-0.006343958192567069,7426.0,1.0,
2026-05-12,PURE,0.0,0.0,0.0,0.0,5150.0,2.0,
2026-05-12,PURR,0.0,0.0,0.0,0.001889333525905959,863.0,4.0,
2026-05-12,PVAC,0.0,0.0,0.0,0.0,5151.0,2.0,
2026-05-12,PVBC,0.0,0.0,0.0,0.0,5152.0,2.0,
2026-05-12,PVLA,0.0,0.0,0.0,-0.00024707512871639543,6470.0,2.0,
2026-05-12,PVTB,0.0,0.0,0.0,0.0,5153.0,2.0,
2026-05-12,PVTB.P,0.0,0.0,0.0,0.0,5154.0,2.0,
2026-05-12,PWAV,0.0,0.0,0.0,0.0,5155.0,2.0,
2026-05-12,PWAVD,0.0,0.0,0.0,0.0,5156.0,2.0,
2026-05-12,PWFL,0.0,0.0,0.0,0.0,5157.0,2.0,
2026-05-12,PWM,0.0,0.0,0.0,0.0,5158.0,2.0,
2026-05-12,PWOD,0.0,0.0,0.0,0.0,5159.0,2.0,
2026-05-12,PWP,0.0,0.0,0.0,-0.0014606523127270903,6981.0,1.0,
2026-05-12,PWUP,0.0,0.0,0.0,0.0,5160.0,2.0,
2026-05-12,PWX,0.0,0.0,0.0,0.0,5161.0,2.0,
2026-05-12,PXLW,0.0,0.0,0.0,-0.0007836608909775978,6740.0,2.0,
2026-05-12,PXMD,0.0,0.0,0.0,0.0,5162.0,2.0,
2026-05-12,PXS,0.0,0.0,0.0,0.001079035220329434,1295.0,4.0,
2026-05-12,PYCR,0.0,0.0,0.0,0.0,5163.0,2.0,
2026-05-12,PYDS,0.0,0.0,0.0,0.0,5164.0,2.0,
2026-05-12,PYPD,0.0,0.0,0.0,-0.0032333079041890894,7248.0,1.0,
2026-05-12,PYPL,0.0,0.0,0.0,0.0008790122552578683,1412.0,4.0,
2026-05-12,PYR,0.0,0.0,0.0,0.0,5165.0,2.0,
2026-05-12,PYXS,0.00046511627906976747,0.0,0.00046511627906976747,0.005139189323028628,67.0,5.0,"BUY because predicted alpha is in the top decile. Main contributors were mom_5, hl_range_20, mom_21. Liquidity filter passed."
2026-05-12,PZRX,0.0,0.0,0.0,0.0,5166.0,2.0,
2026-05-12,PZZA,0.0,0.0,0.0,-0.00012354583417600382,6403.0,2.0,
2026-05-12,PZZI,0.0,0.0,0.0,0.0,5167.0,2.0,
2026-05-12,QADA,0.0,0.0,0.0,0.0,5168.0,2.0,
2026-05-12,QADB,0.0,0.0,0.0,0.0,5169.0,2.0,
2026-05-12,QBAK,0.0,0.0,0.0,0.0,5170.0,2.0,
2026-05-12,QCCO,0.0,0.0,0.0,0.0,5171.0,2.0,
2026-05-12,QCLS,0.0,0.0,0.0,-0.0010386871630450585,6854.0,1.0,
2026-05-12,QCOM,0.00046511627906976747,0.0,0.00046511627906976747,0.004593249886178741,104.0,5.0,"BUY because predicted alpha is in the top decile. Main contributors were mom_21, intraday_return, mom_5. Liquidity filter passed."
2026-05-12,QCOR,0.0,0.0,0.0,0.0,5172.0,2.0,
2026-05-12,QCRH,0.0,0.0,0.0,0.0009826932015362551,1364.0,4.0,
2026-05-12,QDEL,0.001930366984809786,0.002890173410404624,-0.0009598064255948381,-0.0024356060620577143,7168.0,1.0,"SELL because predicted alpha is in the top decile. Main contributors were close_to_high_20, hl_range_20, debt_to_equity. Liquidity filter passed."
2026-05-12,QDRO,0.0,0.0,0.0,0.0,5173.0,2.0,
2026-05-12,QELL,0.0,0.0,0.0,0.0,5174.0,2.0,
2026-05-12,QETA,0.0,0.0,0.0,0.0,5175.0,2.0,
2026-05-12,QIPT,0.0,0.0,0.0,0.0,5176.0,2.0,
2026-05-12,QKLS,0.0,0.0,0.0,0.0,5177.0,2.0,
2026-05-12,QLGC,0.0,0.0,0.0,0.0,5178.0,2.0,
2026-05-12,QLGN,0.0,0.0,0.0,0.0,5179.0,2.0,
2026-05-12,QLI,0.0,0.0,0.0,0.0,5180.0,2.0,
2026-05-12,QLIK,0.0,0.0,0.0,0.0,5181.0,2.0,
2026-05-12,QLYS,0.0,0.0,0.0,0.002289266073815418,693.0,5.0,
2026-05-12,QMCO,0.00046511627906976747,0.0,0.00046511627906976747,0.0034945154916233316,279.0,5.0,"BUY because predicted alpha is in the top decile. Main contributors were intraday_return, mom_21, hl_range_20. Liquidity filter passed."
2026-05-12,QMMM,0.0,0.0,0.0,0.0,5182.0,2.0,
2026-05-12,QNCX,0.0,0.0,0.0,-0.008130082622692523,7483.0,1.0,
2026-05-12,QNST,0.0,0.0,0.0,0.0011866821278882578,1228.0,4.0,
2026-05-12,QNTM,0.0,0.0,0.0,0.0005851235588530531,1600.0,3.0,
2026-05-12,QOMO,0.0,0.0,0.0,0.0,5183.0,2.0,
2026-05-12,QPAC,0.0,0.0,0.0,0.0,5184.0,2.0,
2026-05-12,QQQQ,0.0,0.0,0.0,0.0,5185.0,2.0,
2026-05-12,QRHC,0.0,0.0,0.0,0.0020463306460209037,799.0,4.0,
2026-05-12,QRTAV,0.0,0.0,0.0,0.0,5186.0,2.0,
2026-05-12,QRTBV,0.0,0.0,0.0,0.0,5187.0,2.0,
2026-05-12,QRTEA,0.0,0.0,0.0,0.0,5188.0,2.0,
2026-05-12,QRTEB,0.0,0.0,0.0,0.0,5189.0,2.0,
2026-05-12,QRVO,0.0,0.0,0.0,0.00188702943894088,865.0,4.0,
2026-05-12,QS,0.0,0.0,0.0,-0.000985164529594521,6830.0,1.0,
2026-05-12,QSEA,0.0,0.0,0.0,-0.003581016340262708,7278.0,1.0,
2026-05-12,QSFT,0.0,0.0,0.0,0.0,5190.0,2.0,
2026-05-12,QSI,0.0,0.0,0.0,-0.0012894893698707666,6935.0,1.0,
2026-05-12,QSII,0.0,0.0,0.0,0.0,5191.0,2.0,
2026-05-12,QTEK,0.0,0.0,0.0,0.0,5192.0,2.0,
2026-05-12,QTET,0.0,0.0,0.0,0.0,5193.0,2.0,
2026-05-12,QTET.R,0.0,0.0,0.0,0.0,5194.0,2.0,
2026-05-12,QTET.U,0.0,0.0,0.0,0.0,5195.0,2.0,
2026-05-12,QTI,0.0,0.0,0.0,-0.005716995241696195,7402.0,1.0,
2026-05-12,QTNA,0.0,0.0,0.0,0.0,5196.0,2.0,
2026-05-12,QTNT,0.0,0.0,0.0,0.0,5197.0,2.0,
2026-05-12,QTNT.U,0.0,0.0,0.0,0.0,5198.0,2.0,
2026-05-12,QTNT.W,0.0,0.0,0.0,0.0,5199.0,2.0,
2026-05-12,QTRH,0.0,0.0,0.0,0.0,5200.0,2.0,
2026-05-12,QTRX,-0.002860599542949321,-0.002890173410404624,2.9573867455303087e-05,-0.0029018160053222476,7214.0,1.0,"COVER because predicted alpha is in the bottom decile. Main contributors were intraday_return, mom_5, volume_z_60. Liquidity filter passed."
2026-05-12,QTTB,0.0,0.0,0.0,-0.0013208342259150494,6945.0,1.0,
2026-05-12,QTWW,0.0,0.0,0.0,0.0,5201.0,2.0,
2026-05-12,QUBT,0.0,0.0,0.0,0.0021708703726072273,754.0,5.0,
2026-05-12,QUCY,0.0,0.0,0.0,0.004437401989512611,117.0,5.0,
2026-05-12,QUIK,0.0,0.0,0.0,0.002641195529883605,556.0,5.0,
2026-05-12,QUMS,0.0,0.0,0.0,0.0,5202.0,2.0,
2026-05-12,QUMU,0.0,0.0,0.0,0.0,5203.0,2.0,
2026-05-12,QURE,0.0023954832638795535,0.002890173410404624,-0.0004946901465250706,0.0022122416357096704,728.0,5.0,"SELL because predicted alpha is in the top decile. Main contributors were mom_5, mom_21, close_to_low_20. Liquidity filter passed."
2026-05-12,QVCA,0.0,0.0,0.0,0.0,5204.0,2.0,
2026-05-12,QVCB,0.0,0.0,0.0,0.0,5205.0,2.0,
2026-05-12,QVCGA,0.0,0.0,0.0,0.0,5206.0,2.0,
2026-05-12,QVCGB,0.0,0.0,0.0,0.0,5207.0,2.0,
2026-05-12,QXL,0.0,0.0,0.0,0.0019491813904461927,839.0,4.0,
2026-05-12,RAAC,0.0,0.0,0.0,0.0,5208.0,2.0,
2026-05-12,RAAQ,0.0,0.0,0.0,0.0015686444768071217,1025.0,4.0,
2026-05-12,RACA,0.0,0.0,0.0,0.0,5209.0,2.0,
2026-05-12,RACB,0.0,0.0,0.0,0.0,5210.0,2.0,
2026-05-12,RACY,0.0,0.0,0.0,0.0,5211.0,2.0,
2026-05-12,RADA,0.0,0.0,0.0,0.0,5212.0,2.0,
2026-05-12,RADB,0.0,0.0,0.0,0.0,5213.0,2.0,
2026-05-12,RADI,0.0,0.0,0.0,0.0,5214.0,2.0,
2026-05-12,RAIL,0.00046511627906976747,0.0,0.00046511627906976747,0.004580192128120699,107.0,5.0,"BUY because predicted alpha is in the top decile. Main contributors were parkinson_vol_20, volume_z_60, intraday_return. Liquidity filter passed."
2026-05-12,RAIN,0.0,0.0,0.0,-0.005042664536479652,7376.0,1.0,
2026-05-12,RAM,0.0,0.0,0.0,0.0,5215.0,2.0,
2026-05-12,RAND,0.0,0.0,0.0,0.0019421547949812319,843.0,4.0,
2026-05-12,RANG,-0.00046511627906976747,0.0,-0.00046511627906976747,-0.007483475295394917,7467.0,1.0,"SHORT because predicted alpha is in the bottom decile. Main contributors were volume_z_60, hl_range_20, operating_margin. Liquidity filter passed."
2026-05-12,RANI,0.0,0.0,0.0,0.0021508292974868827,760.0,4.0,
2026-05-12,RAPP,0.0,0.0,0.0,0.0032833508300335774,334.0,5.0,
2026-05-12,RAPT,0.0,0.0,0.0,0.0,5216.0,2.0,
2026-05-12,RARE,0.0,0.0,0.0,-0.0001541208310448272,6422.0,2.0,
2026-05-12,RARX,0.0,0.0,0.0,0.0,5217.0,2.0,
2026-05-12,RAVE,0.0,0.0,0.0,0.0026499882130358154,550.0,5.0,
2026-05-12,RAVN,0.0,0.0,0.0,0.0,5218.0,2.0,
2026-05-12,RAY,0.0,0.0,0.0,0.0021207171649365894,770.0,4.0,
2026-05-12,RAYA,0.0,0.0,0.0,-0.003226734109877346,7246.0,1.0,
2026-05-12,RBB,0.0,0.0,0.0,-0.00011107753679179322,6394.0,2.0,
2026-05-12,RBBN,0.0,0.0,0.0,0.0025036504030986847,612.0,5.0,
2026-05-12,RBCAA,0.0,0.0,0.0,-0.001749508969110534,7048.0,1.0,
2026-05-12,RBCN,0.0,0.0,0.0,0.0,5219.0,2.0,
2026-05-12,RBIO,0.0,0.0,0.0,0.0,5220.0,2.0,
2026-05-12,RBKB,-0.00046511627906976747,0.0,-0.00046511627906976747,-0.008224944602683184,7486.0,1.0,"SHORT because predicted alpha is in the bottom decile. Main contributors were volume_z_60, hl_range_20, book_to_market. Liquidity filter passed."
2026-05-12,RBNC,0.0,0.0,0.0,0.0,5221.0,2.0,
2026-05-12,RBNE,0.0,0.0,0.0,-0.00047409158830270077,6607.0,2.0,
2026-05-12,RBNEV,0.0,0.0,0.0,0.0,5222.0,2.0,
2026-05-12,RBPA.A,0.0,0.0,0.0,0.0,5223.0,2.0,
2026-05-12,RBPAA,0.0,0.0,0.0,0.0,5224.0,2.0,
2026-05-12,RBZ,0.0,0.0,0.0,0.0,5225.0,2.0,
2026-05-12,RCAC,0.0,0.0,0.0,0.0,5226.0,2.0,
2026-05-12,RCAT,0.00046511627906976747,0.0,0.00046511627906976747,0.004609289098879985,103.0,5.0,"BUY because predicted alpha is in the top decile. Main contributors were volume_z_60, hl_range_20, log_dollar_vol_20. Liquidity filter passed."
2026-05-12,RCHG,0.0,0.0,0.0,0.0,5227.0,2.0,
2026-05-12,RCKT,0.0,0.0,0.0,-0.0012696910433627447,6930.0,1.0,
2026-05-12,RCKY,0.0,0.0,0.0,0.0011077591162863814,1278.0,4.0,
2026-05-12,RCLF,0.0,0.0,0.0,0.0,5228.0,2.0,
2026-05-12,RCM,0.0,0.0,0.0,0.0,5229.0,2.0,
2026-05-12,RCMT,0.0,0.0,0.0,-0.001918684741568643,7083.0,1.0,
2026-05-12,RCNI,0.0,0.0,0.0,0.0,5230.0,2.0,
2026-05-12,RCON,0.0,0.0,0.0,0.00654731330345084,14.0,5.0,
2026-05-12,RCPI,0.0,0.0,0.0,0.0,5231.0,2.0,
2026-05-12,RCPT,0.0,0.0,0.0,0.0,5232.0,2.0,
2026-05-12,RCRT,0.0,0.0,0.0,0.0,5233.0,2.0,
2026-05-12,RCT,0.0,0.0,0.0,-0.0022848615343725185,7140.0,1.0,
2026-05-12,RDA,0.0,0.0,0.0,0.0,5234.0,2.0,
2026-05-12,RDAC,0.0,0.0,0.0,-0.02881415975456928,7576.0,1.0,
2026-05-12,RDAG,0.0,0.0,0.0,-0.00024446319439211037,6468.0,2.0,
2026-05-12,RDBX,0.0,0.0,0.0,0.0,5235.0,2.0,
2026-05-12,RDCM,0.0,0.0,0.0,0.0007728520326287057,1479.0,4.0,
2026-05-12,RDEN,0.0,0.0,0.0,0.0,5236.0,2.0,
2026-05-12,RDFN,0.0,0.0,0.0,0.0,5237.0,2.0,
2026-05-12,RDGT,0.0,0.0,0.0,-0.0035860888132626476,7279.0,1.0,
2026-05-12,RDI,0.0,0.0,0.0,0.0053710060179295105,54.0,5.0,
2026-05-12,RDIB,0.0,0.0,0.0,5.446182240641694e-05,1912.0,3.0,
2026-05-12,RDNT,-0.00046511627906976747,0.0,-0.00046511627906976747,-0.00230966502755295,7146.0,1.0,"SHORT because predicted alpha is in the bottom decile. Main contributors were volume_z_60, intraday_return, mom_5. Liquidity filter passed."
2026-05-12,RDNW,0.0,0.0,0.0,0.003261866700579455,340.0,5.0,
2026-05-12,RDUS,0.0,0.0,0.0,0.0,5238.0,2.0,
2026-05-12,RDVT,0.0023954832638795535,0.002890173410404624,-0.0004946901465250706,0.0022799876772909727,699.0,5.0,"SELL because predicted alpha is in the top decile. Main contributors were mom_5, parkinson_vol_20, mom_21. Liquidity filter passed."
2026-05-12,RDWR,0.0,0.0,0.0,0.0022388948258909316,715.0,5.0,
2026-05-12,RDZN,-0.002860599542949321,-0.002890173410404624,2.9573867455303087e-05,-0.004690902322529639,7360.0,1.0,"COVER because predicted alpha is in the bottom decile. Main contributors were roa, parkinson_vol_20, volatility_10. Liquidity filter passed."
2026-05-12,REAL,0.0,0.0,0.0,0.0015180733920535081,1053.0,4.0,
2026-05-12,REAX,0.0,0.0,0.0,0.0004159990783910721,1697.0,3.0,
2026-05-12,REBN,0.0,0.0,0.0,0.003407688850457363,301.0,5.0,
2026-05-12,RECT,0.0,0.0,0.0,-0.006589584412276901,7438.0,1.0,
2026-05-12,REDF,0.0,0.0,0.0,0.0,5239.0,2.0,
2026-05-12,REDX,0.0,0.0,0.0,0.0,5240.0,2.0,
2026-05-12,REE,0.0,0.0,0.0,0.0011334895255602348,1256.0,4.0,
2026-05-12,REFI,0.0,0.0,0.0,-0.0004913533567745569,6618.0,2.0,
2026-05-12,REFR,0.0,0.0,0.0,0.0012536360934923246,1193.0,4.0,
2026-05-12,REG,0.0,0.0,0.0,-0.0005292918601257267,6637.0,2.0,
2026-05-12,REGI,0.0,0.0,0.0,0.0,5241.0,2.0,
2026-05-12,REGN,0.0,0.0,0.0,-0.0006112032312120741,6674.0,2.0,
2026-05-12,REIS,0.0,0.0,0.0,0.0,5242.0,2.0,
2026-05-12,REKR,0.0,0.0,0.0,0.00020206569010504014,1827.0,3.0,
2026-05-12,RELI,0.0,0.0,0.0,0.0,5243.0,2.0,
2026-05-12,RELL,0.0,0.0,0.0,0.0023430892719899185,672.0,5.0,
2026-05-12,RELV,0.0,0.0,0.0,0.0,5244.0,2.0,
2026-05-12,RELY,0.0,0.0,0.0,0.0014090527653095636,1111.0,4.0,
2026-05-12,REMY,0.0,0.0,0.0,0.0,5245.0,2.0,
2026-05-12,RENB,0.0,0.0,0.0,0.0,5246.0,2.0,
2026-05-12,RENE,0.0,0.0,0.0,0.0,5247.0,2.0,
2026-05-12,RENO,0.0,0.0,0.0,0.0,5248.0,2.0,
2026-05-12,RENT,0.0,0.0,0.0,0.003171367066401565,360.0,5.0,
2026-05-12,RENX,0.0,0.0,0.0,-0.0022084249073419876,7131.0,1.0,
2026-05-12,REPH,0.0,0.0,0.0,0.0,5249.0,2.0,
2026-05-12,REPHV,0.0,0.0,0.0,0.0,5250.0,2.0,
2026-05-12,REPL,-0.002860599542949321,-0.002890173410404624,2.9573867455303087e-05,-0.0034536976082801827,7269.0,1.0,"COVER because predicted alpha is in the bottom decile. Main contributors were parkinson_vol_20, volatility_63, mom_10. Liquidity filter passed."
2026-05-12,RESN,0.0,0.0,0.0,0.0,5251.0,2.0,
2026-05-12,RETA,0.0,0.0,0.0,0.0,5252.0,2.0,
2026-05-12,RETO,0.0,0.0,0.0,-0.018551946784431263,7545.0,1.0,
2026-05-12,REUN,0.0,0.0,0.0,0.0,5253.0,2.0,
2026-05-12,REVB,0.0,0.0,0.0,-0.0035706633798676893,7276.0,1.0,
2026-05-12,REVE,0.0,0.0,0.0,0.0,5254.0,2.0,
2026-05-12,REVH,0.0,0.0,0.0,0.0,5255.0,2.0,
2026-05-12,REXI,0.0,0.0,0.0,0.0,5256.0,2.0,
2026-05-12,REXN,0.0,0.0,0.0,0.0,5257.0,2.0,
2026-05-12,REXX,0.0,0.0,0.0,0.0,5258.0,2.0,
2026-05-12,REYN,0.0,0.0,0.0,-0.0006417435426187005,6685.0,2.0,
2026-05-12,RFAC,0.0,0.0,0.0,0.0,5259.0,2.0,
2026-05-12,RFAI,0.0,0.0,0.0,0.0,5260.0,2.0,
2026-05-12,RFAM,0.0,0.0,0.0,-0.0015398273860426108,7008.0,1.0,
2026-05-12,RFIL,0.00046511627906976747,0.0,0.00046511627906976747,0.005494981551658824,48.0,5.0,"BUY because predicted alpha is in the top decile. Main contributors were mom_252, mom_5, mom_21. Liquidity filter passed."
2026-05-12,RFMD,0.0,0.0,0.0,0.0,5261.0,2.0,
2026-05-12,RGC,0.0023954832638795535,0.002890173410404624,-0.0004946901465250706,0.0017187761091246373,945.0,4.0,"SELL because predicted alpha is in the top decile. Main contributors were intraday_return, mom_252, hl_range_20. Liquidity filter passed."
2026-05-12,RGCO,0.0,0.0,0.0,0.00022572406093684504,1803.0,3.0,
2026-05-12,RGDO,0.0,0.0,0.0,0.0,5262.0,2.0,
2026-05-12,RGDX,0.0,0.0,0.0,0.0,5263.0,2.0,
2026-05-12,RGEN,0.0023954832638795535,0.002890173410404624,-0.0004946901465250706,0.0010403205710736694,1326.0,4.0,"SELL because predicted alpha is in the top decile. Main contributors were sales_to_price, parkinson_vol_20, log_dollar_vol_20. Liquidity filter passed."
2026-05-12,RGF,0.0,0.0,0.0,0.0,5264.0,2.0,
2026-05-12,RGLD,0.0,0.0,0.0,0.001834222218662935,892.0,4.0,
2026-05-12,RGLS,0.0,0.0,0.0,0.0,5265.0,2.0,
2026-05-12,RGNX,0.0,0.0,0.0,-0.00020580645804053272,6457.0,2.0,
2026-05-12,RGP,0.0,0.0,0.0,0.0025513867314088242,594.0,5.0,
2026-05-12,RGS,0.0,0.0,0.0,0.000857396561117011,1430.0,4.0,
2026-05-12,RGSE,0.0,0.0,0.0,0.0,5266.0,2.0,
2026-05-12,RGTI,0.00046511627906976747,0.0,0.00046511627906976747,0.004405308384138599,120.0,5.0,"BUY because predicted alpha is in the top decile. Main contributors were current_ratio, intraday_return, hl_range_20. Liquidity filter passed."
2026-05-12,RHDM,0.0,0.0,0.0,0.0,5267.0,2.0,
2026-05-12,RHLDV,0.0,0.0,0.0,0.0,5268.0,2.0,
2026-05-12,RIBB,0.0,0.0,0.0,0.0,5269.0,2.0,
2026-05-12,RIBT,0.0,0.0,0.0,0.0,5270.0,2.0,
2026-05-12,RIBT.W,0.0,0.0,0.0,0.0,5271.0,2.0,
2026-05-12,RICK,0.0,0.0,0.0,-0.000868336555057999,6778.0,2.0,
2026-05-12,RICO,0.0,0.0,0.0,0.0,5272.0,2.0,
2026-05-12,RIDE,0.0,0.0,0.0,0.0,5273.0,2.0,
2026-05-12,RIGL,-0.00046511627906976747,0.0,-0.00046511627906976747,-0.005044032291867154,7377.0,1.0,"SHORT because predicted alpha is in the bottom decile. Main contributors were volume_z_60, mom_1, intraday_return. Liquidity filter passed."
2026-05-12,RILY,0.00046511627906976747,0.0,0.00046511627906976747,0.005668730982102934,38.0,5.0,"BUY because predicted alpha is in the top decile. Main contributors were sales_to_price, mom_252, debt_to_equity. Liquidity filter passed."
2026-05-12,RILYG,0.0,0.0,0.0,0.0025867342520247516,579.0,5.0,
2026-05-12,RILYH,0.0,0.0,0.0,0.0,5274.0,2.0,
2026-05-12,RILYI,0.0,0.0,0.0,0.0,5275.0,2.0,
2026-05-12,RILYK,0.0,0.0,0.0,0.0,5276.0,2.0,
2026-05-12,RILYL,0.0,0.0,0.0,0.00570039146238939,37.0,5.0,
2026-05-12,RILYN,0.0,0.0,0.0,0.0002617778233313136,1779.0,3.0,
2026-05-12,RILYT,0.0,0.0,0.0,0.0023793944752093427,654.0,5.0,
2026-05-12,RILYZ,0.0,0.0,0.0,0.0022839232044089114,696.0,5.0,
2026-05-12,RIME,-0.00046511627906976747,0.0,-0.00046511627906976747,-0.013067798438026954,7526.0,1.0,"SHORT because predicted alpha is in the bottom decile. Main contributors were volatility_63, parkinson_vol_20, intraday_return. Liquidity filter passed."
2026-05-12,RIMM,0.0,0.0,0.0,0.0,5277.0,2.0,
2026-05-12,RINO,0.0,0.0,0.0,0.0,5278.0,2.0,
2026-05-12,RIOT,0.00046511627906976747,0.0,0.00046511627906976747,0.003989581698870454,179.0,5.0,"BUY because predicted alpha is in the top decile. Main contributors were mom_5, mom_21, parkinson_vol_20. Liquidity filter passed."
2026-05-12,RITR,0.0,0.0,0.0,0.0011334642000957564,1257.0,4.0,
2026-05-12,RITT,0.0,0.0,0.0,0.0,5279.0,2.0,
2026-05-12,RITT.W,0.0,0.0,0.0,0.0,5280.0,2.0,
2026-05-12,RIVE,0.0,0.0,0.0,0.0,5281.0,2.0,
2026-05-12,RIVN,0.0,0.0,0.0,0.001518031411555777,1054.0,4.0,
2026-05-12,RIVR,0.0,0.0,0.0,0.0,5282.0,2.0,
2026-05-12,RJET,0.0,0.0,0.0,0.001256411171812733,1191.0,4.0,
2026-05-12,RKDA,0.0,0.0,0.0,-0.0011933596857687965,6901.0,1.0,
2026-05-12,RKLB,0.00046511627906976747,0.0,0.00046511627906976747,0.004858849715106573,87.0,5.0,"BUY because predicted alpha is in the top decile. Main contributors were mom_5, mom_252, mom_21. Liquidity filter passed."
2026-05-12,RLAY,0.002860599542949321,0.002890173410404624,-2.9573867455303087e-05,0.003833833857324176,210.0,5.0,"SELL because predicted alpha is in the top decile. Main contributors were mom_252, current_ratio, close_to_high_20. Liquidity filter passed."
2026-05-12,RLJE,0.0,0.0,0.0,0.0,5283.0,2.0,
2026-05-12,RLMD,0.0,0.0,0.0,-0.0012481104332531447,6921.0,1.0,
2026-05-12,RLOC,0.0,0.0,0.0,0.0,5284.0,2.0,
2026-05-12,RLOG,0.0,0.0,0.0,0.0,5285.0,2.0,
2026-05-12,RLYB,0.0,0.0,0.0,0.0012222539739135717,1208.0,4.0,
2026-05-12,RLYP,0.0,0.0,0.0,0.0,5286.0,2.0,
2026-05-12,RMBI,0.0,0.0,0.0,-0.0005162923901366813,6630.0,2.0,
2026-05-12,RMBL,0.0,0.0,0.0,0.0,5287.0,2.0,
2026-05-12,RMBS,0.0023954832638795535,0.002890173410404624,-0.0004946901465250706,0.003017438686898243,411.0,5.0,"SELL because predicted alpha is in the top decile. Main contributors were mom_5, parkinson_vol_20, log_dollar_vol_20. Liquidity filter passed."
2026-05-12,RMCF,0.0,0.0,0.0,0.0014367888806544604,1089.0,4.0,
2026-05-12,RMCO,0.0,0.0,0.0,0.0041204947350369754,158.0,5.0,
2026-05-12,RMGB,0.0,0.0,0.0,0.0,5288.0,2.0,
2026-05-12,RMGC,0.0,0.0,0.0,0.0,5289.0,2.0,
2026-05-12,RMGN,0.0,0.0,0.0,0.0,5290.0,2.0,
2026-05-12,RMIX,0.0,0.0,0.0,0.0020320502078822965,804.0,4.0,
2026-05-12,RMNI,0.0,0.0,0.0,-0.00036548151455668444,6555.0,2.0,
2026-05-12,RMR,0.0,0.0,0.0,0.0014159584117796925,1105.0,4.0,
2026-05-12,RMRM,0.0,0.0,0.0,0.0,5291.0,2.0,
2026-05-12,RMSG,0.0,0.0,0.0,-0.021248467866980564,7552.0,1.0,
2026-05-12,RMTI,0.0,0.0,0.0,0.0010371220774840581,1328.0,4.0,
2026-05-12,RNA,0.0,0.0,0.0,0.0026380192427796225,558.0,5.0,
2026-05-12,RNAC,0.0,0.0,0.0,0.00199526288056572,819.0,4.0,
2026-05-12,RNAM,0.0,0.0,0.0,0.0,5292.0,2.0,
2026-05-12,RNAZ,0.0,0.0,0.0,0.002284379432268478,695.0,5.0,
2026-05-12,RNBW,0.0,0.0,0.0,0.0,5293.0,2.0,
2026-05-12,RNDB,0.0,0.0,0.0,0.0,5294.0,2.0,
2026-05-12,RNER,0.0,0.0,0.0,0.0,5295.0,2.0,
2026-05-12,RNET,0.0,0.0,0.0,0.0,5296.0,2.0,
2026-05-12,RNGT,0.0,0.0,0.0,-0.00047518015889802794,6608.0,2.0,
2026-05-12,RNTX,0.0,0.0,0.0,-0.0022798275164318516,7139.0,1.0,
2026-05-12,RNVA,0.0,0.0,0.0,0.0,5297.0,2.0,
2026-05-12,RNVA.W,0.0,0.0,0.0,0.0,5298.0,2.0,
2026-05-12,RNVA.Z,0.0,0.0,0.0,0.0,5299.0,2.0,
2026-05-12,RNW,0.0,0.0,0.0,0.001320680776664005,1158.0,4.0,
2026-05-12,RNWK,0.0,0.0,0.0,0.0,5300.0,2.0,
2026-05-12,RNXT,0.0,0.0,0.0,-0.0008984493738152064,6792.0,2.0,
2026-05-12,ROAD,0.0,0.0,0.0,0.0024510593990423693,630.0,5.0,
2026-05-12,ROC,0.0,0.0,0.0,0.0024208654113412093,639.0,5.0,
2026-05-12,ROCC,0.0,0.0,0.0,0.0,5301.0,2.0,
2026-05-12,ROCG,0.0,0.0,0.0,0.0,5302.0,2.0,
2026-05-12,ROCH,0.0,0.0,0.0,0.0,5303.0,2.0,
2026-05-12,ROCK,0.0,0.0,0.0,-0.0001184263493324349,6398.0,2.0,
2026-05-12,ROCL,0.0,0.0,0.0,0.0,5304.0,2.0,
2026-05-12,ROCR,0.0,0.0,0.0,0.0,5305.0,2.0,
2026-05-12,ROI,0.0,0.0,0.0,0.0,5306.0,2.0,
2026-05-12,ROIA,0.0,0.0,0.0,0.0,5307.0,2.0,
2026-05-12,ROIA.K,0.0,0.0,0.0,0.0,5308.0,2.0,
2026-05-12,ROIAK,0.0,0.0,0.0,0.0,5309.0,2.0,
2026-05-12,ROIC,0.0,0.0,0.0,0.0,5310.0,2.0,
2026-05-12,ROIC.U,0.0,0.0,0.0,0.0,5311.0,2.0,
2026-05-12,ROIC.W,0.0,0.0,0.0,0.0,5312.0,2.0,
2026-05-12,ROIQ,0.0,0.0,0.0,0.0,5313.0,2.0,
2026-05-12,ROIQ.U,0.0,0.0,0.0,0.0,5314.0,2.0,
2026-05-12,ROIQ.W,0.0,0.0,0.0,0.0,5315.0,2.0,
2026-05-12,ROIV,0.0,0.0,0.0,-1.7305884280909914e-05,6348.0,2.0,
2026-05-12,ROKA,0.0,0.0,0.0,0.0,5316.0,2.0,
2026-05-12,ROKU,0.0,0.0,0.0,0.002786833196998759,489.0,5.0,
2026-05-12,ROMA,0.0,0.0,0.0,-0.0017519098204313403,7049.0,1.0,
2026-05-12,ROOT,0.0023954832638795535,0.002890173410404624,-0.0004946901465250706,0.0010474561244053228,1320.0,4.0,"SELL because predicted alpha is in the top decile. Main contributors were sales_to_price, mom_21, parkinson_vol_20. Liquidity filter passed."
2026-05-12,ROP,0.0,0.0,0.0,0.0019702535121727833,832.0,4.0,
2026-05-12,ROSE,0.0,0.0,0.0,0.0,5317.0,2.0,
2026-05-12,ROSG,0.0,0.0,0.0,0.0,5318.0,2.0,
2026-05-12,ROST,0.0,0.0,0.0,-0.001060975826189306,6860.0,1.0,
2026-05-12,ROVI,0.0,0.0,0.0,0.0,5319.0,2.0,
2026-05-12,ROVR,0.0,0.0,0.0,0.0,5320.0,2.0,
2026-05-12,ROYL,0.0,0.0,0.0,0.0,5321.0,2.0,
2026-05-12,RP,0.0,0.0,0.0,0.0,5322.0,2.0,
2026-05-12,RPAY,0.0,0.0,0.0,0.0022426085519630557,714.0,5.0,
2026-05-12,RPD,0.0,0.0,0.0,-0.00011135158908890102,6395.0,2.0,
2026-05-12,RPGL,-0.002860599542949321,-0.002890173410404624,2.9573867455303087e-05,-0.023861706483784113,7563.0,1.0,"COVER because predicted alpha is in the bottom decile. Main contributors were parkinson_vol_20, volatility_63, volatility_10. Liquidity filter passed."
2026-05-12,RPHM,0.0,0.0,0.0,0.0,5323.0,2.0,
2026-05-12,RPID,0.0,0.0,0.0,0.0013289076151505523,1155.0,4.0,
2026-05-12,RPRX,0.0,0.0,0.0,0.00016466038849063375,1851.0,3.0,
2026-05-12,RPRX.W,0.0,0.0,0.0,0.0,5324.0,2.0,
2026-05-12,RPRX.Z,0.0,0.0,0.0,0.0,5325.0,2.0,
2026-05-12,RPRXD,0.0,0.0,0.0,0.0,5326.0,2.0,
2026-05-12,RPTP,0.0,0.0,0.0,0.0,5327.0,2.0,
2026-05-12,RPTX,0.0,0.0,0.0,0.0,5328.0,2.0,
2026-05-12,RPXC,0.0,0.0,0.0,0.0,5329.0,2.0,
2026-05-12,RR,0.00046511627906976747,0.0,0.00046511627906976747,0.004534861607809823,110.0,5.0,"BUY because predicted alpha is in the top decile. Main contributors were current_ratio, hl_range_20, intraday_return. Liquidity filter passed."
2026-05-12,RRBI,0.0,0.0,0.0,0.001242826552333775,1198.0,4.0,
2026-05-12,RRGB,0.0,0.0,0.0,0.0046510465375832165,99.0,5.0,
2026-05-12,RRI,0.0,0.0,0.0,0.0,5330.0,2.0,
2026-05-12,RRM,0.0,0.0,0.0,0.0,5331.0,2.0,
2026-05-12,RRR,0.0,0.0,0.0,0.00025600151080623466,1783.0,3.0,
2026-05-12,RRST,0.0,0.0,0.0,0.0,5332.0,2.0,
2026-05-12,RSLS,0.0,0.0,0.0,0.0,5333.0,2.0,
2026-05-12,RSSS,0.0,0.0,0.0,0.0014321057036229168,1092.0,4.0,
2026-05-12,RSTI,0.0,0.0,0.0,0.0,5334.0,2.0,
2026-05-12,RSTN,0.0,0.0,0.0,0.0,5335.0,2.0,
2026-05-12,RSVA,0.0,0.0,0.0,0.0,5336.0,2.0,
2026-05-12,RSVR,0.0,0.0,0.0,-0.0007584728776584838,6730.0,2.0,
2026-05-12,RSYS,0.0,0.0,0.0,0.0,5337.0,2.0,
2026-05-12,RTAC,0.0,0.0,0.0,0.00021729206450040763,1816.0,3.0,
2026-05-12,RTC,0.0,0.0,0.0,0.0,5338.0,2.0,
2026-05-12,RTGN,0.0,0.0,0.0,0.0,5339.0,2.0,
2026-05-12,RTIX,0.0,0.0,0.0,0.0,5340.0,2.0,
2026-05-12,RTK,0.0,0.0,0.0,0.0,5341.0,2.0,
2026-05-12,RTL,0.0,0.0,0.0,0.0,5342.0,2.0,
2026-05-12,RTLPO,0.0,0.0,0.0,0.0,5343.0,2.0,
2026-05-12,RTNB,0.0,0.0,0.0,0.0,5344.0,2.0,
2026-05-12,RTPY,0.0,0.0,0.0,0.0,5345.0,2.0,
2026-05-12,RTRX,0.0,0.0,0.0,0.0,5346.0,2.0,
2026-05-12,RTTR,0.0,0.0,0.0,0.0,5347.0,2.0,
2026-05-12,RUBI,0.0,0.0,0.0,0.003549006697653694,267.0,5.0,
2026-05-12,RUBY,0.0,0.0,0.0,0.0,5348.0,2.0,
2026-05-12,RUDR,0.0,0.0,0.0,0.0,5349.0,2.0,
2026-05-12,RUM,0.00046511627906976747,0.0,0.00046511627906976747,0.003996279976248212,177.0,5.0,"BUY because predicted alpha is in the top decile. Main contributors were hl_range_20, mom_21, mom_5. Liquidity filter passed."
2026-05-12,RUN,0.0,0.0,0.0,0.001123748828209241,1266.0,4.0,
2026-05-12,RUSHA,0.0,0.0,0.0,0.0024527623118467726,628.0,5.0,
2026-05-12,RUSHB,0.0,0.0,0.0,0.0015298974953011292,1045.0,4.0,
2026-05-12,RUTH,0.0,0.0,0.0,0.0,5350.0,2.0,
2026-05-12,RVAC,0.0,0.0,0.0,0.0,5351.0,2.0,
2026-05-12,RVBD,0.0,0.0,0.0,0.0,5352.0,2.0,
2026-05-12,RVEN,0.0,0.0,0.0,0.0,5353.0,2.0,
2026-05-12,RVLP,0.0,0.0,0.0,0.0,5354.0,2.0,
2026-05-12,RVLT,0.0,0.0,0.0,0.0,5355.0,2.0,
2026-05-12,RVMD,0.0,0.0,0.0,-0.0017967055257945897,7057.0,1.0,
2026-05-12,RVNC,0.0,0.0,0.0,0.0,5356.0,2.0,
2026-05-12,RVPH,0.0,0.0,0.0,-0.004595896427314426,7353.0,1.0,
2026-05-12,RVSB,0.0,0.0,0.0,0.0005544690630755282,1617.0,3.0,
2026-05-12,RVSN,0.0,0.0,0.0,0.0013334602499527684,1153.0,4.0,
2026-05-12,RVYL,0.0,0.0,0.0,-0.00798951262890268,7479.0,1.0,
2026-05-12,RWAY,-0.002860599542949321,-0.002890173410404624,2.9573867455303087e-05,-0.0024174788121427665,7164.0,1.0,"COVER because predicted alpha is in the bottom decile. Main contributors were hl_range_20, close_to_high_20, cash_to_assets. Liquidity filter passed."
2026-05-12,RWAYI,0.0,0.0,0.0,-0.0006342013460414173,6682.0,2.0,
2026-05-12,RWAYL,0.0,0.0,0.0,-0.0014997248903154928,6994.0,1.0,
2026-05-12,RWAYZ,0.0,0.0,0.0,0.0,5357.0,2.0,
2026-05-12,RWLK,0.0,0.0,0.0,0.0,5358.0,2.0,
2026-05-12,RWOD,0.0,0.0,0.0,0.0,5359.0,2.0,
2026-05-12,RXDX,0.0,0.0,0.0,0.0,5360.0,2.0,
2026-05-12,RXII,0.0,0.0,0.0,0.0,5361.0,2.0,
2026-05-12,RXRA,0.0,0.0,0.0,0.0,5362.0,2.0,
2026-05-12,RXRX,0.0,0.0,0.0,0.002660034312674581,547.0,5.0,
2026-05-12,RXST,0.0,0.0,0.0,0.0007205161143659416,1513.0,4.0,
2026-05-12,RXT,-0.00046511627906976747,0.0,-0.00046511627906976747,-0.0077728250983089215,7474.0,1.0,"SHORT because predicted alpha is in the bottom decile. Main contributors were parkinson_vol_20, volatility_63, volatility_10. Liquidity filter passed."
2026-05-12,RYET,0.0,0.0,0.0,0.005231297786495227,60.0,5.0,
2026-05-12,RYM,0.0,0.0,0.0,-0.000340586984929857,6534.0,2.0,
2026-05-12,RYOJ,0.0,0.0,0.0,-0.0014715269710432648,6986.0,1.0,
2026-05-12,RYTM,0.0,0.0,0.0,-0.00015045089594794463,6418.0,2.0,
2026-05-12,RYZB,0.0,0.0,0.0,0.0,5363.0,2.0,
2026-05-12,RZLT,-0.00046511627906976747,0.0,-0.00046511627906976747,-0.002827778341133246,7206.0,1.0,"SHORT because predicted alpha is in the bottom decile. Main contributors were operating_margin, intraday_return, roa. Liquidity filter passed."
2026-05-12,RZLV,-0.0023954832638795535,-0.002890173410404624,0.0004946901465250706,-0.0006012239123508157,6668.0,2.0,"COVER because predicted alpha is in the bottom decile. Main contributors were volume_z_60, close_to_high_20, intraday_return. Liquidity filter passed."
2026-05-12,SAAQ,0.0,0.0,0.0,-0.0007185175642505552,6716.0,2.0,
2026-05-12,SAAS,0.0,0.0,0.0,0.0,5364.0,2.0,
2026-05-12,SABR,0.002860599542949321,0.002890173410404624,-2.9573867455303087e-05,0.00488288261938718,84.0,5.0,"SELL because predicted alpha is in the top decile. Main contributors were volume_z_60, hl_range_20, intraday_return. Liquidity filter passed."
2026-05-12,SABS,0.0,0.0,0.0,0.00047372468992118433,1664.0,3.0,
2026-05-12,SAEX,0.0,0.0,0.0,0.0,5365.0,2.0,
2026-05-12,SAFM,0.0,0.0,0.0,0.0,5366.0,2.0,
2026-05-12,SAFT,0.0,0.0,0.0,-0.0013840892889383518,6958.0,1.0,
2026-05-12,SAFX,-0.00046511627906976747,0.0,-0.00046511627906976747,-0.009933477987568818,7509.0,1.0,"SHORT because predicted alpha is in the bottom decile. Main contributors were parkinson_vol_20, volatility_63, mom_21. Liquidity filter passed."
2026-05-12,SAG,0.0,0.0,0.0,0.0,5367.0,2.0,
2026-05-12,SAGA,0.0,0.0,0.0,0.0,5368.0,2.0,
2026-05-12,SAGE,0.0,0.0,0.0,0.0,5369.0,2.0,
2026-05-12,SAGT,0.0,0.0,0.0,-0.0002560611250115169,6483.0,2.0,
2026-05-12,SAI,0.0,0.0,0.0,0.0,5370.0,2.0,
2026-05-12,SAIA,0.0023954832638795535,0.002890173410404624,-0.0004946901465250706,0.00293395201091686,440.0,5.0,"SELL because predicted alpha is in the top decile. Main contributors were parkinson_vol_20, log_dollar_vol_20, roa. Liquidity filter passed."
2026-05-12,SAIC,0.0,0.0,0.0,8.490817988393049e-05,1904.0,3.0,
2026-05-12,SAIH,0.0,0.0,0.0,-0.0005050980066754335,6623.0,2.0,
2026-05-12,SAII,0.0,0.0,0.0,0.0,5371.0,2.0,
2026-05-12,SAIL,0.0,0.0,0.0,0.002117477166191074,772.0,4.0,
2026-05-12,SAJA,0.0,0.0,0.0,0.0,5372.0,2.0,
2026-05-12,SAL,0.0,0.0,0.0,0.0,5373.0,2.0,
2026-05-12,SALE,0.0,0.0,0.0,0.0,5374.0,2.0,
2026-05-12,SALM,0.0,0.0,0.0,0.0,5375.0,2.0,
2026-05-12,SAMA,0.0,0.0,0.0,0.0,5376.0,2.0,
2026-05-12,SAMG,0.0,0.0,0.0,-0.00048207041429886217,6613.0,2.0,
2026-05-12,SANA,0.0,0.0,0.0,0.0014365427999136649,1090.0,4.0,
2026-05-12,SANB,0.0,0.0,0.0,0.0,5377.0,2.0,
2026-05-12,SANG,0.0,0.0,0.0,0.0006477615707042941,1557.0,3.0,
2026-05-12,SANM,0.002860599542949321,0.002890173410404624,-2.9573867455303087e-05,0.0056121415980140655,39.0,5.0,"SELL because predicted alpha is in the top decile. Main contributors were mom_21, parkinson_vol_20, close_to_low_20. Liquidity filter passed."
2026-05-12,SANW,0.0,0.0,0.0,0.0,5378.0,2.0,
2026-05-12,SANW.Z,0.0,0.0,0.0,0.0,5379.0,2.0,
2026-05-12,SAPE,0.0,0.0,0.0,0.0,5380.0,2.0,
2026-05-12,SAQN,0.0,0.0,0.0,0.0,5381.0,2.0,
2026-05-12,SASI,0.0,0.0,0.0,0.0,5382.0,2.0,
2026-05-12,SASR,0.0,0.0,0.0,0.0,5383.0,2.0,
2026-05-12,SATC,0.0,0.0,0.0,0.0,5384.0,2.0,
2026-05-12,SATL,-0.0023954832638795535,-0.002890173410404624,0.0004946901465250706,0.0018586413583045764,877.0,4.0,"COVER because predicted alpha is in the bottom decile. Main contributors were parkinson_vol_20, volatility_63, volatility_10. Liquidity filter passed."
2026-05-12,SATS,0.0,0.0,0.0,0.002192310801872911,741.0,5.0,
2026-05-12,SATSV,0.0,0.0,0.0,0.0,5385.0,2.0,
2026-05-12,SAUC,0.0,0.0,0.0,0.0,5386.0,2.0,
2026-05-12,SAVA,0.0,0.0,0.0,0.0,5387.0,2.0,
2026-05-12,SBAC,0.0,0.0,0.0,0.0005995277017346372,1586.0,3.0,
2026-05-12,SBBP,0.0,0.0,0.0,0.0,5388.0,2.0,
2026-05-12,SBBX,0.0,0.0,0.0,0.0,5389.0,2.0,
2026-05-12,SBC,0.0,0.0,0.0,-0.0009849669217847031,6829.0,1.0,
2026-05-12,SBCF,0.0,0.0,0.0,-0.0005336445158328332,6641.0,2.0,
2026-05-12,SBCP,0.0,0.0,0.0,0.0,5390.0,2.0,
2026-05-12,SBEA,0.0,0.0,0.0,0.0,5391.0,2.0,
2026-05-12,SBET,0.0,0.0,0.0,0.0018052800404457657,905.0,4.0,
2026-05-12,SBFG,0.0,0.0,0.0,0.0009725788829389211,1369.0,4.0,
2026-05-12,SBFG.P,0.0,0.0,0.0,0.0,5392.0,2.0,
2026-05-12,SBFM,0.0,0.0,0.0,-0.005448762882015338,7394.0,1.0,
2026-05-12,SBGI,0.0,0.0,0.0,0.0014260153260785093,1095.0,4.0,
2026-05-12,SBIB,0.0,0.0,0.0,0.0,5393.0,2.0,
2026-05-12,SBIG,0.0,0.0,0.0,0.0,5394.0,2.0,
2026-05-12,SBLK,0.0,0.0,0.0,0.0007885484995869946,1471.0,4.0,
2026-05-12,SBLK.L,0.0,0.0,0.0,0.0,5395.0,2.0,
2026-05-12,SBLKL,0.0,0.0,0.0,0.0,5396.0,2.0,
2026-05-12,SBLKZ,0.0,0.0,0.0,0.0,5397.0,2.0,
2026-05-12,SBLX,0.0,0.0,0.0,0.0,5398.0,2.0,
2026-05-12,SBNY,0.0,0.0,0.0,0.0,5399.0,2.0,
2026-05-12,SBNY.W,0.0,0.0,0.0,0.0,5400.0,2.0,
2026-05-12,SBOT,0.0,0.0,0.0,0.0,5401.0,2.0,
2026-05-12,SBPH,0.0,0.0,0.0,0.0,5402.0,2.0,
2026-05-12,SBRA,0.0,0.0,0.0,0.0007956045923243101,1459.0,4.0,
2026-05-12,SBRA.P,0.0,0.0,0.0,0.0,5403.0,2.0,
2026-05-12,SBSA,0.0,0.0,0.0,0.0,5404.0,2.0,
2026-05-12,SBT,0.0,0.0,0.0,0.0,5405.0,2.0,
2026-05-12,SBUX,0.0,0.0,0.0,0.00033171369628398606,1743.0,3.0,
2026-05-12,SCAC,0.0,0.0,0.0,0.0,5406.0,2.0,
2026-05-12,SCAC.U,0.0,0.0,0.0,0.0,5407.0,2.0,
2026-05-12,SCAI,0.0,0.0,0.0,0.0,5408.0,2.0,
2026-05-12,SCAQ,0.0,0.0,0.0,0.0,5409.0,2.0,
2026-05-12,SCBT,0.0,0.0,0.0,0.0,5410.0,2.0,
2026-05-12,SCHL,0.0,0.0,0.0,0.0029762929817833805,427.0,5.0,
2026-05-12,SCHN,0.0,0.0,0.0,0.0,5411.0,2.0,
2026-05-12,SCII,0.0,0.0,0.0,0.0,5412.0,2.0,
2026-05-12,SCKT,0.0,0.0,0.0,0.002510782073963444,608.0,5.0,
2026-05-12,SCLE,0.0,0.0,0.0,0.0,5413.0,2.0,
2026-05-12,SCLN,0.0,0.0,0.0,0.0,5414.0,2.0,
2026-05-12,SCLX,0.0,0.0,0.0,-0.00706733911850529,7457.0,1.0,
2026-05-12,SCMA,0.0,0.0,0.0,0.0,5415.0,2.0,
2026-05-12,SCMP,0.0,0.0,0.0,0.0,5416.0,2.0,
2026-05-12,SCNX,0.0,0.0,0.0,0.0004965648602730048,1650.0,3.0,
2026-05-12,SCOA,0.0,0.0,0.0,0.0,5417.0,2.0,
2026-05-12,SCOB,0.0,0.0,0.0,0.0,5418.0,2.0,
2026-05-12,SCOK,0.0,0.0,0.0,0.0,5419.0,2.0,
2026-05-12,SCON,0.0,0.0,0.0,0.0,5420.0,2.0,
2026-05-12,SCOR,0.0,0.0,0.0,0.003263973310195616,339.0,5.0,
2026-05-12,SCPH,0.0,0.0,0.0,0.0,5421.0,2.0,
2026-05-12,SCPL,0.0,0.0,0.0,0.0,5422.0,2.0,
2026-05-12,SCPQ,0.0,0.0,0.0,0.0,5423.0,2.0,
2026-05-12,SCPS,0.0,0.0,0.0,0.0,5424.0,2.0,
2026-05-12,SCR,0.0,0.0,0.0,0.0,5425.0,2.0,
2026-05-12,SCRM,0.0,0.0,0.0,0.0,5426.0,2.0,
2026-05-12,SCSC,0.0,0.0,0.0,-0.0008590351601220395,6772.0,2.0,
2026-05-12,SCSS,0.0,0.0,0.0,0.0,5427.0,2.0,
2026-05-12,SCTL,0.0,0.0,0.0,0.0,5428.0,2.0,
2026-05-12,SCTY,0.0,0.0,0.0,0.0,5429.0,2.0,
2026-05-12,SCVL,0.002860599542949321,0.002890173410404624,-2.9573867455303087e-05,0.0037441495954931093,230.0,5.0,"SELL because predicted alpha is in the top decile. Main contributors were parkinson_vol_20, sales_to_price, intraday_return. Liquidity filter passed."
2026-05-12,SCWO,0.0,0.0,0.0,0.000623954466821679,1574.0,3.0,
2026-05-12,SCWX,0.0,0.0,0.0,0.0,5430.0,2.0,
2026-05-12,SCYX,0.0,0.0,0.0,0.0012435794292714063,1197.0,4.0,
2026-05-12,SCZM,0.0,0.0,0.0,0.00012135573882384072,1877.0,3.0,
2026-05-12,SDA,0.0,0.0,0.0,0.00433718196440791,133.0,5.0,
2026-05-12,SDAC,0.0,0.0,0.0,0.0,5431.0,2.0,
2026-05-12,SDC,0.0,0.0,0.0,0.0,5432.0,2.0,
2026-05-12,SDGR,0.0,0.0,0.0,0.0010998562402285419,1283.0,4.0,
2026-05-12,SDHI,0.0,0.0,0.0,0.0,5433.0,2.0,
2026-05-12,SDIG,0.0,0.0,0.0,0.0,5434.0,2.0,
2026-05-12,SDM,0.0,0.0,0.0,0.0,5435.0,2.0,
2026-05-12,SDOT,0.0,0.0,0.0,-0.01369530393900554,7527.0,1.0,
2026-05-12,SDST,0.0,0.0,0.0,-0.0012941778963542496,6939.0,1.0,
2026-05-12,SEAC,0.0,0.0,0.0,0.0,5436.0,2.0,
2026-05-12,SEAT,0.0,0.0,0.0,-0.0019898156227401913,7094.0,1.0,
2026-05-12,SEDG,0.0,0.0,0.0,0.002537515862620543,599.0,5.0,
2026-05-12,SEED,0.0,0.0,0.0,0.0028848626382015612,460.0,5.0,
2026-05-12,SEEL,0.0,0.0,0.0,0.0,5437.0,2.0,
2026-05-12,SEER,0.0,0.0,0.0,0.0009142409709813705,1391.0,4.0,
2026-05-12,SEGG,-0.0023954832638795535,-0.002890173410404624,0.0004946901465250706,-0.00044267836803604105,6591.0,2.0,"COVER because predicted alpha is in the bottom decile. Main contributors were parkinson_vol_20, volatility_10, volatility_63. Liquidity filter passed."
2026-05-12,SEIC,0.0,0.0,0.0,0.0007413370796348275,1498.0,4.0,
2026-05-12,SEII,0.0,0.0,0.0,0.0,5438.0,2.0,
2026-05-12,SELB,0.0,0.0,0.0,0.0,5439.0,2.0,
2026-05-12,SELF,0.0,0.0,0.0,0.0005428641411372234,1621.0,3.0,
2026-05-12,SELX,0.0,0.0,0.0,-0.005715736371391946,7401.0,1.0,
2026-05-12,SENEA,0.0,0.0,0.0,0.00021769383691293251,1815.0,3.0,
2026-05-12,SENEB,0.0,0.0,0.0,0.0,5440.0,2.0,
2026-05-12,SENS,-0.0023954832638795535,-0.002890173410404624,0.0004946901465250706,0.0004976377697786039,1649.0,3.0,"COVER because predicted alpha is in the bottom decile. Main contributors were volatility_10, mom_21, volume_mom_20_60. Liquidity filter passed."
2026-05-12,SEPA,0.0,0.0,0.0,0.0,5441.0,2.0,
2026-05-12,SEPN,0.0023954832638795535,0.002890173410404624,-0.0004946901465250706,0.0009843389781456218,1361.0,4.0,"SELL because predicted alpha is in the top decile. Main contributors were mom_252, parkinson_vol_20, mom_5. Liquidity filter passed."
2026-05-12,SERA,0.0,0.0,0.0,0.0018789295901862756,868.0,4.0,
2026-05-12,SERV,0.00046511627906976747,0.0,0.00046511627906976747,0.003764018055532298,225.0,5.0,"BUY because predicted alpha is in the top decile. Main contributors were parkinson_vol_20, gross_margin, current_ratio. Liquidity filter passed."
2026-05-12,SESN,0.0,0.0,0.0,0.0,5442.0,2.0,
2026-05-12,SEV,0.0,0.0,0.0,0.0014884507930782844,1062.0,4.0,
2026-05-12,SEVN,0.0,0.0,0.0,-0.00013208666274728008,6407.0,2.0,
2026-05-12,SEVR.R,0.0,0.0,0.0,0.0,5443.0,2.0,
2026-05-12,SEZL,0.002860599542949321,0.002890173410404624,-2.9573867455303087e-05,0.005979225370516221,27.0,5.0,"SELL because predicted alpha is in the top decile. Main contributors were mom_21, mom_5, roa. Liquidity filter passed."
2026-05-12,SFBC,0.0,0.0,0.0,0.0014072773790446823,1114.0,4.0,
2026-05-12,SFD,0.0,0.0,0.0,0.0015315437283923063,1043.0,4.0,
2026-05-12,SFE,0.0,0.0,0.0,0.0,5444.0,2.0,
2026-05-12,SFHG,0.0,0.0,0.0,0.0014643299972196475,1078.0,4.0,
2026-05-12,SFIX,0.002860599542949321,0.002890173410404624,-2.9573867455303087e-05,0.0035497607678633032,266.0,5.0,"SELL because predicted alpha is in the top decile. Main contributors were parkinson_vol_20, volume_z_60, close_to_high_20. Liquidity filter passed."
2026-05-12,SFLY,0.0,0.0,0.0,0.0,5445.0,2.0,
2026-05-12,SFM,0.0,0.0,0.0,-0.0008836198013827196,6782.0,2.0,
2026-05-12,SFNC,0.0,0.0,0.0,0.00024255947950104818,1791.0,3.0,
2026-05-12,SFR,0.0,0.0,0.0,0.0,5446.0,2.0,
2026-05-12,SFST,0.0,0.0,0.0,-9.411098865267946e-05,6381.0,2.0,
2026-05-12,SFT,0.0,0.0,0.0,0.0,5447.0,2.0,
2026-05-12,SFWL,0.0,0.0,0.0,0.002551714608838675,593.0,5.0,
2026-05-12,SFXE,0.0,0.0,0.0,0.0,5448.0,2.0,
2026-05-12,SGA,0.0,0.0,0.0,0.0008135960449121399,1449.0,4.0,
2026-05-12,SGAM,0.0,0.0,0.0,0.0,5449.0,2.0,
2026-05-12,SGBK,0.0,0.0,0.0,0.0,5450.0,2.0,
2026-05-12,SGBX,0.0,0.0,0.0,0.0,5451.0,2.0,
2026-05-12,SGBXV,0.0,0.0,0.0,0.0,5452.0,2.0,
2026-05-12,SGC,0.0,0.0,0.0,0.001095672994014828,1286.0,4.0,
2026-05-12,SGD,0.0,0.0,0.0,0.0,5453.0,2.0,
2026-05-12,SGDVV,0.0,0.0,0.0,0.0,5454.0,2.0,
2026-05-12,SGEN,0.0,0.0,0.0,0.0,5455.0,2.0,
2026-05-12,SGH,0.0,0.0,0.0,0.0,5456.0,2.0,
2026-05-12,SGHL,0.0,0.0,0.0,0.0,5457.0,2.0,
2026-05-12,SGHT,0.00046511627906976747,0.0,0.00046511627906976747,0.0043529821517000605,131.0,5.0,"BUY because predicted alpha is in the top decile. Main contributors were mom_5, intraday_return, mom_21. Liquidity filter passed."
2026-05-12,SGII,0.0,0.0,0.0,0.0,5458.0,2.0,
2026-05-12,SGLB,0.0,0.0,0.0,0.0,5459.0,2.0,
2026-05-12,SGLY,0.0,0.0,0.0,-0.0003320115587444282,6530.0,2.0,
2026-05-12,SGMA,0.0,0.0,0.0,0.0,5460.0,2.0,
2026-05-12,SGML,0.0023954832638795535,0.002890173410404624,-0.0004946901465250706,5.651775591789367e-05,1911.0,3.0,"SELL because predicted alpha is in the top decile. Main contributors were hl_range_20, mom_252, volume_z_60. Liquidity filter passed."
2026-05-12,SGMO,0.0,0.0,0.0,0.0,5461.0,2.0,
2026-05-12,SGMT,0.0,0.0,0.0,0.0024893471364387026,616.0,5.0,
2026-05-12,SGNL,0.0,0.0,0.0,0.0,5462.0,2.0,
2026-05-12,SGNT,0.0,0.0,0.0,0.0,5463.0,2.0,
2026-05-12,SGOC,0.0,0.0,0.0,0.0,5464.0,2.0,
2026-05-12,SGP,0.0,0.0,0.0,0.0002484119658086269,1788.0,3.0,
2026-05-12,SGRP,0.0,0.0,0.0,0.0008145208848356616,1447.0,4.0,
2026-05-12,SGRY,0.0,0.0,0.0,0.00020926144859981582,1821.0,3.0,
2026-05-12,SGTX,0.0,0.0,0.0,0.0,5465.0,2.0,
2026-05-12,SGYP,0.0,0.0,0.0,0.0,5466.0,2.0,
2026-05-12,SGYP.U,0.0,0.0,0.0,0.0,5467.0,2.0,
2026-05-12,SGYP.W,0.0,0.0,0.0,0.0,5468.0,2.0,
2026-05-12,SHAC,0.0,0.0,0.0,0.0,5469.0,2.0,
2026-05-12,SHAZ,0.00046511627906976747,0.0,0.00046511627906976747,0.004588906272184177,106.0,5.0,"BUY because predicted alpha is in the top decile. Main contributors were hl_range_20, mom_21, mom_5. Liquidity filter passed."
2026-05-12,SHBI,0.0,0.0,0.0,-0.0005918403588551206,6664.0,2.0,
2026-05-12,SHC,-0.00046511627906976747,0.0,-0.00046511627906976747,-0.004914724224750773,7369.0,1.0,"SHORT because predicted alpha is in the bottom decile. Main contributors were volume_z_60, hl_range_20, close_to_high_20. Liquidity filter passed."
2026-05-12,SHCA,0.0,0.0,0.0,0.0,5470.0,2.0,
2026-05-12,SHCR,0.0,0.0,0.0,0.0,5471.0,2.0,
2026-05-12,SHEN,0.0,0.0,0.0,0.0007930766737462714,1461.0,4.0,
2026-05-12,SHFL,0.0,0.0,0.0,0.0,5472.0,2.0,
2026-05-12,SHFS,0.0,0.0,0.0,-0.009643135501841373,7507.0,1.0,
2026-05-12,SHIM,0.0,0.0,0.0,-0.0031141971865800613,7237.0,1.0,
2026-05-12,SHIP,0.0,0.0,0.0,0.00139750111094159,1121.0,4.0,
2026-05-12,SHLD.R,0.0,0.0,0.0,0.0,5473.0,2.0,
2026-05-12,SHLD.W,0.0,0.0,0.0,0.0,5474.0,2.0,
2026-05-12,SHLD.Z,0.0,0.0,0.0,0.0,5475.0,2.0,
2026-05-12,SHLM,0.0,0.0,0.0,0.0,5476.0,2.0,
2026-05-12,SHLO,0.0,0.0,0.0,0.0,5477.0,2.0,
2026-05-12,SHLS,0.00046511627906976747,0.0,0.00046511627906976747,0.0044770007964395845,114.0,5.0,"BUY because predicted alpha is in the top decile. Main contributors were intraday_return, hl_range_20, mom_21. Liquidity filter passed."
2026-05-12,SHMD,0.0,0.0,0.0,0.0013813238271160248,1128.0,4.0,
2026-05-12,SHOO,0.0023954832638795535,0.002890173410404624,-0.0004946901465250706,0.002445684399054519,631.0,5.0,"SELL because predicted alpha is in the top decile. Main contributors were parkinson_vol_20, volatility_63, roa. Liquidity filter passed."
2026-05-12,SHOP,0.0,0.0,0.0,0.0020439212932484873,800.0,4.0,
2026-05-12,SHOR,0.0,0.0,0.0,0.0,5478.0,2.0,
2026-05-12,SHOS,0.0,0.0,0.0,0.0,5479.0,2.0,
2026-05-12,SHOT,0.0,0.0,0.0,0.0,5480.0,2.0,
2026-05-12,SHPGY,0.0,0.0,0.0,0.0,5481.0,2.0,
2026-05-12,SHPH,0.0,0.0,0.0,-0.00793489424920742,7478.0,1.0,
2026-05-12,SHPW,0.0,0.0,0.0,0.0,5482.0,2.0,
2026-05-12,SHQA,0.0,0.0,0.0,0.0,5483.0,2.0,
2026-05-12,SHSP,0.0,0.0,0.0,0.0,5484.0,2.0,
2026-05-12,SHUA,0.0,0.0,0.0,0.0,5485.0,2.0,
2026-05-12,SHYF,0.0,0.0,0.0,0.0,5486.0,2.0,
2026-05-12,SIAL,0.0,0.0,0.0,0.0,5487.0,2.0,
2026-05-12,SIBC,0.0,0.0,0.0,0.0,5488.0,2.0,
2026-05-12,SIBN,-0.00046511627906976747,0.0,-0.00046511627906976747,-0.008820653627558534,7493.0,1.0,"SHORT because predicted alpha is in the bottom decile. Main contributors were volume_z_60, intraday_return, mom_1. Liquidity filter passed."
2026-05-12,SIC,0.0,0.0,0.0,0.0,5489.0,2.0,
2026-05-12,SIDU,0.0,0.0,0.0,0.0032794548296922765,335.0,5.0,
2026-05-12,SIEB,0.0,0.0,0.0,0.0027761990115729557,493.0,5.0,
2026-05-12,SIEN,0.0,0.0,0.0,0.0,5490.0,2.0,
2026-05-12,SIER,0.0,0.0,0.0,0.0,5491.0,2.0,
2026-05-12,SIGA,0.0,0.0,0.0,0.0018370129471204305,889.0,4.0,
2026-05-12,SIGI,0.0,0.0,0.0,0.000584870669705267,1601.0,3.0,
2026-05-12,SIGM,0.0,0.0,0.0,0.0,5492.0,2.0,
2026-05-12,SILC,0.0,0.0,0.0,-0.00023671141095546358,6467.0,2.0,
2026-05-12,SILK,0.0,0.0,0.0,0.0,5493.0,2.0,
2026-05-12,SILO,0.0,0.0,0.0,-0.000637487317534777,6684.0,2.0,
2026-05-12,SIMA,0.0,0.0,0.0,0.0027165256033150117,521.0,5.0,
2026-05-12,SIMG,0.0,0.0,0.0,0.0,5494.0,2.0,
2026-05-12,SINA,0.0,0.0,0.0,0.0,5495.0,2.0,
2026-05-12,SINO,0.0,0.0,0.0,0.0,5496.0,2.0,
2026-05-12,SINT,0.0,0.0,0.0,0.001408411991216684,1112.0,4.0,
2026-05-12,SION,0.00046511627906976747,0.0,0.00046511627906976747,0.0037444031031173245,229.0,5.0,"BUY because predicted alpha is in the top decile. Main contributors were intraday_return, hl_range_20, mom_1. Liquidity filter passed."
2026-05-12,SIOX,0.0,0.0,0.0,0.0,5497.0,2.0,
2026-05-12,SIR,0.0,0.0,0.0,0.0,5498.0,2.0,
2026-05-12,SIRI,0.0,0.0,0.0,0.003139230467132083,369.0,5.0,
2026-05-12,SIRO,0.0,0.0,0.0,0.0,5499.0,2.0,
2026-05-12,SIRVV,0.0,0.0,0.0,0.0,5500.0,2.0,
2026-05-12,SISI,0.0,0.0,0.0,0.0,5501.0,2.0,
2026-05-12,SITM,0.002860599542949321,0.002890173410404624,-2.9573867455303087e-05,0.00741333073583904,5.0,5.0,"SELL because predicted alpha is in the top decile. Main contributors were mom_5, mom_21, close_to_low_20. Liquidity filter passed."
2026-05-12,SITO,0.0,0.0,0.0,0.0,5502.0,2.0,
2026-05-12,SIVB,0.0,0.0,0.0,0.0,5503.0,2.0,
2026-05-12,SJ,0.0,0.0,0.0,0.0015768336474646068,1020.0,4.0,
2026-05-12,SJA,0.0,0.0,0.0,0.0,5504.0,2.0,
2026-05-12,SJW,0.0,0.0,0.0,0.0,5505.0,2.0,
2026-05-12,SKBI,0.0,0.0,0.0,0.0,5506.0,2.0,
2026-05-12,SKBL,-0.002860599542949321,-0.002890173410404624,2.9573867455303087e-05,-0.008592026927845818,7492.0,1.0,"COVER because predicted alpha is in the bottom decile. Main contributors were parkinson_vol_20, intraday_return, volatility_10. Liquidity filter passed."
2026-05-12,SKGR,0.0,0.0,0.0,0.0,5507.0,2.0,
2026-05-12,SKIN,-0.0023954832638795535,-0.002890173410404624,0.0004946901465250706,-0.005962954028691209,7413.0,1.0,"COVER because predicted alpha is in the bottom decile. Main contributors were parkinson_vol_20, volatility_10, mom_5. Liquidity filter failed."
2026-05-12,SKIS,0.0,0.0,0.0,0.0,5508.0,2.0,
2026-05-12,SKK,0.0,0.0,0.0,-0.022281698793716605,7557.0,1.0,
2026-05-12,SKLN,0.0,0.0,0.0,0.0,5509.0,2.0,
2026-05-12,SKLN.U,0.0,0.0,0.0,0.0,5510.0,2.0,
2026-05-12,SKLN.W,0.0,0.0,0.0,0.0,5511.0,2.0,
2026-05-12,SKUL,0.0,0.0,0.0,0.0,5512.0,2.0,
2026-05-12,SKWD,0.0,0.0,0.0,0.001279412342807331,1174.0,4.0,
2026-05-12,SKYA,0.0,0.0,0.0,0.0,5513.0,2.0,
2026-05-12,SKYE,0.0,0.0,0.0,0.0005985330195238312,1587.0,3.0,
2026-05-12,SKYQ,0.0,0.0,0.0,-0.00016220391785401987,6430.0,2.0,
2026-05-12,SKYT,0.0,0.0,0.0,0.000488027981873424,1652.0,3.0,
2026-05-12,SKYW,0.0,0.0,0.0,0.0007756979782016016,1478.0,4.0,
2026-05-12,SKYX,0.0,0.0,0.0,0.001857243127759191,878.0,4.0,
2026-05-12,SLAB,0.0,0.0,0.0,2.1875199268003414e-05,1930.0,3.0,
2026-05-12,SLAC,0.0,0.0,0.0,0.0,5514.0,2.0,
2026-05-12,SLAM,0.0,0.0,0.0,0.0,5515.0,2.0,
2026-05-12,SLCR,0.0,0.0,0.0,0.0,5516.0,2.0,
2026-05-12,SLCT,0.0,0.0,0.0,0.0,5517.0,2.0,
2026-05-12,SLDB,0.0,0.0,0.0,0.0006170369946984436,1578.0,3.0,
2026-05-12,SLDE,0.0,0.0,0.0,0.0021767619152243223,752.0,5.0,
2026-05-12,SLDP,0.0,0.0,0.0,0.0027167292904149818,520.0,5.0,
2026-05-12,SLE,0.0,0.0,0.0,0.0007942172040195758,1460.0,4.0,
2026-05-12,SLGB,0.0,0.0,0.0,0.004166319924084496,152.0,5.0,
2026-05-12,SLGC,0.0,0.0,0.0,0.0,5518.0,2.0,
2026-05-12,SLGG,0.0,0.0,0.0,0.0,5519.0,2.0,
2026-05-12,SLGL,0.00046511627906976747,0.0,0.00046511627906976747,0.003796819083025747,218.0,5.0,"BUY because predicted alpha is in the top decile. Main contributors were mom_252, hl_range_20, parkinson_vol_20. Liquidity filter passed."
2026-05-12,SLHG,0.0,0.0,0.0,0.0,5520.0,2.0,
2026-05-12,SLM,0.0,0.0,0.0,0.0011695496621937453,1234.0,4.0,
2026-05-12,SLMA.P,0.0,0.0,0.0,0.0,5521.0,2.0,
2026-05-12,SLMT,0.0,0.0,0.0,0.003036811566640308,404.0,5.0,
2026-05-12,SLNA,0.0,0.0,0.0,0.0,5522.0,2.0,
2026-05-12,SLNG,0.0,0.0,0.0,0.00488115591093794,85.0,5.0,
2026-05-12,SLNH,-0.00046511627906976747,0.0,-0.00046511627906976747,-0.0072430166969695425,7462.0,1.0,"SHORT because predicted alpha is in the bottom decile. Main contributors were parkinson_vol_20, intraday_return, mom_10. Liquidity filter passed."
2026-05-12,SLNO,-0.002860599542949321,-0.002890173410404624,2.9573867455303087e-05,-0.002380507274728615,7160.0,1.0,"COVER because predicted alpha is in the bottom decile. Main contributors were hl_range_20, close_to_high_20, price_kurt_63. Liquidity filter passed."
2026-05-12,SLP,0.0,0.0,0.0,0.0008845624616351779,1410.0,4.0,
2026-05-12,SLRC,0.0,0.0,0.0,-0.0015359806070175627,7004.0,1.0,
2026-05-12,SLRN,0.0,0.0,0.0,0.0,5523.0,2.0,
2026-05-12,SLRX,0.0,0.0,0.0,0.0,5524.0,2.0,
2026-05-12,SLS,0.0,0.0,0.0,0.0007228651673130773,1509.0,4.0,
2026-05-12,SLSN,0.0,0.0,0.0,0.003813475933441607,215.0,5.0,
2026-05-12,SLTC,0.0,0.0,0.0,0.0,5525.0,2.0,
2026-05-12,SLTD,0.0,0.0,0.0,0.0,5526.0,2.0,
2026-05-12,SLXN,0.0,0.0,0.0,-0.006837929635313764,7449.0,1.0,
2026-05-12,SLXP,0.0,0.0,0.0,0.0,5527.0,2.0,
2026-05-12,SMAC,0.0,0.0,0.0,0.0,5528.0,2.0,
2026-05-12,SMAC.R,0.0,0.0,0.0,0.0,5529.0,2.0,
2026-05-12,SMAC.U,0.0,0.0,0.0,0.0,5530.0,2.0,
2026-05-12,SMBC,0.0,0.0,0.0,0.0005079481266756554,1645.0,3.0,
2026-05-12,SMBL,0.0,0.0,0.0,0.0,5531.0,2.0,
2026-05-12,SMCI,0.0,0.0,0.0,0.0029110006500896804,450.0,5.0,
2026-05-12,SMEC,0.0,0.0,0.0,0.0,5532.0,2.0,
2026-05-12,SMED,0.0,0.0,0.0,0.0,5533.0,2.0,
2026-05-12,SMFL,0.0,0.0,0.0,0.0,5534.0,2.0,
2026-05-12,SMFR,0.0,0.0,0.0,0.0,5535.0,2.0,
2026-05-12,SMID,0.0,0.0,0.0,0.002385495821351783,650.0,5.0,
2026-05-12,SMIH,0.0,0.0,0.0,0.0,5536.0,2.0,
2026-05-12,SMIT,0.0,0.0,0.0,0.0,5537.0,2.0,
2026-05-12,SMLR,0.0,0.0,0.0,0.0,5538.0,2.0,
2026-05-12,SMMC,0.0,0.0,0.0,0.0,5539.0,2.0,
2026-05-12,SMMF,0.0,0.0,0.0,0.0,5540.0,2.0,
2026-05-12,SMMT,0.0,0.0,0.0,-0.00210613422159708,7115.0,1.0,
2026-05-12,SMOD,0.0,0.0,0.0,0.0,5541.0,2.0,
2026-05-12,SMPL,0.0,0.0,0.0,0.00173595751898694,936.0,4.0,
2026-05-12,SMSA,0.0,0.0,0.0,0.0,5542.0,2.0,
2026-05-12,SMSH,0.0,0.0,0.0,0.0,5543.0,2.0,
2026-05-12,SMSI,0.0,0.0,0.0,-5.122438549101765e-05,6362.0,2.0,
2026-05-12,SMT,0.0,0.0,0.0,0.0,5544.0,2.0,
2026-05-12,SMTC,0.00046511627906976747,0.0,0.00046511627906976747,0.0036059858070745386,256.0,5.0,"BUY because predicted alpha is in the top decile. Main contributors were mom_5, mom_21, mom_252. Liquidity filter passed."
2026-05-12,SMTI,0.0,0.0,0.0,-0.0009520572199454309,6815.0,2.0,
2026-05-12,SMTK,0.0,0.0,0.0,-0.0162511796716385,7536.0,1.0,
2026-05-12,SMTP,0.0,0.0,0.0,0.0,5545.0,2.0,
2026-05-12,SMTX,0.0,0.0,0.0,0.0,5546.0,2.0,
2026-05-12,SMX,-0.002860599542949321,-0.002890173410404624,2.9573867455303087e-05,-0.02626467988383509,7569.0,1.0,"COVER because predicted alpha is in the bottom decile. Main contributors were parkinson_vol_20, volatility_63, volatility_10. Liquidity filter passed."
2026-05-12,SMXT,0.0,0.0,0.0,0.0023626233020098497,665.0,5.0,
2026-05-12,SNAK,0.0,0.0,0.0,0.0,5547.0,2.0,
2026-05-12,SNAL,0.0,0.0,0.0,-0.0036317794782769644,7281.0,1.0,
2026-05-12,SNAX,0.0,0.0,0.0,0.0,5548.0,2.0,
2026-05-12,SNBC,0.0,0.0,0.0,0.0,5549.0,2.0,
2026-05-12,SNBP,0.0,0.0,0.0,0.0,5550.0,2.0,
2026-05-12,SNBR,0.0,0.0,0.0,0.0026381735691850777,557.0,5.0,
2026-05-12,SNC,0.0,0.0,0.0,0.0,5551.0,2.0,
2026-05-12,SNCA,0.0,0.0,0.0,0.0,5552.0,2.0,
2026-05-12,SNCE,0.0,0.0,0.0,0.0,5553.0,2.0,
2026-05-12,SNCR,0.0,0.0,0.0,0.0,5554.0,2.0,
2026-05-12,SNCY,0.0023954832638795535,0.002890173410404624,-0.0004946901465250706,-0.0014307736756812648,6972.0,1.0,"SELL because predicted alpha is in the top decile. Main contributors were parkinson_vol_20, volume_z_20, volatility_63. Liquidity filter passed."
2026-05-12,SND,0.0,0.0,0.0,0.0005275483093650984,1628.0,3.0,
2026-05-12,SNDK,0.002860599542949321,0.002890173410404624,-2.9573867455303087e-05,0.005595892898352116,41.0,5.0,"SELL because predicted alpha is in the top decile. Main contributors were mom_252, mom_21, close_to_low_20. Liquidity filter passed."
2026-05-12,SNDKV,0.0,0.0,0.0,0.0,5555.0,2.0,
2026-05-12,SNDL,0.0,0.0,0.0,0.0018157029094439782,899.0,4.0,
2026-05-12,SNDX,0.0,0.0,0.0,0.0028594838477063005,464.0,5.0,
2026-05-12,SNES,0.0,0.0,0.0,0.0011384274775443134,1253.0,4.0,
2026-05-12,SNEX,0.0023954832638795535,0.002890173410404624,-0.0004946901465250706,0.0031664461627967104,362.0,5.0,"SELL because predicted alpha is in the top decile. Main contributors were parkinson_vol_20, intraday_return, mom_5. Liquidity filter passed."
2026-05-12,SNFCA,0.0,0.0,0.0,-2.551150106140437e-05,6354.0,2.0,
2026-05-12,SNGX,0.0,0.0,0.0,-0.011318078947018523,7520.0,1.0,
2026-05-12,SNH,0.0,0.0,0.0,0.0,5556.0,2.0,
2026-05-12,SNHN.I,0.0,0.0,0.0,0.0,5557.0,2.0,
2026-05-12,SNHN.L,0.0,0.0,0.0,0.0,5558.0,2.0,
2026-05-12,SNHNI,0.0,0.0,0.0,0.0,5559.0,2.0,
2026-05-12,SNHNL,0.0,0.0,0.0,0.0,5560.0,2.0,
2026-05-12,SNHVV,0.0,0.0,0.0,0.0,5561.0,2.0,
2026-05-12,SNHY,0.0,0.0,0.0,0.0,5562.0,2.0,
2026-05-12,SNI,0.0,0.0,0.0,0.0,5563.0,2.0,
2026-05-12,SNIC,0.0,0.0,0.0,0.0,5564.0,2.0,
2026-05-12,SNMX,0.0,0.0,0.0,0.0,5565.0,2.0,
2026-05-12,SNNA,0.0,0.0,0.0,0.0,5566.0,2.0,
2026-05-12,SNOA,0.0,0.0,0.0,-9.456415431148138e-05,6382.0,2.0,
2026-05-12,SNPO,0.0,0.0,0.0,0.0,5567.0,2.0,
2026-05-12,SNPS,0.0,0.0,0.0,0.0016697622613664575,969.0,4.0,
2026-05-12,SNRH,0.0,0.0,0.0,0.0,5568.0,2.0,
2026-05-12,SNSE,0.0,0.0,0.0,-0.006294985556991229,7421.0,1.0,
2026-05-12,SNSS,0.0,0.0,0.0,0.0,5569.0,2.0,
2026-05-12,SNSSD,0.0,0.0,0.0,0.0,5570.0,2.0,
2026-05-12,SNT,0.0,0.0,0.0,0.0010005403051857337,1353.0,4.0,
2026-05-12,SNTA,0.0,0.0,0.0,0.0,5571.0,2.0,
2026-05-12,SNTG,0.0,0.0,0.0,0.0035316228637477837,273.0,5.0,
2026-05-12,SNTI,0.0,0.0,0.0,0.001140329625557739,1250.0,4.0,
2026-05-12,SNTS,0.0,0.0,0.0,0.0,5572.0,2.0,
2026-05-12,SNWL,0.0,0.0,0.0,0.0,5573.0,2.0,
2026-05-12,SNWV,0.0,0.0,0.0,-0.0008542012362550665,6769.0,2.0,
2026-05-12,SNYR,0.0,0.0,0.0,0.0007987713900667603,1457.0,4.0,
2026-05-12,SOBR,-0.002860599542949321,-0.002890173410404624,2.9573867455303087e-05,-0.016350839499593536,7538.0,1.0,"COVER because predicted alpha is in the bottom decile. Main contributors were parkinson_vol_20, volatility_10, volatility_63. Liquidity filter passed."
2026-05-12,SOCA,0.0,0.0,0.0,0.0,5574.0,2.0,
2026-05-12,SOCB,0.0,0.0,0.0,0.0,5575.0,2.0,
2026-05-12,SODA,0.0,0.0,0.0,0.0,5576.0,2.0,
2026-05-12,SODR,0.0,0.0,0.0,0.0,5577.0,2.0,
2026-05-12,SOFI,0.0,0.0,0.0,0.0026852247536042115,534.0,5.0,
2026-05-12,SOFO,0.0,0.0,0.0,0.0,5578.0,2.0,
2026-05-12,SOHO,0.0,0.0,0.0,0.0,5579.0,2.0,
2026-05-12,SOHO.L,0.0,0.0,0.0,0.0,5580.0,2.0,
2026-05-12,SOHO.M,0.0,0.0,0.0,0.0,5581.0,2.0,
2026-05-12,SOHOK,0.0,0.0,0.0,0.0,5582.0,2.0,
2026-05-12,SOHOM,0.0,0.0,0.0,0.0,5583.0,2.0,
2026-05-12,SOHU,0.0,0.0,0.0,-0.0014402550183578462,6976.0,1.0,
2026-05-12,SOLF,0.0,0.0,0.0,0.0,5584.0,2.0,
2026-05-12,SOLO,0.0,0.0,0.0,0.0,5585.0,2.0,
2026-05-12,SOLS,-0.0023954832638795535,-0.002890173410404624,0.0004946901465250706,-0.001412234319764972,6965.0,1.0,"COVER because predicted alpha is in the bottom decile. Main contributors were close_to_high_20, hl_range_20, intraday_return. Liquidity filter passed."
2026-05-12,SOLSV,0.0,0.0,0.0,0.0,5586.0,2.0,
2026-05-12,SOLY,0.0,0.0,0.0,0.0,5587.0,2.0,
2026-05-12,SOMX,0.0,0.0,0.0,0.0,5588.0,2.0,
2026-05-12,SONA,0.0,0.0,0.0,0.0,5589.0,2.0,
2026-05-12,SONC,0.0,0.0,0.0,0.0,5590.0,2.0,
2026-05-12,SOND,0.0,0.0,0.0,0.0,5591.0,2.0,
2026-05-12,SONE,0.0,0.0,0.0,0.0,5592.0,2.0,
2026-05-12,SONG,0.0,0.0,0.0,0.0,5593.0,2.0,
2026-05-12,SONM,0.0,0.0,0.0,0.0012636719563213184,1184.0,4.0,
2026-05-12,SONN,0.0,0.0,0.0,0.0,5594.0,2.0,
2026-05-12,SONO,0.0,0.0,0.0,0.00304994691492683,402.0,5.0,
2026-05-12,SONS,0.0,0.0,0.0,0.0,5595.0,2.0,
2026-05-12,SOPA,0.0,0.0,0.0,-0.002527057710201189,7174.0,1.0,
2026-05-12,SOPH,0.0,0.0,0.0,0.00022967329718722243,1800.0,3.0,
2026-05-12,SORA,0.0,0.0,0.0,-0.0001499031126948314,6416.0,2.0,
2026-05-12,SORL,0.0,0.0,0.0,0.0,5596.0,2.0,
2026-05-12,SORN,0.0,0.0,0.0,0.0,5597.0,2.0,
2026-05-12,SOTK,0.0,0.0,0.0,0.003117832019878824,375.0,5.0,
2026-05-12,SOUN,0.0,0.0,0.0,0.002251609233905941,710.0,5.0,
2026-05-12,SOVO,0.0,0.0,0.0,0.0,5598.0,2.0,
2026-05-12,SOWG,0.0,0.0,0.0,-0.0063840499996552225,7430.0,1.0,
2026-05-12,SP,0.0,0.0,0.0,0.0,5599.0,2.0,
2026-05-12,SPAI,0.0,0.0,0.0,0.003073373890485561,393.0,5.0,
2026-05-12,SPAN,0.0,0.0,0.0,0.0,5600.0,2.0,
2026-05-12,SPAR,0.0,0.0,0.0,0.0,5601.0,2.0,
2026-05-12,SPCB,0.0,0.0,0.0,-0.0021888916970395226,7130.0,1.0,
2026-05-12,SPCH.A,0.0,0.0,0.0,0.0,5602.0,2.0,
2026-05-12,SPCH.B,0.0,0.0,0.0,0.0,5603.0,2.0,
2026-05-12,SPCM,0.0,0.0,0.0,0.0,5604.0,2.0,
2026-05-12,SPDC,0.0,0.0,0.0,0.0,5605.0,2.0,
2026-05-12,SPEC,0.0,0.0,0.0,0.0,5606.0,2.0,
2026-05-12,SPEG,0.0,0.0,0.0,0.0,5607.0,2.0,
2026-05-12,SPEL,0.0,0.0,0.0,0.0,5608.0,2.0,
2026-05-12,SPEX,0.0,0.0,0.0,0.0,5609.0,2.0,
2026-05-12,SPFI,0.0,0.0,0.0,-0.00037693672673697526,6558.0,2.0,
2026-05-12,SPGC,0.0,0.0,0.0,0.0,5610.0,2.0,
2026-05-12,SPHA,0.0,0.0,0.0,0.0,5611.0,2.0,
2026-05-12,SPHL,0.0,0.0,0.0,0.0007258975407081012,1504.0,4.0,
2026-05-12,SPHS,0.0,0.0,0.0,0.0,5612.0,2.0,
2026-05-12,SPI,0.0,0.0,0.0,0.0,5613.0,2.0,
2026-05-12,SPK,0.0,0.0,0.0,0.0,5614.0,2.0,
2026-05-12,SPKB,0.0,0.0,0.0,0.0,5615.0,2.0,
2026-05-12,SPKE,0.0,0.0,0.0,0.0,5616.0,2.0,
2026-05-12,SPKL,0.0,0.0,0.0,-0.003414871037118946,7263.0,1.0,
2026-05-12,SPLK,0.0,0.0,0.0,0.0,5617.0,2.0,
2026-05-12,SPNC,0.0,0.0,0.0,0.0,5618.0,2.0,
2026-05-12,SPNE,0.0,0.0,0.0,0.0,5619.0,2.0,
2026-05-12,SPNE.V,0.0,0.0,0.0,0.0,5620.0,2.0,
2026-05-12,SPNS,0.0,0.0,0.0,0.0,5621.0,2.0,
2026-05-12,SPOK,0.0,0.0,0.0,-0.001335141914842394,6947.0,1.0,
2026-05-12,SPPI,0.0,0.0,0.0,0.0,5622.0,2.0,
2026-05-12,SPPL,-0.0023954832638795535,-0.002890173410404624,0.0004946901465250706,0.0003680087884231004,1725.0,3.0,"COVER because predicted alpha is in the bottom decile. Main contributors were volume_mom_20_60, close_to_high_20, mom_10. Liquidity filter passed."
2026-05-12,SPPR,0.0,0.0,0.0,0.0,5623.0,2.0,
2026-05-12,SPPR.O,0.0,0.0,0.0,0.0,5624.0,2.0,
2026-05-12,SPPR.P,0.0,0.0,0.0,0.0,5625.0,2.0,
2026-05-12,SPPR.R,0.0,0.0,0.0,0.0,5626.0,2.0,
2026-05-12,SPRB,0.0,0.0,0.0,-0.001519739121362002,6998.0,1.0,
2026-05-12,SPRC,0.0,0.0,0.0,0.004556993247981138,109.0,5.0,
2026-05-12,SPRD,0.0,0.0,0.0,0.0,5627.0,2.0,
2026-05-12,SPRO,0.0,0.0,0.0,0.0033789731534719885,307.0,5.0,
2026-05-12,SPRT,0.0,0.0,0.0,0.0,5628.0,2.0,
2026-05-12,SPRY,0.0,0.0,0.0,0.0010735677751630922,1300.0,4.0,
2026-05-12,SPSC,0.0,0.0,0.0,0.0018546986216712211,880.0,4.0,
2026-05-12,SPT,0.0023954832638795535,0.002890173410404624,-0.0004946901465250706,0.0020215983145217596,811.0,4.0,"SELL because predicted alpha is in the top decile. Main contributors were parkinson_vol_20, mom_21, roa. Liquidity filter passed."
2026-05-12,SPTK,0.0,0.0,0.0,0.0,5629.0,2.0,
2026-05-12,SPTN,0.0,0.0,0.0,0.0,5630.0,2.0,
2026-05-12,SPTX,0.0,0.0,0.0,-0.0020592268746484526,7105.0,1.0,
2026-05-12,SPU,0.0,0.0,0.0,0.0,5631.0,2.0,
2026-05-12,SPWH,0.0,0.0,0.0,0.0027120958628330887,525.0,5.0,
2026-05-12,SPWR,0.0,0.0,0.0,0.000656199191301823,1547.0,3.0,
2026-05-12,SPWRA,0.0,0.0,0.0,0.0,5632.0,2.0,
2026-05-12,SPWRB,0.0,0.0,0.0,0.0,5633.0,2.0,
2026-05-12,SPWRV,0.0,0.0,0.0,0.0,5634.0,2.0,
2026-05-12,SQBG,0.0,0.0,0.0,0.0,5635.0,2.0,
2026-05-12,SQBK,0.0,0.0,0.0,0.0,5636.0,2.0,
2026-05-12,SQFT,0.0,0.0,0.0,-0.0002832352556218529,6499.0,2.0,
2026-05-12,SQI,0.0,0.0,0.0,0.0,5637.0,2.0,
2026-05-12,SQL,0.0,0.0,0.0,0.0,5638.0,2.0,
2026-05-12,SQNM,0.0,0.0,0.0,0.0,5639.0,2.0,
2026-05-12,SRAC,0.0,0.0,0.0,0.0,5640.0,2.0,
2026-05-12,SRAD,0.0,0.0,0.0,0.00019893640403555657,1830.0,3.0,
2026-05-12,SRAQ,0.0,0.0,0.0,0.0,5641.0,2.0,
2026-05-12,SRAQ.U,0.0,0.0,0.0,0.0,5642.0,2.0,
2026-05-12,SRAX,0.0,0.0,0.0,0.0,5643.0,2.0,
2026-05-12,SRBK,0.0,0.0,0.0,-0.0017392113448465106,7046.0,1.0,
2026-05-12,SRCE,0.0,0.0,0.0,0.00033307290860345984,1741.0,3.0,
2026-05-12,SRCL,0.0,0.0,0.0,0.0,5644.0,2.0,
2026-05-12,SRDX,0.0,0.0,0.0,0.0,5645.0,2.0,
2026-05-12,SREV,0.0,0.0,0.0,0.0,5646.0,2.0,
2026-05-12,SRGA,0.0,0.0,0.0,0.0,5647.0,2.0,
2026-05-12,SRM,0.0,0.0,0.0,0.0,5648.0,2.0,
2026-05-12,SRNE,0.0,0.0,0.0,0.0,5649.0,2.0,
2026-05-12,SRNG,0.0,0.0,0.0,0.0,5650.0,2.0,
2026-05-12,SRPT,0.0,0.0,0.0,-0.0008646395519944035,6775.0,2.0,
2026-05-12,SRRA,0.0,0.0,0.0,0.0,5651.0,2.0,
2026-05-12,SRRK,-0.00046511627906976747,0.0,-0.00046511627906976747,-0.0023041701337135735,7145.0,1.0,"SHORT because predicted alpha is in the bottom decile. Main contributors were operating_margin, hl_range_20, roa. Liquidity filter passed."
2026-05-12,SRSA,0.0,0.0,0.0,0.0,5652.0,2.0,
2026-05-12,SRSC,0.0,0.0,0.0,0.0,5653.0,2.0,
2026-05-12,SRSC.V,0.0,0.0,0.0,0.0,5654.0,2.0,
2026-05-12,SRTA,0.0,0.0,0.0,0.0029153771306914935,449.0,5.0,
2026-05-12,SRTS,0.0,0.0,0.0,-0.00019862939588932645,6448.0,2.0,
2026-05-12,SRTS.U,0.0,0.0,0.0,0.0,5655.0,2.0,
2026-05-12,SRTS.W,0.0,0.0,0.0,0.0,5656.0,2.0,
2026-05-12,SRUN,0.0,0.0,0.0,0.0,5657.0,2.0,
2026-05-12,SRVA,0.0,0.0,0.0,0.0,5658.0,2.0,
2026-05-12,SRZN,-0.00046511627906976747,0.0,-0.00046511627906976747,-0.003696968219223754,7286.0,1.0,"SHORT because predicted alpha is in the bottom decile. Main contributors were roa, intraday_return, earnings_yield. Liquidity filter passed."
2026-05-12,SSAA,0.0,0.0,0.0,0.0,5659.0,2.0,
2026-05-12,SSAC,0.0,0.0,0.0,-0.0006633753617625296,6694.0,2.0,
2026-05-12,SSBI,0.0,0.0,0.0,-0.0003918638638469121,6566.0,2.0,
2026-05-12,SSBK,0.0,0.0,0.0,0.0,5660.0,2.0,
2026-05-12,SSC,0.0,0.0,0.0,0.0,5661.0,2.0,
2026-05-12,SSEA,0.0,0.0,0.0,0.0,5662.0,2.0,
2026-05-12,SSFN,0.0,0.0,0.0,0.0,5663.0,2.0,
2026-05-12,SSH,0.0,0.0,0.0,0.0,5664.0,2.0,
2026-05-12,SSIC,0.0,0.0,0.0,0.0,5665.0,2.0,
2026-05-12,SSII,0.0,0.0,0.0,0.0004042903448394507,1702.0,3.0,
2026-05-12,SSKN,0.0,0.0,0.0,0.0,5666.0,2.0,
2026-05-12,SSLJ,0.0,0.0,0.0,0.0,5667.0,2.0,
2026-05-12,SSM,0.0,0.0,0.0,-0.01061002648734672,7516.0,1.0,
2026-05-12,SSNC,0.0,0.0,0.0,0.0016177869891739545,996.0,4.0,
2026-05-12,SSNT,0.0,0.0,0.0,0.0,5668.0,2.0,
2026-05-12,SSP,0.0,0.0,0.0,-0.0002514151946745328,6475.0,2.0,
2026-05-12,SSPK,0.0,0.0,0.0,0.0,5669.0,2.0,
2026-05-12,SSRG,0.0,0.0,0.0,0.0,5670.0,2.0,
2026-05-12,SSRI,0.0,0.0,0.0,0.0,5671.0,2.0,
2026-05-12,SSRM,0.0,0.0,0.0,0.0016281736599225627,991.0,4.0,
2026-05-12,SSSS,0.0,0.0,0.0,0.002556861799906583,591.0,5.0,
2026-05-12,SSSSL,0.0,0.0,0.0,-0.0004370973035998229,6588.0,2.0,
2026-05-12,SSTI,0.0,0.0,0.0,0.001477813025806124,1070.0,4.0,
2026-05-12,SSYS,0.0,0.0,0.0,-0.0017014995327584617,7035.0,1.0,
2026-05-12,STAA,0.0,0.0,0.0,0.0008555308669253985,1431.0,4.0,
2026-05-12,STAB,0.0,0.0,0.0,0.0,5672.0,2.0,
2026-05-12,STAF,0.0,0.0,0.0,0.0,5673.0,2.0,
2026-05-12,STAI,0.0,0.0,0.0,0.0,5674.0,2.0,
2026-05-12,STAK,-0.00046511627906976747,0.0,-0.00046511627906976747,-0.014344254427958949,7531.0,1.0,"SHORT because predicted alpha is in the bottom decile. Main contributors were parkinson_vol_20, volatility_63, volatility_10. Liquidity filter passed."
2026-05-12,STAY,0.0,0.0,0.0,0.0,5675.0,2.0,
2026-05-12,STB,0.0,0.0,0.0,0.0,5676.0,2.0,
2026-05-12,STBA,0.0,0.0,0.0,-0.000798371440385951,6748.0,2.0,
2026-05-12,STBX,0.0,0.0,0.0,0.0,5677.0,2.0,
2026-05-12,STBZ,0.0,0.0,0.0,0.0,5678.0,2.0,
2026-05-12,STCK,0.0,0.0,0.0,0.0,5679.0,2.0,
2026-05-12,STCN,0.0,0.0,0.0,0.0,5680.0,2.0,
2026-05-12,STDY,0.0,0.0,0.0,0.0,5681.0,2.0,
2026-05-12,STEI,0.0,0.0,0.0,0.0,5682.0,2.0,
2026-05-12,STEP,0.0,0.0,0.0,0.0020719141294529317,787.0,4.0,
2026-05-12,STER,0.0,0.0,0.0,0.0,5683.0,2.0,
2026-05-12,STEX,-0.0023954832638795535,-0.002890173410404624,0.0004946901465250706,-0.0018775110192101197,7074.0,1.0,"COVER because predicted alpha is in the bottom decile. Main contributors were parkinson_vol_20, volatility_10, volatility_63. Liquidity filter failed."
2026-05-12,STFC,0.0,0.0,0.0,0.0,5684.0,2.0,
2026-05-12,STFS,-0.00046511627906976747,0.0,-0.00046511627906976747,-0.0162586878595836,7537.0,1.0,"SHORT because predicted alpha is in the bottom decile. Main contributors were parkinson_vol_20, volatility_10, mom_10. Liquidity filter passed."
2026-05-12,STGW,0.0,0.0,0.0,0.002170715612369809,755.0,5.0,
2026-05-12,STHO,0.0,0.0,0.0,0.001028448061014287,1336.0,4.0,
2026-05-12,STI,0.0,0.0,0.0,-0.008010156328093564,7480.0,1.0,
2026-05-12,STIM,0.0,0.0,0.0,0.001403017319609726,1117.0,4.0,
2026-05-12,STIX,0.0,0.0,0.0,0.0,5685.0,2.0,
2026-05-12,STKE,0.00046511627906976747,0.0,0.00046511627906976747,0.0037171747375904026,232.0,5.0,"BUY because predicted alpha is in the top decile. Main contributors were hl_range_20, mom_21, mom_5. Liquidity filter passed."
2026-05-12,STKL,0.0,0.0,0.0,0.0,5686.0,2.0,
2026-05-12,STKS,0.0,0.0,0.0,0.005712862513957667,35.0,5.0,
2026-05-12,STLD,0.0,0.0,0.0,0.00221811157158604,724.0,5.0,
2026-05-12,STLR.U,0.0,0.0,0.0,0.0,5687.0,2.0,
2026-05-12,STLR.W,0.0,0.0,0.0,0.0,5688.0,2.0,
2026-05-12,STLY,0.0,0.0,0.0,0.0,5689.0,2.0,
2026-05-12,STML,0.0,0.0,0.0,0.0,5690.0,2.0,
2026-05-12,STMP,0.0,0.0,0.0,0.0,5691.0,2.0,
2026-05-12,STND,0.0,0.0,0.0,0.0,5692.0,2.0,
2026-05-12,STNE,0.0,0.0,0.0,0.0009915894866375451,1358.0,4.0,
2026-05-12,STNL,0.0,0.0,0.0,0.0,5693.0,2.0,
2026-05-12,STNR,0.0,0.0,0.0,0.0,5694.0,2.0,
2026-05-12,STOK,0.002860599542949321,0.002890173410404624,-2.9573867455303087e-05,0.003670001295375435,242.0,5.0,"SELL because predicted alpha is in the top decile. Main contributors were parkinson_vol_20, mom_252, volume_z_60. Liquidity filter passed."
2026-05-12,STRA,0.0,0.0,0.0,0.0004810911327399262,1656.0,3.0,
2026-05-12,STRL,0.0023954832638795535,0.002890173410404624,-0.0004946901465250706,0.0012781645078554576,1176.0,4.0,"SELL because predicted alpha is in the top decile. Main contributors were mom_21, close_to_low_20, mom_252. Liquidity filter passed."
2026-05-12,STRM,0.0,0.0,0.0,0.0,5695.0,2.0,
2026-05-12,STRO,0.0,0.0,0.0,0.0005344346501596264,1624.0,3.0,
2026-05-12,STRR,0.0,0.0,0.0,0.0009106923630781096,1396.0,4.0,
2026-05-12,STRS,0.0,0.0,0.0,-0.0008910204198349207,6788.0,2.0,
2026-05-12,STRT,-0.0023954832638795535,-0.002890173410404624,0.0004946901465250706,0.0002944243653072084,1763.0,3.0,"COVER because predicted alpha is in the bottom decile. Main contributors were mom_5, volume_z_60, mom_21. Liquidity filter passed."
2026-05-12,STRZ,0.00046511627906976747,0.0,0.00046511627906976747,0.003687693280344441,238.0,5.0,"BUY because predicted alpha is in the top decile. Main contributors were mom_21, intraday_return, parkinson_vol_20. Liquidity filter passed."
2026-05-12,STRZ.A,0.0,0.0,0.0,0.0,5696.0,2.0,
2026-05-12,STRZ.B,0.0,0.0,0.0,0.0,5697.0,2.0,
2026-05-12,STRZA,0.0,0.0,0.0,0.0,5698.0,2.0,
2026-05-12,STRZB,0.0,0.0,0.0,0.0,5699.0,2.0,
2026-05-12,STSA,0.0,0.0,0.0,0.0,5700.0,2.0,
2026-05-12,STSAD,0.0,0.0,0.0,0.0,5701.0,2.0,
2026-05-12,STSI,0.0,0.0,0.0,0.0,5702.0,2.0,
2026-05-12,STSS,0.0,0.0,0.0,0.0004698666510440276,1667.0,3.0,
2026-05-12,STTK,0.002860599542949321,0.002890173410404624,-2.9573867455303087e-05,0.0054563135132878965,50.0,5.0,"SELL because predicted alpha is in the top decile. Main contributors were mom_252, hl_range_20, intraday_return. Liquidity filter passed."
2026-05-12,STWO,0.0,0.0,0.0,0.0,5703.0,2.0,
2026-05-12,STX,0.00046511627906976747,0.0,0.00046511627906976747,0.005148460829053717,66.0,5.0,"BUY because predicted alpha is in the top decile. Main contributors were mom_252, mom_21, parkinson_vol_20. Liquidity filter passed."
2026-05-12,STXB,0.0,0.0,0.0,0.0,5704.0,2.0,
2026-05-12,STXS.W,0.0,0.0,0.0,0.0,5705.0,2.0,
2026-05-12,SUBK,0.0,0.0,0.0,0.0,5706.0,2.0,
2026-05-12,SUGP,0.0,0.0,0.0,-0.003820411897461854,7296.0,1.0,
2026-05-12,SUIG,-0.0023954832638795535,-0.002890173410404624,0.0004946901465250706,0.0005128617067797468,1640.0,3.0,"COVER because predicted alpha is in the bottom decile. Main contributors were intraday_return, close_to_high_20, mom_10. Liquidity filter passed."
2026-05-12,SUMA,0.0,0.0,0.0,-0.00293607878741184,7220.0,1.0,
2026-05-12,SUMO,0.0,0.0,0.0,0.0,5707.0,2.0,
2026-05-12,SUMR,0.0,0.0,0.0,0.0,5708.0,2.0,
2026-05-12,SUNE,0.0,0.0,0.0,-0.0005880914973909971,6662.0,2.0,
2026-05-12,SUNH,0.0,0.0,0.0,0.0,5709.0,2.0,
2026-05-12,SUNS,0.0,0.0,0.0,0.0012068204960425902,1216.0,4.0,
2026-05-12,SUNSV,0.0,0.0,0.0,0.0,5710.0,2.0,
2026-05-12,SUNW,0.0,0.0,0.0,0.0,5711.0,2.0,
2026-05-12,SUPN,0.0,0.0,0.0,0.0006477960893586282,1556.0,3.0,
2026-05-12,SUPX,0.0,0.0,0.0,0.001411729643496196,1110.0,4.0,
2026-05-12,SURF,0.0,0.0,0.0,0.0,5712.0,2.0,
2026-05-12,SURG,0.0,0.0,0.0,-0.005323484799597609,7390.0,1.0,
2026-05-12,SUSQ,0.0,0.0,0.0,0.0,5713.0,2.0,
2026-05-12,SUTR,0.0,0.0,0.0,0.0,5714.0,2.0,
2026-05-12,SUUN,0.0,0.0,0.0,0.004048674987862024,169.0,5.0,
2026-05-12,SV,0.0,0.0,0.0,0.0,5715.0,2.0,
2026-05-12,SVA,0.0,0.0,0.0,0.0,5716.0,2.0,
2026-05-12,SVAC,0.0,0.0,0.0,0.0017669619284960323,924.0,4.0,
2026-05-12,SVAQ,0.0,0.0,0.0,0.0,5717.0,2.0,
2026-05-12,SVBI,0.0,0.0,0.0,0.0,5718.0,2.0,
2026-05-12,SVC,0.0,0.0,0.0,0.001994615300193267,820.0,4.0,
2026-05-12,SVCC,0.0,0.0,0.0,0.0,5719.0,2.0,
2026-05-12,SVCO,0.0,0.0,0.0,0.0020874279574857207,781.0,4.0,
2026-05-12,SVFA,0.0,0.0,0.0,0.0,5720.0,2.0,
2026-05-12,SVFB,0.0,0.0,0.0,0.0,5721.0,2.0,
2026-05-12,SVFC,0.0,0.0,0.0,0.0,5722.0,2.0,
2026-05-12,SVFD,0.0,0.0,0.0,0.0,5723.0,2.0,
2026-05-12,SVII,0.0,0.0,0.0,0.0,5724.0,2.0,
2026-05-12,SVIV,0.0,0.0,0.0,-0.0014390448776461316,6974.0,1.0,
2026-05-12,SVMH,0.0,0.0,0.0,0.0,5725.0,2.0,
2026-05-12,SVMK,0.0,0.0,0.0,0.0,5726.0,2.0,
2026-05-12,SVNA,0.0,0.0,0.0,0.0,5727.0,2.0,
2026-05-12,SVNT,0.0,0.0,0.0,0.0,5728.0,2.0,
2026-05-12,SVOK,0.0,0.0,0.0,0.0,5729.0,2.0,
2026-05-12,SVRA,0.0,0.0,0.0,0.001155996269347516,1239.0,4.0,
2026-05-12,SVRN,0.0,0.0,0.0,0.001834868763016988,890.0,4.0,
2026-05-12,SVVC,0.0,0.0,0.0,0.0,5730.0,2.0,
2026-05-12,SWAG,0.0,0.0,0.0,-0.0011778071564464625,6892.0,1.0,
2026-05-12,SWAV,0.0,0.0,0.0,0.0,5731.0,2.0,
2026-05-12,SWBI,0.0,0.0,0.0,3.488694794690617e-05,1923.0,3.0,
2026-05-12,SWBIV,0.0,0.0,0.0,0.0,5732.0,2.0,
2026-05-12,SWET,0.0,0.0,0.0,0.0,5733.0,2.0,
2026-05-12,SWHC,0.0,0.0,0.0,0.0,5734.0,2.0,
2026-05-12,SWIM,0.00046511627906976747,0.0,0.00046511627906976747,0.003839202878796464,209.0,5.0,"BUY because predicted alpha is in the top decile. Main contributors were parkinson_vol_20, intraday_return, close_to_high_20. Liquidity filter passed."
2026-05-12,SWIN,0.0,0.0,0.0,0.0,5735.0,2.0,
2026-05-12,SWIR,0.0,0.0,0.0,0.0,5736.0,2.0,
2026-05-12,SWKH,0.0,0.0,0.0,0.0,5737.0,2.0,
2026-05-12,SWKHL,0.0,0.0,0.0,0.00019844224973855184,1831.0,3.0,
2026-05-12,SWKS,0.0,0.0,0.0,-0.001526792527878886,7001.0,1.0,
2026-05-12,SWMR,-0.0023954832638795535,-0.002890173410404624,0.0004946901465250706,-0.0007796867456897182,6739.0,2.0,"COVER because predicted alpha is in the bottom decile. Main contributors were volatility_63, parkinson_vol_20, volatility_10. Liquidity filter passed."
2026-05-12,SWSH,0.0,0.0,0.0,0.0,5738.0,2.0,
2026-05-12,SWSI,0.0,0.0,0.0,0.0,5739.0,2.0,
2026-05-12,SWSS,0.0,0.0,0.0,0.0,5740.0,2.0,
2026-05-12,SWTX,0.0,0.0,0.0,0.0,5741.0,2.0,
2026-05-12,SWVL,0.0,0.0,0.0,0.004431775058591217,118.0,5.0,
2026-05-12,SXBU.U,0.0,0.0,0.0,0.0,5742.0,2.0,
2026-05-12,SXCI,0.0,0.0,0.0,0.0,5743.0,2.0,
2026-05-12,SXCL,0.0,0.0,0.0,0.0,5744.0,2.0,
2026-05-12,SXTC,0.0,0.0,0.0,0.0008911377809715193,1405.0,4.0,
2026-05-12,SXTP,0.0,0.0,0.0,-0.003051573456146451,7232.0,1.0,
2026-05-12,SYBT,0.0,0.0,0.0,-0.0006677404288864108,6696.0,2.0,
2026-05-12,SYBX,0.0,0.0,0.0,0.0,5745.0,2.0,
2026-05-12,SYKE,0.0,0.0,0.0,0.0,5746.0,2.0,
2026-05-12,SYM,0.0,0.0,0.0,0.0017343025286927377,937.0,4.0,
2026-05-12,SYMC,0.0,0.0,0.0,0.0,5747.0,2.0,
2026-05-12,SYMX,0.0,0.0,0.0,0.0,5748.0,2.0,
2026-05-12,SYNA,0.002860599542949321,0.002890173410404624,-2.9573867455303087e-05,0.00461682510689993,102.0,5.0,"SELL because predicted alpha is in the top decile. Main contributors were mom_21, mom_5, close_to_low_20. Liquidity filter passed."
2026-05-12,SYNC,0.0,0.0,0.0,0.0,5749.0,2.0,
2026-05-12,SYNH,0.0,0.0,0.0,0.0,5750.0,2.0,
2026-05-12,SYNM,0.0,0.0,0.0,0.0,5751.0,2.0,
2026-05-12,SYNT,0.0,0.0,0.0,0.0,5752.0,2.0,
2026-05-12,SYPR,0.0,0.0,0.0,0.0036832603620565556,241.0,5.0,
2026-05-12,SYRA,0.0,0.0,0.0,0.0,5753.0,2.0,
2026-05-12,SYRE,0.0,0.0,0.0,0.0017837878823888285,915.0,4.0,
2026-05-12,SYRS,0.0,0.0,0.0,0.0,5754.0,2.0,
2026-05-12,SYRX,0.0,0.0,0.0,0.0,5755.0,2.0,
2026-05-12,SYTA,0.0,0.0,0.0,0.0,5756.0,2.0,
2026-05-12,SYUT,0.0,0.0,0.0,0.0,5757.0,2.0,
2026-05-12,SZMK,0.0,0.0,0.0,0.0,5758.0,2.0,
2026-05-12,SZYM,0.0,0.0,0.0,0.0,5759.0,2.0,
2026-05-12,SZZL,0.0,0.0,0.0,-0.0008135195967260802,6756.0,2.0,
2026-05-12,TA,0.0,0.0,0.0,0.0,5760.0,2.0,
2026-05-12,TACH,0.0,0.0,0.0,0.0,5761.0,2.0,
2026-05-12,TACO,0.0,0.0,0.0,0.00010790120376624746,1889.0,3.0,
2026-05-12,TACO.U,0.0,0.0,0.0,0.0,5762.0,2.0,
2026-05-12,TACT,-0.00046511627906976747,0.0,-0.00046511627906976747,-0.0051663511801760065,7382.0,1.0,"SHORT because predicted alpha is in the bottom decile. Main contributors were volume_z_60, hl_range_20, intraday_return. Liquidity filter passed."
2026-05-12,TAG,0.0,0.0,0.0,0.0,5763.0,2.0,
2026-05-12,TAIT,0.0,0.0,0.0,0.0,5764.0,2.0,
2026-05-12,TALK,0.0,0.0,0.0,-0.0006297296350674342,6680.0,2.0,
2026-05-12,TALS,0.0,0.0,0.0,0.0,5765.0,2.0,
2026-05-12,TANH,0.0,0.0,0.0,-0.004299795120855223,7326.0,1.0,
2026-05-12,TANN.I,0.0,0.0,0.0,0.0,5766.0,2.0,
2026-05-12,TANN.L,0.0,0.0,0.0,0.0,5767.0,2.0,
2026-05-12,TANN.Z,0.0,0.0,0.0,0.0,5768.0,2.0,
2026-05-12,TANNI,0.0,0.0,0.0,0.0,5769.0,2.0,
2026-05-12,TAOP,0.0,0.0,0.0,0.0018492227174998685,883.0,4.0,
2026-05-12,TAOX,0.0,0.0,0.0,0.005569127999531171,43.0,5.0,
2026-05-12,TARA,0.0,0.0,0.0,-0.00016279886102140768,6431.0,2.0,
2026-05-12,TARS,0.0,0.0,0.0,0.0013438541196040782,1142.0,4.0,
2026-05-12,TASK,0.0,0.0,0.0,-0.0016289643763051696,7026.0,1.0,
2026-05-12,TASR,0.0,0.0,0.0,0.0,5770.0,2.0,
2026-05-12,TAST,0.0,0.0,0.0,0.0,5771.0,2.0,
2026-05-12,TATT,0.0,0.0,0.0,0.00016661485036518174,1849.0,3.0,
2026-05-12,TAVI,0.0,0.0,0.0,0.0,5772.0,2.0,
2026-05-12,TAXI.L,0.0,0.0,0.0,0.0,5773.0,2.0,
2026-05-12,TAYC,0.0,0.0,0.0,0.0,5774.0,2.0,
2026-05-12,TAYC.O,0.0,0.0,0.0,0.0,5775.0,2.0,
2026-05-12,TAYC.P,0.0,0.0,0.0,0.0,5776.0,2.0,
2026-05-12,TAYD,0.0,0.0,0.0,0.002412681845920864,642.0,5.0,
2026-05-12,TBBK,0.0,0.0,0.0,0.00047848255460613545,1657.0,3.0,
2026-05-12,TBCH,0.0,0.0,0.0,0.0022041392779706113,732.0,5.0,
2026-05-12,TBCP,0.0,0.0,0.0,0.0,5777.0,2.0,
2026-05-12,TBH,0.0,0.0,0.0,-0.0009402711622134106,6808.0,2.0,
2026-05-12,TBHC,0.0,0.0,0.0,0.0,5778.0,2.0,
2026-05-12,TBIO,0.0,0.0,0.0,0.0,5779.0,2.0,
2026-05-12,TBLA,0.00046511627906976747,0.0,0.00046511627906976747,0.0035147394710979486,278.0,5.0,"BUY because predicted alpha is in the top decile. Main contributors were mom_5, mom_21, parkinson_vol_20. Liquidity filter passed."
2026-05-12,TBLD,0.0,0.0,0.0,0.0008648528856613678,1424.0,4.0,
2026-05-12,TBLT,0.0,0.0,0.0,0.0,5780.0,2.0,
2026-05-12,TBMC,0.0,0.0,0.0,0.0,5781.0,2.0,
2026-05-12,TBNK,0.0,0.0,0.0,0.0,5782.0,2.0,
2026-05-12,TBPH,0.0,0.0,0.0,0.00028599317113639364,1766.0,3.0,
2026-05-12,TBRA,0.0,0.0,0.0,0.0,5783.0,2.0,
2026-05-12,TBRG,0.0,0.0,0.0,-0.00015888305118438251,6427.0,2.0,
2026-05-12,TBSA,0.0,0.0,0.0,0.0,5784.0,2.0,
2026-05-12,TBSI,0.0,0.0,0.0,0.0,5785.0,2.0,
2026-05-12,TCAC,0.0,0.0,0.0,0.0,5786.0,2.0,
2026-05-12,TCBC,0.0,0.0,0.0,0.0,5787.0,2.0,
2026-05-12,TCBI,0.0,0.0,0.0,-0.0003896982327562639,6564.0,2.0,
2026-05-12,TCBI.L,0.0,0.0,0.0,0.0,5788.0,2.0,
2026-05-12,TCBI.W,0.0,0.0,0.0,0.0,5789.0,2.0,
2026-05-12,TCBIL,0.0,0.0,0.0,0.0,5790.0,2.0,
2026-05-12,TCBK,0.0,0.0,0.0,0.0008847253740402219,1409.0,4.0,
2026-05-12,TCBS,0.0,0.0,0.0,0.0,5791.0,2.0,
2026-05-12,TCCO,0.0,0.0,0.0,0.0,5792.0,2.0,
2026-05-12,TCDA,0.0,0.0,0.0,0.0,5793.0,2.0,
2026-05-12,TCF,0.0,0.0,0.0,0.0,5794.0,2.0,
2026-05-12,TCFC,0.0,0.0,0.0,0.0,5795.0,2.0,
2026-05-12,TCJH,0.0,0.0,0.0,0.0,5796.0,2.0,
2026-05-12,TCMD,0.0023954832638795535,0.002890173410404624,-0.0004946901465250706,0.0022270651318417756,719.0,5.0,"SELL because predicted alpha is in the top decile. Main contributors were parkinson_vol_20, mom_252, roa. Liquidity filter passed."
2026-05-12,TCON,0.0,0.0,0.0,0.0,5797.0,2.0,
2026-05-12,TCPC,0.0,0.0,0.0,0.002799104146395901,482.0,5.0,
2026-05-12,TCRD,0.0,0.0,0.0,0.0,5798.0,2.0,
2026-05-12,TCRR,0.0,0.0,0.0,0.0,5799.0,2.0,
2026-05-12,TCRT,0.0,0.0,0.0,-0.0017324645754012065,7043.0,1.0,
2026-05-12,TCRX,0.0,0.0,0.0,0.0006653420264204652,1542.0,3.0,
2026-05-12,TCVA,0.0,0.0,0.0,0.0,5800.0,2.0,
2026-05-12,TCX,0.0,0.0,0.0,0.0029907986510239563,425.0,5.0,
2026-05-12,TDAC,0.0,0.0,0.0,-0.0004054396073456777,6568.0,2.0,
2026-05-12,TDIC,-0.00046511627906976747,0.0,-0.00046511627906976747,-0.02771423966591005,7575.0,1.0,"SHORT because predicted alpha is in the bottom decile. Main contributors were parkinson_vol_20, volume_z_60, volatility_10. Liquidity filter passed."
2026-05-12,TDUP,0.0,0.0,0.0,0.0010479214765343101,1319.0,4.0,
2026-05-12,TDWD,0.0,0.0,0.0,0.0,5801.0,2.0,
2026-05-12,TEAD,0.0,0.0,0.0,0.0023703815419063557,661.0,5.0,
2026-05-12,TEAM,0.0,0.0,0.0,0.0017907548602739375,913.0,4.0,
2026-05-12,TEAR,0.0,0.0,0.0,0.0,5802.0,2.0,
2026-05-12,TECD,0.0,0.0,0.0,0.0,5803.0,2.0,
2026-05-12,TECH,0.0,0.0,0.0,0.00023314398562314167,1799.0,3.0,
2026-05-12,TECU,0.0,0.0,0.0,0.0,5804.0,2.0,
2026-05-12,TECX,0.0,0.0,0.0,2.170306697182097e-06,1943.0,3.0,
2026-05-12,TEKK,0.0,0.0,0.0,0.0,5805.0,2.0,
2026-05-12,TELA,0.0,0.0,0.0,-0.0016351965369102754,7028.0,1.0,
2026-05-12,TELK,0.0,0.0,0.0,0.0,5806.0,2.0,
2026-05-12,TELO,0.0,0.0,0.0,-0.0005406525209677871,6645.0,2.0,
2026-05-12,TEM,0.0,0.0,0.0,0.0009578778808355909,1374.0,4.0,
2026-05-12,TENB,0.0023954832638795535,0.002890173410404624,-0.0004946901465250706,0.0026453585015777433,553.0,5.0,"SELL because predicted alpha is in the top decile. Main contributors were parkinson_vol_20, volume_z_60, mom_21. Liquidity filter passed."
2026-05-12,TENK,0.0,0.0,0.0,0.0,5807.0,2.0,
2026-05-12,TENX,0.0,0.0,0.0,0.0012811576534452708,1173.0,4.0,
2026-05-12,TER,0.0,0.0,0.0,0.00015929829598118527,1855.0,3.0,
2026-05-12,TERN,0.0,0.0,0.0,0.0,5808.0,2.0,
2026-05-12,TERP,0.0,0.0,0.0,0.0,5809.0,2.0,
2026-05-12,TESO,0.0,0.0,0.0,0.0,5810.0,2.0,
2026-05-12,TESS,0.0,0.0,0.0,0.0,5811.0,2.0,
2026-05-12,TETC,0.0,0.0,0.0,0.0,5812.0,2.0,
2026-05-12,TETE,0.0,0.0,0.0,0.0,5813.0,2.0,
2026-05-12,TEUM,0.0,0.0,0.0,0.0,5814.0,2.0,
2026-05-12,TFCF,0.0,0.0,0.0,0.0,5815.0,2.0,
2026-05-12,TFCFA,0.0,0.0,0.0,0.0,5816.0,2.0,
2026-05-12,TFFP,0.0,0.0,0.0,0.0,5817.0,2.0,
2026-05-12,TFM,0.0,0.0,0.0,0.0,5818.0,2.0,
2026-05-12,TFSC,0.0,0.0,0.0,0.0,5819.0,2.0,
2026-05-12,TFSC.R,0.0,0.0,0.0,0.0,5820.0,2.0,
2026-05-12,TFSC.U,0.0,0.0,0.0,0.0,5821.0,2.0,
2026-05-12,TFSC.W,0.0,0.0,0.0,0.0,5822.0,2.0,
2026-05-12,TFSL,-0.00046511627906976747,0.0,-0.00046511627906976747,-0.004659519597158282,7358.0,1.0,"SHORT because predicted alpha is in the bottom decile. Main contributors were volume_z_60, hl_range_20, close_to_high_20. Liquidity filter passed."
2026-05-12,TGA,0.0,0.0,0.0,0.0,5823.0,2.0,
2026-05-12,TGAA,0.0,0.0,0.0,0.0,5824.0,2.0,
2026-05-12,TGAN,0.0,0.0,0.0,0.0,5825.0,2.0,
2026-05-12,TGHL,0.0,0.0,0.0,0.0057504733654197854,33.0,5.0,
2026-05-12,TGL,0.0,0.0,0.0,0.0021621893185186486,758.0,5.0,
2026-05-12,TGTX,0.0,0.0,0.0,0.0023688514571360638,663.0,5.0,
2026-05-12,TGVC,0.0,0.0,0.0,0.0,5826.0,2.0,
2026-05-12,TH,-0.0023954832638795535,-0.002890173410404624,0.0004946901465250706,0.0010127273753582937,1344.0,4.0,"COVER because predicted alpha is in the bottom decile. Main contributors were hl_range_20, close_to_high_20, mom_10. Liquidity filter passed."
2026-05-12,THAC,0.0,0.0,0.0,0.0,5827.0,2.0,
2026-05-12,THAR,0.0,0.0,0.0,0.0,5828.0,2.0,
2026-05-12,THBR,0.0,0.0,0.0,0.0,5829.0,2.0,
2026-05-12,THCA,0.0,0.0,0.0,0.0,5830.0,2.0,
2026-05-12,THCB,0.0,0.0,0.0,0.0,5831.0,2.0,
2026-05-12,THCH,0.0,0.0,0.0,0.0025126186512649403,607.0,5.0,
2026-05-12,THCP,0.0,0.0,0.0,0.0,5832.0,2.0,
2026-05-12,THFF,0.0,0.0,0.0,-0.00035950841459940226,6546.0,2.0,
2026-05-12,THH,0.0,0.0,0.0,0.003826246609968836,214.0,5.0,
2026-05-12,THLD,0.0,0.0,0.0,0.0,5833.0,2.0,
2026-05-12,THMA,0.0,0.0,0.0,0.0,5834.0,2.0,
2026-05-12,THMO,0.0,0.0,0.0,0.0,5835.0,2.0,
2026-05-12,THOR,0.0,0.0,0.0,0.0,5836.0,2.0,
2026-05-12,THQI,0.0,0.0,0.0,0.0,5837.0,2.0,
2026-05-12,THRD,0.0,0.0,0.0,0.0,5838.0,2.0,
2026-05-12,THRM,0.0,0.0,0.0,0.00180567795837471,904.0,4.0,
2026-05-12,THRN,0.0,0.0,0.0,0.0,5839.0,2.0,
2026-05-12,THRX,0.0,0.0,0.0,0.0,5840.0,2.0,
2026-05-12,THRX.V,0.0,0.0,0.0,0.0,5841.0,2.0,
2026-05-12,THRY,0.0,0.0,0.0,-0.001108290054794609,6870.0,1.0,
2026-05-12,THST,0.0,0.0,0.0,0.0,5842.0,2.0,
2026-05-12,THTI,0.0,0.0,0.0,0.0,5843.0,2.0,
2026-05-12,THTX,0.0,0.0,0.0,0.0,5844.0,2.0,
2026-05-12,TIBR,0.0,0.0,0.0,0.0,5845.0,2.0,
2026-05-12,TIBX,0.0,0.0,0.0,0.0,5846.0,2.0,
2026-05-12,TICC,0.0,0.0,0.0,0.0,5847.0,2.0,
2026-05-12,TICCL,0.0,0.0,0.0,0.0,5848.0,2.0,
2026-05-12,TIG,0.0,0.0,0.0,0.0,5849.0,2.0,
2026-05-12,TIGO,-0.00046511627906976747,0.0,-0.00046511627906976747,-0.004164283487750182,7317.0,1.0,"SHORT because predicted alpha is in the bottom decile. Main contributors were volume_z_60, intraday_return, hl_range_20. Liquidity filter passed."
2026-05-12,TIGR,0.0,0.0,0.0,0.0002627977644086995,1778.0,3.0,
2026-05-12,TIL,0.0,0.0,0.0,0.0017377982682823122,934.0,4.0,
2026-05-12,TILE,0.002860599542949321,0.002890173410404624,-2.9573867455303087e-05,0.0038602322087779857,206.0,5.0,"SELL because predicted alpha is in the top decile. Main contributors were parkinson_vol_20, sales_to_price, volatility_63. Liquidity filter passed."
2026-05-12,TIO,0.0,0.0,0.0,0.0,5850.0,2.0,
2026-05-12,TIOA,0.0,0.0,0.0,0.0,5851.0,2.0,
2026-05-12,TIPT,0.0,0.0,0.0,-0.0008176132580988161,6757.0,2.0,
2026-05-12,TIRX,0.0,0.0,0.0,0.0,5852.0,2.0,
2026-05-12,TISA,0.0,0.0,0.0,0.0,5853.0,2.0,
2026-05-12,TITN,0.0,0.0,0.0,0.0027138679600723315,524.0,5.0,
2026-05-12,TIVC,0.0,0.0,0.0,0.0,5854.0,2.0,
2026-05-12,TIVO,0.0,0.0,0.0,0.0,5855.0,2.0,
2026-05-12,TJGC,-0.002860599542949321,-0.002890173410404624,2.9573867455303087e-05,-0.008353834999344877,7490.0,1.0,"COVER because predicted alpha is in the bottom decile. Main contributors were parkinson_vol_20, volume_z_60, volatility_63. Liquidity filter passed."
2026-05-12,TKAI,0.0,0.0,0.0,0.0,5856.0,2.0,
2026-05-12,TKKS,0.0,0.0,0.0,0.0,5857.0,2.0,
2026-05-12,TKLC,0.0,0.0,0.0,0.0,5858.0,2.0,
2026-05-12,TKMR,0.0,0.0,0.0,0.0,5859.0,2.0,
2026-05-12,TKNO,0.0,0.0,0.0,0.0012602365157541478,1189.0,4.0,
2026-05-12,TLAB,0.0,0.0,0.0,0.0,5860.0,2.0,
2026-05-12,TLCR,0.0,0.0,0.0,0.0,5861.0,2.0,
2026-05-12,TLEO,0.0,0.0,0.0,0.0,5862.0,2.0,
2026-05-12,TLF,0.0,0.0,0.0,0.00047685690345120307,1661.0,3.0,
2026-05-12,TLGT,0.0,0.0,0.0,0.0,5863.0,2.0,
2026-05-12,TLGY,0.0,0.0,0.0,0.0,5864.0,2.0,
2026-05-12,TLIH,-0.00046511627906976747,0.0,-0.00046511627906976747,-0.004379652161342725,7334.0,1.0,"SHORT because predicted alpha is in the bottom decile. Main contributors were parkinson_vol_20, volatility_10, mom_10. Liquidity filter passed."
2026-05-12,TLIS,0.0,0.0,0.0,0.0,5865.0,2.0,
2026-05-12,TLMD,0.0,0.0,0.0,0.0,5866.0,2.0,
2026-05-12,TLMR,0.0,0.0,0.0,0.0,5867.0,2.0,
2026-05-12,TLN,0.0,0.0,0.0,0.002034129000541609,803.0,4.0,
2026-05-12,TLNC,0.0,0.0,0.0,0.0007697378833417352,1480.0,4.0,
2026-05-12,TLOG,0.0,0.0,0.0,0.0,5868.0,2.0,
2026-05-12,TLPH,0.0,0.0,0.0,0.0005863038920192288,1598.0,3.0,
2026-05-12,TLRY,0.0,0.0,0.0,0.002559635839697021,590.0,5.0,
2026-05-12,TLS,0.0023954832638795535,0.002890173410404624,-0.0004946901465250706,0.0006786955691854762,1534.0,3.0,"SELL because predicted alpha is in the top decile. Main contributors were parkinson_vol_20, mom_252, volatility_63. Liquidity filter passed."
2026-05-12,TLSA,0.0,0.0,0.0,0.0024650149373260113,624.0,5.0,
2026-05-12,TLSI,0.0,0.0,0.0,-0.0006449617145485358,6687.0,2.0,
2026-05-12,TMC,0.0,0.0,0.0,-0.0010054004696196013,6837.0,1.0,
2026-05-12,TMCI,-0.00046511627906976747,0.0,-0.00046511627906976747,-0.0023146414112370822,7147.0,1.0,"SHORT because predicted alpha is in the bottom decile. Main contributors were intraday_return, mom_1, parkinson_vol_20. Liquidity filter passed."
2026-05-12,TMCR,0.0,0.0,0.0,-0.0003204645608366598,6523.0,2.0,
2026-05-12,TMCX,0.0,0.0,0.0,0.0,5869.0,2.0,
2026-05-12,TMDI,0.0,0.0,0.0,0.0,5870.0,2.0,
2026-05-12,TMDX,0.0,0.0,0.0,-0.0008816781004210746,6780.0,2.0,
2026-05-12,TMKR,0.0,0.0,0.0,0.0,5871.0,2.0,
2026-05-12,TMNG,0.0,0.0,0.0,0.0,5872.0,2.0,
2026-05-12,TMPM,0.0,0.0,0.0,0.0,5873.0,2.0,
2026-05-12,TMPO,0.0,0.0,0.0,0.0,5874.0,2.0,
2026-05-12,TMSR,0.0,0.0,0.0,0.0,5875.0,2.0,
2026-05-12,TMTC,0.0,0.0,0.0,0.0,5876.0,2.0,
2026-05-12,TMTS,0.0,0.0,0.0,0.0,5877.0,2.0,
2026-05-12,TMUS,0.0,0.0,0.0,0.0005194156813679414,1634.0,3.0,
2026-05-12,TMUSI,0.0,0.0,0.0,-0.00019152665514513565,6444.0,2.0,
2026-05-12,TMUSL,0.0,0.0,0.0,-0.0002010012316886801,6453.0,2.0,
2026-05-12,TMUSZ,0.0,0.0,0.0,0.00016211490067292392,1853.0,3.0,
2026-05-12,TNAV,0.0,0.0,0.0,0.0,5878.0,2.0,
2026-05-12,TNDM,0.0,0.0,0.0,-0.000602303255623059,6669.0,2.0,
2026-05-12,TNFA,0.0,0.0,0.0,0.0,5879.0,2.0,
2026-05-12,TNGO,0.0,0.0,0.0,0.0,5880.0,2.0,
2026-05-12,TNGX,0.002860599542949321,0.002890173410404624,-2.9573867455303087e-05,0.004779693194537445,91.0,5.0,"SELL because predicted alpha is in the top decile. Main contributors were mom_252, volume_z_60, parkinson_vol_20. Liquidity filter passed."
2026-05-12,TNMG,0.0,0.0,0.0,0.001124729050666377,1264.0,4.0,
2026-05-12,TNON,0.0,0.0,0.0,-0.0036830289278105693,7284.0,1.0,
2026-05-12,TNT,0.0,0.0,0.0,0.0,5881.0,2.0,
2026-05-12,TNTR,0.0,0.0,0.0,0.0,5882.0,2.0,
2026-05-12,TNXP,0.0,0.0,0.0,-0.0006834288347410898,6703.0,2.0,
2026-05-12,TNYA,0.0,0.0,0.0,0.0017806718516523684,917.0,4.0,
2026-05-12,TOAC,0.0,0.0,0.0,0.0,5883.0,2.0,
2026-05-12,TOCA,0.0,0.0,0.0,0.0,5884.0,2.0,
2026-05-12,TOI,0.0,0.0,0.0,0.001060007951492928,1309.0,4.0,
2026-05-12,TOMZ,0.0,0.0,0.0,0.003021975270729921,409.0,5.0,
2026-05-12,TONX,0.0023954832638795535,0.002890173410404624,-0.0004946901465250706,-0.002161431401045586,7124.0,1.0,"SELL because predicted alpha is in the top decile. Main contributors were mom_5, hl_range_20, mom_21. Liquidity filter passed."
2026-05-12,TOP,0.0,0.0,0.0,0.0019002966521450412,859.0,4.0,
2026-05-12,TOR,0.0,0.0,0.0,0.0,5885.0,2.0,
2026-05-12,TORC,0.0,0.0,0.0,0.0,5886.0,2.0,
2026-05-12,TORM,0.0,0.0,0.0,0.0,5887.0,2.0,
2026-05-12,TORO,0.0,0.0,0.0,-0.004069146523176797,7309.0,1.0,
2026-05-12,TOROV,0.0,0.0,0.0,0.0,5888.0,2.0,
2026-05-12,TOTA,0.0,0.0,0.0,0.0,5889.0,2.0,
2026-05-12,TOWN,-0.00046511627906976747,0.0,-0.00046511627906976747,-0.0044618834843363035,7340.0,1.0,"SHORT because predicted alpha is in the bottom decile. Main contributors were volume_z_60, hl_range_20, close_to_high_20. Liquidity filter passed."
2026-05-12,TOYO,-0.001930366984809786,-0.002890173410404624,0.0009598064255948381,0.004483123668125423,112.0,5.0,"COVER because predicted alpha is in the bottom decile. Main contributors were volatility_10, volume_z_60, volume_mom_20_60. Liquidity filter passed."
2026-05-12,TPBA,0.0,0.0,0.0,0.0,5890.0,2.0,
2026-05-12,TPCO,0.0,0.0,0.0,0.0,5891.0,2.0,
2026-05-12,TPCS,0.0,0.0,0.0,0.004987858817245917,76.0,5.0,
2026-05-12,TPG,0.0023954832638795535,0.002890173410404624,-0.0004946901465250706,0.0026282864112626286,564.0,5.0,"SELL because predicted alpha is in the top decile. Main contributors were parkinson_vol_20, volume_z_60, volatility_63. Liquidity filter passed."
2026-05-12,TPGXL,0.0,0.0,0.0,-0.00013456922694315325,6409.0,2.0,
2026-05-12,TPIC,0.0,0.0,0.0,0.0,5892.0,2.0,
2026-05-12,TPIV,0.0,0.0,0.0,0.0,5893.0,2.0,
2026-05-12,TPNL,0.0,0.0,0.0,0.0,5894.0,2.0,
2026-05-12,TPST,0.0,0.0,0.0,-0.0028902761402644418,7210.0,1.0,
2026-05-12,TPTX,0.0,0.0,0.0,0.0,5895.0,2.0,
2026-05-12,TQNT,0.0,0.0,0.0,0.0,5896.0,2.0,
2026-05-12,TRAW,0.00046511627906976747,0.0,0.00046511627906976747,0.005546272862619215,45.0,5.0,"BUY because predicted alpha is in the top decile. Main contributors were hl_range_20, intraday_return, close_to_high_20. Liquidity filter passed."
2026-05-12,TRAX,0.0,0.0,0.0,0.0001049357511516899,1891.0,3.0,
2026-05-12,TRAXV,0.0,0.0,0.0,0.0,5897.0,2.0,
2026-05-12,TRCB,0.0,0.0,0.0,0.0,5898.0,2.0,
2026-05-12,TRCH,0.0,0.0,0.0,0.0,5899.0,2.0,
2026-05-12,TRDA,-0.002860599542949321,-0.002890173410404624,2.9573867455303087e-05,-0.00926871813432463,7501.0,1.0,"COVER because predicted alpha is in the bottom decile. Main contributors were volatility_10, mom_5, volatility_63. Liquidity filter passed."
2026-05-12,TREE,0.0,0.0,0.0,0.0010495841203974768,1318.0,4.0,
2026-05-12,TRGS,0.0,0.0,0.0,0.0,5900.0,2.0,
2026-05-12,TRGT,0.0,0.0,0.0,0.0,5901.0,2.0,
2026-05-12,TRHC,0.0,0.0,0.0,0.0,5902.0,2.0,
2026-05-12,TRI,0.0,0.0,0.0,0.0017047391792689107,950.0,4.0,
2026-05-12,TRID,0.0,0.0,0.0,0.0,5903.0,2.0,
2026-05-12,TRIN,0.0,0.0,0.0,0.00131021257531926,1165.0,4.0,
2026-05-12,TRINI,0.0,0.0,0.0,-0.001983614763479733,7092.0,1.0,
2026-05-12,TRINL,0.0,0.0,0.0,0.0,5904.0,2.0,
2026-05-12,TRINZ,0.0,0.0,0.0,-0.00034945348668273795,6541.0,2.0,
2026-05-12,TRIP,0.0,0.0,0.0,0.00016322263715757144,1852.0,3.0,
2026-05-12,TRIT,0.0,0.0,0.0,0.0,5905.0,2.0,
2026-05-12,TRIV,0.0,0.0,0.0,0.0,5906.0,2.0,
2026-05-12,TRKA,0.0,0.0,0.0,0.0,5907.0,2.0,
2026-05-12,TRLG,0.0,0.0,0.0,0.0,5908.0,2.0,
2026-05-12,TRMA,0.0,0.0,0.0,0.0,5909.0,2.0,
2026-05-12,TRMB,0.0,0.0,0.0,-0.0011548700415881853,6883.0,1.0,
2026-05-12,TRMD,0.0,0.0,0.0,-0.0004768807175467146,6610.0,2.0,
2026-05-12,TRMK,0.0,0.0,0.0,0.0005056436949077594,1646.0,3.0,
2026-05-12,TRML,0.0,0.0,0.0,0.0,5910.0,2.0,
2026-05-12,TRMT,0.0,0.0,0.0,0.0,5911.0,2.0,
2026-05-12,TRNC,0.0,0.0,0.0,0.0,5912.0,2.0,
2026-05-12,TRNR,0.0,0.0,0.0,-0.0012945465179521822,6940.0,1.0,
2026-05-12,TRNS,0.0,0.0,0.0,0.001672984329972883,965.0,4.0,
2026-05-12,TRNX,0.0,0.0,0.0,0.0,5913.0,2.0,
2026-05-12,TRON,0.0,0.0,0.0,0.0023243789993995997,677.0,5.0,
2026-05-12,TROO,0.00046511627906976747,0.0,0.00046511627906976747,0.003996206032073304,178.0,5.0,"BUY because predicted alpha is in the top decile. Main contributors were hl_range_20, mom_252, mom_21. Liquidity filter passed."
2026-05-12,TROV,0.0,0.0,0.0,0.0,5914.0,2.0,
2026-05-12,TROV.U,0.0,0.0,0.0,0.0,5915.0,2.0,
2026-05-12,TROV.W,0.0,0.0,0.0,0.0,5916.0,2.0,
2026-05-12,TROW,0.0,0.0,0.0,-0.0002534687643339969,6480.0,2.0,
2026-05-12,TRS,0.0,0.0,0.0,0.001900372699336376,857.0,4.0,
2026-05-12,TRSG,0.0,0.0,0.0,0.0,5917.0,2.0,
2026-05-12,TRST,0.0,0.0,0.0,0.000607283411008573,1582.0,3.0,
2026-05-12,TRSV.V,0.0,0.0,0.0,0.0,5918.0,2.0,
2026-05-12,TRTL.W,0.0,0.0,0.0,0.0,5919.0,2.0,
2026-05-12,TRUE,0.0,0.0,0.0,0.0,5920.0,2.0,
2026-05-12,TRUG,0.0,0.0,0.0,-0.0007570353292356852,6729.0,2.0,
2026-05-12,TRUP,0.002860599542949321,0.002890173410404624,-2.9573867455303087e-05,0.003744716058264328,228.0,5.0,"SELL because predicted alpha is in the top decile. Main contributors were sales_to_price, parkinson_vol_20, roa. Liquidity filter passed."
2026-05-12,TRVI,0.0,0.0,0.0,0.0013132790473956788,1162.0,4.0,
2026-05-12,TRVN,0.0,0.0,0.0,0.0,5921.0,2.0,
2026-05-12,TSAT,0.0,0.0,0.0,0.002459480311200808,627.0,5.0,
2026-05-12,TSBK,0.0,0.0,0.0,0.0013547536313459094,1139.0,4.0,
2026-05-12,TSBX,0.0,0.0,0.0,0.0,5922.0,2.0,
2026-05-12,TSC,0.0,0.0,0.0,0.0,5923.0,2.0,
2026-05-12,TSCAP,0.0,0.0,0.0,0.0,5924.0,2.0,
2026-05-12,TSCO,0.0,0.0,0.0,-0.0006427344841972394,6686.0,2.0,
2026-05-12,TSEM,0.0,0.0,0.0,0.0030897218026878976,389.0,5.0,
2026-05-12,TSFG,0.0,0.0,0.0,0.0,5925.0,2.0,
2026-05-12,TSG,0.0,0.0,0.0,0.0,5926.0,2.0,
2026-05-12,TSHA,0.002860599542949321,0.002890173410404624,-2.9573867455303087e-05,0.004266335264669117,142.0,5.0,"SELL because predicted alpha is in the top decile. Main contributors were mom_21, volume_z_60, mom_252. Liquidity filter passed."
2026-05-12,TSIA,0.0,0.0,0.0,0.0,5927.0,2.0,
2026-05-12,TSIB,0.0,0.0,0.0,0.0,5928.0,2.0,
2026-05-12,TSLA,0.00046511627906976747,0.0,0.00046511627906976747,0.0036550938518679003,246.0,5.0,"BUY because predicted alpha is in the top decile. Main contributors were parkinson_vol_20, mom_5, log_dollar_vol_20. Liquidity filter passed."
2026-05-12,TSP,0.0,0.0,0.0,0.0,5929.0,2.0,
2026-05-12,TSPT,0.0,0.0,0.0,0.0,5930.0,2.0,
2026-05-12,TSRA,0.0,0.0,0.0,0.0,5931.0,2.0,
2026-05-12,TSRE,0.0,0.0,0.0,0.0,5932.0,2.0,
2026-05-12,TSRI,0.0,0.0,0.0,0.0,5933.0,2.0,
2026-05-12,TSRO,0.0,0.0,0.0,0.0,5934.0,2.0,
2026-05-12,TSSI,0.0,0.0,0.0,0.00122611100981059,1206.0,4.0,
2026-05-12,TST,0.0,0.0,0.0,0.0,5935.0,2.0,
2026-05-12,TSTC,0.0,0.0,0.0,0.0,5936.0,2.0,
2026-05-12,TSTR,0.0,0.0,0.0,0.0,5937.0,2.0,
2026-05-12,TSVT,0.0,0.0,0.0,0.0,5938.0,2.0,
2026-05-12,TSVTV,0.0,0.0,0.0,0.0,5939.0,2.0,
2026-05-12,TSYS,0.0,0.0,0.0,0.0,5940.0,2.0,
2026-05-12,TTAN,0.0,0.0,0.0,0.002303857615215215,683.0,5.0,
2026-05-12,TTCF,0.0,0.0,0.0,0.0,5941.0,2.0,
2026-05-12,TTD,0.0,0.0,0.0,0.0010645533194701647,1306.0,4.0,
2026-05-12,TTEC,0.002860599542949321,0.002890173410404624,-2.9573867455303087e-05,0.0049427716606022035,80.0,5.0,"SELL because predicted alpha is in the top decile. Main contributors were sales_to_price, close_to_high_20, intraday_return. Liquidity filter passed."
2026-05-12,TTEK,0.0,0.0,0.0,0.0013399040305888815,1145.0,4.0,
2026-05-12,TTGT,0.0,0.0,0.0,0.0010245263461017829,1338.0,4.0,
2026-05-12,TTHI,0.0,0.0,0.0,0.0,5942.0,2.0,
2026-05-12,TTMI,0.002860599542949321,0.002890173410404624,-2.9573867455303087e-05,0.003519440641483171,276.0,5.0,"SELL because predicted alpha is in the top decile. Main contributors were mom_252, mom_21, hl_range_20. Liquidity filter passed."
2026-05-12,TTNP,0.0,0.0,0.0,0.0,5943.0,2.0,
2026-05-12,TTOO,0.0,0.0,0.0,0.0,5944.0,2.0,
2026-05-12,TTPH,0.0,0.0,0.0,0.0,5945.0,2.0,
2026-05-12,TTRX,0.0,0.0,0.0,0.00013167292402258782,1873.0,3.0,
2026-05-12,TTSH,0.0,0.0,0.0,0.0,5946.0,2.0,
2026-05-12,TTWO,0.0,0.0,0.0,-0.0003870503534855313,6563.0,2.0,
2026-05-12,TUBE,0.0,0.0,0.0,0.0,5947.0,2.0,
2026-05-12,TUEM,0.0,0.0,0.0,0.0,5948.0,2.0,
2026-05-12,TUES,0.0,0.0,0.0,0.0,5949.0,2.0,
2026-05-12,TUGC,0.0,0.0,0.0,0.0,5950.0,2.0,
2026-05-12,TULP,0.0,0.0,0.0,0.0017104076894267316,948.0,4.0,
2026-05-12,TURN,0.0,0.0,0.0,0.0,5951.0,2.0,
2026-05-12,TUSK,-0.0023954832638795535,-0.002890173410404624,0.0004946901465250706,-0.0005987761466011174,6666.0,2.0,"COVER because predicted alpha is in the bottom decile. Main contributors were book_to_market, close_to_high_20, volatility_10. Liquidity filter passed."
2026-05-12,TVA,0.0,0.0,0.0,-0.0003534324401602137,6542.0,2.0,
2026-05-12,TVAC,0.0,0.0,0.0,0.0,5952.0,2.0,
2026-05-12,TVAI,0.0,0.0,0.0,0.0,5953.0,2.0,
2026-05-12,TVGN,0.0,0.0,0.0,-0.006697745398063072,7441.0,1.0,
2026-05-12,TVIA,0.0,0.0,0.0,0.0,5954.0,2.0,
2026-05-12,TVRD,0.0,0.0,0.0,0.0023812707924096843,651.0,5.0,
2026-05-12,TVTX,0.0,0.0,0.0,0.0014119555781327386,1109.0,4.0,
2026-05-12,TVTY,0.0,0.0,0.0,0.0,5955.0,2.0,
2026-05-12,TW,0.0,0.0,0.0,0.0016169658975088103,997.0,4.0,
2026-05-12,TWAV,0.0,0.0,0.0,0.003867351866096932,201.0,5.0,
2026-05-12,TWCB,0.0,0.0,0.0,0.0,5956.0,2.0,
2026-05-12,TWCT,0.0,0.0,0.0,0.0,5957.0,2.0,
2026-05-12,TWER,0.0,0.0,0.0,0.0,5958.0,2.0,
2026-05-12,TWFG,0.0,0.0,0.0,0.0014872590393160629,1063.0,4.0,
2026-05-12,TWG,0.0,0.0,0.0,0.0003148747186858488,1756.0,3.0,
2026-05-12,TWGP,0.0,0.0,0.0,0.0,5959.0,2.0,
2026-05-12,TWIN,0.0,0.0,0.0,0.0032611476718566418,341.0,5.0,
2026-05-12,TWKS,0.0,0.0,0.0,0.0,5960.0,2.0,
2026-05-12,TWLV,0.0,0.0,0.0,0.0,5961.0,2.0,
2026-05-12,TWMC,0.0,0.0,0.0,0.0,5962.0,2.0,
2026-05-12,TWNK,0.0,0.0,0.0,0.0,5963.0,2.0,
2026-05-12,TWNP,0.0,0.0,0.0,0.0,5964.0,2.0,
2026-05-12,TWNPV,0.0,0.0,0.0,0.0,5965.0,2.0,
2026-05-12,TWOU,0.0,0.0,0.0,0.0,5966.0,2.0,
2026-05-12,TWST,0.0,0.0,0.0,0.0020162770513771178,813.0,4.0,
2026-05-12,TWTC,0.0,0.0,0.0,0.0,5967.0,2.0,
2026-05-12,TXAC,0.0,0.0,0.0,0.0,5968.0,2.0,
2026-05-12,TXG,0.0,0.0,0.0,0.00039111230153352785,1715.0,3.0,
2026-05-12,TXMD,0.0,0.0,0.0,-0.0005183633522411606,6631.0,2.0,
2026-05-12,TXN,0.0,0.0,0.0,0.0021765254585180424,753.0,5.0,
2026-05-12,TXRH,0.0,0.0,0.0,0.0009319677898886329,1382.0,4.0,
2026-05-12,TYDE,0.0,0.0,0.0,0.0,5969.0,2.0,
2026-05-12,TYDEV,0.0,0.0,0.0,0.0,5970.0,2.0,
2026-05-12,TYGO,0.0,0.0,0.0,0.002294185706892691,690.0,5.0,
2026-05-12,TYHT,0.0,0.0,0.0,0.0,5971.0,2.0,
2026-05-12,TYME,0.0,0.0,0.0,0.0,5972.0,2.0,
2026-05-12,TYPE,0.0,0.0,0.0,0.0,5973.0,2.0,
2026-05-12,TYRA,0.0,0.0,0.0,0.0009475375298468842,1378.0,4.0,
2026-05-12,TZAC,0.0,0.0,0.0,0.0,5974.0,2.0,
2026-05-12,TZOO,0.002860599542949321,0.002890173410404624,-2.9573867455303087e-05,0.00345623018507728,289.0,5.0,"SELL because predicted alpha is in the top decile. Main contributors were hl_range_20, mom_21, volume_z_60. Liquidity filter passed."
2026-05-12,TZPS,0.0,0.0,0.0,0.0,5975.0,2.0,
2026-05-12,TZUP,0.0,0.0,0.0,0.0,5976.0,2.0,
2026-05-12,UAL,0.0023954832638795535,0.002890173410404624,-0.0004946901465250706,0.0024668943121684854,623.0,5.0,"SELL because predicted alpha is in the top decile. Main contributors were parkinson_vol_20, volume_z_60, log_dollar_vol_20. Liquidity filter passed."
2026-05-12,UAUA,0.0,0.0,0.0,0.0,5977.0,2.0,
2026-05-12,UBCP,0.0,0.0,0.0,0.0013664661316686736,1132.0,4.0,
2026-05-12,UBFO,0.0,0.0,0.0,0.0,5978.0,2.0,
2026-05-12,UBIC,0.0,0.0,0.0,0.0,5979.0,2.0,
2026-05-12,UBNK,0.0,0.0,0.0,0.0,5980.0,2.0,
2026-05-12,UBNT,0.0,0.0,0.0,0.0,5981.0,2.0,
2026-05-12,UBOH,0.0,0.0,0.0,0.0,5982.0,2.0,
2026-05-12,UBSH,0.0,0.0,0.0,0.0,5983.0,2.0,
2026-05-12,UBSI,0.0,0.0,0.0,-0.000204221356861574,6455.0,2.0,
2026-05-12,UBX,0.0,0.0,0.0,0.0,5984.0,2.0,
2026-05-12,UBXG,-0.00046511627906976747,0.0,-0.00046511627906976747,-0.02723044644798721,7574.0,1.0,"SHORT because predicted alpha is in the bottom decile. Main contributors were parkinson_vol_20, volume_z_60, volatility_63. Liquidity filter passed."
2026-05-12,UCAR,0.0,0.0,0.0,-0.00638673145394315,7431.0,1.0,
2026-05-12,UCBA,0.0,0.0,0.0,0.0,5985.0,2.0,
2026-05-12,UCBI,0.0,0.0,0.0,0.0,5986.0,2.0,
2026-05-12,UCBIO,0.0,0.0,0.0,0.0,5987.0,2.0,
2026-05-12,UCFC,0.0,0.0,0.0,0.0,5988.0,2.0,
2026-05-12,UCFI,0.0,0.0,0.0,0.0,5989.0,2.0,
2026-05-12,UCTT,0.0023954832638795535,0.002890173410404624,-0.0004946901465250706,0.002958904053138046,428.0,5.0,"SELL because predicted alpha is in the top decile. Main contributors were mom_252, parkinson_vol_20, volume_z_60. Liquidity filter passed."
2026-05-12,UDF,0.0,0.0,0.0,0.0,5990.0,2.0,
2026-05-12,UDFD.V,0.0,0.0,0.0,0.0,5991.0,2.0,
2026-05-12,UDMY,0.0,0.0,0.0,0.0,5992.0,2.0,
2026-05-12,UEIC,0.0,0.0,0.0,1.8453466138398017e-05,1933.0,3.0,
2026-05-12,UFCS,0.0,0.0,0.0,0.001797732298485333,909.0,4.0,
2026-05-12,UFG,0.0,0.0,0.0,0.002198399373346028,737.0,5.0,
2026-05-12,UFPI,0.0,0.0,0.0,-0.00029142202585900347,6503.0,2.0,
2026-05-12,UFPT,0.0023954832638795535,0.002890173410404624,-0.0004946901465250706,0.0016133203496859275,999.0,4.0,"SELL because predicted alpha is in the top decile. Main contributors were parkinson_vol_20, roa, volatility_63. Liquidity filter passed."
2026-05-12,UG,0.0,0.0,0.0,0.002563783047141392,588.0,5.0,
2026-05-12,UGRO,-0.0023954832638795535,-0.002890173410404624,0.0004946901465250706,-0.004706595082415176,7362.0,1.0,"COVER because predicted alpha is in the bottom decile. Main contributors were volatility_63, roa, parkinson_vol_20. Liquidity filter failed."
2026-05-12,UHG,0.0,0.0,0.0,0.0,5993.0,2.0,
2026-05-12,UIHC,0.0,0.0,0.0,0.0,5994.0,2.0,
2026-05-12,UK,0.0,0.0,0.0,-0.016372406951175367,7539.0,1.0,
2026-05-12,ULBI,0.0,0.0,0.0,0.0033463069422816336,314.0,5.0,
2026-05-12,ULCC,0.002860599542949321,0.002890173410404624,-2.9573867455303087e-05,0.0048577995220129115,88.0,5.0,"SELL because predicted alpha is in the top decile. Main contributors were hl_range_20, sales_to_price, intraday_return. Liquidity filter passed."
2026-05-12,ULH,0.0,0.0,0.0,0.00040686351950968173,1699.0,3.0,
2026-05-12,ULTA,0.0,0.0,0.0,0.0005600047207526396,1615.0,3.0,
2026-05-12,ULY,0.0,0.0,0.0,0.0,5995.0,2.0,
2026-05-12,UMBF,0.0,0.0,0.0,-0.0012317011359280665,6915.0,1.0,
2026-05-12,UMPQ,0.0,0.0,0.0,0.0,5996.0,2.0,
2026-05-12,UMRX,0.0,0.0,0.0,0.0,5997.0,2.0,
2026-05-12,UNAM,0.0,0.0,0.0,0.0,5998.0,2.0,
2026-05-12,UNB,-0.00046511627906976747,0.0,-0.00046511627906976747,-0.005919335541141887,7412.0,1.0,"SHORT because predicted alpha is in the bottom decile. Main contributors were volume_z_60, hl_range_20, volume_mom_20_60. Liquidity filter passed."
2026-05-12,UNCY,0.0,0.0,0.0,-0.001451578809066548,6978.0,1.0,
2026-05-12,UNIS,0.0,0.0,0.0,0.0,5999.0,2.0,
2026-05-12,UNIT,0.0,0.0,0.0,0.00044852772734446585,1682.0,3.0,
2026-05-12,UNTD,0.0,0.0,0.0,0.0,6000.0,2.0,
2026-05-12,UNTK,0.0,0.0,0.0,0.0,6001.0,2.0,
2026-05-12,UNTY,0.0,0.0,0.0,-1.891019353512442e-05,6350.0,2.0,
2026-05-12,UNXL,0.0,0.0,0.0,0.0,6002.0,2.0,
2026-05-12,UOKA,0.0,0.0,0.0,0.0,6003.0,2.0,
2026-05-12,UONE,0.0,0.0,0.0,-0.008192889521726686,7485.0,1.0,
2026-05-12,UONEK,0.0,0.0,0.0,-0.002635164832348427,7185.0,1.0,
2026-05-12,UPB,0.0,0.0,0.0,2.5312748558069254e-05,1928.0,3.0,
2026-05-12,UPBD,0.0,0.0,0.0,0.0015283308004435535,1046.0,4.0,
2026-05-12,UPC,0.0,0.0,0.0,9.156734363372377e-05,1903.0,3.0,
2026-05-12,UPI,0.0,0.0,0.0,0.0,6004.0,2.0,
2026-05-12,UPIP,0.0,0.0,0.0,0.0,6005.0,2.0,
2026-05-12,UPL,0.0,0.0,0.0,0.0,6006.0,2.0,
2026-05-12,UPLD,0.0,0.0,0.0,0.0008768740317063906,1417.0,4.0,
2026-05-12,UPST,0.0,0.0,0.0,0.0026760936070895198,539.0,5.0,
2026-05-12,UPTD,0.0,0.0,0.0,0.0,6007.0,2.0,
2026-05-12,UPWK,0.0,0.0,0.0,0.00036938629945764995,1724.0,3.0,
2026-05-12,UPXI,0.0,0.0,0.0,0.0018254138917319007,895.0,4.0,
2026-05-12,URBN,0.0023954832638795535,0.002890173410404624,-0.0004946901465250706,0.002378576365558666,655.0,5.0,"SELL because predicted alpha is in the top decile. Main contributors were parkinson_vol_20, volatility_63, volume_z_20. Liquidity filter passed."
2026-05-12,UREE,0.0,0.0,0.0,0.0,6008.0,2.0,
2026-05-12,URGN,0.00046511627906976747,0.0,0.00046511627906976747,0.004814048289869599,90.0,5.0,"BUY because predicted alpha is in the top decile. Main contributors were mom_5, mom_21, intraday_return. Liquidity filter passed."
2026-05-12,UROV,0.0,0.0,0.0,0.0,6009.0,2.0,
2026-05-12,UROY,0.0,0.0,0.0,0.0028887755002919777,458.0,5.0,
2026-05-12,URRE,0.0,0.0,0.0,0.0,6010.0,2.0,
2026-05-12,USAK,0.0,0.0,0.0,0.0,6011.0,2.0,
2026-05-12,USAP,0.0,0.0,0.0,0.0,6012.0,2.0,
2026-05-12,USAR,0.002860599542949321,0.002890173410404624,-2.9573867455303087e-05,0.0034919685112998087,280.0,5.0,"SELL because predicted alpha is in the top decile. Main contributors were hl_range_20, mom_21, log_dollar_vol_20. Liquidity filter passed."
2026-05-12,USAT,0.0,0.0,0.0,0.0,6013.0,2.0,
2026-05-12,USAT.P,0.0,0.0,0.0,0.0,6014.0,2.0,
2026-05-12,USAU,0.0,0.0,0.0,0.00013420309937708477,1871.0,3.0,
2026-05-12,USBI,0.0,0.0,0.0,0.0,6015.0,2.0,
2026-05-12,USCB,0.0,0.0,0.0,-0.0005739561434758125,6657.0,2.0,
2026-05-12,USCR,0.0,0.0,0.0,0.0,6016.0,2.0,
2026-05-12,USCT,0.0,0.0,0.0,0.0,6017.0,2.0,
2026-05-12,USEA,0.0,0.0,0.0,0.0010086935579161182,1348.0,4.0,
2026-05-12,USEG,0.0,0.0,0.0,0.002005238369036829,816.0,4.0,
2026-05-12,USGO,0.0,0.0,0.0,-0.0015892805133901743,7019.0,1.0,
2026-05-12,USIO,0.0,0.0,0.0,0.0005802803052467911,1604.0,3.0,
2026-05-12,USLM,0.0,0.0,0.0,0.0018590917594597752,875.0,4.0,
2026-05-12,USMO,0.0,0.0,0.0,0.0,6018.0,2.0,
2026-05-12,USTR,0.0,0.0,0.0,0.0,6019.0,2.0,
2026-05-12,USWS,0.0,0.0,0.0,0.0,6020.0,2.0,
2026-05-12,UTAA,0.0,0.0,0.0,0.0,6021.0,2.0,
2026-05-12,UTEK,0.0,0.0,0.0,0.0,6022.0,2.0,
2026-05-12,UTHR,0.0,0.0,0.0,0.0003282098607138754,1746.0,3.0,
2026-05-12,UTIW,0.0,0.0,0.0,0.0,6023.0,2.0,
2026-05-12,UTMD,0.0,0.0,0.0,0.0031339730871912403,370.0,5.0,
2026-05-12,UTME,0.0,0.0,0.0,0.0,6024.0,2.0,
2026-05-12,UTRS,0.0,0.0,0.0,0.0,6025.0,2.0,
2026-05-12,UTSI,0.0,0.0,0.0,5.140954670669346e-05,1914.0,3.0,
2026-05-12,UVSP,0.0,0.0,0.0,-0.0004282289929720892,6582.0,2.0,
2026-05-12,UYSC,0.0,0.0,0.0,-0.0007194171065655385,6717.0,2.0,
2026-05-12,VA,0.0,0.0,0.0,0.0,6026.0,2.0,
2026-05-12,VABK,0.0,0.0,0.0,0.00080658229012566,1455.0,4.0,
2026-05-12,VACH,0.0,0.0,0.0,-0.005192475556421529,7384.0,1.0,
2026-05-12,VACQ,0.0,0.0,0.0,0.0,6027.0,2.0,
2026-05-12,VALU,0.0,0.0,0.0,0.00022295776231725807,1807.0,3.0,
2026-05-12,VANI,0.0,0.0,0.0,0.002144259897334562,763.0,4.0,
2026-05-12,VAPE,0.0,0.0,0.0,0.0,6028.0,2.0,
2026-05-12,VAQC,0.0,0.0,0.0,0.0,6029.0,2.0,
2026-05-12,VASC,0.0,0.0,0.0,0.0,6030.0,2.0,
2026-05-12,VAXX,0.0,0.0,0.0,0.0,6031.0,2.0,
2026-05-12,VBAY,0.0,0.0,0.0,0.0,6032.0,2.0,
2026-05-12,VBFC,0.0,0.0,0.0,0.0,6033.0,2.0,
2026-05-12,VBIO,0.0,0.0,0.0,0.003168673943465717,361.0,5.0,
2026-05-12,VBIV,0.0,0.0,0.0,0.0,6034.0,2.0,
2026-05-12,VBIX,0.0,0.0,0.0,0.0,6035.0,2.0,
2026-05-12,VBLT,0.0,0.0,0.0,0.0,6036.0,2.0,
2026-05-12,VBLX,0.0,0.0,0.0,0.0,6037.0,2.0,
2026-05-12,VBNK,0.0,0.0,0.0,0.0010148825254428543,1339.0,4.0,
2026-05-12,VBOC,0.0,0.0,0.0,0.0,6038.0,2.0,
2026-05-12,VBTX,0.0,0.0,0.0,0.0,6039.0,2.0,
2026-05-12,VC,0.00046511627906976747,0.0,0.00046511627906976747,0.00391290341650967,195.0,5.0,"BUY because predicted alpha is in the top decile. Main contributors were sales_to_price, parkinson_vol_20, mom_21. Liquidity filter passed."
2026-05-12,VCEL,0.0,0.0,0.0,0.001731690603278413,939.0,4.0,
2026-05-12,VCIC,0.0,0.0,0.0,0.0,6040.0,2.0,
2026-05-12,VCIG,0.0,0.0,0.0,0.0022510619354912456,711.0,5.0,
2026-05-12,VCKA,0.0,0.0,0.0,0.0,6041.0,2.0,
2026-05-12,VCLK,0.0,0.0,0.0,0.0,6042.0,2.0,
2026-05-12,VCNX,0.0,0.0,0.0,0.0,6043.0,2.0,
2026-05-12,VCSA,0.0,0.0,0.0,0.0,6044.0,2.0,
2026-05-12,VCTR,0.0,0.0,0.0,0.0027289009966791167,516.0,5.0,
2026-05-12,VCVC,0.0,0.0,0.0,0.0,6045.0,2.0,
2026-05-12,VCXA,0.0,0.0,0.0,0.0,6046.0,2.0,
2026-05-12,VCYT,0.0,0.0,0.0,0.0016581233267249436,977.0,4.0,
2026-05-12,VDSI,0.0,0.0,0.0,0.0,6047.0,2.0,
2026-05-12,VEAC,0.0,0.0,0.0,0.0,6048.0,2.0,
2026-05-12,VECO,0.0,0.0,0.0,0.002579304316657237,585.0,5.0,
2026-05-12,VECT,0.0,0.0,0.0,0.0,6049.0,2.0,
2026-05-12,VEDU,0.0,0.0,0.0,0.0,6050.0,2.0,
2026-05-12,VEEA,0.0,0.0,0.0,0.005243673343226256,58.0,5.0,
2026-05-12,VEEE,-0.002860599542949321,-0.002890173410404624,2.9573867455303087e-05,-0.006374910132576281,7429.0,1.0,"COVER because predicted alpha is in the bottom decile. Main contributors were parkinson_vol_20, volatility_63, volatility_10. Liquidity filter passed."
2026-05-12,VELO,0.0,0.0,0.0,0.000906966784629227,1400.0,4.0,
2026-05-12,VENA,0.0,0.0,0.0,0.0,6051.0,2.0,
2026-05-12,VERA,0.0,0.0,0.0,0.0015529369038599565,1036.0,4.0,
2026-05-12,VERB,0.0,0.0,0.0,0.0,6052.0,2.0,
2026-05-12,VERI,0.0,0.0,0.0,-0.00029824080084244484,6509.0,2.0,
2026-05-12,VERO,0.0,0.0,0.0,0.0,6053.0,2.0,
2026-05-12,VERU,0.0,0.0,0.0,-0.00038177677109650144,6560.0,2.0,
2026-05-12,VERV,0.0,0.0,0.0,0.0,6054.0,2.0,
2026-05-12,VERX,0.0,0.0,0.0,0.0026821975361480447,535.0,5.0,
2026-05-12,VERY,0.0,0.0,0.0,0.0,6055.0,2.0,
2026-05-12,VEV,0.0,0.0,0.0,0.0,6056.0,2.0,
2026-05-12,VFF,0.0,0.0,0.0,0.002743913272894607,503.0,5.0,
2026-05-12,VFS,0.0,0.0,0.0,0.0019864188058209106,824.0,4.0,
2026-05-12,VGAS,0.0,0.0,0.0,0.0038877543596193393,199.0,5.0,
2026-05-12,VGFC,0.0,0.0,0.0,0.0,6057.0,2.0,
2026-05-12,VGGL,0.0,0.0,0.0,0.0,6058.0,2.0,
2026-05-12,VHC,0.0,0.0,0.0,0.0033241670948497624,321.0,5.0,
2026-05-12,VHCP,-0.0023954832638795535,-0.002890173410404624,0.0004946901465250706,-0.0026686683374576555,7188.0,1.0,"COVER because predicted alpha is in the bottom decile. Main contributors were hl_range_20, close_to_high_20, volatility_20. Liquidity filter failed."
2026-05-12,VHNA,0.0,0.0,0.0,0.0,6059.0,2.0,
2026-05-12,VHUB,0.0,0.0,0.0,-0.0006669144997239398,6695.0,2.0,
2026-05-12,VIAB,0.0,0.0,0.0,0.0,6060.0,2.0,
2026-05-12,VIAS,0.0,0.0,0.0,0.0,6061.0,2.0,
2026-05-12,VIAV,0.00046511627906976747,0.0,0.00046511627906976747,0.0036209011539665706,253.0,5.0,"BUY because predicted alpha is in the top decile. Main contributors were mom_252, mom_21, log_dollar_vol_20. Liquidity filter passed."
2026-05-12,VICL,0.0,0.0,0.0,0.0,6062.0,2.0,
2026-05-12,VICR,0.00046511627906976747,0.0,0.00046511627906976747,0.005925242439893294,30.0,5.0,"BUY because predicted alpha is in the top decile. Main contributors were mom_252, hl_range_20, mom_21. Liquidity filter passed."
2026-05-12,VIDE,0.0,0.0,0.0,0.0,6063.0,2.0,
2026-05-12,VIE,0.0,0.0,0.0,0.0,6064.0,2.0,
2026-05-12,VIEW,0.0,0.0,0.0,0.0,6065.0,2.0,
2026-05-12,VIGL,0.0,0.0,0.0,0.0,6066.0,2.0,
2026-05-12,VIH,0.0,0.0,0.0,0.0,6067.0,2.0,
2026-05-12,VII,0.0,0.0,0.0,0.0,6068.0,2.0,
2026-05-12,VIMC,0.0,0.0,0.0,0.0,6069.0,2.0,
2026-05-12,VINC,0.0,0.0,0.0,0.0,6070.0,2.0,
2026-05-12,VINO,0.0,0.0,0.0,0.0,6071.0,2.0,
2026-05-12,VINP,0.0,0.0,0.0,0.0021828197176602298,748.0,5.0,
2026-05-12,VIR,0.0,0.0,0.0,0.0021833078026273142,747.0,5.0,
2026-05-12,VIRC,0.0,0.0,0.0,0.002775047888742746,494.0,5.0,
2026-05-12,VIRI,0.0,0.0,0.0,0.0,6072.0,2.0,
2026-05-12,VIRX,0.0,0.0,0.0,0.0,6073.0,2.0,
2026-05-12,VISL,0.0,0.0,0.0,0.0,6074.0,2.0,
2026-05-12,VISN,-0.002860599542949321,-0.002890173410404624,2.9573867455303087e-05,-0.002363906679216505,7157.0,1.0,"COVER because predicted alpha is in the bottom decile. Main contributors were mom_21, hl_range_20, price_kurt_63. Liquidity filter passed."
2026-05-12,VITA,0.0,0.0,0.0,0.0,6075.0,2.0,
2026-05-12,VITC,0.0,0.0,0.0,0.0,6076.0,2.0,
2026-05-12,VITL,0.0,0.0,0.0,0.0005859646696477835,1599.0,3.0,
2026-05-12,VIVE,0.0,0.0,0.0,0.0,6077.0,2.0,
2026-05-12,VIVK,0.0,0.0,0.0,-0.00900298337171427,7497.0,1.0,
2026-05-12,VIVO,0.0,0.0,0.0,0.0020608054411255447,792.0,4.0,
2026-05-12,VIVS,0.0,0.0,0.0,0.004427474807186025,119.0,5.0,
2026-05-12,VKTX,0.0,0.0,0.0,0.0008229117895327953,1442.0,4.0,
2026-05-12,VKTX.W,0.0,0.0,0.0,0.0,6078.0,2.0,
2026-05-12,VLAT,0.0,0.0,0.0,0.0,6079.0,2.0,
2026-05-12,VLCC.F,0.0,0.0,0.0,0.0,6080.0,2.0,
2026-05-12,VLCN,0.0,0.0,0.0,0.0,6081.0,2.0,
2026-05-12,VLDR,0.0,0.0,0.0,0.0,6082.0,2.0,
2026-05-12,VLGEA,0.0,0.0,0.0,0.0011033236417709099,1280.0,4.0,
2026-05-12,VLNC,0.0,0.0,0.0,0.0,6083.0,2.0,
2026-05-12,VLNS,0.0,0.0,0.0,0.0,6084.0,2.0,
2026-05-12,VLON,0.0,0.0,0.0,0.0,6085.0,2.0,
2026-05-12,VLRX,0.0,0.0,0.0,0.0,6086.0,2.0,
2026-05-12,VLTC,0.0,0.0,0.0,0.0,6087.0,2.0,
2026-05-12,VLTR,0.0,0.0,0.0,0.0,6088.0,2.0,
2026-05-12,VLY,0.0,0.0,0.0,0.0020248020258710553,808.0,4.0,
2026-05-12,VLYW.W,0.0,0.0,0.0,0.0,6089.0,2.0,
2026-05-12,VMAC,0.0,0.0,0.0,0.0,6090.0,2.0,
2026-05-12,VMAR,0.0,0.0,0.0,-0.0055678154559244495,7396.0,1.0,
2026-05-12,VMCA,0.0,0.0,0.0,0.0,6091.0,2.0,
2026-05-12,VMD,0.0,0.0,0.0,-0.0009654114779601412,6821.0,2.0,
2026-05-12,VMED,0.0,0.0,0.0,0.0,6092.0,2.0,
2026-05-12,VMEO,0.0,0.0,0.0,0.0,6093.0,2.0,
2026-05-12,VMET,0.0,0.0,0.0,0.002840832029635784,472.0,5.0,
2026-05-12,VMGA,0.0,0.0,0.0,0.0,6094.0,2.0,
2026-05-12,VNCE,0.0023954832638795535,0.002890173410404624,-0.0004946901465250706,0.0020230081981786087,809.0,4.0,"SELL because predicted alpha is in the top decile. Main contributors were hl_range_20, mom_21, close_to_high_20. Liquidity filter failed."
2026-05-12,VNDA,0.0,0.0,0.0,-0.0020857548921970155,7109.0,1.0,
2026-05-12,VNME,0.0,0.0,0.0,0.0,6095.0,2.0,
2026-05-12,VNOM,0.0,0.0,0.0,0.0016390257320299136,987.0,4.0,
2026-05-12,VNR,0.0,0.0,0.0,0.0,6096.0,2.0,
2026-05-12,VOCS,0.0,0.0,0.0,0.0,6097.0,2.0,
2026-05-12,VOLC,0.0,0.0,0.0,0.0,6098.0,2.0,
2026-05-12,VOR,0.0,0.0,0.0,0.0011343648276374543,1255.0,4.0,
2026-05-12,VORB,0.0,0.0,0.0,0.0,6099.0,2.0,
2026-05-12,VOSO,0.0,0.0,0.0,0.0,6100.0,2.0,
2026-05-12,VOXR,0.0,0.0,0.0,0.0006976449376378088,1526.0,3.0,
2026-05-12,VOXX,0.0,0.0,0.0,0.0,6101.0,2.0,
2026-05-12,VPCB,0.0,0.0,0.0,0.0,6102.0,2.0,
2026-05-12,VPCO,0.0,0.0,0.0,0.0,6103.0,2.0,
2026-05-12,VPCO.U,0.0,0.0,0.0,0.0,6104.0,2.0,
2026-05-12,VPFG,0.0,0.0,0.0,0.0,6105.0,2.0,
2026-05-12,VPHM,0.0,0.0,0.0,0.0,6106.0,2.0,
2026-05-12,VPRT,0.0,0.0,0.0,0.0,6107.0,2.0,
2026-05-12,VQS,0.0,0.0,0.0,0.0,6108.0,2.0,
2026-05-12,VRA,0.0,0.0,0.0,0.004396682492138356,125.0,5.0,
2026-05-12,VRAR,0.0,0.0,0.0,0.0,6109.0,2.0,
2026-05-12,VRAX,0.0023954832638795535,0.002890173410404624,-0.0004946901465250706,0.0006389075836287983,1563.0,3.0,"SELL because predicted alpha is in the top decile. Main contributors were hl_range_20, mom_5, volume_z_60. Liquidity filter failed."
2026-05-12,VRAY,0.0,0.0,0.0,0.0,6110.0,2.0,
2026-05-12,VRCA,0.0,0.0,0.0,0.003067584905322261,396.0,5.0,
2026-05-12,VRDN,0.0,0.0,0.0,-0.0004089630573192396,6569.0,2.0,
2026-05-12,VREX,-0.002860599542949321,-0.002890173410404624,2.9573867455303087e-05,-0.0031079162176458498,7235.0,1.0,"COVER because predicted alpha is in the bottom decile. Main contributors were volume_z_60, mom_5, hl_range_20. Liquidity filter passed."
2026-05-12,VRGY,0.0,0.0,0.0,0.0,6111.0,2.0,
2026-05-12,VRM,0.0,0.0,0.0,0.00038444158118428143,1720.0,3.0,
2026-05-12,VRME,0.0,0.0,0.0,0.001762555822497258,928.0,4.0,
2026-05-12,VRML,0.0,0.0,0.0,0.0,6112.0,2.0,
2026-05-12,VRNG,0.0,0.0,0.0,0.0,6113.0,2.0,
2026-05-12,VRNG.W,0.0,0.0,0.0,0.0,6114.0,2.0,
2026-05-12,VRNS,0.0,0.0,0.0,0.0027351368965541777,512.0,5.0,
2026-05-12,VRNT,0.0,0.0,0.0,0.0,6115.0,2.0,
2026-05-12,VRNTV,0.0,0.0,0.0,0.0,6116.0,2.0,
2026-05-12,VRPX,0.0,0.0,0.0,0.0,6117.0,2.0,
2026-05-12,VRRM,0.0,0.0,0.0,0.0004512003401117516,1680.0,3.0,
2026-05-12,VRSK,0.0,0.0,0.0,0.00024819064813713025,1789.0,3.0,
2026-05-12,VRSN,0.0,0.0,0.0,0.0005485718114521537,1619.0,3.0,
2026-05-12,VRTA,0.0,0.0,0.0,0.0,6118.0,2.0,
2026-05-12,VRTB,0.0,0.0,0.0,0.0,6119.0,2.0,
2026-05-12,VRTU,0.0,0.0,0.0,0.0,6120.0,2.0,
2026-05-12,VRTX,0.0,0.0,0.0,-0.0004482295616730025,6593.0,2.0,
2026-05-12,VS,0.0,0.0,0.0,-0.0011180460693611248,6873.0,1.0,
2026-05-12,VSAC,0.0,0.0,0.0,0.0,6121.0,2.0,
2026-05-12,VSAI,0.0,0.0,0.0,0.0,6122.0,2.0,
2026-05-12,VSAR,0.0,0.0,0.0,0.0,6123.0,2.0,
2026-05-12,VSAT,0.002860599542949321,0.002890173410404624,-2.9573867455303087e-05,0.0039051550862671935,197.0,5.0,"SELL because predicted alpha is in the top decile. Main contributors were mom_252, parkinson_vol_20, mom_5. Liquidity filter passed."
2026-05-12,VSCI,0.0,0.0,0.0,0.0,6124.0,2.0,
2026-05-12,VSCP,0.0,0.0,0.0,0.0,6125.0,2.0,
2026-05-12,VSEA,0.0,0.0,0.0,0.0,6126.0,2.0,
2026-05-12,VSEC,0.0023954832638795535,0.002890173410404624,-0.0004946901465250706,0.002807438629058697,480.0,5.0,"SELL because predicted alpha is in the top decile. Main contributors were parkinson_vol_20, intraday_return, close_to_high_20. Liquidity filter passed."
2026-05-12,VSEE,0.0,0.0,0.0,0.0016769434663606694,962.0,4.0,
2026-05-12,VSME,0.0,0.0,0.0,-0.000134550797782513,6408.0,2.0,
2026-05-12,VSNT,0.0,0.0,0.0,0.0003694397221083493,1723.0,3.0,
2026-05-12,VSNTV,0.0,0.0,0.0,0.0,6127.0,2.0,
2026-05-12,VSPR,0.0,0.0,0.0,0.0,6128.0,2.0,
2026-05-12,VSTA,0.0,0.0,0.0,0.0,6129.0,2.0,
2026-05-12,VSTD,0.0,0.0,0.0,0.0034716137172020978,288.0,5.0,
2026-05-12,VSTE,0.0,0.0,0.0,0.0,6130.0,2.0,
2026-05-12,VSTM,0.0,0.0,0.0,0.0011918820818317267,1224.0,4.0,
2026-05-12,VTAE,0.0,0.0,0.0,0.0,6131.0,2.0,
2026-05-12,VTAQ,0.0,0.0,0.0,0.0,6132.0,2.0,
2026-05-12,VTGN,-0.00046511627906976747,0.0,-0.00046511627906976747,-0.004910974027897849,7368.0,1.0,"SHORT because predicted alpha is in the bottom decile. Main contributors were volume_z_60, roa, mom_252. Liquidity filter passed."
2026-05-12,VTIQ,0.0,0.0,0.0,0.0,6133.0,2.0,
2026-05-12,VTIX,0.0,0.0,0.0,0.0025824882434358895,584.0,5.0,
2026-05-12,VTL,0.0,0.0,0.0,0.0,6134.0,2.0,
2026-05-12,VTNR,0.0,0.0,0.0,0.0,6135.0,2.0,
2026-05-12,VTROD,0.0,0.0,0.0,0.0,6136.0,2.0,
2026-05-12,VTRS,0.0,0.0,0.0,0.001398782548762126,1120.0,4.0,
2026-05-12,VTRU,0.0,0.0,0.0,0.0,6137.0,2.0,
2026-05-12,VTSI,-0.00046511627906976747,0.0,-0.00046511627906976747,-0.004163120740164499,7316.0,1.0,"SHORT because predicted alpha is in the bottom decile. Main contributors were volume_z_60, mom_5, mom_21. Liquidity filter passed."
2026-05-12,VTSS,0.0,0.0,0.0,0.0,6138.0,2.0,
2026-05-12,VTUS,0.0,0.0,0.0,0.0,6139.0,2.0,
2026-05-12,VTVT,0.0,0.0,0.0,-0.0013652041592729142,6956.0,1.0,
2026-05-12,VTYX,0.0,0.0,0.0,0.0,6140.0,2.0,
2026-05-12,VUZI,0.0,0.0,0.0,0.0010502652656673816,1317.0,4.0,
2026-05-12,VVOS,0.0,0.0,0.0,-0.0001059175116242253,6391.0,2.0,
2026-05-12,VVPR,0.0,0.0,0.0,0.0,6141.0,2.0,
2026-05-12,VVTV,0.0,0.0,0.0,0.0,6142.0,2.0,
2026-05-12,VVUS,0.0,0.0,0.0,0.0,6143.0,2.0,
2026-05-12,VWAV,0.0,0.0,0.0,0.0017965025426360357,911.0,4.0,
2026-05-12,VWE,0.0,0.0,0.0,0.0,6144.0,2.0,
2026-05-12,VWR,0.0,0.0,0.0,0.0,6145.0,2.0,
2026-05-12,VWTR,0.0,0.0,0.0,0.0,6146.0,2.0,
2026-05-12,VXDN,0.0,0.0,0.0,0.0,6147.0,2.0,
2026-05-12,VXRT,0.0,0.0,0.0,0.0,6148.0,2.0,
2026-05-12,VXUP,0.0,0.0,0.0,0.0,6149.0,2.0,
2026-05-12,VYFC,0.0,0.0,0.0,0.0,6150.0,2.0,
2026-05-12,VYGR,0.0,0.0,0.0,0.0010034072264754998,1351.0,4.0,
2026-05-12,VYNE,0.0,0.0,0.0,-0.000675545837453476,6701.0,2.0,
2026-05-12,VYNT,0.0,0.0,0.0,0.0,6151.0,2.0,
2026-05-12,WABC,0.0,0.0,0.0,0.0007406028778979705,1500.0,4.0,
2026-05-12,WAFD,0.0,0.0,0.0,-0.0001048474078647489,6390.0,2.0,
2026-05-12,WAFD.W,0.0,0.0,0.0,0.0,6152.0,2.0,
2026-05-12,WAFDP,0.0,0.0,0.0,-0.0003274012391040402,6528.0,2.0,
2026-05-12,WAFU,0.0,0.0,0.0,0.00011165636805352116,1885.0,3.0,
2026-05-12,WAI,0.0,0.0,0.0,0.0015545070149635106,1034.0,4.0,
2026-05-12,WALD,0.0,0.0,0.0,0.0018262355817606013,894.0,4.0,
2026-05-12,WASH,0.0,0.0,0.0,-0.0006471444686772567,6690.0,2.0,
2026-05-12,WATG,0.0,0.0,0.0,0.0,6153.0,2.0,
2026-05-12,WATT,0.0023954832638795535,0.002890173410404624,-0.0004946901465250706,0.00269583858814688,530.0,5.0,"SELL because predicted alpha is in the top decile. Main contributors were hl_range_20, mom_21, close_to_high_20. Liquidity filter passed."
2026-05-12,WAVD,0.0,0.0,0.0,0.0,6154.0,2.0,
2026-05-12,WAVS,0.0,0.0,0.0,0.0,6155.0,2.0,
2026-05-12,WAVX,0.0,0.0,0.0,0.0,6156.0,2.0,
2026-05-12,WAY,0.002860599542949321,0.002890173410404624,-2.9573867455303087e-05,0.003347440474334896,312.0,5.0,"SELL because predicted alpha is in the top decile. Main contributors were parkinson_vol_20, close_to_high_20, mom_10. Liquidity filter passed."
2026-05-12,WAYN,0.0,0.0,0.0,0.0,6157.0,2.0,
2026-05-12,WBA,0.0,0.0,0.0,0.0,6158.0,2.0,
2026-05-12,WBB,0.0,0.0,0.0,0.0,6159.0,2.0,
2026-05-12,WBD,0.0,0.0,0.0,0.001715856070297401,946.0,4.0,
2026-05-12,WBKC,0.0,0.0,0.0,0.0,6160.0,2.0,
2026-05-12,WBMD,0.0,0.0,0.0,0.0,6161.0,2.0,
2026-05-12,WBSN,0.0,0.0,0.0,0.0,6162.0,2.0,
2026-05-12,WBTN,0.0,0.0,0.0,-0.0008010839474665826,6750.0,2.0,
2026-05-12,WBUY,0.0,0.0,0.0,-0.00029906853772547644,6511.0,2.0,
2026-05-12,WCFB,0.0,0.0,0.0,0.0,6163.0,2.0,
2026-05-12,WCGC,0.0,0.0,0.0,0.0,6164.0,2.0,
2026-05-12,WCRX,0.0,0.0,0.0,0.0,6165.0,2.0,
2026-05-12,WCST,0.0,0.0,0.0,0.0,6166.0,2.0,
2026-05-12,WCT,0.0,0.0,0.0,0.003214574324247514,350.0,5.0,
2026-05-12,WDAY,0.0,0.0,0.0,0.0027950980177618863,485.0,5.0,
2026-05-12,WDC,0.002860599542949321,0.002890173410404624,-2.9573867455303087e-05,0.006386913755378841,18.0,5.0,"SELL because predicted alpha is in the top decile. Main contributors were mom_252, parkinson_vol_20, mom_21. Liquidity filter passed."
2026-05-12,WDCVV,0.0,0.0,0.0,0.0,6167.0,2.0,
2026-05-12,WDFC,0.0,0.0,0.0,0.0011676214861731072,1235.0,4.0,
2026-05-12,WEB,0.0,0.0,0.0,0.0,6168.0,2.0,
2026-05-12,WEBK,0.0,0.0,0.0,0.0,6169.0,2.0,
2026-05-12,WEJO,0.0,0.0,0.0,0.0,6170.0,2.0,
2026-05-12,WEN,-0.00046511627906976747,0.0,-0.00046511627906976747,-0.0077196382074507025,7473.0,1.0,"SHORT because predicted alpha is in the bottom decile. Main contributors were volume_z_60, mom_1, debt_to_equity. Liquidity filter passed."
2026-05-12,WENA,0.0,0.0,0.0,0.0,6171.0,2.0,
2026-05-12,WENN,0.0,0.0,0.0,-0.001136616695542405,6879.0,1.0,
2026-05-12,WERN,0.0,0.0,0.0,0.0016332612445581218,989.0,4.0,
2026-05-12,WEST,0.0,0.0,0.0,0.0027422284726909252,506.0,5.0,
2026-05-12,WETG,0.0,0.0,0.0,0.0,6172.0,2.0,
2026-05-12,WETH,0.0,0.0,0.0,0.004511003694452039,111.0,5.0,
2026-05-12,WETO,0.0,0.0,0.0,-0.0007064689569973503,6710.0,2.0,
2026-05-12,WEYS,0.0,0.0,0.0,0.0026946110308527374,531.0,5.0,
2026-05-12,WFBI,0.0,0.0,0.0,0.0,6173.0,2.0,
2026-05-12,WFCF,-0.0023954832638795535,-0.002890173410404624,0.0004946901465250706,-0.006303363958450182,7424.0,1.0,"COVER because predicted alpha is in the bottom decile. Main contributors were parkinson_vol_20, volatility_10, volume_mom_20_60. Liquidity filter failed."
2026-05-12,WFD,0.0,0.0,0.0,0.0,6174.0,2.0,
2026-05-12,WFF,0.0,0.0,0.0,0.0031921207156523986,357.0,5.0,
2026-05-12,WFM,0.0,0.0,0.0,0.0,6175.0,2.0,
2026-05-12,WFMI,0.0,0.0,0.0,0.0,6176.0,2.0,
2026-05-12,WFRD,0.0,0.0,0.0,-0.001489715729920909,6992.0,1.0,
2026-05-12,WGBS,0.0,0.0,0.0,0.0,6177.0,2.0,
2026-05-12,WGRX,0.0,0.0,0.0,-0.0015859533981603686,7018.0,1.0,
2026-05-12,WGS,-0.0023954832638795535,-0.002890173410404624,0.0004946901465250706,-0.0003222196729807325,6525.0,2.0,"COVER because predicted alpha is in the bottom decile. Main contributors were volatility_10, volatility_63, mom_21. Liquidity filter passed."
2026-05-12,WHF,0.0,0.0,0.0,0.00027686387424279054,1769.0,3.0,
2026-05-12,WHFB.L,0.0,0.0,0.0,0.0,6178.0,2.0,
2026-05-12,WHFBL,0.0,0.0,0.0,0.0,6179.0,2.0,
2026-05-12,WHFBZ,0.0,0.0,0.0,0.0,6180.0,2.0,
2026-05-12,WHFCL,0.0,0.0,0.0,-0.0020414219499084465,7103.0,1.0,
2026-05-12,WHLM,0.0,0.0,0.0,0.0,6181.0,2.0,
2026-05-12,WHLR,0.0,0.0,0.0,-0.00834811501236676,7489.0,1.0,
2026-05-12,WHLR.W,0.0,0.0,0.0,0.0,6182.0,2.0,
2026-05-12,WHLRL,0.0,0.0,0.0,0.0,6183.0,2.0,
2026-05-12,WHWK,0.0,0.0,0.0,0.0017926441952071318,912.0,4.0,
2026-05-12,WIBC,0.0,0.0,0.0,0.0,6184.0,2.0,
2026-05-12,WIFI,0.0,0.0,0.0,0.0,6185.0,2.0,
2026-05-12,WILC,0.0,0.0,0.0,0.001145689821316484,1245.0,4.0,
2026-05-12,WILN,0.0,0.0,0.0,0.0,6186.0,2.0,
2026-05-12,WIMI,0.0,0.0,0.0,0.00023335470801278194,1798.0,3.0,
2026-05-12,WIN,0.0,0.0,0.0,0.0,6187.0,2.0,
2026-05-12,WINA,0.002860599542949321,0.002890173410404624,-2.9573867455303087e-05,0.0037808837491166165,221.0,5.0,"SELL because predicted alpha is in the top decile. Main contributors were parkinson_vol_20, roa, volatility_63. Liquidity filter passed."
2026-05-12,WING,0.002860599542949321,0.002890173410404624,-2.9573867455303087e-05,0.004441523654674404,116.0,5.0,"SELL because predicted alpha is in the top decile. Main contributors were close_to_high_20, mom_10, parkinson_vol_20. Liquidity filter passed."
2026-05-12,WINR,0.0,0.0,0.0,0.0,6188.0,2.0,
2026-05-12,WINS,0.0,0.0,0.0,0.0,6189.0,2.0,
2026-05-12,WINT,0.0,0.0,0.0,0.0,6190.0,2.0,
2026-05-12,WINV,0.0,0.0,0.0,0.0,6191.0,2.0,
2026-05-12,WINV.V,0.0,0.0,0.0,0.0,6192.0,2.0,
2026-05-12,WIRE,0.0,0.0,0.0,0.0,6193.0,2.0,
2026-05-12,WISA,0.0,0.0,0.0,0.0,6194.0,2.0,
2026-05-12,WISH,0.0,0.0,0.0,0.0,6195.0,2.0,
2026-05-12,WIX,0.00046511627906976747,0.0,0.00046511627906976747,0.0042728057154865565,140.0,5.0,"BUY because predicted alpha is in the top decile. Main contributors were parkinson_vol_20, intraday_return, volume_z_60. Liquidity filter passed."
2026-05-12,WKHS,0.0,0.0,0.0,0.0007489159582622889,1497.0,4.0,
2026-05-12,WKME,0.0,0.0,0.0,0.0,6196.0,2.0,
2026-05-12,WKSP,0.0,0.0,0.0,0.0012488818586308386,1195.0,4.0,
2026-05-12,WLAC,0.0,0.0,0.0,0.0,6197.0,2.0,
2026-05-12,WLB,0.0,0.0,0.0,0.0,6198.0,2.0,
2026-05-12,WLBP.Z,0.0,0.0,0.0,0.0,6199.0,2.0,
2026-05-12,WLDN,-0.0023954832638795535,-0.002890173410404624,0.0004946901465250706,-0.00036069996854531494,6551.0,2.0,"COVER because predicted alpha is in the bottom decile. Main contributors were volume_z_60, close_to_high_20, mom_10. Liquidity filter passed."
2026-05-12,WLDS,0.0,0.0,0.0,-0.010735942551254095,7518.0,1.0,
2026-05-12,WLFC,0.0,0.0,0.0,-0.0007900888211187525,6744.0,2.0,
2026-05-12,WLGS,0.0,0.0,0.0,0.0,6200.0,2.0,
2026-05-12,WLII,0.0,0.0,0.0,0.0,6201.0,2.0,
2026-05-12,WLRH,0.0,0.0,0.0,0.0,6202.0,2.0,
2026-05-12,WLRH.U,0.0,0.0,0.0,0.0,6203.0,2.0,
2026-05-12,WLRH.W,0.0,0.0,0.0,0.0,6204.0,2.0,
2026-05-12,WLTH,0.0,0.0,0.0,0.0015184535437955831,1052.0,4.0,
2026-05-12,WMAR,0.0,0.0,0.0,0.0,6205.0,2.0,
2026-05-12,WMG,0.0,0.0,0.0,-0.0002599876242668675,6486.0,2.0,
2026-05-12,WMGI,0.0,0.0,0.0,0.0,6206.0,2.0,
2026-05-12,WMGI.Z,0.0,0.0,0.0,0.0,6207.0,2.0,
2026-05-12,WMIH,0.0,0.0,0.0,0.0,6208.0,2.0,
2026-05-12,WMPN,0.0,0.0,0.0,0.0,6209.0,2.0,
2026-05-12,WMT,0.0,0.0,0.0,0.0011532411746044452,1241.0,4.0,
2026-05-12,WNEB,0.0,0.0,0.0,0.0012306882725314613,1203.0,4.0,
2026-05-12,WNW,0.0,0.0,0.0,-0.017246866940756535,7543.0,1.0,
2026-05-12,WOK,-0.002860599542949321,-0.002890173410404624,2.9573867455303087e-05,-0.037216657409298366,7580.0,1.0,"COVER because predicted alpha is in the bottom decile. Main contributors were parkinson_vol_20, volatility_10, volume_z_60. Liquidity filter passed."
2026-05-12,WOOF,0.0023954832638795535,0.002890173410404624,-0.0004946901465250706,0.002303059053673594,684.0,5.0,"SELL because predicted alpha is in the top decile. Main contributors were parkinson_vol_20, sales_to_price, volume_z_60. Liquidity filter passed."
2026-05-12,WORX,0.0,0.0,0.0,0.0,6210.0,2.0,
2026-05-12,WOWO,0.0,0.0,0.0,0.0,6211.0,2.0,
2026-05-12,WPCS,0.0,0.0,0.0,0.0,6212.0,2.0,
2026-05-12,WPRT,0.0,0.0,0.0,0.0003190714042217587,1754.0,3.0,
2026-05-12,WRAP,0.0,0.0,0.0,0.0017058711964645307,949.0,4.0,
2026-05-12,WRES,0.0,0.0,0.0,0.0,6213.0,2.0,
2026-05-12,WRLD,0.0,0.0,0.0,0.00033935664131577454,1739.0,3.0,
2026-05-12,WRLS,0.0,0.0,0.0,0.0,6214.0,2.0,
2026-05-12,WSBC,0.0,0.0,0.0,-0.001184836393036269,6894.0,1.0,
2026-05-12,WSBCO,0.0,0.0,0.0,0.0,6215.0,2.0,
2026-05-12,WSBF,0.0,0.0,0.0,-0.0006709447436953412,6698.0,2.0,
2026-05-12,WSBK,0.0,0.0,0.0,-0.0008483336076581011,6767.0,2.0,
2026-05-12,WSC,0.0,0.0,0.0,0.0011091576183072497,1276.0,4.0,
2026-05-12,WSCI,0.0,0.0,0.0,0.0,6216.0,2.0,
2026-05-12,WSFS,0.0,0.0,0.0,-0.00042628621605873856,6581.0,2.0,
2026-05-12,WSFS.L,0.0,0.0,0.0,0.0,6217.0,2.0,
2026-05-12,WSFSL,0.0,0.0,0.0,0.0,6218.0,2.0,
2026-05-12,WSHP,0.0,0.0,0.0,-0.010019027116434948,7511.0,1.0,
2026-05-12,WSTC,0.0,0.0,0.0,0.0,6219.0,2.0,
2026-05-12,WSTL,0.0,0.0,0.0,0.0,6220.0,2.0,
2026-05-12,WSTN,0.0,0.0,0.0,0.0,6221.0,2.0,
2026-05-12,WTBA,0.0,0.0,0.0,-0.001756257658658394,7051.0,1.0,
2026-05-12,WTER,0.0,0.0,0.0,0.0,6222.0,2.0,
2026-05-12,WTF,-0.002860599542949321,-0.002890173410404624,2.9573867455303087e-05,-0.007694188109880332,7472.0,1.0,"COVER because predicted alpha is in the bottom decile. Main contributors were volume_z_60, parkinson_vol_20, intraday_return. Liquidity filter passed."
2026-05-12,WTFC,0.0,0.0,0.0,-0.0007902518567002557,6745.0,2.0,
2026-05-12,WTFC.W,0.0,0.0,0.0,0.0,6223.0,2.0,
2026-05-12,WTG,0.0,0.0,0.0,0.0,6224.0,2.0,
2026-05-12,WTMA,0.0,0.0,0.0,0.0,6225.0,2.0,
2026-05-12,WTNY,0.0,0.0,0.0,0.0,6226.0,2.0,
2026-05-12,WTO,0.0,0.0,0.0,-0.005679942173091949,7400.0,1.0,
2026-05-12,WTRH,0.0,0.0,0.0,0.0,6227.0,2.0,
2026-05-12,WTSL,0.0,0.0,0.0,0.0,6228.0,2.0,
2026-05-12,WTSLA,0.0,0.0,0.0,0.0,6229.0,2.0,
2026-05-12,WTW,0.0,0.0,0.0,-0.0011604749661885067,6886.0,1.0,
2026-05-12,WULF,0.002860599542949321,0.002890173410404624,-2.9573867455303087e-05,0.004263442621337764,143.0,5.0,"SELL because predicted alpha is in the top decile. Main contributors were mom_252, log_dollar_vol_20, parkinson_vol_20. Liquidity filter passed."
2026-05-12,WVE,-0.0023954832638795535,-0.002890173410404624,0.0004946901465250706,-0.0016691823139717372,7031.0,1.0,"COVER because predicted alpha is in the bottom decile. Main contributors were volatility_63, price_kurt_63, hl_range_20. Liquidity filter passed."
2026-05-12,WVFC,0.0,0.0,0.0,0.0,6230.0,2.0,
2026-05-12,WVVI,0.0,0.0,0.0,0.0031016291768935023,383.0,5.0,
2026-05-12,WW,0.0,0.0,0.0,0.0020356731932527038,802.0,4.0,
2026-05-12,WWAC,0.0,0.0,0.0,0.0,6231.0,2.0,
2026-05-12,WWD,0.0,0.0,0.0,0.0018555456404168685,879.0,4.0,
2026-05-12,WWWW,0.0,0.0,0.0,0.0,6232.0,2.0,
2026-05-12,WXM,0.0,0.0,0.0,0.003957297218695933,187.0,5.0,
2026-05-12,WYFI,-0.0023954832638795535,-0.002890173410404624,0.0004946901465250706,0.0025843800622106766,582.0,5.0,"COVER because predicted alpha is in the bottom decile. Main contributors were volume_z_60, mom_10, volatility_10. Liquidity filter passed."
2026-05-12,WYIG,0.0,0.0,0.0,0.0,6233.0,2.0,
2026-05-12,WYIG.W,0.0,0.0,0.0,0.0,6234.0,2.0,
2026-05-12,WYNN,0.0,0.0,0.0,0.0017468798131881921,930.0,4.0,
2026-05-12,WYTC,0.0,0.0,0.0,0.0,6235.0,2.0,
2026-05-12,XAGE,0.0,0.0,0.0,0.0,6236.0,2.0,
2026-05-12,XAIR,0.0,0.0,0.0,-0.004352350581659435,7331.0,1.0,
2026-05-12,XBIO,0.0,0.0,0.0,0.0028306426474758195,474.0,5.0,
2026-05-12,XBIT,0.0,0.0,0.0,-0.003525916828369782,7272.0,1.0,
2026-05-12,XBKS,0.0,0.0,0.0,0.0,6237.0,2.0,
2026-05-12,XBP,0.0,0.0,0.0,0.0006992578633692036,1523.0,3.0,
2026-05-12,XCBE,0.0,0.0,0.0,-0.0017119344660608757,7040.0,1.0,
2026-05-12,XCRA,0.0,0.0,0.0,0.0,6238.0,2.0,
2026-05-12,XCUR,0.0,0.0,0.0,-0.00023232838809201533,6466.0,2.0,
2026-05-12,XE,0.00046511627906976747,0.0,0.00046511627906976747,0.0040485346019180305,170.0,5.0,"BUY because predicted alpha is in the top decile. Main contributors were hl_range_20, mom_5, log_dollar_vol_20. Liquidity filter passed."
2026-05-12,XEL,-0.00046511627906976747,0.0,-0.00046511627906976747,-0.0032365381684894396,7250.0,1.0,"SHORT because predicted alpha is in the bottom decile. Main contributors were volume_z_60, hl_range_20, close_to_high_20. Liquidity filter passed."
2026-05-12,XELA,0.0,0.0,0.0,0.0,6239.0,2.0,
2026-05-12,XELB,0.0,0.0,0.0,0.002794753125049381,486.0,5.0,
2026-05-12,XELLL,0.0,0.0,0.0,-0.0001992670694728211,6450.0,2.0,
2026-05-12,XENE,0.0,0.0,0.0,-0.0012478208356834306,6919.0,1.0,
2026-05-12,XENT,0.0,0.0,0.0,0.0,6240.0,2.0,
2026-05-12,XERS,0.0,0.0,0.0,4.0956576153050445e-05,1920.0,3.0,
2026-05-12,XFIN,0.0,0.0,0.0,0.0,6241.0,2.0,
2026-05-12,XFOR,0.0,0.0,0.0,0.0019377230705967768,845.0,4.0,
2026-05-12,XGN,-0.0023954832638795535,-0.002890173410404624,0.0004946901465250706,0.0020157870377981095,814.0,4.0,"COVER because predicted alpha is in the bottom decile. Main contributors were volatility_10, mom_10, volume_z_60. Liquidity filter passed."
2026-05-12,XGTI,0.0,0.0,0.0,0.0,6242.0,2.0,
2026-05-12,XGTI.W,0.0,0.0,0.0,0.0,6243.0,2.0,
2026-05-12,XHLD,0.0,0.0,0.0,-2.9432409209405753e-05,6357.0,2.0,
2026-05-12,XING,0.0,0.0,0.0,0.0,6244.0,2.0,
2026-05-12,XLNX,0.0,0.0,0.0,0.0,6245.0,2.0,
2026-05-12,XLO,0.0,0.0,0.0,0.0010634918433208957,1308.0,4.0,
2026-05-12,XLRN,0.0,0.0,0.0,0.0,6246.0,2.0,
2026-05-12,XM,0.0,0.0,0.0,0.0,6247.0,2.0,
2026-05-12,XMTR,0.002860599542949321,0.002890173410404624,-2.9573867455303087e-05,0.005930256014629993,29.0,5.0,"SELL because predicted alpha is in the top decile. Main contributors were mom_5, mom_21, close_to_low_20. Liquidity filter passed."
2026-05-12,XNCR,0.0,0.0,0.0,0.001923130846832449,849.0,4.0,
2026-05-12,XNDU,-0.002860599542949321,-0.002890173410404624,2.9573867455303087e-05,-0.008311281862827764,7487.0,1.0,"COVER because predicted alpha is in the bottom decile. Main contributors were parkinson_vol_20, volatility_63, volatility_10. Liquidity filter passed."
2026-05-12,XNPT,0.0,0.0,0.0,0.0,6248.0,2.0,
2026-05-12,XOG,0.0,0.0,0.0,0.0,6249.0,2.0,
2026-05-12,XOMA,0.0,0.0,0.0,0.00015318626746439057,1857.0,3.0,
2026-05-12,XOMAD,0.0,0.0,0.0,0.0,6250.0,2.0,
2026-05-12,XOMAO,0.0,0.0,0.0,-0.001600510428008284,7020.0,1.0,
2026-05-12,XON,0.0,0.0,0.0,0.0,6251.0,2.0,
2026-05-12,XOOM,0.0,0.0,0.0,0.0,6252.0,2.0,
2026-05-12,XOS,-0.00046511627906976747,0.0,-0.00046511627906976747,-0.0039428732880720675,7303.0,1.0,"SHORT because predicted alpha is in the bottom decile. Main contributors were volume_z_60, volume_mom_20_60, roa. Liquidity filter passed."
2026-05-12,XP,0.0,0.0,0.0,0.0009083966316819196,1398.0,4.0,
2026-05-12,XPAX,0.0,0.0,0.0,0.0,6253.0,2.0,
2026-05-12,XPDB,0.0,0.0,0.0,0.0,6254.0,2.0,
2026-05-12,XPDI,0.0,0.0,0.0,0.0,6255.0,2.0,
2026-05-12,XPEL,0.0,0.0,0.0,0.001922684061729587,850.0,4.0,
2026-05-12,XPLR,0.0,0.0,0.0,0.0,6256.0,2.0,
2026-05-12,XPON,0.0,0.0,0.0,0.00430476284690249,137.0,5.0,
2026-05-12,XRAY,0.0,0.0,0.0,0.001129782589953529,1259.0,4.0,
2026-05-12,XRDC,0.0,0.0,0.0,0.0,6257.0,2.0,
2026-05-12,XRPN,0.0,0.0,0.0,-0.00035740887943108094,6545.0,2.0,
2026-05-12,XRSC,0.0,0.0,0.0,0.0,6258.0,2.0,
2026-05-12,XRTX,0.0,0.0,0.0,-0.0008824599311037006,6781.0,2.0,
2026-05-12,XRX,0.0,0.0,0.0,-0.0004236142372448603,6580.0,2.0,
2026-05-12,XSLL,0.0,0.0,0.0,0.0,6259.0,2.0,
2026-05-12,XSPA,0.0,0.0,0.0,0.0,6260.0,2.0,
2026-05-12,XSPL,0.0,0.0,0.0,0.0,6261.0,2.0,
2026-05-12,XTEX,0.0,0.0,0.0,0.0,6262.0,2.0,
2026-05-12,XTIA,0.0,0.0,0.0,0.0022797798046653287,700.0,5.0,
2026-05-12,XTKG,0.0,0.0,0.0,0.0,6263.0,2.0,
2026-05-12,XTXI,0.0,0.0,0.0,0.0,6264.0,2.0,
2026-05-12,XWEL,0.0,0.0,0.0,-0.007178499296353884,7461.0,1.0,
2026-05-12,XWES,0.0,0.0,0.0,0.0,6265.0,2.0,
2026-05-12,XWIN,-0.0023954832638795535,-0.002890173410404624,0.0004946901465250706,-0.001407954881919437,6964.0,1.0,"COVER because predicted alpha is in the bottom decile. Main contributors were hl_range_20, volume_z_60, close_to_high_20. Liquidity filter passed."
2026-05-12,XXIA,0.0,0.0,0.0,0.0,6266.0,2.0,
2026-05-12,XXII,0.0,0.0,0.0,-0.004571977726692762,7349.0,1.0,
2026-05-12,XYN,0.0,0.0,0.0,0.0,6267.0,2.0,
2026-05-12,YAAS,0.0,0.0,0.0,-0.011086088092777136,7519.0,1.0,
2026-05-12,YAYO,0.0,0.0,0.0,0.0,6268.0,2.0,
2026-05-12,YCB,0.0,0.0,0.0,0.0,6269.0,2.0,
2026-05-12,YDDL,0.0,0.0,0.0,-0.003629839786359052,7280.0,1.0,
2026-05-12,YDES,0.0,0.0,0.0,0.0023002727713654783,687.0,5.0,
2026-05-12,YDKG,0.0,0.0,0.0,0.002543742788710685,597.0,5.0,
2026-05-12,YDLE,0.0,0.0,0.0,0.0,6270.0,2.0,
2026-05-12,YECO,0.0,0.0,0.0,0.0,6271.0,2.0,
2026-05-12,YELL,0.0,0.0,0.0,0.0,6272.0,2.0,
2026-05-12,YERR,0.0,0.0,0.0,0.0,6273.0,2.0,
2026-05-12,YGF,0.0,0.0,0.0,0.0,6274.0,2.0,
2026-05-12,YGMZ,0.0,0.0,0.0,0.0,6275.0,2.0,
2026-05-12,YGTY,0.0,0.0,0.0,0.0,6276.0,2.0,
2026-05-12,YGYI,0.0,0.0,0.0,0.0,6277.0,2.0,
2026-05-12,YHC,0.0,0.0,0.0,-0.001011253252076134,6842.0,1.0,
2026-05-12,YHGJ,0.0,0.0,0.0,0.002818245453043965,477.0,5.0,
2026-05-12,YHNA,0.0,0.0,0.0,0.0,6278.0,2.0,
2026-05-12,YHOO,0.0,0.0,0.0,0.0,6279.0,2.0,
2026-05-12,YIBO,0.0,0.0,0.0,0.003146137353009926,366.0,5.0,
2026-05-12,YMAB,0.0,0.0,0.0,0.0,6280.0,2.0,
2026-05-12,YMAT,-0.002860599542949321,-0.002890173410404624,2.9573867455303087e-05,-0.01415564535841517,7530.0,1.0,"COVER because predicted alpha is in the bottom decile. Main contributors were parkinson_vol_20, volatility_10, volatility_63. Liquidity filter passed."
2026-05-12,YMTX,0.0,0.0,0.0,0.0,6281.0,2.0,
2026-05-12,YNDX,0.0,0.0,0.0,0.0,6282.0,2.0,
2026-05-12,YOD,0.0,0.0,0.0,0.0,6283.0,2.0,
2026-05-12,YOGA,0.0,0.0,0.0,0.0,6284.0,2.0,
2026-05-12,YONG,0.0,0.0,0.0,0.0,6285.0,2.0,
2026-05-12,YOOV,0.0,0.0,0.0,0.0047674132661212785,92.0,5.0,
2026-05-12,YORK,0.0,0.0,0.0,0.0,6286.0,2.0,
2026-05-12,YORW,0.0,0.0,0.0,-0.0005957199373996886,6665.0,2.0,
2026-05-12,YOSH,0.0,0.0,0.0,0.0,6287.0,2.0,
2026-05-12,YOTA,0.0,0.0,0.0,0.0,6288.0,2.0,
2026-05-12,YPRO,0.0,0.0,0.0,0.0,6289.0,2.0,
2026-05-12,YRCW,0.0,0.0,0.0,0.0,6290.0,2.0,
2026-05-12,YRIV,0.0,0.0,0.0,0.0,6291.0,2.0,
2026-05-12,YS,0.0,0.0,0.0,0.0,6292.0,2.0,
2026-05-12,YSWY,0.0,0.0,0.0,0.0011389802020687232,1251.0,4.0,
2026-05-12,YSXT,0.0,0.0,0.0,0.0014168971668698932,1103.0,4.0,
2026-05-12,YTEN,0.0,0.0,0.0,0.0,6293.0,2.0,
2026-05-12,YTRA,0.0,0.0,0.0,0.003193285189496979,356.0,5.0,
2026-05-12,YVR,0.0,0.0,0.0,0.0,6294.0,2.0,
2026-05-12,YYAI,0.0,0.0,0.0,0.0036027262846790877,257.0,5.0,
2026-05-12,YYGH,0.0,0.0,0.0,-0.001973418195179314,7091.0,1.0,
2026-05-12,Z,0.0,0.0,0.0,0.0015851810922088998,1016.0,4.0,
2026-05-12,ZAGG,0.0,0.0,0.0,0.0,6295.0,2.0,
2026-05-12,ZAIS,0.0,0.0,0.0,0.0,6296.0,2.0,
2026-05-12,ZANE,0.0,0.0,0.0,0.0,6297.0,2.0,
2026-05-12,ZAPP,0.0,0.0,0.0,0.0,6298.0,2.0,
2026-05-12,ZAVV.V,0.0,0.0,0.0,0.0,6299.0,2.0,
2026-05-12,ZAZA,0.0,0.0,0.0,0.0,6300.0,2.0,
2026-05-12,ZBAI,0.0,0.0,0.0,0.002352385404346904,669.0,5.0,
2026-05-12,ZBAO,0.0,0.0,0.0,-0.001221103552819262,6910.0,1.0,
2026-05-12,ZBIO,0.0,0.0,0.0,0.0030022151526092654,419.0,5.0,
2026-05-12,ZBRA,-0.00046511627906976747,0.0,-0.00046511627906976747,-0.004368316232356461,7333.0,1.0,"SHORT because predicted alpha is in the bottom decile. Main contributors were volume_z_60, hl_range_20, mom_1. Liquidity filter passed."
2026-05-12,ZCAR,0.0,0.0,0.0,0.0,6301.0,2.0,
2026-05-12,ZCMD,0.0,0.0,0.0,0.0005273097115714876,1629.0,3.0,
2026-05-12,ZD,0.0,0.0,0.0,0.00022099544395629274,1810.0,3.0,
2026-05-12,ZDAI,0.0,0.0,0.0,-0.017226395747454288,7542.0,1.0,
2026-05-12,ZDVSV,0.0,0.0,0.0,0.0,6302.0,2.0,
2026-05-12,ZENA,0.0,0.0,0.0,1.0372879424071246e-05,1937.0,3.0,
2026-05-12,ZENV,0.0,0.0,0.0,0.0,6303.0,2.0,
2026-05-12,ZEO,0.0,0.0,0.0,0.0031140854926301224,378.0,5.0,
2026-05-12,ZEST,0.0,0.0,0.0,0.0,6304.0,2.0,
2026-05-12,ZEUS,0.0,0.0,0.0,0.0,6305.0,2.0,
2026-05-12,ZFGN,0.0,0.0,0.0,0.0,6306.0,2.0,
2026-05-12,ZFOX,0.0,0.0,0.0,0.0,6307.0,2.0,
2026-05-12,ZG,0.0,0.0,0.0,0.0010897113693638474,1288.0,4.0,
2026-05-12,ZGM,0.0,0.0,0.0,0.0,6308.0,2.0,
2026-05-12,ZGNX,0.0,0.0,0.0,0.0,6309.0,2.0,
2026-05-12,ZGYH,0.0,0.0,0.0,0.0,6310.0,2.0,
2026-05-12,ZHNE,0.0,0.0,0.0,0.0,6311.0,2.0,
2026-05-12,ZI,0.0,0.0,0.0,0.0,6312.0,2.0,
2026-05-12,ZIGO,0.0,0.0,0.0,0.0,6313.0,2.0,
2026-05-12,ZIMV,0.0,0.0,0.0,0.0,6314.0,2.0,
2026-05-12,ZINC,0.0,0.0,0.0,0.0,6315.0,2.0,
2026-05-12,ZING,0.0,0.0,0.0,0.0,6316.0,2.0,
2026-05-12,ZION,0.0,0.0,0.0,0.00031153857245882485,1759.0,3.0,
2026-05-12,ZION.W,0.0,0.0,0.0,0.0,6317.0,2.0,
2026-05-12,ZION.Z,0.0,0.0,0.0,0.0,6318.0,2.0,
2026-05-12,ZIONL,0.0,0.0,0.0,0.0,6319.0,2.0,
2026-05-12,ZIOP,0.0,0.0,0.0,0.0,6320.0,2.0,
2026-05-12,ZIPR,0.0,0.0,0.0,0.0,6321.0,2.0,
2026-05-12,ZIVO,0.0,0.0,0.0,0.0,6322.0,2.0,
2026-05-12,ZIXI,0.0,0.0,0.0,0.0,6323.0,2.0,
2026-05-12,ZJK,0.0,0.0,0.0,0.001862410229853547,874.0,4.0,
2026-05-12,ZJYL,0.0,0.0,0.0,0.0015826495434170546,1018.0,4.0,
2026-05-12,ZKIN,0.0,0.0,0.0,0.003871320150353439,200.0,5.0,
2026-05-12,ZKP,0.0,0.0,0.0,-0.002292920997637408,7143.0,1.0,
2026-05-12,ZLCS,0.0,0.0,0.0,0.0,6324.0,2.0,
2026-05-12,ZLS,0.0,0.0,0.0,0.0,6325.0,2.0,
2026-05-12,ZLTQ,0.0,0.0,0.0,0.0,6326.0,2.0,
2026-05-12,ZM,0.0,0.0,0.0,0.0030582555671345895,399.0,5.0,
2026-05-12,ZN,0.0,0.0,0.0,0.0,6327.0,2.0,
2026-05-12,ZNB,0.0,0.0,0.0,0.0009120101718049127,1394.0,4.0,
2026-05-12,ZNGA,0.0,0.0,0.0,0.0,6328.0,2.0,
2026-05-12,ZNTE,0.0,0.0,0.0,0.0,6329.0,2.0,
2026-05-12,ZNTL,0.0,0.0,0.0,-0.0017561487237714392,7050.0,1.0,
2026-05-12,ZNWA.A,0.0,0.0,0.0,0.0,6330.0,2.0,
2026-05-12,ZOOM,0.0,0.0,0.0,0.0,6331.0,2.0,
2026-05-12,ZOOZ,0.0,0.0,0.0,-0.005743125739266662,7403.0,1.0,
2026-05-12,ZPTA,0.0,0.0,0.0,0.0,6332.0,2.0,
2026-05-12,ZRAN,0.0,0.0,0.0,0.0,6333.0,2.0,
2026-05-12,ZS,0.0,0.0,0.0,0.003059525471459557,398.0,5.0,
2026-05-12,ZSAN,0.0,0.0,0.0,0.0,6334.0,2.0,
2026-05-12,ZSPC,0.0,0.0,0.0,0.0,6335.0,2.0,
2026-05-12,ZSPH,0.0,0.0,0.0,0.0,6336.0,2.0,
2026-05-12,ZSQR,-0.002860599542949321,-0.002890173410404624,2.9573867455303087e-05,-0.006674045806286785,7440.0,1.0,"COVER because predicted alpha is in the bottom decile. Main contributors were parkinson_vol_20, mom_5, volume_z_60. Liquidity filter passed."
2026-05-12,ZSTK,0.0,0.0,0.0,-0.0037875359349274834,7294.0,1.0,
2026-05-12,ZT,0.0,0.0,0.0,0.0,6337.0,2.0,
2026-05-12,ZTEK,0.0,0.0,0.0,0.0036833077794634402,240.0,5.0,
2026-05-12,ZTG,0.0,0.0,0.0,1.1248440881716712e-05,1936.0,3.0,
2026-05-12,ZU,0.0,0.0,0.0,0.0,6338.0,2.0,
2026-05-12,ZUMZ,0.0023954832638795535,0.002890173410404624,-0.0004946901465250706,0.0020549826615437372,794.0,4.0,"SELL because predicted alpha is in the top decile. Main contributors were parkinson_vol_20, volume_z_20, volatility_63. Liquidity filter passed."
2026-05-12,ZURA,0.0,0.0,0.0,0.0002064798178975414,1824.0,3.0,
2026-05-12,ZVO,0.0,0.0,0.0,0.0,6339.0,2.0,
2026-05-12,ZVRA,0.0,0.0,0.0,0.0010443668235655958,1321.0,4.0,
2026-05-12,ZVSA,0.0,0.0,0.0,0.0,6340.0,2.0,
2026-05-12,ZWRK,0.0,0.0,0.0,0.0,6341.0,2.0,
2026-05-12,ZY,0.0,0.0,0.0,0.0,6342.0,2.0,
2026-05-12,ZYBT,0.0,0.0,0.0,-0.002476947320829775,7172.0,1.0,
2026-05-12,ZYME,0.0,0.0,0.0,0.00034687861849594685,1734.0,3.0,
2026-05-12,ZYNE,0.0,0.0,0.0,0.0,6343.0,2.0,
2026-05-12,ZYXI,0.0,0.0,0.0,0.0,6344.0,2.0,
