signal_date,ticker,weight
2026-05-14,AABA,0.0
2026-05-14,AACB,0.0
2026-05-14,AACI,0.0
2026-05-14,AACO,0.0
2026-05-14,AACQ,0.0
2026-05-14,AADI,0.0
2026-05-14,AAGR,0.0
2026-05-14,AAIT,0.0
2026-05-14,AAL,0.0
2026-05-14,AAME,0.0
2026-05-14,AAOI,0.0
2026-05-14,AAON,0.004464285714285714
2026-05-14,AAPC,0.0
2026-05-14,AAPL,0.0
2026-05-14,AARD,0.0
2026-05-14,AATC,0.0
2026-05-14,AAVL,0.0
2026-05-14,AAWW,0.0
2026-05-14,ABAC,0.0
2026-05-14,ABAT,0.0
2026-05-14,ABAX,0.0
2026-05-14,ABCD,0.0
2026-05-14,ABCL,0.0
2026-05-14,ABCO,0.0
2026-05-14,ABCW,0.0
2026-05-14,ABDC,0.0
2026-05-14,ABEO,0.0
2026-05-14,ABEO.W,0.0
2026-05-14,ABFS,0.0
2026-05-14,ABGB,0.0
2026-05-14,ABGI,0.0
2026-05-14,ABIL,0.0
2026-05-14,ABIL.W,0.0
2026-05-14,ABIO,0.0
2026-05-14,ABL,0.0
2026-05-14,ABLLL,0.0
2026-05-14,ABLV,0.0
2026-05-14,ABMD,0.0
2026-05-14,ABNB,0.0
2026-05-14,ABOS,0.0
2026-05-14,ABP,0.0
2026-05-14,ABSI,0.004464285714285714
2026-05-14,ABST,0.0
2026-05-14,ABTC,0.0
2026-05-14,ABTL,0.0
2026-05-14,ABTS,0.0
2026-05-14,ABTX,0.0
2026-05-14,ABUS,0.0
2026-05-14,ABVC,0.0
2026-05-14,ABVE,0.0
2026-05-14,ABY,0.0
2026-05-14,ACAA,0.0
2026-05-14,ACAB,0.0
2026-05-14,ACAC,0.0
2026-05-14,ACAD,0.0
2026-05-14,ACAH,0.0
2026-05-14,ACAM,0.0
2026-05-14,ACAS,0.0
2026-05-14,ACAT,0.0
2026-05-14,ACAX,0.0
2026-05-14,ACB,0.0
2026-05-14,ACBA,0.0
2026-05-14,ACBI,0.0
2026-05-14,ACCD,0.0
2026-05-14,ACCL,0.0
2026-05-14,ACCP,0.0
2026-05-14,ACDC,0.0
2026-05-14,ACER,0.0
2026-05-14,ACET,0.0
2026-05-14,ACEV,0.0
2026-05-14,ACFC,0.0
2026-05-14,ACFN,0.0
2026-05-14,ACGL,0.0
2026-05-14,ACGL.P,0.0
2026-05-14,ACGLN,0.0
2026-05-14,ACGN,0.0
2026-05-14,ACHC,0.0
2026-05-14,ACHN,0.0
2026-05-14,ACHV,0.004464285714285714
2026-05-14,ACIA,0.0
2026-05-14,ACIC,0.0
2026-05-14,ACIU,0.0
2026-05-14,ACIW,0.0
2026-05-14,ACKIT,0.0
2026-05-14,ACLL,0.0
2026-05-14,ACLS,0.004464285714285714
2026-05-14,ACLX,0.0
2026-05-14,ACMR,0.0
2026-05-14,ACNB,0.0
2026-05-14,ACNT,0.0
2026-05-14,ACOG,0.0
2026-05-14,ACON,0.0
2026-05-14,ACOR,0.0
2026-05-14,ACPW,0.0
2026-05-14,ACQR,0.0
2026-05-14,ACRS,0.0
2026-05-14,ACRV,0.0
2026-05-14,ACRX,0.0
2026-05-14,ACSF,0.0
2026-05-14,ACST,0.0
2026-05-14,ACT,0.0
2026-05-14,ACTA,0.0
2026-05-14,ACTC,0.0
2026-05-14,ACTD,0.0
2026-05-14,ACTG,0.0
2026-05-14,ACTT,0.0
2026-05-14,ACTU,0.0
2026-05-14,ACUR,0.0
2026-05-14,ACXM,0.0
2026-05-14,ACXP,0.0
2026-05-14,ADAC,0.0
2026-05-14,ADAL,0.0
2026-05-14,ADAM,0.0
2026-05-14,ADAMG,0.0
2026-05-14,ADAMH,0.0
2026-05-14,ADAMI,0.0
2026-05-14,ADAML,0.0
2026-05-14,ADAMO,0.0
2026-05-14,ADAMZ,0.0
2026-05-14,ADAT,0.0
2026-05-14,ADBE,0.0
2026-05-14,ADD,0.0
2026-05-14,ADEA,0.0
2026-05-14,ADEP,0.0
2026-05-14,ADER,0.0
2026-05-14,ADES,0.0
2026-05-14,ADGM,0.0
2026-05-14,ADHD,0.0
2026-05-14,ADI,0.0
2026-05-14,ADIL,0.0
2026-05-14,ADMA,0.0
2026-05-14,ADMP,0.0
2026-05-14,ADMS,0.0
2026-05-14,ADN,0.0
2026-05-14,ADNC,0.0
2026-05-14,ADOC,0.0
2026-05-14,ADOM,0.0
2026-05-14,ADP,0.0
2026-05-14,ADPT,0.0
2026-05-14,ADPV.V,0.0
2026-05-14,ADRO,0.0
2026-05-14,ADSE,0.0
2026-05-14,ADSK,0.0
2026-05-14,ADTH,0.0
2026-05-14,ADTN,0.0
2026-05-14,ADTX,0.0
2026-05-14,ADUR,0.0
2026-05-14,ADUS,0.0
2026-05-14,ADV,0.0
2026-05-14,ADVB,0.0
2026-05-14,ADVM,0.0
2026-05-14,ADVS,0.0
2026-05-14,ADXS,0.0
2026-05-14,ADXS.W,0.0
2026-05-14,ADYX,0.0
2026-05-14,AEAC,0.0
2026-05-14,AEAE,0.0
2026-05-14,AEAQ,0.0
2026-05-14,AEBI,0.0
2026-05-14,AEBIV,0.0
2026-05-14,AEC,0.0
2026-05-14,AEGN,0.0
2026-05-14,AEGR,0.0
2026-05-14,AEHA,0.0
2026-05-14,AEHL,0.0
2026-05-14,AEHR,0.004464285714285714
2026-05-14,AEI,0.0
2026-05-14,AEIS,0.0
2026-05-14,AEMD,0.0
2026-05-14,AENT,0.0
2026-05-14,AEP,-0.004464285714285714
2026-05-14,AEPI,0.0
2026-05-14,AEPPL,0.0
2026-05-14,AEPPZ,0.0
2026-05-14,AERC,0.0
2026-05-14,AERG,0.0
2026-05-14,AERI,0.0
2026-05-14,AERT,0.0
2026-05-14,AETI,0.0
2026-05-14,AEVA,0.0
2026-05-14,AEY,0.0
2026-05-14,AEYE,0.0
2026-05-14,AEZS,0.0
2026-05-14,AFAC,0.0
2026-05-14,AFAM,0.0
2026-05-14,AFAQ,0.0
2026-05-14,AFAR,0.0
2026-05-14,AFBI,0.0
2026-05-14,AFCB,0.0
2026-05-14,AFCG,0.0
2026-05-14,AFCGV,0.0
2026-05-14,AFFX,0.0
2026-05-14,AFFY,0.0
2026-05-14,AFH,0.0
2026-05-14,AFHBL,0.0
2026-05-14,AFIB,0.0
2026-05-14,AFIN,0.0
2026-05-14,AFINO,0.0
2026-05-14,AFJK,0.0
2026-05-14,AFMD,0.0
2026-05-14,AFOP,0.0
2026-05-14,AFRI,0.0
2026-05-14,AFRM,0.0
2026-05-14,AFSI,0.0
2026-05-14,AFYA,0.0
2026-05-14,AGAE,0.0
2026-05-14,AGBA,0.0
2026-05-14,AGC,0.0
2026-05-14,AGCC,0.0
2026-05-14,AGEN,0.0
2026-05-14,AGFS,0.0
2026-05-14,AGFS.W,0.0
2026-05-14,AGFY,0.0
2026-05-14,AGGR,0.0
2026-05-14,AGH,0.0
2026-05-14,AGII,0.0
2026-05-14,AGII.L,0.0
2026-05-14,AGIIL,0.0
2026-05-14,AGIL,0.0
2026-05-14,AGIO,0.0
2026-05-14,AGLE,0.0
2026-05-14,AGMH,0.0
2026-05-14,AGMX,0.0
2026-05-14,AGNC,0.0
2026-05-14,AGNC.P,0.0
2026-05-14,AGNCL,0.0
2026-05-14,AGNCO,0.0
2026-05-14,AGPU,0.004464285714285714
2026-05-14,AGRI,0.0
2026-05-14,AGRX,0.0
2026-05-14,AGRZ,0.0
2026-05-14,AGTC,0.0
2026-05-14,AGYS,0.0
2026-05-14,AHAC,0.0
2026-05-14,AHCI,0.0
2026-05-14,AHCO,0.0
2026-05-14,AHGP,0.0
2026-05-14,AHMA,0.0
2026-05-14,AHPA,0.0
2026-05-14,AHPA.U,0.0
2026-05-14,AHPI,0.0
2026-05-14,AHRN,0.0
2026-05-14,AIDX,0.0
2026-05-14,AIEV,0.0
2026-05-14,AIFC,0.0
2026-05-14,AIFE,0.0
2026-05-14,AIFF,0.0
2026-05-14,AIFU,0.0
2026-05-14,AIHS,0.0
2026-05-14,AIIO,0.0
2026-05-14,AILE,0.0
2026-05-14,AIMC,0.0
2026-05-14,AIMCV,0.0
2026-05-14,AIMD,0.0
2026-05-14,AIMT,0.0
2026-05-14,AIOS,0.0
2026-05-14,AIOT,0.0
2026-05-14,AIP,0.0
2026-05-14,AIPT,0.0
2026-05-14,AIRE,0.0
2026-05-14,AIRG,0.0
2026-05-14,AIRJ,0.0
2026-05-14,AIRM,0.0
2026-05-14,AIRO,0.0
2026-05-14,AIRS,0.0
2026-05-14,AIRT,0.0
2026-05-14,AIRTV,0.0
2026-05-14,AISP,0.0
2026-05-14,AITR,0.0
2026-05-14,AIXC,0.0
2026-05-14,AKAM,0.004464285714285714
2026-05-14,AKAN,-0.004464285714285714
2026-05-14,AKAO,0.0
2026-05-14,AKBA,0.0
2026-05-14,AKCA,0.0
2026-05-14,AKER,0.0
2026-05-14,AKIC,0.0
2026-05-14,AKLI,0.0
2026-05-14,AKRO,0.0
2026-05-14,AKRX,0.0
2026-05-14,AKTS,0.0
2026-05-14,AKU,0.0
2026-05-14,AKUS,0.0
2026-05-14,AKYA,0.0
2026-05-14,ALAB,0.0
2026-05-14,ALAC,0.0
2026-05-14,ALBO,0.0
2026-05-14,ALBT,0.0
2026-05-14,ALCE,0.0
2026-05-14,ALCO,0.0
2026-05-14,ALCS,0.0
2026-05-14,ALCY,0.0
2026-05-14,ALDF,0.0
2026-05-14,ALDR,0.0
2026-05-14,ALDX,0.0
2026-05-14,ALEC,0.0
2026-05-14,ALF,0.0
2026-05-14,ALGM,0.0
2026-05-14,ALGN,0.0
2026-05-14,ALGR,0.0
2026-05-14,ALGS,0.0
2026-05-14,ALGT,0.0
2026-05-14,ALHC,-0.004464285714285714
2026-05-14,ALIM,0.0
2026-05-14,ALIS,0.0
2026-05-14,ALJJ,0.0
2026-05-14,ALKS,0.0
2026-05-14,ALKSV,0.0
2026-05-14,ALKT,0.0
2026-05-14,ALLB,0.0
2026-05-14,ALLK,0.0
2026-05-14,ALLO,0.0
2026-05-14,ALLR,0.0
2026-05-14,ALLT,0.0
2026-05-14,ALM,0.004464285714285714
2026-05-14,ALMR,0.0
2026-05-14,ALMS,0.0
2026-05-14,ALMU,0.0
2026-05-14,ALNA,0.0
2026-05-14,ALNT,0.0
2026-05-14,ALNY,0.0
2026-05-14,ALOG,0.0
2026-05-14,ALOR,0.0
2026-05-14,ALOT,0.0
2026-05-14,ALOV,0.0
2026-05-14,ALOY,0.0
2026-05-14,ALP,0.0
2026-05-14,ALPA,0.0
2026-05-14,ALPN,0.0
2026-05-14,ALPP,0.0
2026-05-14,ALPS,0.0
2026-05-14,ALPX,0.0
2026-05-14,ALQA,0.0
2026-05-14,ALR,0.0
2026-05-14,ALRM,0.0
2026-05-14,ALRN,0.0
2026-05-14,ALRS,0.0
2026-05-14,ALSA,0.0
2026-05-14,ALSK,0.0
2026-05-14,ALT,0.0
2026-05-14,ALTA,0.0
2026-05-14,ALTH,0.0
2026-05-14,ALTI,0.0
2026-05-14,ALTID,0.0
2026-05-14,ALTO,0.0
2026-05-14,ALTR,0.0
2026-05-14,ALTS,0.0
2026-05-14,ALTU,0.0
2026-05-14,ALVO,0.0
2026-05-14,ALVR,0.0
2026-05-14,ALXA,0.0
2026-05-14,ALXN,0.0
2026-05-14,ALXO,0.0
2026-05-14,ALYA,0.0
2026-05-14,ALZH,0.0
2026-05-14,ALZN,0.0
2026-05-14,AMAG,0.0
2026-05-14,AMAL,0.0
2026-05-14,AMAM,0.0
2026-05-14,AMAO,0.0
2026-05-14,AMAP,0.0
2026-05-14,AMAT,0.0
2026-05-14,AMBA,0.0
2026-05-14,AMBC.W,0.0
2026-05-14,AMBT,0.0
2026-05-14,AMBX,0.0
2026-05-14,AMCC,0.0
2026-05-14,AMCF,0.0
2026-05-14,AMCI,0.0
2026-05-14,AMCX,0.0
2026-05-14,AMD,0.004464285714285714
2026-05-14,AMDA,0.0
2026-05-14,AMED,0.0
2026-05-14,AMEH,0.0
2026-05-14,AMEH.W,0.0
2026-05-14,AMGN,0.0
2026-05-14,AMHC,0.0
2026-05-14,AMIC,0.0
2026-05-14,AMIX,0.0
2026-05-14,AMKR,0.0
2026-05-14,AMLI,0.0
2026-05-14,AMLN,0.0
2026-05-14,AMLX,0.0
2026-05-14,AMMA,0.0
2026-05-14,AMMD,0.0
2026-05-14,AMNB,0.0
2026-05-14,AMOD,0.0
2026-05-14,AMOT,0.0
2026-05-14,AMPG,0.0
2026-05-14,AMPH,-0.004464285714285714
2026-05-14,AMPL,0.0
2026-05-14,AMRB,0.0
2026-05-14,AMRH,0.0
2026-05-14,AMRI,0.0
2026-05-14,AMRK,0.0
2026-05-14,AMRS,0.0
2026-05-14,AMRX,0.0
2026-05-14,AMSC,0.0
2026-05-14,AMSF,0.0
2026-05-14,AMSG,0.0
2026-05-14,AMSGP,0.0
2026-05-14,AMST,0.0
2026-05-14,AMSW.A,0.0
2026-05-14,AMSWA,0.0
2026-05-14,AMTBB,0.0
2026-05-14,AMTI,0.0
2026-05-14,AMTX,0.0
2026-05-14,AMV,0.0
2026-05-14,AMWD,0.0
2026-05-14,AMZN,0.0
2026-05-14,ANAB,0.004464285714285714
2026-05-14,ANABV,0.0
2026-05-14,ANAD,0.0
2026-05-14,ANAT,0.0
2026-05-14,ANCB,0.0
2026-05-14,ANCI,0.0
2026-05-14,ANCX,0.0
2026-05-14,ANDA,0.0
2026-05-14,ANDA.R,0.0
2026-05-14,ANDA.U,0.0
2026-05-14,ANDA.W,0.0
2026-05-14,ANDE,0.0
2026-05-14,ANDS,0.0
2026-05-14,ANEB,0.0
2026-05-14,ANGH,0.0
2026-05-14,ANGI,0.0
2026-05-14,ANGIV,0.0
2026-05-14,ANGN,0.0
2026-05-14,ANGO,0.0
2026-05-14,ANIK,0.0
2026-05-14,ANIP,0.0
2026-05-14,ANIX,0.0
2026-05-14,ANNA,0.0
2026-05-14,ANNX,0.0
2026-05-14,ANPA,0.0
2026-05-14,ANPI,0.0
2026-05-14,ANSC,0.0
2026-05-14,ANSS,0.0
2026-05-14,ANTA,0.0
2026-05-14,ANTH,0.0
2026-05-14,ANTX,0.0
2026-05-14,ANY,0.0
2026-05-14,ANZU,0.0
2026-05-14,AOBC,0.0
2026-05-14,AOGO,0.0
2026-05-14,AONC,0.0
2026-05-14,AOSL,0.0
2026-05-14,AOUT,0.0
2026-05-14,APA,0.0
2026-05-14,APAC,0.0
2026-05-14,APAD,0.0
2026-05-14,APAG.F,0.0
2026-05-14,APC,0.0
2026-05-14,APCVZ,0.0
2026-05-14,APCX,0.0
2026-05-14,APDN,0.0
2026-05-14,APDN.W,0.0
2026-05-14,APEI,0.0
2026-05-14,APEN,0.0
2026-05-14,APEX,0.0
2026-05-14,APGE,0.0
2026-05-14,APGN,0.0
2026-05-14,APHA,0.0
2026-05-14,APIC,0.0
2026-05-14,APKT,0.0
2026-05-14,APLD,0.004464285714285714
2026-05-14,APLM,0.0
2026-05-14,APLP,0.0
2026-05-14,APLS,-0.004464285714285714
2026-05-14,APLT,0.0
2026-05-14,APM,0.0
2026-05-14,APMI,0.0
2026-05-14,APOG,0.0
2026-05-14,APOL,0.0
2026-05-14,APOP.W,0.0
2026-05-14,APP,0.0
2026-05-14,APPF,0.0
2026-05-14,APPH,0.0
2026-05-14,APPN,0.0
2026-05-14,APPS,0.0
2026-05-14,APPY,0.0
2026-05-14,APR,0.0
2026-05-14,APRE,0.0
2026-05-14,APRI,0.0
2026-05-14,APRN,0.0
2026-05-14,APSA,0.0
2026-05-14,APTI,0.0
2026-05-14,APTM,0.0
2026-05-14,APTO,0.0
2026-05-14,APTX,0.0
2026-05-14,APVO,0.0
2026-05-14,APVO.V,0.0
2026-05-14,APWC,0.0
2026-05-14,APWR,0.0
2026-05-14,APXI,0.0
2026-05-14,APXT,-0.004464285714285714
2026-05-14,APYX,0.0
2026-05-14,AQB,0.0
2026-05-14,AQBTV,0.0
2026-05-14,AQMS,0.0
2026-05-14,AQST,0.0
2026-05-14,AQU,0.0
2026-05-14,AQUU.U,0.0
2026-05-14,AQUU.W,0.0
2026-05-14,AQXP,0.0
2026-05-14,ARAI,0.0
2026-05-14,ARAV,0.0
2026-05-14,ARAY,0.0
2026-05-14,ARBA,0.0
2026-05-14,ARBB,0.0
2026-05-14,ARBE,0.0
2026-05-14,ARBG,0.0
2026-05-14,ARBKL,0.0
2026-05-14,ARCB,0.0
2026-05-14,ARCC,0.0
2026-05-14,ARCE,0.0
2026-05-14,ARCI,0.0
2026-05-14,ARCK,0.0
2026-05-14,ARCP,0.0
2026-05-14,ARCP.P,0.0
2026-05-14,ARCT,0.0
2026-05-14,ARCW,0.0
2026-05-14,ARDM,0.0
2026-05-14,ARDS,0.0
2026-05-14,ARDX,0.0
2026-05-14,AREB,0.0
2026-05-14,AREC,0.0
2026-05-14,AREX,0.0
2026-05-14,ARGS,0.0
2026-05-14,ARGU,0.0
2026-05-14,ARHS,0.0
2026-05-14,ARIA,0.0
2026-05-14,ARII,0.0
2026-05-14,ARIZ,0.0
2026-05-14,ARKO,0.0
2026-05-14,ARKR,0.0
2026-05-14,ARLP,0.0
2026-05-14,ARLZ,0.0
2026-05-14,ARMO,0.0
2026-05-14,ARNA,0.0
2026-05-14,AROW,0.0
2026-05-14,ARPO,0.0
2026-05-14,ARQ,0.0
2026-05-14,ARQL,0.0
2026-05-14,ARQQ,0.0
2026-05-14,ARQT,-0.004464285714285714
2026-05-14,ARRS,0.0
2026-05-14,ARRW,0.0
2026-05-14,ARRY,0.0
2026-05-14,ARST,0.0
2026-05-14,ARTA,0.0
2026-05-14,ARTC,0.0
2026-05-14,ARTE,0.0
2026-05-14,ARTG,0.0
2026-05-14,ARTL,0.0
2026-05-14,ARTNA,0.0
2026-05-14,ARTV,0.0
2026-05-14,ARTW,0.0
2026-05-14,ARTX,0.0
2026-05-14,ARUN,0.0
2026-05-14,ARVL,0.0
2026-05-14,ARVN,0.0
2026-05-14,ARWA,0.0
2026-05-14,ARWA.R,0.0
2026-05-14,ARWA.W,0.0
2026-05-14,ARWR,0.0
2026-05-14,ARXS,0.0
2026-05-14,ARYA,0.0
2026-05-14,ARYB,0.0
2026-05-14,ARYD,0.0
2026-05-14,ARYE,0.0
2026-05-14,ASAP,0.0
2026-05-14,ASAX,0.0
2026-05-14,ASBB,0.0
2026-05-14,ASBC.W,0.0
2026-05-14,ASBI,0.0
2026-05-14,ASBP,0.0
2026-05-14,ASCA,0.0
2026-05-14,ASCB,0.0
2026-05-14,ASCM.A,0.0
2026-05-14,ASCMA,0.0
2026-05-14,ASDR,0.0
2026-05-14,ASEI,0.0
2026-05-14,ASFI,0.0
2026-05-14,ASLE,0.0
2026-05-14,ASMB,0.0
2026-05-14,ASMI,0.0
2026-05-14,ASNA,0.0
2026-05-14,ASND,0.0
2026-05-14,ASNS,0.0
2026-05-14,ASO,0.0
2026-05-14,ASPA,0.0
2026-05-14,ASPC,0.0
2026-05-14,ASPI,0.0
2026-05-14,ASPS,0.0
2026-05-14,ASPU,0.0
2026-05-14,ASPX,0.0
2026-05-14,ASRT,0.0
2026-05-14,ASRV,0.0
2026-05-14,ASRV.P,0.0
2026-05-14,ASST,0.004464285714285714
2026-05-14,ASTC,0.0
2026-05-14,ASTE,0.0
2026-05-14,ASTH,0.0
2026-05-14,ASTI,0.0
2026-05-14,ASTL,-0.004464285714285714
2026-05-14,ASTM,0.0
2026-05-14,ASTR,0.0
2026-05-14,ASTS,0.0
2026-05-14,ASUR,0.0
2026-05-14,ASV,0.0
2026-05-14,ASYS,0.004464285714285714
2026-05-14,ATAI,0.0
2026-05-14,ATAK,0.0
2026-05-14,ATCX,0.0
2026-05-14,ATEA,0.0
2026-05-14,ATEC,0.0
2026-05-14,ATER,0.0
2026-05-14,ATEX,0.004464285714285714
2026-05-14,ATGL,0.0
2026-05-14,ATHA,0.0
2026-05-14,ATHR,0.0
2026-05-14,ATHX,0.0
2026-05-14,ATIF,0.0
2026-05-14,ATII,0.0
2026-05-14,ATIS,0.0
2026-05-14,ATLC,0.0
2026-05-14,ATLCL,0.0
2026-05-14,ATLCZ,0.0
2026-05-14,ATLN,0.0
2026-05-14,ATLO,0.0
2026-05-14,ATLX,0.0
2026-05-14,ATMC,0.0
2026-05-14,ATML,0.0
2026-05-14,ATMV,0.0
2026-05-14,ATNF,0.0
2026-05-14,ATNI,0.0
2026-05-14,ATNX,0.0
2026-05-14,ATNY,0.0
2026-05-14,ATOM,-0.004464285714285714
2026-05-14,ATON,0.0
2026-05-14,ATOS,0.0
2026-05-14,ATPC,0.0
2026-05-14,ATPG,0.0
2026-05-14,ATRA,0.0
2026-05-14,ATRC,0.0
2026-05-14,ATRI,0.0
2026-05-14,ATRM,0.0
2026-05-14,ATRO,-0.004464285714285714
2026-05-14,ATRS,0.0
2026-05-14,ATSG,0.0
2026-05-14,ATSPT,0.0
2026-05-14,ATTU,0.0
2026-05-14,ATVC,0.0
2026-05-14,ATVI,0.0
2026-05-14,ATXG,0.0
2026-05-14,ATXI,0.0
2026-05-14,ATXS,0.0
2026-05-14,ATY,0.0
2026-05-14,ATYR,0.0
2026-05-14,AUBN,0.0
2026-05-14,AUDC,0.0
2026-05-14,AUGO,0.0
2026-05-14,AUGX,0.0
2026-05-14,AUID,0.0
2026-05-14,AUMA,0.0
2026-05-14,AUMA.U,0.0
2026-05-14,AUMA.W,0.0
2026-05-14,AUPH,0.0
2026-05-14,AUR,0.0
2026-05-14,AURA,0.0
2026-05-14,AURC,0.0
2026-05-14,AURE,0.0
2026-05-14,AUTH,0.0
2026-05-14,AUTO,0.0
2026-05-14,AUUD,0.0
2026-05-14,AUVI,0.0
2026-05-14,AUXL,0.0
2026-05-14,AVAC,0.0
2026-05-14,AVAH,-0.004464285714285714
2026-05-14,AVAV,0.0
2026-05-14,AVBH,0.0
2026-05-14,AVBP,0.0
2026-05-14,AVCO,0.0
2026-05-14,AVCT,0.0
2026-05-14,AVDL,0.0
2026-05-14,AVDX,0.0
2026-05-14,AVEO,0.0
2026-05-14,AVGO,0.0
2026-05-14,AVGR,0.0
2026-05-14,AVHI,0.0
2026-05-14,AVID,0.0
2026-05-14,AVII,0.0
2026-05-14,AVIR,0.0
2026-05-14,AVLN,0.0
2026-05-14,AVNR,0.0
2026-05-14,AVNU,0.0
2026-05-14,AVNW,0.0
2026-05-14,AVO,0.0
2026-05-14,AVPT,0.0
2026-05-14,AVR,-0.004464285714285714
2026-05-14,AVRO,0.0
2026-05-14,AVT,0.0
2026-05-14,AVTA,0.0
2026-05-14,AVTE,0.0
2026-05-14,AVTX,0.0
2026-05-14,AVX,0.0
2026-05-14,AVXL,0.0
2026-05-14,AVXS,0.0
2026-05-14,AWH,0.0
2026-05-14,AWIN,0.0
2026-05-14,AWRE,0.0
2026-05-14,AWSM,0.0
2026-05-14,AXAR,0.0
2026-05-14,AXAR.U,0.0
2026-05-14,AXAR.W,0.0
2026-05-14,AXAS,0.0
2026-05-14,AXDX,0.0
2026-05-14,AXG,0.0
2026-05-14,AXGN,0.004464285714285714
2026-05-14,AXGT,0.0
2026-05-14,AXIN,0.0
2026-05-14,AXJS,0.0
2026-05-14,AXLA,0.0
2026-05-14,AXNX,0.0
2026-05-14,AXON,0.0
2026-05-14,AXPW,0.0
2026-05-14,AXPW.W,0.0
2026-05-14,AXSM,0.0
2026-05-14,AXTI,0.004464285714285714
2026-05-14,AY,0.0
2026-05-14,AYA,0.0
2026-05-14,AYLA,0.0
2026-05-14,AYRO,0.0
2026-05-14,AYTU,0.0
2026-05-14,AZ,0.0
2026-05-14,AZI,0.0
2026-05-14,AZPN,0.0
2026-05-14,AZRX,0.0
2026-05-14,AZTA,0.0
2026-05-14,AZYO,0.0
2026-05-14,BABY,0.0
2026-05-14,BACC,0.0
2026-05-14,BACK,0.0
2026-05-14,BACQ,0.0
2026-05-14,BAER,0.0
2026-05-14,BAFN,0.0
2026-05-14,BAGL,0.0
2026-05-14,BAGR,0.0
2026-05-14,BAMM,0.0
2026-05-14,BANC.L,0.0
2026-05-14,BANC.P,0.0
2026-05-14,BAND,0.004464285714285714
2026-05-14,BANF,0.0
2026-05-14,BANL,0.0
2026-05-14,BANR,0.0
2026-05-14,BANX,0.0
2026-05-14,BAOS,0.0
2026-05-14,BASE,0.0
2026-05-14,BASI,0.0
2026-05-14,BATR.K,0.0
2026-05-14,BATR.R,0.0
2026-05-14,BATR.V,0.0
2026-05-14,BATRA,0.0
2026-05-14,BATRK,0.0
2026-05-14,BAXS,0.0
2026-05-14,BAYA,0.0
2026-05-14,BBCN,0.0
2026-05-14,BBCP,0.0
2026-05-14,BBCQ,0.0
2026-05-14,BBEP,0.0
2026-05-14,BBGI,0.0
2026-05-14,BBI,0.0
2026-05-14,BBIG,0.0
2026-05-14,BBIGV,0.0
2026-05-14,BBIO,-0.004464285714285714
2026-05-14,BBLG,0.0
2026-05-14,BBND,0.0
2026-05-14,BBNK,0.0
2026-05-14,BBNX,0.0
2026-05-14,BBOT,0.0
2026-05-14,BBOX,0.0
2026-05-14,BBQ,0.0
2026-05-14,BBRG,0.0
2026-05-14,BBRX,0.0
2026-05-14,BBSI,0.0
2026-05-14,BCAB,0.0
2026-05-14,BCAC,0.0
2026-05-14,BCAL,0.0
2026-05-14,BCAN,0.0
2026-05-14,BCAR,0.0
2026-05-14,BCAX,0.0
2026-05-14,BCBP,0.0
2026-05-14,BCDA,0.0
2026-05-14,BCEL,0.0
2026-05-14,BCG,0.0
2026-05-14,BCIC,0.0
2026-05-14,BCLI,0.0
2026-05-14,BCML,0.0
2026-05-14,BCOM,0.0
2026-05-14,BCOV,0.0
2026-05-14,BCOW,0.0
2026-05-14,BCPC,0.0
2026-05-14,BCRX,-0.004464285714285714
2026-05-14,BCSA,0.0
2026-05-14,BCSI,0.0
2026-05-14,BCTF,0.0
2026-05-14,BCTG,0.0
2026-05-14,BCTX,0.0
2026-05-14,BCTXL,0.0
2026-05-14,BCYP,0.0
2026-05-14,BDBD,0.0
2026-05-14,BDCI,0.0
2026-05-14,BDCV,0.0
2026-05-14,BDE,0.0
2026-05-14,BDGE,0.0
2026-05-14,BDMD,0.0
2026-05-14,BDMS,0.0
2026-05-14,BDSI,0.0
2026-05-14,BDSX,0.0
2026-05-14,BDTX,0.0
2026-05-14,BEAG,0.0
2026-05-14,BEAM,0.0
2026-05-14,BEAT,0.0
2026-05-14,BEAV,0.0
2026-05-14,BEAV.V,0.0
2026-05-14,BECN,0.0
2026-05-14,BEEM,0.0
2026-05-14,BEEP,0.0
2026-05-14,BEER,0.0
2026-05-14,BELFA,0.004464285714285714
2026-05-14,BELFB,0.0
2026-05-14,BENE,0.0
2026-05-14,BENF,0.0
2026-05-14,BETR,0.0
2026-05-14,BETS,0.0
2026-05-14,BEXP,0.0
2026-05-14,BFC,0.0
2026-05-14,BFI,0.0
2026-05-14,BFIN,0.0
2026-05-14,BFL,0.0
2026-05-14,BFRG,0.0
2026-05-14,BFRI,0.0
2026-05-14,BFST,0.0
2026-05-14,BFYT,0.0
2026-05-14,BGC,0.0
2026-05-14,BGCP,0.0
2026-05-14,BGCPV,0.0
2026-05-14,BGDE,-0.004464285714285714
2026-05-14,BGFV,0.0
2026-05-14,BGIN,0.0
2026-05-14,BGL,0.0
2026-05-14,BGLC,0.0
2026-05-14,BGM,0.0
2026-05-14,BGMD,0.0
2026-05-14,BGMS,0.0
2026-05-14,BGRY,0.0
2026-05-14,BGXX,0.0
2026-05-14,BHAC,0.0
2026-05-14,BHAC.R,0.0
2026-05-14,BHAC.U,0.0
2026-05-14,BHAT,0.0
2026-05-14,BHAV,0.0
2026-05-14,BHBK,0.0
2026-05-14,BHF,0.0
2026-05-14,BHFAL,0.0
2026-05-14,BHFAM,0.0
2026-05-14,BHFAN,0.0
2026-05-14,BHFAO,0.0
2026-05-14,BHIL,0.0
2026-05-14,BHRB,0.0
2026-05-14,BHSE,0.0
2026-05-14,BHST,0.0
2026-05-14,BHTG,0.0
2026-05-14,BIAF,0.0
2026-05-14,BIGC,0.0
2026-05-14,BIIB,0.0
2026-05-14,BIIBV,0.0
2026-05-14,BIMI,0.0
2026-05-14,BIND,0.0
2026-05-14,BINI,0.0
2026-05-14,BIOA,0.0
2026-05-14,BIOC,0.0
2026-05-14,BIOD,0.0
2026-05-14,BIOF,0.0
2026-05-14,BIOF.R,0.0
2026-05-14,BIOL,0.0
2026-05-14,BIOP,0.0
2026-05-14,BIOR,0.0
2026-05-14,BIOS,0.0
2026-05-14,BIOT,0.0
2026-05-14,BIOX,0.0
2026-05-14,BIQI,0.0
2026-05-14,BIRD,0.0
2026-05-14,BIRT,0.0
2026-05-14,BITF,0.0
2026-05-14,BIVI,0.0
2026-05-14,BIVV,0.0
2026-05-14,BIVVV,0.0
2026-05-14,BIXI,0.0
2026-05-14,BIYA,0.0
2026-05-14,BJDX,0.0
2026-05-14,BJRI,0.0
2026-05-14,BKCC,0.0
2026-05-14,BKEP,0.0
2026-05-14,BKEP.P,0.0
2026-05-14,BKHA,0.0
2026-05-14,BKMU,0.0
2026-05-14,BKNG,0.0
2026-05-14,BKR,0.0
2026-05-14,BKSC,0.0
2026-05-14,BKYF,0.0
2026-05-14,BKYI,0.0
2026-05-14,BL,0.0
2026-05-14,BLAC,0.0
2026-05-14,BLBD,0.0
2026-05-14,BLBD.W,0.0
2026-05-14,BLBX,0.0
2026-05-14,BLCM,0.0
2026-05-14,BLDE,0.0
2026-05-14,BLDP,0.0
2026-05-14,BLEU,0.0
2026-05-14,BLFS,0.0
2026-05-14,BLFY,0.0
2026-05-14,BLI,0.0
2026-05-14,BLIN,0.0
2026-05-14,BLIV,0.0
2026-05-14,BLKB,0.0
2026-05-14,BLLN,0.0
2026-05-14,BLMN,0.0
2026-05-14,BLMT,0.0
2026-05-14,BLMZ,0.0
2026-05-14,BLNE,0.0
2026-05-14,BLNG,0.0
2026-05-14,BLNK,0.0
2026-05-14,BLPH,0.0
2026-05-14,BLRK,0.0
2026-05-14,BLSA,0.0
2026-05-14,BLTS,0.0
2026-05-14,BLU,0.0
2026-05-14,BLUD,0.0
2026-05-14,BLUE,0.0
2026-05-14,BLUEV,0.0
2026-05-14,BLUW,0.0
2026-05-14,BLVD,0.0
2026-05-14,BLVD.U,0.0
2026-05-14,BLZE,0.0
2026-05-14,BLZR,0.0
2026-05-14,BMAQ,0.0
2026-05-14,BMBL,0.0
2026-05-14,BMC,0.0
2026-05-14,BMCH,0.0
2026-05-14,BMEA,0.0
2026-05-14,BMGL,0.0
2026-05-14,BMHL,0.0
2026-05-14,BMM,0.0
2026-05-14,BMR,0.0
2026-05-14,BMRA,0.0
2026-05-14,BMRC,0.0
2026-05-14,BMRN,0.0
2026-05-14,BMTC,0.0
2026-05-14,BNAI,-0.004464285714285714
2026-05-14,BNBX,0.0
2026-05-14,BNC,0.0
2026-05-14,BNCL,0.0
2026-05-14,BNCN,0.0
2026-05-14,BNFT,0.0
2026-05-14,BNGO,0.0
2026-05-14,BNIX,0.0
2026-05-14,BNKK,0.0
2026-05-14,BNMV,0.0
2026-05-14,BNNR,0.0
2026-05-14,BNRG,0.0
2026-05-14,BNSO,0.0
2026-05-14,BNTC,0.0
2026-05-14,BNTC.W,0.0
2026-05-14,BNVID,0.0
2026-05-14,BNZI,-0.004464285714285714
2026-05-14,BOBE,0.0
2026-05-14,BOCH,0.0
2026-05-14,BOCN,0.0
2026-05-14,BODI,0.0
2026-05-14,BOF,0.0
2026-05-14,BOFI.L,0.0
2026-05-14,BOFIL,0.0
2026-05-14,BOJA,0.0
2026-05-14,BOKF,0.0
2026-05-14,BOKF.L,0.0
2026-05-14,BOKFL,0.0
2026-05-14,BOLD,0.0
2026-05-14,BOLT,0.0
2026-05-14,BON,0.0
2026-05-14,BONA,0.0
2026-05-14,BONT,0.0
2026-05-14,BOOM,0.0
2026-05-14,BOSC,0.0
2026-05-14,BOTA,0.0
2026-05-14,BOTJ,0.0
2026-05-14,BOWN,0.0
2026-05-14,BOWX,0.0
2026-05-14,BOXL,0.0
2026-05-14,BPAC,0.0
2026-05-14,BPAX,0.0
2026-05-14,BPFH,0.0
2026-05-14,BPFH.W,0.0
2026-05-14,BPHX,0.0
2026-05-14,BPMC,0.0
2026-05-14,BPOP,0.0
2026-05-14,BPR,0.0
2026-05-14,BPRN,0.0
2026-05-14,BPTH,0.0
2026-05-14,BPY,0.0
2026-05-14,BPYPM,0.0
2026-05-14,BPYPN,0.0
2026-05-14,BPYPO,0.0
2026-05-14,BPYU,0.0
2026-05-14,BRAC,0.0
2026-05-14,BRAG,0.0
2026-05-14,BRAI,0.0
2026-05-14,BRCB,0.0
2026-05-14,BRCD,0.0
2026-05-14,BRCM,0.0
2026-05-14,BRCN,0.0
2026-05-14,BRDR,0.0
2026-05-14,BREA,0.0
2026-05-14,BREZ,0.0
2026-05-14,BRFH,0.0
2026-05-14,BRID,0.0
2026-05-14,BRIV,0.0
2026-05-14,BRKH,0.0
2026-05-14,BRKL,0.0
2026-05-14,BRKR,0.0
2026-05-14,BRLI,0.0
2026-05-14,BRLS,0.0
2026-05-14,BRLT,0.0
2026-05-14,BROG,0.0
2026-05-14,BRP,0.0
2026-05-14,BRPA,0.0
2026-05-14,BRPM,0.0
2026-05-14,BRQS,0.0
2026-05-14,BRR,0.0
2026-05-14,BRSH,0.0
2026-05-14,BRTX,0.0
2026-05-14,BRY,0.0
2026-05-14,BRZE,0.0
2026-05-14,BSAA,0.0
2026-05-14,BSBK,0.0
2026-05-14,BSDM,0.0
2026-05-14,BSET,0.0
2026-05-14,BSF,0.0
2026-05-14,BSFC,0.0
2026-05-14,BSFT,0.0
2026-05-14,BSGA,0.0
2026-05-14,BSGM,0.0
2026-05-14,BSII,0.0
2026-05-14,BSKY,0.0
2026-05-14,BSLK,0.0
2026-05-14,BSPE,0.0
2026-05-14,BSPM,0.0
2026-05-14,BSQR,0.0
2026-05-14,BSRR,0.0
2026-05-14,BSTC,0.0
2026-05-14,BSTG,0.0
2026-05-14,BSVN,0.0
2026-05-14,BSY,0.0
2026-05-14,BTAI,0.0
2026-05-14,BTAQ,0.0
2026-05-14,BTAQU,0.0
2026-05-14,BTB,0.0
2026-05-14,BTBD,0.0
2026-05-14,BTBT,0.0
2026-05-14,BTCS,0.0
2026-05-14,BTCT,0.0
2026-05-14,BTCY,0.0
2026-05-14,BTDR,0.0
2026-05-14,BTM,0.0
2026-05-14,BTMD,0.0
2026-05-14,BTNB,0.0
2026-05-14,BTOC,0.0
2026-05-14,BTOG,0.0
2026-05-14,BTQ,0.0
2026-05-14,BTRS,0.0
2026-05-14,BTSG,0.0
2026-05-14,BTTC,0.0
2026-05-14,BTTX,0.0
2026-05-14,BTUI,0.0
2026-05-14,BTWN,0.0
2026-05-14,BUCY,0.0
2026-05-14,BUJA,0.0
2026-05-14,BULL,0.0
2026-05-14,BURG,0.0
2026-05-14,BUSE,0.0
2026-05-14,BUUU,0.0
2026-05-14,BVA,0.0
2026-05-14,BVC,0.0
2026-05-14,BVFL,0.0
2026-05-14,BVS,0.0
2026-05-14,BVSN,0.0
2026-05-14,BVXV.W,0.0
2026-05-14,BWAC,0.0
2026-05-14,BWAQ,0.0
2026-05-14,BWB,0.0
2026-05-14,BWBBP,0.0
2026-05-14,BWC,0.0
2026-05-14,BWEN,0.0
2026-05-14,BWFG,0.0
2026-05-14,BWIN,0.0
2026-05-14,BWIN.A,0.0
2026-05-14,BWIN.B,0.0
2026-05-14,BWINA,0.0
2026-05-14,BWINB,0.0
2026-05-14,BWLD,0.0
2026-05-14,BWMC,0.0
2026-05-14,BWMN,0.0
2026-05-14,BWV,0.0
2026-05-14,BXRX,0.0
2026-05-14,BXRXV,0.0
2026-05-14,BYAH,0.0
2026-05-14,BYBK,0.0
2026-05-14,BYFC,0.0
2026-05-14,BYLK,0.0
2026-05-14,BYND,0.0
2026-05-14,BYNO,0.0
2026-05-14,BYRN,0.0
2026-05-14,BYSI,0.0
2026-05-14,BYTS,0.0
2026-05-14,BYU,0.0
2026-05-14,BZAI,0.0
2026-05-14,BZFD,0.0
2026-05-14,CAAS,0.0
2026-05-14,CABA,0.0
2026-05-14,CABR,0.0
2026-05-14,CAC,0.0
2026-05-14,CACB,0.0
2026-05-14,CACC,0.0
2026-05-14,CACG.U,0.0
2026-05-14,CACG.W,0.0
2026-05-14,CACH,0.0
2026-05-14,CACO,0.0
2026-05-14,CACQ,0.0
2026-05-14,CADC,0.0
2026-05-14,CADL,0.004464285714285714
2026-05-14,CADT,0.0
2026-05-14,CADT.R,0.0
2026-05-14,CADT.U,0.0
2026-05-14,CADT.W,0.0
2026-05-14,CADX,0.0
2026-05-14,CAEI,0.0
2026-05-14,CAEID,0.0
2026-05-14,CAEP,0.0
2026-05-14,CAFD,0.0
2026-05-14,CAFN,0.0
2026-05-14,CAGC,0.0
2026-05-14,CAHC,0.0
2026-05-14,CAI,0.0
2026-05-14,CAKE,0.0
2026-05-14,CALA,0.0
2026-05-14,CALB,0.0
2026-05-14,CALC,0.0
2026-05-14,CALD,0.0
2026-05-14,CALL,0.0
2026-05-14,CALM,0.0
2026-05-14,CAMB,0.0
2026-05-14,CAMB.U,0.0
2026-05-14,CAMB.W,0.0
2026-05-14,CAMP,0.0
2026-05-14,CAMT,0.0
2026-05-14,CANB,0.0
2026-05-14,CAPA,0.0
2026-05-14,CAPN,0.0
2026-05-14,CAPN.U,0.0
2026-05-14,CAPN.W,0.0
2026-05-14,CAPR,0.0
2026-05-14,CAPS,0.0
2026-05-14,CAPT,0.0
2026-05-14,CAQ,0.0
2026-05-14,CAR,-0.004464285714285714
2026-05-14,CARA,0.0
2026-05-14,CARB,0.0
2026-05-14,CARE,0.0
2026-05-14,CARG,0.0
2026-05-14,CARL,0.0
2026-05-14,CARM,0.0
2026-05-14,CARO,0.0
2026-05-14,CART,0.0
2026-05-14,CARV,0.0
2026-05-14,CASA,0.0
2026-05-14,CASC,0.0
2026-05-14,CASH,0.0
2026-05-14,CASI,0.0
2026-05-14,CASK,0.0
2026-05-14,CASM,0.0
2026-05-14,CASS,0.0
2026-05-14,CAST,0.0
2026-05-14,CASY,0.0
2026-05-14,CATB,0.0
2026-05-14,CATC,0.0
2026-05-14,CATM,0.0
2026-05-14,CATS,0.0
2026-05-14,CATY,0.0
2026-05-14,CATY.W,0.0
2026-05-14,CAUD,0.0
2026-05-14,CAVM,0.0
2026-05-14,CBAT,0.0
2026-05-14,CBAY,0.0
2026-05-14,CBC,0.0
2026-05-14,CBDE,0.0
2026-05-14,CBEY,0.0
2026-05-14,CBF,0.0
2026-05-14,CBFV,0.0
2026-05-14,CBIN,0.0
2026-05-14,CBIO,0.0
2026-05-14,CBK,0.0
2026-05-14,CBLI,0.0
2026-05-14,CBLK,0.0
2026-05-14,CBLL,-0.004464285714285714
2026-05-14,CBMB,0.0
2026-05-14,CBMG,0.0
2026-05-14,CBMX,0.0
2026-05-14,CBMX.W,0.0
2026-05-14,CBNJ,0.0
2026-05-14,CBNK,0.0
2026-05-14,CBPO,0.0
2026-05-14,CBRG,0.0
2026-05-14,CBRL,0.0
2026-05-14,CBRX,0.0
2026-05-14,CBSH,0.0
2026-05-14,CBST,0.0
2026-05-14,CBST.Z,0.0
2026-05-14,CBTX,0.0
2026-05-14,CBUS,0.0
2026-05-14,CBYL,0.0
2026-05-14,CCAI,0.0
2026-05-14,CCAP,0.0
2026-05-14,CCB,0.0
2026-05-14,CCBG,0.0
2026-05-14,CCC,0.0
2026-05-14,CCCC,0.0
2026-05-14,CCCL,0.0
2026-05-14,CCCM,0.0
2026-05-14,CCCR,0.0
2026-05-14,CCCS,0.0
2026-05-14,CCCX,0.0
2026-05-14,CCD,0.0
2026-05-14,CCEC,0.0
2026-05-14,CCEP,0.0
2026-05-14,CCG,0.0
2026-05-14,CCHH,0.0
2026-05-14,CCII,0.0
2026-05-14,CCIR,0.0
2026-05-14,CCIX,0.0
2026-05-14,CCLD,0.0
2026-05-14,CCLP,0.0
2026-05-14,CCME,0.0
2026-05-14,CCMP,0.0
2026-05-14,CCN,0.0
2026-05-14,CCNE,0.0
2026-05-14,CCNI,0.0
2026-05-14,CCNW.W,0.0
2026-05-14,CCOI,0.0
2026-05-14,CCRC,0.0
2026-05-14,CCRN,0.004464285714285714
2026-05-14,CCSI,0.0
2026-05-14,CCTG,0.0
2026-05-14,CCTS,0.0
2026-05-14,CCUR,0.0
2026-05-14,CCXI,0.0
2026-05-14,CD,0.0
2026-05-14,CDAK,0.0
2026-05-14,CDAQ,0.0
2026-05-14,CDEV,0.0
2026-05-14,CDEV.W,0.0
2026-05-14,CDIO,0.0
2026-05-14,CDK,0.0
2026-05-14,CDKV.V,0.0
2026-05-14,CDLX,0.0
2026-05-14,CDMO,0.0
2026-05-14,CDNA,0.0
2026-05-14,CDNL,0.0
2026-05-14,CDNS,0.0
2026-05-14,CDOR.O,0.0
2026-05-14,CDOR.P,0.0
2026-05-14,CDRB,0.0
2026-05-14,CDRO,0.0
2026-05-14,CDT,0.0
2026-05-14,CDTG,0.0
2026-05-14,CDTI,0.0
2026-05-14,CDTX,0.0
2026-05-14,CDW,0.0
2026-05-14,CDXC,0.0
2026-05-14,CDXS,0.0
2026-05-14,CDZI,0.0
2026-05-14,CEAD,0.0
2026-05-14,CECO,0.0
2026-05-14,CEDC,0.0
2026-05-14,CEG,0.0
2026-05-14,CELC,0.0
2026-05-14,CELG,0.0
2026-05-14,CELG.Z,0.0
2026-05-14,CELH,0.0
2026-05-14,CELL,0.0
2026-05-14,CELM,0.0
2026-05-14,CELU,0.0
2026-05-14,CELZ,0.0
2026-05-14,CEMI,0.0
2026-05-14,CEMP,0.0
2026-05-14,CENH,0.0
2026-05-14,CENN,0.0
2026-05-14,CENQ,0.0
2026-05-14,CENT,0.0
2026-05-14,CENTA,0.0
2026-05-14,CENX,0.0
2026-05-14,CEP,0.0
2026-05-14,CEPF,0.0
2026-05-14,CEPH,0.0
2026-05-14,CEPO,0.0
2026-05-14,CEPS,0.0
2026-05-14,CEPT,0.0
2026-05-14,CEPV,0.0
2026-05-14,CERC,0.0
2026-05-14,CERC.U,0.0
2026-05-14,CERC.W,0.0
2026-05-14,CERC.Z,0.0
2026-05-14,CERE,0.0
2026-05-14,CERN,0.0
2026-05-14,CERO,0.0
2026-05-14,CERS,0.0
2026-05-14,CERT,0.0
2026-05-14,CERU,0.0
2026-05-14,CETC,0.0
2026-05-14,CETU,0.0
2026-05-14,CETV,0.0
2026-05-14,CETX,0.0
2026-05-14,CETY,0.0
2026-05-14,CEVA,0.004464285714285714
2026-05-14,CFAC,0.0
2026-05-14,CFB,0.0
2026-05-14,CFBI,0.0
2026-05-14,CFBK,0.0
2026-05-14,CFCB,0.0
2026-05-14,CFCO,0.0
2026-05-14,CFCO.U,0.0
2026-05-14,CFCO.W,0.0
2026-05-14,CFFA,0.0
2026-05-14,CFFE,0.0
2026-05-14,CFFI,0.0
2026-05-14,CFFN,0.0
2026-05-14,CFFS,0.0
2026-05-14,CFGE,0.0
2026-05-14,CFII,0.0
2026-05-14,CFIV,0.0
2026-05-14,CFLT,0.0
2026-05-14,CFMS,0.0
2026-05-14,CFNB,0.0
2026-05-14,CFNL,0.0
2026-05-14,CFRX,0.0
2026-05-14,CFRX.U,0.0
2026-05-14,CFRX.W,0.0
2026-05-14,CFRX.Z,0.0
2026-05-14,CFSB,0.0
2026-05-14,CFSG,0.0
2026-05-14,CFV,0.0
2026-05-14,CFVI,0.0
2026-05-14,CG,0.0
2026-05-14,CGABL,0.0
2026-05-14,CGBD,0.0
2026-05-14,CGBDL,0.0
2026-05-14,CGBS,0.0
2026-05-14,CGC,0.0
2026-05-14,CGCT,0.0
2026-05-14,CGEM,0.0
2026-05-14,CGEN,0.0
2026-05-14,CGIX,0.0
2026-05-14,CGNT,0.0
2026-05-14,CGNX,0.0
2026-05-14,CGO,0.0
2026-05-14,CGON,0.004464285714285714
2026-05-14,CGRN,0.0
2026-05-14,CGTL,0.0
2026-05-14,CGTX,0.0
2026-05-14,CHAC,0.0
2026-05-14,CHAI,0.0
2026-05-14,CHAR,0.0
2026-05-14,CHCI,0.0
2026-05-14,CHCO,0.0
2026-05-14,CHDN,0.0
2026-05-14,CHDX,0.0
2026-05-14,CHEA,0.0
2026-05-14,CHEC,0.0
2026-05-14,CHEF,0.0
2026-05-14,CHEK,0.0
2026-05-14,CHEK.U,0.0
2026-05-14,CHEK.W,0.0
2026-05-14,CHEV,0.0
2026-05-14,CHFC,0.0
2026-05-14,CHFN,0.0
2026-05-14,CHFS,0.0
2026-05-14,CHG,0.0
2026-05-14,CHI,0.0
2026-05-14,CHIA.V,0.0
2026-05-14,CHIK.V,0.0
2026-05-14,CHINA,0.0
2026-05-14,CHIND,0.0
2026-05-14,CHK,0.0
2026-05-14,CHKE,0.0
2026-05-14,CHKP,0.0
2026-05-14,CHLN,0.0
2026-05-14,CHMA,0.0
2026-05-14,CHMG,0.0
2026-05-14,CHNG,0.0
2026-05-14,CHNGV,0.0
2026-05-14,CHNR,0.0
2026-05-14,CHOP,0.0
2026-05-14,CHPG,0.0
2026-05-14,CHPM,0.0
2026-05-14,CHR,0.0
2026-05-14,CHRD,0.0
2026-05-14,CHRM,0.0
2026-05-14,CHRN,-0.004464285714285714
2026-05-14,CHRS,0.0
2026-05-14,CHRW,0.0
2026-05-14,CHSN,0.0
2026-05-14,CHTP,0.0
2026-05-14,CHTR,0.0
2026-05-14,CHUB.A,0.0
2026-05-14,CHUB.K,0.0
2026-05-14,CHUBA,0.0
2026-05-14,CHUBK,0.0
2026-05-14,CHUY,0.0
2026-05-14,CHW,0.0
2026-05-14,CHWA,0.0
2026-05-14,CHX,0.0
2026-05-14,CHY,0.0
2026-05-14,CHYM,0.0
2026-05-14,CHYR,0.0
2026-05-14,CIDM,0.0
2026-05-14,CIFC,0.0
2026-05-14,CIFR,0.0
2026-05-14,CIFS,0.0
2026-05-14,CIGI,-0.004464285714285714
2026-05-14,CIGL,0.0
2026-05-14,CIGX,0.0
2026-05-14,CIIC,0.0
2026-05-14,CIIG,0.0
2026-05-14,CIIT,0.0
2026-05-14,CIMT,0.0
2026-05-14,CINC,0.0
2026-05-14,CINF,0.0
2026-05-14,CING,0.0
2026-05-14,CISA.A,0.0
2026-05-14,CISA.U,0.0
2026-05-14,CISA.W,0.0
2026-05-14,CISO,0.0
2026-05-14,CISS,0.0
2026-05-14,CISSV,0.0
2026-05-14,CITE,0.0
2026-05-14,CIVB,0.0
2026-05-14,CIVB.P,0.0
2026-05-14,CIZN,0.0
2026-05-14,CJET,0.0
2026-05-14,CJJD,0.0
2026-05-14,CJMB,0.0
2026-05-14,CKEC,0.0
2026-05-14,CKPT,0.0
2026-05-14,CKSW,0.0
2026-05-14,CLAC,0.0
2026-05-14,CLAQ,0.0
2026-05-14,CLAR,0.0
2026-05-14,CLAY,0.0
2026-05-14,CLBH,0.0
2026-05-14,CLBK,0.0
2026-05-14,CLBS,0.0
2026-05-14,CLBT,0.0
2026-05-14,CLCD,0.0
2026-05-14,CLCT,0.0
2026-05-14,CLDB,0.0
2026-05-14,CLDC,0.0
2026-05-14,CLDC.W,0.0
2026-05-14,CLDN,0.0
2026-05-14,CLDX,0.0
2026-05-14,CLEU,0.0
2026-05-14,CLFD,0.004464285714285714
2026-05-14,CLGN,0.0
2026-05-14,CLIK,0.0
2026-05-14,CLIN,0.0
2026-05-14,CLIR,0.0
2026-05-14,CLMB,0.0
2026-05-14,CLMS,0.0
2026-05-14,CLMT,0.0
2026-05-14,CLNE,0.0
2026-05-14,CLNN,-0.004464285714285714
2026-05-14,CLNT,0.0
2026-05-14,CLOE,0.0
2026-05-14,CLOV,0.0
2026-05-14,CLPS,0.0
2026-05-14,CLPT,0.0
2026-05-14,CLRB,0.0
2026-05-14,CLRB.W,0.0
2026-05-14,CLRC,0.0
2026-05-14,CLRM,0.0
2026-05-14,CLRO,0.0
2026-05-14,CLRS,0.0
2026-05-14,CLRT,0.0
2026-05-14,CLRX,0.0
2026-05-14,CLSD,0.0
2026-05-14,CLSK,0.0
2026-05-14,CLST,0.0
2026-05-14,CLTX,0.0
2026-05-14,CLVR,0.0
2026-05-14,CLVS,0.0
2026-05-14,CLWR,0.0
2026-05-14,CLWT,0.0
2026-05-14,CLXT,0.0
2026-05-14,CLYM,0.0
2026-05-14,CMAX,0.0
2026-05-14,CMBM,0.0
2026-05-14,CMCA,0.0
2026-05-14,CMCO,0.0
2026-05-14,CMCS.K,0.0
2026-05-14,CMCSA,0.0
2026-05-14,CMCSK,0.0
2026-05-14,CMCSV,0.0
2026-05-14,CMCT,0.0
2026-05-14,CME,0.0
2026-05-14,CMED,0.0
2026-05-14,CMFN,0.0
2026-05-14,CMFNL,0.0
2026-05-14,CMGE,0.0
2026-05-14,CMII,0.0
2026-05-14,CMLF,0.0
2026-05-14,CMLS,0.0
2026-05-14,CMLT,0.0
2026-05-14,CMND,0.0
2026-05-14,CMPI,0.0
2026-05-14,CMPOV,0.0
2026-05-14,CMPR,0.0
2026-05-14,CMPX,0.0
2026-05-14,CMRA,0.0
2026-05-14,CMRC,0.0
2026-05-14,CMRX,0.0
2026-05-14,CMSB,0.0
2026-05-14,CMSS,0.0
2026-05-14,CMTA,0.0
2026-05-14,CMTL,0.0
2026-05-14,CMTV,0.0
2026-05-14,CMVT,0.0
2026-05-14,CNAC,0.0
2026-05-14,CNAT,0.0
2026-05-14,CNBC,0.0
2026-05-14,CNBK.A,0.0
2026-05-14,CNBKA,0.0
2026-05-14,CNCE,0.0
2026-05-14,CNCK,0.0
2026-05-14,CNDO,0.0
2026-05-14,CNDT,0.0
2026-05-14,CNET,0.0
2026-05-14,CNEY,0.0
2026-05-14,CNFR,0.0
2026-05-14,CNFRL,0.0
2026-05-14,CNFRZ,0.0
2026-05-14,CNGL,0.0
2026-05-14,CNIT,0.0
2026-05-14,CNLG,0.0
2026-05-14,CNLM,0.0
2026-05-14,CNLM.R,0.0
2026-05-14,CNLM.W,0.0
2026-05-14,CNNB,0.0
2026-05-14,CNOB,0.0
2026-05-14,CNOBP,0.0
2026-05-14,CNQR,0.0
2026-05-14,CNSI,0.0
2026-05-14,CNSL,0.0
2026-05-14,CNSP,0.0
2026-05-14,CNST,0.0
2026-05-14,CNTB,0.0
2026-05-14,CNTG,0.0
2026-05-14,CNTM,0.0
2026-05-14,CNTN,0.0
2026-05-14,CNTQ,0.0
2026-05-14,CNTX,0.0
2026-05-14,CNTY,0.0
2026-05-14,CNV,0.0
2026-05-14,CNVR,0.0
2026-05-14,CNVS,0.0
2026-05-14,CNXA,0.0
2026-05-14,CNXC,0.0
2026-05-14,CNXN,0.0
2026-05-14,CNXR,0.0
2026-05-14,CNYD,0.0
2026-05-14,COAG,-0.004464285714285714
2026-05-14,COB,0.0
2026-05-14,COBK,0.0
2026-05-14,COBR,0.0
2026-05-14,COBZ,0.0
2026-05-14,COCH,0.0
2026-05-14,COCO,0.004464285714285714
2026-05-14,COCP,0.0
2026-05-14,CODA,0.0
2026-05-14,CODX,0.0
2026-05-14,COEP,0.0
2026-05-14,COFS,0.0
2026-05-14,COGT,0.0
2026-05-14,COGTV,0.0
2026-05-14,COHU,0.0
2026-05-14,COIN,0.0
2026-05-14,COKE,0.0
2026-05-14,COLA,0.0
2026-05-14,COLB,0.0
2026-05-14,COLI,0.0
2026-05-14,COLL,0.0
2026-05-14,COLM,0.0
2026-05-14,COMM,0.0
2026-05-14,COMS,0.0
2026-05-14,CONE,0.0
2026-05-14,CONN,0.0
2026-05-14,COO,0.0
2026-05-14,COOL,0.0
2026-05-14,COOP,0.0
2026-05-14,COOT,0.0
2026-05-14,CORE,0.0
2026-05-14,CORI,0.0
2026-05-14,CORT,0.0
2026-05-14,CORV,0.0
2026-05-14,CORZ,0.0
2026-05-14,COSI,0.0
2026-05-14,COSM,0.0
2026-05-14,COST,0.0
2026-05-14,COUP,0.0
2026-05-14,COVA,0.0
2026-05-14,COVS,0.0
2026-05-14,COVS.V,0.0
2026-05-14,COWN,0.0
2026-05-14,COWN.L,0.0
2026-05-14,COWNL,0.0
2026-05-14,COWNZ,0.0
2026-05-14,COYA,0.0
2026-05-14,COYN,0.0
2026-05-14,COYN.W,0.0
2026-05-14,CPAA,0.0
2026-05-14,CPAA.U,0.0
2026-05-14,CPAA.W,0.0
2026-05-14,CPAH,0.0
2026-05-14,CPAQ,0.0
2026-05-14,CPAR,0.0
2026-05-14,CPB,0.0
2026-05-14,CPBI,0.0
2026-05-14,CPBY,0.0
2026-05-14,CPGI,0.0
2026-05-14,CPHC,0.0
2026-05-14,CPHD,0.0
2026-05-14,CPHR,0.0
2026-05-14,CPIX,0.0
2026-05-14,CPKI,0.0
2026-05-14,CPLA,0.0
2026-05-14,CPLP,0.0
2026-05-14,CPLPV,0.0
2026-05-14,CPNO,0.0
2026-05-14,CPOP,0.0
2026-05-14,CPRT,0.0
2026-05-14,CPRX,0.0
2026-05-14,CPSH,0.0
2026-05-14,CPSI,0.0
2026-05-14,CPSS,0.0
2026-05-14,CPTA,0.0
2026-05-14,CPTAG,0.0
2026-05-14,CPTAL,0.0
2026-05-14,CPTN,0.0
2026-05-14,CPTS,0.0
2026-05-14,CPWM,0.0
2026-05-14,CPWR,0.0
2026-05-14,CPXX,0.0
2026-05-14,CPZ,0.0
2026-05-14,CRA,0.0
2026-05-14,CRAC,0.0
2026-05-14,CRAI,0.0
2026-05-14,CRAN,0.0
2026-05-14,CRAQ,0.0
2026-05-14,CRAY,0.0
2026-05-14,CRBP,0.0
2026-05-14,CRBU,0.0
2026-05-14,CRCT,0.0
2026-05-14,CRDC,0.0
2026-05-14,CRDF,0.0
2026-05-14,CRDL,0.0
2026-05-14,CRDO,0.004464285714285714
2026-05-14,CRDS,0.0
2026-05-14,CRDS.H,0.0
2026-05-14,CRE,0.0
2026-05-14,CREC,0.0
2026-05-14,CREE,0.0
2026-05-14,CREG,0.0
2026-05-14,CRES.W,0.0
2026-05-14,CREV,0.0
2026-05-14,CREX,0.0
2026-05-14,CRGE,0.0
2026-05-14,CRGO,0.0
2026-05-14,CRGX,0.0
2026-05-14,CRIS,0.0
2026-05-14,CRKN,0.0
2026-05-14,CRMB,0.0
2026-05-14,CRMB.U,0.0
2026-05-14,CRMB.W,0.0
2026-05-14,CRMD,0.0
2026-05-14,CRME,0.0
2026-05-14,CRML,0.004464285714285714
2026-05-14,CRMT,0.0
2026-05-14,CRNC,-0.004464285714285714
2026-05-14,CRNT,0.0
2026-05-14,CRNX,0.0
2026-05-14,CRON,0.0
2026-05-14,CROX,0.0
2026-05-14,CRRC,0.0
2026-05-14,CRRS,0.0
2026-05-14,CRSA,0.0
2026-05-14,CRSP,0.0
2026-05-14,CRSR,0.0
2026-05-14,CRTD,0.0
2026-05-14,CRTN,0.0
2026-05-14,CRUS,0.0
2026-05-14,CRVL,0.0
2026-05-14,CRVO,0.0
2026-05-14,CRVS,0.0
2026-05-14,CRWD,0.004464285714285714
2026-05-14,CRWN,0.0
2026-05-14,CRWS,0.0
2026-05-14,CRWV,0.0
2026-05-14,CRXL,0.0
2026-05-14,CRXT,0.0
2026-05-14,CRXX,0.0
2026-05-14,CRZN,0.0
2026-05-14,CRZO,0.0
2026-05-14,CSAI,0.0
2026-05-14,CSAL,0.0
2026-05-14,CSAL.V,0.0
2026-05-14,CSBK,0.0
2026-05-14,CSBR,0.0
2026-05-14,CSCD,0.0
2026-05-14,CSCI,0.0
2026-05-14,CSCO,0.0
2026-05-14,CSCW,0.0
2026-05-14,CSFL,0.0
2026-05-14,CSGP,0.0
2026-05-14,CSGS,0.0
2026-05-14,CSHR,0.0
2026-05-14,CSII,0.0
2026-05-14,CSIQ,0.0
2026-05-14,CSLM,0.0
2026-05-14,CSLR,0.0
2026-05-14,CSOD,0.0
2026-05-14,CSPI,0.0
2026-05-14,CSQ,0.0
2026-05-14,CSSE,0.0
2026-05-14,CSSEN,0.0
2026-05-14,CSTE,0.0
2026-05-14,CSTL,-0.004464285714285714
2026-05-14,CSTR,0.0
2026-05-14,CSUN,0.0
2026-05-14,CSWC,0.0
2026-05-14,CSWC.V,0.0
2026-05-14,CSWCL,0.0
2026-05-14,CSWCZ,0.0
2026-05-14,CSWI,0.0
2026-05-14,CSX,0.0
2026-05-14,CTAA,0.0
2026-05-14,CTAQ,0.0
2026-05-14,CTAS,0.0
2026-05-14,CTBI,0.0
2026-05-14,CTCM,0.0
2026-05-14,CTCT,0.0
2026-05-14,CTCX,0.0
2026-05-14,CTEL,0.0
2026-05-14,CTG,0.0
2026-05-14,CTHR,0.0
2026-05-14,CTIB,0.0
2026-05-14,CTIC,0.0
2026-05-14,CTKB,0.0
2026-05-14,CTLP,0.0
2026-05-14,CTMX,0.0
2026-05-14,CTNM,0.0
2026-05-14,CTNT,0.0
2026-05-14,CTOR,0.0
2026-05-14,CTRC,0.0
2026-05-14,CTRL,0.0
2026-05-14,CTRM,0.0
2026-05-14,CTRMV,0.0
2026-05-14,CTRN,0.0
2026-05-14,CTRV,0.0
2026-05-14,CTRX,0.0
2026-05-14,CTSH,0.0
2026-05-14,CTSO,0.0
2026-05-14,CTW,0.0
2026-05-14,CTWS,0.0
2026-05-14,CTXR,0.0
2026-05-14,CTXS,0.0
2026-05-14,CTXSV,0.0
2026-05-14,CU,0.0
2026-05-14,CUB,0.0
2026-05-14,CUBA,0.0
2026-05-14,CUBI.L,0.0
2026-05-14,CUBN,0.0
2026-05-14,CUE,-0.004464285714285714
2026-05-14,CUEN,0.0
2026-05-14,CUI,0.0
2026-05-14,CULL,0.0
2026-05-14,CULP,0.0
2026-05-14,CUNB,0.0
2026-05-14,CUPR,0.0
2026-05-14,CUR,0.0
2026-05-14,CURI,0.0
2026-05-14,CURR,0.0
2026-05-14,CURX,0.0
2026-05-14,CUTR,0.0
2026-05-14,CV,0.0
2026-05-14,CVAC,0.0
2026-05-14,CVBF,0.0
2026-05-14,CVCO,0.0
2026-05-14,CVCY,0.0
2026-05-14,CVET,0.0
2026-05-14,CVETV,0.0
2026-05-14,CVGI,0.004464285714285714
2026-05-14,CVGW,0.0
2026-05-14,CVII,0.0
2026-05-14,CVKD,0.0
2026-05-14,CVLB,0.0
2026-05-14,CVLT,0.0
2026-05-14,CVLY,0.0
2026-05-14,CVO,0.0
2026-05-14,CVON,0.0
2026-05-14,CVRX,-0.004464285714285714
2026-05-14,CVT,0.0
2026-05-14,CVV,0.0
2026-05-14,CWAY,0.0
2026-05-14,CWBC,0.0
2026-05-14,CWBR,0.0
2026-05-14,CWCO,0.0
2026-05-14,CWD,0.0
2026-05-14,CWST,0.0
2026-05-14,CWTR,0.0
2026-05-14,CXAI,0.0
2026-05-14,CXDC,0.0
2026-05-14,CXDO,0.0
2026-05-14,CXRX,0.0
2026-05-14,CY,0.0
2026-05-14,CYAB,0.0
2026-05-14,CYAN,0.0
2026-05-14,CYBE,0.0
2026-05-14,CYBR,0.0
2026-05-14,CYBS,0.0
2026-05-14,CYBX,0.0
2026-05-14,CYCC,0.0
2026-05-14,CYCN,0.0
2026-05-14,CYCNV,0.0
2026-05-14,CYCU,0.0
2026-05-14,CYHH.Z,0.0
2026-05-14,CYMI,0.0
2026-05-14,CYN,0.0
2026-05-14,CYNA,0.0
2026-05-14,CYNO,0.0
2026-05-14,CYPB,0.0
2026-05-14,CYPH,0.0
2026-05-14,CYRN,0.0
2026-05-14,CYRX,0.0
2026-05-14,CYRX.W,0.0
2026-05-14,CYT,0.0
2026-05-14,CYTH,0.0
2026-05-14,CYTK,0.0
2026-05-14,CYTO,0.0
2026-05-14,CYTR,0.0
2026-05-14,CYTX,0.0
2026-05-14,CYTX.W,0.0
2026-05-14,CYXT,0.0
2026-05-14,CZFC,0.0
2026-05-14,CZFS,0.0
2026-05-14,CZNC,0.0
2026-05-14,CZR,0.0
2026-05-14,CZWI,0.0
2026-05-14,DAAQ,0.0
2026-05-14,DAEG,0.0
2026-05-14,DAIC,0.0
2026-05-14,DAIO,0.0
2026-05-14,DAKT,0.0
2026-05-14,DALN,0.0
2026-05-14,DALS,0.0
2026-05-14,DAOO,0.0
2026-05-14,DARA,0.0
2026-05-14,DARE,0.0
2026-05-14,DASH,0.0
2026-05-14,DATE,0.0
2026-05-14,DATS,0.0
2026-05-14,DAVE,0.0
2026-05-14,DAWN,0.0
2026-05-14,DBCA,0.0
2026-05-14,DBCP,0.0
2026-05-14,DBDR,0.0
2026-05-14,DBGI,0.0
2026-05-14,DBRN,0.0
2026-05-14,DBTX,0.0
2026-05-14,DBVT,0.0
2026-05-14,DBX,0.0
2026-05-14,DCAR,0.0
2026-05-14,DCBO,0.0
2026-05-14,DCFC,0.0
2026-05-14,DCGO,0.0
2026-05-14,DCIN,0.0
2026-05-14,DCIX,0.0
2026-05-14,DCOMG,0.0
2026-05-14,DCOY,0.0
2026-05-14,DCPH,0.0
2026-05-14,DCRB,0.0
2026-05-14,DCRC,0.0
2026-05-14,DCRD,0.0
2026-05-14,DCRN,0.0
2026-05-14,DCT,0.0
2026-05-14,DCTH,0.0
2026-05-14,DCX,0.0
2026-05-14,DDAY,0.0
2026-05-14,DDMX,0.0
2026-05-14,DDOC,0.0
2026-05-14,DDOG,0.004464285714285714
2026-05-14,DDSS,0.0
2026-05-14,DEAC,0.0
2026-05-14,DEAR,0.0
2026-05-14,DECA,0.0
2026-05-14,DEFT,0.0
2026-05-14,DEFTF,0.0
2026-05-14,DELT,0.0
2026-05-14,DELT.W,0.0
2026-05-14,DENN,0.0
2026-05-14,DEPO,0.0
2026-05-14,DERM,-0.004464285714285714
2026-05-14,DEST,0.0
2026-05-14,DETX,0.0
2026-05-14,DEVS,0.0
2026-05-14,DFBG,0.0
2026-05-14,DFBH,0.0
2026-05-14,DFDV,0.0
2026-05-14,DFFN,0.0
2026-05-14,DFHT,0.0
2026-05-14,DFLI,0.0
2026-05-14,DFNS,0.0
2026-05-14,DFPH,0.0
2026-05-14,DFRG,0.0
2026-05-14,DFSC,0.0
2026-05-14,DFTX,0.0
2026-05-14,DFZ,0.0
2026-05-14,DGAS,0.0
2026-05-14,DGHI,0.0
2026-05-14,DGICA,0.0
2026-05-14,DGICB,0.0
2026-05-14,DGII,0.0
2026-05-14,DGLT,0.0
2026-05-14,DGLY,0.0
2026-05-14,DGNS,0.0
2026-05-14,DGNU,0.0
2026-05-14,DGNX,0.0
2026-05-14,DGXX,0.004464285714285714
2026-05-14,DH,0.0
2026-05-14,DHAC,0.0
2026-05-14,DHAI,0.0
2026-05-14,DHBC,0.0
2026-05-14,DHCA,0.0
2026-05-14,DHCNI,0.0
2026-05-14,DHCNL,0.0
2026-05-14,DHHC,0.0
2026-05-14,DHIL,0.0
2026-05-14,DHRM,0.0
2026-05-14,DHXM,0.0
2026-05-14,DIBS,0.0
2026-05-14,DICE,0.0
2026-05-14,DILA,0.0
2026-05-14,DIOD,0.0
2026-05-14,DISA,0.0
2026-05-14,DISC.A,0.0
2026-05-14,DISC.B,0.0
2026-05-14,DISC.K,0.0
2026-05-14,DISCA,0.0
2026-05-14,DISCB,0.0
2026-05-14,DISCK,0.0
2026-05-14,DISH,0.0
2026-05-14,DIST,0.0
2026-05-14,DJCO,0.004464285714285714
2026-05-14,DJT,-0.004464285714285714
2026-05-14,DKDCA,0.0
2026-05-14,DKI,0.0
2026-05-14,DKNG,0.0
2026-05-14,DLCA,0.0
2026-05-14,DLHC,0.0
2026-05-14,DLIA,0.0
2026-05-14,DLLR,0.0
2026-05-14,DLO,0.0
2026-05-14,DLPN,0.0
2026-05-14,DLTH,0.0
2026-05-14,DLTR,0.0
2026-05-14,DLXY,0.0
2026-05-14,DMAA,0.0
2026-05-14,DMAC,0.0
2026-05-14,DMAN,0.0
2026-05-14,DMAQ,0.0
2026-05-14,DMII,0.0
2026-05-14,DMK,0.0
2026-05-14,DMLP,0.0
2026-05-14,DMN,0.0
2026-05-14,DMND,0.0
2026-05-14,DMPI,0.0
2026-05-14,DMRA,-0.004464285714285714
2026-05-14,DMRC,-0.004464285714285714
2026-05-14,DMTK,0.0
2026-05-14,DMTX,0.0
2026-05-14,DNAA,0.0
2026-05-14,DNAB,0.0
2026-05-14,DNAC,0.0
2026-05-14,DNAD,0.0
2026-05-14,DNAI,0.0
2026-05-14,DNAY,0.0
2026-05-14,DNBF,0.0
2026-05-14,DNDN,0.0
2026-05-14,DNJR,0.0
2026-05-14,DNKN,0.0
2026-05-14,DNLI,0.0
2026-05-14,DNMX,0.0
2026-05-14,DNTH,0.0
2026-05-14,DNUT,0.0
2026-05-14,DOCU,0.0
2026-05-14,DOGZ,0.0
2026-05-14,DOMH,0.0
2026-05-14,DOMO,0.0
2026-05-14,DOO,0.0
2026-05-14,DOOO,0.0
2026-05-14,DORM,0.0
2026-05-14,DOTA,0.0
2026-05-14,DOVA,0.0
2026-05-14,DOVR,0.0
2026-05-14,DOX,0.0
2026-05-14,DPCS,0.0
2026-05-14,DPHC,0.0
2026-05-14,DPRO,0.0
2026-05-14,DPRX,0.0
2026-05-14,DPZ,0.0
2026-05-14,DRAD,0.0
2026-05-14,DRCT,0.0
2026-05-14,DRDB,0.0
2026-05-14,DRH,0.0
2026-05-14,DRIO,0.0
2026-05-14,DRIO.W,0.0
2026-05-14,DRMA,0.0
2026-05-14,DRMT,0.0
2026-05-14,DRNA,0.0
2026-05-14,DRRX,0.0
2026-05-14,DRS,0.0
2026-05-14,DRTS,0.004464285714285714
2026-05-14,DRTT,0.0
2026-05-14,DRTX,0.0
2026-05-14,DRUG,0.0
2026-05-14,DRVN,0.0
2026-05-14,DRWI,0.0
2026-05-14,DRWI.W,0.0
2026-05-14,DRYS,0.0
2026-05-14,DSAC,0.0
2026-05-14,DSCI,0.0
2026-05-14,DSCM,0.0
2026-05-14,DSCOD,0.0
2026-05-14,DSEY,0.0
2026-05-14,DSGN,0.0
2026-05-14,DSGR,0.0
2026-05-14,DSGX,0.0
2026-05-14,DSKE,0.0
2026-05-14,DSKX,0.0
2026-05-14,DSKY,0.0
2026-05-14,DSP,0.0
2026-05-14,DSPG,0.0
2026-05-14,DSTI,0.0
2026-05-14,DSWL,0.0
2026-05-14,DSY,0.0
2026-05-14,DTCK,0.0
2026-05-14,DTCX,0.0
2026-05-14,DTEA,0.0
2026-05-14,DTI,0.0
2026-05-14,DTIL,0.0
2026-05-14,DTLK,0.0
2026-05-14,DTOC,0.0
2026-05-14,DTRM,0.0
2026-05-14,DTRT,0.0
2026-05-14,DTSI,0.0
2026-05-14,DTSQ,0.0
2026-05-14,DTSS,0.0
2026-05-14,DTST,0.0
2026-05-14,DUET,0.0
2026-05-14,DUNE,0.0
2026-05-14,DUO,0.0
2026-05-14,DUOL,0.0
2026-05-14,DUOT,0.0
2026-05-14,DVAX,0.0
2026-05-14,DVCR,0.0
2026-05-14,DVLT,0.0
2026-05-14,DWA,0.0
2026-05-14,DWAC,0.0
2026-05-14,DWCH,0.0
2026-05-14,DWSN,0.0
2026-05-14,DWTX,0.0
2026-05-14,DXCM,0.0
2026-05-14,DXLG,0.0
2026-05-14,DXM,0.0
2026-05-14,DXPE,-0.004464285714285714
2026-05-14,DXR,0.0
2026-05-14,DXST,0.0
2026-05-14,DXTR,0.0
2026-05-14,DXYN,0.0
2026-05-14,DYAI,0.0
2026-05-14,DYAX,0.0
2026-05-14,DYCQ,0.0
2026-05-14,DYN,0.0
2026-05-14,DYNC,0.0
2026-05-14,DYNS,0.0
2026-05-14,DYNT,0.0
2026-05-14,DYNX,0.0
2026-05-14,DYOR,0.0
2026-05-14,DYSL,0.0
2026-05-14,DZSI,0.0
2026-05-14,EA,0.0
2026-05-14,EAC,0.0
2026-05-14,EACQ,0.0
2026-05-14,EACQ.W,0.0
2026-05-14,EAGL.U,0.0
2026-05-14,EAGL.W,0.0
2026-05-14,EAR,0.0
2026-05-14,EARS,0.0
2026-05-14,EAST,0.0
2026-05-14,EBAC,0.0
2026-05-14,EBAY,0.0
2026-05-14,EBAY.L,0.0
2026-05-14,EBAY.V,0.0
2026-05-14,EBAYL,0.0
2026-05-14,EBC,0.0
2026-05-14,EBET,0.0
2026-05-14,EBIO,0.0
2026-05-14,EBIX,0.0
2026-05-14,EBMT,0.0
2026-05-14,EBON,0.0
2026-05-14,EBSB,0.0
2026-05-14,EBTC,0.0
2026-05-14,ECAC,0.0
2026-05-14,ECAC.R,0.0
2026-05-14,ECAV,0.0
2026-05-14,ECBK,0.0
2026-05-14,ECDA,0.0
2026-05-14,ECHO,0.0
2026-05-14,ECLP,0.0
2026-05-14,ECOL,0.0
2026-05-14,ECOR,0.0
2026-05-14,ECPG,0.0
2026-05-14,ECTE,0.0
2026-05-14,ECX,0.0
2026-05-14,ECYT,0.0
2026-05-14,EDBL,0.0
2026-05-14,EDGW,0.0
2026-05-14,EDHL,0.0
2026-05-14,EDIT,0.0
2026-05-14,EDMC,0.0
2026-05-14,EDNC,0.0
2026-05-14,EDNT,0.0
2026-05-14,EDRY,0.0
2026-05-14,EDS,0.0
2026-05-14,EDSA,0.0
2026-05-14,EDTK,0.0
2026-05-14,EDTX,0.0
2026-05-14,EDUC,0.0
2026-05-14,EEFT,0.0
2026-05-14,EEI,0.0
2026-05-14,EEIQ,0.0
2026-05-14,EEME,0.0
2026-05-14,EEML,0.0
2026-05-14,EFBI,0.0
2026-05-14,EFHT,0.0
2026-05-14,EFII,0.0
2026-05-14,EFOI,0.0
2026-05-14,EFSC,0.0
2026-05-14,EFSI,0.0
2026-05-14,EFTR,0.0
2026-05-14,EFTY,0.0
2026-05-14,EGAN,0.0
2026-05-14,EGBN,0.0
2026-05-14,EGC,0.0
2026-05-14,EGHA,0.0
2026-05-14,EGHT,0.0
2026-05-14,EGIO,0.0
2026-05-14,EGLT,0.0
2026-05-14,EGLX,0.0
2026-05-14,EGOV,0.0
2026-05-14,EGOX,0.0
2026-05-14,EGRW,0.0
2026-05-14,EGRX,0.0
2026-05-14,EGT,0.0
2026-05-14,EHGO,0.0
2026-05-14,EHLD,0.0
2026-05-14,EHLDV,0.0
2026-05-14,EHR,0.0
2026-05-14,EHTH,0.0
2026-05-14,EIDX,0.0
2026-05-14,EIGI,0.0
2026-05-14,EIGR,0.0
2026-05-14,EIKN,0.0
2026-05-14,EJFA,0.0
2026-05-14,EJH,0.0
2026-05-14,EKSO,0.0
2026-05-14,ELAB,0.0
2026-05-14,ELBM,0.0
2026-05-14,ELDN,0.0
2026-05-14,ELE,0.0
2026-05-14,ELEC,0.0
2026-05-14,ELEC.U,0.0
2026-05-14,ELEV,0.0
2026-05-14,ELGX,0.0
2026-05-14,ELMS,0.0
2026-05-14,ELMT,0.0
2026-05-14,ELNK,0.0
2026-05-14,ELOG,0.0
2026-05-14,ELOS,0.0
2026-05-14,ELOX,0.0
2026-05-14,ELPW,0.0
2026-05-14,ELRC,0.0
2026-05-14,ELSE,0.0
2026-05-14,ELTK,0.0
2026-05-14,ELTX,-0.004464285714285714
2026-05-14,ELUT,0.0
2026-05-14,ELVA,0.0
2026-05-14,ELVN,0.0
2026-05-14,ELWT,0.0
2026-05-14,ELYM,0.0
2026-05-14,ELYS,0.0
2026-05-14,EMAT,0.0
2026-05-14,EMBC,0.0
2026-05-14,EMBK,0.0
2026-05-14,EMCF,0.0
2026-05-14,EMCG,0.0
2026-05-14,EMCI,0.0
2026-05-14,EMDI,0.0
2026-05-14,EMDR,0.0
2026-05-14,EMEY,0.0
2026-05-14,EMFN,0.0
2026-05-14,EMIS,0.0
2026-05-14,EMIT.F,0.0
2026-05-14,EMITF,0.0
2026-05-14,EMKR,0.0
2026-05-14,EML,0.0
2026-05-14,EMLD,0.0
2026-05-14,EMMA,0.0
2026-05-14,EMMS,0.0
2026-05-14,EMMS.P,0.0
2026-05-14,EMMSV,0.0
2026-05-14,EMMT,0.0
2026-05-14,EMPD,0.0
2026-05-14,EMPG,0.0
2026-05-14,ENCO,0.0
2026-05-14,ENCP,0.0
2026-05-14,ENDP,0.0
2026-05-14,ENER,0.0
2026-05-14,ENFA,0.0
2026-05-14,ENFC,0.0
2026-05-14,ENG,0.0
2026-05-14,ENGN,0.0
2026-05-14,ENGS,0.0
2026-05-14,ENJY,0.0
2026-05-14,ENLT,0.0
2026-05-14,ENLV,0.0
2026-05-14,ENMD,0.0
2026-05-14,ENNV,0.0
2026-05-14,ENOB,0.0
2026-05-14,ENOC,0.0
2026-05-14,ENPH,-0.004464285714285714
2026-05-14,ENSC,0.0
2026-05-14,ENSG,0.0
2026-05-14,ENSG.V,0.0
2026-05-14,ENSGV,0.0
2026-05-14,ENT,0.0
2026-05-14,ENTA,0.0
2026-05-14,ENTF,0.0
2026-05-14,ENTG,0.0
2026-05-14,ENTL,0.0
2026-05-14,ENTO,0.0
2026-05-14,ENTX,0.0
2026-05-14,ENVB,0.0
2026-05-14,ENVE,0.0
2026-05-14,ENVI,0.0
2026-05-14,ENVX,0.0
2026-05-14,ENZN,0.0
2026-05-14,ENZY,0.0
2026-05-14,EOLS,0.0
2026-05-14,EONC,0.0
2026-05-14,EOPN,0.0
2026-05-14,EOSE,0.004464285714285714
2026-05-14,EPAX,0.0
2026-05-14,EPAY,0.0
2026-05-14,EPCT,0.0
2026-05-14,EPHY,0.0
2026-05-14,EPIQ,0.0
2026-05-14,EPIX,0.0
2026-05-14,EPOW,0.0
2026-05-14,EPRS,0.0
2026-05-14,EPRX,0.0
2026-05-14,EPSM,0.0
2026-05-14,EPSN,0.0
2026-05-14,EPWK,0.0
2026-05-14,EPZM,0.0
2026-05-14,EQ,0.0
2026-05-14,EQFN,0.0
2026-05-14,EQIX,0.0
2026-05-14,EQOS,0.0
2026-05-14,EQPT,0.0
2026-05-14,EQRX,0.0
2026-05-14,ERAS,0.0
2026-05-14,ERES,0.0
2026-05-14,ERI,0.0
2026-05-14,ERIE,0.0
2026-05-14,ERII,-0.004464285714285714
2026-05-14,ERNA,-0.004464285714285714
2026-05-14,EROC,0.0
2026-05-14,ERS,0.0
2026-05-14,ERW,0.0
2026-05-14,ESAC,0.0
2026-05-14,ESBF,0.0
2026-05-14,ESBK,0.0
2026-05-14,ESCA,0.0
2026-05-14,ESCR.P,0.0
2026-05-14,ESDI,0.0
2026-05-14,ESEA,0.0
2026-05-14,ESEAV,0.0
2026-05-14,ESES,0.0
2026-05-14,ESGL,0.0
2026-05-14,ESGR,0.0
2026-05-14,ESGRP,0.0
2026-05-14,ESHA,0.0
2026-05-14,ESIO,0.0
2026-05-14,ESLA,0.0
2026-05-14,ESLR,0.0
2026-05-14,ESLRD,0.0
2026-05-14,ESLT,0.0
2026-05-14,ESMC,0.0
2026-05-14,ESND,0.0
2026-05-14,ESOA,0.004464285714285714
2026-05-14,ESPR,0.0
2026-05-14,ESQ,0.0
2026-05-14,ESRX,0.0
2026-05-14,ESSA,0.0
2026-05-14,ESSX,0.0
2026-05-14,ESTA,0.0
2026-05-14,ESTR,0.0
2026-05-14,ESXB,0.0
2026-05-14,ESYS,0.0
2026-05-14,ETAC,0.0
2026-05-14,ETAO,0.0
2026-05-14,ETFC,0.0
2026-05-14,ETHM,0.0
2026-05-14,ETHZ,0.0
2026-05-14,ETNB,0.0
2026-05-14,ETON,0.0
2026-05-14,ETOR,-0.004464285714285714
2026-05-14,ETRM,0.0
2026-05-14,ETS,0.0
2026-05-14,ETTX,0.0
2026-05-14,EU,0.0
2026-05-14,EUCR,0.0
2026-05-14,EUDA,0.0
2026-05-14,EURK,0.0
2026-05-14,EURX,0.0
2026-05-14,EUSG,0.0
2026-05-14,EVAL,0.0
2026-05-14,EVAR,0.0
2026-05-14,EVBG,0.0
2026-05-14,EVBS,0.0
2026-05-14,EVCM,0.0
2026-05-14,EVEP,0.0
2026-05-14,EVER,0.0
2026-05-14,EVFM,0.0
2026-05-14,EVGBC,0.0
2026-05-14,EVGN,0.0
2026-05-14,EVGO,0.0
2026-05-14,EVGR,0.0
2026-05-14,EVK,0.0
2026-05-14,EVLMC,0.0
2026-05-14,EVLO,0.0
2026-05-14,EVLV,0.0
2026-05-14,EVOJ,0.0
2026-05-14,EVOK,0.0
2026-05-14,EVOL,0.0
2026-05-14,EVOP,0.0
2026-05-14,EVOX,0.0
2026-05-14,EVRG,0.0
2026-05-14,EVRY,0.0
2026-05-14,EVSI,0.0
2026-05-14,EVSTC,0.0
2026-05-14,EVTV,0.0
2026-05-14,EWBC,0.0
2026-05-14,EWCZ,0.0
2026-05-14,EWTX,0.0
2026-05-14,EXA,0.0
2026-05-14,EXAC,0.0
2026-05-14,EXAS,0.0
2026-05-14,EXC,0.0
2026-05-14,EXCVV,0.0
2026-05-14,EXE,0.0
2026-05-14,EXEL,0.0
2026-05-14,EXFO,0.0
2026-05-14,EXFY,0.0
2026-05-14,EXLP,0.0
2026-05-14,EXLS,0.0
2026-05-14,EXOZ,0.0
2026-05-14,EXPC,0.0
2026-05-14,EXPE,0.0
2026-05-14,EXPI,0.0
2026-05-14,EXPO,0.0
2026-05-14,EXTR,0.0
2026-05-14,EXXI,0.0
2026-05-14,EYE,0.0
2026-05-14,EYEN,0.0
2026-05-14,EYPT,0.0
2026-05-14,EZCH,0.0
2026-05-14,EZFL,0.0
2026-05-14,EZGO,0.0
2026-05-14,EZPW,0.0
2026-05-14,EZRA,0.0
2026-05-14,FA,0.0
2026-05-14,FAAS,0.0
2026-05-14,FABC,0.0
2026-05-14,FACT,0.0
2026-05-14,FALC,0.0
2026-05-14,FAMI,0.0
2026-05-14,FANG,0.0
2026-05-14,FARM,0.0
2026-05-14,FARO,0.0
2026-05-14,FAST,0.0
2026-05-14,FAT,0.0
2026-05-14,FATAV,0.0
2026-05-14,FATBB,0.0
2026-05-14,FATBV,0.0
2026-05-14,FATE,0.0
2026-05-14,FATN,0.0
2026-05-14,FATP,0.0
2026-05-14,FAZE,0.0
2026-05-14,FBGL,0.0
2026-05-14,FBIO,0.0
2026-05-14,FBIZ,0.0
2026-05-14,FBLA,0.0
2026-05-14,FBLG,0.0
2026-05-14,FBMI,0.0
2026-05-14,FBNC,0.0
2026-05-14,FBNK,0.0
2026-05-14,FBRC,0.0
2026-05-14,FBRX,0.0
2026-05-14,FBSS,0.0
2026-05-14,FBYD,0.0
2026-05-14,FCAC,0.0
2026-05-14,FCAP,0.0
2026-05-14,FCBC,0.0
2026-05-14,FCBP,0.0
2026-05-14,FCCO,0.0
2026-05-14,FCCY,0.0
2026-05-14,FCEL,0.004464285714285714
2026-05-14,FCFP,0.0
2026-05-14,FCFS,0.0
2026-05-14,FCHI,0.0
2026-05-14,FCHL,0.0
2026-05-14,FCLF,0.0
2026-05-14,FCNCA,0.0
2026-05-14,FCNCN,0.0
2026-05-14,FCRD,0.0
2026-05-14,FCRE,0.0
2026-05-14,FCS,0.0
2026-05-14,FCSC,0.0
2026-05-14,FCTY,0.0
2026-05-14,FCUV,0.0
2026-05-14,FCVA,0.0
2026-05-14,FCZA,0.0
2026-05-14,FCZA.P,0.0
2026-05-14,FDBC,0.0
2026-05-14,FDEF,0.0
2026-05-14,FDML,0.0
2026-05-14,FDMT,0.004464285714285714
2026-05-14,FDSB,0.0
2026-05-14,FDUS,0.0
2026-05-14,FDUSG,0.0
2026-05-14,FDUSL,0.0
2026-05-14,FDUSZ,0.0
2026-05-14,FEAM,0.0
2026-05-14,FEBO,0.0
2026-05-14,FEED,0.0
2026-05-14,FEFN,0.0
2026-05-14,FEIC,0.0
2026-05-14,FEIM,0.0
2026-05-14,FELE,0.0
2026-05-14,FEMY,0.0
2026-05-14,FENC,0.0
2026-05-14,FENX,0.0
2026-05-14,FER,0.0
2026-05-14,FERA,0.0
2026-05-14,FES,0.0
2026-05-14,FEXD,0.0
2026-05-14,FEYE,0.0
2026-05-14,FFAI,0.0
2026-05-14,FFBC,0.0
2026-05-14,FFBC.W,0.0
2026-05-14,FFBH,0.0
2026-05-14,FFBW,0.0
2026-05-14,FFCO,0.0
2026-05-14,FFHL,0.0
2026-05-14,FFIC,0.0
2026-05-14,FFIE,0.0
2026-05-14,FFIN,0.0
2026-05-14,FFIV,0.0
2026-05-14,FFKT,0.0
2026-05-14,FFKY,0.0
2026-05-14,FFNM,0.0
2026-05-14,FFNW,0.0
2026-05-14,FGBI,0.0
2026-05-14,FGEN,0.0
2026-05-14,FGF,0.0
2026-05-14,FGI,0.0
2026-05-14,FGII,0.0
2026-05-14,FGL,0.0
2026-05-14,FGMC,-0.004464285714285714
2026-05-14,FGNX,-0.004464285714285714
2026-05-14,FH,0.0
2026-05-14,FHB,0.0
2026-05-14,FHCO,0.0
2026-05-14,FHLT,0.0
2026-05-14,FHTX,0.0
2026-05-14,FIAC,0.0
2026-05-14,FIBK,0.0
2026-05-14,FICV,0.0
2026-05-14,FIEE,0.0
2026-05-14,FIGR,0.0
2026-05-14,FIGX,0.0
2026-05-14,FIII,0.0
2026-05-14,FINL,0.0
2026-05-14,FINM,0.0
2026-05-14,FINW,0.0
2026-05-14,FIP,0.0
2026-05-14,FIRE,0.0
2026-05-14,FISH,0.0
2026-05-14,FISI,0.0
2026-05-14,FISV,0.0
2026-05-14,FITB,0.0
2026-05-14,FITBM,0.0
2026-05-14,FITBO,0.0
2026-05-14,FIVE,0.0
2026-05-14,FIVN,0.0
2026-05-14,FIXX,0.0
2026-05-14,FIZZ,0.0
2026-05-14,FKWL,0.0
2026-05-14,FLAC,0.0
2026-05-14,FLD,0.0
2026-05-14,FLDD,0.0
2026-05-14,FLEX,0.004464285714285714
2026-05-14,FLF,0.0
2026-05-14,FLFV,0.0
2026-05-14,FLGC,0.0
2026-05-14,FLGT,0.0
2026-05-14,FLIC,0.0
2026-05-14,FLIR,0.0
2026-05-14,FLKS,0.0
2026-05-14,FLL,0.0
2026-05-14,FLLC,0.0
2026-05-14,FLMN,0.0
2026-05-14,FLNA,0.0
2026-05-14,FLNC,0.004464285714285714
2026-05-14,FLNT,0.0
2026-05-14,FLUX,0.0
2026-05-14,FLWS,0.0
2026-05-14,FLXS,0.0
2026-05-14,FLY,0.0
2026-05-14,FLYE,0.0
2026-05-14,FLYW,0.0
2026-05-14,FMAO,0.0
2026-05-14,FMBH,0.0
2026-05-14,FMBI,0.0
2026-05-14,FMBIO,0.0
2026-05-14,FMCI,0.0
2026-05-14,FMCN,0.0
2026-05-14,FMER,0.0
2026-05-14,FMFC,0.0
2026-05-14,FMI,0.0
2026-05-14,FMIV,0.0
2026-05-14,FMNB,0.0
2026-05-14,FMST,0.0
2026-05-14,FMTO,0.0
2026-05-14,FMTX,0.0
2026-05-14,FNBC,0.0
2026-05-14,FNBG,0.0
2026-05-14,FNCB,0.0
2026-05-14,FNCH,0.0
2026-05-14,FNCX,0.0
2026-05-14,FNFG,0.0
2026-05-14,FNGN,0.0
2026-05-14,FNGR,0.0
2026-05-14,FNHC,0.0
2026-05-14,FNJN,0.0
2026-05-14,FNKO,0.004464285714285714
2026-05-14,FNLC,0.0
2026-05-14,FNRG,0.0
2026-05-14,FNRN,0.0
2026-05-14,FNSR,0.0
2026-05-14,FNTE,0.0
2026-05-14,FNUC,0.0
2026-05-14,FNVT,0.0
2026-05-14,FNWB,0.0
2026-05-14,FNWD,0.0
2026-05-14,FOCS,0.0
2026-05-14,FOFO,0.0
2026-05-14,FOGO,0.0
2026-05-14,FOLD,0.0
2026-05-14,FOMX,0.0
2026-05-14,FONR,0.0
2026-05-14,FORA,0.0
2026-05-14,FORD,0.0
2026-05-14,FORE,0.0
2026-05-14,FORK,0.0
2026-05-14,FORL,0.0
2026-05-14,FORM,0.0
2026-05-14,FORR,0.0
2026-05-14,FOSL,0.0
2026-05-14,FOSLL,0.0
2026-05-14,FOUN,0.0
2026-05-14,FOX,0.0
2026-05-14,FOXA,0.0
2026-05-14,FOXF,0.0
2026-05-14,FOXVV,0.0
2026-05-14,FOXW,0.0
2026-05-14,FOXX,0.0
2026-05-14,FPAY,0.0
2026-05-14,FPRX,0.0
2026-05-14,FRAF,0.0
2026-05-14,FRAN,0.0
2026-05-14,FRBA,0.0
2026-05-14,FRBK,0.0
2026-05-14,FRBN,0.0
2026-05-14,FRD,0.0
2026-05-14,FRED,0.0
2026-05-14,FREE,0.0
2026-05-14,FREED,0.0
2026-05-14,FREQ,0.0
2026-05-14,FRG,0.0
2026-05-14,FRGI,0.0
2026-05-14,FRGT,0.0
2026-05-14,FRHC,0.0
2026-05-14,FRLA,0.0
2026-05-14,FRME,0.0
2026-05-14,FRMEP,0.0
2026-05-14,FRMI,-0.004464285714285714
2026-05-14,FRMM,0.0
2026-05-14,FRNK,0.0
2026-05-14,FROG,0.004464285714285714
2026-05-14,FRON,0.0
2026-05-14,FRP,0.0
2026-05-14,FRPH,0.0
2026-05-14,FRPH.V,0.0
2026-05-14,FRPT,0.0
2026-05-14,FRSG,0.0
2026-05-14,FRSH,0.0
2026-05-14,FRST,0.0
2026-05-14,FRTA,0.0
2026-05-14,FRTX,0.0
2026-05-14,FRW,0.0
2026-05-14,FRZA,0.0
2026-05-14,FSAC,0.0
2026-05-14,FSAM,0.0
2026-05-14,FSBC,0.0
2026-05-14,FSBK,0.0
2026-05-14,FSBW,0.0
2026-05-14,FSC,0.0
2026-05-14,FSCF.L,0.0
2026-05-14,FSCFL,0.0
2026-05-14,FSCT,0.0
2026-05-14,FSDC,0.0
2026-05-14,FSEA,0.0
2026-05-14,FSFG,0.0
2026-05-14,FSFR,0.0
2026-05-14,FSGI,0.0
2026-05-14,FSHP,0.0
2026-05-14,FSII,0.0
2026-05-14,FSLR,0.0
2026-05-14,FSLY,0.0
2026-05-14,FSNN,0.0
2026-05-14,FSRD,0.0
2026-05-14,FSRV,0.0
2026-05-14,FSRX,0.0
2026-05-14,FSSI,0.0
2026-05-14,FSTR,0.0
2026-05-14,FSTX,0.0
2026-05-14,FSUN,0.0
2026-05-14,FSV,0.0
2026-05-14,FSYS,0.0
2026-05-14,FTAA,0.0
2026-05-14,FTAC,0.0
2026-05-14,FTAI,0.0
2026-05-14,FTAIV,0.0
2026-05-14,FTCI,0.0
2026-05-14,FTCV,0.0
2026-05-14,FTD,0.0
2026-05-14,FTDR,0.0
2026-05-14,FTEK,0.0
2026-05-14,FTEL,0.0
2026-05-14,FTFT,0.0
2026-05-14,FTHM,0.0
2026-05-14,FTII,0.0
2026-05-14,FTIV,0.0
2026-05-14,FTLF,0.0
2026-05-14,FTNT,0.004464285714285714
2026-05-14,FTOC,0.0
2026-05-14,FTR,0.0
2026-05-14,FTRE,0.004464285714285714
2026-05-14,FTRK,0.0
2026-05-14,FTRP,0.0
2026-05-14,FTSV,0.0
2026-05-14,FTVI,0.0
2026-05-14,FTWR,0.0
2026-05-14,FUBC,0.0
2026-05-14,FUEL,0.0
2026-05-14,FUFU,0.0
2026-05-14,FULC,0.0
2026-05-14,FULL,0.0
2026-05-14,FULL.L,0.0
2026-05-14,FULLL,0.0
2026-05-14,FULT,0.0
2026-05-14,FULTP,0.0
2026-05-14,FUNC,0.0
2026-05-14,FUND,0.0
2026-05-14,FUQI,0.0
2026-05-14,FURX,0.0
2026-05-14,FUSB,0.0
2026-05-14,FUSE,0.0
2026-05-14,FUSN,0.0
2026-05-14,FUV,0.0
2026-05-14,FVAM,0.0
2026-05-14,FVAV,0.0
2026-05-14,FVCB,0.0
2026-05-14,FVE,0.0
2026-05-14,FVEVV,0.0
2026-05-14,FVN,0.0
2026-05-14,FWAA,0.0
2026-05-14,FWAC,0.0
2026-05-14,FWBI,0.0
2026-05-14,FWDI,0.0
2026-05-14,FWLT,0.0
2026-05-14,FWM,0.0
2026-05-14,FWONA,0.0
2026-05-14,FWONK,0.0
2026-05-14,FWRD,-0.004464285714285714
2026-05-14,FWRG,0.0
2026-05-14,FXCB,0.0
2026-05-14,FXCM,0.0
2026-05-14,FXCO,0.0
2026-05-14,FXEN,0.0
2026-05-14,FXEN.P,0.0
2026-05-14,FXNC,0.0
2026-05-14,FYBR,0.0
2026-05-14,GABC,0.0
2026-05-14,GACQ,0.0
2026-05-14,GAGA,0.0
2026-05-14,GAI,0.0
2026-05-14,GAIA,0.0
2026-05-14,GAIN,0.0
2026-05-14,GAIN.M,0.0
2026-05-14,GAIN.P,0.0
2026-05-14,GAING,0.0
2026-05-14,GAINI,0.0
2026-05-14,GAINL,0.0
2026-05-14,GAINN,0.0
2026-05-14,GAINZ,0.0
2026-05-14,GALE,0.0
2026-05-14,GALT,0.0
2026-05-14,GALT.U,0.0
2026-05-14,GALT.W,0.0
2026-05-14,GAMB,0.0
2026-05-14,GAMC,0.0
2026-05-14,GAME,0.0
2026-05-14,GAN,0.0
2026-05-14,GANX,0.0
2026-05-14,GAQ,0.0
2026-05-14,GARS,0.0
2026-05-14,GASS,0.0
2026-05-14,GASSV,0.0
2026-05-14,GATE,0.0
2026-05-14,GAUZ,0.0
2026-05-14,GBBK,0.0
2026-05-14,GBDC,0.0
2026-05-14,GBDCR,0.0
2026-05-14,GBDCV,0.0
2026-05-14,GBFH,0.0
2026-05-14,GBIM,0.0
2026-05-14,GBIO,0.0
2026-05-14,GBLI,0.0
2026-05-14,GBLIL,0.0
2026-05-14,GBLIZ,0.0
2026-05-14,GBNH,0.0
2026-05-14,GBNK,0.0
2026-05-14,GBNY,0.0
2026-05-14,GBOX,0.0
2026-05-14,GBRG,0.0
2026-05-14,GBS,0.0
2026-05-14,GBSN,0.0
2026-05-14,GBSN.U,0.0
2026-05-14,GBT,0.0
2026-05-14,GCAC,0.0
2026-05-14,GCBC,0.0
2026-05-14,GCL,0.0
2026-05-14,GCMG,0.0
2026-05-14,GCT,0.0
2026-05-14,GCTK,0.0
2026-05-14,GCVR.Z,0.0
2026-05-14,GDC,0.0
2026-05-14,GDEN,0.0
2026-05-14,GDEV,0.0
2026-05-14,GDHG,0.0
2026-05-14,GDNR,0.0
2026-05-14,GDRX,0.0
2026-05-14,GDST,0.0
2026-05-14,GDTC,0.0
2026-05-14,GDYN,0.0
2026-05-14,GEC,0.0
2026-05-14,GECC,0.0
2026-05-14,GECCG,0.0
2026-05-14,GECCH,0.0
2026-05-14,GECCI,0.0
2026-05-14,GECCL,0.0
2026-05-14,GECCO,0.0
2026-05-14,GECCZ,0.0
2026-05-14,GECX,0.0
2026-05-14,GECXU,0.0
2026-05-14,GEEX,0.0
2026-05-14,GEG,0.0
2026-05-14,GEGGL,0.0
2026-05-14,GEHC,0.0
2026-05-14,GELS,0.0
2026-05-14,GEMI,0.0
2026-05-14,GEMP,0.0
2026-05-14,GEN,-0.004464285714285714
2026-05-14,GENB,0.0
2026-05-14,GENK,0.0
2026-05-14,GENQ,0.0
2026-05-14,GEOS,0.0
2026-05-14,GERN,0.0
2026-05-14,GEVA,0.0
2026-05-14,GEVO,0.0
2026-05-14,GFAI,0.0
2026-05-14,GFED,0.0
2026-05-14,GFGD,0.0
2026-05-14,GFN,0.0
2026-05-14,GFNC.P,0.0
2026-05-14,GFNS.L,0.0
2026-05-14,GFNSL,0.0
2026-05-14,GFNSZ,0.0
2026-05-14,GFS,0.004464285714285714
2026-05-14,GGAA,0.0
2026-05-14,GGAC,0.0
2026-05-14,GGAC.R,0.0
2026-05-14,GGAC.U,0.0
2026-05-14,GGAC.W,0.0
2026-05-14,GGE,0.0
2026-05-14,GGGV,0.0
2026-05-14,GGMC,0.0
2026-05-14,GGPI,0.0
2026-05-14,GGR,0.0
2026-05-14,GGRP,0.0
2026-05-14,GH,0.004464285714285714
2026-05-14,GHAC,0.0
2026-05-14,GHDX,0.0
2026-05-14,GHIV,0.0
2026-05-14,GHIX,0.0
2026-05-14,GHRS,0.0
2026-05-14,GHSI,0.0
2026-05-14,GHVI,0.0
2026-05-14,GIA,0.0
2026-05-14,GIAC,0.0
2026-05-14,GIBO,0.0
2026-05-14,GIFI,0.0
2026-05-14,GIFT,0.0
2026-05-14,GIG,0.0
2026-05-14,GIGA,0.0
2026-05-14,GIGM,0.0
2026-05-14,GIII,0.0
2026-05-14,GIIX,0.0
2026-05-14,GILD,0.0
2026-05-14,GILT,-0.004464285714285714
2026-05-14,GIPR,0.0
2026-05-14,GITS,0.0
2026-05-14,GIW,0.0
2026-05-14,GIX,0.0
2026-05-14,GKNT,0.0
2026-05-14,GLAC,0.0
2026-05-14,GLAD,0.0
2026-05-14,GLAD.P,0.0
2026-05-14,GLADD,0.0
2026-05-14,GLADL,0.0
2026-05-14,GLADZ,0.0
2026-05-14,GLAQ,0.0
2026-05-14,GLBE,0.0
2026-05-14,GLBKV,0.0
2026-05-14,GLBR,0.0
2026-05-14,GLBS,0.0
2026-05-14,GLBZ,0.0
2026-05-14,GLCB,0.0
2026-05-14,GLCH,0.0
2026-05-14,GLDC,0.0
2026-05-14,GLDD,0.0
2026-05-14,GLE,0.0
2026-05-14,GLEE,0.0
2026-05-14,GLG,0.0
2026-05-14,GLHA,0.0
2026-05-14,GLIBA,0.0
2026-05-14,GLIBK,0.0
2026-05-14,GLLI,0.0
2026-05-14,GLMD,0.0
2026-05-14,GLND,0.0
2026-05-14,GLNG,0.0
2026-05-14,GLOO,0.0
2026-05-14,GLPI,0.0
2026-05-14,GLRE,0.0
2026-05-14,GLRI,0.0
2026-05-14,GLRI.W,0.0
2026-05-14,GLSI,-0.004464285714285714
2026-05-14,GLSPT,0.0
2026-05-14,GLSS,0.0
2026-05-14,GLST,0.0
2026-05-14,GLTO,0.0
2026-05-14,GLUE,0.0
2026-05-14,GLUU,0.0
2026-05-14,GLXG,0.0
2026-05-14,GLXY,0.0
2026-05-14,GLYC,0.0
2026-05-14,GMBL,0.0
2026-05-14,GMBT,0.0
2026-05-14,GMCR,0.0
2026-05-14,GMDA,0.0
2026-05-14,GMET.P,0.0
2026-05-14,GMEX,0.0
2026-05-14,GMFI,0.0
2026-05-14,GMGI,0.0
2026-05-14,GMHI,0.0
2026-05-14,GMHS,0.0
2026-05-14,GMII,0.0
2026-05-14,GMLP,0.0
2026-05-14,GMM,0.0
2026-05-14,GMTX,0.0
2026-05-14,GMVD,0.0
2026-05-14,GNAC,0.0
2026-05-14,GNBC,0.0
2026-05-14,GNBT,0.0
2026-05-14,GNCA,0.0
2026-05-14,GNCM.A,0.0
2026-05-14,GNCMA,0.0
2026-05-14,GNLN,0.0
2026-05-14,GNLX,0.0
2026-05-14,GNMK,0.0
2026-05-14,GNOG,0.0
2026-05-14,GNOW,0.0
2026-05-14,GNPX,0.0
2026-05-14,GNRS,0.0
2026-05-14,GNSS,0.0
2026-05-14,GNTX,0.0
2026-05-14,GNVC,0.0
2026-05-14,GO,0.0
2026-05-14,GOAI,0.0
2026-05-14,GOBI,0.0
2026-05-14,GOCO,0.0
2026-05-14,GODN,0.0
2026-05-14,GOEV,0.0
2026-05-14,GOGL,0.0
2026-05-14,GOGO,0.0
2026-05-14,GOMO,0.0
2026-05-14,GOOD,0.0
2026-05-14,GOOD.M,0.0
2026-05-14,GOOD.N,0.0
2026-05-14,GOOD.O,0.0
2026-05-14,GOOD.P,0.0
2026-05-14,GOOG,0.0
2026-05-14,GOOGL,0.0
2026-05-14,GORV,0.0
2026-05-14,GOSS,0.0
2026-05-14,GOV,0.0
2026-05-14,GOVN.I,0.0
2026-05-14,GOVNI,0.0
2026-05-14,GOVX,0.0
2026-05-14,GP,0.0
2026-05-14,GPAC,0.0
2026-05-14,GPAK,0.0
2026-05-14,GPAQ,0.0
2026-05-14,GPAT,0.0
2026-05-14,GPCO,0.0
2026-05-14,GPIA,0.0
2026-05-14,GPIA.U,0.0
2026-05-14,GPIA.W,0.0
2026-05-14,GPIC,0.0
2026-05-14,GPRC,0.0
2026-05-14,GPRE,0.004464285714285714
2026-05-14,GPRO,0.0
2026-05-14,GRAB,0.0
2026-05-14,GRAL,0.0
2026-05-14,GRALV,0.0
2026-05-14,GRAN,0.0
2026-05-14,GRCE,0.0
2026-05-14,GRCY,0.0
2026-05-14,GRDI,0.0
2026-05-14,GRDX,0.0
2026-05-14,GREE,0.0
2026-05-14,GREEL,0.0
2026-05-14,GRI,0.0
2026-05-14,GRIF,0.0
2026-05-14,GRIL,0.0
2026-05-14,GRML,0.0
2026-05-14,GRNA,0.0
2026-05-14,GRNQ,0.0
2026-05-14,GRNV,0.0
2026-05-14,GROM,0.0
2026-05-14,GROW,0.0
2026-05-14,GRPH,0.0
2026-05-14,GRPN,0.0
2026-05-14,GRRF,0.0
2026-05-14,GRRR,0.0
2026-05-14,GRSH,0.0
2026-05-14,GRSH.W,0.0
2026-05-14,GRSV,0.0
2026-05-14,GRTS,0.0
2026-05-14,GRTX,0.0
2026-05-14,GRVI,0.0
2026-05-14,GRWG,0.0
2026-05-14,GRYP,0.0
2026-05-14,GSAQ,0.0
2026-05-14,GSAT,0.0
2026-05-14,GSBC,0.0
2026-05-14,GSD,0.0
2026-05-14,GSEV,0.0
2026-05-14,GSHD,0.004464285714285714
2026-05-14,GSHR,0.0
2026-05-14,GSHT,0.0
2026-05-14,GSIC,0.0
2026-05-14,GSIT,0.004464285714285714
2026-05-14,GSIW,0.0
2026-05-14,GSJK,0.0
2026-05-14,GSKY,0.0
2026-05-14,GSM,0.0
2026-05-14,GSMG,0.0
2026-05-14,GSRF,0.0
2026-05-14,GSRM,0.0
2026-05-14,GSRT,0.0
2026-05-14,GSUM,0.0
2026-05-14,GSUN,0.0
2026-05-14,GSVC,0.0
2026-05-14,GT,0.0
2026-05-14,GTAC,0.0
2026-05-14,GTAT,0.0
2026-05-14,GTBP,0.0
2026-05-14,GTEC,0.0
2026-05-14,GTEN,0.0
2026-05-14,GTERA,0.0
2026-05-14,GTHX,0.0
2026-05-14,GTI,0.0
2026-05-14,GTIM,0.0
2026-05-14,GTIV,0.0
2026-05-14,GTLB,0.0
2026-05-14,GTM,0.0
2026-05-14,GTPA,0.0
2026-05-14,GTPB,0.0
2026-05-14,GTWN,0.0
2026-05-14,GTX,0.0
2026-05-14,GTXI,0.0
2026-05-14,GTYH,0.0
2026-05-14,GUID,0.0
2026-05-14,GULT.U,0.0
2026-05-14,GURE,0.0
2026-05-14,GUTS,0.0
2026-05-14,GV,0.0
2026-05-14,GVCI,0.0
2026-05-14,GVH,0.0
2026-05-14,GVP,0.0
2026-05-14,GWAC,0.0
2026-05-14,GWAV,0.0
2026-05-14,GWGH,0.0
2026-05-14,GWII,0.0
2026-05-14,GWRS,0.0
2026-05-14,GXAI,0.0
2026-05-14,GXGX,0.0
2026-05-14,GXII,0.0
2026-05-14,GYMB,0.0
2026-05-14,GYRE,0.0
2026-05-14,GYRO,0.0
2026-05-14,HA,0.0
2026-05-14,HAAC,0.0
2026-05-14,HAACU,0.0
2026-05-14,HABT,0.0
2026-05-14,HACQ,0.0
2026-05-14,HAFC,0.0
2026-05-14,HAIA,0.0
2026-05-14,HAIN,0.0
2026-05-14,HAIR,0.0
2026-05-14,HALL,0.0
2026-05-14,HALO,0.0
2026-05-14,HANS,0.0
2026-05-14,HAO,0.0
2026-05-14,HARP,0.0
2026-05-14,HAS,0.0
2026-05-14,HAST,0.0
2026-05-14,HAVA,0.0
2026-05-14,HAVAR,0.0
2026-05-14,HAWK.B,0.0
2026-05-14,HAYN,0.0
2026-05-14,HBAN,0.0
2026-05-14,HBAN.N,0.0
2026-05-14,HBAN.P,0.0
2026-05-14,HBANL,0.0
2026-05-14,HBANM,0.0
2026-05-14,HBANZ,0.0
2026-05-14,HBCP,0.0
2026-05-14,HBHCL,0.0
2026-05-14,HBIO,0.0
2026-05-14,HBK,0.0
2026-05-14,HBMD,0.0
2026-05-14,HBNB,0.0
2026-05-14,HBNC,0.0
2026-05-14,HBNK,0.0
2026-05-14,HBOS,0.0
2026-05-14,HBP,0.0
2026-05-14,HBT,0.0
2026-05-14,HCAC,0.0
2026-05-14,HCAC.W,0.0
2026-05-14,HCAI,0.0
2026-05-14,HCAP,0.0
2026-05-14,HCAPL,0.0
2026-05-14,HCAPZ,0.0
2026-05-14,HCAQ,0.0
2026-05-14,HCAR,0.0
2026-05-14,HCAT,0.0
2026-05-14,HCBK,0.0
2026-05-14,HCCC,0.0
2026-05-14,HCCH,0.0
2026-05-14,HCCI,0.0
2026-05-14,HCCO,0.0
2026-05-14,HCDI,0.0
2026-05-14,HCHL,0.0
2026-05-14,HCIC,0.0
2026-05-14,HCII,0.0
2026-05-14,HCKT,0.0
2026-05-14,HCMA,0.0
2026-05-14,HCNE,0.0
2026-05-14,HCP,0.0
2026-05-14,HCSG,0.0
2026-05-14,HCT,0.0
2026-05-14,HCTI,0.0
2026-05-14,HCVI,0.0
2026-05-14,HCWB,0.0
2026-05-14,HDNG,0.0
2026-05-14,HDP,0.0
2026-05-14,HDRA,0.0
2026-05-14,HDRA.R,0.0
2026-05-14,HDRA.W,0.0
2026-05-14,HDS,0.0
2026-05-14,HDSN,0.0
2026-05-14,HEAR,0.0
2026-05-14,HEBT,0.0
2026-05-14,HEC,0.0
2026-05-14,HEES,0.0
2026-05-14,HELE,0.0
2026-05-14,HELP,0.0
2026-05-14,HEOP,0.0
2026-05-14,HEPA,0.0
2026-05-14,HERA,0.0
2026-05-14,HERZ,0.0
2026-05-14,HEV,0.0
2026-05-14,HEXO,0.0
2026-05-14,HFBC,0.0
2026-05-14,HFBL,0.0
2026-05-14,HFEN,0.0
2026-05-14,HFFC,0.0
2026-05-14,HFFG,0.0
2026-05-14,HFWA,0.0
2026-05-14,HGAS,0.0
2026-05-14,HGBL,0.0
2026-05-14,HGEN,0.0
2026-05-14,HGSH,0.0
2026-05-14,HGSI,0.0
2026-05-14,HHGC,0.0
2026-05-14,HHHH,0.0
2026-05-14,HHRS,0.0
2026-05-14,HHS,0.0
2026-05-14,HHT,0.0
2026-05-14,HIBB,0.0
2026-05-14,HIFS,0.0
2026-05-14,HIHO,0.0
2026-05-14,HIII,0.0
2026-05-14,HIIQ,0.0
2026-05-14,HILL,0.0
2026-05-14,HILS,0.0
2026-05-14,HIND,0.0
2026-05-14,HIT,0.0
2026-05-14,HITI,0.0
2026-05-14,HITK,0.0
2026-05-14,HITT,0.0
2026-05-14,HIVE,0.0
2026-05-14,HJLI,0.0
2026-05-14,HKIT,0.0
2026-05-14,HKPD,0.0
2026-05-14,HKTV,0.0
2026-05-14,HLAH,0.0
2026-05-14,HLBZ,0.0
2026-05-14,HLCS,0.0
2026-05-14,HLIT,0.0
2026-05-14,HLMN,0.0
2026-05-14,HLNE,0.0
2026-05-14,HLP,0.0
2026-05-14,HLSS,0.0
2026-05-14,HLTH,0.0
2026-05-14,HLVX,0.0
2026-05-14,HLXA,0.0
2026-05-14,HLXB,0.0
2026-05-14,HLXC,0.0
2026-05-14,HMAC,0.0
2026-05-14,HMCO,0.0
2026-05-14,HMH,0.0
2026-05-14,HMHC,0.0
2026-05-14,HMIN,0.0
2026-05-14,HMNF,0.0
2026-05-14,HMNY,0.0
2026-05-14,HMPR,0.0
2026-05-14,HMPT,0.0
2026-05-14,HMR,0.0
2026-05-14,HMST,0.0
2026-05-14,HMSY,0.0
2026-05-14,HMTA,0.0
2026-05-14,HMTV,0.0
2026-05-14,HMU,0.0
2026-05-14,HNH,0.0
2026-05-14,HNNA,0.0
2026-05-14,HNNAZ,0.0
2026-05-14,HNRG,0.0
2026-05-14,HNSN,0.0
2026-05-14,HNST,0.0
2026-05-14,HNVR,0.0
2026-05-14,HOFT,0.0
2026-05-14,HOFV,0.0
2026-05-14,HOGS,0.0
2026-05-14,HOL,0.0
2026-05-14,HOLI,0.0
2026-05-14,HOLO,0.0
2026-05-14,HOLX,0.0
2026-05-14,HON,0.0
2026-05-14,HOND,0.0
2026-05-14,HONE,0.0
2026-05-14,HONIV,0.0
2026-05-14,HOOD,0.0
2026-05-14,HOOK,0.0
2026-05-14,HOPE,0.0
2026-05-14,HORI,0.0
2026-05-14,HOTH,0.0
2026-05-14,HOTR,0.0
2026-05-14,HOTR.W,0.0
2026-05-14,HOTT,0.0
2026-05-14,HOUR,0.0
2026-05-14,HOVR,0.0
2026-05-14,HOWL,0.0
2026-05-14,HPAC,0.0
2026-05-14,HPAI,0.0
2026-05-14,HPCO,0.0
2026-05-14,HPJ,0.0
2026-05-14,HPK,0.0
2026-05-14,HPLT,0.0
2026-05-14,HPT,0.0
2026-05-14,HPTR.P,0.0
2026-05-14,HPTX,0.0
2026-05-14,HQ,0.0
2026-05-14,HQI,0.0
2026-05-14,HQY,0.0
2026-05-14,HRBN,0.0
2026-05-14,HRMN,0.0
2026-05-14,HRMN.W,0.0
2026-05-14,HRMY,0.0
2026-05-14,HROW,-0.004464285714285714
2026-05-14,HROWL,0.0
2026-05-14,HROWM,0.0
2026-05-14,HRTX,0.0
2026-05-14,HRYU,0.0
2026-05-14,HRZN,0.0
2026-05-14,HSAC,0.0
2026-05-14,HSAI,-0.004464285714285714
2026-05-14,HSAQ,0.0
2026-05-14,HSCS,0.0
2026-05-14,HSDT,0.0
2026-05-14,HSGX,0.0
2026-05-14,HSIC,0.0
2026-05-14,HSICV,0.0
2026-05-14,HSII,0.0
2026-05-14,HSKA,0.0
2026-05-14,HSNI,0.0
2026-05-14,HSOL,0.0
2026-05-14,HSON,0.0
2026-05-14,HSPO,0.0
2026-05-14,HSPT,0.0
2026-05-14,HST,0.0
2026-05-14,HSTM,0.0
2026-05-14,HSTO,0.0
2026-05-14,HTBI,0.0
2026-05-14,HTBK,0.0
2026-05-14,HTCH,0.0
2026-05-14,HTCO,-0.004464285714285714
2026-05-14,HTCR,0.0
2026-05-14,HTFL,0.0
2026-05-14,HTGM,0.0
2026-05-14,HTLD,0.0
2026-05-14,HTLF,0.0
2026-05-14,HTLM,0.0
2026-05-14,HTO,0.0
2026-05-14,HTOO,0.0
2026-05-14,HTWO,0.0
2026-05-14,HTWR,0.0
2026-05-14,HTZ,0.0
2026-05-14,HUAK,0.0
2026-05-14,HUBC,0.0
2026-05-14,HUBG,0.0
2026-05-14,HUDA,0.0
2026-05-14,HUDI,0.0
2026-05-14,HUGE,0.0
2026-05-14,HUHU,0.0
2026-05-14,HUMA,0.0
2026-05-14,HUNT,0.0
2026-05-14,HURA,0.0
2026-05-14,HURC,0.0
2026-05-14,HURN,0.0
2026-05-14,HUSN,0.0
2026-05-14,HUT,0.004464285714285714
2026-05-14,HVBC,0.0
2026-05-14,HVBT,0.0
2026-05-14,HVII,0.0
2026-05-14,HVMC,0.0
2026-05-14,HWBK,0.0
2026-05-14,HWC,0.0
2026-05-14,HWCC,0.0
2026-05-14,HWCPL,0.0
2026-05-14,HWCPZ,0.0
2026-05-14,HWEL,0.0
2026-05-14,HWH,0.0
2026-05-14,HWKN,0.0
2026-05-14,HXHX,0.0
2026-05-14,HYFM,0.0
2026-05-14,HYFT,0.0
2026-05-14,HYGS,0.0
2026-05-14,HYMC,0.004464285714285714
2026-05-14,HYNE,0.0
2026-05-14,HYPD,0.0
2026-05-14,HYPR,0.0
2026-05-14,HYRE,0.0
2026-05-14,HYZN,0.0
2026-05-14,HZNP,0.0
2026-05-14,IAC,0.0
2026-05-14,IACI,0.0
2026-05-14,IACO,0.0
2026-05-14,IACVV,0.0
2026-05-14,IAIC,0.0
2026-05-14,IAM,0.0
2026-05-14,IART,-0.004464285714285714
2026-05-14,IART.V,0.0
2026-05-14,IAS,0.0
2026-05-14,IBAC,0.0
2026-05-14,IBCP,0.0
2026-05-14,IBEX,0.0
2026-05-14,IBG,0.0
2026-05-14,IBIO,0.0
2026-05-14,IBKC,0.0
2026-05-14,IBKC.O,0.0
2026-05-14,IBKR,0.0
2026-05-14,IBOC,0.0
2026-05-14,IBRX,0.0
2026-05-14,IBTX,0.0
2026-05-14,ICAD,0.0
2026-05-14,ICBK,0.0
2026-05-14,ICCC,0.0
2026-05-14,ICCH,0.0
2026-05-14,ICCM,0.0
2026-05-14,ICCT,0.0
2026-05-14,ICEL,0.0
2026-05-14,ICFI,0.0
2026-05-14,ICGE,0.0
2026-05-14,ICHR,0.0
2026-05-14,ICLD,0.0
2026-05-14,ICLD.W,0.0
2026-05-14,ICLR,0.0
2026-05-14,ICMB,0.0
2026-05-14,ICON,0.0
2026-05-14,ICPT,0.0
2026-05-14,ICU,0.0
2026-05-14,ICUI,0.0
2026-05-14,ICVX,0.0
2026-05-14,IDAI,0.0
2026-05-14,IDCC,0.0
2026-05-14,IDEX,0.0
2026-05-14,IDGX,0.0
2026-05-14,IDIX,0.0
2026-05-14,IDN,0.0
2026-05-14,IDRA,0.0
2026-05-14,IDSA,0.0
2026-05-14,IDSY,0.0
2026-05-14,IDTI,0.0
2026-05-14,IDXG,0.0
2026-05-14,IDXX,0.0
2026-05-14,IDYA,0.0
2026-05-14,IEA,0.0
2026-05-14,IEAG,0.0
2026-05-14,IEC,0.0
2026-05-14,IEP,0.0
2026-05-14,IESC,0.0
2026-05-14,IFAS,0.0
2026-05-14,IFBD,0.0
2026-05-14,IFMK,0.0
2026-05-14,IFNA,0.0
2026-05-14,IFON,0.0
2026-05-14,IFRX,0.0
2026-05-14,IGAC,0.0
2026-05-14,IGAP,0.0
2026-05-14,IGIC,0.0
2026-05-14,IGMS,0.0
2026-05-14,IGNY,0.0
2026-05-14,IGTA,0.0
2026-05-14,IGTE,0.0
2026-05-14,IHRT,0.0
2026-05-14,III,0.0
2026-05-14,IIII,0.0
2026-05-14,IIIV,-0.004464285714285714
2026-05-14,IILG,0.0
2026-05-14,IILG.V,0.0
2026-05-14,IIN,0.0
2026-05-14,IINN,0.0
2026-05-14,IKAN,0.0
2026-05-14,IKGH,0.0
2026-05-14,IKNA,0.0
2026-05-14,IKNX,0.0
2026-05-14,IKT,0.0
2026-05-14,ILG,0.0
2026-05-14,ILLM,0.0
2026-05-14,ILLR,0.0
2026-05-14,ILLU,0.0
2026-05-14,ILMN,0.0
2026-05-14,ILMNV,0.0
2026-05-14,IMA,0.0
2026-05-14,IMAC,0.0
2026-05-14,IMAQ,0.0
2026-05-14,IMBI,0.0
2026-05-14,IMBIL,0.0
2026-05-14,IMCC,0.0
2026-05-14,IMDX,0.0
2026-05-14,IMDZ,0.0
2026-05-14,IMG,0.0
2026-05-14,IMGN,0.0
2026-05-14,IMGO,0.0
2026-05-14,IMI,0.0
2026-05-14,IMKTA,0.0
2026-05-14,IMMR,0.0
2026-05-14,IMMU,0.0
2026-05-14,IMMX,0.0
2026-05-14,IMMY,0.0
2026-05-14,IMNM,0.0
2026-05-14,IMNN,0.0
2026-05-14,IMNP,0.0
2026-05-14,IMPL,0.0
2026-05-14,IMPP,0.0
2026-05-14,IMPPP,0.0
2026-05-14,IMPPV,0.0
2026-05-14,IMPV,0.0
2026-05-14,IMRS,0.0
2026-05-14,IMRX,0.0
2026-05-14,IMSR,0.0
2026-05-14,IMTE,0.0
2026-05-14,IMTX,0.0
2026-05-14,IMUX,-0.004464285714285714
2026-05-14,IMV,0.0
2026-05-14,IMVT,0.0
2026-05-14,IMXI,-0.004464285714285714
2026-05-14,INAB,0.0
2026-05-14,INAC,0.0
2026-05-14,INAP,0.0
2026-05-14,INAQ,0.0
2026-05-14,INBK,0.0
2026-05-14,INBK.L,0.0
2026-05-14,INBKL,0.0
2026-05-14,INBKZ,0.0
2026-05-14,INBS,0.0
2026-05-14,INBX,-0.004464285714285714
2026-05-14,INBXV,0.0
2026-05-14,INCR,0.0
2026-05-14,INCY,0.0
2026-05-14,INDB,0.0
2026-05-14,INDI,0.0
2026-05-14,INDP,0.0
2026-05-14,INDT,0.0
2026-05-14,INDU,0.0
2026-05-14,INDV,0.0
2026-05-14,INEO,0.0
2026-05-14,INFI,0.0
2026-05-14,INFN,0.0
2026-05-14,INGN,0.0
2026-05-14,INHD,0.0
2026-05-14,INHX,0.0
2026-05-14,ININ,0.0
2026-05-14,INKA,0.0
2026-05-14,INKT,0.0
2026-05-14,INLF,0.0
2026-05-14,INM,0.0
2026-05-14,INMB,0.0
2026-05-14,INMD,0.0
2026-05-14,INNT,0.0
2026-05-14,INNV,0.0
2026-05-14,INO,0.0
2026-05-14,INOD,0.004464285714285714
2026-05-14,INPH,0.0
2026-05-14,INPX,0.0
2026-05-14,INPXV,0.0
2026-05-14,INSE,0.0
2026-05-14,INSG,0.0
2026-05-14,INSM,-0.004464285714285714
2026-05-14,INSU,0.0
2026-05-14,INSY,0.0
2026-05-14,INTA,0.0
2026-05-14,INTC,0.004464285714285714
2026-05-14,INTE,0.0
2026-05-14,INTG,0.0
2026-05-14,INTJ,0.0
2026-05-14,INTL.L,0.0
2026-05-14,INTR,0.0
2026-05-14,INTS,0.0
2026-05-14,INTU,0.0
2026-05-14,INTX,0.0
2026-05-14,INTZ,0.0
2026-05-14,INV,0.004464285714285714
2026-05-14,INVA,0.0
2026-05-14,INVE,0.0
2026-05-14,INVO,0.0
2026-05-14,INVT,0.0
2026-05-14,INVZ,0.0
2026-05-14,INWK,0.0
2026-05-14,INXB,0.0
2026-05-14,INXBV,0.0
2026-05-14,INZY,0.0
2026-05-14,IOAC,0.0
2026-05-14,IOBT,0.0
2026-05-14,IONM,0.0
2026-05-14,IONS,0.0
2026-05-14,IOSP,0.0
2026-05-14,IOTR,0.0
2026-05-14,IOTS,0.0
2026-05-14,IOVA,0.0
2026-05-14,IPA,0.0
2026-05-14,IPAR,0.0
2026-05-14,IPAS,0.0
2026-05-14,IPAX,0.0
2026-05-14,IPCC,0.0
2026-05-14,IPCI,0.0
2026-05-14,IPCM,0.0
2026-05-14,IPCX,0.0
2026-05-14,IPDN,0.0
2026-05-14,IPEX,0.0
2026-05-14,IPGP,0.0
2026-05-14,IPHI,0.0
2026-05-14,IPHS,0.0
2026-05-14,IPIC,0.0
2026-05-14,IPM,0.0
2026-05-14,IPOD,0.0
2026-05-14,IPSC,0.0
2026-05-14,IPST,0.0
2026-05-14,IPVI,0.0
2026-05-14,IPW,0.0
2026-05-14,IPWR,0.0
2026-05-14,IPXL,0.0
2026-05-14,IPXX,0.0
2026-05-14,IQMD,0.0
2026-05-14,IQNT,0.0
2026-05-14,IQST,0.0
2026-05-14,IRAA,0.0
2026-05-14,IRBT,0.0
2026-05-14,IRD,0.0
2026-05-14,IRDM,0.0
2026-05-14,IRDM.Z,0.0
2026-05-14,IREN,0.004464285714285714
2026-05-14,IRG,0.0
2026-05-14,IRHO,0.0
2026-05-14,IRIX,0.0
2026-05-14,IRMD,0.0
2026-05-14,IROH,0.0
2026-05-14,IRON,0.0
2026-05-14,IROQ,0.0
2026-05-14,IRTC,0.0
2026-05-14,IRWD,0.0
2026-05-14,IRWDV,0.0
2026-05-14,ISAA,0.0
2026-05-14,ISBA,0.0
2026-05-14,ISBC,0.0
2026-05-14,ISCA,0.0
2026-05-14,ISEE,0.0
2026-05-14,ISIG,0.0
2026-05-14,ISIL,0.0
2026-05-14,ISIS,0.0
2026-05-14,ISLE,0.0
2026-05-14,ISLN,0.0
2026-05-14,ISNS,0.0
2026-05-14,ISO,0.0
2026-05-14,ISPC,0.0
2026-05-14,ISPH,0.0
2026-05-14,ISPO,0.0
2026-05-14,ISPR,0.0
2026-05-14,ISRG,0.0
2026-05-14,ISRL,0.0
2026-05-14,ISSC,0.0
2026-05-14,ISSI,0.0
2026-05-14,ISTR,0.0
2026-05-14,ISUN,0.0
2026-05-14,ITAC,0.0
2026-05-14,ITAQ,0.0
2026-05-14,ITCI,0.0
2026-05-14,ITEK,0.0
2026-05-14,ITHA,0.0
2026-05-14,ITHX,0.0
2026-05-14,ITI,0.0
2026-05-14,ITIC,0.0
2026-05-14,ITMN,0.0
2026-05-14,ITOC,0.0
2026-05-14,ITOS,0.0
2026-05-14,ITQ,0.0
2026-05-14,ITRI,0.0
2026-05-14,ITRM,0.0
2026-05-14,ITRN,0.0
2026-05-14,ITUS,0.0
2026-05-14,IVAC,0.0
2026-05-14,IVCA,0.0
2026-05-14,IVCB,0.0
2026-05-14,IVCP,0.0
2026-05-14,IVDA,0.0
2026-05-14,IVENC,0.0
2026-05-14,IVF,0.0
2026-05-14,IVFGC,0.0
2026-05-14,IVFVC,0.0
2026-05-14,IVP,0.0
2026-05-14,IVTY,0.0
2026-05-14,IVVD,0.0
2026-05-14,IXAQ,0.0
2026-05-14,IXYS,0.0
2026-05-14,IZEA,0.0
2026-05-14,IZM,0.0
2026-05-14,IZTC,0.0
2026-05-14,JAAC,0.0
2026-05-14,JACK,0.0
2026-05-14,JACQ,0.0
2026-05-14,JACQ.U,0.0
2026-05-14,JACQ.W,0.0
2026-05-14,JAGX,0.0
2026-05-14,JAKK,0.0
2026-05-14,JAMF,0.0
2026-05-14,JANX,0.0
2026-05-14,JAQC,0.0
2026-05-14,JASN,0.0
2026-05-14,JASN.W,0.0
2026-05-14,JATT,0.0
2026-05-14,JAXB,0.0
2026-05-14,JAZZ,0.0
2026-05-14,JBDI,0.0
2026-05-14,JBHT,0.0
2026-05-14,JBIO,0.004464285714285714
2026-05-14,JBLU,0.0
2026-05-14,JBSS,0.0
2026-05-14,JCAP,0.0
2026-05-14,JCIC,0.0
2026-05-14,JCS,0.0
2026-05-14,JCSE,0.0
2026-05-14,JCTC,0.0
2026-05-14,JCTCF,0.0
2026-05-14,JDAS,0.0
2026-05-14,JDSU,0.0
2026-05-14,JDZG,0.0
2026-05-14,JEM,0.0
2026-05-14,JEWL,0.0
2026-05-14,JFB,0.0
2026-05-14,JFBI,0.0
2026-05-14,JFBR,0.0
2026-05-14,JFK,0.0
2026-05-14,JGBB,0.0
2026-05-14,JGGC,0.0
2026-05-14,JJSF,0.0
2026-05-14,JKHY,0.0
2026-05-14,JL,0.0
2026-05-14,JLHL,0.0
2026-05-14,JMAC,0.0
2026-05-14,JMBA,0.0
2026-05-14,JMPNL,0.0
2026-05-14,JMPNZ,0.0
2026-05-14,JMSB,0.0
2026-05-14,JNCE,0.0
2026-05-14,JNP,0.0
2026-05-14,JNVR,0.0
2026-05-14,JOAN,0.0
2026-05-14,JOEZ,0.0
2026-05-14,JOFF,0.0
2026-05-14,JOSB,0.0
2026-05-14,JOUT,0.0
2026-05-14,JOYG,0.0
2026-05-14,JRCC,0.0
2026-05-14,JRSH,0.0
2026-05-14,JRVR,0.0
2026-05-14,JSM,0.0
2026-05-14,JSPR,0.0
2026-05-14,JST,0.0
2026-05-14,JSYN,0.0
2026-05-14,JSYN.R,0.0
2026-05-14,JSYN.U,0.0
2026-05-14,JTAI,0.0
2026-05-14,JTPY,0.0
2026-05-14,JUGG,0.0
2026-05-14,JUNE,0.0
2026-05-14,JUNO,0.0
2026-05-14,JUNS,0.0
2026-05-14,JUPW,0.0
2026-05-14,JVA,0.0
2026-05-14,JVSA,0.0
2026-05-14,JWAC,0.0
2026-05-14,JWEL,0.0
2026-05-14,JXG,0.0
2026-05-14,JXJT,0.0
2026-05-14,JXSB,0.0
2026-05-14,JYAC,0.0
2026-05-14,JYD,0.0
2026-05-14,JYNT,0.0
2026-05-14,JZXN,0.0
2026-05-14,KA,0.0
2026-05-14,KAAC,0.0
2026-05-14,KACL,0.0
2026-05-14,KAII,0.0
2026-05-14,KAIR,0.0
2026-05-14,KAL,0.0
2026-05-14,KALA,0.0
2026-05-14,KALU,0.0
2026-05-14,KALV,0.0
2026-05-14,KARO,0.0
2026-05-14,KAVL,0.0
2026-05-14,KBAL,0.0
2026-05-14,KBAL.B,0.0
2026-05-14,KBAL.V,0.0
2026-05-14,KBIO,0.0
2026-05-14,KBLM,0.0
2026-05-14,KBNT,0.0
2026-05-14,KBON,0.0
2026-05-14,KBSF,0.0
2026-05-14,KBSX,0.0
2026-05-14,KCAP,0.0
2026-05-14,KCAPL,0.0
2026-05-14,KCHV,0.0
2026-05-14,KCLI,0.0
2026-05-14,KDK,0.0
2026-05-14,KDLY,0.0
2026-05-14,KDMN,0.0
2026-05-14,KDNY,0.0
2026-05-14,KDP,0.0
2026-05-14,KE,0.0
2026-05-14,KEEL,0.0
2026-05-14,KELYA,0.0
2026-05-14,KELYB,0.0
2026-05-14,KEQU,0.0
2026-05-14,KERN,0.0
2026-05-14,KERX,0.0
2026-05-14,KEYW,0.0
2026-05-14,KFFB,0.0
2026-05-14,KFII,0.0
2026-05-14,KFT,0.0
2026-05-14,KFX,0.0
2026-05-14,KG,0.0
2026-05-14,KGEI,0.0
2026-05-14,KGJI,0.0
2026-05-14,KHC,0.0
2026-05-14,KIDS,0.0
2026-05-14,KIDZ,0.0
2026-05-14,KIII,0.0
2026-05-14,KIN,0.0
2026-05-14,KINS,0.0
2026-05-14,KINZ,0.0
2026-05-14,KIOR,0.0
2026-05-14,KIPO,0.0
2026-05-14,KIPS,0.0
2026-05-14,KIRK,0.0
2026-05-14,KITE,0.0
2026-05-14,KITT,0.0
2026-05-14,KLAC,0.0
2026-05-14,KLAQ,0.0
2026-05-14,KLDO,0.0
2026-05-14,KLIC,0.0
2026-05-14,KLOX,0.0
2026-05-14,KLRA,0.0
2026-05-14,KLRE,0.0
2026-05-14,KLRE.U,0.0
2026-05-14,KLRE.W,0.0
2026-05-14,KLRS,0.0
2026-05-14,KLTO,0.0
2026-05-14,KLTR,0.0
2026-05-14,KLXE,0.0
2026-05-14,KLXEV,0.0
2026-05-14,KLXI,0.0
2026-05-14,KLXI.V,0.0
2026-05-14,KLXIV,0.0
2026-05-14,KMB,0.0
2026-05-14,KMDA,0.0
2026-05-14,KMRK,0.0
2026-05-14,KMTS,0.0
2026-05-14,KNBE,0.0
2026-05-14,KNDI,0.0
2026-05-14,KNSA,0.0
2026-05-14,KNTE,0.0
2026-05-14,KOD,0.0
2026-05-14,KONA,0.0
2026-05-14,KOPN,0.004464285714285714
2026-05-14,KOR,0.0
2026-05-14,KOSS,0.0
2026-05-14,KOYN,0.0
2026-05-14,KPLT,0.0
2026-05-14,KPRX,0.0
2026-05-14,KPTI,0.0
2026-05-14,KRAQ,0.0
2026-05-14,KRBP,0.0
2026-05-14,KRFT,0.0
2026-05-14,KRMD,0.0
2026-05-14,KRNL,0.0
2026-05-14,KRNT,0.0
2026-05-14,KRNY,0.0
2026-05-14,KRON,0.0
2026-05-14,KROS,0.0
2026-05-14,KRRO,0.0
2026-05-14,KRT,-0.004464285714285714
2026-05-14,KRTX,0.0
2026-05-14,KRUS,0.0
2026-05-14,KRYS,0.0
2026-05-14,KSCP,0.0
2026-05-14,KSI,0.0
2026-05-14,KSMT,0.0
2026-05-14,KSPN,0.0
2026-05-14,KTCC,0.0
2026-05-14,KTOS,0.0
2026-05-14,KTOV.W,0.0
2026-05-14,KTRA,0.0
2026-05-14,KTTA,0.0
2026-05-14,KTWO,0.0
2026-05-14,KURA,0.0
2026-05-14,KURI,0.0
2026-05-14,KUST,0.0
2026-05-14,KUTV,0.0
2026-05-14,KVAC,0.0
2026-05-14,KVHI,0.0
2026-05-14,KVSA,0.0
2026-05-14,KVSB,0.0
2026-05-14,KVSC,0.0
2026-05-14,KWE,0.0
2026-05-14,KWM,0.0
2026-05-14,KXIN,-0.004464285714285714
2026-05-14,KYCH,0.0
2026-05-14,KYIV,0.0
2026-05-14,KYMR,0.0
2026-05-14,KYNB,0.0
2026-05-14,KYTH,0.0
2026-05-14,KYTX,0.0
2026-05-14,KZR,0.0
2026-05-14,LAAA,0.0
2026-05-14,LAB,0.0
2026-05-14,LABC,0.0
2026-05-14,LABL,0.0
2026-05-14,LABP,0.0
2026-05-14,LABT,0.0
2026-05-14,LACO,0.0
2026-05-14,LACQ,0.0
2026-05-14,LAES,0.0
2026-05-14,LAFA,0.0
2026-05-14,LAKE,0.0
2026-05-14,LAMR,0.0
2026-05-14,LANC,0.0
2026-05-14,LAND,0.0
2026-05-14,LAND.P,0.0
2026-05-14,LANDO,0.0
2026-05-14,LARK,0.0
2026-05-14,LASE,0.0
2026-05-14,LASR,0.004464285714285714
2026-05-14,LATA,0.0
2026-05-14,LATG,0.0
2026-05-14,LATN,0.0
2026-05-14,LAUR,0.0
2026-05-14,LAVA,0.0
2026-05-14,LAX,0.0
2026-05-14,LAYN,0.0
2026-05-14,LAZR,0.0
2026-05-14,LAZY,0.0
2026-05-14,LBAI,0.0
2026-05-14,LBBB,0.0
2026-05-14,LBC,0.0
2026-05-14,LBCC,0.0
2026-05-14,LBDAV,0.0
2026-05-14,LBDKV,0.0
2026-05-14,LBGJ,0.0
2026-05-14,LBIO,0.0
2026-05-14,LBIX,0.0
2026-05-14,LBKR.V,0.0
2026-05-14,LBPH,0.0
2026-05-14,LBRDA,-0.004464285714285714
2026-05-14,LBRDK,-0.004464285714285714
2026-05-14,LBRK.R,0.0
2026-05-14,LBRX,0.0
2026-05-14,LBTA.V,0.0
2026-05-14,LBTB.V,0.0
2026-05-14,LBTK.V,0.0
2026-05-14,LBTY.B,0.0
2026-05-14,LBTY.K,0.0
2026-05-14,LBTYA,0.0
2026-05-14,LBTYB,0.0
2026-05-14,LBTYK,0.0
2026-05-14,LBYAV,0.0
2026-05-14,LBYKV,0.0
2026-05-14,LCA,0.0
2026-05-14,LCAA,0.0
2026-05-14,LCAH.U,0.0
2026-05-14,LCAH.W,0.0
2026-05-14,LCAV,0.0
2026-05-14,LCCC,0.0
2026-05-14,LCFY,0.0
2026-05-14,LCID,-0.004464285714285714
2026-05-14,LCNB,0.0
2026-05-14,LCUT,0.0
2026-05-14,LCW,0.0
2026-05-14,LCY,0.0
2026-05-14,LDHA,0.0
2026-05-14,LDTC,0.0
2026-05-14,LDWY,0.0
2026-05-14,LE,0.0
2026-05-14,LECO,0.0
2026-05-14,LEDS,0.0
2026-05-14,LEE,0.0
2026-05-14,LEGA,0.0
2026-05-14,LEGH,0.0
2026-05-14,LENZ,0.0
2026-05-14,LESL,0.0
2026-05-14,LEVL,0.0
2026-05-14,LEVY,0.0
2026-05-14,LEVY.U,0.0
2026-05-14,LEVY.W,0.0
2026-05-14,LEXAV,0.0
2026-05-14,LEXEA,0.0
2026-05-14,LEXEB,0.0
2026-05-14,LEXX,0.0
2026-05-14,LFAC,0.0
2026-05-14,LFCR,0.0
2026-05-14,LFIN,0.0
2026-05-14,LFLY,0.0
2026-05-14,LFMD,0.0
2026-05-14,LFST,0.0
2026-05-14,LFTR,0.0
2026-05-14,LFUS,0.0
2026-05-14,LFVN,0.0
2026-05-14,LFWD,0.0
2026-05-14,LGAC,0.0
2026-05-14,LGCB,0.0
2026-05-14,LGCL,0.0
2026-05-14,LGCYO,0.0
2026-05-14,LGHL,0.0
2026-05-14,LGIH,0.0
2026-05-14,LGMK,0.0
2026-05-14,LGN,0.0
2026-05-14,LGND,0.0
2026-05-14,LGNDV,0.0
2026-05-14,LGO,0.0
2026-05-14,LGST,0.0
2026-05-14,LGTO,0.0
2026-05-14,LGTY,0.0
2026-05-14,LGVC,0.0
2026-05-14,LGVN,0.0
2026-05-14,LHAA,0.0
2026-05-14,LHAI,0.0
2026-05-14,LHCG,0.0
2026-05-14,LHDX,0.0
2026-05-14,LHSW,0.0
2026-05-14,LIBY,0.0
2026-05-14,LICN,0.0
2026-05-14,LIDR,0.0
2026-05-14,LIEN,0.0
2026-05-14,LIF,0.0
2026-05-14,LIFE,0.004464285714285714
2026-05-14,LIFW,0.0
2026-05-14,LIHR,0.0
2026-05-14,LILA,-0.004464285714285714
2026-05-14,LILA.K,0.0
2026-05-14,LILA.V,0.0
2026-05-14,LILAK,0.0
2026-05-14,LILK.V,0.0
2026-05-14,LILM,0.0
2026-05-14,LIME,0.0
2026-05-14,LIMN,0.0
2026-05-14,LIN,0.0
2026-05-14,LINC,0.0
2026-05-14,LIND,0.0
2026-05-14,LIND.W,0.0
2026-05-14,LINE,0.0
2026-05-14,LINK,0.0
2026-05-14,LINT.A,0.0
2026-05-14,LINT.B,0.0
2026-05-14,LINTA,0.0
2026-05-14,LINU,0.0
2026-05-14,LIOX,0.0
2026-05-14,LIPO,0.0
2026-05-14,LIQD,0.0
2026-05-14,LIQT,0.0
2026-05-14,LITE,0.004464285714285714
2026-05-14,LITM,0.0
2026-05-14,LITS,0.0
2026-05-14,LITT,0.0
2026-05-14,LIVB,0.0
2026-05-14,LIVE,0.0
2026-05-14,LIVK,0.0
2026-05-14,LIVN,0.0
2026-05-14,LIVX,0.0
2026-05-14,LIWA,0.0
2026-05-14,LIXT,0.0
2026-05-14,LJAQ,0.0
2026-05-14,LJPC,0.0
2026-05-14,LKCO,0.0
2026-05-14,LKFN,0.0
2026-05-14,LKQ,0.0
2026-05-14,LKSP,0.0
2026-05-14,LLEN,0.0
2026-05-14,LLIT,0.0
2026-05-14,LLL,0.0
2026-05-14,LLNW,0.0
2026-05-14,LLTC,0.0
2026-05-14,LLYVA,0.0
2026-05-14,LLYVK,0.0
2026-05-14,LMACA,0.0
2026-05-14,LMAO,0.0
2026-05-14,LMAT,0.0
2026-05-14,LMB,0.0
2026-05-14,LMCA,0.0
2026-05-14,LMCB,0.0
2026-05-14,LMCK,0.0
2026-05-14,LMCK.V,0.0
2026-05-14,LMDX,0.0
2026-05-14,LMFA,0.0
2026-05-14,LMFA.U,0.0
2026-05-14,LMFA.W,0.0
2026-05-14,LMIA,0.0
2026-05-14,LMNL,0.0
2026-05-14,LMNR,0.0
2026-05-14,LMNS,0.0
2026-05-14,LMOS,0.0
2026-05-14,LMPX,0.0
2026-05-14,LMRI,-0.004464285714285714
2026-05-14,LMRK,0.0
2026-05-14,LMRK.O,0.0
2026-05-14,LMRK.P,0.0
2026-05-14,LMST,0.0
2026-05-14,LNAI,0.0
2026-05-14,LNBB,0.0
2026-05-14,LNCE,0.0
2026-05-14,LNCO,0.0
2026-05-14,LNCR,0.0
2026-05-14,LNKB,0.0
2026-05-14,LNKS,0.0
2026-05-14,LNSR,0.0
2026-05-14,LNT,0.0
2026-05-14,LNTH,0.0
2026-05-14,LNW,0.0
2026-05-14,LNZA,0.0
2026-05-14,LOAC,0.0
2026-05-14,LOAN,0.0
2026-05-14,LOBO,0.0
2026-05-14,LOCM,0.0
2026-05-14,LOCO,0.0
2026-05-14,LOGC,0.0
2026-05-14,LOGI,0.0
2026-05-14,LOGM,0.0
2026-05-14,LOJN,0.0
2026-05-14,LOKV,0.0
2026-05-14,LONA,0.0
2026-05-14,LONE,0.0
2026-05-14,LONG,0.0
2026-05-14,LOOK,0.0
2026-05-14,LOOP,0.0
2026-05-14,LOPE,0.0
2026-05-14,LORL,0.0
2026-05-14,LOTZ,0.0
2026-05-14,LOVE,0.0
2026-05-14,LOXO,0.0
2026-05-14,LPAA,0.0
2026-05-14,LPBB,0.0
2026-05-14,LPCN,0.0
2026-05-14,LPCV,0.0
2026-05-14,LPDX,0.0
2026-05-14,LPHI,0.0
2026-05-14,LPLA,0.0
2026-05-14,LPNT,0.0
2026-05-14,LPRO,0.0
2026-05-14,LPSB,0.0
2026-05-14,LPSN,0.0
2026-05-14,LPTH,0.0
2026-05-14,LPTN,0.0
2026-05-14,LPTX,0.0
2026-05-14,LQDA,0.004464285714285714
2026-05-14,LQDT,0.0
2026-05-14,LQR,0.0
2026-05-14,LRAD,0.0
2026-05-14,LRCX,0.0
2026-05-14,LRFC,0.0
2026-05-14,LRHC,0.0
2026-05-14,LRMR,0.0
2026-05-14,LSAC,0.0
2026-05-14,LSAK,0.0
2026-05-14,LSAQ,0.0
2026-05-14,LSB,0.0
2026-05-14,LSBG,0.0
2026-05-14,LSBI,0.0
2026-05-14,LSBK,0.0
2026-05-14,LSCC,0.0
2026-05-14,LSDI,0.0
2026-05-14,LSE,0.0
2026-05-14,LSEA,0.0
2026-05-14,LSH,0.0
2026-05-14,LSPR,0.0
2026-05-14,LSTA,0.0
2026-05-14,LSTR,0.0
2026-05-14,LSXM.B,0.0
2026-05-14,LSXMA,0.0
2026-05-14,LSXMB,0.0
2026-05-14,LSXMK,0.0
2026-05-14,LTBR,0.0
2026-05-14,LTCH,0.0
2026-05-14,LTEA,0.0
2026-05-14,LTPA.V,0.0
2026-05-14,LTPB.V,0.0
2026-05-14,LTRE,0.0
2026-05-14,LTRN,0.0
2026-05-14,LTRP.A,0.0
2026-05-14,LTRP.B,0.0
2026-05-14,LTRPA,0.0
2026-05-14,LTRPB,0.0
2026-05-14,LTRX,0.0
2026-05-14,LTRY,0.0
2026-05-14,LTXB,0.0
2026-05-14,LTXC,0.0
2026-05-14,LTXCD,0.0
2026-05-14,LUCD,0.0
2026-05-14,LUCY,0.0
2026-05-14,LULU,0.0
2026-05-14,LUMO,0.0
2026-05-14,LUNA,0.0
2026-05-14,LUNG,0.0
2026-05-14,LUNR,0.004464285714285714
2026-05-14,LUXA,0.0
2026-05-14,LUXH,0.0
2026-05-14,LVAC,0.0
2026-05-14,LVGO,0.0
2026-05-14,LVLU,0.0
2026-05-14,LVNT.A,0.0
2026-05-14,LVNT.B,0.0
2026-05-14,LVNTA,0.0
2026-05-14,LVNTB,0.0
2026-05-14,LVO,0.0
2026-05-14,LVOX,0.0
2026-05-14,LVRA,0.0
2026-05-14,LVRO,0.0
2026-05-14,LVTX,0.0
2026-05-14,LWAC,0.0
2026-05-14,LWAY,0.0
2026-05-14,LWLG,0.0
2026-05-14,LWSN,0.0
2026-05-14,LXEO,-0.004464285714285714
2026-05-14,LXRX,0.0
2026-05-14,LYEL,0.0
2026-05-14,LYFT,0.0
2026-05-14,LYLT,0.0
2026-05-14,LYLTV,0.0
2026-05-14,LYRA,0.0
2026-05-14,LYT,0.0
2026-05-14,LYTS,0.0
2026-05-14,LZ,0.0
2026-05-14,LZMH,0.0
2026-05-14,MAAC,0.0
2026-05-14,MAAQ,0.0
2026-05-14,MAAS,0.0
2026-05-14,MACA,0.0
2026-05-14,MACI,0.0
2026-05-14,MACK,0.0
2026-05-14,MACQ,0.0
2026-05-14,MACQ.U,0.0
2026-05-14,MACU,0.0
2026-05-14,MAGH,0.0
2026-05-14,MAKO,0.0
2026-05-14,MAMA,0.0
2026-05-14,MAMK,0.0
2026-05-14,MAMO,0.0
2026-05-14,MAMS,0.0
2026-05-14,MANH,0.0
2026-05-14,MANT,0.0
2026-05-14,MAPI,0.0
2026-05-14,MAPS,0.0
2026-05-14,MAQC,0.0
2026-05-14,MAR,0.0
2026-05-14,MARA,0.0
2026-05-14,MARK,0.0
2026-05-14,MARPS,0.0
2026-05-14,MARX,0.0
2026-05-14,MASI,0.0
2026-05-14,MASK,0.0
2026-05-14,MASS,0.0
2026-05-14,MAT,0.0
2026-05-14,MATH,0.0
2026-05-14,MATN,0.0
2026-05-14,MATR,0.0
2026-05-14,MATW,0.0
2026-05-14,MAXN,0.0
2026-05-14,MAXNV,0.0
2026-05-14,MAYA,0.0
2026-05-14,MAYS,0.0
2026-05-14,MAZE,0.0
2026-05-14,MB,0.0
2026-05-14,MBAI,0.0
2026-05-14,MBAV,0.0
2026-05-14,MBBC,0.0
2026-05-14,MBCN,0.0
2026-05-14,MBFI,0.0
2026-05-14,MBFI.P,0.0
2026-05-14,MBII,0.0
2026-05-14,MBIN,0.0
2026-05-14,MBINL,0.0
2026-05-14,MBINM,0.0
2026-05-14,MBINN,0.0
2026-05-14,MBINO,0.0
2026-05-14,MBIO,0.0
2026-05-14,MBIS,0.0
2026-05-14,MBLX,0.0
2026-05-14,MBLY,-0.004464285714285714
2026-05-14,MBNAA,0.0
2026-05-14,MBNAB,0.0
2026-05-14,MBOT,0.0
2026-05-14,MBRG,0.0
2026-05-14,MBRX,0.0
2026-05-14,MBTC,0.0
2026-05-14,MBTF,0.0
2026-05-14,MBUU,0.0
2026-05-14,MBVI,0.0
2026-05-14,MBVT,0.0
2026-05-14,MBVX,0.0
2026-05-14,MBWM,0.0
2026-05-14,MBX,0.0
2026-05-14,MCAA,0.0
2026-05-14,MCAC,0.0
2026-05-14,MCAD,0.0
2026-05-14,MCAE,0.0
2026-05-14,MCAF,0.0
2026-05-14,MCAG,0.0
2026-05-14,MCBC,0.0
2026-05-14,MCBK,0.0
2026-05-14,MCBS,0.0
2026-05-14,MCCC,0.0
2026-05-14,MCEP,0.0
2026-05-14,MCFE,0.0
2026-05-14,MCFT,0.0
2026-05-14,MCGA,0.0
2026-05-14,MCGC,0.0
2026-05-14,MCHB,0.0
2026-05-14,MCHP,0.0
2026-05-14,MCHPP,0.0
2026-05-14,MCHX,0.0
2026-05-14,MCLB,0.0
2026-05-14,MCLB.W,0.0
2026-05-14,MCLD,0.0
2026-05-14,MCMJ,0.0
2026-05-14,MCOM,0.0
2026-05-14,MCOX,0.0
2026-05-14,MCRB,0.0
2026-05-14,MCRI,0.0
2026-05-14,MCRL,0.0
2026-05-14,MCRS,0.0
2026-05-14,MCTA,0.0
2026-05-14,MCTR,0.0
2026-05-14,MCUR,0.0
2026-05-14,MCW,-0.004464285714285714
2026-05-14,MDAI,0.0
2026-05-14,MDAS,0.0
2026-05-14,MDB,0.0
2026-05-14,MDBH,0.0
2026-05-14,MDCA,0.0
2026-05-14,MDCI,0.0
2026-05-14,MDCO,0.0
2026-05-14,MDCX,0.0
2026-05-14,MDGL,0.0
2026-05-14,MDGN,0.0
2026-05-14,MDIA,0.0
2026-05-14,MDJH,0.0
2026-05-14,MDLN,0.0
2026-05-14,MDLZ,0.0
2026-05-14,MDM,0.0
2026-05-14,MDNA,0.0
2026-05-14,MDRR,0.0
2026-05-14,MDRX,0.0
2026-05-14,MDSO,0.0
2026-05-14,MDSY,0.0
2026-05-14,MDVL,0.0
2026-05-14,MDVN,0.0
2026-05-14,MDVX,0.0
2026-05-14,MDVX.U,0.0
2026-05-14,MDVX.W,0.0
2026-05-14,MDWD,0.0
2026-05-14,MDWT,0.0
2026-05-14,MDXG,0.0
2026-05-14,MDXH,0.0
2026-05-14,ME,0.0
2026-05-14,MEAC,0.0
2026-05-14,MEAS,0.0
2026-05-14,MEDP,0.0
2026-05-14,MEDS,0.0
2026-05-14,MEET,0.0
2026-05-14,MEGL,0.0
2026-05-14,MEHA,0.0
2026-05-14,MEIL,0.0
2026-05-14,MEIL.W,0.0
2026-05-14,MEIL.Z,0.0
2026-05-14,MEIP,0.0
2026-05-14,MEKA,0.0
2026-05-14,MELA,0.0
2026-05-14,MELI,-0.004464285714285714
2026-05-14,MELR,0.0
2026-05-14,MENS,0.0
2026-05-14,MENT,0.0
2026-05-14,MEOA,0.0
2026-05-14,MEOH,0.0
2026-05-14,MERC,0.0
2026-05-14,MERU,0.0
2026-05-14,MESA,0.0
2026-05-14,MESG,0.0
2026-05-14,MESH,0.0
2026-05-14,META,0.0
2026-05-14,METC,0.0
2026-05-14,METCB,0.0
2026-05-14,METCI,0.0
2026-05-14,METCL,0.0
2026-05-14,METCZ,0.0
2026-05-14,METR,0.0
2026-05-14,METX,0.0
2026-05-14,MEVO,0.0
2026-05-14,MFH,0.0
2026-05-14,MFI,0.0
2026-05-14,MFIC,0.0
2026-05-14,MFICL,0.0
2026-05-14,MFIN,0.0
2026-05-14,MFIN.L,0.0
2026-05-14,MFINL,0.0
2026-05-14,MFNC,0.0
2026-05-14,MFRI,0.0
2026-05-14,MFRM,0.0
2026-05-14,MFSF,0.0
2026-05-14,MGAM,0.0
2026-05-14,MGCD,0.0
2026-05-14,MGEE,0.0
2026-05-14,MGEN,0.0
2026-05-14,MGI,0.0
2026-05-14,MGIC,0.0
2026-05-14,MGIH,0.0
2026-05-14,MGLN,0.0
2026-05-14,MGN,0.0
2026-05-14,MGNI,0.0
2026-05-14,MGNX,0.0
2026-05-14,MGOL,0.0
2026-05-14,MGPI,0.0
2026-05-14,MGRC,0.0
2026-05-14,MGRM,0.0
2026-05-14,MGRT,-0.004464285714285714
2026-05-14,MGRX,0.0
2026-05-14,MGTA,0.0
2026-05-14,MGTX,0.0
2026-05-14,MGX,0.0
2026-05-14,MGYR,0.0
2026-05-14,MHGC,0.0
2026-05-14,MHLD,0.0
2026-05-14,MHUA,0.0
2026-05-14,MICS,0.0
2026-05-14,MICT,0.0
2026-05-14,MICT.W,0.0
2026-05-14,MIDD,0.0
2026-05-14,MIFI,0.0
2026-05-14,MIGI,0.0
2026-05-14,MIII,0.0
2026-05-14,MIII.U,0.0
2026-05-14,MIII.W,0.0
2026-05-14,MIK,0.0
2026-05-14,MILE,0.0
2026-05-14,MIME,0.0
2026-05-14,MIMI,0.0
2026-05-14,MIND,0.0
2026-05-14,MIND.P,0.0
2026-05-14,MINI,0.0
2026-05-14,MINM,0.0
2026-05-14,MIPI,0.0
2026-05-14,MIPS,0.0
2026-05-14,MIRA,0.0
2026-05-14,MIRM,-0.004464285714285714
2026-05-14,MIRN,0.0
2026-05-14,MIRO,0.0
2026-05-14,MIST,0.0
2026-05-14,MITA,0.0
2026-05-14,MITI,0.0
2026-05-14,MITK,0.0
2026-05-14,MITL,0.0
2026-05-14,MJCO,0.0
2026-05-14,MJID,0.0
2026-05-14,MKDW,0.0
2026-05-14,MKGI,0.0
2026-05-14,MKLY,0.0
2026-05-14,MKSI,0.0
2026-05-14,MKTO,0.0
2026-05-14,MKTW,0.0
2026-05-14,MKTX,0.0
2026-05-14,MKTY,0.0
2026-05-14,MKUL,0.0
2026-05-14,MKZR,0.0
2026-05-14,MLAA,0.0
2026-05-14,MLAB,0.0
2026-05-14,MLAC,0.0
2026-05-14,MLAI,0.0
2026-05-14,MLCI,0.0
2026-05-14,MLCIL,0.0
2026-05-14,MLEC,0.0
2026-05-14,MLGO,0.0
2026-05-14,MLKN,0.0
2026-05-14,MLND,0.0
2026-05-14,MLNT,0.0
2026-05-14,MLNX,0.0
2026-05-14,MLTX,0.0
2026-05-14,MLVF,0.0
2026-05-14,MLYS,0.0
2026-05-14,MMAC,0.0
2026-05-14,MMAT,0.0
2026-05-14,MMDM,0.0
2026-05-14,MMED,0.0
2026-05-14,MMLP,0.0
2026-05-14,MMMB,0.0
2026-05-14,MMSI,0.0
2026-05-14,MMTX,0.0
2026-05-14,MMV,0.0
2026-05-14,MMYT,0.0
2026-05-14,MNCL,0.0
2026-05-14,MNDL,0.0
2026-05-14,MNDO,0.0
2026-05-14,MNDR,0.0
2026-05-14,MNDT,0.0
2026-05-14,MNDY,0.0
2026-05-14,MNGA,0.0
2026-05-14,MNKD,0.0
2026-05-14,MNLO,0.0
2026-05-14,MNMD,0.0
2026-05-14,MNOV,0.0
2026-05-14,MNPR,0.0
2026-05-14,MNRK,0.0
2026-05-14,MNRO,0.0
2026-05-14,MNSB,0.0
2026-05-14,MNSBP,0.0
2026-05-14,MNST,0.0
2026-05-14,MNTA,0.0
2026-05-14,MNTG,0.0
2026-05-14,MNTK,0.0
2026-05-14,MNTS,-0.004464285714285714
2026-05-14,MNTV,0.0
2026-05-14,MNTX,0.0
2026-05-14,MNY,0.0
2026-05-14,MOBL,0.0
2026-05-14,MOBQ,0.0
2026-05-14,MOBV,0.0
2026-05-14,MOBX,0.0
2026-05-14,MOCO,0.0
2026-05-14,MODD,0.0
2026-05-14,MODV,0.0
2026-05-14,MOFG,0.0
2026-05-14,MOGO,0.0
2026-05-14,MOKO,0.0
2026-05-14,MOLG,0.0
2026-05-14,MOLX,0.0
2026-05-14,MON,0.0
2026-05-14,MOND,0.0
2026-05-14,MONT,0.0
2026-05-14,MORF,0.0
2026-05-14,MORN,0.0
2026-05-14,MOSY,0.0
2026-05-14,MOTA,0.0
2026-05-14,MOTN,0.0
2026-05-14,MOTR,0.0
2026-05-14,MOTS,0.0
2026-05-14,MOVE,-0.004464285714285714
2026-05-14,MOXC,0.0
2026-05-14,MPAA,0.0
2026-05-14,MPAC,0.0
2026-05-14,MPB,0.0
2026-05-14,MPET,0.0
2026-05-14,MPLT,0.0
2026-05-14,MPRA,0.0
2026-05-14,MPVD,0.0
2026-05-14,MPWR,0.0
2026-05-14,MQ,0.0
2026-05-14,MRAC,0.0
2026-05-14,MRAI,0.0
2026-05-14,MRAM,0.004464285714285714
2026-05-14,MRBK,0.0
2026-05-14,MRCC,0.0
2026-05-14,MRCCL,0.0
2026-05-14,MRCY,0.0
2026-05-14,MRD,0.0
2026-05-14,MRDN,0.0
2026-05-14,MRGE,0.0
2026-05-14,MRIC,0.0
2026-05-14,MRIN,0.0
2026-05-14,MRKR,0.0
2026-05-14,MRKT,0.0
2026-05-14,MRLN,-0.004464285714285714
2026-05-14,MRNA,0.0
2026-05-14,MRNO,0.0
2026-05-14,MRNS,0.0
2026-05-14,MRSN,0.0
2026-05-14,MRTN,0.0
2026-05-14,MRTX,0.0
2026-05-14,MRUS,0.0
2026-05-14,MRVC,0.0
2026-05-14,MRVI,0.0
2026-05-14,MRVL,0.0
2026-05-14,MRX,0.0
2026-05-14,MSAC,0.0
2026-05-14,MSAI,0.0
2026-05-14,MSBF,0.0
2026-05-14,MSBI,0.0
2026-05-14,MSCC,0.0
2026-05-14,MSDA,0.0
2026-05-14,MSDI,0.0
2026-05-14,MSDI.W,0.0
2026-05-14,MSEX,0.0
2026-05-14,MSFG,0.0
2026-05-14,MSFT,0.0
2026-05-14,MSGM,0.004464285714285714
2026-05-14,MSGY,0.0
2026-05-14,MSLE,0.0
2026-05-14,MSLI,0.0
2026-05-14,MSON,0.0
2026-05-14,MSPR,0.0
2026-05-14,MSS,0.0
2026-05-14,MSSA,0.0
2026-05-14,MSTR,0.004464285714285714
2026-05-14,MSVB,0.0
2026-05-14,MSW,0.0
2026-05-14,MTAC,0.0
2026-05-14,MTBC.P,0.0
2026-05-14,MTC,0.0
2026-05-14,MTCH,0.0
2026-05-14,MTCR,0.0
2026-05-14,MTEC,0.0
2026-05-14,MTEK,0.0
2026-05-14,MTEM,0.0
2026-05-14,MTEN,0.0
2026-05-14,MTEX,0.0
2026-05-14,MTGE,0.0
2026-05-14,MTGE.P,0.0
2026-05-14,MTRX,0.0
2026-05-14,MTRY,0.0
2026-05-14,MTSC,0.0
2026-05-14,MTSI,0.0
2026-05-14,MTSL,0.0
2026-05-14,MTSN,0.0
2026-05-14,MTSR,0.0
2026-05-14,MTTR,0.0
2026-05-14,MTVA,0.0
2026-05-14,MTXX,0.0
2026-05-14,MU,0.004464285714285714
2026-05-14,MUDS,0.0
2026-05-14,MULN,0.0
2026-05-14,MURA,0.0
2026-05-14,MURAV,0.0
2026-05-14,MURF,0.0
2026-05-14,MUZE,0.0
2026-05-14,MVBF,0.0
2026-05-14,MVIR,0.0
2026-05-14,MVIS,0.0
2026-05-14,MVLA,0.0
2026-05-14,MVNR,0.0
2026-05-14,MVST,0.0
2026-05-14,MWH,0.0
2026-05-14,MWIV,0.0
2026-05-14,MWK,0.0
2026-05-14,MWRX,0.0
2026-05-14,MWYN,0.0
2026-05-14,MXCT,0.0
2026-05-14,MXIM,0.0
2026-05-14,MXL,0.004464285714285714
2026-05-14,MXPT,0.0
2026-05-14,MXWL,0.0
2026-05-14,MYFW,0.0
2026-05-14,MYGN,0.0
2026-05-14,MYL,0.0
2026-05-14,MYMD,0.0
2026-05-14,MYNZ,0.0
2026-05-14,MYOK,0.0
2026-05-14,MYOS,0.0
2026-05-14,MYPS,0.0
2026-05-14,MYRG,0.004464285714285714
2026-05-14,MYRX,0.0
2026-05-14,MYSE,0.0
2026-05-14,MYSZ,0.0
2026-05-14,MYT,0.0
2026-05-14,MZTI,0.0
2026-05-14,nan,0.0
2026-05-14,NAAC,0.0
2026-05-14,NAGE,0.0
2026-05-14,NAII,0.0
2026-05-14,NAKA,0.0
2026-05-14,NAKD,0.0
2026-05-14,NAME,0.0
2026-05-14,NAME.V,0.0
2026-05-14,NAMM,0.0
2026-05-14,NAMS,0.004464285714285714
2026-05-14,NANO,0.0
2026-05-14,NAOV,0.0
2026-05-14,NARI,0.0
2026-05-14,NASB,0.0
2026-05-14,NATH,0.0
2026-05-14,NATI,0.0
2026-05-14,NATR,0.0
2026-05-14,NAUH,0.0
2026-05-14,NAUT,0.0
2026-05-14,NAVG,0.0
2026-05-14,NAVI,0.0
2026-05-14,NAVN,0.0
2026-05-14,NAYA,0.0
2026-05-14,NB,0.004464285714285714
2026-05-14,NBAC,0.0
2026-05-14,NBBC,0.0
2026-05-14,NBBK,0.0
2026-05-14,NBCB,0.0
2026-05-14,NBEV,0.0
2026-05-14,NBIS,0.0
2026-05-14,NBIX,0.0
2026-05-14,NBL,0.0
2026-05-14,NBN,0.0
2026-05-14,NBRG,0.0
2026-05-14,NBRV,0.0
2026-05-14,NBS,0.0
2026-05-14,NBSE,0.0
2026-05-14,NBST,0.0
2026-05-14,NBTB,0.0
2026-05-14,NBTF,0.0
2026-05-14,NCAC,0.0
2026-05-14,NCBC,0.0
2026-05-14,NCEL,0.0
2026-05-14,NCEW,0.0
2026-05-14,NCI,0.0
2026-05-14,NCIT,0.0
2026-05-14,NCMI,0.0
2026-05-14,NCNC,0.0
2026-05-14,NCNO,0.0
2026-05-14,NCOC,0.0
2026-05-14,NCOM,0.0
2026-05-14,NCPL,0.0
2026-05-14,NCRA,0.0
2026-05-14,NCSM,0.0
2026-05-14,NCT,0.0
2026-05-14,NDAC,0.0
2026-05-14,NDAQ,0.0
2026-05-14,NDLS,0.0
2026-05-14,NDRA,0.0
2026-05-14,NDRM,0.0
2026-05-14,NDSN,0.0
2026-05-14,NEBC,0.0
2026-05-14,NEBU,0.0
2026-05-14,NECB,0.0
2026-05-14,NEGG,0.0
2026-05-14,NEHC,0.0
2026-05-14,NEI,0.0
2026-05-14,NENG,0.0
2026-05-14,NEO,0.0
2026-05-14,NEOG,0.0
2026-05-14,NEON,0.0
2026-05-14,NEOS,0.0
2026-05-14,NEOT,0.0
2026-05-14,NEOV,0.0
2026-05-14,NEPH,0.0
2026-05-14,NEPT,0.0
2026-05-14,NERV,-0.004464285714285714
2026-05-14,NESR,0.0
2026-05-14,NETD,0.0
2026-05-14,NETE,0.0
2026-05-14,NEWA,0.0
2026-05-14,NEWL,0.0
2026-05-14,NEWS,0.0
2026-05-14,NEWT,0.0
2026-05-14,NEWT.Z,0.0
2026-05-14,NEWTG,0.0
2026-05-14,NEWTH,0.0
2026-05-14,NEWTI,0.0
2026-05-14,NEWTO,0.0
2026-05-14,NEWTZ,0.0
2026-05-14,NEXI,0.0
2026-05-14,NEXM,0.0
2026-05-14,NEXN,0.0
2026-05-14,NEXR,0.0
2026-05-14,NEXT,0.0
2026-05-14,NFBK,0.0
2026-05-14,NFE,0.0
2026-05-14,NFEC,0.0
2026-05-14,NFIN,0.0
2026-05-14,NFLX,0.0
2026-05-14,NFTG,0.0
2026-05-14,NGAC,0.0
2026-05-14,NGAS,0.0
2026-05-14,NGCA,0.0
2026-05-14,NGEN,0.0
2026-05-14,NGHC,0.0
2026-05-14,NGHC.N,0.0
2026-05-14,NGHCZ,0.0
2026-05-14,NGM,0.0
2026-05-14,NGMS,0.0
2026-05-14,NGNE,0.0
2026-05-14,NGPC,0.0
2026-05-14,NH,0.0
2026-05-14,NHIC,0.0
2026-05-14,NHLD,0.0
2026-05-14,NHP,0.0
2026-05-14,NHTB,0.0
2026-05-14,NHTC,0.0
2026-05-14,NICK,0.0
2026-05-14,NIHD,0.0
2026-05-14,NIR,0.0
2026-05-14,NISN,0.0
2026-05-14,NITO,0.0
2026-05-14,NIVF,0.0
2026-05-14,NIXX,0.0
2026-05-14,NK,0.0
2026-05-14,NKGN,0.0
2026-05-14,NKLA,0.0
2026-05-14,NKLR,0.0
2026-05-14,NKSH,0.0
2026-05-14,NKTR,0.004464285714285714
2026-05-14,NKTX,0.0
2026-05-14,NLIT,0.0
2026-05-14,NLNK,0.0
2026-05-14,NLSP,0.0
2026-05-14,NLST,0.0
2026-05-14,NLTX,0.0
2026-05-14,NMCI,0.0
2026-05-14,NMFC,0.0
2026-05-14,NMFCL,0.0
2026-05-14,NMFCZ,0.0
2026-05-14,NMHI,0.0
2026-05-14,NMIH,0.0
2026-05-14,NMMC,0.0
2026-05-14,NMP,0.0
2026-05-14,NMRA,0.0
2026-05-14,NMRD,0.0
2026-05-14,NMRK,0.0
2026-05-14,NMRX,0.0
2026-05-14,NMTC,0.0
2026-05-14,NMTR,0.0
2026-05-14,NN,0.0
2026-05-14,NNAG,0.0
2026-05-14,NNBR,0.0
2026-05-14,NNE,0.0
2026-05-14,NNNN,0.0
2026-05-14,NNOX,0.0
2026-05-14,NOAC,0.0
2026-05-14,NODK,0.0
2026-05-14,NOEM,0.0
2026-05-14,NOGN,0.0
2026-05-14,NOMA,0.0
2026-05-14,NOTV,0.0
2026-05-14,NOVB,0.0
2026-05-14,NOVL,0.0
2026-05-14,NOVN,0.0
2026-05-14,NOVS,0.0
2026-05-14,NOVT,0.0
2026-05-14,NOVV,0.0
2026-05-14,NPA,0.0
2026-05-14,NPAB,0.0
2026-05-14,NPAC,0.0
2026-05-14,NPBC,0.0
2026-05-14,NPCE,-0.004464285714285714
2026-05-14,NPSP,0.0
2026-05-14,NPT,0.0
2026-05-14,NRAC,0.0
2026-05-14,NRBO,0.0
2026-05-14,NRC,0.0
2026-05-14,NRCI.B,0.0
2026-05-14,NRCIB,0.0
2026-05-14,NRDS,0.0
2026-05-14,NRIM,0.0
2026-05-14,NRIX,0.0
2026-05-14,NRSN,0.0
2026-05-14,NRX,0.0
2026-05-14,NRXP,0.0
2026-05-14,NSEC,0.0
2026-05-14,NSIG,0.0
2026-05-14,NSIT,0.0
2026-05-14,NSPH,0.0
2026-05-14,NSPR,0.0
2026-05-14,NSSC,0.0
2026-05-14,NSTG,0.0
2026-05-14,NSTS,-0.004464285714285714
2026-05-14,NSYS,0.0
2026-05-14,NTAP,0.0
2026-05-14,NTBL,0.0
2026-05-14,NTCL,0.0
2026-05-14,NTCT,0.0
2026-05-14,NTEC,0.0
2026-05-14,NTGN,0.0
2026-05-14,NTGR,0.0
2026-05-14,NTGRV,0.0
2026-05-14,NTHI,0.0
2026-05-14,NTIC,0.0
2026-05-14,NTK,0.0
2026-05-14,NTLA,0.0
2026-05-14,NTLS,0.0
2026-05-14,NTNX,0.0
2026-05-14,NTRA,0.0
2026-05-14,NTRB,0.0
2026-05-14,NTRI,0.0
2026-05-14,NTRP,0.0
2026-05-14,NTRS,0.0
2026-05-14,NTSK,0.0
2026-05-14,NTSP,0.0
2026-05-14,NTUS,0.0
2026-05-14,NTWK,0.0
2026-05-14,NTWO,0.0
2026-05-14,NUAI,0.0
2026-05-14,NUAN,0.0
2026-05-14,NUANV,0.0
2026-05-14,NUBI,0.0
2026-05-14,NUCL,0.0
2026-05-14,NUKK,0.0
2026-05-14,NURO,0.0
2026-05-14,NURO.W,0.0
2026-05-14,NUTR,0.0
2026-05-14,NUTX,0.0
2026-05-14,NUVA,0.0
2026-05-14,NUVL,0.0
2026-05-14,NUVO,0.0
2026-05-14,NUWE,0.0
2026-05-14,NUZE,0.0
2026-05-14,NVAC,0.0
2026-05-14,NVAX,0.0
2026-05-14,NVBX.U,0.0
2026-05-14,NVCN,0.0
2026-05-14,NVCR,0.004464285714285714
2026-05-14,NVCT,-0.004464285714285714
2026-05-14,NVDA,0.0
2026-05-14,NVEC,0.0
2026-05-14,NVEE,0.0
2026-05-14,NVEE.W,0.0
2026-05-14,NVEI,0.0
2026-05-14,NVET,0.0
2026-05-14,NVFY,0.0
2026-05-14,NVIV,0.0
2026-05-14,NVLN,0.0
2026-05-14,NVLS,0.0
2026-05-14,NVMI,0.0
2026-05-14,NVMM,0.0
2026-05-14,NVNI,0.0
2026-05-14,NVNO,0.0
2026-05-14,NVOS,0.0
2026-05-14,NVSA,0.0
2026-05-14,NVSL,0.0
2026-05-14,NVTL,0.0
2026-05-14,NVTR,0.0
2026-05-14,NVTR.V,0.0
2026-05-14,NVTS,0.004464285714285714
2026-05-14,NVUS,0.0
2026-05-14,NVVE,0.0
2026-05-14,NWBI,0.0
2026-05-14,NWBO,0.0
2026-05-14,NWBO.W,0.0
2026-05-14,NWE,0.0
2026-05-14,NWFL,0.0
2026-05-14,NWGI,0.0
2026-05-14,NWL,0.0
2026-05-14,NWLI,0.0
2026-05-14,NWPX,0.0
2026-05-14,NWS,0.0
2026-05-14,NWSA,0.0
2026-05-14,NWTG,0.0
2026-05-14,NWTN,0.0
2026-05-14,NXEO,0.0
2026-05-14,NXEO.U,0.0
2026-05-14,NXEO.W,0.0
2026-05-14,NXGL,0.0
2026-05-14,NXGN,0.0
2026-05-14,NXL,0.0
2026-05-14,NXPI,0.0
2026-05-14,NXPL,0.0
2026-05-14,NXST,0.0
2026-05-14,NXT,0.0
2026-05-14,NXTC,0.0
2026-05-14,NXTD,0.0
2026-05-14,NXTD.W,0.0
2026-05-14,NXTM,0.0
2026-05-14,NXTP,0.0
2026-05-14,NXTS,0.0
2026-05-14,NXTT,0.0
2026-05-14,NXU,0.0
2026-05-14,NXXT,0.0
2026-05-14,NYAX,0.0
2026-05-14,NYMT,0.0
2026-05-14,NYMT.P,0.0
2026-05-14,NYMTG,0.0
2026-05-14,NYMTH,0.0
2026-05-14,NYMTI,0.0
2026-05-14,NYMTL,0.0
2026-05-14,NYMTZ,0.0
2026-05-14,NYMX,0.0
2026-05-14,NYNY.R,0.0
2026-05-14,NYX,0.0
2026-05-14,NYXH,0.0
2026-05-14,OABC,0.0
2026-05-14,OABI,0.0
2026-05-14,OACC,0.0
2026-05-14,OACQ,0.0
2026-05-14,OACQ.R,0.0
2026-05-14,OACQ.U,0.0
2026-05-14,OACQ.W,0.0
2026-05-14,OAKU,0.0
2026-05-14,OB,0.0
2026-05-14,OBA,0.0
2026-05-14,OBAF,0.0
2026-05-14,OBAI,0.0
2026-05-14,OBAS,0.0
2026-05-14,OBCI,0.0
2026-05-14,OBIO,0.0
2026-05-14,OBLG,0.0
2026-05-14,OBLN,0.0
2026-05-14,OBSV,0.0
2026-05-14,OBT,0.0
2026-05-14,OBTC,0.0
2026-05-14,OCAT,0.0
2026-05-14,OCAX,0.0
2026-05-14,OCC,0.0
2026-05-14,OCCI,0.0
2026-05-14,OCCIN,0.0
2026-05-14,OCDX,0.0
2026-05-14,OCEA,0.0
2026-05-14,OCFC,0.0
2026-05-14,OCG,0.0
2026-05-14,OCGN,0.0
2026-05-14,OCLR,0.0
2026-05-14,OCLS,0.0
2026-05-14,OCRX,0.0
2026-05-14,OCS,0.0
2026-05-14,OCSI,0.0
2026-05-14,OCSL,0.0
2026-05-14,OCSLL,0.0
2026-05-14,OCTO,0.0
2026-05-14,OCUL,0.0
2026-05-14,OCUP,0.0
2026-05-14,OCX,0.0
2026-05-14,OCZ,0.0
2026-05-14,ODD,-0.004464285714285714
2026-05-14,ODFL,0.0
2026-05-14,ODP,0.0
2026-05-14,ODT,0.0
2026-05-14,ODYS,0.0
2026-05-14,OEG,0.0
2026-05-14,OEPW,0.0
2026-05-14,OESX,0.0
2026-05-14,OFAL,0.0
2026-05-14,OFED,0.0
2026-05-14,OFIX,0.0
2026-05-14,OFLX,0.0
2026-05-14,OFS,0.0
2026-05-14,OFSSG,0.0
2026-05-14,OFSSH,0.0
2026-05-14,OFSSI,0.0
2026-05-14,OFSSL,0.0
2026-05-14,OFSSO,0.0
2026-05-14,OFSSZ,0.0
2026-05-14,OGI,0.0
2026-05-14,OGXI,0.0
2026-05-14,OHAA,0.0
2026-05-14,OHAI,0.0
2026-05-14,OHGI,0.0
2026-05-14,OHPA,0.0
2026-05-14,OHRP,0.0
2026-05-14,OIG,0.0
2026-05-14,OIM,0.0
2026-05-14,OIMAU,0.0
2026-05-14,OINK,0.0
2026-05-14,OIO,0.0
2026-05-14,OKSB,0.0
2026-05-14,OKTA,0.0
2026-05-14,OKUR,0.0
2026-05-14,OKYO,0.0
2026-05-14,OLB,0.0
2026-05-14,OLBK,0.0
2026-05-14,OLED,0.0
2026-05-14,OLIT,0.0
2026-05-14,OLLI,0.0
2026-05-14,OLMA,0.0
2026-05-14,OLOX,0.0
2026-05-14,OLPX,0.0
2026-05-14,OM,0.0
2026-05-14,OMCC,0.0
2026-05-14,OMCL,0.0
2026-05-14,OMDA,-0.004464285714285714
2026-05-14,OMED,0.0
2026-05-14,OMEG,0.0
2026-05-14,OMER,0.0
2026-05-14,OMEX,0.0
2026-05-14,OMGA,0.0
2026-05-14,OMH,0.0
2026-05-14,OMIC,0.0
2026-05-14,OMNT,0.0
2026-05-14,OMP,0.0
2026-05-14,OMQS,0.0
2026-05-14,OMSE,0.0
2026-05-14,ON,0.0
2026-05-14,ONB,0.0
2026-05-14,ONBPO,0.0
2026-05-14,ONCE,0.0
2026-05-14,ONCH,0.0
2026-05-14,ONCO,0.0
2026-05-14,ONCR,0.0
2026-05-14,ONCS,0.0
2026-05-14,ONCT,0.0
2026-05-14,ONCY,0.0
2026-05-14,ONDS,0.004464285714285714
2026-05-14,ONEG,0.0
2026-05-14,ONEM,0.0
2026-05-14,ONEW,0.0
2026-05-14,ONFC,0.0
2026-05-14,ONFO,0.0
2026-05-14,ONMD,0.0
2026-05-14,ONS,0.0
2026-05-14,ONSI.U,0.0
2026-05-14,ONSI.W,0.0
2026-05-14,ONSI.Z,0.0
2026-05-14,ONTX,0.0
2026-05-14,ONTX.W,0.0
2026-05-14,ONTY,0.0
2026-05-14,ONVI,0.0
2026-05-14,ONVO,0.0
2026-05-14,ONXX,0.0
2026-05-14,ONYX,0.0
2026-05-14,OP,0.0
2026-05-14,OPAL,0.0
2026-05-14,OPB,0.0
2026-05-14,OPBK,0.0
2026-05-14,OPCH,0.0
2026-05-14,OPEN,0.0
2026-05-14,OPES,0.0
2026-05-14,OPGN,0.0
2026-05-14,OPGN.W,0.0
2026-05-14,OPHT,0.0
2026-05-14,OPI,0.0
2026-05-14,OPINI,0.0
2026-05-14,OPINL,0.0
2026-05-14,OPK,0.0
2026-05-14,OPLK,0.0
2026-05-14,OPNT,0.0
2026-05-14,OPOF,0.0
2026-05-14,OPRT,0.0
2026-05-14,OPRX,0.0
2026-05-14,OPTN,0.0
2026-05-14,OPTX,0.0
2026-05-14,OPWV,0.0
2026-05-14,OPXA,0.0
2026-05-14,OPXA.W,0.0
2026-05-14,OPXS,0.0
2026-05-14,ORBC,0.0
2026-05-14,ORBK,0.0
2026-05-14,ORBS,0.0
2026-05-14,ORBT,0.0
2026-05-14,OREX,0.0
2026-05-14,ORGN,0.0
2026-05-14,ORGO,0.0
2026-05-14,ORGS,0.0
2026-05-14,ORIA,0.0
2026-05-14,ORIC,0.0
2026-05-14,ORIG,0.0
2026-05-14,ORIO,0.0
2026-05-14,ORIQ,0.0
2026-05-14,ORIS,0.0
2026-05-14,ORIT,0.0
2026-05-14,ORKA,0.0
2026-05-14,ORKT,0.0
2026-05-14,ORLY,0.0
2026-05-14,ORMP,0.0
2026-05-14,ORPN,0.0
2026-05-14,ORRF,0.0
2026-05-14,ORSN,0.0
2026-05-14,OS,0.0
2026-05-14,OSA,0.0
2026-05-14,OSBC,0.0
2026-05-14,OSBC.P,0.0
2026-05-14,OSHC,0.0
2026-05-14,OSIR,0.0
2026-05-14,OSIS,0.0
2026-05-14,OSMT,0.0
2026-05-14,OSPN,0.0
2026-05-14,OSPR,0.0
2026-05-14,OSRH,0.0
2026-05-14,OSS,0.0
2026-05-14,OST,0.0
2026-05-14,OSTK,0.0
2026-05-14,OSTR,0.0
2026-05-14,OSUR,0.0
2026-05-14,OSW,0.0
2026-05-14,OTEC,0.0
2026-05-14,OTEL,0.0
2026-05-14,OTEX,0.0
2026-05-14,OTGA,0.0
2026-05-14,OTIC,0.0
2026-05-14,OTIV,0.0
2026-05-14,OTLK,0.0
2026-05-14,OTMO,0.0
2026-05-14,OTRA,0.0
2026-05-14,OTRK,0.0
2026-05-14,OTTR,0.0
2026-05-14,OTTW,0.0
2026-05-14,OUST,-0.004464285714285714
2026-05-14,OUTR,0.0
2026-05-14,OVAS,0.0
2026-05-14,OVBC,0.0
2026-05-14,OVID,0.0
2026-05-14,OVLY,0.0
2026-05-14,OVRL,0.0
2026-05-14,OVTI,0.0
2026-05-14,OWLS,0.0
2026-05-14,OXAC,0.0
2026-05-14,OXBR,0.0
2026-05-14,OXBR.U,0.0
2026-05-14,OXBT,0.0
2026-05-14,OXFD,0.0
2026-05-14,OXGN,0.0
2026-05-14,OXLC,0.0
2026-05-14,OXLC.O,0.0
2026-05-14,OXLC.P,0.0
2026-05-14,OXLCG,0.0
2026-05-14,OXLCI,0.0
2026-05-14,OXLCL,0.0
2026-05-14,OXLCO,0.0
2026-05-14,OXLCZ,0.0
2026-05-14,OXPS,0.0
2026-05-14,OXSQ,0.0
2026-05-14,OXSQG,0.0
2026-05-14,OXSQH,0.0
2026-05-14,OXSQL,0.0
2026-05-14,OXSQZ,0.0
2026-05-14,OXUS,0.0
2026-05-14,OYSE,0.0
2026-05-14,OYST,0.0
2026-05-14,OZK,0.0
2026-05-14,OZRK,0.0
2026-05-14,PAA,0.0
2026-05-14,PAAC,0.0
2026-05-14,PAAC.R,0.0
2026-05-14,PAAC.U,0.0
2026-05-14,PAAC.W,0.0
2026-05-14,PACB,0.0
2026-05-14,PACE.W,0.0
2026-05-14,PACH,0.0
2026-05-14,PACQ,0.0
2026-05-14,PACR,0.0
2026-05-14,PACW,0.0
2026-05-14,PACX,0.0
2026-05-14,PAE,0.0
2026-05-14,PAET,0.0
2026-05-14,PAFO,0.0
2026-05-14,PAGP,0.0
2026-05-14,PAHC,-0.004464285714285714
2026-05-14,PAIC,0.0
2026-05-14,PAL,0.0
2026-05-14,PALI,0.0
2026-05-14,PALO,0.0
2026-05-14,PALT,0.0
2026-05-14,PAMT,0.0
2026-05-14,PANA,0.0
2026-05-14,PAND,0.0
2026-05-14,PANL,0.0
2026-05-14,PANW,0.004464285714285714
2026-05-14,PAQC,0.0
2026-05-14,PARA,0.0
2026-05-14,PARAA,0.0
2026-05-14,PARK,0.0
2026-05-14,PARN,0.0
2026-05-14,PASG,0.0
2026-05-14,PASW,0.0
2026-05-14,PATI,0.0
2026-05-14,PATI.V,0.0
2026-05-14,PATK,0.0
2026-05-14,PATR,0.0
2026-05-14,PAVM,0.0
2026-05-14,PAVM.U,0.0
2026-05-14,PAVM.W,0.0
2026-05-14,PAVS,0.0
2026-05-14,PAX,0.0
2026-05-14,PAYA,0.0
2026-05-14,PAYO,0.0
2026-05-14,PAYS,0.0
2026-05-14,PAYX,0.0
2026-05-14,PBAX,0.0
2026-05-14,PBBI,0.0
2026-05-14,PBBK,0.0
2026-05-14,PBCP,0.0
2026-05-14,PBCT,0.0
2026-05-14,PBFS,0.0
2026-05-14,PBHC,0.0
2026-05-14,PBIB,0.0
2026-05-14,PBIP,0.0
2026-05-14,PBLA,0.0
2026-05-14,PBM,-0.004464285714285714
2026-05-14,PBNC,0.0
2026-05-14,PBPB,0.0
2026-05-14,PBSK,0.0
2026-05-14,PBTS,0.0
2026-05-14,PBYI,0.0
2026-05-14,PC,0.0
2026-05-14,PCAP,0.0
2026-05-14,PCAR,0.0
2026-05-14,PCB,0.0
2026-05-14,PCBK,0.0
2026-05-14,PCCT,0.0
2026-05-14,PCH,0.0
2026-05-14,PCMI,0.0
2026-05-14,PCO,0.0
2026-05-14,PCOM,0.0
2026-05-14,PCRX,0.0
2026-05-14,PCSA,0.0
2026-05-14,PCSB,0.0
2026-05-14,PCSC,0.0
2026-05-14,PCT,0.004464285714285714
2026-05-14,PCTI,0.0
2026-05-14,PCTY,0.0
2026-05-14,PCVX,0.0
2026-05-14,PCX,0.0
2026-05-14,PCYC,0.0
2026-05-14,PCYG,0.0
2026-05-14,PCYO,0.0
2026-05-14,PDCE,0.0
2026-05-14,PDCO,0.0
2026-05-14,PDEX,0.0
2026-05-14,PDFS,0.0
2026-05-14,PDII,0.0
2026-05-14,PDLB,0.0
2026-05-14,PDLI,0.0
2026-05-14,PDLIV,0.0
2026-05-14,PDSB,0.0
2026-05-14,PDVW,0.0
2026-05-14,PDYN,0.0
2026-05-14,PEAR,0.0
2026-05-14,PEBK,0.0
2026-05-14,PEBO,0.0
2026-05-14,PECK,0.0
2026-05-14,PECO,0.0
2026-05-14,PEER,0.0
2026-05-14,PEGA,0.0
2026-05-14,PEGI,0.0
2026-05-14,PEGR,0.0
2026-05-14,PEGY,0.0
2026-05-14,PELI,0.0
2026-05-14,PENG,0.004464285714285714
2026-05-14,PENN,0.0
2026-05-14,PENX,0.0
2026-05-14,PEOP,0.0
2026-05-14,PEP,0.0
2026-05-14,PEPG,0.0
2026-05-14,PEPL,0.0
2026-05-14,PERI,0.0
2026-05-14,PERY,0.0
2026-05-14,PESI,0.0
2026-05-14,PET,0.0
2026-05-14,PETD,0.0
2026-05-14,PETM,0.0
2026-05-14,PETQ,0.0
2026-05-14,PETS,0.0
2026-05-14,PETV,0.0
2026-05-14,PETX,0.0
2026-05-14,PETZ,0.0
2026-05-14,PEV,0.0
2026-05-14,PFAI,0.0
2026-05-14,PFBC,0.0
2026-05-14,PFBI,0.0
2026-05-14,PFBX,0.0
2026-05-14,PFC,0.0
2026-05-14,PFCB,0.0
2026-05-14,PFDR,0.0
2026-05-14,PFG,0.0
2026-05-14,PFHD,0.0
2026-05-14,PFIE,0.0
2026-05-14,PFIN,0.0
2026-05-14,PFIS,0.0
2026-05-14,PFMT,0.0
2026-05-14,PFPT,0.0
2026-05-14,PFSA,0.0
2026-05-14,PFSW,0.0
2026-05-14,PFTA,0.0
2026-05-14,PFWD,0.0
2026-05-14,PFX,0.0
2026-05-14,PFXNL,0.0
2026-05-14,PFXNZ,0.0
2026-05-14,PGAC,0.0
2026-05-14,PGC,0.0
2026-05-14,PGEN,0.0
2026-05-14,PGHL,0.0
2026-05-14,PGLC,0.0
2026-05-14,PGNX,0.0
2026-05-14,PGNY,0.004464285714285714
2026-05-14,PGRW,0.0
2026-05-14,PGY,0.0
2026-05-14,PHAR,0.0
2026-05-14,PHAS,0.0
2026-05-14,PHAT,0.0
2026-05-14,PHCF,0.0
2026-05-14,PHH,0.0
2026-05-14,PHIC,0.0
2026-05-14,PHII,0.0
2026-05-14,PHII.K,0.0
2026-05-14,PHIIK,0.0
2026-05-14,PHIO,0.0
2026-05-14,PHLT,0.0
2026-05-14,PHMD,0.0
2026-05-14,PHOE,-0.004464285714285714
2026-05-14,PHUN,0.0
2026-05-14,PHVS,0.0
2026-05-14,PI,0.0
2026-05-14,PICO,0.0
2026-05-14,PICS,0.0
2026-05-14,PIH,0.0
2026-05-14,PIII,0.0
2026-05-14,PIK,0.0
2026-05-14,PINC,0.0
2026-05-14,PIOI,0.0
2026-05-14,PIRS,0.0
2026-05-14,PITA,0.0
2026-05-14,PIXY,0.0
2026-05-14,PKBK,0.0
2026-05-14,PKBO,0.0
2026-05-14,PKOH,0.0
2026-05-14,PKT,0.0
2026-05-14,PLAB,0.0
2026-05-14,PLAO,0.0
2026-05-14,PLAY,-0.004464285714285714
2026-05-14,PLBC,0.0
2026-05-14,PLBL,0.0
2026-05-14,PLBY,0.0
2026-05-14,PLCC,0.0
2026-05-14,PLCE,0.0
2026-05-14,PLCM,0.0
2026-05-14,PLIN,0.0
2026-05-14,PLKI,0.0
2026-05-14,PLL,0.0
2026-05-14,PLMI,0.0
2026-05-14,PLMJ,0.0
2026-05-14,PLMK,0.0
2026-05-14,PLMR,0.0
2026-05-14,PLMT,0.0
2026-05-14,PLNR,0.0
2026-05-14,PLPC,0.0
2026-05-14,PLPM,0.0
2026-05-14,PLRX,0.0
2026-05-14,PLRZ,0.0
2026-05-14,PLSE,0.004464285714285714
2026-05-14,PLSM,0.0
2026-05-14,PLTK,0.0
2026-05-14,PLTN,0.0
2026-05-14,PLTR,0.0
2026-05-14,PLTS,0.0
2026-05-14,PLUG,0.0
2026-05-14,PLUR,0.0
2026-05-14,PLUS,0.0
2026-05-14,PLUT,0.0
2026-05-14,PLXP,0.0
2026-05-14,PLXS,0.0
2026-05-14,PLXT,0.0
2026-05-14,PLYA,0.0
2026-05-14,PLYX,0.0
2026-05-14,PMAX,0.0
2026-05-14,PMBC,0.0
2026-05-14,PMCB,0.0
2026-05-14,PMCS,0.0
2026-05-14,PMD,0.0
2026-05-14,PME,0.0
2026-05-14,PMEC,0.0
2026-05-14,PMFG,0.0
2026-05-14,PMGM,0.0
2026-05-14,PMN,0.0
2026-05-14,PMTR,0.0
2026-05-14,PMTS,0.0
2026-05-14,PMVP,0.0
2026-05-14,PN,0.0
2026-05-14,PNAC,0.0
2026-05-14,PNBK,0.0
2026-05-14,PNK,0.0
2026-05-14,PNKZ.V,0.0
2026-05-14,PNNTG,0.0
2026-05-14,PNRA,0.0
2026-05-14,PNRG,0.0
2026-05-14,PNT,0.0
2026-05-14,PNTG,0.0
2026-05-14,PNTR,0.0
2026-05-14,POAI,0.0
2026-05-14,POCI,0.0
2026-05-14,PODC,0.0
2026-05-14,PODD,0.0
2026-05-14,POET,0.004464285714285714
2026-05-14,POLA,0.0
2026-05-14,POLE,0.0
2026-05-14,PONO,0.0
2026-05-14,POOL,0.0
2026-05-14,POSH,0.0
2026-05-14,POWI,0.0
2026-05-14,POWL,0.004464285714285714
2026-05-14,POWW,0.0
2026-05-14,POZN,0.0
2026-05-14,PPBI,0.0
2026-05-14,PPC,0.0
2026-05-14,PPCB,0.0
2026-05-14,PPD,0.0
2026-05-14,PPDI,0.0
2026-05-14,PPGH,0.0
2026-05-14,PPHC,0.0
2026-05-14,PPHI,0.0
2026-05-14,PPHM,0.0
2026-05-14,PPHM.P,0.0
2026-05-14,PPHP,0.0
2026-05-14,PPIH,0.0
2026-05-14,PPSI,0.0
2026-05-14,PPTA,0.004464285714285714
2026-05-14,PPYA,0.0
2026-05-14,PRAA,0.0
2026-05-14,PRAH,0.0
2026-05-14,PRAX,0.0
2026-05-14,PRCH,0.0
2026-05-14,PRCP,0.0
2026-05-14,PRCT,0.0
2026-05-14,PRDO,0.0
2026-05-14,PRDS,0.0
2026-05-14,PRE,0.0
2026-05-14,PRFT,0.0
2026-05-14,PRFX,0.0
2026-05-14,PRGN,0.0
2026-05-14,PRGN.L,0.0
2026-05-14,PRGS,0.0
2026-05-14,PRGX,0.0
2026-05-14,PRHI,0.0
2026-05-14,PRHIZ,0.0
2026-05-14,PRKR,0.0
2026-05-14,PRKU,0.0
2026-05-14,PRLD,0.0
2026-05-14,PRLH,0.0
2026-05-14,PRLS,0.0
2026-05-14,PRME,0.0
2026-05-14,PRNB,0.0
2026-05-14,PROC,0.0
2026-05-14,PROF,0.0
2026-05-14,PROG,0.0
2026-05-14,PROK,0.0
2026-05-14,PROP,0.0
2026-05-14,PROV,0.0
2026-05-14,PRPH,0.0
2026-05-14,PRPL,0.0
2026-05-14,PRPO,0.0
2026-05-14,PRQR,0.0
2026-05-14,PRSC,0.0
2026-05-14,PRSN,0.0
2026-05-14,PRSN.W,0.0
2026-05-14,PRSO,0.0
2026-05-14,PRSR,0.0
2026-05-14,PRSS,0.0
2026-05-14,PRST,0.0
2026-05-14,PRTA,-0.004464285714285714
2026-05-14,PRTG,0.0
2026-05-14,PRTH,0.004464285714285714
2026-05-14,PRTK,0.0
2026-05-14,PRTS,0.0
2026-05-14,PRVA,0.0
2026-05-14,PRVB,0.0
2026-05-14,PRVL,0.0
2026-05-14,PRXI,0.0
2026-05-14,PRXL,0.0
2026-05-14,PRZM,0.0
2026-05-14,PRZO,0.0
2026-05-14,PSAC,0.0
2026-05-14,PSAG,0.0
2026-05-14,PSBH,0.0
2026-05-14,PSDO,0.0
2026-05-14,PSDV,0.0
2026-05-14,PSEC,0.0
2026-05-14,PSEM,0.0
2026-05-14,PSHG,0.0
2026-05-14,PSIG,0.0
2026-05-14,PSIX,-0.004464285714285714
2026-05-14,PSKY,0.0
2026-05-14,PSMI,0.0
2026-05-14,PSMT,0.0
2026-05-14,PSNL,0.0
2026-05-14,PSNY,0.0
2026-05-14,PSSI,0.0
2026-05-14,PSTB,0.0
2026-05-14,PSTI,0.0
2026-05-14,PSTV,0.0
2026-05-14,PSTX,0.0
2026-05-14,PSUN,0.0
2026-05-14,PSYS,0.0
2026-05-14,PTAC,0.0
2026-05-14,PTBI,0.0
2026-05-14,PTBI.W,0.0
2026-05-14,PTC,0.0
2026-05-14,PTCT,0.0
2026-05-14,PTE,0.0
2026-05-14,PTEK,0.0
2026-05-14,PTEN,0.004464285714285714
2026-05-14,PTGX,0.0
2026-05-14,PTHL,0.0
2026-05-14,PTHR,0.0
2026-05-14,PTI,0.0
2026-05-14,PTIC,0.0
2026-05-14,PTIE,0.0
2026-05-14,PTIX,0.0
2026-05-14,PTLA,0.0
2026-05-14,PTLE,0.0
2026-05-14,PTLO,0.0
2026-05-14,PTMN,0.0
2026-05-14,PTNM,0.0
2026-05-14,PTOC,0.0
2026-05-14,PTON,0.0
2026-05-14,PTOR,0.0
2026-05-14,PTPI,0.0
2026-05-14,PTRA,0.0
2026-05-14,PTRN,0.0
2026-05-14,PTRS,0.0
2026-05-14,PTRY,0.0
2026-05-14,PTSI,0.0
2026-05-14,PTSX,0.0
2026-05-14,PTVCA,0.0
2026-05-14,PTVCB,0.0
2026-05-14,PTVE,0.0
2026-05-14,PTWO,0.0
2026-05-14,PTX,0.0
2026-05-14,PUB,0.0
2026-05-14,PUBM,0.0
2026-05-14,PUCK,0.0
2026-05-14,PULB,0.0
2026-05-14,PULM,0.0
2026-05-14,PURE,0.0
2026-05-14,PURR,0.0
2026-05-14,PVAC,0.0
2026-05-14,PVBC,0.0
2026-05-14,PVLA,0.0
2026-05-14,PVTB,0.0
2026-05-14,PVTB.P,0.0
2026-05-14,PWAV,0.0
2026-05-14,PWAVD,0.0
2026-05-14,PWFL,0.0
2026-05-14,PWM,0.0
2026-05-14,PWOD,0.0
2026-05-14,PWP,0.0
2026-05-14,PWUP,0.0
2026-05-14,PWX,0.0
2026-05-14,PXLW,0.0
2026-05-14,PXMD,0.0
2026-05-14,PXS,0.0
2026-05-14,PYCR,0.0
2026-05-14,PYDS,0.0
2026-05-14,PYPD,0.0
2026-05-14,PYPL,0.0
2026-05-14,PYR,0.0
2026-05-14,PYXS,0.0
2026-05-14,PZRX,0.0
2026-05-14,PZZA,0.0
2026-05-14,PZZI,0.0
2026-05-14,QADA,0.0
2026-05-14,QADB,0.0
2026-05-14,QBAK,0.0
2026-05-14,QCCO,0.0
2026-05-14,QCLS,0.0
2026-05-14,QCOM,0.004464285714285714
2026-05-14,QCOR,0.0
2026-05-14,QCRH,0.0
2026-05-14,QDEL,0.0
2026-05-14,QDRO,0.0
2026-05-14,QELL,0.0
2026-05-14,QETA,0.0
2026-05-14,QIPT,0.0
2026-05-14,QKLS,0.0
2026-05-14,QLGC,0.0
2026-05-14,QLGN,0.0
2026-05-14,QLI,0.0
2026-05-14,QLIK,0.0
2026-05-14,QLYS,0.0
2026-05-14,QMCO,0.0
2026-05-14,QMMM,0.0
2026-05-14,QNCX,0.0
2026-05-14,QNST,0.0
2026-05-14,QNTM,0.0
2026-05-14,QOMO,0.0
2026-05-14,QPAC,0.0
2026-05-14,QQQQ,0.0
2026-05-14,QRHC,0.0
2026-05-14,QRTAV,0.0
2026-05-14,QRTBV,0.0
2026-05-14,QRTEA,0.0
2026-05-14,QRTEB,0.0
2026-05-14,QRVO,0.0
2026-05-14,QS,0.0
2026-05-14,QSEA,0.0
2026-05-14,QSFT,0.0
2026-05-14,QSI,0.0
2026-05-14,QSII,0.0
2026-05-14,QTEK,0.0
2026-05-14,QTET,0.0
2026-05-14,QTET.R,0.0
2026-05-14,QTET.U,0.0
2026-05-14,QTI,0.0
2026-05-14,QTNA,0.0
2026-05-14,QTNT,0.0
2026-05-14,QTNT.U,0.0
2026-05-14,QTNT.W,0.0
2026-05-14,QTRH,0.0
2026-05-14,QTRX,0.0
2026-05-14,QTTB,0.0
2026-05-14,QTWW,0.0
2026-05-14,QUBT,0.004464285714285714
2026-05-14,QUCY,0.0
2026-05-14,QUIK,0.0
2026-05-14,QUMS,0.0
2026-05-14,QUMU,0.0
2026-05-14,QURE,0.004464285714285714
2026-05-14,QVCA,0.0
2026-05-14,QVCB,0.0
2026-05-14,QVCGA,0.0
2026-05-14,QVCGB,0.0
2026-05-14,QXL,0.0
2026-05-14,RAAC,0.0
2026-05-14,RAAQ,0.0
2026-05-14,RACA,0.0
2026-05-14,RACB,0.0
2026-05-14,RACY,0.0
2026-05-14,RADA,0.0
2026-05-14,RADB,0.0
2026-05-14,RADI,0.0
2026-05-14,RAIL,0.0
2026-05-14,RAIN,0.0
2026-05-14,RAM,0.0
2026-05-14,RAND,0.0
2026-05-14,RANG,0.0
2026-05-14,RANI,0.0
2026-05-14,RAPP,0.0
2026-05-14,RAPT,0.0
2026-05-14,RARE,0.0
2026-05-14,RARX,0.0
2026-05-14,RAVE,0.0
2026-05-14,RAVN,0.0
2026-05-14,RAY,0.0
2026-05-14,RAYA,0.0
2026-05-14,RBB,0.0
2026-05-14,RBBN,0.0
2026-05-14,RBCAA,0.0
2026-05-14,RBCN,0.0
2026-05-14,RBIO,0.0
2026-05-14,RBKB,0.0
2026-05-14,RBNC,0.0
2026-05-14,RBNE,0.0
2026-05-14,RBNEV,0.0
2026-05-14,RBPA.A,0.0
2026-05-14,RBPAA,0.0
2026-05-14,RBZ,0.0
2026-05-14,RCAC,0.0
2026-05-14,RCAT,0.0
2026-05-14,RCHG,0.0
2026-05-14,RCKT,0.0
2026-05-14,RCKY,0.0
2026-05-14,RCLF,0.0
2026-05-14,RCM,0.0
2026-05-14,RCMT,0.0
2026-05-14,RCNI,0.0
2026-05-14,RCON,0.0
2026-05-14,RCPI,0.0
2026-05-14,RCPT,0.0
2026-05-14,RCRT,0.0
2026-05-14,RCT,0.0
2026-05-14,RDA,0.0
2026-05-14,RDAC,0.0
2026-05-14,RDAG,0.0
2026-05-14,RDBX,0.0
2026-05-14,RDCM,0.0
2026-05-14,RDEN,0.0
2026-05-14,RDFN,0.0
2026-05-14,RDGT,0.0
2026-05-14,RDI,0.0
2026-05-14,RDIB,0.0
2026-05-14,RDNT,0.0
2026-05-14,RDNW,0.0
2026-05-14,RDUS,0.0
2026-05-14,RDVT,0.0
2026-05-14,RDWR,-0.004464285714285714
2026-05-14,RDZN,0.0
2026-05-14,REAL,0.0
2026-05-14,REAX,0.0
2026-05-14,REBN,0.0
2026-05-14,RECT,0.0
2026-05-14,REDF,0.0
2026-05-14,REDX,0.0
2026-05-14,REE,0.0
2026-05-14,REFI,0.0
2026-05-14,REFR,0.0
2026-05-14,REG,0.0
2026-05-14,REGI,0.0
2026-05-14,REGN,0.0
2026-05-14,REIS,0.0
2026-05-14,REKR,0.0
2026-05-14,RELI,0.0
2026-05-14,RELL,-0.004464285714285714
2026-05-14,RELV,0.0
2026-05-14,RELY,0.0
2026-05-14,REMY,0.0
2026-05-14,RENB,0.0
2026-05-14,RENE,0.0
2026-05-14,RENO,0.0
2026-05-14,RENT,0.0
2026-05-14,RENX,0.0
2026-05-14,REPH,0.0
2026-05-14,REPHV,0.0
2026-05-14,REPL,-0.004464285714285714
2026-05-14,RESN,0.0
2026-05-14,RETA,0.0
2026-05-14,RETO,0.0
2026-05-14,REUN,0.0
2026-05-14,REVB,0.0
2026-05-14,REVE,0.0
2026-05-14,REVH,0.0
2026-05-14,REXI,0.0
2026-05-14,REXN,0.0
2026-05-14,REXX,0.0
2026-05-14,REYN,0.0
2026-05-14,RFAC,0.0
2026-05-14,RFAI,0.0
2026-05-14,RFAM,0.0
2026-05-14,RFIL,0.0
2026-05-14,RFMD,0.0
2026-05-14,RGC,0.0
2026-05-14,RGCO,0.0
2026-05-14,RGDO,0.0
2026-05-14,RGDX,0.0
2026-05-14,RGEN,0.0
2026-05-14,RGF,0.0
2026-05-14,RGLD,0.0
2026-05-14,RGLS,0.0
2026-05-14,RGNX,0.0
2026-05-14,RGP,0.0
2026-05-14,RGS,0.0
2026-05-14,RGSE,0.0
2026-05-14,RGTI,0.004464285714285714
2026-05-14,RHDM,0.0
2026-05-14,RHLDV,0.0
2026-05-14,RIBB,0.0
2026-05-14,RIBT,0.0
2026-05-14,RIBT.W,0.0
2026-05-14,RICK,0.0
2026-05-14,RICO,0.0
2026-05-14,RIDE,0.0
2026-05-14,RIGL,-0.004464285714285714
2026-05-14,RILY,0.004464285714285714
2026-05-14,RILYG,0.0
2026-05-14,RILYH,0.0
2026-05-14,RILYI,0.0
2026-05-14,RILYK,0.0
2026-05-14,RILYL,0.0
2026-05-14,RILYN,0.0
2026-05-14,RILYT,0.0
2026-05-14,RILYZ,0.0
2026-05-14,RIME,0.0
2026-05-14,RIMM,0.0
2026-05-14,RINO,0.0
2026-05-14,RIOT,0.004464285714285714
2026-05-14,RITR,0.0
2026-05-14,RITT,0.0
2026-05-14,RITT.W,0.0
2026-05-14,RIVE,0.0
2026-05-14,RIVN,0.0
2026-05-14,RIVR,0.0
2026-05-14,RJET,0.0
2026-05-14,RKDA,0.0
2026-05-14,RKLB,0.004464285714285714
2026-05-14,RLAY,0.0
2026-05-14,RLJE,0.0
2026-05-14,RLMD,0.0
2026-05-14,RLOC,0.0
2026-05-14,RLOG,0.0
2026-05-14,RLYB,0.004464285714285714
2026-05-14,RLYP,0.0
2026-05-14,RMBI,0.0
2026-05-14,RMBL,0.0
2026-05-14,RMBS,0.0
2026-05-14,RMCF,0.0
2026-05-14,RMCO,0.0
2026-05-14,RMGB,0.0
2026-05-14,RMGC,0.0
2026-05-14,RMGN,0.0
2026-05-14,RMIX,0.0
2026-05-14,RMNI,0.0
2026-05-14,RMR,0.0
2026-05-14,RMRM,0.0
2026-05-14,RMSG,0.0
2026-05-14,RMTI,0.0
2026-05-14,RNA,0.0
2026-05-14,RNAC,0.0
2026-05-14,RNAM,0.0
2026-05-14,RNAZ,0.0
2026-05-14,RNBW,0.0
2026-05-14,RNDB,0.0
2026-05-14,RNER,0.0
2026-05-14,RNET,0.0
2026-05-14,RNGT,0.0
2026-05-14,RNTX,0.0
2026-05-14,RNVA,0.0
2026-05-14,RNVA.W,0.0
2026-05-14,RNVA.Z,0.0
2026-05-14,RNW,0.0
2026-05-14,RNWK,0.0
2026-05-14,RNXT,0.0
2026-05-14,ROAD,0.0
2026-05-14,ROC,0.0
2026-05-14,ROCC,0.0
2026-05-14,ROCG,0.0
2026-05-14,ROCH,0.0
2026-05-14,ROCK,0.0
2026-05-14,ROCL,0.0
2026-05-14,ROCR,0.0
2026-05-14,ROI,0.0
2026-05-14,ROIA,0.0
2026-05-14,ROIA.K,0.0
2026-05-14,ROIAK,0.0
2026-05-14,ROIC,0.0
2026-05-14,ROIC.U,0.0
2026-05-14,ROIC.W,0.0
2026-05-14,ROIQ,0.0
2026-05-14,ROIQ.U,0.0
2026-05-14,ROIQ.W,0.0
2026-05-14,ROIV,0.0
2026-05-14,ROKA,0.0
2026-05-14,ROKU,0.0
2026-05-14,ROMA,0.0
2026-05-14,ROOT,0.0
2026-05-14,ROP,0.0
2026-05-14,ROSE,0.0
2026-05-14,ROSG,0.0
2026-05-14,ROST,0.0
2026-05-14,ROVI,0.0
2026-05-14,ROVR,0.0
2026-05-14,ROYL,0.0
2026-05-14,RP,0.0
2026-05-14,RPAY,0.0
2026-05-14,RPD,0.0
2026-05-14,RPGL,0.0
2026-05-14,RPHM,0.0
2026-05-14,RPID,0.0
2026-05-14,RPRX,0.0
2026-05-14,RPRX.W,0.0
2026-05-14,RPRX.Z,0.0
2026-05-14,RPRXD,0.0
2026-05-14,RPTP,0.0
2026-05-14,RPTX,0.0
2026-05-14,RPXC,0.0
2026-05-14,RR,0.0
2026-05-14,RRBI,0.0
2026-05-14,RRGB,0.0
2026-05-14,RRI,0.0
2026-05-14,RRM,0.0
2026-05-14,RRR,0.0
2026-05-14,RRST,0.0
2026-05-14,RSLS,0.0
2026-05-14,RSSS,0.0
2026-05-14,RSTI,0.0
2026-05-14,RSTN,0.0
2026-05-14,RSVA,0.0
2026-05-14,RSVR,0.0
2026-05-14,RSYS,0.0
2026-05-14,RTAC,0.0
2026-05-14,RTC,0.0
2026-05-14,RTGN,0.0
2026-05-14,RTIX,0.0
2026-05-14,RTK,0.0
2026-05-14,RTL,0.0
2026-05-14,RTLPO,0.0
2026-05-14,RTNB,0.0
2026-05-14,RTPY,0.0
2026-05-14,RTRX,0.0
2026-05-14,RTTR,0.0
2026-05-14,RUBI,0.0
2026-05-14,RUBY,0.0
2026-05-14,RUDR,0.0
2026-05-14,RUM,0.0
2026-05-14,RUN,0.0
2026-05-14,RUSHA,0.0
2026-05-14,RUSHB,0.0
2026-05-14,RUTH,0.0
2026-05-14,RVAC,0.0
2026-05-14,RVBD,0.0
2026-05-14,RVEN,0.0
2026-05-14,RVLP,0.0
2026-05-14,RVLT,0.0
2026-05-14,RVMD,0.0
2026-05-14,RVNC,0.0
2026-05-14,RVPH,0.0
2026-05-14,RVSB,0.0
2026-05-14,RVSN,0.0
2026-05-14,RVYL,0.0
2026-05-14,RWAY,0.0
2026-05-14,RWAYI,0.0
2026-05-14,RWAYL,0.0
2026-05-14,RWAYZ,0.0
2026-05-14,RWLK,0.0
2026-05-14,RWOD,0.0
2026-05-14,RXDX,0.0
2026-05-14,RXII,0.0
2026-05-14,RXRA,0.0
2026-05-14,RXRX,0.0
2026-05-14,RXST,0.0
2026-05-14,RXT,0.004464285714285714
2026-05-14,RYET,0.0
2026-05-14,RYM,0.0
2026-05-14,RYOJ,0.0
2026-05-14,RYTM,0.0
2026-05-14,RYZB,0.0
2026-05-14,RZLT,0.0
2026-05-14,RZLV,0.0
2026-05-14,SAAQ,0.0
2026-05-14,SAAS,0.0
2026-05-14,SABR,0.0
2026-05-14,SABS,0.0
2026-05-14,SAEX,0.0
2026-05-14,SAFM,0.0
2026-05-14,SAFT,0.0
2026-05-14,SAFX,0.0
2026-05-14,SAG,0.0
2026-05-14,SAGA,0.0
2026-05-14,SAGE,0.0
2026-05-14,SAGT,0.0
2026-05-14,SAI,0.0
2026-05-14,SAIA,0.0
2026-05-14,SAIC,0.0
2026-05-14,SAIH,0.0
2026-05-14,SAII,0.0
2026-05-14,SAIL,0.0
2026-05-14,SAJA,0.0
2026-05-14,SAL,0.0
2026-05-14,SALE,0.0
2026-05-14,SALM,0.0
2026-05-14,SAMA,0.0
2026-05-14,SAMG,0.0
2026-05-14,SANA,0.0
2026-05-14,SANB,0.0
2026-05-14,SANG,0.0
2026-05-14,SANM,0.004464285714285714
2026-05-14,SANW,0.0
2026-05-14,SANW.Z,0.0
2026-05-14,SAPE,0.0
2026-05-14,SAQN,0.0
2026-05-14,SASI,0.0
2026-05-14,SASR,0.0
2026-05-14,SATC,0.0
2026-05-14,SATL,0.0
2026-05-14,SATS,0.0
2026-05-14,SATSV,0.0
2026-05-14,SAUC,0.0
2026-05-14,SAVA,0.0
2026-05-14,SBAC,0.0
2026-05-14,SBBP,0.0
2026-05-14,SBBX,0.0
2026-05-14,SBC,0.0
2026-05-14,SBCF,0.0
2026-05-14,SBCP,0.0
2026-05-14,SBEA,0.0
2026-05-14,SBET,0.0
2026-05-14,SBFG,0.0
2026-05-14,SBFG.P,0.0
2026-05-14,SBFM,0.0
2026-05-14,SBGI,0.0
2026-05-14,SBIB,0.0
2026-05-14,SBIG,0.0
2026-05-14,SBLK,0.0
2026-05-14,SBLK.L,0.0
2026-05-14,SBLKL,0.0
2026-05-14,SBLKZ,0.0
2026-05-14,SBLX,0.0
2026-05-14,SBNY,0.0
2026-05-14,SBNY.W,0.0
2026-05-14,SBOT,0.0
2026-05-14,SBPH,0.0
2026-05-14,SBRA,0.0
2026-05-14,SBRA.P,0.0
2026-05-14,SBSA,0.0
2026-05-14,SBT,0.0
2026-05-14,SBUX,0.0
2026-05-14,SCAC,0.0
2026-05-14,SCAC.U,0.0
2026-05-14,SCAI,0.0
2026-05-14,SCAQ,0.0
2026-05-14,SCBT,0.0
2026-05-14,SCHL,0.0
2026-05-14,SCHN,0.0
2026-05-14,SCII,0.0
2026-05-14,SCKT,0.0
2026-05-14,SCLE,0.0
2026-05-14,SCLN,0.0
2026-05-14,SCLX,0.0
2026-05-14,SCMA,0.0
2026-05-14,SCMP,0.0
2026-05-14,SCNX,0.0
2026-05-14,SCOA,0.0
2026-05-14,SCOB,0.0
2026-05-14,SCOK,0.0
2026-05-14,SCON,0.0
2026-05-14,SCOR,0.0
2026-05-14,SCPH,0.0
2026-05-14,SCPL,0.0
2026-05-14,SCPQ,0.0
2026-05-14,SCPS,0.0
2026-05-14,SCR,0.0
2026-05-14,SCRM,0.0
2026-05-14,SCSC,0.0
2026-05-14,SCSS,0.0
2026-05-14,SCTL,0.0
2026-05-14,SCTY,0.0
2026-05-14,SCVL,0.0
2026-05-14,SCWO,0.0
2026-05-14,SCWX,0.0
2026-05-14,SCYX,0.0
2026-05-14,SCZM,0.0
2026-05-14,SDA,0.0
2026-05-14,SDAC,0.0
2026-05-14,SDC,0.0
2026-05-14,SDGR,0.0
2026-05-14,SDHI,0.0
2026-05-14,SDIG,0.0
2026-05-14,SDM,0.0
2026-05-14,SDOT,0.0
2026-05-14,SDST,0.0
2026-05-14,SEAC,0.0
2026-05-14,SEAT,-0.004464285714285714
2026-05-14,SEDG,0.0
2026-05-14,SEED,0.0
2026-05-14,SEEL,0.0
2026-05-14,SEER,0.0
2026-05-14,SEGG,0.0
2026-05-14,SEIC,0.0
2026-05-14,SEII,0.0
2026-05-14,SELB,0.0
2026-05-14,SELF,0.0
2026-05-14,SELX,0.0
2026-05-14,SENEA,0.0
2026-05-14,SENEB,0.0
2026-05-14,SENS,0.0
2026-05-14,SEPA,0.0
2026-05-14,SEPN,0.0
2026-05-14,SERA,0.0
2026-05-14,SERV,0.0
2026-05-14,SESN,0.0
2026-05-14,SEV,0.0
2026-05-14,SEVN,0.0
2026-05-14,SEVR.R,0.0
2026-05-14,SEZL,0.004464285714285714
2026-05-14,SFBC,0.0
2026-05-14,SFD,0.0
2026-05-14,SFE,0.0
2026-05-14,SFHG,0.0
2026-05-14,SFIX,0.0
2026-05-14,SFLY,0.0
2026-05-14,SFM,0.0
2026-05-14,SFNC,0.0
2026-05-14,SFR,0.0
2026-05-14,SFST,0.0
2026-05-14,SFT,0.0
2026-05-14,SFWL,0.0
2026-05-14,SFXE,0.0
2026-05-14,SGA,0.0
2026-05-14,SGAM,0.0
2026-05-14,SGBK,0.0
2026-05-14,SGBX,0.0
2026-05-14,SGBXV,0.0
2026-05-14,SGC,0.0
2026-05-14,SGD,0.0
2026-05-14,SGDVV,0.0
2026-05-14,SGEN,0.0
2026-05-14,SGH,0.0
2026-05-14,SGHL,0.0
2026-05-14,SGHT,0.0
2026-05-14,SGII,0.0
2026-05-14,SGLB,0.0
2026-05-14,SGLY,0.0
2026-05-14,SGMA,0.0
2026-05-14,SGML,0.0
2026-05-14,SGMO,0.0
2026-05-14,SGMT,0.0
2026-05-14,SGNL,0.0
2026-05-14,SGNT,0.0
2026-05-14,SGOC,0.0
2026-05-14,SGP,0.0
2026-05-14,SGRP,0.0
2026-05-14,SGRY,0.0
2026-05-14,SGTX,0.0
2026-05-14,SGYP,0.0
2026-05-14,SGYP.U,0.0
2026-05-14,SGYP.W,0.0
2026-05-14,SHAC,0.0
2026-05-14,SHAZ,0.0
2026-05-14,SHBI,0.0
2026-05-14,SHC,0.0
2026-05-14,SHCA,0.0
2026-05-14,SHCR,0.0
2026-05-14,SHEN,0.0
2026-05-14,SHFL,0.0
2026-05-14,SHFS,0.0
2026-05-14,SHIM,0.0
2026-05-14,SHIP,0.0
2026-05-14,SHLD.R,0.0
2026-05-14,SHLD.W,0.0
2026-05-14,SHLD.Z,0.0
2026-05-14,SHLM,0.0
2026-05-14,SHLO,0.0
2026-05-14,SHLS,0.0
2026-05-14,SHMD,0.0
2026-05-14,SHOO,0.0
2026-05-14,SHOP,0.0
2026-05-14,SHOR,0.0
2026-05-14,SHOS,0.0
2026-05-14,SHOT,0.0
2026-05-14,SHPGY,0.0
2026-05-14,SHPH,0.0
2026-05-14,SHPW,0.0
2026-05-14,SHQA,0.0
2026-05-14,SHSP,0.0
2026-05-14,SHUA,0.0
2026-05-14,SHYF,0.0
2026-05-14,SIAL,0.0
2026-05-14,SIBC,0.0
2026-05-14,SIBN,0.0
2026-05-14,SIC,0.0
2026-05-14,SIDU,0.0
2026-05-14,SIEB,0.0
2026-05-14,SIEN,0.0
2026-05-14,SIER,0.0
2026-05-14,SIGA,0.0
2026-05-14,SIGI,0.0
2026-05-14,SIGM,0.0
2026-05-14,SILC,0.0
2026-05-14,SILK,0.0
2026-05-14,SILO,0.0
2026-05-14,SIMA,0.0
2026-05-14,SIMG,0.0
2026-05-14,SINA,0.0
2026-05-14,SINO,0.0
2026-05-14,SINT,0.0
2026-05-14,SION,0.0
2026-05-14,SIOX,0.0
2026-05-14,SIR,0.0
2026-05-14,SIRI,0.0
2026-05-14,SIRO,0.0
2026-05-14,SIRVV,0.0
2026-05-14,SISI,0.0
2026-05-14,SITM,0.004464285714285714
2026-05-14,SITO,0.0
2026-05-14,SIVB,0.0
2026-05-14,SJ,0.0
2026-05-14,SJA,0.0
2026-05-14,SJW,0.0
2026-05-14,SKBI,0.0
2026-05-14,SKBL,0.0
2026-05-14,SKGR,0.0
2026-05-14,SKIN,0.0
2026-05-14,SKIS,0.0
2026-05-14,SKK,0.0
2026-05-14,SKLN,0.0
2026-05-14,SKLN.U,0.0
2026-05-14,SKLN.W,0.0
2026-05-14,SKUL,0.0
2026-05-14,SKWD,0.0
2026-05-14,SKYA,0.0
2026-05-14,SKYE,0.0
2026-05-14,SKYQ,0.0
2026-05-14,SKYT,0.0
2026-05-14,SKYW,0.0
2026-05-14,SKYX,0.0
2026-05-14,SLAB,0.0
2026-05-14,SLAC,0.0
2026-05-14,SLAM,0.0
2026-05-14,SLCR,0.0
2026-05-14,SLCT,0.0
2026-05-14,SLDB,0.0
2026-05-14,SLDE,0.0
2026-05-14,SLDP,0.0
2026-05-14,SLE,0.0
2026-05-14,SLGB,0.0
2026-05-14,SLGC,0.0
2026-05-14,SLGG,0.0
2026-05-14,SLGL,0.0
2026-05-14,SLHG,0.0
2026-05-14,SLM,0.0
2026-05-14,SLMA.P,0.0
2026-05-14,SLMT,0.0
2026-05-14,SLNA,0.0
2026-05-14,SLNG,0.0
2026-05-14,SLNH,0.0
2026-05-14,SLNO,0.0
2026-05-14,SLP,0.0
2026-05-14,SLRC,0.0
2026-05-14,SLRN,0.0
2026-05-14,SLRX,0.0
2026-05-14,SLS,-0.004464285714285714
2026-05-14,SLSN,0.0
2026-05-14,SLTC,0.0
2026-05-14,SLTD,0.0
2026-05-14,SLXN,0.0
2026-05-14,SLXP,0.0
2026-05-14,SMAC,0.0
2026-05-14,SMAC.R,0.0
2026-05-14,SMAC.U,0.0
2026-05-14,SMBC,0.0
2026-05-14,SMBL,0.0
2026-05-14,SMCI,0.0
2026-05-14,SMEC,0.0
2026-05-14,SMED,0.0
2026-05-14,SMFL,0.0
2026-05-14,SMFR,0.0
2026-05-14,SMID,0.0
2026-05-14,SMIH,0.0
2026-05-14,SMIT,0.0
2026-05-14,SMLR,0.0
2026-05-14,SMMC,0.0
2026-05-14,SMMF,0.0
2026-05-14,SMMT,0.0
2026-05-14,SMOD,0.0
2026-05-14,SMPL,0.0
2026-05-14,SMSA,0.0
2026-05-14,SMSH,0.0
2026-05-14,SMSI,0.0
2026-05-14,SMT,0.0
2026-05-14,SMTC,0.004464285714285714
2026-05-14,SMTI,0.0
2026-05-14,SMTK,0.0
2026-05-14,SMTP,0.0
2026-05-14,SMTX,0.0
2026-05-14,SMX,-0.004464285714285714
2026-05-14,SMXT,0.0
2026-05-14,SNAK,0.0
2026-05-14,SNAL,0.0
2026-05-14,SNAX,0.0
2026-05-14,SNBC,0.0
2026-05-14,SNBP,0.0
2026-05-14,SNBR,0.0
2026-05-14,SNC,0.0
2026-05-14,SNCA,0.0
2026-05-14,SNCE,0.0
2026-05-14,SNCR,0.0
2026-05-14,SNCY,0.0
2026-05-14,SND,0.0
2026-05-14,SNDK,0.004464285714285714
2026-05-14,SNDKV,0.0
2026-05-14,SNDL,0.0
2026-05-14,SNDX,0.0
2026-05-14,SNES,0.0
2026-05-14,SNEX,0.0
2026-05-14,SNFCA,0.0
2026-05-14,SNGX,0.0
2026-05-14,SNH,0.0
2026-05-14,SNHN.I,0.0
2026-05-14,SNHN.L,0.0
2026-05-14,SNHNI,0.0
2026-05-14,SNHNL,0.0
2026-05-14,SNHVV,0.0
2026-05-14,SNHY,0.0
2026-05-14,SNI,0.0
2026-05-14,SNIC,0.0
2026-05-14,SNMX,0.0
2026-05-14,SNNA,0.0
2026-05-14,SNOA,0.0
2026-05-14,SNPO,0.0
2026-05-14,SNPS,0.0
2026-05-14,SNRH,0.0
2026-05-14,SNSE,0.0
2026-05-14,SNSS,0.0
2026-05-14,SNSSD,0.0
2026-05-14,SNT,0.0
2026-05-14,SNTA,0.0
2026-05-14,SNTG,0.0
2026-05-14,SNTI,0.0
2026-05-14,SNTS,0.0
2026-05-14,SNWL,0.0
2026-05-14,SNWV,-0.004464285714285714
2026-05-14,SNYR,0.0
2026-05-14,SOBR,0.0
2026-05-14,SOCA,0.0
2026-05-14,SOCB,0.0
2026-05-14,SODA,0.0
2026-05-14,SODR,0.0
2026-05-14,SOFI,0.0
2026-05-14,SOFO,0.0
2026-05-14,SOHO,0.0
2026-05-14,SOHO.L,0.0
2026-05-14,SOHO.M,0.0
2026-05-14,SOHOK,0.0
2026-05-14,SOHOM,0.0
2026-05-14,SOHU,0.0
2026-05-14,SOLF,0.0
2026-05-14,SOLO,0.0
2026-05-14,SOLS,0.0
2026-05-14,SOLSV,0.0
2026-05-14,SOLY,0.0
2026-05-14,SOMX,0.0
2026-05-14,SONA,0.0
2026-05-14,SONC,0.0
2026-05-14,SOND,0.0
2026-05-14,SONE,0.0
2026-05-14,SONG,0.0
2026-05-14,SONM,0.0
2026-05-14,SONN,0.0
2026-05-14,SONO,0.0
2026-05-14,SONS,0.0
2026-05-14,SOPA,0.0
2026-05-14,SOPH,0.0
2026-05-14,SORA,0.0
2026-05-14,SORL,0.0
2026-05-14,SORN,0.0
2026-05-14,SOTK,0.0
2026-05-14,SOUN,0.0
2026-05-14,SOVO,0.0
2026-05-14,SOWG,0.0
2026-05-14,SP,0.0
2026-05-14,SPAI,0.0
2026-05-14,SPAN,0.0
2026-05-14,SPAR,0.0
2026-05-14,SPCB,0.0
2026-05-14,SPCH.A,0.0
2026-05-14,SPCH.B,0.0
2026-05-14,SPCM,0.0
2026-05-14,SPDC,0.0
2026-05-14,SPEC,0.0
2026-05-14,SPEG,0.0
2026-05-14,SPEL,0.0
2026-05-14,SPEX,0.0
2026-05-14,SPFI,0.0
2026-05-14,SPGC,0.0
2026-05-14,SPHA,0.0
2026-05-14,SPHL,0.0
2026-05-14,SPHS,0.0
2026-05-14,SPI,0.0
2026-05-14,SPK,0.0
2026-05-14,SPKB,0.0
2026-05-14,SPKE,0.0
2026-05-14,SPKL,0.0
2026-05-14,SPLK,0.0
2026-05-14,SPNC,0.0
2026-05-14,SPNE,0.0
2026-05-14,SPNE.V,0.0
2026-05-14,SPNS,0.0
2026-05-14,SPOK,0.0
2026-05-14,SPPI,0.0
2026-05-14,SPPL,0.0
2026-05-14,SPPR,0.0
2026-05-14,SPPR.O,0.0
2026-05-14,SPPR.P,0.0
2026-05-14,SPPR.R,0.0
2026-05-14,SPRB,0.0
2026-05-14,SPRC,0.0
2026-05-14,SPRD,0.0
2026-05-14,SPRO,0.0
2026-05-14,SPRT,0.0
2026-05-14,SPRY,0.0
2026-05-14,SPSC,0.0
2026-05-14,SPT,0.0
2026-05-14,SPTK,0.0
2026-05-14,SPTN,0.0
2026-05-14,SPTX,0.0
2026-05-14,SPU,0.0
2026-05-14,SPWH,0.0
2026-05-14,SPWR,0.0
2026-05-14,SPWRA,0.0
2026-05-14,SPWRB,0.0
2026-05-14,SPWRV,0.0
2026-05-14,SQBG,0.0
2026-05-14,SQBK,0.0
2026-05-14,SQFT,0.0
2026-05-14,SQI,0.0
2026-05-14,SQL,0.0
2026-05-14,SQNM,0.0
2026-05-14,SRAC,0.0
2026-05-14,SRAD,0.0
2026-05-14,SRAQ,0.0
2026-05-14,SRAQ.U,0.0
2026-05-14,SRAX,0.0
2026-05-14,SRBK,0.0
2026-05-14,SRCE,0.0
2026-05-14,SRCL,0.0
2026-05-14,SRDX,0.0
2026-05-14,SREV,0.0
2026-05-14,SRGA,0.0
2026-05-14,SRM,0.0
2026-05-14,SRNE,0.0
2026-05-14,SRNG,0.0
2026-05-14,SRPT,-0.004464285714285714
2026-05-14,SRRA,0.0
2026-05-14,SRRK,0.0
2026-05-14,SRSA,0.0
2026-05-14,SRSC,0.0
2026-05-14,SRSC.V,0.0
2026-05-14,SRTA,0.0
2026-05-14,SRTS,0.0
2026-05-14,SRTS.U,0.0
2026-05-14,SRTS.W,0.0
2026-05-14,SRUN,0.0
2026-05-14,SRVA,0.0
2026-05-14,SRZN,0.0
2026-05-14,SSAA,0.0
2026-05-14,SSAC,0.0
2026-05-14,SSBI,0.0
2026-05-14,SSBK,0.0
2026-05-14,SSC,0.0
2026-05-14,SSEA,0.0
2026-05-14,SSFN,0.0
2026-05-14,SSH,0.0
2026-05-14,SSIC,0.0
2026-05-14,SSII,0.0
2026-05-14,SSKN,0.0
2026-05-14,SSLJ,0.0
2026-05-14,SSM,0.0
2026-05-14,SSNC,0.0
2026-05-14,SSNT,0.0
2026-05-14,SSP,0.0
2026-05-14,SSPK,0.0
2026-05-14,SSRG,0.0
2026-05-14,SSRI,0.0
2026-05-14,SSRM,0.004464285714285714
2026-05-14,SSSS,0.0
2026-05-14,SSSSL,0.0
2026-05-14,SSTI,0.0
2026-05-14,SSYS,0.0
2026-05-14,STAA,0.0
2026-05-14,STAB,0.0
2026-05-14,STAF,0.0
2026-05-14,STAI,0.0
2026-05-14,STAK,0.0
2026-05-14,STAY,0.0
2026-05-14,STB,0.0
2026-05-14,STBA,0.0
2026-05-14,STBX,0.0
2026-05-14,STBZ,0.0
2026-05-14,STCK,0.0
2026-05-14,STCN,0.0
2026-05-14,STDY,0.0
2026-05-14,STEI,0.0
2026-05-14,STEP,0.0
2026-05-14,STER,0.0
2026-05-14,STEX,0.0
2026-05-14,STFC,0.0
2026-05-14,STFS,-0.004464285714285714
2026-05-14,STGW,0.0
2026-05-14,STHO,0.0
2026-05-14,STI,0.0
2026-05-14,STIM,0.0
2026-05-14,STIX,0.0
2026-05-14,STKE,0.0
2026-05-14,STKL,0.0
2026-05-14,STKS,0.0
2026-05-14,STLD,0.0
2026-05-14,STLR.U,0.0
2026-05-14,STLR.W,0.0
2026-05-14,STLY,0.0
2026-05-14,STML,0.0
2026-05-14,STMP,0.0
2026-05-14,STND,0.0
2026-05-14,STNE,0.0
2026-05-14,STNL,0.0
2026-05-14,STNR,0.0
2026-05-14,STOK,0.0
2026-05-14,STRA,0.0
2026-05-14,STRL,0.004464285714285714
2026-05-14,STRM,0.0
2026-05-14,STRO,0.004464285714285714
2026-05-14,STRR,0.0
2026-05-14,STRS,0.0
2026-05-14,STRT,0.0
2026-05-14,STRZ,0.0
2026-05-14,STRZ.A,0.0
2026-05-14,STRZ.B,0.0
2026-05-14,STRZA,0.0
2026-05-14,STRZB,0.0
2026-05-14,STSA,0.0
2026-05-14,STSAD,0.0
2026-05-14,STSI,0.0
2026-05-14,STSS,0.0
2026-05-14,STTK,0.0
2026-05-14,STWO,0.0
2026-05-14,STX,0.004464285714285714
2026-05-14,STXB,0.0
2026-05-14,STXS.W,0.0
2026-05-14,SUBK,0.0
2026-05-14,SUGP,0.0
2026-05-14,SUIG,0.0
2026-05-14,SUMA,0.0
2026-05-14,SUMO,0.0
2026-05-14,SUMR,0.0
2026-05-14,SUNE,0.0
2026-05-14,SUNH,0.0
2026-05-14,SUNS,0.0
2026-05-14,SUNSV,0.0
2026-05-14,SUNW,0.0
2026-05-14,SUPN,0.0
2026-05-14,SUPX,0.0
2026-05-14,SURF,0.0
2026-05-14,SURG,0.0
2026-05-14,SUSQ,0.0
2026-05-14,SUTR,0.0
2026-05-14,SUUN,0.0
2026-05-14,SV,0.0
2026-05-14,SVA,0.0
2026-05-14,SVAC,0.0
2026-05-14,SVAQ,0.0
2026-05-14,SVBI,0.0
2026-05-14,SVC,0.0
2026-05-14,SVCC,0.0
2026-05-14,SVCO,0.0
2026-05-14,SVFA,0.0
2026-05-14,SVFB,0.0
2026-05-14,SVFC,0.0
2026-05-14,SVFD,0.0
2026-05-14,SVII,0.0
2026-05-14,SVIV,0.0
2026-05-14,SVMH,0.0
2026-05-14,SVMK,0.0
2026-05-14,SVNA,0.0
2026-05-14,SVNT,0.0
2026-05-14,SVOK,0.0
2026-05-14,SVRA,0.0
2026-05-14,SVRN,0.0
2026-05-14,SVVC,0.0
2026-05-14,SWAG,0.0
2026-05-14,SWAV,0.0
2026-05-14,SWBI,0.0
2026-05-14,SWBIV,0.0
2026-05-14,SWET,0.0
2026-05-14,SWHC,0.0
2026-05-14,SWIM,0.0
2026-05-14,SWIN,0.0
2026-05-14,SWIR,0.0
2026-05-14,SWKH,0.0
2026-05-14,SWKHL,0.0
2026-05-14,SWKS,0.0
2026-05-14,SWMR,0.004464285714285714
2026-05-14,SWSH,0.0
2026-05-14,SWSI,0.0
2026-05-14,SWSS,0.0
2026-05-14,SWTX,0.0
2026-05-14,SWVL,0.0
2026-05-14,SXBU.U,0.0
2026-05-14,SXCI,0.0
2026-05-14,SXCL,0.0
2026-05-14,SXTC,0.0
2026-05-14,SXTP,0.0
2026-05-14,SYBT,0.0
2026-05-14,SYBX,0.0
2026-05-14,SYKE,0.0
2026-05-14,SYM,0.0
2026-05-14,SYMC,0.0
2026-05-14,SYMX,0.0
2026-05-14,SYNA,0.0
2026-05-14,SYNC,0.0
2026-05-14,SYNH,0.0
2026-05-14,SYNM,0.0
2026-05-14,SYNT,0.0
2026-05-14,SYPR,0.0
2026-05-14,SYRA,0.0
2026-05-14,SYRE,0.0
2026-05-14,SYRS,0.0
2026-05-14,SYRX,0.0
2026-05-14,SYTA,0.0
2026-05-14,SYUT,0.0
2026-05-14,SZMK,0.0
2026-05-14,SZYM,0.0
2026-05-14,SZZL,0.0
2026-05-14,TA,0.0
2026-05-14,TACH,0.0
2026-05-14,TACO,0.0
2026-05-14,TACO.U,0.0
2026-05-14,TACT,0.0
2026-05-14,TAG,0.0
2026-05-14,TAIT,0.0
2026-05-14,TALK,0.0
2026-05-14,TALS,0.0
2026-05-14,TANH,0.0
2026-05-14,TANN.I,0.0
2026-05-14,TANN.L,0.0
2026-05-14,TANN.Z,0.0
2026-05-14,TANNI,0.0
2026-05-14,TAOP,0.0
2026-05-14,TAOX,0.0
2026-05-14,TARA,0.0
2026-05-14,TARS,-0.004464285714285714
2026-05-14,TASK,0.0
2026-05-14,TASR,0.0
2026-05-14,TAST,0.0
2026-05-14,TATT,0.0
2026-05-14,TAVI,0.0
2026-05-14,TAXI.L,0.0
2026-05-14,TAYC,0.0
2026-05-14,TAYC.O,0.0
2026-05-14,TAYC.P,0.0
2026-05-14,TAYD,0.0
2026-05-14,TBBK,0.0
2026-05-14,TBCH,0.0
2026-05-14,TBCP,0.0
2026-05-14,TBH,0.0
2026-05-14,TBHC,0.0
2026-05-14,TBIO,0.0
2026-05-14,TBLA,0.0
2026-05-14,TBLD,0.0
2026-05-14,TBLT,0.0
2026-05-14,TBMC,0.0
2026-05-14,TBNK,0.0
2026-05-14,TBPH,0.0
2026-05-14,TBRA,0.0
2026-05-14,TBRG,0.0
2026-05-14,TBSA,0.0
2026-05-14,TBSI,0.0
2026-05-14,TCAC,0.0
2026-05-14,TCBC,0.0
2026-05-14,TCBI,0.0
2026-05-14,TCBI.L,0.0
2026-05-14,TCBI.W,0.0
2026-05-14,TCBIL,0.0
2026-05-14,TCBK,0.0
2026-05-14,TCBS,0.0
2026-05-14,TCCO,0.0
2026-05-14,TCDA,0.0
2026-05-14,TCF,0.0
2026-05-14,TCFC,0.0
2026-05-14,TCJH,0.0
2026-05-14,TCMD,0.0
2026-05-14,TCON,0.0
2026-05-14,TCPC,0.0
2026-05-14,TCRD,0.0
2026-05-14,TCRR,0.0
2026-05-14,TCRT,0.0
2026-05-14,TCRX,0.0
2026-05-14,TCVA,0.0
2026-05-14,TCX,0.0
2026-05-14,TDAC,0.0
2026-05-14,TDIC,-0.004464285714285714
2026-05-14,TDUP,0.0
2026-05-14,TDWD,0.0
2026-05-14,TEAD,0.0
2026-05-14,TEAM,0.0
2026-05-14,TEAR,0.0
2026-05-14,TECD,0.0
2026-05-14,TECH,0.0
2026-05-14,TECU,0.0
2026-05-14,TECX,0.0
2026-05-14,TEKK,0.0
2026-05-14,TELA,0.0
2026-05-14,TELK,0.0
2026-05-14,TELO,0.0
2026-05-14,TEM,0.0
2026-05-14,TENB,0.0
2026-05-14,TENK,0.0
2026-05-14,TENX,0.0
2026-05-14,TER,0.0
2026-05-14,TERN,0.0
2026-05-14,TERP,0.0
2026-05-14,TESO,0.0
2026-05-14,TESS,0.0
2026-05-14,TETC,0.0
2026-05-14,TETE,0.0
2026-05-14,TEUM,0.0
2026-05-14,TFCF,0.0
2026-05-14,TFCFA,0.0
2026-05-14,TFFP,0.0
2026-05-14,TFM,0.0
2026-05-14,TFSC,0.0
2026-05-14,TFSC.R,0.0
2026-05-14,TFSC.U,0.0
2026-05-14,TFSC.W,0.0
2026-05-14,TFSL,0.0
2026-05-14,TGA,0.0
2026-05-14,TGAA,0.0
2026-05-14,TGAN,0.0
2026-05-14,TGHL,0.0
2026-05-14,TGL,0.0
2026-05-14,TGTX,0.0
2026-05-14,TGVC,0.0
2026-05-14,TH,0.0
2026-05-14,THAC,0.0
2026-05-14,THAR,0.0
2026-05-14,THBR,0.0
2026-05-14,THCA,0.0
2026-05-14,THCB,0.0
2026-05-14,THCH,0.0
2026-05-14,THCP,0.0
2026-05-14,THFF,0.0
2026-05-14,THH,0.0
2026-05-14,THLD,0.0
2026-05-14,THMA,0.0
2026-05-14,THMO,0.0
2026-05-14,THOR,0.0
2026-05-14,THQI,0.0
2026-05-14,THRD,0.0
2026-05-14,THRM,0.0
2026-05-14,THRN,0.0
2026-05-14,THRX,0.0
2026-05-14,THRX.V,0.0
2026-05-14,THRY,0.0
2026-05-14,THST,0.0
2026-05-14,THTI,0.0
2026-05-14,THTX,0.0
2026-05-14,TIBR,0.0
2026-05-14,TIBX,0.0
2026-05-14,TICC,0.0
2026-05-14,TICCL,0.0
2026-05-14,TIG,0.0
2026-05-14,TIGO,0.0
2026-05-14,TIGR,-0.004464285714285714
2026-05-14,TIL,0.0
2026-05-14,TILE,0.0
2026-05-14,TIO,0.0
2026-05-14,TIOA,0.0
2026-05-14,TIPT,0.0
2026-05-14,TIRX,0.0
2026-05-14,TISA,0.0
2026-05-14,TITN,0.0
2026-05-14,TIVC,0.0
2026-05-14,TIVO,0.0
2026-05-14,TJGC,0.0
2026-05-14,TKAI,0.0
2026-05-14,TKKS,0.0
2026-05-14,TKLC,0.0
2026-05-14,TKMR,0.0
2026-05-14,TKNO,0.0
2026-05-14,TLAB,0.0
2026-05-14,TLCR,0.0
2026-05-14,TLEO,0.0
2026-05-14,TLF,0.0
2026-05-14,TLGT,0.0
2026-05-14,TLGY,0.0
2026-05-14,TLIH,0.0
2026-05-14,TLIS,0.0
2026-05-14,TLMD,0.0
2026-05-14,TLMR,0.0
2026-05-14,TLN,0.0
2026-05-14,TLNC,0.0
2026-05-14,TLOG,0.0
2026-05-14,TLPH,0.0
2026-05-14,TLRY,0.0
2026-05-14,TLS,0.0
2026-05-14,TLSA,0.0
2026-05-14,TLSI,0.0
2026-05-14,TMC,0.0
2026-05-14,TMCI,0.0
2026-05-14,TMCR,0.0
2026-05-14,TMCX,0.0
2026-05-14,TMDI,0.0
2026-05-14,TMDX,0.0
2026-05-14,TMKR,0.0
2026-05-14,TMNG,0.0
2026-05-14,TMPM,0.0
2026-05-14,TMPO,0.0
2026-05-14,TMSR,0.0
2026-05-14,TMTC,0.0
2026-05-14,TMTS,0.0
2026-05-14,TMUS,0.0
2026-05-14,TMUSI,0.0
2026-05-14,TMUSL,0.0
2026-05-14,TMUSZ,0.0
2026-05-14,TNAV,0.0
2026-05-14,TNDM,0.0
2026-05-14,TNFA,0.0
2026-05-14,TNGO,0.0
2026-05-14,TNGX,0.0
2026-05-14,TNMG,0.0
2026-05-14,TNON,0.0
2026-05-14,TNT,0.0
2026-05-14,TNTR,0.0
2026-05-14,TNXP,0.0
2026-05-14,TNYA,0.0
2026-05-14,TOAC,0.0
2026-05-14,TOCA,0.0
2026-05-14,TOI,0.0
2026-05-14,TOMZ,0.0
2026-05-14,TONX,0.0
2026-05-14,TOP,0.0
2026-05-14,TOR,0.0
2026-05-14,TORC,0.0
2026-05-14,TORM,0.0
2026-05-14,TORO,0.0
2026-05-14,TOROV,0.0
2026-05-14,TOTA,0.0
2026-05-14,TOWN,0.0
2026-05-14,TOYO,0.0
2026-05-14,TPBA,0.0
2026-05-14,TPCO,0.0
2026-05-14,TPCS,0.0
2026-05-14,TPG,0.0
2026-05-14,TPGXL,0.0
2026-05-14,TPIC,0.0
2026-05-14,TPIV,0.0
2026-05-14,TPNL,0.0
2026-05-14,TPST,0.0
2026-05-14,TPTX,0.0
2026-05-14,TQNT,0.0
2026-05-14,TRAW,0.0
2026-05-14,TRAX,-0.004464285714285714
2026-05-14,TRAXV,0.0
2026-05-14,TRCB,0.0
2026-05-14,TRCH,0.0
2026-05-14,TRDA,-0.004464285714285714
2026-05-14,TREE,0.0
2026-05-14,TRGS,0.0
2026-05-14,TRGT,0.0
2026-05-14,TRHC,0.0
2026-05-14,TRI,0.0
2026-05-14,TRID,0.0
2026-05-14,TRIN,0.0
2026-05-14,TRINI,0.0
2026-05-14,TRINL,0.0
2026-05-14,TRINZ,0.0
2026-05-14,TRIP,-0.004464285714285714
2026-05-14,TRIT,0.0
2026-05-14,TRIV,0.0
2026-05-14,TRKA,0.0
2026-05-14,TRLG,0.0
2026-05-14,TRMA,0.0
2026-05-14,TRMB,0.0
2026-05-14,TRMD,0.0
2026-05-14,TRMK,0.0
2026-05-14,TRML,0.0
2026-05-14,TRMT,0.0
2026-05-14,TRNC,0.0
2026-05-14,TRNR,0.0
2026-05-14,TRNS,0.0
2026-05-14,TRNX,0.0
2026-05-14,TRON,0.0
2026-05-14,TROO,0.0
2026-05-14,TROV,0.0
2026-05-14,TROV.U,0.0
2026-05-14,TROV.W,0.0
2026-05-14,TROW,0.0
2026-05-14,TRS,0.0
2026-05-14,TRSG,0.0
2026-05-14,TRST,0.0
2026-05-14,TRSV.V,0.0
2026-05-14,TRTL.W,0.0
2026-05-14,TRUE,0.0
2026-05-14,TRUG,0.0
2026-05-14,TRUP,0.0
2026-05-14,TRVI,0.0
2026-05-14,TRVN,0.0
2026-05-14,TSAT,0.0
2026-05-14,TSBK,0.0
2026-05-14,TSBX,0.0
2026-05-14,TSC,0.0
2026-05-14,TSCAP,0.0
2026-05-14,TSCO,0.0
2026-05-14,TSEM,0.0
2026-05-14,TSFG,0.0
2026-05-14,TSG,0.0
2026-05-14,TSHA,0.0
2026-05-14,TSIA,0.0
2026-05-14,TSIB,0.0
2026-05-14,TSLA,0.0
2026-05-14,TSP,0.0
2026-05-14,TSPT,0.0
2026-05-14,TSRA,0.0
2026-05-14,TSRE,0.0
2026-05-14,TSRI,0.0
2026-05-14,TSRO,0.0
2026-05-14,TSSI,0.0
2026-05-14,TST,0.0
2026-05-14,TSTC,0.0
2026-05-14,TSTR,0.0
2026-05-14,TSVT,0.0
2026-05-14,TSVTV,0.0
2026-05-14,TSYS,0.0
2026-05-14,TTAN,0.0
2026-05-14,TTCF,0.0
2026-05-14,TTD,0.0
2026-05-14,TTEC,0.0
2026-05-14,TTEK,0.0
2026-05-14,TTGT,-0.004464285714285714
2026-05-14,TTHI,0.0
2026-05-14,TTMI,0.004464285714285714
2026-05-14,TTNP,0.0
2026-05-14,TTOO,0.0
2026-05-14,TTPH,0.0
2026-05-14,TTRX,0.0
2026-05-14,TTSH,0.0
2026-05-14,TTWO,0.0
2026-05-14,TUBE,0.0
2026-05-14,TUEM,0.0
2026-05-14,TUES,0.0
2026-05-14,TUGC,0.0
2026-05-14,TULP,0.0
2026-05-14,TURN,0.0
2026-05-14,TUSK,0.0
2026-05-14,TVA,0.0
2026-05-14,TVAC,0.0
2026-05-14,TVAI,0.0
2026-05-14,TVGN,0.0
2026-05-14,TVIA,0.0
2026-05-14,TVRD,0.0
2026-05-14,TVTX,0.0
2026-05-14,TVTY,0.0
2026-05-14,TW,0.0
2026-05-14,TWAV,0.0
2026-05-14,TWCB,0.0
2026-05-14,TWCT,0.0
2026-05-14,TWER,0.0
2026-05-14,TWFG,0.0
2026-05-14,TWG,0.0
2026-05-14,TWGP,0.0
2026-05-14,TWIN,0.0
2026-05-14,TWKS,0.0
2026-05-14,TWLV,0.0
2026-05-14,TWMC,0.0
2026-05-14,TWNK,0.0
2026-05-14,TWNP,0.0
2026-05-14,TWNPV,0.0
2026-05-14,TWOU,0.0
2026-05-14,TWST,0.0
2026-05-14,TWTC,0.0
2026-05-14,TXAC,0.0
2026-05-14,TXG,0.0
2026-05-14,TXMD,0.0
2026-05-14,TXN,0.0
2026-05-14,TXRH,0.0
2026-05-14,TYDE,0.0
2026-05-14,TYDEV,0.0
2026-05-14,TYGO,0.0
2026-05-14,TYHT,0.0
2026-05-14,TYME,0.0
2026-05-14,TYPE,0.0
2026-05-14,TYRA,0.0
2026-05-14,TZAC,0.0
2026-05-14,TZOO,0.0
2026-05-14,TZPS,0.0
2026-05-14,TZUP,0.0
2026-05-14,UAL,0.0
2026-05-14,UAUA,0.0
2026-05-14,UBCP,0.0
2026-05-14,UBFO,0.0
2026-05-14,UBIC,0.0
2026-05-14,UBNK,0.0
2026-05-14,UBNT,0.0
2026-05-14,UBOH,0.0
2026-05-14,UBSH,0.0
2026-05-14,UBSI,0.0
2026-05-14,UBX,0.0
2026-05-14,UBXG,0.0
2026-05-14,UCAR,0.0
2026-05-14,UCBA,0.0
2026-05-14,UCBI,0.0
2026-05-14,UCBIO,0.0
2026-05-14,UCFC,0.0
2026-05-14,UCFI,0.0
2026-05-14,UCTT,0.0
2026-05-14,UDF,0.0
2026-05-14,UDFD.V,0.0
2026-05-14,UDMY,0.0
2026-05-14,UEIC,0.0
2026-05-14,UFCS,0.0
2026-05-14,UFG,0.0
2026-05-14,UFPI,0.0
2026-05-14,UFPT,0.0
2026-05-14,UG,0.0
2026-05-14,UGRO,0.0
2026-05-14,UHG,0.0
2026-05-14,UIHC,0.0
2026-05-14,UK,0.0
2026-05-14,ULBI,0.0
2026-05-14,ULCC,0.0
2026-05-14,ULH,0.0
2026-05-14,ULTA,0.0
2026-05-14,ULY,0.0
2026-05-14,UMBF,0.0
2026-05-14,UMPQ,0.0
2026-05-14,UMRX,0.0
2026-05-14,UNAM,0.0
2026-05-14,UNB,0.0
2026-05-14,UNCY,0.0
2026-05-14,UNIS,0.0
2026-05-14,UNIT,0.0
2026-05-14,UNTD,0.0
2026-05-14,UNTK,0.0
2026-05-14,UNTY,0.0
2026-05-14,UNXL,0.0
2026-05-14,UOKA,0.0
2026-05-14,UONE,0.0
2026-05-14,UONEK,0.0
2026-05-14,UPB,0.0
2026-05-14,UPBD,0.0
2026-05-14,UPC,0.0
2026-05-14,UPI,0.0
2026-05-14,UPIP,0.0
2026-05-14,UPL,0.0
2026-05-14,UPLD,0.0
2026-05-14,UPST,0.0
2026-05-14,UPTD,0.0
2026-05-14,UPWK,-0.004464285714285714
2026-05-14,UPXI,0.0
2026-05-14,URBN,0.0
2026-05-14,UREE,0.0
2026-05-14,URGN,0.004464285714285714
2026-05-14,UROV,0.0
2026-05-14,UROY,0.0
2026-05-14,URRE,0.0
2026-05-14,USAK,0.0
2026-05-14,USAP,0.0
2026-05-14,USAR,0.0
2026-05-14,USAT,0.0
2026-05-14,USAT.P,0.0
2026-05-14,USAU,0.0
2026-05-14,USBI,0.0
2026-05-14,USCB,0.0
2026-05-14,USCR,0.0
2026-05-14,USCT,0.0
2026-05-14,USEA,0.0
2026-05-14,USEG,0.0
2026-05-14,USGO,0.0
2026-05-14,USIO,0.0
2026-05-14,USLM,0.0
2026-05-14,USMO,0.0
2026-05-14,USTR,0.0
2026-05-14,USWS,0.0
2026-05-14,UTAA,0.0
2026-05-14,UTEK,0.0
2026-05-14,UTHR,0.0
2026-05-14,UTIW,0.0
2026-05-14,UTMD,0.0
2026-05-14,UTME,0.0
2026-05-14,UTRS,0.0
2026-05-14,UTSI,0.0
2026-05-14,UVSP,0.0
2026-05-14,UYSC,0.0
2026-05-14,VA,0.0
2026-05-14,VABK,0.0
2026-05-14,VACH,0.0
2026-05-14,VACQ,0.0
2026-05-14,VALU,0.0
2026-05-14,VANI,0.0
2026-05-14,VAPE,0.0
2026-05-14,VAQC,0.0
2026-05-14,VASC,0.0
2026-05-14,VAXX,0.0
2026-05-14,VBAY,0.0
2026-05-14,VBFC,0.0
2026-05-14,VBIO,0.0
2026-05-14,VBIV,0.0
2026-05-14,VBIX,0.0
2026-05-14,VBLT,0.0
2026-05-14,VBLX,0.0
2026-05-14,VBNK,0.0
2026-05-14,VBOC,0.0
2026-05-14,VBTX,0.0
2026-05-14,VC,0.0
2026-05-14,VCEL,0.0
2026-05-14,VCIC,0.0
2026-05-14,VCIG,0.0
2026-05-14,VCKA,0.0
2026-05-14,VCLK,0.0
2026-05-14,VCNX,0.0
2026-05-14,VCSA,0.0
2026-05-14,VCTR,0.0
2026-05-14,VCVC,0.0
2026-05-14,VCXA,0.0
2026-05-14,VCYT,0.0
2026-05-14,VDSI,0.0
2026-05-14,VEAC,0.0
2026-05-14,VECO,0.004464285714285714
2026-05-14,VECT,0.0
2026-05-14,VEDU,0.0
2026-05-14,VEEA,0.0
2026-05-14,VEEE,0.0
2026-05-14,VELO,-0.004464285714285714
2026-05-14,VENA,0.0
2026-05-14,VERA,-0.004464285714285714
2026-05-14,VERB,0.0
2026-05-14,VERI,0.0
2026-05-14,VERO,0.0
2026-05-14,VERU,0.0
2026-05-14,VERV,0.0
2026-05-14,VERX,0.0
2026-05-14,VERY,0.0
2026-05-14,VEV,0.0
2026-05-14,VFF,0.0
2026-05-14,VFS,0.0
2026-05-14,VGAS,0.0
2026-05-14,VGFC,0.0
2026-05-14,VGGL,0.0
2026-05-14,VHC,0.0
2026-05-14,VHCP,0.0
2026-05-14,VHNA,0.0
2026-05-14,VHUB,0.0
2026-05-14,VIAB,0.0
2026-05-14,VIAS,0.0
2026-05-14,VIAV,0.004464285714285714
2026-05-14,VICL,0.0
2026-05-14,VICR,0.004464285714285714
2026-05-14,VIDE,0.0
2026-05-14,VIE,0.0
2026-05-14,VIEW,0.0
2026-05-14,VIGL,0.0
2026-05-14,VIH,0.0
2026-05-14,VII,0.0
2026-05-14,VIMC,0.0
2026-05-14,VINC,0.0
2026-05-14,VINO,0.0
2026-05-14,VINP,-0.004464285714285714
2026-05-14,VIR,0.0
2026-05-14,VIRC,0.0
2026-05-14,VIRI,0.0
2026-05-14,VIRX,0.0
2026-05-14,VISL,0.0
2026-05-14,VISN,0.0
2026-05-14,VITA,0.0
2026-05-14,VITC,0.0
2026-05-14,VITL,0.0
2026-05-14,VIVE,0.0
2026-05-14,VIVK,0.0
2026-05-14,VIVO,0.0
2026-05-14,VIVS,0.0
2026-05-14,VKTX,0.0
2026-05-14,VKTX.W,0.0
2026-05-14,VLAT,0.0
2026-05-14,VLCC.F,0.0
2026-05-14,VLCN,0.0
2026-05-14,VLDR,0.0
2026-05-14,VLGEA,0.0
2026-05-14,VLNC,0.0
2026-05-14,VLNS,0.0
2026-05-14,VLON,0.0
2026-05-14,VLRX,0.0
2026-05-14,VLTC,0.0
2026-05-14,VLTR,0.0
2026-05-14,VLY,0.0
2026-05-14,VLYW.W,0.0
2026-05-14,VMAC,0.0
2026-05-14,VMAR,0.0
2026-05-14,VMCA,0.0
2026-05-14,VMD,0.0
2026-05-14,VMED,0.0
2026-05-14,VMEO,0.0
2026-05-14,VMET,0.0
2026-05-14,VMGA,0.0
2026-05-14,VNCE,0.0
2026-05-14,VNDA,0.0
2026-05-14,VNME,0.0
2026-05-14,VNOM,0.0
2026-05-14,VNR,0.0
2026-05-14,VOCS,0.0
2026-05-14,VOLC,0.0
2026-05-14,VOR,0.0
2026-05-14,VORB,0.0
2026-05-14,VOSO,0.0
2026-05-14,VOXR,0.0
2026-05-14,VOXX,0.0
2026-05-14,VPCB,0.0
2026-05-14,VPCO,0.0
2026-05-14,VPCO.U,0.0
2026-05-14,VPFG,0.0
2026-05-14,VPHM,0.0
2026-05-14,VPRT,0.0
2026-05-14,VQS,0.0
2026-05-14,VRA,0.0
2026-05-14,VRAR,0.0
2026-05-14,VRAX,0.0
2026-05-14,VRAY,0.0
2026-05-14,VRCA,-0.004464285714285714
2026-05-14,VRDN,0.0
2026-05-14,VREX,-0.004464285714285714
2026-05-14,VRGY,0.0
2026-05-14,VRM,0.0
2026-05-14,VRME,0.0
2026-05-14,VRML,0.0
2026-05-14,VRNG,0.0
2026-05-14,VRNG.W,0.0
2026-05-14,VRNS,0.0
2026-05-14,VRNT,0.0
2026-05-14,VRNTV,0.0
2026-05-14,VRPX,0.0
2026-05-14,VRRM,0.0
2026-05-14,VRSK,0.0
2026-05-14,VRSN,0.0
2026-05-14,VRTA,0.0
2026-05-14,VRTB,0.0
2026-05-14,VRTU,0.0
2026-05-14,VRTX,0.0
2026-05-14,VS,0.0
2026-05-14,VSAC,0.0
2026-05-14,VSAI,0.0
2026-05-14,VSAR,0.0
2026-05-14,VSAT,0.004464285714285714
2026-05-14,VSCI,0.0
2026-05-14,VSCP,0.0
2026-05-14,VSEA,0.0
2026-05-14,VSEC,0.0
2026-05-14,VSEE,0.0
2026-05-14,VSME,0.0
2026-05-14,VSNT,0.0
2026-05-14,VSNTV,0.0
2026-05-14,VSPR,0.0
2026-05-14,VSTA,0.0
2026-05-14,VSTD,0.0
2026-05-14,VSTE,0.0
2026-05-14,VSTM,0.0
2026-05-14,VTAE,0.0
2026-05-14,VTAQ,0.0
2026-05-14,VTGN,0.0
2026-05-14,VTIQ,0.0
2026-05-14,VTIX,0.0
2026-05-14,VTL,0.0
2026-05-14,VTNR,0.0
2026-05-14,VTROD,0.0
2026-05-14,VTRS,0.0
2026-05-14,VTRU,0.0
2026-05-14,VTSI,0.0
2026-05-14,VTSS,0.0
2026-05-14,VTUS,0.0
2026-05-14,VTVT,0.0
2026-05-14,VTYX,0.0
2026-05-14,VUZI,0.0
2026-05-14,VVOS,0.0
2026-05-14,VVPR,0.0
2026-05-14,VVTV,0.0
2026-05-14,VVUS,0.0
2026-05-14,VWAV,0.0
2026-05-14,VWE,0.0
2026-05-14,VWR,0.0
2026-05-14,VWTR,0.0
2026-05-14,VXDN,0.0
2026-05-14,VXRT,0.0
2026-05-14,VXUP,0.0
2026-05-14,VYFC,0.0
2026-05-14,VYGR,0.0
2026-05-14,VYNE,0.0
2026-05-14,VYNT,0.0
2026-05-14,WABC,0.0
2026-05-14,WAFD,0.0
2026-05-14,WAFD.W,0.0
2026-05-14,WAFDP,0.0
2026-05-14,WAFU,0.0
2026-05-14,WAI,0.0
2026-05-14,WALD,0.0
2026-05-14,WASH,0.0
2026-05-14,WATG,0.0
2026-05-14,WATT,0.004464285714285714
2026-05-14,WAVD,0.0
2026-05-14,WAVS,0.0
2026-05-14,WAVX,0.0
2026-05-14,WAY,0.0
2026-05-14,WAYN,0.0
2026-05-14,WBA,0.0
2026-05-14,WBB,0.0
2026-05-14,WBD,0.0
2026-05-14,WBKC,0.0
2026-05-14,WBMD,0.0
2026-05-14,WBSN,0.0
2026-05-14,WBTN,-0.004464285714285714
2026-05-14,WBUY,0.0
2026-05-14,WCFB,0.0
2026-05-14,WCGC,0.0
2026-05-14,WCRX,0.0
2026-05-14,WCST,0.0
2026-05-14,WCT,0.0
2026-05-14,WDAY,0.0
2026-05-14,WDC,0.004464285714285714
2026-05-14,WDCVV,0.0
2026-05-14,WDFC,0.0
2026-05-14,WEB,0.0
2026-05-14,WEBK,0.0
2026-05-14,WEJO,0.0
2026-05-14,WEN,0.0
2026-05-14,WENA,0.0
2026-05-14,WENN,0.0
2026-05-14,WERN,0.0
2026-05-14,WEST,0.004464285714285714
2026-05-14,WETG,0.0
2026-05-14,WETH,0.0
2026-05-14,WETO,0.0
2026-05-14,WEYS,0.0
2026-05-14,WFBI,0.0
2026-05-14,WFCF,0.0
2026-05-14,WFD,0.0
2026-05-14,WFF,0.0
2026-05-14,WFM,0.0
2026-05-14,WFMI,0.0
2026-05-14,WFRD,0.0
2026-05-14,WGBS,0.0
2026-05-14,WGRX,0.0
2026-05-14,WGS,0.0
2026-05-14,WHF,0.0
2026-05-14,WHFB.L,0.0
2026-05-14,WHFBL,0.0
2026-05-14,WHFBZ,0.0
2026-05-14,WHFCL,0.0
2026-05-14,WHLM,0.0
2026-05-14,WHLR,0.0
2026-05-14,WHLR.W,0.0
2026-05-14,WHLRL,0.0
2026-05-14,WHWK,0.0
2026-05-14,WIBC,0.0
2026-05-14,WIFI,0.0
2026-05-14,WILC,0.0
2026-05-14,WILN,0.0
2026-05-14,WIMI,0.0
2026-05-14,WIN,0.0
2026-05-14,WINA,0.0
2026-05-14,WING,0.0
2026-05-14,WINR,0.0
2026-05-14,WINS,0.0
2026-05-14,WINT,0.0
2026-05-14,WINV,0.0
2026-05-14,WINV.V,0.0
2026-05-14,WIRE,0.0
2026-05-14,WISA,0.0
2026-05-14,WISH,0.0
2026-05-14,WIX,-0.004464285714285714
2026-05-14,WKHS,0.0
2026-05-14,WKME,0.0
2026-05-14,WKSP,0.0
2026-05-14,WLAC,0.0
2026-05-14,WLB,0.0
2026-05-14,WLBP.Z,0.0
2026-05-14,WLDN,0.0
2026-05-14,WLDS,0.0
2026-05-14,WLFC,0.0
2026-05-14,WLGS,0.0
2026-05-14,WLII,0.0
2026-05-14,WLRH,0.0
2026-05-14,WLRH.U,0.0
2026-05-14,WLRH.W,0.0
2026-05-14,WLTH,0.0
2026-05-14,WMAR,0.0
2026-05-14,WMG,0.0
2026-05-14,WMGI,0.0
2026-05-14,WMGI.Z,0.0
2026-05-14,WMIH,0.0
2026-05-14,WMPN,0.0
2026-05-14,WMT,0.0
2026-05-14,WNEB,0.0
2026-05-14,WNW,0.0
2026-05-14,WOK,0.0
2026-05-14,WOOF,0.0
2026-05-14,WORX,0.0
2026-05-14,WOWO,0.0
2026-05-14,WPCS,0.0
2026-05-14,WPRT,0.0
2026-05-14,WRAP,0.0
2026-05-14,WRES,0.0
2026-05-14,WRLD,0.0
2026-05-14,WRLS,0.0
2026-05-14,WSBC,0.0
2026-05-14,WSBCO,0.0
2026-05-14,WSBF,0.0
2026-05-14,WSBK,0.0
2026-05-14,WSC,0.004464285714285714
2026-05-14,WSCI,0.0
2026-05-14,WSFS,0.0
2026-05-14,WSFS.L,0.0
2026-05-14,WSFSL,0.0
2026-05-14,WSHP,-0.004464285714285714
2026-05-14,WSTC,0.0
2026-05-14,WSTL,0.0
2026-05-14,WSTN,0.0
2026-05-14,WTBA,0.0
2026-05-14,WTER,0.0
2026-05-14,WTF,0.0
2026-05-14,WTFC,0.0
2026-05-14,WTFC.W,0.0
2026-05-14,WTG,0.0
2026-05-14,WTMA,0.0
2026-05-14,WTNY,0.0
2026-05-14,WTO,0.0
2026-05-14,WTRH,0.0
2026-05-14,WTSL,0.0
2026-05-14,WTSLA,0.0
2026-05-14,WTW,0.0
2026-05-14,WULF,0.0
2026-05-14,WVE,-0.004464285714285714
2026-05-14,WVFC,0.0
2026-05-14,WVVI,0.0
2026-05-14,WW,0.0
2026-05-14,WWAC,0.0
2026-05-14,WWD,0.0
2026-05-14,WWWW,0.0
2026-05-14,WXM,0.0
2026-05-14,WYFI,0.0
2026-05-14,WYIG,0.0
2026-05-14,WYIG.W,0.0
2026-05-14,WYNN,0.0
2026-05-14,WYTC,0.0
2026-05-14,XAGE,0.0
2026-05-14,XAIR,0.0
2026-05-14,XBIO,0.0
2026-05-14,XBIT,0.0
2026-05-14,XBKS,0.0
2026-05-14,XBP,0.0
2026-05-14,XCBE,0.0
2026-05-14,XCRA,0.0
2026-05-14,XCUR,0.0
2026-05-14,XE,0.0
2026-05-14,XEL,0.0
2026-05-14,XELA,0.0
2026-05-14,XELB,0.0
2026-05-14,XELLL,0.0
2026-05-14,XENE,-0.004464285714285714
2026-05-14,XENT,0.0
2026-05-14,XERS,0.0
2026-05-14,XFIN,0.0
2026-05-14,XFOR,0.0
2026-05-14,XGN,0.0
2026-05-14,XGTI,0.0
2026-05-14,XGTI.W,0.0
2026-05-14,XHLD,0.0
2026-05-14,XING,0.0
2026-05-14,XLNX,0.0
2026-05-14,XLO,0.0
2026-05-14,XLRN,0.0
2026-05-14,XM,0.0
2026-05-14,XMTR,0.004464285714285714
2026-05-14,XNCR,0.0
2026-05-14,XNDU,-0.004464285714285714
2026-05-14,XNPT,0.0
2026-05-14,XOG,0.0
2026-05-14,XOMA,0.0
2026-05-14,XOMAD,0.0
2026-05-14,XOMAO,0.0
2026-05-14,XON,0.0
2026-05-14,XOOM,0.0
2026-05-14,XOS,0.0
2026-05-14,XP,0.0
2026-05-14,XPAX,0.0
2026-05-14,XPDB,0.0
2026-05-14,XPDI,0.0
2026-05-14,XPEL,0.0
2026-05-14,XPLR,0.0
2026-05-14,XPON,0.0
2026-05-14,XRAY,0.0
2026-05-14,XRDC,0.0
2026-05-14,XRPN,0.0
2026-05-14,XRSC,0.0
2026-05-14,XRTX,0.0
2026-05-14,XRX,0.0
2026-05-14,XSLL,0.0
2026-05-14,XSPA,0.0
2026-05-14,XSPL,0.0
2026-05-14,XTEX,0.0
2026-05-14,XTIA,0.0
2026-05-14,XTKG,0.0
2026-05-14,XTXI,0.0
2026-05-14,XWEL,0.0
2026-05-14,XWES,0.0
2026-05-14,XWIN,0.0
2026-05-14,XXIA,0.0
2026-05-14,XXII,0.0
2026-05-14,XYN,0.0
2026-05-14,YAAS,0.0
2026-05-14,YAYO,0.0
2026-05-14,YCB,0.0
2026-05-14,YDDL,0.0
2026-05-14,YDES,0.0
2026-05-14,YDKG,0.0
2026-05-14,YDLE,0.0
2026-05-14,YECO,0.0
2026-05-14,YELL,0.0
2026-05-14,YERR,0.0
2026-05-14,YGF,0.0
2026-05-14,YGMZ,0.0
2026-05-14,YGTY,0.0
2026-05-14,YGYI,0.0
2026-05-14,YHC,0.0
2026-05-14,YHGJ,0.0
2026-05-14,YHNA,0.0
2026-05-14,YHOO,0.0
2026-05-14,YIBO,0.0
2026-05-14,YMAB,0.0
2026-05-14,YMAT,0.0
2026-05-14,YMTX,0.0
2026-05-14,YNDX,0.0
2026-05-14,YOD,0.0
2026-05-14,YOGA,0.0
2026-05-14,YONG,0.0
2026-05-14,YOOV,0.0
2026-05-14,YORK,0.0
2026-05-14,YORW,0.0
2026-05-14,YOSH,0.0
2026-05-14,YOTA,0.0
2026-05-14,YPRO,0.0
2026-05-14,YRCW,0.0
2026-05-14,YRIV,0.0
2026-05-14,YS,0.0
2026-05-14,YSWY,0.0
2026-05-14,YSXT,0.0
2026-05-14,YTEN,0.0
2026-05-14,YTRA,0.0
2026-05-14,YVR,0.0
2026-05-14,YYAI,0.0
2026-05-14,YYGH,0.0
2026-05-14,Z,0.0
2026-05-14,ZAGG,0.0
2026-05-14,ZAIS,0.0
2026-05-14,ZANE,0.0
2026-05-14,ZAPP,0.0
2026-05-14,ZAVV.V,0.0
2026-05-14,ZAZA,0.0
2026-05-14,ZBAI,0.0
2026-05-14,ZBAO,0.0
2026-05-14,ZBIO,0.0
2026-05-14,ZBRA,0.0
2026-05-14,ZCAR,0.0
2026-05-14,ZCMD,0.0
2026-05-14,ZD,0.0
2026-05-14,ZDAI,0.0
2026-05-14,ZDVSV,0.0
2026-05-14,ZENA,0.0
2026-05-14,ZENV,0.0
2026-05-14,ZEO,0.0
2026-05-14,ZEST,0.0
2026-05-14,ZEUS,0.0
2026-05-14,ZFGN,0.0
2026-05-14,ZFOX,0.0
2026-05-14,ZG,0.0
2026-05-14,ZGM,0.0
2026-05-14,ZGNX,0.0
2026-05-14,ZGYH,0.0
2026-05-14,ZHNE,0.0
2026-05-14,ZI,0.0
2026-05-14,ZIGO,0.0
2026-05-14,ZIMV,0.0
2026-05-14,ZINC,0.0
2026-05-14,ZING,0.0
2026-05-14,ZION,0.0
2026-05-14,ZION.W,0.0
2026-05-14,ZION.Z,0.0
2026-05-14,ZIONL,0.0
2026-05-14,ZIOP,0.0
2026-05-14,ZIPR,0.0
2026-05-14,ZIVO,0.0
2026-05-14,ZIXI,0.0
2026-05-14,ZJK,0.0
2026-05-14,ZJYL,0.0
2026-05-14,ZKIN,0.0
2026-05-14,ZKP,0.0
2026-05-14,ZLCS,0.0
2026-05-14,ZLS,0.0
2026-05-14,ZLTQ,0.0
2026-05-14,ZM,0.0
2026-05-14,ZN,0.0
2026-05-14,ZNB,0.0
2026-05-14,ZNGA,0.0
2026-05-14,ZNTE,0.0
2026-05-14,ZNTL,0.0
2026-05-14,ZNWA.A,0.0
2026-05-14,ZOOM,0.0
2026-05-14,ZOOZ,0.0
2026-05-14,ZPTA,0.0
2026-05-14,ZRAN,0.0
2026-05-14,ZS,0.0
2026-05-14,ZSAN,0.0
2026-05-14,ZSPC,0.0
2026-05-14,ZSPH,0.0
2026-05-14,ZSQR,-0.004464285714285714
2026-05-14,ZSTK,0.0
2026-05-14,ZT,0.0
2026-05-14,ZTEK,0.0
2026-05-14,ZTG,0.0
2026-05-14,ZU,0.0
2026-05-14,ZUMZ,0.0
2026-05-14,ZURA,0.0
2026-05-14,ZVO,0.0
2026-05-14,ZVRA,0.0
2026-05-14,ZVSA,0.0
2026-05-14,ZWRK,0.0
2026-05-14,ZY,0.0
2026-05-14,ZYBT,0.0
2026-05-14,ZYME,0.0
2026-05-14,ZYNE,0.0
2026-05-14,ZYXI,0.0
