ticker,date,residual,residual_zscore,side_implication,excluded_from_trading,reason
AAOI,2026-04-01,0.17304738935415226,3.3129058038859167,positive_outlier,False,Reported only; outlier policy does not trade residual outliers automatically.
AERT,2026-04-01,0.2220168042119357,4.2846769995815475,positive_outlier,False,Reported only; outlier policy does not trade residual outliers automatically.
AGPU,2026-04-01,0.20504464790038895,3.947873860718159,positive_outlier,False,Reported only; outlier policy does not trade residual outliers automatically.
AIIO,2026-04-01,-0.17826897959414295,-3.6587749668935716,negative_outlier,False,Reported only; outlier policy does not trade residual outliers automatically.
ARAI,2026-04-01,-0.17064127915562638,-3.5074074327485896,negative_outlier,False,Reported only; outlier policy does not trade residual outliers automatically.
ATPC,2026-04-01,0.2725442140219542,5.287365751102957,positive_outlier,False,Reported only; outlier policy does not trade residual outliers automatically.
BFRG,2026-04-01,-0.18521918563028406,-3.7966979959860527,negative_outlier,False,Reported only; outlier policy does not trade residual outliers automatically.
BRAI,2026-04-01,0.20964647613855292,4.039194619652564,positive_outlier,False,Reported only; outlier policy does not trade residual outliers automatically.
CDT,2026-04-01,-0.21946956591196246,-4.476378018629133,negative_outlier,False,Reported only; outlier policy does not trade residual outliers automatically.
COCP,2026-04-01,0.4748635353823439,9.302281783930836,positive_outlier,False,Reported only; outlier policy does not trade residual outliers automatically.
CSHR,2026-04-01,-0.2491379980726636,-5.065131792366268,negative_outlier,False,Reported only; outlier policy does not trade residual outliers automatically.
DLXY,2026-04-01,0.2044205176420058,3.9354883378520955,positive_outlier,False,Reported only; outlier policy does not trade residual outliers automatically.
EEIQ,2026-04-01,-0.25118856858641,-5.1058242402092455,negative_outlier,False,Reported only; outlier policy does not trade residual outliers automatically.
ELAB,2026-04-01,-0.49115278865493184,-9.86778265317755,negative_outlier,False,Reported only; outlier policy does not trade residual outliers automatically.
FGI,2026-04-01,-0.18370273479672047,-3.766604860423264,negative_outlier,False,Reported only; outlier policy does not trade residual outliers automatically.
GNLN,2026-04-01,0.1736874182205901,3.3256068259141425,positive_outlier,False,Reported only; outlier policy does not trade residual outliers automatically.
GVH,2026-04-01,0.34456445680336123,6.716567991832885,positive_outlier,False,Reported only; outlier policy does not trade residual outliers automatically.
HAIN,2026-04-01,0.1582130855539706,3.0185271762653847,positive_outlier,False,Reported only; outlier policy does not trade residual outliers automatically.
HKIT,2026-04-01,-0.20333445934024194,-4.156185673031092,negative_outlier,False,Reported only; outlier policy does not trade residual outliers automatically.
HURA,2026-04-01,-0.1622429549781561,-3.3407472929147435,negative_outlier,False,Reported only; outlier policy does not trade residual outliers automatically.
ICU,2026-04-01,0.2127265972847711,4.100317935457758,positive_outlier,False,Reported only; outlier policy does not trade residual outliers automatically.
INLF,2026-04-01,0.19371423876428864,3.7230281020770626,positive_outlier,False,Reported only; outlier policy does not trade residual outliers automatically.
INO,2026-04-01,-0.3430804780108632,-6.929368812989904,negative_outlier,False,Reported only; outlier policy does not trade residual outliers automatically.
IOTR,2026-04-01,0.1659038924203989,3.1711470228810383,positive_outlier,False,Reported only; outlier policy does not trade residual outliers automatically.
JSPR,2026-04-01,-0.14785485705232462,-3.0552233762868375,negative_outlier,False,Reported only; outlier policy does not trade residual outliers automatically.
KELYB,2026-04-01,0.2307067395016631,4.4571240020940515,positive_outlier,False,Reported only; outlier policy does not trade residual outliers automatically.
KMRK,2026-04-01,0.16034451873020739,3.060824299321323,positive_outlier,False,Reported only; outlier policy does not trade residual outliers automatically.
LEXX,2026-04-01,0.19872193637055527,3.8224031161477154,positive_outlier,False,Reported only; outlier policy does not trade residual outliers automatically.
LNKS,2026-04-01,-0.30375283765018,-6.148933347134743,negative_outlier,False,Reported only; outlier policy does not trade residual outliers automatically.
LNZA,2026-04-01,0.2409875603836837,4.661141257155572,positive_outlier,False,Reported only; outlier policy does not trade residual outliers automatically.
LPCN,2026-04-01,-0.7576158605309348,-15.155596255151126,negative_outlier,False,Reported only; outlier policy does not trade residual outliers automatically.
LUNR,2026-04-01,0.17423071578581373,3.3363882682921897,positive_outlier,False,Reported only; outlier policy does not trade residual outliers automatically.
MGRT,2026-04-01,0.26342747686549495,5.106449099492875,positive_outlier,False,Reported only; outlier policy does not trade residual outliers automatically.
MOBX,2026-04-01,0.2803273319473751,5.441817460084817,positive_outlier,False,Reported only; outlier policy does not trade residual outliers automatically.
NPT,2026-04-01,0.16175711288171238,3.0888564559567926,positive_outlier,False,Reported only; outlier policy does not trade residual outliers automatically.
NTCL,2026-04-01,0.3230693201752298,6.2900087878190325,positive_outlier,False,Reported only; outlier policy does not trade residual outliers automatically.
NVNI,2026-04-01,0.2866251818578084,5.566794839445939,positive_outlier,False,Reported only; outlier policy does not trade residual outliers automatically.
OLOX,2026-04-01,-0.2109127625643163,-4.30657294653212,negative_outlier,False,Reported only; outlier policy does not trade residual outliers automatically.
ONCO,2026-04-01,-0.1604929907203987,-3.306020211447172,negative_outlier,False,Reported only; outlier policy does not trade residual outliers automatically.
OXBR,2026-04-01,-0.2133236822829272,-4.354416326823365,negative_outlier,False,Reported only; outlier policy does not trade residual outliers automatically.
PFSA,2026-04-01,0.3114026468511193,6.058490050687151,positive_outlier,False,Reported only; outlier policy does not trade residual outliers automatically.
PMAX,2026-04-01,0.23973511816415474,4.636287227824284,positive_outlier,False,Reported only; outlier policy does not trade residual outliers automatically.
RCON,2026-04-01,0.20892055786600555,4.0247891694396225,positive_outlier,False,Reported only; outlier policy does not trade residual outliers automatically.
RENX,2026-04-01,-0.2420889709663722,-4.92524771330456,negative_outlier,False,Reported only; outlier policy does not trade residual outliers automatically.
RLAY,2026-04-01,0.16034850932265338,3.0609034904410057,positive_outlier,False,Reported only; outlier policy does not trade residual outliers automatically.
RMSG,2026-04-01,-0.20206366327112718,-4.130967421615276,negative_outlier,False,Reported only; outlier policy does not trade residual outliers automatically.
SBAC,2026-04-01,0.19111451038792895,3.6714379174666094,positive_outlier,False,Reported only; outlier policy does not trade residual outliers automatically.
SELX,2026-04-01,0.5090431581069368,9.98055766163869,positive_outlier,False,Reported only; outlier policy does not trade residual outliers automatically.
SGML,2026-04-01,0.2076157619250112,3.9988962092030893,positive_outlier,False,Reported only; outlier policy does not trade residual outliers automatically.
SIDU,2026-04-01,0.4414316248251761,8.638843844333636,positive_outlier,False,Reported only; outlier policy does not trade residual outliers automatically.
SKK,2026-04-01,0.20685239027163088,3.983747517177262,positive_outlier,False,Reported only; outlier policy does not trade residual outliers automatically.
SLSN,2026-04-01,0.30102537894448,5.852558857288669,positive_outlier,False,Reported only; outlier policy does not trade residual outliers automatically.
SNBR,2026-04-01,-0.32223834643611865,-6.515768136321497,negative_outlier,False,Reported only; outlier policy does not trade residual outliers automatically.
SWMR,2026-04-01,0.42106572671378156,8.234693759702196,positive_outlier,False,Reported only; outlier policy does not trade residual outliers automatically.
TBH,2026-04-01,0.19488166748197486,3.7461950850636896,positive_outlier,False,Reported only; outlier policy does not trade residual outliers automatically.
UPC,2026-04-01,0.16640444288077905,3.181080172394919,positive_outlier,False,Reported only; outlier policy does not trade residual outliers automatically.
VELO,2026-04-01,0.22207011371581528,4.2857348974648986,positive_outlier,False,Reported only; outlier policy does not trade residual outliers automatically.
VSAT,2026-04-01,0.17099170685168233,3.2721119114288117,positive_outlier,False,Reported only; outlier policy does not trade residual outliers automatically.
XHLD,2026-04-01,0.19376719471191234,3.7240789838303145,positive_outlier,False,Reported only; outlier policy does not trade residual outliers automatically.
ABVC,2026-04-02,0.27102421156730433,5.007842631567182,positive_outlier,False,Reported only; outlier policy does not trade residual outliers automatically.
ADTX,2026-04-02,-0.2289453867787918,-4.421519427627711,negative_outlier,False,Reported only; outlier policy does not trade residual outliers automatically.
AEHR,2026-04-02,0.18123036659967057,3.314342311371872,positive_outlier,False,Reported only; outlier policy does not trade residual outliers automatically.
AIIO,2026-04-02,-0.33010114248977857,-6.3293039171759915,negative_outlier,False,Reported only; outlier policy does not trade residual outliers automatically.
ARAI,2026-04-02,-0.1917490257465914,-3.7200008620641447,negative_outlier,False,Reported only; outlier policy does not trade residual outliers automatically.
AXTI,2026-04-02,-0.1933686623959161,-3.7505470001120265,negative_outlier,False,Reported only; outlier policy does not trade residual outliers automatically.
BGDE,2026-04-02,0.49679480181997815,9.26584680792696,positive_outlier,False,Reported only; outlier policy does not trade residual outliers automatically.
BOXL,2026-04-02,0.16945299887316723,3.0922226769684173,positive_outlier,False,Reported only; outlier policy does not trade residual outliers automatically.
CLGN,2026-04-02,-0.16051837706013822,-3.1309948609347846,negative_outlier,False,Reported only; outlier policy does not trade residual outliers automatically.
CLIR,2026-04-02,0.4352725432738895,8.105544956675415,positive_outlier,False,Reported only; outlier policy does not trade residual outliers automatically.
CREG,2026-04-02,0.2719430934461328,5.025172625138329,positive_outlier,False,Reported only; outlier policy does not trade residual outliers automatically.
CUPR,2026-04-02,0.17430410788288797,3.18371396642401,positive_outlier,False,Reported only; outlier policy does not trade residual outliers automatically.
CVGI,2026-04-02,0.18980009066120046,3.47596620048607,positive_outlier,False,Reported only; outlier policy does not trade residual outliers automatically.
CYCN,2026-04-02,-0.19402033878728492,-3.762837532696355,negative_outlier,False,Reported only; outlier policy does not trade residual outliers automatically.
DEVS,2026-04-02,0.19375695639536789,3.550592177246479,positive_outlier,False,Reported only; outlier policy does not trade residual outliers automatically.
EEIQ,2026-04-02,0.1709754182251059,3.1209353093421504,positive_outlier,False,Reported only; outlier policy does not trade residual outliers automatically.
ELAB,2026-04-02,-0.21144974924241322,-4.091553963062095,negative_outlier,False,Reported only; outlier policy does not trade residual outliers automatically.
ESLA,2026-04-02,0.29224886344766354,5.408136825098802,positive_outlier,False,Reported only; outlier policy does not trade residual outliers automatically.
FCUV,2026-04-02,0.7602871567442646,14.23527859463948,positive_outlier,False,Reported only; outlier policy does not trade residual outliers automatically.
FRMM,2026-04-02,-0.22818256130506356,-4.407132637703774,negative_outlier,False,Reported only; outlier policy does not trade residual outliers automatically.
GRCE,2026-04-02,-0.2051938340787067,-3.9735682109577004,negative_outlier,False,Reported only; outlier policy does not trade residual outliers automatically.
GRNQ,2026-04-02,-0.1643740573170462,-3.20371249266108,negative_outlier,False,Reported only; outlier policy does not trade residual outliers automatically.
GURE,2026-04-02,-0.18051104545693364,-3.508054005063602,negative_outlier,False,Reported only; outlier policy does not trade residual outliers automatically.
HTCO,2026-04-02,-0.31765375670618345,-6.094547828741299,negative_outlier,False,Reported only; outlier policy does not trade residual outliers automatically.
INHD,2026-04-02,-0.5120176610047901,-9.760225963837808,negative_outlier,False,Reported only; outlier policy does not trade residual outliers automatically.
JTAI,2026-04-02,-0.48842231682665077,-9.315220819719071,negative_outlier,False,Reported only; outlier policy does not trade residual outliers automatically.
LNAI,2026-04-02,-0.20964901425788604,-4.057592333799167,negative_outlier,False,Reported only; outlier policy does not trade residual outliers automatically.
LZMH,2026-04-02,0.26344694727005236,4.864936405441927,positive_outlier,False,Reported only; outlier policy does not trade residual outliers automatically.
MGN,2026-04-02,0.17970269963330265,3.2855307096676754,positive_outlier,False,Reported only; outlier policy does not trade residual outliers automatically.
MGRT,2026-04-02,0.27035925775594105,4.995301688556392,positive_outlier,False,Reported only; outlier policy does not trade residual outliers automatically.
MGRX,2026-04-02,0.175779278461516,3.211535493034768,positive_outlier,False,Reported only; outlier policy does not trade residual outliers automatically.
MLEC,2026-04-02,0.6209455216572399,11.607313351348344,positive_outlier,False,Reported only; outlier policy does not trade residual outliers automatically.
NCT,2026-04-02,-0.3318682795071496,-6.3626318931171655,negative_outlier,False,Reported only; outlier policy does not trade residual outliers automatically.
NIXX,2026-04-02,-0.20338044876643033,-3.9393679981470733,negative_outlier,False,Reported only; outlier policy does not trade residual outliers automatically.
NPT,2026-04-02,-0.24929552301220706,-4.805320368992112,negative_outlier,False,Reported only; outlier policy does not trade residual outliers automatically.
NVNI,2026-04-02,-0.2761394761762944,-5.311593859063464,negative_outlier,False,Reported only; outlier policy does not trade residual outliers automatically.
OFAL,2026-04-02,-0.20400980290381018,-3.951237535903845,negative_outlier,False,Reported only; outlier policy does not trade residual outliers automatically.
ONEG,2026-04-02,0.17883452313864026,3.269157013093854,positive_outlier,False,Reported only; outlier policy does not trade residual outliers automatically.
PDSB,2026-04-02,0.23159745117594727,4.264259022121635,positive_outlier,False,Reported only; outlier policy does not trade residual outliers automatically.
PLTK,2026-04-02,0.16754100034086247,3.0561626315628754,positive_outlier,False,Reported only; outlier policy does not trade residual outliers automatically.
PMN,2026-04-02,-0.15607856506623669,-3.047260580083025,negative_outlier,False,Reported only; outlier policy does not trade residual outliers automatically.
PRFX,2026-04-02,0.1849342173865478,3.3841964589005045,positive_outlier,False,Reported only; outlier policy does not trade residual outliers automatically.
RCMT,2026-04-02,0.31282747892708973,5.79624685553737,positive_outlier,False,Reported only; outlier policy does not trade residual outliers automatically.
RDGT,2026-04-02,-0.19265858079581588,-3.737154952833419,negative_outlier,False,Reported only; outlier policy does not trade residual outliers automatically.
RENX,2026-04-02,0.18563957738285766,3.3974994573413695,positive_outlier,False,Reported only; outlier policy does not trade residual outliers automatically.
SFWL,2026-04-02,0.16525362217284625,3.0130229747039947,positive_outlier,False,Reported only; outlier policy does not trade residual outliers automatically.
SIDU,2026-04-02,0.24008766748224925,4.424383405239793,positive_outlier,False,Reported only; outlier policy does not trade residual outliers automatically.
SLGB,2026-04-02,0.36485881112317015,6.777551061477229,positive_outlier,False,Reported only; outlier policy does not trade residual outliers automatically.
SLNG,2026-04-02,-0.22751671436660187,-4.394574850431246,negative_outlier,False,Reported only; outlier policy does not trade residual outliers automatically.
SLNO,2026-04-02,0.3369196412879404,6.250621926423402,positive_outlier,False,Reported only; outlier policy does not trade residual outliers automatically.
SMX,2026-04-02,0.45866198406869435,8.546666789574639,positive_outlier,False,Reported only; outlier policy does not trade residual outliers automatically.
SVRN,2026-04-02,0.2581755126414163,4.765517829094054,positive_outlier,False,Reported only; outlier policy does not trade residual outliers automatically.
VRDN,2026-04-02,-0.2407996655676356,-4.645089594734683,negative_outlier,False,Reported only; outlier policy does not trade residual outliers automatically.
WBUY,2026-04-02,0.16481957250608337,3.00483685404162,positive_outlier,False,Reported only; outlier policy does not trade residual outliers automatically.
WW,2026-04-02,-0.17627686541998155,-3.4281979163647875,negative_outlier,False,Reported only; outlier policy does not trade residual outliers automatically.
XWEL,2026-04-02,0.37118040964344323,6.896775593204182,positive_outlier,False,Reported only; outlier policy does not trade residual outliers automatically.
ADVB,2026-04-06,0.4860914222889813,8.682070902807578,positive_outlier,False,Reported only; outlier policy does not trade residual outliers automatically.
ALHC,2026-04-06,0.1660185397326382,3.0144721835344064,positive_outlier,False,Reported only; outlier policy does not trade residual outliers automatically.
BLIV,2026-04-06,-0.21667423251052653,-3.7619502628709216,negative_outlier,False,Reported only; outlier policy does not trade residual outliers automatically.
BMEA,2026-04-06,0.26144303109889677,4.704173981247613,positive_outlier,False,Reported only; outlier policy does not trade residual outliers automatically.
BNZI,2026-04-06,-0.23177335203528265,-4.02931358898961,negative_outlier,False,Reported only; outlier policy does not trade residual outliers automatically.
CAR,2026-04-06,0.16649336203134707,3.022879963133077,positive_outlier,False,Reported only; outlier policy does not trade residual outliers automatically.
CETX,2026-04-06,0.6357670148673903,11.332408507257762,positive_outlier,False,Reported only; outlier policy does not trade residual outliers automatically.
CLGN,2026-04-06,-0.18229339429417804,-3.153161436131706,negative_outlier,False,Reported only; outlier policy does not trade residual outliers automatically.
CMCT,2026-04-06,0.25758194476024276,4.63580490288901,positive_outlier,False,Reported only; outlier policy does not trade residual outliers automatically.
CUPR,2026-04-06,0.5662354282123625,10.101197889451997,positive_outlier,False,Reported only; outlier policy does not trade residual outliers automatically.
CYCU,2026-04-06,0.23374459418682353,4.213711858011975,positive_outlier,False,Reported only; outlier policy does not trade residual outliers automatically.
DTCX,2026-04-06,0.19287954933973034,3.490105803076484,positive_outlier,False,Reported only; outlier policy does not trade residual outliers automatically.
ESLA,2026-04-06,0.23004550207011856,4.14821124585243,positive_outlier,False,Reported only; outlier policy does not trade residual outliers automatically.
FCHL,2026-04-06,0.21595557306996652,3.898717871349345,positive_outlier,False,Reported only; outlier policy does not trade residual outliers automatically.
FCUV,2026-04-06,-0.19936041819812653,-3.4553708643321586,negative_outlier,False,Reported only; outlier policy does not trade residual outliers automatically.
FTFT,2026-04-06,0.25464472028372565,4.583794843341414,positive_outlier,False,Reported only; outlier policy does not trade residual outliers automatically.
GEOS,2026-04-06,-0.2221115274045518,-3.858229601912596,negative_outlier,False,Reported only; outlier policy does not trade residual outliers automatically.
GRCE,2026-04-06,-0.20782394009089844,-3.6052362495435117,negative_outlier,False,Reported only; outlier policy does not trade residual outliers automatically.
GVH,2026-04-06,0.1916247318406204,3.467886482295302,positive_outlier,False,Reported only; outlier policy does not trade residual outliers automatically.
HTCO,2026-04-06,0.2237866221057541,4.037383924941006,positive_outlier,False,Reported only; outlier policy does not trade residual outliers automatically.
HUBC,2026-04-06,0.5184693226633624,9.255393282476195,positive_outlier,False,Reported only; outlier policy does not trade residual outliers automatically.
ICON,2026-04-06,0.19472771335199535,3.5228316369717567,positive_outlier,False,Reported only; outlier policy does not trade residual outliers automatically.
ILLR,2026-04-06,-0.24399467436464767,-4.2457191470879,negative_outlier,False,Reported only; outlier policy does not trade residual outliers automatically.
INHD,2026-04-06,-0.21238967930146765,-3.686082766423311,negative_outlier,False,Reported only; outlier policy does not trade residual outliers automatically.
INLF,2026-04-06,-0.23375672486494958,-4.064433594219302,negative_outlier,False,Reported only; outlier policy does not trade residual outliers automatically.
IOTR,2026-04-06,0.43670116921810304,7.807507169655921,positive_outlier,False,Reported only; outlier policy does not trade residual outliers automatically.
IPST,2026-04-06,0.6313642195148189,11.254447271984846,positive_outlier,False,Reported only; outlier policy does not trade residual outliers automatically.
LNAI,2026-04-06,0.3848733947482358,6.889781725806453,positive_outlier,False,Reported only; outlier policy does not trade residual outliers automatically.
LNKS,2026-04-06,-0.18253149927903164,-3.1573776118240384,negative_outlier,False,Reported only; outlier policy does not trade residual outliers automatically.
LNZA,2026-04-06,0.4794353154908232,8.564209801725559,positive_outlier,False,Reported only; outlier policy does not trade residual outliers automatically.
MEHA,2026-04-06,0.18205337347213624,3.298404400596687,positive_outlier,False,Reported only; outlier policy does not trade residual outliers automatically.
MGN,2026-04-06,0.37006951104568203,6.6276462032881,positive_outlier,False,Reported only; outlier policy does not trade residual outliers automatically.
MGRT,2026-04-06,0.44584319583292176,7.969386982528187,positive_outlier,False,Reported only; outlier policy does not trade residual outliers automatically.
MOVE,2026-04-06,0.5758189254541701,10.270894916766599,positive_outlier,False,Reported only; outlier policy does not trade residual outliers automatically.
MSW,2026-04-06,0.18599762848318932,3.36824616435559,positive_outlier,False,Reported only; outlier policy does not trade residual outliers automatically.
NTCL,2026-04-06,-0.2527385735495386,-4.400549232741963,negative_outlier,False,Reported only; outlier policy does not trade residual outliers automatically.
ONCO,2026-04-06,-0.18473615059786733,-3.1964158424022804,negative_outlier,False,Reported only; outlier policy does not trade residual outliers automatically.
ONEG,2026-04-06,0.1795670021425247,3.254377693770427,positive_outlier,False,Reported only; outlier policy does not trade residual outliers automatically.
PDSB,2026-04-06,0.18625540545296032,3.372810676075745,positive_outlier,False,Reported only; outlier policy does not trade residual outliers automatically.
PFSA,2026-04-06,-0.23615560578550643,-4.106911089733605,negative_outlier,False,Reported only; outlier policy does not trade residual outliers automatically.
PRLD,2026-04-06,0.16554932900050146,3.006163769140509,positive_outlier,False,Reported only; outlier policy does not trade residual outliers automatically.
QNCX,2026-04-06,0.8356840003338049,14.87238115892703,positive_outlier,False,Reported only; outlier policy does not trade residual outliers automatically.
RDGT,2026-04-06,0.41229753350029086,7.375386793086579,positive_outlier,False,Reported only; outlier policy does not trade residual outliers automatically.
RMSG,2026-04-06,0.16794283221618975,3.0485460404890454,positive_outlier,False,Reported only; outlier policy does not trade residual outliers automatically.
RUBI,2026-04-06,-0.19821761582244132,-3.4351350192049925,negative_outlier,False,Reported only; outlier policy does not trade residual outliers automatically.
SILO,2026-04-06,0.5051843079240518,9.020152696267559,positive_outlier,False,Reported only; outlier policy does not trade residual outliers automatically.
SKYQ,2026-04-06,0.25578282017858994,4.603947420638875,positive_outlier,False,Reported only; outlier policy does not trade residual outliers automatically.
SMX,2026-04-06,-0.25654908438840146,-4.468022759951236,negative_outlier,False,Reported only; outlier policy does not trade residual outliers automatically.
TDIC,2026-04-06,0.429247951620219,7.675531457827862,positive_outlier,False,Reported only; outlier policy does not trade residual outliers automatically.
TGHL,2026-04-06,0.1906297815689433,3.4502686858719986,positive_outlier,False,Reported only; outlier policy does not trade residual outliers automatically.
UBXG,2026-04-06,-0.18915696619659347,-3.274696166012865,negative_outlier,False,Reported only; outlier policy does not trade residual outliers automatically.
UK,2026-04-06,0.22286511957899188,4.021066683384108,positive_outlier,False,Reported only; outlier policy does not trade residual outliers automatically.
VSME,2026-04-06,-0.18471972371630047,-3.1961249681108175,negative_outlier,False,Reported only; outlier policy does not trade residual outliers automatically.
WGRX,2026-04-06,0.2096711535197145,3.7874383155496942,positive_outlier,False,Reported only; outlier policy does not trade residual outliers automatically.
ADGM,2026-04-07,0.20399331287393316,3.136731613170252,positive_outlier,False,Reported only; outlier policy does not trade residual outliers automatically.
AEHR,2026-04-07,0.2526810100530134,3.960134323818732,positive_outlier,False,Reported only; outlier policy does not trade residual outliers automatically.
AGH,2026-04-07,-0.1838752821522568,-3.42287319510989,negative_outlier,False,Reported only; outlier policy does not trade residual outliers automatically.
AGMH,2026-04-07,0.1963823799884088,3.0080160827262055,positive_outlier,False,Reported only; outlier policy does not trade residual outliers automatically.
AUUD,2026-04-07,-0.1786240786810598,-3.334065232875682,negative_outlier,False,Reported only; outlier policy does not trade residual outliers automatically.
BBGI,2026-04-07,0.7886329161729478,13.024113066809882,positive_outlier,False,Reported only; outlier policy does not trade residual outliers automatically.
BETR,2026-04-07,-0.21043275574984807,-3.8720112118002326,negative_outlier,False,Reported only; outlier policy does not trade residual outliers automatically.
BGDE,2026-04-07,0.47805410176116486,7.771627275254846,positive_outlier,False,Reported only; outlier policy does not trade residual outliers automatically.
CLIK,2026-04-07,0.5224084148272481,8.521744116337576,positive_outlier,False,Reported only; outlier policy does not trade residual outliers automatically.
CUE,2026-04-07,0.4430594809412712,7.179800852755713,positive_outlier,False,Reported only; outlier policy does not trade residual outliers automatically.
CUPR,2026-04-07,-0.2482206638585538,-4.511077501010827,negative_outlier,False,Reported only; outlier policy does not trade residual outliers automatically.
DTI,2026-04-07,-0.17826432535126102,-3.3279811113401823,negative_outlier,False,Reported only; outlier policy does not trade residual outliers automatically.
EEIQ,2026-04-07,-0.18709530366963933,-3.4773299593311897,negative_outlier,False,Reported only; outlier policy does not trade residual outliers automatically.
ELAB,2026-04-07,0.31245860915274787,4.971088630278073,positive_outlier,False,Reported only; outlier policy does not trade residual outliers automatically.
ELPW,2026-04-07,0.42282493417566064,6.8375957040039665,positive_outlier,False,Reported only; outlier policy does not trade residual outliers automatically.
FCHL,2026-04-07,-0.202478204047611,-3.7374844255050337,negative_outlier,False,Reported only; outlier policy does not trade residual outliers automatically.
FGL,2026-04-07,-0.20262424100428555,-3.739954191646127,negative_outlier,False,Reported only; outlier policy does not trade residual outliers automatically.
FGNX,2026-04-07,0.2681132266997869,4.22112282305972,positive_outlier,False,Reported only; outlier policy does not trade residual outliers automatically.
FTFT,2026-04-07,0.19846627195285674,3.0432587085155043,positive_outlier,False,Reported only; outlier policy does not trade residual outliers automatically.
FTHM,2026-04-07,0.24393645503143455,3.8122470601903222,positive_outlier,False,Reported only; outlier policy does not trade residual outliers automatically.
GLND,2026-04-07,0.20191767031644997,3.1016285007375006,positive_outlier,False,Reported only; outlier policy does not trade residual outliers automatically.
HKIT,2026-04-07,-0.19683571422842958,-3.6420590576789147,negative_outlier,False,Reported only; outlier policy does not trade residual outliers automatically.
HUBC,2026-04-07,0.7116821219799198,11.722726963210855,positive_outlier,False,Reported only; outlier policy does not trade residual outliers automatically.
HURA,2026-04-07,0.2338983338986919,3.6424831027758504,positive_outlier,False,Reported only; outlier policy does not trade residual outliers automatically.
ILLR,2026-04-07,-0.2726989206700532,-4.925051958180235,negative_outlier,False,Reported only; outlier policy does not trade residual outliers automatically.
INHD,2026-04-07,-0.2696886019797536,-4.8741416725614375,negative_outlier,False,Reported only; outlier policy does not trade residual outliers automatically.
JEM,2026-04-07,0.8982690701820254,14.878271542699705,positive_outlier,False,Reported only; outlier policy does not trade residual outliers automatically.
JTAI,2026-04-07,-0.2710356317847496,-4.896922540358047,negative_outlier,False,Reported only; outlier policy does not trade residual outliers automatically.
KPRX,2026-04-07,0.32472599780862815,5.1785537941094475,positive_outlier,False,Reported only; outlier policy does not trade residual outliers automatically.
KRUS,2026-04-07,-0.17236977148788862,-3.2282928551609653,negative_outlier,False,Reported only; outlier policy does not trade residual outliers automatically.
LONA,2026-04-07,-0.16368456393345882,-3.081409271479482,negative_outlier,False,Reported only; outlier policy does not trade residual outliers automatically.
MGRT,2026-04-07,0.6108396298311375,10.01728624215057,positive_outlier,False,Reported only; outlier policy does not trade residual outliers automatically.
MRLN,2026-04-07,0.22351385709652105,3.466861604060818,positive_outlier,False,Reported only; outlier policy does not trade residual outliers automatically.
MSAI,2026-04-07,-0.3060464837972935,-5.4890234635791195,negative_outlier,False,Reported only; outlier policy does not trade residual outliers automatically.
OMEX,2026-04-07,0.4821130419685772,7.840271769917441,positive_outlier,False,Reported only; outlier policy does not trade residual outliers automatically.
RDGT,2026-04-07,-0.27102027763348235,-4.896662872094694,negative_outlier,False,Reported only; outlier policy does not trade residual outliers automatically.
REPL,2026-04-07,-0.25385916014989335,-4.60643533059134,negative_outlier,False,Reported only; outlier policy does not trade residual outliers automatically.
RYET,2026-04-07,0.22627014131188117,3.513475677548366,positive_outlier,False,Reported only; outlier policy does not trade residual outliers automatically.
SAFX,2026-04-07,0.6783613578905722,11.159208681146039,positive_outlier,False,Reported only; outlier policy does not trade residual outliers automatically.
SMTK,2026-04-07,0.3303231422621494,5.273212284486782,positive_outlier,False,Reported only; outlier policy does not trade residual outliers automatically.
SMX,2026-04-07,-0.23671993510100586,-4.316578032314108,negative_outlier,False,Reported only; outlier policy does not trade residual outliers automatically.
SNBR,2026-04-07,0.5772209221254556,9.448729159823591,positive_outlier,False,Reported only; outlier policy does not trade residual outliers automatically.
SVRN,2026-04-07,0.2463824577871934,3.8536136767287372,positive_outlier,False,Reported only; outlier policy does not trade residual outliers automatically.
TRAX,2026-04-07,0.27210300103940016,4.288597589714425,positive_outlier,False,Reported only; outlier policy does not trade residual outliers automatically.
VEEE,2026-04-07,0.19747514495310275,3.026496842469702,positive_outlier,False,Reported only; outlier policy does not trade residual outliers automatically.
VSME,2026-04-07,0.4285906634991991,6.935105289154502,positive_outlier,False,Reported only; outlier policy does not trade residual outliers automatically.
XRTX,2026-04-07,0.31158845261162876,4.9563726076243295,positive_outlier,False,Reported only; outlier policy does not trade residual outliers automatically.
YDES,2026-04-07,-0.168614609799279,-3.1647858401967612,negative_outlier,False,Reported only; outlier policy does not trade residual outliers automatically.
ALOY,2026-04-08,0.2339272354350158,4.155683797134336,positive_outlier,False,Reported only; outlier policy does not trade residual outliers automatically.
ANTA,2026-04-08,0.2942149282829581,5.233326099377599,positive_outlier,False,Reported only; outlier policy does not trade residual outliers automatically.
ARAI,2026-04-08,0.5248916479789155,9.356671670322932,positive_outlier,False,Reported only; outlier policy does not trade residual outliers automatically.
ATXG,2026-04-08,0.2437397058819591,4.331081672614636,positive_outlier,False,Reported only; outlier policy does not trade residual outliers automatically.
BBGI,2026-04-08,0.8662852987659719,15.459082003611263,positive_outlier,False,Reported only; outlier policy does not trade residual outliers automatically.
BYRN,2026-04-08,-0.2946559196014262,-5.292738280605218,negative_outlier,False,Reported only; outlier policy does not trade residual outliers automatically.
CENN,2026-04-08,-0.31208855772709715,-5.60434662712636,negative_outlier,False,Reported only; outlier policy does not trade residual outliers automatically.
CHR,2026-04-08,-0.2419139910306063,-4.34997648885508,negative_outlier,False,Reported only; outlier policy does not trade residual outliers automatically.
CLIK,2026-04-08,0.6522145251721457,11.63256766211045,positive_outlier,False,Reported only; outlier policy does not trade residual outliers automatically.
CSHR,2026-04-08,-0.2560044920104351,-4.601844145392578,negative_outlier,False,Reported only; outlier policy does not trade residual outliers automatically.
CYPH,2026-04-08,0.2282219104758688,4.053701133118176,positive_outlier,False,Reported only; outlier policy does not trade residual outliers automatically.
ELAB,2026-04-08,0.2323181150424417,4.12692077565309,positive_outlier,False,Reported only; outlier policy does not trade residual outliers automatically.
EOSE,2026-04-08,0.29239562186215884,5.200806003364953,positive_outlier,False,Reported only; outlier policy does not trade residual outliers automatically.
FBRX,2026-04-08,0.26808836806529635,4.766313925372682,positive_outlier,False,Reported only; outlier policy does not trade residual outliers automatically.
FFAI,2026-04-08,0.18602981255189432,3.2995175278847757,positive_outlier,False,Reported only; outlier policy does not trade residual outliers automatically.
FMFC,2026-04-08,0.23909996811949624,4.248146376073161,positive_outlier,False,Reported only; outlier policy does not trade residual outliers automatically.
GAME,2026-04-08,0.29274807391893226,5.2071060826672015,positive_outlier,False,Reported only; outlier policy does not trade residual outliers automatically.
GLMD,2026-04-08,0.2561318675473464,4.552591519749456,positive_outlier,False,Reported only; outlier policy does not trade residual outliers automatically.
GNLN,2026-04-08,0.2520194382729355,4.479081860617758,positive_outlier,False,Reported only; outlier policy does not trade residual outliers automatically.
GRML,2026-04-08,0.17972835367718318,3.186878972178845,positive_outlier,False,Reported only; outlier policy does not trade residual outliers automatically.
GURE,2026-04-08,-0.20394208900043245,-3.6712288707042084,negative_outlier,False,Reported only; outlier policy does not trade residual outliers automatically.
HCAI,2026-04-08,-0.3084362866874347,-5.539062294857663,negative_outlier,False,Reported only; outlier policy does not trade residual outliers automatically.
HSPT,2026-04-08,0.18623569204296533,3.3031976230793623,positive_outlier,False,Reported only; outlier policy does not trade residual outliers automatically.
HUBC,2026-04-08,-0.3520615725206223,-6.318864129037511,negative_outlier,False,Reported only; outlier policy does not trade residual outliers automatically.
IMTE,2026-04-08,0.23251911111199436,4.130513579704838,positive_outlier,False,Reported only; outlier policy does not trade residual outliers automatically.
INDP,2026-04-08,0.1833670083964578,3.251919912767456,positive_outlier,False,Reported only; outlier policy does not trade residual outliers automatically.
INHD,2026-04-08,-0.2673482168800956,-4.804613188410821,negative_outlier,False,Reported only; outlier policy does not trade residual outliers automatically.
IPST,2026-04-08,-0.18422380069285907,-3.3187645350451094,negative_outlier,False,Reported only; outlier policy does not trade residual outliers automatically.
IQST,2026-04-08,0.24837911950553906,4.4140111751746955,positive_outlier,False,Reported only; outlier policy does not trade residual outliers automatically.
IVVD,2026-04-08,0.31079853488362075,5.529758010310224,positive_outlier,False,Reported only; outlier policy does not trade residual outliers automatically.
JEM,2026-04-08,-0.35050959776226526,-6.291122585571291,negative_outlier,False,Reported only; outlier policy does not trade residual outliers automatically.
LNAI,2026-04-08,0.19779404823172908,3.5098032001881596,positive_outlier,False,Reported only; outlier policy does not trade residual outliers automatically.
MPLT,2026-04-08,0.21575905649134178,3.830927661021944,positive_outlier,False,Reported only; outlier policy does not trade residual outliers automatically.
MRKR,2026-04-08,0.1858456464169513,3.296225558856274,positive_outlier,False,Reported only; outlier policy does not trade residual outliers automatically.
MRLN,2026-04-08,0.22918145944038798,4.070853067557726,positive_outlier,False,Reported only; outlier policy does not trade residual outliers automatically.
NCT,2026-04-08,0.25907231245594625,4.605151962374376,positive_outlier,False,Reported only; outlier policy does not trade residual outliers automatically.
NXTS,2026-04-08,0.2130311898981962,3.7821670550544155,positive_outlier,False,Reported only; outlier policy does not trade residual outliers automatically.
ONEG,2026-04-08,0.25814506549129884,4.588577426071403,positive_outlier,False,Reported only; outlier policy does not trade residual outliers automatically.
PASG,2026-04-08,0.18975857651068762,3.3661691708197705,positive_outlier,False,Reported only; outlier policy does not trade residual outliers automatically.
PMAX,2026-04-08,0.18664064537219963,3.310436162446224,positive_outlier,False,Reported only; outlier policy does not trade residual outliers automatically.
PN,2026-04-08,-0.36107094142361296,-6.479906567182646,negative_outlier,False,Reported only; outlier policy does not trade residual outliers automatically.
PPCB,2026-04-08,-0.19809787533901854,-3.5667635716128605,negative_outlier,False,Reported only; outlier policy does not trade residual outliers automatically.
PPSI,2026-04-08,-0.2593595260320203,-4.661815366985758,negative_outlier,False,Reported only; outlier policy does not trade residual outliers automatically.
PROP,2026-04-08,-0.3073949883028556,-5.520449089815793,negative_outlier,False,Reported only; outlier policy does not trade residual outliers automatically.
PSTV,2026-04-08,0.2369915389557547,4.210458212025118,positive_outlier,False,Reported only; outlier policy does not trade residual outliers automatically.
QNCX,2026-04-08,-0.24069597015766167,-4.328204369941672,negative_outlier,False,Reported only; outlier policy does not trade residual outliers automatically.
RDAC,2026-04-08,0.1789371288937951,3.172735831897912,positive_outlier,False,Reported only; outlier policy does not trade residual outliers automatically.
RELL,2026-04-08,0.21856521668587495,3.881087764844914,positive_outlier,False,Reported only; outlier policy does not trade residual outliers automatically.
SAFX,2026-04-08,-0.1729223008885632,-3.116750264924987,negative_outlier,False,Reported only; outlier policy does not trade residual outliers automatically.
SHAZ,2026-04-08,0.18719786012837247,3.320396374295773,positive_outlier,False,Reported only; outlier policy does not trade residual outliers automatically.
SNBR,2026-04-08,-0.21832697283316244,-3.92835861972452,negative_outlier,False,Reported only; outlier policy does not trade residual outliers automatically.
STAA,2026-04-08,0.2164874020255071,3.84394683493935,positive_outlier,False,Reported only; outlier policy does not trade residual outliers automatically.
STI,2026-04-08,0.24524010429968038,4.357901289169435,positive_outlier,False,Reported only; outlier policy does not trade residual outliers automatically.
SUNE,2026-04-08,-0.19942170018040398,-3.59042693609814,negative_outlier,False,Reported only; outlier policy does not trade residual outliers automatically.
UCAR,2026-04-08,-0.2789082343573857,-5.011248461046312,negative_outlier,False,Reported only; outlier policy does not trade residual outliers automatically.
VSME,2026-04-08,-0.17438957433471736,-3.1429777727269865,negative_outlier,False,Reported only; outlier policy does not trade residual outliers automatically.
VWAV,2026-04-08,0.2676450104094732,4.75838890880017,positive_outlier,False,Reported only; outlier policy does not trade residual outliers automatically.
WATT,2026-04-08,0.2341491506842133,4.159650531450264,positive_outlier,False,Reported only; outlier policy does not trade residual outliers automatically.
WFF,2026-04-08,-0.2198957821541433,-3.956401080939723,negative_outlier,False,Reported only; outlier policy does not trade residual outliers automatically.
XRTX,2026-04-08,-0.19803267649385062,-3.565598142479794,negative_outlier,False,Reported only; outlier policy does not trade residual outliers automatically.
ZNTL,2026-04-08,0.572183880782981,10.202020168991462,positive_outlier,False,Reported only; outlier policy does not trade residual outliers automatically.
AGPU,2026-04-09,-0.1807423595563095,-3.1836589086822458,negative_outlier,False,Reported only; outlier policy does not trade residual outliers automatically.
ALOY,2026-04-09,0.21239560949186295,4.0184915455045855,positive_outlier,False,Reported only; outlier policy does not trade residual outliers automatically.
APRE,2026-04-09,0.25234262286956577,4.750306895820892,positive_outlier,False,Reported only; outlier policy does not trade residual outliers automatically.
ARAI,2026-04-09,-0.18296417971869047,-3.22436187901695,negative_outlier,False,Reported only; outlier policy does not trade residual outliers automatically.
CBUS,2026-04-09,0.1977947139521142,3.751008232463787,positive_outlier,False,Reported only; outlier policy does not trade residual outliers automatically.
CDT,2026-04-09,-0.2617131270169727,-4.667015123434464,negative_outlier,False,Reported only; outlier policy does not trade residual outliers automatically.
CDTG,2026-04-09,0.17181122717819455,3.274999818615537,positive_outlier,False,Reported only; outlier policy does not trade residual outliers automatically.
CLIK,2026-04-09,-0.18745688358895599,-3.30666664672509,negative_outlier,False,Reported only; outlier policy does not trade residual outliers automatically.
CMCT,2026-04-09,-0.24836239617874978,-4.42243439162921,negative_outlier,False,Reported only; outlier policy does not trade residual outliers automatically.
CREG,2026-04-09,0.7951806988058412,14.694911088135106,positive_outlier,False,Reported only; outlier policy does not trade residual outliers automatically.
CUE,2026-04-09,0.6932175927351406,12.826982552828934,positive_outlier,False,Reported only; outlier policy does not trade residual outliers automatically.
DKI,2026-04-09,-0.30723001745993483,-5.500868678639617,negative_outlier,False,Reported only; outlier policy does not trade residual outliers automatically.
FFAI,2026-04-09,0.2319889902184017,4.377435445632953,positive_outlier,False,Reported only; outlier policy does not trade residual outliers automatically.
FSLY,2026-04-09,-0.20115660829620746,-3.5576408244710094,negative_outlier,False,Reported only; outlier policy does not trade residual outliers automatically.
HBIO,2026-04-09,-0.2019859657127932,-3.5728343630371464,negative_outlier,False,Reported only; outlier policy does not trade residual outliers automatically.
HCAI,2026-04-09,-0.17477142782147143,-3.074273522147085,negative_outlier,False,Reported only; outlier policy does not trade residual outliers automatically.
HURA,2026-04-09,0.1648797544740727,3.148017656589722,positive_outlier,False,Reported only; outlier policy does not trade residual outliers automatically.
ILLR,2026-04-09,-0.3719425759947036,-6.686380177239407,negative_outlier,False,Reported only; outlier policy does not trade residual outliers automatically.
INDP,2026-04-09,0.1660770793119929,3.1699522299562024,positive_outlier,False,Reported only; outlier policy does not trade residual outliers automatically.
IPST,2026-04-09,0.27418482957970014,5.150448503508144,positive_outlier,False,Reported only; outlier policy does not trade residual outliers automatically.
IQST,2026-04-09,-0.1816004379172437,-3.1993786049300863,negative_outlier,False,Reported only; outlier policy does not trade residual outliers automatically.
JEM,2026-04-09,-0.2079981433173853,-3.6829753595183568,negative_outlier,False,Reported only; outlier policy does not trade residual outliers automatically.
KWM,2026-04-09,-0.35415939227477183,-6.360598454818949,negative_outlier,False,Reported only; outlier policy does not trade residual outliers automatically.
LICN,2026-04-09,-0.2017064421175032,-3.5677135882779747,negative_outlier,False,Reported only; outlier policy does not trade residual outliers automatically.
LRHC,2026-04-09,-0.22819446422626635,-4.052964913462909,negative_outlier,False,Reported only; outlier policy does not trade residual outliers automatically.
LWLG,2026-04-09,0.22481415817906364,4.245995025477297,positive_outlier,False,Reported only; outlier policy does not trade residual outliers automatically.
MFI,2026-04-09,0.20178050762610308,3.824026582202213,positive_outlier,False,Reported only; outlier policy does not trade residual outliers automatically.
MKDW,2026-04-09,0.16783963948777686,3.2022417175406455,positive_outlier,False,Reported only; outlier policy does not trade residual outliers automatically.
MTVA,2026-04-09,0.1758747944805106,3.3494429540950517,positive_outlier,False,Reported only; outlier policy does not trade residual outliers automatically.
NCEL,2026-04-09,0.19316566448568434,3.6662056609955096,positive_outlier,False,Reported only; outlier policy does not trade residual outliers automatically.
NVVE,2026-04-09,0.24034750833490323,4.53056058181565,positive_outlier,False,Reported only; outlier policy does not trade residual outliers automatically.
OCC,2026-04-09,0.18382020089987683,3.4950000280924645,positive_outlier,False,Reported only; outlier policy does not trade residual outliers automatically.
OMEX,2026-04-09,-0.18418637650922134,-3.2467520978791455,negative_outlier,False,Reported only; outlier policy does not trade residual outliers automatically.
PFSA,2026-04-09,-0.2071556276783209,-3.667540766906409,negative_outlier,False,Reported only; outlier policy does not trade residual outliers automatically.
PMAX,2026-04-09,-0.21399631144993256,-3.792859707358646,negative_outlier,False,Reported only; outlier policy does not trade residual outliers automatically.
PSTV,2026-04-09,0.2405468131067476,4.534211775712123,positive_outlier,False,Reported only; outlier policy does not trade residual outliers automatically.
RXT,2026-04-09,0.4816903753171041,8.951877717016155,positive_outlier,False,Reported only; outlier policy does not trade residual outliers automatically.
SAFX,2026-04-09,0.450630870717049,8.382878427266313,positive_outlier,False,Reported only; outlier policy does not trade residual outliers automatically.
SIDU,2026-04-09,0.22833212910903453,4.3104430257364665,positive_outlier,False,Reported only; outlier policy does not trade residual outliers automatically.
SKYQ,2026-04-09,0.7163614917956815,13.250970710304776,positive_outlier,False,Reported only; outlier policy does not trade residual outliers automatically.
SQFT,2026-04-09,0.37264922375458676,6.954281857342751,positive_outlier,False,Reported only; outlier policy does not trade residual outliers automatically.
TBH,2026-04-09,0.21012842023538297,3.976957429192141,positive_outlier,False,Reported only; outlier policy does not trade residual outliers automatically.
TMCI,2026-04-09,0.2020583918936802,3.829117325049533,positive_outlier,False,Reported only; outlier policy does not trade residual outliers automatically.
TPST,2026-04-09,0.30187532438799014,5.657728709088458,positive_outlier,False,Reported only; outlier policy does not trade residual outliers automatically.
TWAV,2026-04-09,-0.20352633301527595,-3.6010533546905097,negative_outlier,False,Reported only; outlier policy does not trade residual outliers automatically.
UCAR,2026-04-09,0.37548741974043764,7.006276617752328,positive_outlier,False,Reported only; outlier policy does not trade residual outliers automatically.
VRAX,2026-04-09,-0.21180012068808862,-3.7526262587014463,negative_outlier,False,Reported only; outlier policy does not trade residual outliers automatically.
XNDU,2026-04-09,0.17121575351734633,3.2640909488685685,positive_outlier,False,Reported only; outlier policy does not trade residual outliers automatically.
YDDL,2026-04-09,-0.6056007726262855,-10.966916832269082,negative_outlier,False,Reported only; outlier policy does not trade residual outliers automatically.
YOOV,2026-04-09,0.1640351582394188,3.132544948192351,positive_outlier,False,Reported only; outlier policy does not trade residual outliers automatically.
ZNTL,2026-04-09,0.5232947816217584,9.714055927603905,positive_outlier,False,Reported only; outlier policy does not trade residual outliers automatically.
ZTG,2026-04-09,0.22540511341190897,4.256821119199421,positive_outlier,False,Reported only; outlier policy does not trade residual outliers automatically.
AEHL,2026-04-10,-0.21374799068159156,-4.051146013401295,negative_outlier,False,Reported only; outlier policy does not trade residual outliers automatically.
AFJK,2026-04-10,-0.20574981246350285,-3.9124986708886147,negative_outlier,False,Reported only; outlier policy does not trade residual outliers automatically.
AIIO,2026-04-10,-0.1599288160192501,-3.1181978669992008,negative_outlier,False,Reported only; outlier policy does not trade residual outliers automatically.
ALMU,2026-04-10,0.39476909412522515,6.4974157192216575,positive_outlier,False,Reported only; outlier policy does not trade residual outliers automatically.
BCG,2026-04-10,0.2042732122496812,3.1951952558265186,positive_outlier,False,Reported only; outlier policy does not trade residual outliers automatically.
BNAI,2026-04-10,0.2032889809681508,3.17813373908094,positive_outlier,False,Reported only; outlier policy does not trade residual outliers automatically.
BNZI,2026-04-10,0.24049328870802103,3.823065404455813,positive_outlier,False,Reported only; outlier policy does not trade residual outliers automatically.
BRLS,2026-04-10,-0.23898394223135147,-4.488607835674756,negative_outlier,False,Reported only; outlier policy does not trade residual outliers automatically.
BTM,2026-04-10,0.4604767248649435,7.636448651028913,positive_outlier,False,Reported only; outlier policy does not trade residual outliers automatically.
CAR,2026-04-10,0.21615334030737934,3.4011356761318567,positive_outlier,False,Reported only; outlier policy does not trade residual outliers automatically.
CENN,2026-04-10,-0.1758342149465029,-3.3939158158541374,negative_outlier,False,Reported only; outlier policy does not trade residual outliers automatically.
CLGN,2026-04-10,-0.17172773676669104,-3.3227305695152176,negative_outlier,False,Reported only; outlier policy does not trade residual outliers automatically.
CMCT,2026-04-10,0.8682663819868001,14.705427451255467,positive_outlier,False,Reported only; outlier policy does not trade residual outliers automatically.
CRIS,2026-04-10,0.2115307234940644,3.321003236075562,positive_outlier,False,Reported only; outlier policy does not trade residual outliers automatically.
CSHR,2026-04-10,0.2615798051075868,4.188597327092629,positive_outlier,False,Reported only; outlier policy does not trade residual outliers automatically.
DEVS,2026-04-10,0.4819733562902489,8.009089862417849,positive_outlier,False,Reported only; outlier policy does not trade residual outliers automatically.
DLXY,2026-04-10,0.33743077891819345,5.503463745304636,positive_outlier,False,Reported only; outlier policy does not trade residual outliers automatically.
FGL,2026-04-10,-0.16886254450891697,-3.2730628475044905,negative_outlier,False,Reported only; outlier policy does not trade residual outliers automatically.
GCTK,2026-04-10,0.3020501753852616,4.890145746808221,positive_outlier,False,Reported only; outlier policy does not trade residual outliers automatically.
GLND,2026-04-10,-0.15690380726599878,-3.065759747557532,negative_outlier,False,Reported only; outlier policy does not trade residual outliers automatically.
GPRO,2026-04-10,0.20334607516651113,3.179123459322188,positive_outlier,False,Reported only; outlier policy does not trade residual outliers automatically.
GV,2026-04-10,-0.1654218384735915,-3.213418671648752,negative_outlier,False,Reported only; outlier policy does not trade residual outliers automatically.
HHS,2026-04-10,0.2120764569686971,3.3304634523791834,positive_outlier,False,Reported only; outlier policy does not trade residual outliers automatically.
HUBC,2026-04-10,-0.2026226752554404,-3.858290168433665,negative_outlier,False,Reported only; outlier policy does not trade residual outliers automatically.
HURA,2026-04-10,0.2646887445096895,4.242490373031471,positive_outlier,False,Reported only; outlier policy does not trade residual outliers automatically.
IMA,2026-04-10,0.22385809288765754,3.5346965247207707,positive_outlier,False,Reported only; outlier policy does not trade residual outliers automatically.
JDZG,2026-04-10,0.30069053290261233,4.866576527437699,positive_outlier,False,Reported only; outlier policy does not trade residual outliers automatically.
LICN,2026-04-10,0.41573587311931764,6.860872010056385,positive_outlier,False,Reported only; outlier policy does not trade residual outliers automatically.
LNZA,2026-04-10,0.30405507925522957,4.924900485448051,positive_outlier,False,Reported only; outlier policy does not trade residual outliers automatically.
MNTS,2026-04-10,0.3888393760967104,6.3946248555917675,positive_outlier,False,Reported only; outlier policy does not trade residual outliers automatically.
MOVE,2026-04-10,0.20954522953933874,3.286584965703051,positive_outlier,False,Reported only; outlier policy does not trade residual outliers automatically.
MTC,2026-04-10,0.2635796133195856,4.223263733187657,positive_outlier,False,Reported only; outlier policy does not trade residual outliers automatically.
NPT,2026-04-10,-0.19797364472958026,-3.7776998502268184,negative_outlier,False,Reported only; outlier policy does not trade residual outliers automatically.
ONCO,2026-04-10,-0.2698073249705974,-5.022927025310035,negative_outlier,False,Reported only; outlier policy does not trade residual outliers automatically.
OPTX,2026-04-10,0.2228327694524924,3.5169226810247003,positive_outlier,False,Reported only; outlier policy does not trade residual outliers automatically.
PFSA,2026-04-10,-0.16725286643678883,-3.2451592948558683,negative_outlier,False,Reported only; outlier policy does not trade residual outliers automatically.
PHOE,2026-04-10,0.21025455720665137,3.298881065309983,positive_outlier,False,Reported only; outlier policy does not trade residual outliers automatically.
PLCE,2026-04-10,-0.2739195723206942,-5.094212279439066,negative_outlier,False,Reported only; outlier policy does not trade residual outliers automatically.
PN,2026-04-10,-0.2307902985199423,-4.346572125153405,negative_outlier,False,Reported only; outlier policy does not trade residual outliers automatically.
PRHI,2026-04-10,0.20848220870027595,3.2681576425861025,positive_outlier,False,Reported only; outlier policy does not trade residual outliers automatically.
RAYA,2026-04-10,-0.1733376485081334,-3.3506381727899406,negative_outlier,False,Reported only; outlier policy does not trade residual outliers automatically.
RCT,2026-04-10,0.735801675045065,12.409169591852391,positive_outlier,False,Reported only; outlier policy does not trade residual outliers automatically.
RECT,2026-04-10,0.8536798541737162,14.45257195558802,positive_outlier,False,Reported only; outlier policy does not trade residual outliers automatically.
REPL,2026-04-10,-0.6787071852518962,-12.111151047824551,negative_outlier,False,Reported only; outlier policy does not trade residual outliers automatically.
RITR,2026-04-10,-0.1716009605639759,-3.320532921110666,negative_outlier,False,Reported only; outlier policy does not trade residual outliers automatically.
RVMD,2026-04-10,0.4161730843464871,6.868451007811981,positive_outlier,False,Reported only; outlier policy does not trade residual outliers automatically.
SAFX,2026-04-10,0.30458759488890896,4.934131572258435,positive_outlier,False,Reported only; outlier policy does not trade residual outliers automatically.
SLNH,2026-04-10,0.28185206444590366,4.540014213206624,positive_outlier,False,Reported only; outlier policy does not trade residual outliers automatically.
SYRE,2026-04-10,0.2364763222789675,3.7534318322641678,positive_outlier,False,Reported only; outlier policy does not trade residual outliers automatically.
UCAR,2026-04-10,-0.1707988831954757,-3.3066290179217357,negative_outlier,False,Reported only; outlier policy does not trade residual outliers automatically.
VRAX,2026-04-10,0.5619907935664711,9.39618136382159,positive_outlier,False,Reported only; outlier policy does not trade residual outliers automatically.
XAIR,2026-04-10,-0.20199569859428768,-3.8474216124305367,negative_outlier,False,Reported only; outlier policy does not trade residual outliers automatically.
XNDU,2026-04-10,0.28636639500759953,4.618269525671076,positive_outlier,False,Reported only; outlier policy does not trade residual outliers automatically.
ZBAO,2026-04-10,0.24461287664678094,3.894477906700961,positive_outlier,False,Reported only; outlier policy does not trade residual outliers automatically.
ADGM,2026-04-13,0.2256639533705362,4.095538278809592,positive_outlier,False,Reported only; outlier policy does not trade residual outliers automatically.
AFJK,2026-04-13,0.2963344068597606,5.448695807688463,positive_outlier,False,Reported only; outlier policy does not trade residual outliers automatically.
AHMA,2026-04-13,0.6865885288992738,12.921059112875126,positive_outlier,False,Reported only; outlier policy does not trade residual outliers automatically.
ALLO,2026-04-13,-0.21714599426463868,-4.383133993986259,negative_outlier,False,Reported only; outlier policy does not trade residual outliers automatically.
ARAI,2026-04-13,0.8341665323381902,15.746798535655689,positive_outlier,False,Reported only; outlier policy does not trade residual outliers automatically.
ARTW,2026-04-13,0.16997125027277063,3.0291661702473065,positive_outlier,False,Reported only; outlier policy does not trade residual outliers automatically.
ATLN,2026-04-13,-0.22666108956164885,-4.565323610770201,negative_outlier,False,Reported only; outlier policy does not trade residual outliers automatically.
ATXG,2026-04-13,-0.1473314229386893,-3.0463644085248625,negative_outlier,False,Reported only; outlier policy does not trade residual outliers automatically.
BBGI,2026-04-13,0.4518057048035408,8.425571530854354,positive_outlier,False,Reported only; outlier policy does not trade residual outliers automatically.
BENF,2026-04-13,-0.18460755231067322,-3.760106469269582,negative_outlier,False,Reported only; outlier policy does not trade residual outliers automatically.
BGDE,2026-04-13,0.2846462543118178,5.224897730301778,positive_outlier,False,Reported only; outlier policy does not trade residual outliers automatically.
BNRG,2026-04-13,-0.1450837583530698,-3.0033274092378948,negative_outlier,False,Reported only; outlier policy does not trade residual outliers automatically.
BOLD,2026-04-13,0.292004428428304,5.365787850754211,positive_outlier,False,Reported only; outlier policy does not trade residual outliers automatically.
BRLS,2026-04-13,-0.14735236209232644,-3.0467653394937964,negative_outlier,False,Reported only; outlier policy does not trade residual outliers automatically.
CLRO,2026-04-13,-0.14546068707206208,-3.010544625327117,negative_outlier,False,Reported only; outlier policy does not trade residual outliers automatically.
CMND,2026-04-13,-0.3326299230241642,-6.5943543831307885,negative_outlier,False,Reported only; outlier policy does not trade residual outliers automatically.
CRDO,2026-04-13,0.18550203135660118,3.326540706780587,positive_outlier,False,Reported only; outlier policy does not trade residual outliers automatically.
CWD,2026-04-13,0.19593247679358872,3.526256925875913,positive_outlier,False,Reported only; outlier policy does not trade residual outliers automatically.
CYCN,2026-04-13,0.17723447040407536,3.1682381659587557,positive_outlier,False,Reported only; outlier policy does not trade residual outliers automatically.
DBGI,2026-04-13,-0.14912026489204416,-3.080616133788315,negative_outlier,False,Reported only; outlier policy does not trade residual outliers automatically.
DEVS,2026-04-13,-0.18128317889774792,-3.696453263574637,negative_outlier,False,Reported only; outlier policy does not trade residual outliers automatically.
DTI,2026-04-13,-0.15377836375768408,-3.169806753617348,negative_outlier,False,Reported only; outlier policy does not trade residual outliers automatically.
DTSS,2026-04-13,0.2633648927064644,4.81741435840763,positive_outlier,False,Reported only; outlier policy does not trade residual outliers automatically.
FCHL,2026-04-13,-0.22957129821287575,-4.621046625871789,negative_outlier,False,Reported only; outlier policy does not trade residual outliers automatically.
FCUV,2026-04-13,-0.17418706951372762,-3.5605810091225103,negative_outlier,False,Reported only; outlier policy does not trade residual outliers automatically.
FOFO,2026-04-13,-0.18142514420865882,-3.6991715343626974,negative_outlier,False,Reported only; outlier policy does not trade residual outliers automatically.
FRMM,2026-04-13,0.17954080430217806,3.212398531772767,positive_outlier,False,Reported only; outlier policy does not trade residual outliers automatically.
FTCI,2026-04-13,0.22639234997562316,4.109485201484052,positive_outlier,False,Reported only; outlier policy does not trade residual outliers automatically.
GCTK,2026-04-13,-0.16377643359731506,-3.361244091426653,negative_outlier,False,Reported only; outlier policy does not trade residual outliers automatically.
GIFT,2026-04-13,0.195186931674413,3.51198165323619,positive_outlier,False,Reported only; outlier policy does not trade residual outliers automatically.
GSIW,2026-04-13,0.17841648022047588,3.1908706156361157,positive_outlier,False,Reported only; outlier policy does not trade residual outliers automatically.
HBNB,2026-04-13,-0.1451140035888732,-3.003906527759418,negative_outlier,False,Reported only; outlier policy does not trade residual outliers automatically.
HCAI,2026-04-13,-0.16706988188416774,-3.424305160449048,negative_outlier,False,Reported only; outlier policy does not trade residual outliers automatically.
HCHL,2026-04-13,-0.1777823175104836,-3.6294207668260436,negative_outlier,False,Reported only; outlier policy does not trade residual outliers automatically.
HOTH,2026-04-13,0.25207144736293724,4.601173909407173,positive_outlier,False,Reported only; outlier policy does not trade residual outliers automatically.
HQ,2026-04-13,0.17208725710538725,3.0696822619850073,positive_outlier,False,Reported only; outlier policy does not trade residual outliers automatically.
HUBC,2026-04-13,0.4120982221296306,7.665275304069541,positive_outlier,False,Reported only; outlier policy does not trade residual outliers automatically.
IMDX,2026-04-13,0.1929652627476882,3.4694424039963034,positive_outlier,False,Reported only; outlier policy does not trade residual outliers automatically.
JDZG,2026-04-13,-0.20237904208106638,-4.1003848175027375,negative_outlier,False,Reported only; outlier policy does not trade residual outliers automatically.
JEM,2026-04-13,-0.18378568373728124,-3.7443697986678592,negative_outlier,False,Reported only; outlier policy does not trade residual outliers automatically.
JZXN,2026-04-13,0.24956585260074324,4.553198210237516,positive_outlier,False,Reported only; outlier policy does not trade residual outliers automatically.
KEEL,2026-04-13,0.19896105040723827,3.5842463257557178,positive_outlier,False,Reported only; outlier policy does not trade residual outliers automatically.
KUST,2026-04-13,0.21646151677649667,3.9193352725114403,positive_outlier,False,Reported only; outlier policy does not trade residual outliers automatically.
LAES,2026-04-13,0.20039399075336245,3.6116834500708728,positive_outlier,False,Reported only; outlier policy does not trade residual outliers automatically.
LNZA,2026-04-13,0.17117832744138822,3.052278595285045,positive_outlier,False,Reported only; outlier policy does not trade residual outliers automatically.
MEHA,2026-04-13,-0.29003906719570227,-5.778848972026197,negative_outlier,False,Reported only; outlier policy does not trade residual outliers automatically.
MFI,2026-04-13,0.22149596544717098,4.0157320237154766,positive_outlier,False,Reported only; outlier policy does not trade residual outliers automatically.
MGRT,2026-04-13,0.5434695431917336,10.180698417932158,positive_outlier,False,Reported only; outlier policy does not trade residual outliers automatically.
MGTX,2026-04-13,0.17768786249921137,3.1769194591552257,positive_outlier,False,Reported only; outlier policy does not trade residual outliers automatically.
MOVE,2026-04-13,0.19892803872836823,3.5836142369604937,positive_outlier,False,Reported only; outlier policy does not trade residual outliers automatically.
MTC,2026-04-13,0.1813354799508884,3.2467619573070072,positive_outlier,False,Reported only; outlier policy does not trade residual outliers automatically.
QUCY,2026-04-13,0.20600410324389404,3.7191026837054455,positive_outlier,False,Reported only; outlier policy does not trade residual outliers automatically.
RAYA,2026-04-13,-0.19333904288233972,-3.9272920697863087,negative_outlier,False,Reported only; outlier policy does not trade residual outliers automatically.
RCT,2026-04-13,-0.2785185574680867,-5.558260823729933,negative_outlier,False,Reported only; outlier policy does not trade residual outliers automatically.
RETO,2026-04-13,0.31323343166521744,5.772268694477726,positive_outlier,False,Reported only; outlier policy does not trade residual outliers automatically.
SHIM,2026-04-13,0.23216515469810456,4.220019573166898,positive_outlier,False,Reported only; outlier policy does not trade residual outliers automatically.
SHPH,2026-04-13,0.18750667637446383,3.3649245060166284,positive_outlier,False,Reported only; outlier policy does not trade residual outliers automatically.
SKYQ,2026-04-13,-0.14852757819277312,-3.0692677069736027,negative_outlier,False,Reported only; outlier policy does not trade residual outliers automatically.
SOWG,2026-04-13,-0.16952307148024345,-3.4712774353928237,negative_outlier,False,Reported only; outlier policy does not trade residual outliers automatically.
STAK,2026-04-13,-0.2127994591619665,-4.299909019356458,negative_outlier,False,Reported only; outlier policy does not trade residual outliers automatically.
TNMG,2026-04-13,0.25812323277020144,4.717050044095448,positive_outlier,False,Reported only; outlier policy does not trade residual outliers automatically.
TVTX,2026-04-13,0.3711739574863446,6.8816808302582535,positive_outlier,False,Reported only; outlier policy does not trade residual outliers automatically.
UCAR,2026-04-13,-0.17132978063776858,-3.5058712716892373,negative_outlier,False,Reported only; outlier policy does not trade residual outliers automatically.
WETO,2026-04-13,0.1850719789030248,3.318306307726413,positive_outlier,False,Reported only; outlier policy does not trade residual outliers automatically.
WXM,2026-04-13,0.22557967115493593,4.093924491024751,positive_outlier,False,Reported only; outlier policy does not trade residual outliers automatically.
XNDU,2026-04-13,0.2895379294024721,5.318560734441936,positive_outlier,False,Reported only; outlier policy does not trade residual outliers automatically.
YOOV,2026-04-13,-0.1546513465333816,-3.1865221298063067,negative_outlier,False,Reported only; outlier policy does not trade residual outliers automatically.
AEHL,2026-04-14,-0.2520638096916747,-4.468169857022676,negative_outlier,False,Reported only; outlier policy does not trade residual outliers automatically.
AGAE,2026-04-14,0.4120591550614484,6.7521868671787795,positive_outlier,False,Reported only; outlier policy does not trade residual outliers automatically.
ARAI,2026-04-14,-0.3712518999408536,-6.481852504436077,negative_outlier,False,Reported only; outlier policy does not trade residual outliers automatically.
ARTV,2026-04-14,0.20406729374919608,3.238164609987842,positive_outlier,False,Reported only; outlier policy does not trade residual outliers automatically.
ASBP,2026-04-14,-0.44942835814301507,-7.802643675674899,negative_outlier,False,Reported only; outlier policy does not trade residual outliers automatically.
ASTI,2026-04-14,0.5710255335437088,9.437923648451552,positive_outlier,False,Reported only; outlier policy does not trade residual outliers automatically.
ATHR,2026-04-14,0.2651795538904996,4.270656174652409,positive_outlier,False,Reported only; outlier policy does not trade residual outliers automatically.
BEAT,2026-04-14,-0.26326246960619787,-4.657371203373763,negative_outlier,False,Reported only; outlier policy does not trade residual outliers automatically.
BNRG,2026-04-14,0.27958362474417203,4.514012935126664,positive_outlier,False,Reported only; outlier policy does not trade residual outliers automatically.
CMND,2026-04-14,-0.2826979511759731,-4.985733642098624,negative_outlier,False,Reported only; outlier policy does not trade residual outliers automatically.
CTNT,2026-04-14,-0.8847297097883707,-15.15705951010337,negative_outlier,False,Reported only; outlier policy does not trade residual outliers automatically.
CUE,2026-04-14,0.6661015769489036,11.044233292221373,positive_outlier,False,Reported only; outlier policy does not trade residual outliers automatically.
DOO,2026-04-14,-0.35022821367636353,-6.126657349224176,negative_outlier,False,Reported only; outlier policy does not trade residual outliers automatically.
FCUV,2026-04-14,-0.16592579585538159,-3.0128682125197046,negative_outlier,False,Reported only; outlier policy does not trade residual outliers automatically.
GNLN,2026-04-14,0.21869711450983234,3.4853354148801077,positive_outlier,False,Reported only; outlier policy does not trade residual outliers automatically.
GPRO,2026-04-14,0.24820641892711573,3.983895079005043,positive_outlier,False,Reported only; outlier policy does not trade residual outliers automatically.
KIDZ,2026-04-14,-0.3105340686129139,-5.45602481411877,negative_outlier,False,Reported only; outlier policy does not trade residual outliers automatically.
KMRK,2026-04-14,0.3957201927373908,6.476140117542041,positive_outlier,False,Reported only; outlier policy does not trade residual outliers automatically.
MDCX,2026-04-14,-0.22586200157767142,-4.025490339130263,negative_outlier,False,Reported only; outlier policy does not trade residual outliers automatically.
MIMI,2026-04-14,-0.279210147281612,-4.926807199322567,negative_outlier,False,Reported only; outlier policy does not trade residual outliers automatically.
MKDW,2026-04-14,0.1956801629914865,3.0964640455012544,positive_outlier,False,Reported only; outlier policy does not trade residual outliers automatically.
MNTS,2026-04-14,0.3482828443119054,5.674686170557927,positive_outlier,False,Reported only; outlier policy does not trade residual outliers automatically.
MRLN,2026-04-14,0.2652498005872357,4.271842992512817,positive_outlier,False,Reported only; outlier policy does not trade residual outliers automatically.
NCI,2026-04-14,0.2989856191837088,4.841809608824736,positive_outlier,False,Reported only; outlier policy does not trade residual outliers automatically.
NCT,2026-04-14,-0.2477577905869093,-4.39541966920971,negative_outlier,False,Reported only; outlier policy does not trade residual outliers automatically.
NIXX,2026-04-14,-0.1819163033115665,-3.2830278175652765,negative_outlier,False,Reported only; outlier policy does not trade residual outliers automatically.
NNBR,2026-04-14,0.2507415081893262,4.026725409168777,positive_outlier,False,Reported only; outlier policy does not trade residual outliers automatically.
NOTV,2026-04-14,0.5576280574056475,9.211573304537596,positive_outlier,False,Reported only; outlier policy does not trade residual outliers automatically.
NPT,2026-04-14,-0.1654327357368391,-3.0045379623851076,negative_outlier,False,Reported only; outlier policy does not trade residual outliers automatically.
NUAI,2026-04-14,0.19942027320223701,3.159653203201966,positive_outlier,False,Reported only; outlier policy does not trade residual outliers automatically.
NXGL,2026-04-14,0.24347528056825654,3.9039625018840476,positive_outlier,False,Reported only; outlier policy does not trade residual outliers automatically.
NXTT,2026-04-14,0.2466984118433131,3.9584173010619503,positive_outlier,False,Reported only; outlier policy does not trade residual outliers automatically.
NXXT,2026-04-14,0.1924983474905604,3.0427072762796756,positive_outlier,False,Reported only; outlier policy does not trade residual outliers automatically.
OBAI,2026-04-14,-0.27020907192753774,-4.774734041587878,negative_outlier,False,Reported only; outlier policy does not trade residual outliers automatically.
ORBS,2026-04-14,0.20882460531169736,3.3185393833542096,positive_outlier,False,Reported only; outlier policy does not trade residual outliers automatically.
PDSB,2026-04-14,0.27156413064710927,4.378523591598059,positive_outlier,False,Reported only; outlier policy does not trade residual outliers automatically.
PMAX,2026-04-14,-0.26758178293800977,-4.730345997137361,negative_outlier,False,Reported only; outlier policy does not trade residual outliers automatically.
PRLD,2026-04-14,0.2662620944571798,4.288945696279005,positive_outlier,False,Reported only; outlier policy does not trade residual outliers automatically.
QSI,2026-04-14,0.21436760729690332,3.4121883955067824,positive_outlier,False,Reported only; outlier policy does not trade residual outliers automatically.
RECT,2026-04-14,-0.3052354087476384,-5.366503961800855,negative_outlier,False,Reported only; outlier policy does not trade residual outliers automatically.
RETO,2026-04-14,0.2418598909030798,3.876670495352382,positive_outlier,False,Reported only; outlier policy does not trade residual outliers automatically.
RPGL,2026-04-14,-0.2731673014184449,-4.824713325427837,negative_outlier,False,Reported only; outlier policy does not trade residual outliers automatically.
SAFX,2026-04-14,-0.24506848872387427,-4.349983917332752,negative_outlier,False,Reported only; outlier policy does not trade residual outliers automatically.
SKYQ,2026-04-14,0.28554641119696017,4.614754205375299,positive_outlier,False,Reported only; outlier policy does not trade residual outliers automatically.
SNAL,2026-04-14,-0.36909270220110857,-6.445372861111237,negative_outlier,False,Reported only; outlier policy does not trade residual outliers automatically.
SNBR,2026-04-14,0.2319717930120979,3.709611092878799,positive_outlier,False,Reported only; outlier policy does not trade residual outliers automatically.
SOBR,2026-04-14,0.19583544165789557,3.0990874783913003,positive_outlier,False,Reported only; outlier policy does not trade residual outliers automatically.
SOPA,2026-04-14,0.5124686314447701,8.44860485496807,positive_outlier,False,Reported only; outlier policy does not trade residual outliers automatically.
STAK,2026-04-14,0.19096738188513476,3.0168416141402186,positive_outlier,False,Reported only; outlier policy does not trade residual outliers automatically.
SURG,2026-04-14,-0.3150862711640448,-5.532934270974393,negative_outlier,False,Reported only; outlier policy does not trade residual outliers automatically.
TNMG,2026-04-14,-0.21770106743186118,-3.8876113661410576,negative_outlier,False,Reported only; outlier policy does not trade residual outliers automatically.
TRAW,2026-04-14,-0.23281154568162812,-4.1429028787583,negative_outlier,False,Reported only; outlier policy does not trade residual outliers automatically.
TSHA,2026-04-14,0.27914524503669086,4.5066065104739375,positive_outlier,False,Reported only; outlier policy does not trade residual outliers automatically.
UK,2026-04-14,-0.16829462353642408,-3.0528895534611973,negative_outlier,False,Reported only; outlier policy does not trade residual outliers automatically.
VIVK,2026-04-14,-0.2056557160737377,-3.6841051688260302,negative_outlier,False,Reported only; outlier policy does not trade residual outliers automatically.
WATT,2026-04-14,0.35919309077426265,5.859014771967022,positive_outlier,False,Reported only; outlier policy does not trade residual outliers automatically.
WFF,2026-04-14,0.22529964289852794,3.5968851243986917,positive_outlier,False,Reported only; outlier policy does not trade residual outliers automatically.
WSHP,2026-04-14,0.45409572480207994,7.462394664505879,positive_outlier,False,Reported only; outlier policy does not trade residual outliers automatically.
XELB,2026-04-14,0.21395945792016954,3.4052927122571965,positive_outlier,False,Reported only; outlier policy does not trade residual outliers automatically.
XNDU,2026-04-14,0.6415190890194997,10.628912186981742,positive_outlier,False,Reported only; outlier policy does not trade residual outliers automatically.
ZBAO,2026-04-14,0.22613906013816124,3.611067077694993,positive_outlier,False,Reported only; outlier policy does not trade residual outliers automatically.
ACHV,2026-04-15,0.350372011564489,6.14392377218462,positive_outlier,False,Reported only; outlier policy does not trade residual outliers automatically.
ACXP,2026-04-15,-0.18882290822096554,-3.409178831355931,negative_outlier,False,Reported only; outlier policy does not trade residual outliers automatically.
ADVB,2026-04-15,-0.21852487593247194,-3.9354188508056165,negative_outlier,False,Reported only; outlier policy does not trade residual outliers automatically.
ARTV,2026-04-15,0.3347583905783117,5.8672918570451085,positive_outlier,False,Reported only; outlier policy does not trade residual outliers automatically.
ASBP,2026-04-15,-0.4003749279450519,-7.157319023801695,negative_outlier,False,Reported only; outlier policy does not trade residual outliers automatically.
AXTI,2026-04-15,0.2858915215941696,5.001500663194405,positive_outlier,False,Reported only; outlier policy does not trade residual outliers automatically.
BIRD,2026-04-15,-0.34191631569910946,-6.121587602095623,negative_outlier,False,Reported only; outlier policy does not trade residual outliers automatically.
BNAI,2026-04-15,-0.29977275731255887,-5.3749156239820035,negative_outlier,False,Reported only; outlier policy does not trade residual outliers automatically.
BTM,2026-04-15,0.22051990136459504,3.8432890916512203,positive_outlier,False,Reported only; outlier policy does not trade residual outliers automatically.
CDNA,2026-04-15,0.2717966204687674,4.75177643231459,positive_outlier,False,Reported only; outlier policy does not trade residual outliers automatically.
CDT,2026-04-15,-0.2220016712004095,-3.9970184332707626,negative_outlier,False,Reported only; outlier policy does not trade residual outliers automatically.
CMCT,2026-04-15,-0.2663927568767485,-4.783510628555845,negative_outlier,False,Reported only; outlier policy does not trade residual outliers automatically.
CMND,2026-04-15,0.2756143216479783,4.819415962540822,positive_outlier,False,Reported only; outlier policy does not trade residual outliers automatically.
CPOP,2026-04-15,0.21369852534844994,3.72243241702696,positive_outlier,False,Reported only; outlier policy does not trade residual outliers automatically.
DAIC,2026-04-15,0.18897068262898895,3.2843206878637496,positive_outlier,False,Reported only; outlier policy does not trade residual outliers automatically.
DARE,2026-04-15,0.515971162084482,9.077901111225797,positive_outlier,False,Reported only; outlier policy does not trade residual outliers automatically.
DVLT,2026-04-15,0.1984815323536033,3.452827696984401,positive_outlier,False,Reported only; outlier policy does not trade residual outliers automatically.
EHGO,2026-04-15,-0.2210228154793041,-3.979675708414409,negative_outlier,False,Reported only; outlier policy does not trade residual outliers automatically.
GLND,2026-04-15,0.4120387441494082,7.236494569853183,positive_outlier,False,Reported only; outlier policy does not trade residual outliers automatically.
GLOO,2026-04-15,0.1807657614780337,3.1389512662819885,positive_outlier,False,Reported only; outlier policy does not trade residual outliers automatically.
GRPN,2026-04-15,0.19814733781305752,3.44690665689625,positive_outlier,False,Reported only; outlier policy does not trade residual outliers automatically.
HUBC,2026-04-15,-0.28562816313897893,-5.124310964206246,negative_outlier,False,Reported only; outlier policy does not trade residual outliers automatically.
IPST,2026-04-15,-0.2352479009640676,-4.231706460547892,negative_outlier,False,Reported only; outlier policy does not trade residual outliers automatically.
JLHL,2026-04-15,0.5748987363201047,10.121941294457958,positive_outlier,False,Reported only; outlier policy does not trade residual outliers automatically.
KMRK,2026-04-15,0.21277077674904854,3.7059951746955613,positive_outlier,False,Reported only; outlier policy does not trade residual outliers automatically.
LESL,2026-04-15,0.2233890600476924,3.8941229668968824,positive_outlier,False,Reported only; outlier policy does not trade residual outliers automatically.
LIMN,2026-04-15,0.24153496889570011,4.215620300604121,positive_outlier,False,Reported only; outlier policy does not trade residual outliers automatically.
LRHC,2026-04-15,-0.3016592463811557,-5.408339202304911,negative_outlier,False,Reported only; outlier policy does not trade residual outliers automatically.
MAMO,2026-04-15,0.20253349001022833,3.5246176301209053,positive_outlier,False,Reported only; outlier policy does not trade residual outliers automatically.
MGRT,2026-04-15,0.5300146502751464,9.326714441385526,positive_outlier,False,Reported only; outlier policy does not trade residual outliers automatically.
MIND,2026-04-15,-0.28555279837858843,-5.122975700719364,negative_outlier,False,Reported only; outlier policy does not trade residual outliers automatically.
MSLE,2026-04-15,0.17324729876348222,3.005744065884805,positive_outlier,False,Reported only; outlier policy does not trade residual outliers automatically.
MTC,2026-04-15,-0.32435349287698034,-5.810421004876268,negative_outlier,False,Reported only; outlier policy does not trade residual outliers automatically.
NIXX,2026-04-15,-0.18121593406698194,-3.2744034432191107,negative_outlier,False,Reported only; outlier policy does not trade residual outliers automatically.
NN,2026-04-15,0.265726051115078,4.644222058618379,positive_outlier,False,Reported only; outlier policy does not trade residual outliers automatically.
NOTV,2026-04-15,-0.23049952378356067,-4.147577822199922,negative_outlier,False,Reported only; outlier policy does not trade residual outliers automatically.
NPT,2026-04-15,-0.4642747791817504,-8.289454755826124,negative_outlier,False,Reported only; outlier policy does not trade residual outliers automatically.
NUCL,2026-04-15,0.2478082589341865,4.326766346681994,positive_outlier,False,Reported only; outlier policy does not trade residual outliers automatically.
NVTS,2026-04-15,0.21309881902293082,3.711807212950564,positive_outlier,False,Reported only; outlier policy does not trade residual outliers automatically.
NXXT,2026-04-15,-0.1720408256708176,-3.1118448791620894,negative_outlier,False,Reported only; outlier policy does not trade residual outliers automatically.
OCG,2026-04-15,0.22070857916176465,3.8466319613431095,positive_outlier,False,Reported only; outlier policy does not trade residual outliers automatically.
PN,2026-04-15,0.3177734294168337,5.566363434430679,positive_outlier,False,Reported only; outlier policy does not trade residual outliers automatically.
PRLD,2026-04-15,-0.1858824009600284,-3.3570808487166177,negative_outlier,False,Reported only; outlier policy does not trade residual outliers automatically.
QDEL,2026-04-15,-0.2762373788797825,-4.957931196400731,negative_outlier,False,Reported only; outlier policy does not trade residual outliers automatically.
RECT,2026-04-15,0.2565653173668631,4.481918175163328,positive_outlier,False,Reported only; outlier policy does not trade residual outliers automatically.
RMSG,2026-04-15,0.42587981691138815,7.481721635959216,positive_outlier,False,Reported only; outlier policy does not trade residual outliers automatically.
RPGL,2026-04-15,0.3258742324198776,5.709888158828937,positive_outlier,False,Reported only; outlier policy does not trade residual outliers automatically.
SAFX,2026-04-15,-0.29019508645701864,-5.205224721808218,negative_outlier,False,Reported only; outlier policy does not trade residual outliers automatically.
SIDU,2026-04-15,0.20903531926316377,3.6398127843866543,positive_outlier,False,Reported only; outlier policy does not trade residual outliers automatically.
SILO,2026-04-15,0.25172593005651206,4.396177078914775,positive_outlier,False,Reported only; outlier policy does not trade residual outliers automatically.
SPRC,2026-04-15,0.2525324951453473,4.410467271139032,positive_outlier,False,Reported only; outlier policy does not trade residual outliers automatically.
SURG,2026-04-15,0.19703510715825007,3.4272008822787767,positive_outlier,False,Reported only; outlier policy does not trade residual outliers automatically.
TANH,2026-04-15,0.17609530351976654,3.0562031497036615,positive_outlier,False,Reported only; outlier policy does not trade residual outliers automatically.
TBH,2026-04-15,0.1835683740266754,3.1886061206819476,positive_outlier,False,Reported only; outlier policy does not trade residual outliers automatically.
TRUG,2026-04-15,-0.18185442150409437,-3.2857157456425714,negative_outlier,False,Reported only; outlier policy does not trade residual outliers automatically.
VVOS,2026-04-15,-0.2436171502052269,-4.379987339654119,negative_outlier,False,Reported only; outlier policy does not trade residual outliers automatically.
WNW,2026-04-15,0.7240396312022607,12.764322034543572,positive_outlier,False,Reported only; outlier policy does not trade residual outliers automatically.
WSHP,2026-04-15,0.7230848329617675,12.74740554437942,positive_outlier,False,Reported only; outlier policy does not trade residual outliers automatically.
XNDU,2026-04-15,0.2859449661757344,5.00244755930295,positive_outlier,False,Reported only; outlier policy does not trade residual outliers automatically.
ABLV,2026-04-16,0.301808190532582,5.274574887210067,positive_outlier,False,Reported only; outlier policy does not trade residual outliers automatically.
ABTS,2026-04-16,0.2901873176725238,5.05958830851623,positive_outlier,False,Reported only; outlier policy does not trade residual outliers automatically.
AGAE,2026-04-16,0.28330755083329634,4.932312366959339,positive_outlier,False,Reported only; outlier policy does not trade residual outliers automatically.
AGCC,2026-04-16,0.22392824533960148,3.8337930141504417,positive_outlier,False,Reported only; outlier policy does not trade residual outliers automatically.
AIMD,2026-04-16,0.18939412153791343,3.194910443648149,positive_outlier,False,Reported only; outlier policy does not trade residual outliers automatically.
BBGI,2026-04-16,0.5507458329883831,9.879930500696599,positive_outlier,False,Reported only; outlier policy does not trade residual outliers automatically.
BZAI,2026-04-16,0.44711108588818527,7.962683837629587,positive_outlier,False,Reported only; outlier policy does not trade residual outliers automatically.
CADL,2026-04-16,0.2228238952267352,3.8133624961244417,positive_outlier,False,Reported only; outlier policy does not trade residual outliers automatically.
CAPS,2026-04-16,-0.20931911169511852,-4.1812991513596796,negative_outlier,False,Reported only; outlier policy does not trade residual outliers automatically.
CRML,2026-04-16,0.3472557550290004,6.115356515123303,positive_outlier,False,Reported only; outlier policy does not trade residual outliers automatically.
CTNT,2026-04-16,-0.3189033485935371,-6.208611596239826,negative_outlier,False,Reported only; outlier policy does not trade residual outliers automatically.
DEVS,2026-04-16,-0.1705731742169186,-3.46449787171107,negative_outlier,False,Reported only; outlier policy does not trade residual outliers automatically.
ENVB,2026-04-16,-0.1995223506066206,-4.000058708059061,negative_outlier,False,Reported only; outlier policy does not trade residual outliers automatically.
FCHL,2026-04-16,-0.6861923360313398,-13.003471479147224,negative_outlier,False,Reported only; outlier policy does not trade residual outliers automatically.
FGI,2026-04-16,0.3480267498895323,6.1296199486237235,positive_outlier,False,Reported only; outlier policy does not trade residual outliers automatically.
FLD,2026-04-16,0.36317660798939916,6.409892885072593,positive_outlier,False,Reported only; outlier policy does not trade residual outliers automatically.
FRMM,2026-04-16,0.8195812628996562,14.853395919715211,positive_outlier,False,Reported only; outlier policy does not trade residual outliers automatically.
GNLN,2026-04-16,0.2817613059179039,4.903706778705678,positive_outlier,False,Reported only; outlier policy does not trade residual outliers automatically.
GRDX,2026-04-16,0.19346749911309613,3.270268079788085,positive_outlier,False,Reported only; outlier policy does not trade residual outliers automatically.
IFRX,2026-04-16,0.3137770671160008,5.495999547686482,positive_outlier,False,Reported only; outlier policy does not trade residual outliers automatically.
ISPC,2026-04-16,0.18596252190566134,3.131425723242972,positive_outlier,False,Reported only; outlier policy does not trade residual outliers automatically.
JLHL,2026-04-16,-0.31487955691275965,-6.134171300984524,negative_outlier,False,Reported only; outlier policy does not trade residual outliers automatically.
KITT,2026-04-16,-0.21133999608439905,-4.218685587475033,negative_outlier,False,Reported only; outlier policy does not trade residual outliers automatically.
LAKE,2026-04-16,0.2556570101826427,4.420776339923835,positive_outlier,False,Reported only; outlier policy does not trade residual outliers automatically.
LNAI,2026-04-16,0.18896665275100638,3.1870022552442108,positive_outlier,False,Reported only; outlier policy does not trade residual outliers automatically.
LNZA,2026-04-16,-0.3640525509984279,-7.043873514399597,negative_outlier,False,Reported only; outlier policy does not trade residual outliers automatically.
LZMH,2026-04-16,-0.8109127606577426,-15.310803958089656,negative_outlier,False,Reported only; outlier policy does not trade residual outliers automatically.
MAAS,2026-04-16,0.3023228845941513,5.284096746428674,positive_outlier,False,Reported only; outlier policy does not trade residual outliers automatically.
MATH,2026-04-16,0.23241962596978286,3.9908838705820875,positive_outlier,False,Reported only; outlier policy does not trade residual outliers automatically.
MODD,2026-04-16,0.212273936228743,3.6181878635773264,positive_outlier,False,Reported only; outlier policy does not trade residual outliers automatically.
MRLN,2026-04-16,-0.19995276169722193,-4.008021329190414,negative_outlier,False,Reported only; outlier policy does not trade residual outliers automatically.
MRNO,2026-04-16,-0.17926528584236612,-3.625302258996186,negative_outlier,False,Reported only; outlier policy does not trade residual outliers automatically.
NDRA,2026-04-16,0.21950257584260546,3.7519179643975886,positive_outlier,False,Reported only; outlier policy does not trade residual outliers automatically.
NKTX,2026-04-16,0.2500956519803608,4.317891007023506,positive_outlier,False,Reported only; outlier policy does not trade residual outliers automatically.
NPT,2026-04-16,0.30497485649111755,5.333158324830465,positive_outlier,False,Reported only; outlier policy does not trade residual outliers automatically.
NTCL,2026-04-16,-0.15356007924176202,-3.1497549839996304,negative_outlier,False,Reported only; outlier policy does not trade residual outliers automatically.
OPTX,2026-04-16,-0.17742188434888578,-3.5911992630323817,negative_outlier,False,Reported only; outlier policy does not trade residual outliers automatically.
PBM,2026-04-16,0.3512390259214585,6.189047174292603,positive_outlier,False,Reported only; outlier policy does not trade residual outliers automatically.
RPAY,2026-04-16,0.2840849369033353,4.946694038072561,positive_outlier,False,Reported only; outlier policy does not trade residual outliers automatically.
SELX,2026-04-16,0.22585801144004766,3.869493758544628,positive_outlier,False,Reported only; outlier policy does not trade residual outliers automatically.
SHMD,2026-04-16,0.23799018408650652,4.093939402240628,positive_outlier,False,Reported only; outlier policy does not trade residual outliers automatically.
SKYQ,2026-04-16,-0.1620207686968615,-3.3062780525545468,negative_outlier,False,Reported only; outlier policy does not trade residual outliers automatically.
SOBR,2026-04-16,-0.21045685479629114,-4.202347440907217,negative_outlier,False,Reported only; outlier policy does not trade residual outliers automatically.
TRUG,2026-04-16,-0.1613500810451951,-3.2938703061365002,negative_outlier,False,Reported only; outlier policy does not trade residual outliers automatically.
UCAR,2026-04-16,0.28693197644763146,4.999364375181061,positive_outlier,False,Reported only; outlier policy does not trade residual outliers automatically.
XAIR,2026-04-16,0.2161477016600314,3.6898526676556473,positive_outlier,False,Reported only; outlier policy does not trade residual outliers automatically.
ABVE,2026-04-17,-0.2904293401957663,-5.642379995152131,negative_outlier,False,Reported only; outlier policy does not trade residual outliers automatically.
ACHV,2026-04-17,-0.15919339721978268,-3.136895718361671,negative_outlier,False,Reported only; outlier policy does not trade residual outliers automatically.
ADTX,2026-04-17,-0.19741460449600712,-3.8665939374543945,negative_outlier,False,Reported only; outlier policy does not trade residual outliers automatically.
AGIO,2026-04-17,-0.23735847760490938,-4.629180342969708,negative_outlier,False,Reported only; outlier policy does not trade residual outliers automatically.
AGPU,2026-04-17,0.3140779669662261,5.898540266124802,positive_outlier,False,Reported only; outlier policy does not trade residual outliers automatically.
AGRZ,2026-04-17,0.18500903766514154,3.43442741980475,positive_outlier,False,Reported only; outlier policy does not trade residual outliers automatically.
AOSL,2026-04-17,0.16594117909289696,3.0703943754918384,positive_outlier,False,Reported only; outlier policy does not trade residual outliers automatically.
ASTC,2026-04-17,0.16249647676996032,3.0046300177051855,positive_outlier,False,Reported only; outlier policy does not trade residual outliers automatically.
ASTI,2026-04-17,-0.16404777251601202,-3.2295727754432693,negative_outlier,False,Reported only; outlier policy does not trade residual outliers automatically.
ATAI,2026-04-17,0.2161078562253102,4.0281489198934946,positive_outlier,False,Reported only; outlier policy does not trade residual outliers automatically.
ATOM,2026-04-17,0.1708425603700417,3.163968844848062,positive_outlier,False,Reported only; outlier policy does not trade residual outliers automatically.
ATXG,2026-04-17,0.20994214074571815,3.910436478934325,positive_outlier,False,Reported only; outlier policy does not trade residual outliers automatically.
BCAB,2026-04-17,0.2406795451022588,4.497258058284401,positive_outlier,False,Reported only; outlier policy does not trade residual outliers automatically.
BTM,2026-04-17,0.18692542120362973,3.47101395787581,positive_outlier,False,Reported only; outlier policy does not trade residual outliers automatically.
BYND,2026-04-17,0.3742513720786025,7.04733774470574,positive_outlier,False,Reported only; outlier policy does not trade residual outliers automatically.
CAR,2026-04-17,0.2039547231510826,3.7961280029043762,positive_outlier,False,Reported only; outlier policy does not trade residual outliers automatically.
CMND,2026-04-17,0.5887244291579566,11.141939117790265,positive_outlier,False,Reported only; outlier policy does not trade residual outliers automatically.
CNEY,2026-04-17,0.4087297158290701,7.70557927669505,positive_outlier,False,Reported only; outlier policy does not trade residual outliers automatically.
CTNT,2026-04-17,-0.3958322309004314,-7.654673878978835,negative_outlier,False,Reported only; outlier policy does not trade residual outliers automatically.
CUE,2026-04-17,0.3809713865946488,7.175632557300174,positive_outlier,False,Reported only; outlier policy does not trade residual outliers automatically.
DFSC,2026-04-17,0.23169009775247665,4.325636485099709,positive_outlier,False,Reported only; outlier policy does not trade residual outliers automatically.
DGXX,2026-04-17,0.17922000124628176,3.323906327821018,positive_outlier,False,Reported only; outlier policy does not trade residual outliers automatically.
EBON,2026-04-17,0.17742088983839013,3.289558684618639,positive_outlier,False,Reported only; outlier policy does not trade residual outliers automatically.
EFOI,2026-04-17,-0.17566776254510513,-3.451415219320726,negative_outlier,False,Reported only; outlier policy does not trade residual outliers automatically.
FCEL,2026-04-17,0.19082680848756042,3.545497093180803,positive_outlier,False,Reported only; outlier policy does not trade residual outliers automatically.
FCHL,2026-04-17,-0.34491866277331906,-6.682660103445373,negative_outlier,False,Reported only; outlier policy does not trade residual outliers automatically.
FGI,2026-04-17,0.4920009664501451,9.295348088566673,positive_outlier,False,Reported only; outlier policy does not trade residual outliers automatically.
FRMI,2026-04-17,-0.18447703404931656,-3.619596974587415,negative_outlier,False,Reported only; outlier policy does not trade residual outliers automatically.
GHRS,2026-04-17,0.17300765104747273,3.2053035625109034,positive_outlier,False,Reported only; outlier policy does not trade residual outliers automatically.
GITS,2026-04-17,-0.20018341546336635,-3.9194545500793447,negative_outlier,False,Reported only; outlier policy does not trade residual outliers automatically.
GSUN,2026-04-17,0.32387906256579313,6.085657380256631,positive_outlier,False,Reported only; outlier policy does not trade residual outliers automatically.
HCAI,2026-04-17,0.1684571820835377,3.1184285175908646,positive_outlier,False,Reported only; outlier policy does not trade residual outliers automatically.
HUBC,2026-04-17,-0.2387661895600147,-4.656055603586472,negative_outlier,False,Reported only; outlier policy does not trade residual outliers automatically.
IINN,2026-04-17,0.1738838388591646,3.222031257195211,positive_outlier,False,Reported only; outlier policy does not trade residual outliers automatically.
INV,2026-04-17,0.34330799754850283,6.456583896347361,positive_outlier,False,Reported only; outlier policy does not trade residual outliers automatically.
JLHL,2026-04-17,0.4717240363877132,8.908232117888577,positive_outlier,False,Reported only; outlier policy does not trade residual outliers automatically.
LFMD,2026-04-17,0.22092061854341785,4.1200315249368025,positive_outlier,False,Reported only; outlier policy does not trade residual outliers automatically.
LVLU,2026-04-17,0.23908563122733667,4.466827933262124,positive_outlier,False,Reported only; outlier policy does not trade residual outliers automatically.
MNTS,2026-04-17,-0.16888401228885835,-3.321903599110019,negative_outlier,False,Reported only; outlier policy does not trade residual outliers automatically.
MXL,2026-04-17,0.20289018104254608,3.775804351818883,positive_outlier,False,Reported only; outlier policy does not trade residual outliers automatically.
NKTR,2026-04-17,0.17121238742511138,3.171029379108698,positive_outlier,False,Reported only; outlier policy does not trade residual outliers automatically.
NNOX,2026-04-17,-0.24919436851375273,-4.855144647423564,negative_outlier,False,Reported only; outlier policy does not trade residual outliers automatically.
NRXP,2026-04-17,0.2636244661881066,4.935309842796743,positive_outlier,False,Reported only; outlier policy does not trade residual outliers automatically.
OTLK,2026-04-17,0.2135115559937197,3.9785817871357576,positive_outlier,False,Reported only; outlier policy does not trade residual outliers automatically.
PASG,2026-04-17,-0.4739325879881446,-9.145722842072699,negative_outlier,False,Reported only; outlier policy does not trade residual outliers automatically.
PBM,2026-04-17,0.4412423194610614,8.326291981996997,positive_outlier,False,Reported only; outlier policy does not trade residual outliers automatically.
PODC,2026-04-17,0.19427271364675222,3.611284414854151,positive_outlier,False,Reported only; outlier policy does not trade residual outliers automatically.
POET,2026-04-17,0.1877421252614484,3.48660602152281,positive_outlier,False,Reported only; outlier policy does not trade residual outliers automatically.
RAIN,2026-04-17,0.17181335355841384,3.1825026932307936,positive_outlier,False,Reported only; outlier policy does not trade residual outliers automatically.
RETO,2026-04-17,0.3074348022645926,5.771712627822099,positive_outlier,False,Reported only; outlier policy does not trade residual outliers automatically.
SBC,2026-04-17,-0.16758760150888977,-3.2971532391719083,negative_outlier,False,Reported only; outlier policy does not trade residual outliers automatically.
SIDU,2026-04-17,-0.19394140552163577,-3.8002855373079147,negative_outlier,False,Reported only; outlier policy does not trade residual outliers automatically.
SILO,2026-04-17,0.2854225623811526,5.351467078666472,positive_outlier,False,Reported only; outlier policy does not trade residual outliers automatically.
SLNH,2026-04-17,0.21411540609028676,3.9901101602946567,positive_outlier,False,Reported only; outlier policy does not trade residual outliers automatically.
SMTK,2026-04-17,-0.18177177928846372,-3.567949742020421,negative_outlier,False,Reported only; outlier policy does not trade residual outliers automatically.
SOWG,2026-04-17,-0.19240809692865263,-3.7710124549185116,negative_outlier,False,Reported only; outlier policy does not trade residual outliers automatically.
TCRX,2026-04-17,0.19307770875711278,3.588470040272126,positive_outlier,False,Reported only; outlier policy does not trade residual outliers automatically.
TRAX,2026-04-17,-0.17105356016828527,-3.363323411216242,negative_outlier,False,Reported only; outlier policy does not trade residual outliers automatically.
UK,2026-04-17,-0.1680166548082498,-3.305344488238853,negative_outlier,False,Reported only; outlier policy does not trade residual outliers automatically.
VACH,2026-04-17,-0.2299266436163612,-4.487295865411361,negative_outlier,False,Reported only; outlier policy does not trade residual outliers automatically.
VHC,2026-04-17,0.19422488656459605,3.610371326567286,positive_outlier,False,Reported only; outlier policy does not trade residual outliers automatically.
VMET,2026-04-17,0.21382101408953755,3.984489790505985,positive_outlier,False,Reported only; outlier policy does not trade residual outliers automatically.
VNCE,2026-04-17,0.3132646517392246,5.8830129001676,positive_outlier,False,Reported only; outlier policy does not trade residual outliers automatically.
WIMI,2026-04-17,0.1887325995980975,3.505515611538808,positive_outlier,False,Reported only; outlier policy does not trade residual outliers automatically.
WNW,2026-04-17,-0.1932056835118527,-3.7862395382789935,negative_outlier,False,Reported only; outlier policy does not trade residual outliers automatically.
WSHP,2026-04-17,-0.1948328181465735,-3.817303895733721,negative_outlier,False,Reported only; outlier policy does not trade residual outliers automatically.
ZDAI,2026-04-17,-0.21354378929445886,-4.174523442082283,negative_outlier,False,Reported only; outlier policy does not trade residual outliers automatically.
ZEO,2026-04-17,0.29739466402610065,5.580031843405076,positive_outlier,False,Reported only; outlier policy does not trade residual outliers automatically.
ABVE,2026-04-20,-0.16745168015581943,-3.043218328531366,negative_outlier,False,Reported only; outlier policy does not trade residual outliers automatically.
AIFF,2026-04-20,0.22734154071306645,4.746163125152404,positive_outlier,False,Reported only; outlier policy does not trade residual outliers automatically.
AMST,2026-04-20,-0.25528801256631023,-4.776253908858884,negative_outlier,False,Reported only; outlier policy does not trade residual outliers automatically.
ANNA,2026-04-20,0.17990895768200965,3.810304901069236,positive_outlier,False,Reported only; outlier policy does not trade residual outliers automatically.
ASBP,2026-04-20,-0.22562553520058792,-4.191004875062515,negative_outlier,False,Reported only; outlier policy does not trade residual outliers automatically.
ATXG,2026-04-20,-0.17756654535768507,-3.242787468134424,negative_outlier,False,Reported only; outlier policy does not trade residual outliers automatically.
BANL,2026-04-20,0.18868112995790515,3.9833823310311662,positive_outlier,False,Reported only; outlier policy does not trade residual outliers automatically.
BIRD,2026-04-20,-0.21300142137826814,-3.9419275533690197,negative_outlier,False,Reported only; outlier policy does not trade residual outliers automatically.
BIYA,2026-04-20,0.5425728227043853,10.9657651136567,positive_outlier,False,Reported only; outlier policy does not trade residual outliers automatically.
CAR,2026-04-20,0.16114066777700167,3.440001254563661,positive_outlier,False,Reported only; outlier policy does not trade residual outliers automatically.
CLIK,2026-04-20,0.3486210479632441,7.139041965390089,positive_outlier,False,Reported only; outlier policy does not trade residual outliers automatically.
CMND,2026-04-20,-0.20159664274658456,-3.7169080584509238,negative_outlier,False,Reported only; outlier policy does not trade residual outliers automatically.
CNEY,2026-04-20,0.40893109507735925,8.328976183175202,positive_outlier,False,Reported only; outlier policy does not trade residual outliers automatically.
CREG,2026-04-20,0.14014490666148866,3.025748973637423,positive_outlier,False,Reported only; outlier policy does not trade residual outliers automatically.
CUE,2026-04-20,-0.20009761660206066,-3.687331850371557,negative_outlier,False,Reported only; outlier policy does not trade residual outliers automatically.
DLXY,2026-04-20,0.18694873485492233,3.94920168766569,positive_outlier,False,Reported only; outlier policy does not trade residual outliers automatically.
EDBL,2026-04-20,-0.2461638479615645,-4.596231571099017,negative_outlier,False,Reported only; outlier policy does not trade residual outliers automatically.
FCHL,2026-04-20,0.23148749243689798,4.827963920501437,positive_outlier,False,Reported only; outlier policy does not trade residual outliers automatically.
FFAI,2026-04-20,0.8288023261780241,16.61315384274313,positive_outlier,False,Reported only; outlier policy does not trade residual outliers automatically.
FTHM,2026-04-20,0.14917463873872966,3.203908131029727,positive_outlier,False,Reported only; outlier policy does not trade residual outliers automatically.
GLND,2026-04-20,0.22503241244175146,4.7006033739206785,positive_outlier,False,Reported only; outlier policy does not trade residual outliers automatically.
GMEX,2026-04-20,-0.25861279187061903,-4.841852741061668,negative_outlier,False,Reported only; outlier policy does not trade residual outliers automatically.
GVH,2026-04-20,0.15931480736488807,3.403976514321587,positive_outlier,False,Reported only; outlier policy does not trade residual outliers automatically.
HCAI,2026-04-20,0.21521601537997972,4.506923094794622,positive_outlier,False,Reported only; outlier policy does not trade residual outliers automatically.
HIT,2026-04-20,0.1481922045456519,3.184524427666781,positive_outlier,False,Reported only; outlier policy does not trade residual outliers automatically.
HUBC,2026-04-20,-0.48002627767351214,-9.21040318403219,negative_outlier,False,Reported only; outlier policy does not trade residual outliers automatically.
JL,2026-04-20,-0.184633036548427,-3.382211329827493,negative_outlier,False,Reported only; outlier policy does not trade residual outliers automatically.
JTAI,2026-04-20,0.17385303330770935,3.6908198073225216,positive_outlier,False,Reported only; outlier policy does not trade residual outliers automatically.
LESL,2026-04-20,0.16868779735875808,3.5889082470983813,positive_outlier,False,Reported only; outlier policy does not trade residual outliers automatically.
LGCB,2026-04-20,-0.3133892990747023,-5.922608657726114,negative_outlier,False,Reported only; outlier policy does not trade residual outliers automatically.
LIQT,2026-04-20,0.2903494804745241,5.98932752481599,positive_outlier,False,Reported only; outlier policy does not trade residual outliers automatically.
LOBO,2026-04-20,0.18010513591086127,3.8141755527842536,positive_outlier,False,Reported only; outlier policy does not trade residual outliers automatically.
NCEL,2026-04-20,0.1791869319068265,3.79605912914358,positive_outlier,False,Reported only; outlier policy does not trade residual outliers automatically.
NOMA,2026-04-20,0.15287658495080997,3.2769485725637773,positive_outlier,False,Reported only; outlier policy does not trade residual outliers automatically.
NPT,2026-04-20,-0.18236716430336627,-3.337505032178187,negative_outlier,False,Reported only; outlier policy does not trade residual outliers automatically.
NVTS,2026-04-20,0.17866238550438476,3.785709680868395,positive_outlier,False,Reported only; outlier policy does not trade residual outliers automatically.
NXGL,2026-04-20,0.15472518319626433,3.31342193666249,positive_outlier,False,Reported only; outlier policy does not trade residual outliers automatically.
ORIS,2026-04-20,-0.18193781839343806,-3.3290339164365097,negative_outlier,False,Reported only; outlier policy does not trade residual outliers automatically.
POET,2026-04-20,0.20503455745062452,4.306040061920258,positive_outlier,False,Reported only; outlier policy does not trade residual outliers automatically.
RMSG,2026-04-20,-0.17600080499036552,-3.2118949696471377,negative_outlier,False,Reported only; outlier policy does not trade residual outliers automatically.
RPGL,2026-04-20,0.6074505399699883,12.245820750158778,positive_outlier,False,Reported only; outlier policy does not trade residual outliers automatically.
RUBI,2026-04-20,-0.18845008976512506,-3.457522864986164,negative_outlier,False,Reported only; outlier policy does not trade residual outliers automatically.
SONM,2026-04-20,0.18752295269826744,3.960531167461424,positive_outlier,False,Reported only; outlier policy does not trade residual outliers automatically.
SOWG,2026-04-20,-0.2773620385568496,-5.211780659496643,negative_outlier,False,Reported only; outlier policy does not trade residual outliers automatically.
SPRB,2026-04-20,-0.2355225145202908,-4.386275064836083,negative_outlier,False,Reported only; outlier policy does not trade residual outliers automatically.
SPRC,2026-04-20,0.43756007533715974,8.893834027954734,positive_outlier,False,Reported only; outlier policy does not trade residual outliers automatically.
TDIC,2026-04-20,0.5247377980307224,10.613875053049098,positive_outlier,False,Reported only; outlier policy does not trade residual outliers automatically.
VELO,2026-04-20,0.30622824668625176,6.3026200549278215,positive_outlier,False,Reported only; outlier policy does not trade residual outliers automatically.
VIVK,2026-04-20,0.13971182059332016,3.017204063520132,positive_outlier,False,Reported only; outlier policy does not trade residual outliers automatically.
WASH,2026-04-20,-0.17472033881640328,-3.1866310113512495,negative_outlier,False,Reported only; outlier policy does not trade residual outliers automatically.
XRTX,2026-04-20,0.1943030256641993,4.094303916900279,positive_outlier,False,Reported only; outlier policy does not trade residual outliers automatically.
ZJK,2026-04-20,0.21888361713283883,4.579285910474041,positive_outlier,False,Reported only; outlier policy does not trade residual outliers automatically.
ACTU,2026-04-21,0.2159717796391428,3.978282034470185,positive_outlier,False,Reported only; outlier policy does not trade residual outliers automatically.
AGCC,2026-04-21,0.2715202644730015,5.049308043849014,positive_outlier,False,Reported only; outlier policy does not trade residual outliers automatically.
AGPU,2026-04-21,0.7769954271426391,14.795335283536902,positive_outlier,False,Reported only; outlier policy does not trade residual outliers automatically.
AIOS,2026-04-21,-0.17756529723978282,-3.609475692007593,negative_outlier,False,Reported only; outlier policy does not trade residual outliers automatically.
ALMU,2026-04-21,0.18337131837969006,3.349715080194984,positive_outlier,False,Reported only; outlier policy does not trade residual outliers automatically.
ALP,2026-04-21,-0.1702887425972528,-3.4691770087199156,negative_outlier,False,Reported only; outlier policy does not trade residual outliers automatically.
AMST,2026-04-21,-0.1487901516521993,-3.054664351245709,negative_outlier,False,Reported only; outlier policy does not trade residual outliers automatically.
ASBP,2026-04-21,0.1755941186397793,3.1997634977802374,positive_outlier,False,Reported only; outlier policy does not trade residual outliers automatically.
BEEM,2026-04-21,0.28999503104853186,5.405518579181831,positive_outlier,False,Reported only; outlier policy does not trade residual outliers automatically.
BNRG,2026-04-21,0.26136784974440647,4.853560126244281,positive_outlier,False,Reported only; outlier policy does not trade residual outliers automatically.
CAR,2026-04-21,-0.3477932422986578,-6.891627441537151,negative_outlier,False,Reported only; outlier policy does not trade residual outliers automatically.
CGC,2026-04-21,0.20194625056695795,3.707856900885756,positive_outlier,False,Reported only; outlier policy does not trade residual outliers automatically.
CHR,2026-04-21,0.17140045886415578,3.118905870292964,positive_outlier,False,Reported only; outlier policy does not trade residual outliers automatically.
CNEY,2026-04-21,-0.2131718110787388,-4.296002111925067,negative_outlier,False,Reported only; outlier policy does not trade residual outliers automatically.
CVV,2026-04-21,0.19593335714632568,3.591922771190203,positive_outlier,False,Reported only; outlier policy does not trade residual outliers automatically.
DEVS,2026-04-21,-0.1806421895449356,-3.668801012882368,negative_outlier,False,Reported only; outlier policy does not trade residual outliers automatically.
DKI,2026-04-21,0.17579698080322395,3.203674867352565,positive_outlier,False,Reported only; outlier policy does not trade residual outliers automatically.
DXLG,2026-04-21,0.2041862520214823,3.7510461944554634,positive_outlier,False,Reported only; outlier policy does not trade residual outliers automatically.
EDBL,2026-04-21,-0.16868264934344035,-3.4382100497926666,negative_outlier,False,Reported only; outlier policy does not trade residual outliers automatically.
ELPW,2026-04-21,0.6287424853185176,11.936881859731235,positive_outlier,False,Reported only; outlier policy does not trade residual outliers automatically.
FCEL,2026-04-21,0.24227600110524505,4.485451679707463,positive_outlier,False,Reported only; outlier policy does not trade residual outliers automatically.
FCHL,2026-04-21,-0.15227969102581765,-3.121945888106255,negative_outlier,False,Reported only; outlier policy does not trade residual outliers automatically.
FFAI,2026-04-21,-0.22151017534484377,-4.456773463859943,negative_outlier,False,Reported only; outlier policy does not trade residual outliers automatically.
FGI,2026-04-21,-0.3330615472715302,-6.607586777179134,negative_outlier,False,Reported only; outlier policy does not trade residual outliers automatically.
GAME,2026-04-21,0.3200768704935481,5.985524182429756,positive_outlier,False,Reported only; outlier policy does not trade residual outliers automatically.
GNLN,2026-04-21,0.3854370821623225,7.245729332671658,positive_outlier,False,Reported only; outlier policy does not trade residual outliers automatically.
GRML,2026-04-21,0.1800119465558724,3.284943293723321,positive_outlier,False,Reported only; outlier policy does not trade residual outliers automatically.
HCAI,2026-04-21,0.4297713332102578,8.10053457390709,positive_outlier,False,Reported only; outlier policy does not trade residual outliers automatically.
HCSG,2026-04-21,0.18232553133136759,3.329551341573221,positive_outlier,False,Reported only; outlier policy does not trade residual outliers automatically.
IMTE,2026-04-21,-0.21005908363239004,-4.235985856484112,negative_outlier,False,Reported only; outlier policy does not trade residual outliers automatically.
INBX,2026-04-21,0.3417299523926601,6.4030155679557765,positive_outlier,False,Reported only; outlier policy does not trade residual outliers automatically.
IPWR,2026-04-21,0.22992898010659202,4.2473897295488605,positive_outlier,False,Reported only; outlier policy does not trade residual outliers automatically.
KBSX,2026-04-21,0.17194065541305673,3.129321357876109,positive_outlier,False,Reported only; outlier policy does not trade residual outliers automatically.
KIDZ,2026-04-21,-0.2569445342287616,-5.139980577498572,negative_outlier,False,Reported only; outlier policy does not trade residual outliers automatically.
LGCB,2026-04-21,-0.19548548772800678,-3.9549934889972995,negative_outlier,False,Reported only; outlier policy does not trade residual outliers automatically.
LHSW,2026-04-21,0.3720450320748466,6.987518258049368,positive_outlier,False,Reported only; outlier policy does not trade residual outliers automatically.
LRHC,2026-04-21,-0.16682890659571806,-3.4024681802629013,negative_outlier,False,Reported only; outlier policy does not trade residual outliers automatically.
MCRI,2026-04-21,0.16858071654275675,3.0645386382253887,positive_outlier,False,Reported only; outlier policy does not trade residual outliers automatically.
MSS,2026-04-21,-0.1480148134373463,-3.039715115516658,negative_outlier,False,Reported only; outlier policy does not trade residual outliers automatically.
NN,2026-04-21,-0.22863793092762114,-4.594203164066572,negative_outlier,False,Reported only; outlier policy does not trade residual outliers automatically.
NVTS,2026-04-21,0.1761565530966022,3.210607752733902,positive_outlier,False,Reported only; outlier policy does not trade residual outliers automatically.
NXXT,2026-04-21,0.16796672945745778,3.0527004010575394,positive_outlier,False,Reported only; outlier policy does not trade residual outliers automatically.
OCG,2026-04-21,-0.22865612603787464,-4.594553982570143,negative_outlier,False,Reported only; outlier policy does not trade residual outliers automatically.
PALI,2026-04-21,-0.1702430959117746,-3.4682968985326568,negative_outlier,False,Reported only; outlier policy does not trade residual outliers automatically.
PLRZ,2026-04-21,0.18936432304085085,3.465265736268313,positive_outlier,False,Reported only; outlier policy does not trade residual outliers automatically.
POET,2026-04-21,0.24045020991180766,4.450248741918703,positive_outlier,False,Reported only; outlier policy does not trade residual outliers automatically.
REPL,2026-04-21,0.21624280723923625,3.983507696517094,positive_outlier,False,Reported only; outlier policy does not trade residual outliers automatically.
RETO,2026-04-21,-0.3685762422683535,-7.292342845153269,negative_outlier,False,Reported only; outlier policy does not trade residual outliers automatically.
RPGL,2026-04-21,0.28918363365838645,5.389874089302638,positive_outlier,False,Reported only; outlier policy does not trade residual outliers automatically.
SMX,2026-04-21,-0.1483775987347873,-3.0467099505790673,negative_outlier,False,Reported only; outlier policy does not trade residual outliers automatically.
SOWG,2026-04-21,-0.2571924501598048,-5.144760625254704,negative_outlier,False,Reported only; outlier policy does not trade residual outliers automatically.
SRAD,2026-04-21,-0.22233060820831638,-4.472592165996581,negative_outlier,False,Reported only; outlier policy does not trade residual outliers automatically.
STI,2026-04-21,-0.3079348384044546,-6.12312066064657,negative_outlier,False,Reported only; outlier policy does not trade residual outliers automatically.
SUPX,2026-04-21,0.23948693374859925,4.431675889246004,positive_outlier,False,Reported only; outlier policy does not trade residual outliers automatically.
TORO,2026-04-21,0.7215119194707161,13.725562093756247,positive_outlier,False,Reported only; outlier policy does not trade residual outliers automatically.
TRUG,2026-04-21,0.18720821449739225,3.423693975382398,positive_outlier,False,Reported only; outlier policy does not trade residual outliers automatically.
VACH,2026-04-21,0.18846090746982147,3.4478470510108443,positive_outlier,False,Reported only; outlier policy does not trade residual outliers automatically.
VTIX,2026-04-21,-0.2079640777244377,-4.195592210754074,negative_outlier,False,Reported only; outlier policy does not trade residual outliers automatically.
WSHP,2026-04-21,0.16665637453011095,3.0274355497676493,positive_outlier,False,Reported only; outlier policy does not trade residual outliers automatically.
XNDU,2026-04-21,0.490276611782901,9.267132137275965,positive_outlier,False,Reported only; outlier policy does not trade residual outliers automatically.
ADVB,2026-04-22,0.21983513675437044,4.741507562903074,positive_outlier,False,Reported only; outlier policy does not trade residual outliers automatically.
AEHL,2026-04-22,-0.22090914177019969,-4.077376056738873,negative_outlier,False,Reported only; outlier policy does not trade residual outliers automatically.
AMST,2026-04-22,0.3612258642382191,7.570604686411304,positive_outlier,False,Reported only; outlier policy does not trade residual outliers automatically.
APLD,2026-04-22,0.1400411442851188,3.1449038917480157,positive_outlier,False,Reported only; outlier policy does not trade residual outliers automatically.
ATHR,2026-04-22,0.16829147817015538,3.710166831932221,positive_outlier,False,Reported only; outlier policy does not trade residual outliers automatically.
AUUD,2026-04-22,0.3412662567955935,7.171231481342139,positive_outlier,False,Reported only; outlier policy does not trade residual outliers automatically.
BBGI,2026-04-22,0.15214462056354286,3.3870832095370917,positive_outlier,False,Reported only; outlier policy does not trade residual outliers automatically.
BGMS,2026-04-22,-0.17153917523609122,-3.0895288846158007,negative_outlier,False,Reported only; outlier policy does not trade residual outliers automatically.
BNRG,2026-04-22,-0.17427926124812254,-3.144355460535983,negative_outlier,False,Reported only; outlier policy does not trade residual outliers automatically.
CAR,2026-04-22,-0.40115059209382903,-7.683840057044555,negative_outlier,False,Reported only; outlier policy does not trade residual outliers automatically.
CAST,2026-04-22,-0.27204914457962354,-5.100640010599433,negative_outlier,False,Reported only; outlier policy does not trade residual outliers automatically.
CISS,2026-04-22,-0.43235837071406547,-8.308278719301796,negative_outlier,False,Reported only; outlier policy does not trade residual outliers automatically.
CPIX,2026-04-22,0.2705315542367574,5.75589578640222,positive_outlier,False,Reported only; outlier policy does not trade residual outliers automatically.
DEVS,2026-04-22,-0.19121485598742674,-3.4832209803229133,negative_outlier,False,Reported only; outlier policy does not trade residual outliers automatically.
EQPT,2026-04-22,0.14986171215884422,3.341404332881595,positive_outlier,False,Reported only; outlier policy does not trade residual outliers automatically.
EUDA,2026-04-22,0.88502020491869,18.05124290717643,positive_outlier,False,Reported only; outlier policy does not trade residual outliers automatically.
FCHL,2026-04-22,-0.22559789342124195,-4.171193622040837,negative_outlier,False,Reported only; outlier policy does not trade residual outliers automatically.
FIEE,2026-04-22,-0.2253093940995012,-4.16542101859084,negative_outlier,False,Reported only; outlier policy does not trade residual outliers automatically.
FTFT,2026-04-22,0.1737161177213664,3.8187088305732084,positive_outlier,False,Reported only; outlier policy does not trade residual outliers automatically.
GLND,2026-04-22,0.1804982318787292,3.954412635167405,positive_outlier,False,Reported only; outlier policy does not trade residual outliers automatically.
GNLN,2026-04-22,-0.2292800983471659,-4.244871122323091,negative_outlier,False,Reported only; outlier policy does not trade residual outliers automatically.
GRCE,2026-04-22,-0.42108251258879764,-8.082659272008648,negative_outlier,False,Reported only; outlier policy does not trade residual outliers automatically.
HELE,2026-04-22,0.20588397106226342,4.4623576962073574,positive_outlier,False,Reported only; outlier policy does not trade residual outliers automatically.
HUBC,2026-04-22,-0.16732556881272348,-3.0052185339719997,negative_outlier,False,Reported only; outlier policy does not trade residual outliers automatically.
ICCM,2026-04-22,-0.18344750877033306,-3.327803577355809,negative_outlier,False,Reported only; outlier policy does not trade residual outliers automatically.
INV,2026-04-22,0.17057401596488883,3.755838293026563,positive_outlier,False,Reported only; outlier policy does not trade residual outliers automatically.
IQST,2026-04-22,0.2031330796454253,4.407314914173797,positive_outlier,False,Reported only; outlier policy does not trade residual outliers automatically.
KLXE,2026-04-22,0.17739290249196654,3.8922778785820458,positive_outlier,False,Reported only; outlier policy does not trade residual outliers automatically.
KMRK,2026-04-22,0.17144594003926977,3.7732846838518057,positive_outlier,False,Reported only; outlier policy does not trade residual outliers automatically.
KUST,2026-04-22,0.14156383862318886,3.175371591069447,positive_outlier,False,Reported only; outlier policy does not trade residual outliers automatically.
LESL,2026-04-22,0.15200296780097255,3.384248869334899,positive_outlier,False,Reported only; outlier policy does not trade residual outliers automatically.
LSH,2026-04-22,-0.20576962165120313,-3.774448321786517,negative_outlier,False,Reported only; outlier policy does not trade residual outliers automatically.
MEDP,2026-04-22,-0.23218275686100476,-4.302950622995907,negative_outlier,False,Reported only; outlier policy does not trade residual outliers automatically.
MEHA,2026-04-22,-0.18382512907083473,-3.3353594088091096,negative_outlier,False,Reported only; outlier policy does not trade residual outliers automatically.
MWYN,2026-04-22,0.21967699644525138,4.73834332220921,positive_outlier,False,Reported only; outlier policy does not trade residual outliers automatically.
NCEL,2026-04-22,0.34055363977951475,7.156972676778157,positive_outlier,False,Reported only; outlier policy does not trade residual outliers automatically.
NCT,2026-04-22,0.14558430983264176,3.2558174854800974,positive_outlier,False,Reported only; outlier policy does not trade residual outliers automatically.
NPT,2026-04-22,-0.4490682256393959,-8.642627395093795,negative_outlier,False,Reported only; outlier policy does not trade residual outliers automatically.
ONEG,2026-04-22,0.23623597930578,5.069673188124886,positive_outlier,False,Reported only; outlier policy does not trade residual outliers automatically.
PDSB,2026-04-22,-0.24794339241023974,-4.618306300772553,negative_outlier,False,Reported only; outlier policy does not trade residual outliers automatically.
PENN,2026-04-22,0.16395121802065007,3.623322257873109,positive_outlier,False,Reported only; outlier policy does not trade residual outliers automatically.
RDCM,2026-04-22,0.18204271488394083,3.985316305479525,positive_outlier,False,Reported only; outlier policy does not trade residual outliers automatically.
RDZN,2026-04-22,0.1646830220083238,3.6379649759165256,positive_outlier,False,Reported only; outlier policy does not trade residual outliers automatically.
REPL,2026-04-22,0.27842426738125836,5.913821645128239,positive_outlier,False,Reported only; outlier policy does not trade residual outliers automatically.
RMIX,2026-04-22,0.17272505133891594,3.798878512831074,positive_outlier,False,Reported only; outlier policy does not trade residual outliers automatically.
SORA,2026-04-22,0.18874725348022223,4.119467895154005,positive_outlier,False,Reported only; outlier policy does not trade residual outliers automatically.
SWVL,2026-04-22,0.15103973104286633,3.3649753965258213,positive_outlier,False,Reported only; outlier policy does not trade residual outliers automatically.
TDIC,2026-04-22,0.4682231882801081,9.711521754007302,positive_outlier,False,Reported only; outlier policy does not trade residual outliers automatically.
TXN,2026-04-22,0.17435255074636913,3.8314432642406953,positive_outlier,False,Reported only; outlier policy does not trade residual outliers automatically.
TZOO,2026-04-22,0.26068110466812777,5.558797440309784,positive_outlier,False,Reported only; outlier policy does not trade residual outliers automatically.
VELO,2026-04-22,0.14929582272489428,3.3300814109453283,positive_outlier,False,Reported only; outlier policy does not trade residual outliers automatically.
VIVO,2026-04-22,0.17980552825219653,3.940552279031313,positive_outlier,False,Reported only; outlier policy does not trade residual outliers automatically.
VRAX,2026-04-22,0.20665659524175942,4.4778171883725335,positive_outlier,False,Reported only; outlier policy does not trade residual outliers automatically.
ZTG,2026-04-22,0.1966919580349057,4.278434053704574,positive_outlier,False,Reported only; outlier policy does not trade residual outliers automatically.
AAOI,2026-04-23,0.169121770233843,3.2269987133734572,positive_outlier,False,Reported only; outlier policy does not trade residual outliers automatically.
ACTU,2026-04-23,0.17485273789636607,3.3380819244209037,positive_outlier,False,Reported only; outlier policy does not trade residual outliers automatically.
AKAN,2026-04-23,0.29211715779846364,5.6110154098990455,positive_outlier,False,Reported only; outlier policy does not trade residual outliers automatically.
ALP,2026-04-23,0.18767418582350998,3.586599747220438,positive_outlier,False,Reported only; outlier policy does not trade residual outliers automatically.
ATOM,2026-04-23,0.3788146163789202,7.291470204950218,positive_outlier,False,Reported only; outlier policy does not trade residual outliers automatically.
AUUD,2026-04-23,-0.5750208847105003,-11.196700818059172,negative_outlier,False,Reported only; outlier policy does not trade residual outliers automatically.
BGDE,2026-04-23,0.21952640632193454,4.203990585960327,positive_outlier,False,Reported only; outlier policy does not trade residual outliers automatically.
BIYA,2026-04-23,-0.15298456716904327,-3.0163808281701967,negative_outlier,False,Reported only; outlier policy does not trade residual outliers automatically.
CAST,2026-04-23,0.2587848448137988,4.964935973403856,positive_outlier,False,Reported only; outlier policy does not trade residual outliers automatically.
CEVA,2026-04-23,0.1624168604556726,3.0970376052672064,positive_outlier,False,Reported only; outlier policy does not trade residual outliers automatically.
CHSN,2026-04-23,-0.9013361820396152,-17.521662530591673,negative_outlier,False,Reported only; outlier policy does not trade residual outliers automatically.
CHTR,2026-04-23,-0.24570266097876223,-4.8135334538836005,negative_outlier,False,Reported only; outlier policy does not trade residual outliers automatically.
CLGN,2026-04-23,0.1582810488580365,3.01687326660639,positive_outlier,False,Reported only; outlier policy does not trade residual outliers automatically.
CREG,2026-04-23,0.2590116546476404,4.969332223064279,positive_outlier,False,Reported only; outlier policy does not trade residual outliers automatically.
CTNT,2026-04-23,0.2975570420783409,5.71645655860538,positive_outlier,False,Reported only; outlier policy does not trade residual outliers automatically.
CTW,2026-04-23,0.16106234882047113,3.070783138185976,positive_outlier,False,Reported only; outlier policy does not trade residual outliers automatically.
ELPW,2026-04-23,0.36592610307408935,7.0416524555166005,positive_outlier,False,Reported only; outlier policy does not trade residual outliers automatically.
ENVB,2026-04-23,0.25805331671051607,4.950756781429787,positive_outlier,False,Reported only; outlier policy does not trade residual outliers automatically.
FGI,2026-04-23,0.16871190897691019,3.219054382296217,positive_outlier,False,Reported only; outlier policy does not trade residual outliers automatically.
GMEX,2026-04-23,0.2674319517829437,5.13254264385931,positive_outlier,False,Reported only; outlier policy does not trade residual outliers automatically.
GVH,2026-04-23,0.17248019637722956,3.292095008107884,positive_outlier,False,Reported only; outlier policy does not trade residual outliers automatically.
HRTX,2026-04-23,0.18381176900412133,3.511734613098836,positive_outlier,False,Reported only; outlier policy does not trade residual outliers automatically.
IHRT,2026-04-23,0.32704782228292006,6.288075655820263,positive_outlier,False,Reported only; outlier policy does not trade residual outliers automatically.
INEO,2026-04-23,0.18961308808408886,3.624181444011488,positive_outlier,False,Reported only; outlier policy does not trade residual outliers automatically.
INTC,2026-04-23,0.2381305320961344,4.56459391709461,positive_outlier,False,Reported only; outlier policy does not trade residual outliers automatically.
IPWR,2026-04-23,0.19244909319750964,3.67915166424251,positive_outlier,False,Reported only; outlier policy does not trade residual outliers automatically.
ISPC,2026-04-23,-0.17927216766728418,-3.5259127686787335,negative_outlier,False,Reported only; outlier policy does not trade residual outliers automatically.
ITOC,2026-04-23,0.2464605141178696,4.72605376217328,positive_outlier,False,Reported only; outlier policy does not trade residual outliers automatically.
KMRK,2026-04-23,-0.22717522692448702,-4.454416636547971,negative_outlier,False,Reported only; outlier policy does not trade residual outliers automatically.
LBRDA,2026-04-23,-0.23636556700596506,-4.632552781608538,negative_outlier,False,Reported only; outlier policy does not trade residual outliers automatically.
LBRDK,2026-04-23,-0.23404532965105002,-4.587579675677118,negative_outlier,False,Reported only; outlier policy does not trade residual outliers automatically.
LEDS,2026-04-23,0.1731837550714202,3.3057320696851322,positive_outlier,False,Reported only; outlier policy does not trade residual outliers automatically.
LIDR,2026-04-23,0.2946050941472677,5.659239021474118,positive_outlier,False,Reported only; outlier policy does not trade residual outliers automatically.
MXL,2026-04-23,0.73570069061069,14.208984565226494,positive_outlier,False,Reported only; outlier policy does not trade residual outliers automatically.
NCT,2026-04-23,0.2089610197596134,3.9992019473897367,positive_outlier,False,Reported only; outlier policy does not trade residual outliers automatically.
NWTG,2026-04-23,0.1810158895231911,3.4575421470560825,positive_outlier,False,Reported only; outlier policy does not trade residual outliers automatically.
OIO,2026-04-23,-0.5731694414918302,-11.160814337814868,negative_outlier,False,Reported only; outlier policy does not trade residual outliers automatically.
ONMD,2026-04-23,0.23843011847702067,4.570400792850088,positive_outlier,False,Reported only; outlier policy does not trade residual outliers automatically.
OSRH,2026-04-23,0.16900154541069612,3.2246683984617017,positive_outlier,False,Reported only; outlier policy does not trade residual outliers automatically.
POET,2026-04-23,0.2501408908860428,4.797390418275283,positive_outlier,False,Reported only; outlier policy does not trade residual outliers automatically.
RPGL,2026-04-23,-0.20515071455788955,-4.027516032757312,negative_outlier,False,Reported only; outlier policy does not trade residual outliers automatically.
SMX,2026-04-23,-0.3786479868664927,-7.390409570273457,negative_outlier,False,Reported only; outlier policy does not trade residual outliers automatically.
SNOA,2026-04-23,-0.35982459280691415,-7.025556167134751,negative_outlier,False,Reported only; outlier policy does not trade residual outliers automatically.
STNE,2026-04-23,-0.16525024097376564,-3.254126094261833,negative_outlier,False,Reported only; outlier policy does not trade residual outliers automatically.
SURG,2026-04-23,-0.17463678379414868,-3.436065232383484,negative_outlier,False,Reported only; outlier policy does not trade residual outliers automatically.
TDIC,2026-04-23,-0.2154433704784784,-4.227018339731098,negative_outlier,False,Reported only; outlier policy does not trade residual outliers automatically.
TRUG,2026-04-23,-0.1750824010056138,-3.44470262028418,negative_outlier,False,Reported only; outlier policy does not trade residual outliers automatically.
VBIO,2026-04-23,0.1802681497889919,3.443048725422284,positive_outlier,False,Reported only; outlier policy does not trade residual outliers automatically.
WATT,2026-04-23,0.201756783713651,3.859562410010644,positive_outlier,False,Reported only; outlier policy does not trade residual outliers automatically.
WLDS,2026-04-23,0.19784074712891034,3.7836579652417557,positive_outlier,False,Reported only; outlier policy does not trade residual outliers automatically.
ABSI,2026-04-24,0.23337486326869436,4.533074748374381,positive_outlier,False,Reported only; outlier policy does not trade residual outliers automatically.
ADGM,2026-04-24,-0.23360231581948918,-4.428105470953775,negative_outlier,False,Reported only; outlier policy does not trade residual outliers automatically.
AGCC,2026-04-24,-0.24596550288811028,-4.665352069649468,negative_outlier,False,Reported only; outlier policy does not trade residual outliers automatically.
AMST,2026-04-24,-0.31707816805874306,-6.029987081825175,negative_outlier,False,Reported only; outlier policy does not trade residual outliers automatically.
ASBP,2026-04-24,0.22298515781528472,4.333698789198958,positive_outlier,False,Reported only; outlier policy does not trade residual outliers automatically.
ATXG,2026-04-24,0.1756280537578995,3.424927305007078,positive_outlier,False,Reported only; outlier policy does not trade residual outliers automatically.
BRLS,2026-04-24,0.24823602574654416,4.81825689687415,positive_outlier,False,Reported only; outlier policy does not trade residual outliers automatically.
CAST,2026-04-24,0.38557713246860004,7.453799839810796,positive_outlier,False,Reported only; outlier policy does not trade residual outliers automatically.
CHSN,2026-04-24,-0.6512889926104178,-12.44341275694208,negative_outlier,False,Reported only; outlier policy does not trade residual outliers automatically.
CISS,2026-04-24,0.17242971967717446,3.3635520400423977,positive_outlier,False,Reported only; outlier policy does not trade residual outliers automatically.
CMPX,2026-04-24,-0.6364877777606274,-12.159380989066499,negative_outlier,False,Reported only; outlier policy does not trade residual outliers automatically.
CREG,2026-04-24,0.18859027254838423,3.6736691789691043,positive_outlier,False,Reported only; outlier policy does not trade residual outliers automatically.
CRML,2026-04-24,0.26401848522678323,5.121118514186629,positive_outlier,False,Reported only; outlier policy does not trade residual outliers automatically.
CTNT,2026-04-24,-0.2853488969524097,-5.421109968885826,negative_outlier,False,Reported only; outlier policy does not trade residual outliers automatically.
EDSA,2026-04-24,0.534225252634195,10.306321662545733,positive_outlier,False,Reported only; outlier policy does not trade residual outliers automatically.
ELPW,2026-04-24,0.21756316076632715,4.229651964471364,positive_outlier,False,Reported only; outlier policy does not trade residual outliers automatically.
EUDA,2026-04-24,0.2331782941550787,4.529302634165068,positive_outlier,False,Reported only; outlier policy does not trade residual outliers automatically.
FGI,2026-04-24,-0.2356856984799047,-4.468085085208718,negative_outlier,False,Reported only; outlier policy does not trade residual outliers automatically.
GLXG,2026-04-24,-0.2720512833668617,-5.165931949138142,negative_outlier,False,Reported only; outlier policy does not trade residual outliers automatically.
GMEX,2026-04-24,-0.16027933238988068,-3.021054980789554,negative_outlier,False,Reported only; outlier policy does not trade residual outliers automatically.
GOAI,2026-04-24,0.15505638238607758,3.0301618585763905,positive_outlier,False,Reported only; outlier policy does not trade residual outliers automatically.
GURE,2026-04-24,-0.2886137878848614,-5.4837624438938715,negative_outlier,False,Reported only; outlier policy does not trade residual outliers automatically.
HCAI,2026-04-24,-0.1925949248004533,-3.641183459125343,negative_outlier,False,Reported only; outlier policy does not trade residual outliers automatically.
HCWB,2026-04-24,0.1721705193596206,3.358578048030534,positive_outlier,False,Reported only; outlier policy does not trade residual outliers automatically.
ILLR,2026-04-24,-0.4916344947493867,-9.379681182408603,negative_outlier,False,Reported only; outlier policy does not trade residual outliers automatically.
JAGX,2026-04-24,-0.27312981832533056,-5.186628776667395,negative_outlier,False,Reported only; outlier policy does not trade residual outliers automatically.
JYD,2026-04-24,0.2333907191674035,4.533379019272907,positive_outlier,False,Reported only; outlier policy does not trade residual outliers automatically.
LABT,2026-04-24,-0.5014514528682326,-9.568066257414511,negative_outlier,False,Reported only; outlier policy does not trade residual outliers automatically.
LASE,2026-04-24,-0.18556665681553866,-3.5063126798604296,negative_outlier,False,Reported only; outlier policy does not trade residual outliers automatically.
MSW,2026-04-24,0.19261973914194513,3.750993677787585,positive_outlier,False,Reported only; outlier policy does not trade residual outliers automatically.
NCEL,2026-04-24,-0.1611506828572127,-3.037775987557389,negative_outlier,False,Reported only; outlier policy does not trade residual outliers automatically.
NCI,2026-04-24,-0.19317423385737012,-3.652300261175193,negative_outlier,False,Reported only; outlier policy does not trade residual outliers automatically.
NVVE,2026-04-24,-0.2936718723658258,-5.580825873603676,negative_outlier,False,Reported only; outlier policy does not trade residual outliers automatically.
OBAI,2026-04-24,0.1597127654958674,3.1195167351862874,positive_outlier,False,Reported only; outlier policy does not trade residual outliers automatically.
OIO,2026-04-24,-0.31205921580840296,-5.9336745902483505,negative_outlier,False,Reported only; outlier policy does not trade residual outliers automatically.
ONCO,2026-04-24,0.2940642598028024,5.697689731929524,positive_outlier,False,Reported only; outlier policy does not trade residual outliers automatically.
ONEG,2026-04-24,0.24416814149120733,4.740195172327741,positive_outlier,False,Reported only; outlier policy does not trade residual outliers automatically.
ORIS,2026-04-24,0.158471760455803,3.0957021457050065,positive_outlier,False,Reported only; outlier policy does not trade residual outliers automatically.
POET,2026-04-24,-0.45604880121159075,-8.696800246675014,negative_outlier,False,Reported only; outlier policy does not trade residual outliers automatically.
QNTM,2026-04-24,0.24075822489170232,4.674759689504559,positive_outlier,False,Reported only; outlier policy does not trade residual outliers automatically.
QUIK,2026-04-24,0.21069586767285897,4.097870254817636,positive_outlier,False,Reported only; outlier policy does not trade residual outliers automatically.
REAX,2026-04-24,-0.25142597916816956,-4.7701373016056055,negative_outlier,False,Reported only; outlier policy does not trade residual outliers automatically.
RMSG,2026-04-24,-0.19415515340733075,-3.671123872395388,negative_outlier,False,Reported only; outlier policy does not trade residual outliers automatically.
SEGG,2026-04-24,0.4348473665578174,8.39928383109292,positive_outlier,False,Reported only; outlier policy does not trade residual outliers automatically.
SGMT,2026-04-24,0.3833086577809242,7.410268353884781,positive_outlier,False,Reported only; outlier policy does not trade residual outliers automatically.
SLSN,2026-04-24,0.159292771304039,3.1114571472394106,positive_outlier,False,Reported only; outlier policy does not trade residual outliers automatically.
SMX,2026-04-24,-0.22134521260392703,-4.1928945959897606,negative_outlier,False,Reported only; outlier policy does not trade residual outliers automatically.
SPRC,2026-04-24,0.3134962499957831,6.0705849695073635,positive_outlier,False,Reported only; outlier policy does not trade residual outliers automatically.
TELA,2026-04-24,0.19711448249587343,3.8372467261974146,positive_outlier,False,Reported only; outlier policy does not trade residual outliers automatically.
TJGC,2026-04-24,-0.397360593758457,-7.570587602271815,negative_outlier,False,Reported only; outlier policy does not trade residual outliers automatically.
UGRO,2026-04-24,-0.16286821834598567,-3.0707350822138757,negative_outlier,False,Reported only; outlier policy does not trade residual outliers automatically.
VELO,2026-04-24,-0.1692557682181723,-3.1933106343562248,negative_outlier,False,Reported only; outlier policy does not trade residual outliers automatically.
XE,2026-04-24,0.23208479468114646,4.508318641168278,positive_outlier,False,Reported only; outlier policy does not trade residual outliers automatically.
YIBO,2026-04-24,0.22369934513617534,4.34740387282929,positive_outlier,False,Reported only; outlier policy does not trade residual outliers automatically.
AIRE,2026-04-27,-0.3343243902055418,-5.857052452226842,negative_outlier,False,Reported only; outlier policy does not trade residual outliers automatically.
AKAN,2026-04-27,0.45928713438124474,8.395696345456686,positive_outlier,False,Reported only; outlier policy does not trade residual outliers automatically.
AREB,2026-04-27,-0.41528706307393526,-7.311089600922569,negative_outlier,False,Reported only; outlier policy does not trade residual outliers automatically.
ATER,2026-04-27,0.6759617164743951,12.28703145557203,positive_outlier,False,Reported only; outlier policy does not trade residual outliers automatically.
ATLN,2026-04-27,0.2894079936752715,5.344777043712357,positive_outlier,False,Reported only; outlier policy does not trade residual outliers automatically.
AUUD,2026-04-27,0.17262468018109497,3.2474243977055126,positive_outlier,False,Reported only; outlier policy does not trade residual outliers automatically.
BGDE,2026-04-27,-0.3254757856941343,-5.698137248246147,negative_outlier,False,Reported only; outlier policy does not trade residual outliers automatically.
BIAF,2026-04-27,0.2164181448730136,4.033926649621691,positive_outlier,False,Reported only; outlier policy does not trade residual outliers automatically.
BIYA,2026-04-27,0.9625196965281636,17.43342711534339,positive_outlier,False,Reported only; outlier policy does not trade residual outliers automatically.
BTBD,2026-04-27,0.16509325256493287,3.1121648373595536,positive_outlier,False,Reported only; outlier policy does not trade residual outliers automatically.
CHSN,2026-04-27,-0.27567791492937416,-4.803799753539039,negative_outlier,False,Reported only; outlier policy does not trade residual outliers automatically.
CUE,2026-04-27,-0.27530238785705374,-4.797055530625569,negative_outlier,False,Reported only; outlier policy does not trade residual outliers automatically.
CYCU,2026-04-27,0.17497485062845544,3.289631936255824,positive_outlier,False,Reported only; outlier policy does not trade residual outliers automatically.
DGNX,2026-04-27,-0.2534223482590072,-4.404104195604699,negative_outlier,False,Reported only; outlier policy does not trade residual outliers automatically.
DRCT,2026-04-27,0.16309854910197333,3.076341255540685,positive_outlier,False,Reported only; outlier policy does not trade residual outliers automatically.
EDSA,2026-04-27,0.3186571438214813,5.8700728297037665,positive_outlier,False,Reported only; outlier policy does not trade residual outliers automatically.
ERAS,2026-04-27,-0.42981183707406045,-7.571945131309049,negative_outlier,False,Reported only; outlier policy does not trade residual outliers automatically.
GCTK,2026-04-27,0.1701578386786772,3.203121522597988,positive_outlier,False,Reported only; outlier policy does not trade residual outliers automatically.
GLND,2026-04-27,-0.38712400634558947,-6.805299349031983,negative_outlier,False,Reported only; outlier policy does not trade residual outliers automatically.
HAIN,2026-04-27,-0.2016136349191269,-3.4736532710809085,negative_outlier,False,Reported only; outlier policy does not trade residual outliers automatically.
HTCO,2026-04-27,-0.7412267217658641,-13.164754693497406,negative_outlier,False,Reported only; outlier policy does not trade residual outliers automatically.
INHD,2026-04-27,-0.3713847964336723,-6.522633336507319,negative_outlier,False,Reported only; outlier policy does not trade residual outliers automatically.
KNSA,2026-04-27,0.23294157969035045,4.330676833345423,positive_outlier,False,Reported only; outlier policy does not trade residual outliers automatically.
LBGJ,2026-04-27,-0.17655642508624317,-3.0236420171429215,negative_outlier,False,Reported only; outlier policy does not trade residual outliers automatically.
LHSW,2026-04-27,-0.3099843647708996,-5.419921365414801,negative_outlier,False,Reported only; outlier policy does not trade residual outliers automatically.
LICN,2026-04-27,-0.26604044246463393,-4.630716992227005,negative_outlier,False,Reported only; outlier policy does not trade residual outliers automatically.
MAAS,2026-04-27,0.22317495054200553,4.15527450167695,positive_outlier,False,Reported only; outlier policy does not trade residual outliers automatically.
MSW,2026-04-27,0.16944688685096543,3.1903532884006505,positive_outlier,False,Reported only; outlier policy does not trade residual outliers automatically.
NCI,2026-04-27,0.27021596706308104,5.000100680343727,positive_outlier,False,Reported only; outlier policy does not trade residual outliers automatically.
OMCL,2026-04-27,0.2069797845861167,3.864419814018193,positive_outlier,False,Reported only; outlier policy does not trade residual outliers automatically.
ONEG,2026-04-27,0.18613877568256884,3.49012879707862,positive_outlier,False,Reported only; outlier policy does not trade residual outliers automatically.
PAVS,2026-04-27,-0.19723725983202203,-3.395056409986404,negative_outlier,False,Reported only; outlier policy does not trade residual outliers automatically.
PDSB,2026-04-27,0.18526546395879495,3.474444684341595,positive_outlier,False,Reported only; outlier policy does not trade residual outliers automatically.
PRPL,2026-04-27,-0.182427404188939,-3.1290809979978707,negative_outlier,False,Reported only; outlier policy does not trade residual outliers automatically.
QNTM,2026-04-27,0.2137552672738612,3.9861030932293375,positive_outlier,False,Reported only; outlier policy does not trade residual outliers automatically.
RDAC,2026-04-27,-0.1889704202643741,-3.246589327467932,negative_outlier,False,Reported only; outlier policy does not trade residual outliers automatically.
RMBS,2026-04-27,-0.19776246532464026,-3.4044887603512106,negative_outlier,False,Reported only; outlier policy does not trade residual outliers automatically.
RPGL,2026-04-27,0.4674227989303572,8.54180760963105,positive_outlier,False,Reported only; outlier policy does not trade residual outliers automatically.
SEGG,2026-04-27,0.5823607319782769,10.606018418452061,positive_outlier,False,Reported only; outlier policy does not trade residual outliers automatically.
SNBR,2026-04-27,0.47639902127653716,8.703014747240182,positive_outlier,False,Reported only; outlier policy does not trade residual outliers automatically.
SNGX,2026-04-27,-0.697208339156996,-12.37421306151798,negative_outlier,False,Reported only; outlier policy does not trade residual outliers automatically.
SURG,2026-04-27,0.21078027788754766,3.932674211357972,positive_outlier,False,Reported only; outlier policy does not trade residual outliers automatically.
TJGC,2026-04-27,0.361678544491858,6.642709312016239,positive_outlier,False,Reported only; outlier policy does not trade residual outliers automatically.
VISN,2026-04-27,-0.49226468423349357,-8.693557802857624,negative_outlier,False,Reported only; outlier policy does not trade residual outliers automatically.
YAAS,2026-04-27,-0.29849522108833165,-5.213583788735336,negative_outlier,False,Reported only; outlier policy does not trade residual outliers automatically.
ZTG,2026-04-27,0.28330842586336175,5.235232757743411,positive_outlier,False,Reported only; outlier policy does not trade residual outliers automatically.
ABLV,2026-04-28,-0.22574846976971585,-4.326357883398269,negative_outlier,False,Reported only; outlier policy does not trade residual outliers automatically.
ABVE,2026-04-28,0.14444858702317043,3.2302506541935188,positive_outlier,False,Reported only; outlier policy does not trade residual outliers automatically.
AGIO,2026-04-28,0.13776073245088544,3.0937355252054046,positive_outlier,False,Reported only; outlier policy does not trade residual outliers automatically.
AKAN,2026-04-28,0.4196533235772898,8.847838432569716,positive_outlier,False,Reported only; outlier policy does not trade residual outliers automatically.
ANIK,2026-04-28,-0.19563538129259378,-3.7116776278316066,negative_outlier,False,Reported only; outlier policy does not trade residual outliers automatically.
AREB,2026-04-28,-0.3238828702907336,-6.329516026342275,negative_outlier,False,Reported only; outlier policy does not trade residual outliers automatically.
AWRE,2026-04-28,0.15576035215627923,3.4611508718251933,positive_outlier,False,Reported only; outlier policy does not trade residual outliers automatically.
BBGI,2026-04-28,-0.18691586066308596,-3.533691328849468,negative_outlier,False,Reported only; outlier policy does not trade residual outliers automatically.
BIYA,2026-04-28,0.21919692876170616,4.756043328629232,positive_outlier,False,Reported only; outlier policy does not trade residual outliers automatically.
BNZI,2026-04-28,-0.21192520294048892,-4.044191901193862,negative_outlier,False,Reported only; outlier policy does not trade residual outliers automatically.
BRLS,2026-04-28,0.6375824996951969,13.296294849564562,positive_outlier,False,Reported only; outlier policy does not trade residual outliers automatically.
CHEF,2026-04-28,0.1750716651907349,3.8553410207488175,positive_outlier,False,Reported only; outlier policy does not trade residual outliers automatically.
COCO,2026-04-28,0.290040367381637,6.202127578313673,positive_outlier,False,Reported only; outlier policy does not trade residual outliers automatically.
CTNT,2026-04-28,-0.27554440120935103,-5.342812103520835,negative_outlier,False,Reported only; outlier policy does not trade residual outliers automatically.
DSGN,2026-04-28,0.22983571130576672,4.9732063598496765,positive_outlier,False,Reported only; outlier policy does not trade residual outliers automatically.
DUO,2026-04-28,0.15990398362254304,3.5457323138978714,positive_outlier,False,Reported only; outlier policy does not trade residual outliers automatically.
EUDA,2026-04-28,0.1540632380533149,3.4265087084573134,positive_outlier,False,Reported only; outlier policy does not trade residual outliers automatically.
EXTR,2026-04-28,0.28145332137698686,6.0268454036967745,positive_outlier,False,Reported only; outlier policy does not trade residual outliers automatically.
FATN,2026-04-28,0.1867105841970171,4.092919232453556,positive_outlier,False,Reported only; outlier policy does not trade residual outliers automatically.
FCEL,2026-04-28,0.37983123410837183,8.034974214057238,positive_outlier,False,Reported only; outlier policy does not trade residual outliers automatically.
GMEX,2026-04-28,-0.21147889737821401,-4.035081735782287,negative_outlier,False,Reported only; outlier policy does not trade residual outliers automatically.
HUBC,2026-04-28,-0.21267733366734237,-4.059544690654599,negative_outlier,False,Reported only; outlier policy does not trade residual outliers automatically.
ICLR,2026-04-28,0.1415809632828558,3.171715585799429,positive_outlier,False,Reported only; outlier policy does not trade residual outliers automatically.
IFRX,2026-04-28,0.18906775338297077,4.141034700873099,positive_outlier,False,Reported only; outlier policy does not trade residual outliers automatically.
ILLR,2026-04-28,0.23371648038584616,5.052422151074503,positive_outlier,False,Reported only; outlier policy does not trade residual outliers automatically.
INHD,2026-04-28,0.4826780814032696,10.134324681794283,positive_outlier,False,Reported only; outlier policy does not trade residual outliers automatically.
JLHL,2026-04-28,0.2572605328333716,5.533012648675397,positive_outlier,False,Reported only; outlier policy does not trade residual outliers automatically.
KALV,2026-04-28,0.39377471635116507,8.319594080764064,positive_outlier,False,Reported only; outlier policy does not trade residual outliers automatically.
KIDZ,2026-04-28,-0.1691390737825445,-3.170824533861403,negative_outlier,False,Reported only; outlier policy does not trade residual outliers automatically.
LEXX,2026-04-28,-0.20436302326630582,-3.8898297028992777,negative_outlier,False,Reported only; outlier policy does not trade residual outliers automatically.
MB,2026-04-28,0.21074994839314978,4.583620229097097,positive_outlier,False,Reported only; outlier policy does not trade residual outliers automatically.
MRLN,2026-04-28,-0.2509646935448755,-4.841081402585519,negative_outlier,False,Reported only; outlier policy does not trade residual outliers automatically.
MSW,2026-04-28,-0.16439193293522827,-3.0739240199384907,negative_outlier,False,Reported only; outlier policy does not trade residual outliers automatically.
MXL,2026-04-28,0.2867305999477967,6.134567298216704,positive_outlier,False,Reported only; outlier policy does not trade residual outliers automatically.
MYSE,2026-04-28,-0.20017874114061843,-3.8044184835109185,negative_outlier,False,Reported only; outlier policy does not trade residual outliers automatically.
NXPI,2026-04-28,0.24715010076737687,5.326634516092401,positive_outlier,False,Reported only; outlier policy does not trade residual outliers automatically.
OMEX,2026-04-28,0.14281735661014464,3.1969533347263175,positive_outlier,False,Reported only; outlier policy does not trade residual outliers automatically.
OSRH,2026-04-28,-0.3835694224670229,-7.54786150337588,negative_outlier,False,Reported only; outlier policy does not trade residual outliers automatically.
PBM,2026-04-28,-0.24550219234562803,-4.7295786706177365,negative_outlier,False,Reported only; outlier policy does not trade residual outliers automatically.
PRCH,2026-04-28,0.16878889117886492,3.7270945561519424,positive_outlier,False,Reported only; outlier policy does not trade residual outliers automatically.
RCKY,2026-04-28,-0.19166883145677505,-3.63071084594036,negative_outlier,False,Reported only; outlier policy does not trade residual outliers automatically.
RDZN,2026-04-28,0.16860185690684787,3.723276738719815,positive_outlier,False,Reported only; outlier policy does not trade residual outliers automatically.
RPGL,2026-04-28,0.4134763261599403,8.72175112159809,positive_outlier,False,Reported only; outlier policy does not trade residual outliers automatically.
SAGT,2026-04-28,0.28039991521134167,6.005342860986609,positive_outlier,False,Reported only; outlier policy does not trade residual outliers automatically.
SCLX,2026-04-28,0.2170402822496065,4.7120210082275396,positive_outlier,False,Reported only; outlier policy does not trade residual outliers automatically.
SEGG,2026-04-28,-0.2154142802666239,-4.115412325633217,negative_outlier,False,Reported only; outlier policy does not trade residual outliers automatically.
SELX,2026-04-28,-0.17143704952140082,-3.217731722259542,negative_outlier,False,Reported only; outlier policy does not trade residual outliers automatically.
SLNH,2026-04-28,0.2000184877353159,4.364565415613836,positive_outlier,False,Reported only; outlier policy does not trade residual outliers automatically.
SMTK,2026-04-28,-0.2834835617074615,-5.504869383287101,negative_outlier,False,Reported only; outlier policy does not trade residual outliers automatically.
SONM,2026-04-28,0.14261041069069383,3.1927290728823974,positive_outlier,False,Reported only; outlier policy does not trade residual outliers automatically.
STKE,2026-04-28,-0.1624329556999173,-3.0339366028867643,negative_outlier,False,Reported only; outlier policy does not trade residual outliers automatically.
TER,2026-04-28,-0.20858827585809467,-3.976077227623539,negative_outlier,False,Reported only; outlier policy does not trade residual outliers automatically.
TJGC,2026-04-28,0.178647040265005,3.9283229889075706,positive_outlier,False,Reported only; outlier policy does not trade residual outliers automatically.
TNMG,2026-04-28,-0.17558015926056986,-3.3023025146326974,negative_outlier,False,Reported only; outlier policy does not trade residual outliers automatically.
TRAX,2026-04-28,0.16832022975512706,3.7175280540664364,positive_outlier,False,Reported only; outlier policy does not trade residual outliers automatically.
UBXG,2026-04-28,0.26826211920323195,5.7575813748823474,positive_outlier,False,Reported only; outlier policy does not trade residual outliers automatically.
WETO,2026-04-28,0.14394527674386873,3.2199768859832085,positive_outlier,False,Reported only; outlier policy does not trade residual outliers automatically.
YAAS,2026-04-28,-0.16962336777838233,-3.1807101341829096,negative_outlier,False,Reported only; outlier policy does not trade residual outliers automatically.
YYGH,2026-04-28,-0.17474236064620396,-3.285201038416365,negative_outlier,False,Reported only; outlier policy does not trade residual outliers automatically.
ABTS,2026-04-29,0.18306750184185133,3.1053033238294434,positive_outlier,False,Reported only; outlier policy does not trade residual outliers automatically.
ADGM,2026-04-29,-0.15436964381454432,-3.252560900727607,negative_outlier,False,Reported only; outlier policy does not trade residual outliers automatically.
ADUR,2026-04-29,0.1815672828701374,3.077036760257411,positive_outlier,False,Reported only; outlier policy does not trade residual outliers automatically.
AIRE,2026-04-29,-0.2579657533854167,-5.204479968685317,negative_outlier,False,Reported only; outlier policy does not trade residual outliers automatically.
AKAN,2026-04-29,0.847132228046759,15.617361998684563,positive_outlier,False,Reported only; outlier policy does not trade residual outliers automatically.
ALMU,2026-04-29,0.20113704347230876,3.4457628546346646,positive_outlier,False,Reported only; outlier policy does not trade residual outliers automatically.
ATLN,2026-04-29,-0.16616760441734396,-3.474853652443964,negative_outlier,False,Reported only; outlier policy does not trade residual outliers automatically.
AWRE,2026-04-29,-0.1912966516664758,-3.9483257421621074,negative_outlier,False,Reported only; outlier policy does not trade residual outliers automatically.
BAND,2026-04-29,0.5061442551647192,9.192594418417839,positive_outlier,False,Reported only; outlier policy does not trade residual outliers automatically.
BNRG,2026-04-29,-0.15242525753747993,-3.2159255032653036,negative_outlier,False,Reported only; outlier policy does not trade residual outliers automatically.
BTAI,2026-04-29,0.17785779171329755,3.007143918224547,positive_outlier,False,Reported only; outlier policy does not trade residual outliers automatically.
BTBD,2026-04-29,-0.18508392459207137,-3.8312678672015528,negative_outlier,False,Reported only; outlier policy does not trade residual outliers automatically.
CHKP,2026-04-29,-0.19554223634266849,-4.02831945735486,negative_outlier,False,Reported only; outlier policy does not trade residual outliers automatically.
CLMB,2026-04-29,-0.22137871938848816,-4.515120787202104,negative_outlier,False,Reported only; outlier policy does not trade residual outliers automatically.
CVKD,2026-04-29,0.18085400987924086,3.0635975379028517,positive_outlier,False,Reported only; outlier policy does not trade residual outliers automatically.
DFSC,2026-04-29,0.20762383088633485,3.5679844717945586,positive_outlier,False,Reported only; outlier policy does not trade residual outliers automatically.
DGNX,2026-04-29,-0.2668707895484073,-5.3722653223959504,negative_outlier,False,Reported only; outlier policy does not trade residual outliers automatically.
ENVB,2026-04-29,-0.2664232927598454,-5.363833755630924,negative_outlier,False,Reported only; outlier policy does not trade residual outliers automatically.
ERNA,2026-04-29,-0.2132724072413687,-4.362384692030934,negative_outlier,False,Reported only; outlier policy does not trade residual outliers automatically.
FATN,2026-04-29,0.24269832007722902,4.228844850955285,positive_outlier,False,Reported only; outlier policy does not trade residual outliers automatically.
FCHL,2026-04-29,-0.23081403932630984,-4.692897549043882,negative_outlier,False,Reported only; outlier policy does not trade residual outliers automatically.
GTX,2026-04-29,0.2482473416665324,4.333397435927218,positive_outlier,False,Reported only; outlier policy does not trade residual outliers automatically.
HAO,2026-04-29,-0.22808551593144827,-4.641487733908349,negative_outlier,False,Reported only; outlier policy does not trade residual outliers automatically.
HUBC,2026-04-29,-0.1643268583586049,-3.440171005130237,negative_outlier,False,Reported only; outlier policy does not trade residual outliers automatically.
IDCC,2026-04-29,-0.16733220344009359,-3.4967965907304137,negative_outlier,False,Reported only; outlier policy does not trade residual outliers automatically.
INHD,2026-04-29,-0.20892357178462456,-4.280445564330177,negative_outlier,False,Reported only; outlier policy does not trade residual outliers automatically.
INSG,2026-04-29,0.22214760558172975,3.8416359909886135,positive_outlier,False,Reported only; outlier policy does not trade residual outliers automatically.
ISPC,2026-04-29,0.1846821486561881,3.1357258939237864,positive_outlier,False,Reported only; outlier policy does not trade residual outliers automatically.
LABT,2026-04-29,-0.26924257224092973,-5.416953562927024,negative_outlier,False,Reported only; outlier policy does not trade residual outliers automatically.
MLEC,2026-04-29,0.2561659831675248,4.482597511124387,positive_outlier,False,Reported only; outlier policy does not trade residual outliers automatically.
MRAM,2026-04-29,0.36665515327459364,6.564393042135799,positive_outlier,False,Reported only; outlier policy does not trade residual outliers automatically.
MRDN,2026-04-29,0.23924971165259762,4.163867463581945,positive_outlier,False,Reported only; outlier policy does not trade residual outliers automatically.
MYRG,2026-04-29,0.1948544458121425,3.32738850428519,positive_outlier,False,Reported only; outlier policy does not trade residual outliers automatically.
MYSE,2026-04-29,-0.1904692106900101,-3.9327354094144473,negative_outlier,False,Reported only; outlier policy does not trade residual outliers automatically.
NCEL,2026-04-29,0.24896306822532818,4.346882887488519,positive_outlier,False,Reported only; outlier policy does not trade residual outliers automatically.
NCSM,2026-04-29,-0.2969263619050558,-5.938561151692417,negative_outlier,False,Reported only; outlier policy does not trade residual outliers automatically.
NVCR,2026-04-29,0.27652122712171007,4.866123388415404,positive_outlier,False,Reported only; outlier policy does not trade residual outliers automatically.
OPCH,2026-04-29,-0.23849697114640184,-4.8376564707792316,negative_outlier,False,Reported only; outlier policy does not trade residual outliers automatically.
OSRH,2026-04-29,0.5055106876985564,9.180656977686104,positive_outlier,False,Reported only; outlier policy does not trade residual outliers automatically.
PBM,2026-04-29,0.23888427759618971,4.1569820920584535,positive_outlier,False,Reported only; outlier policy does not trade residual outliers automatically.
PI,2026-04-29,0.1931789746492229,3.2958199046122583,positive_outlier,False,Reported only; outlier policy does not trade residual outliers automatically.
PRLD,2026-04-29,0.1982446107864848,3.3912647220732146,positive_outlier,False,Reported only; outlier policy does not trade residual outliers automatically.
QURE,2026-04-29,0.1797608827581315,3.0430012463989193,positive_outlier,False,Reported only; outlier policy does not trade residual outliers automatically.
RDAC,2026-04-29,-0.4358516243838274,-8.556138877116846,negative_outlier,False,Reported only; outlier policy does not trade residual outliers automatically.
RDZN,2026-04-29,0.3317006610559341,5.905793600950178,positive_outlier,False,Reported only; outlier policy does not trade residual outliers automatically.
RPGL,2026-04-29,0.35463368681400287,6.337889076818565,positive_outlier,False,Reported only; outlier policy does not trade residual outliers automatically.
RYOJ,2026-04-29,0.5101027607028303,9.267179096090212,positive_outlier,False,Reported only; outlier policy does not trade residual outliers automatically.
SCLX,2026-04-29,0.270179880160209,4.746642105749845,positive_outlier,False,Reported only; outlier policy does not trade residual outliers automatically.
SDOT,2026-04-29,-0.2574092313834576,-5.193994189712905,negative_outlier,False,Reported only; outlier policy does not trade residual outliers automatically.
SILC,2026-04-29,0.36104736735114473,6.458733241605197,positive_outlier,False,Reported only; outlier policy does not trade residual outliers automatically.
SLNH,2026-04-29,0.25682119126456304,4.494942696512013,positive_outlier,False,Reported only; outlier policy does not trade residual outliers automatically.
USLM,2026-04-29,-0.154377135825365,-3.25270206238743,negative_outlier,False,Reported only; outlier policy does not trade residual outliers automatically.
VISN,2026-04-29,0.21472391752841094,3.701761643140352,positive_outlier,False,Reported only; outlier policy does not trade residual outliers automatically.
VUZI,2026-04-29,0.1993130678222363,3.4113961890753624,positive_outlier,False,Reported only; outlier policy does not trade residual outliers automatically.
WAY,2026-04-29,-0.15565516000467491,-3.2767821149612137,negative_outlier,False,Reported only; outlier policy does not trade residual outliers automatically.
WKHS,2026-04-29,0.2223372880615339,3.845209917178708,positive_outlier,False,Reported only; outlier policy does not trade residual outliers automatically.
WNW,2026-04-29,0.369387926095325,6.615882923360855,positive_outlier,False,Reported only; outlier policy does not trade residual outliers automatically.
XRX,2026-04-29,0.4169647671379186,7.512307930138736,positive_outlier,False,Reported only; outlier policy does not trade residual outliers automatically.
AGH,2026-04-30,0.23049751268748686,4.199027168902714,positive_outlier,False,Reported only; outlier policy does not trade residual outliers automatically.
AIRS,2026-04-30,0.22316305219521845,4.058977499901102,positive_outlier,False,Reported only; outlier policy does not trade residual outliers automatically.
AKAN,2026-04-30,0.17428934232181836,3.1257463647868198,positive_outlier,False,Reported only; outlier policy does not trade residual outliers automatically.
ANIK,2026-04-30,0.18497717194863392,3.3298277697052887,positive_outlier,False,Reported only; outlier policy does not trade residual outliers automatically.
APLM,2026-04-30,0.24451028548733192,4.466597523188737,positive_outlier,False,Reported only; outlier policy does not trade residual outliers automatically.
ATOM,2026-04-30,0.3422642080107576,6.333183962293111,positive_outlier,False,Reported only; outlier policy does not trade residual outliers automatically.
AVX,2026-04-30,0.2156615847271564,3.9157388749148594,positive_outlier,False,Reported only; outlier policy does not trade residual outliers automatically.
AXTI,2026-04-30,0.1916992879040338,3.45818487457164,positive_outlier,False,Reported only; outlier policy does not trade residual outliers automatically.
BAFN,2026-04-30,-0.23763111502727627,-4.73977063779931,negative_outlier,False,Reported only; outlier policy does not trade residual outliers automatically.
BAND,2026-04-30,0.18456265782191583,3.3219127272417626,positive_outlier,False,Reported only; outlier policy does not trade residual outliers automatically.
BGL,2026-04-30,0.1856361007440779,3.342409848481886,positive_outlier,False,Reported only; outlier policy does not trade residual outliers automatically.
BIYA,2026-04-30,-0.2866728984048617,-5.676211093988253,negative_outlier,False,Reported only; outlier policy does not trade residual outliers automatically.
BOOM,2026-04-30,0.3578946326502487,6.631642969526559,positive_outlier,False,Reported only; outlier policy does not trade residual outliers automatically.
CBIO,2026-04-30,-0.18001328634063293,-3.6395727643957687,negative_outlier,False,Reported only; outlier policy does not trade residual outliers automatically.
CERS,2026-04-30,0.3385876922582638,6.262981823395678,positive_outlier,False,Reported only; outlier policy does not trade residual outliers automatically.
CREG,2026-04-30,-0.36242003746707374,-7.122583566055509,negative_outlier,False,Reported only; outlier policy does not trade residual outliers automatically.
CVV,2026-04-30,0.1895218463275667,3.4166071781103904,positive_outlier,False,Reported only; outlier policy does not trade residual outliers automatically.
DRCT,2026-04-30,0.3476317145130925,6.435675142088602,positive_outlier,False,Reported only; outlier policy does not trade residual outliers automatically.
EGHT,2026-04-30,0.2567015195835615,4.699386056400955,positive_outlier,False,Reported only; outlier policy does not trade residual outliers automatically.
ESPR,2026-04-30,0.5446641084343697,10.19795889565965,positive_outlier,False,Reported only; outlier policy does not trade residual outliers automatically.
ETON,2026-04-30,0.19160883154795783,3.4564576333190784,positive_outlier,False,Reported only; outlier policy does not trade residual outliers automatically.
FATE,2026-04-30,0.22060871548555092,4.010203086147738,positive_outlier,False,Reported only; outlier policy does not trade residual outliers automatically.
FGI,2026-04-30,0.23429434117334189,4.271526649029497,positive_outlier,False,Reported only; outlier policy does not trade residual outliers automatically.
FIVN,2026-04-30,0.29092126134681384,5.352803374868494,positive_outlier,False,Reported only; outlier policy does not trade residual outliers automatically.
GVH,2026-04-30,0.1760203157884026,3.1587988655537464,positive_outlier,False,Reported only; outlier policy does not trade residual outliers automatically.
HUBC,2026-04-30,-0.3198274677531189,-6.309289214459297,negative_outlier,False,Reported only; outlier policy does not trade residual outliers automatically.
HYFM,2026-04-30,0.18021793897413949,3.2389514191567894,positive_outlier,False,Reported only; outlier policy does not trade residual outliers automatically.
INDP,2026-04-30,-0.23163196571051323,-4.625218398137022,negative_outlier,False,Reported only; outlier policy does not trade residual outliers automatically.
KMRK,2026-04-30,-0.19867676996602346,-3.99594726622972,negative_outlier,False,Reported only; outlier policy does not trade residual outliers automatically.
KTTA,2026-04-30,0.2083703657842969,3.776514892368061,positive_outlier,False,Reported only; outlier policy does not trade residual outliers automatically.
KXIN,2026-04-30,-0.18566695869805558,-3.7475282088535136,negative_outlier,False,Reported only; outlier policy does not trade residual outliers automatically.
LABT,2026-04-30,0.2999431207592112,5.525073499687798,positive_outlier,False,Reported only; outlier policy does not trade residual outliers automatically.
LWLG,2026-04-30,0.1720012597458258,3.082056006408871,positive_outlier,False,Reported only; outlier policy does not trade residual outliers automatically.
MASK,2026-04-30,-0.14886377444215126,-3.0447807090642516,negative_outlier,False,Reported only; outlier policy does not trade residual outliers automatically.
NUTX,2026-04-30,0.17159784160083458,3.0743528389114356,positive_outlier,False,Reported only; outlier policy does not trade residual outliers automatically.
OIO,2026-04-30,0.22003688182323666,3.999284066921237,positive_outlier,False,Reported only; outlier policy does not trade residual outliers automatically.
PN,2026-04-30,0.2628421026631845,4.816638938011627,positive_outlier,False,Reported only; outlier policy does not trade residual outliers automatically.
RMNI,2026-04-30,0.17735220335080484,3.184230921866331,positive_outlier,False,Reported only; outlier policy does not trade residual outliers automatically.
RNTX,2026-04-30,-0.21893594433998367,-4.382791079528597,negative_outlier,False,Reported only; outlier policy does not trade residual outliers automatically.
RXT,2026-04-30,0.20473159052032847,3.707033398558498,positive_outlier,False,Reported only; outlier policy does not trade residual outliers automatically.
RYOJ,2026-04-30,-0.22238112171877297,-4.448575870660802,negative_outlier,False,Reported only; outlier policy does not trade residual outliers automatically.
SAFX,2026-04-30,0.22463421680234985,4.087069016174567,positive_outlier,False,Reported only; outlier policy does not trade residual outliers automatically.
SDOT,2026-04-30,-0.4815674229808868,-9.397672772849527,negative_outlier,False,Reported only; outlier policy does not trade residual outliers automatically.
SENS,2026-04-30,-0.22709994688489157,-4.538680644323165,negative_outlier,False,Reported only; outlier policy does not trade residual outliers automatically.
SHPH,2026-04-30,-0.3312355592080951,-6.527123836909544,negative_outlier,False,Reported only; outlier policy does not trade residual outliers automatically.
SKBL,2026-04-30,-0.18906544114684523,-3.8124213721015137,negative_outlier,False,Reported only; outlier policy does not trade residual outliers automatically.
SMMT,2026-04-30,-0.24117214298995907,-4.80738567160063,negative_outlier,False,Reported only; outlier policy does not trade residual outliers automatically.
SMTK,2026-04-30,0.24107950282201718,4.40108759547145,positive_outlier,False,Reported only; outlier policy does not trade residual outliers automatically.
SOBR,2026-04-30,0.778729494956052,14.667378281264323,positive_outlier,False,Reported only; outlier policy does not trade residual outliers automatically.
SOUN,2026-04-30,0.19210760904883226,3.465981663610952,positive_outlier,False,Reported only; outlier policy does not trade residual outliers automatically.
STAK,2026-04-30,0.38274745713921343,7.106201370530118,positive_outlier,False,Reported only; outlier policy does not trade residual outliers automatically.
STEX,2026-04-30,0.5089972165157606,9.516908610804602,positive_outlier,False,Reported only; outlier policy does not trade residual outliers automatically.
SUNE,2026-04-30,0.19202232346438922,3.4643531569355877,positive_outlier,False,Reported only; outlier policy does not trade residual outliers automatically.
TEAM,2026-04-30,0.282687671839416,5.195585064616259,positive_outlier,False,Reported only; outlier policy does not trade residual outliers automatically.
TLIH,2026-04-30,0.48992053899184024,9.152644275930635,positive_outlier,False,Reported only; outlier policy does not trade residual outliers automatically.
TREE,2026-04-30,-0.21495318264024202,-4.306741251685213,negative_outlier,False,Reported only; outlier policy does not trade residual outliers automatically.
UBXG,2026-04-30,0.20886284804341737,3.785918716610034,positive_outlier,False,Reported only; outlier policy does not trade residual outliers automatically.
UONE,2026-04-30,0.3639530984411283,6.747327842267329,positive_outlier,False,Reported only; outlier policy does not trade residual outliers automatically.
WTO,2026-04-30,-0.1905623063100731,-3.8410036339967264,negative_outlier,False,Reported only; outlier policy does not trade residual outliers automatically.
XNDU,2026-04-30,0.22532529180551697,4.10026491866131,positive_outlier,False,Reported only; outlier policy does not trade residual outliers automatically.
XXII,2026-04-30,-0.14660454968312503,-3.0016413834062288,negative_outlier,False,Reported only; outlier policy does not trade residual outliers automatically.
YHGJ,2026-04-30,0.20559182936008677,3.723459441741562,positive_outlier,False,Reported only; outlier policy does not trade residual outliers automatically.
YYGH,2026-04-30,-0.14970305330522027,-3.0608065267909637,negative_outlier,False,Reported only; outlier policy does not trade residual outliers automatically.
ZTEK,2026-04-30,0.1722130568898934,3.0861002193340648,positive_outlier,False,Reported only; outlier policy does not trade residual outliers automatically.
ABVE,2026-05-01,0.34743794932748295,6.043927712310019,positive_outlier,False,Reported only; outlier policy does not trade residual outliers automatically.
ADTX,2026-05-01,-0.2846019993026047,-4.845500878787241,negative_outlier,False,Reported only; outlier policy does not trade residual outliers automatically.
AIOS,2026-05-01,-0.26695475780419115,-4.541456211130809,negative_outlier,False,Reported only; outlier policy does not trade residual outliers automatically.
AKAN,2026-05-01,-0.2764797272598633,-4.705562095489441,negative_outlier,False,Reported only; outlier policy does not trade residual outliers automatically.
ARBB,2026-05-01,0.2280499411493914,3.9869893929735767,positive_outlier,False,Reported only; outlier policy does not trade residual outliers automatically.
AREB,2026-05-01,-0.20707463609335613,-3.5097804273300293,negative_outlier,False,Reported only; outlier policy does not trade residual outliers automatically.
ARKR,2026-05-01,0.17401711284005866,3.056056741129665,positive_outlier,False,Reported only; outlier policy does not trade residual outliers automatically.
AURA,2026-05-01,0.18723278765593135,3.283749860057555,positive_outlier,False,Reported only; outlier policy does not trade residual outliers automatically.
CABA,2026-05-01,0.2847583677076011,4.964019979185024,positive_outlier,False,Reported only; outlier policy does not trade residual outliers automatically.
CCOI,2026-05-01,-0.2880296689604575,-4.904556266115145,negative_outlier,False,Reported only; outlier policy does not trade residual outliers automatically.
CHAI,2026-05-01,0.3032415870491339,5.282467725390711,positive_outlier,False,Reported only; outlier policy does not trade residual outliers automatically.
CLNN,2026-05-01,0.3105124291571951,5.407737205752647,positive_outlier,False,Reported only; outlier policy does not trade residual outliers automatically.
COAG,2026-05-01,-0.26387901632130334,-4.4884642011871705,negative_outlier,False,Reported only; outlier policy does not trade residual outliers automatically.
CRE,2026-05-01,0.5069250647836016,8.79173433232469,positive_outlier,False,Reported only; outlier policy does not trade residual outliers automatically.
CREG,2026-05-01,-0.18461410773410053,-3.122807546554775,negative_outlier,False,Reported only; outlier policy does not trade residual outliers automatically.
CWD,2026-05-01,-0.2685079672112558,-4.568216486271503,negative_outlier,False,Reported only; outlier policy does not trade residual outliers automatically.
DARE,2026-05-01,0.30828649215838694,5.369386493824801,positive_outlier,False,Reported only; outlier policy does not trade residual outliers automatically.
DEVS,2026-05-01,-0.2854488356050629,-4.860091037944038,negative_outlier,False,Reported only; outlier policy does not trade residual outliers automatically.
DVLT,2026-05-01,-0.25938038525184753,-4.4109571988296326,negative_outlier,False,Reported only; outlier policy does not trade residual outliers automatically.
ELPW,2026-05-01,0.6701355644129439,11.603691210814986,positive_outlier,False,Reported only; outlier policy does not trade residual outliers automatically.
EZGO,2026-05-01,-0.22007071092642297,-3.733690053874956,negative_outlier,False,Reported only; outlier policy does not trade residual outliers automatically.
FATE,2026-05-01,0.17898634895894358,3.1416718070541907,positive_outlier,False,Reported only; outlier policy does not trade residual outliers automatically.
FCHL,2026-05-01,0.21087611321135233,3.691101176773939,positive_outlier,False,Reported only; outlier policy does not trade residual outliers automatically.
FGL,2026-05-01,0.17439869288645007,3.0626309911845437,positive_outlier,False,Reported only; outlier policy does not trade residual outliers automatically.
FSTR,2026-05-01,0.19924492101984037,3.490707139856937,positive_outlier,False,Reported only; outlier policy does not trade residual outliers automatically.
FWRD,2026-05-01,-0.23142337457339585,-3.92928531707059,negative_outlier,False,Reported only; outlier policy does not trade residual outliers automatically.
GAUZ,2026-05-01,-0.23805420379391395,-4.043528002921533,negative_outlier,False,Reported only; outlier policy does not trade residual outliers automatically.
GSUN,2026-05-01,-0.22601984181908108,-3.836187745951389,negative_outlier,False,Reported only; outlier policy does not trade residual outliers automatically.
HCAI,2026-05-01,0.52751955724932,9.146557244327969,positive_outlier,False,Reported only; outlier policy does not trade residual outliers automatically.
HKIT,2026-05-01,0.19737942347815343,3.458566446359481,positive_outlier,False,Reported only; outlier policy does not trade residual outliers automatically.
HOUR,2026-05-01,0.19655388985918235,3.4443433115515942,positive_outlier,False,Reported only; outlier policy does not trade residual outliers automatically.
IMDX,2026-05-01,0.25152798907446533,4.391493138176054,positive_outlier,False,Reported only; outlier policy does not trade residual outliers automatically.
IPST,2026-05-01,0.222106160275086,3.884583876467595,positive_outlier,False,Reported only; outlier policy does not trade residual outliers automatically.
JAGX,2026-05-01,-0.4963847334497744,-8.49430973228058,negative_outlier,False,Reported only; outlier policy does not trade residual outliers automatically.
JLHL,2026-05-01,0.7369683492768438,12.755154563561927,positive_outlier,False,Reported only; outlier policy does not trade residual outliers automatically.
KMRK,2026-05-01,0.2707315018922064,4.722350834719221,positive_outlier,False,Reported only; outlier policy does not trade residual outliers automatically.
KWM,2026-05-01,-0.26634798001803567,-4.531002024829254,negative_outlier,False,Reported only; outlier policy does not trade residual outliers automatically.
MNDR,2026-05-01,0.25672960777513865,4.481111928130499,positive_outlier,False,Reported only; outlier policy does not trade residual outliers automatically.
MSS,2026-05-01,0.2078274974470153,3.638576516363793,positive_outlier,False,Reported only; outlier policy does not trade residual outliers automatically.
ORGN,2026-05-01,-0.453999303218848,-7.764050328894767,negative_outlier,False,Reported only; outlier policy does not trade residual outliers automatically.
PN,2026-05-01,0.8646667235380724,14.95527234208341,positive_outlier,False,Reported only; outlier policy does not trade residual outliers automatically.
REPL,2026-05-01,0.20062230191534275,3.5144380621456692,positive_outlier,False,Reported only; outlier policy does not trade residual outliers automatically.
RLYB,2026-05-01,0.48329624113747316,8.384632869286097,positive_outlier,False,Reported only; outlier policy does not trade residual outliers automatically.
SDOT,2026-05-01,-0.38082126256292387,-6.503264440461189,negative_outlier,False,Reported only; outlier policy does not trade residual outliers automatically.
SHPH,2026-05-01,0.20308731286395337,3.5569077838133394,positive_outlier,False,Reported only; outlier policy does not trade residual outliers automatically.
SMTK,2026-05-01,0.2153645659115339,3.768432815808912,positive_outlier,False,Reported only; outlier policy does not trade residual outliers automatically.
STAK,2026-05-01,-0.18882324901390918,-3.195326923685384,negative_outlier,False,Reported only; outlier policy does not trade residual outliers automatically.
STKE,2026-05-01,0.18273972274646894,3.206338757179007,positive_outlier,False,Reported only; outlier policy does not trade residual outliers automatically.
TORO,2026-05-01,-0.20080986712880483,-3.4018446007623155,negative_outlier,False,Reported only; outlier policy does not trade residual outliers automatically.
UBXG,2026-05-01,-0.47515413224130676,-8.128527290353038,negative_outlier,False,Reported only; outlier policy does not trade residual outliers automatically.
ULH,2026-05-01,-0.27772449361630336,-4.727008199300495,negative_outlier,False,Reported only; outlier policy does not trade residual outliers automatically.
UPLD,2026-05-01,0.19383071489388914,3.3974256770098266,positive_outlier,False,Reported only; outlier policy does not trade residual outliers automatically.
XNDU,2026-05-01,-0.5816617805351244,-9.963549638252168,negative_outlier,False,Reported only; outlier policy does not trade residual outliers automatically.
XXII,2026-05-01,-0.27622200933870716,-4.7011218684038605,negative_outlier,False,Reported only; outlier policy does not trade residual outliers automatically.
ADEA,2026-05-04,-0.17671442107000537,-3.065058467413351,negative_outlier,False,Reported only; outlier policy does not trade residual outliers automatically.
ADTN,2026-05-04,-0.1825298617955694,-3.162434947862451,negative_outlier,False,Reported only; outlier policy does not trade residual outliers automatically.
AIOS,2026-05-04,0.23277306093927627,3.79159293146416,positive_outlier,False,Reported only; outlier policy does not trade residual outliers automatically.
AKAN,2026-05-04,-0.23520115384672602,-4.044387887061366,negative_outlier,False,Reported only; outlier policy does not trade residual outliers automatically.
AUDC,2026-05-04,-0.1730064307272779,-3.002970129460421,negative_outlier,False,Reported only; outlier policy does not trade residual outliers automatically.
AVNW,2026-05-04,-0.3425227309829169,-5.841430957559733,negative_outlier,False,Reported only; outlier policy does not trade residual outliers automatically.
BDSX,2026-05-04,0.31685324502956597,5.199471162641679,positive_outlier,False,Reported only; outlier policy does not trade residual outliers automatically.
BLDP,2026-05-04,0.2936644464036309,4.811186989077607,positive_outlier,False,Reported only; outlier policy does not trade residual outliers automatically.
BLZE,2026-05-04,0.6230611425479382,10.32676052095007,positive_outlier,False,Reported only; outlier policy does not trade residual outliers automatically.
CHSN,2026-05-04,-0.18064852032483264,-3.1309328795603943,negative_outlier,False,Reported only; outlier policy does not trade residual outliers automatically.
CIFR,2026-05-04,0.22446524386330274,3.652482926694097,positive_outlier,False,Reported only; outlier policy does not trade residual outliers automatically.
CLNN,2026-05-04,-0.18379711678271493,-3.1836544626513033,negative_outlier,False,Reported only; outlier policy does not trade residual outliers automatically.
CNSP,2026-05-04,-0.18276384840130122,-3.166352929871662,negative_outlier,False,Reported only; outlier policy does not trade residual outliers automatically.
CPSH,2026-05-04,-0.2716631055871317,-4.654923992292027,negative_outlier,False,Reported only; outlier policy does not trade residual outliers automatically.
CWD,2026-05-04,0.22176590077201827,3.607283853716119,positive_outlier,False,Reported only; outlier policy does not trade residual outliers automatically.
CYAB,2026-05-04,-0.30983661336676777,-5.294119198536135,negative_outlier,False,Reported only; outlier policy does not trade residual outliers automatically.
DGXX,2026-05-04,0.2651026393617105,4.33293463018373,positive_outlier,False,Reported only; outlier policy does not trade residual outliers automatically.
DRCT,2026-05-04,0.25692786896809366,4.196052421770763,positive_outlier,False,Reported only; outlier policy does not trade residual outliers automatically.
EMBC,2026-05-04,-0.5830688483237029,-9.869248520788366,negative_outlier,False,Reported only; outlier policy does not trade residual outliers automatically.
EVER,2026-05-04,0.6224107700088379,10.315870376621037,positive_outlier,False,Reported only; outlier policy does not trade residual outliers automatically.
EWTX,2026-05-04,0.22037506577270943,3.5839950569577295,positive_outlier,False,Reported only; outlier policy does not trade residual outliers automatically.
EZGO,2026-05-04,0.4863827197113602,8.03815258954192,positive_outlier,False,Reported only; outlier policy does not trade residual outliers automatically.
FATE,2026-05-04,0.3148698252008561,5.16625984620203,positive_outlier,False,Reported only; outlier policy does not trade residual outliers automatically.
FSEA,2026-05-04,0.42910942274858477,7.079141511080575,positive_outlier,False,Reported only; outlier policy does not trade residual outliers automatically.
FTCI,2026-05-04,-0.3499875636792246,-5.966425634560298,negative_outlier,False,Reported only; outlier policy does not trade residual outliers automatically.
GAIA,2026-05-04,-0.1918079393589287,-3.3177914515375977,negative_outlier,False,Reported only; outlier policy does not trade residual outliers automatically.
GDC,2026-05-04,0.22598526786154713,3.6779349249401716,positive_outlier,False,Reported only; outlier policy does not trade residual outliers automatically.
GIG,2026-05-04,-0.19187461621264174,-3.318907920202381,negative_outlier,False,Reported only; outlier policy does not trade residual outliers automatically.
GSUN,2026-05-04,0.2629735030086143,4.297283367580476,positive_outlier,False,Reported only; outlier policy does not trade residual outliers automatically.
HUBC,2026-05-04,-0.2180067091532705,-3.7564760010085676,negative_outlier,False,Reported only; outlier policy does not trade residual outliers automatically.
IART,2026-05-04,0.2275700407340955,3.7044711088551066,positive_outlier,False,Reported only; outlier policy does not trade residual outliers automatically.
INHD,2026-05-04,0.22855643739911785,3.7209877995238587,positive_outlier,False,Reported only; outlier policy does not trade residual outliers automatically.
INLF,2026-05-04,0.2078529034664356,3.3743180693414447,positive_outlier,False,Reported only; outlier policy does not trade residual outliers automatically.
IPGP,2026-05-04,-0.2537951444547807,-4.355734429543815,negative_outlier,False,Reported only; outlier policy does not trade residual outliers automatically.
JRVR,2026-05-04,-0.23531641492518482,-4.046317872884066,negative_outlier,False,Reported only; outlier policy does not trade residual outliers automatically.
LIXT,2026-05-04,0.363819429189722,5.985895086375624,positive_outlier,False,Reported only; outlier policy does not trade residual outliers automatically.
MASK,2026-05-04,0.48203827774972563,7.965407205708894,positive_outlier,False,Reported only; outlier policy does not trade residual outliers automatically.
NTHI,2026-05-04,0.20422775853040706,3.3136169339250747,positive_outlier,False,Reported only; outlier policy does not trade residual outliers automatically.
NUTX,2026-05-04,-0.19269997282872384,-3.332728080390095,negative_outlier,False,Reported only; outlier policy does not trade residual outliers automatically.
OCGN,2026-05-04,-0.20333621476053695,-3.5108263283822354,negative_outlier,False,Reported only; outlier policy does not trade residual outliers automatically.
ONEG,2026-05-04,0.2126159356807057,3.454072525655041,positive_outlier,False,Reported only; outlier policy does not trade residual outliers automatically.
PN,2026-05-04,0.2352642927351777,3.833307290824988,positive_outlier,False,Reported only; outlier policy does not trade residual outliers automatically.
POET,2026-05-04,0.27875167599893486,4.561480532717164,positive_outlier,False,Reported only; outlier policy does not trade residual outliers automatically.
PTLO,2026-05-04,-0.17735648156091524,-3.07580943088984,negative_outlier,False,Reported only; outlier policy does not trade residual outliers automatically.
RENX,2026-05-04,-0.1757380537455197,-3.0487097127495852,negative_outlier,False,Reported only; outlier policy does not trade residual outliers automatically.
RXT,2026-05-04,0.22941509135886254,3.7353655061276023,positive_outlier,False,Reported only; outlier policy does not trade residual outliers automatically.
SDOT,2026-05-04,0.7620840341311855,12.654625342050178,positive_outlier,False,Reported only; outlier policy does not trade residual outliers automatically.
SEGG,2026-05-04,-0.20391384908584512,-3.5204985097764743,negative_outlier,False,Reported only; outlier policy does not trade residual outliers automatically.
SKK,2026-05-04,-0.45380884769590096,-7.704858147303307,negative_outlier,False,Reported only; outlier policy does not trade residual outliers automatically.
SMTK,2026-05-04,0.3888683795301345,6.405326516975765,positive_outlier,False,Reported only; outlier policy does not trade residual outliers automatically.
SMX,2026-05-04,-0.1776490133548771,-3.080707721124361,negative_outlier,False,Reported only; outlier policy does not trade residual outliers automatically.
SOBR,2026-05-04,0.5865846873853762,9.715981563583055,positive_outlier,False,Reported only; outlier policy does not trade residual outliers automatically.
SOWG,2026-05-04,-0.20941074152029662,-3.6125410675006364,negative_outlier,False,Reported only; outlier policy does not trade residual outliers automatically.
STRL,2026-05-04,0.5000538092202111,8.267067755751853,positive_outlier,False,Reported only; outlier policy does not trade residual outliers automatically.
TONX,2026-05-04,0.2742341845917855,4.485837527406575,positive_outlier,False,Reported only; outlier policy does not trade residual outliers automatically.
TRON,2026-05-04,0.27318121577056675,4.468206121177604,positive_outlier,False,Reported only; outlier policy does not trade residual outliers automatically.
UBXG,2026-05-04,-0.2829298721049993,-4.8435800411326415,negative_outlier,False,Reported only; outlier policy does not trade residual outliers automatically.
ULH,2026-05-04,-0.24750153470417202,-4.250351261568189,negative_outlier,False,Reported only; outlier policy does not trade residual outliers automatically.
UPLD,2026-05-04,0.2781306704299933,4.551082122777743,positive_outlier,False,Reported only; outlier policy does not trade residual outliers automatically.
VRDN,2026-05-04,0.329087779962971,5.404331981961782,positive_outlier,False,Reported only; outlier policy does not trade residual outliers automatically.
WAI,2026-05-04,-0.20404876018286064,-3.5227575247713565,negative_outlier,False,Reported only; outlier policy does not trade residual outliers automatically.
WFF,2026-05-04,0.1876210107749674,3.0355457223964146,positive_outlier,False,Reported only; outlier policy does not trade residual outliers automatically.
WGS,2026-05-04,-0.4909288048390772,-8.326412205129825,negative_outlier,False,Reported only; outlier policy does not trade residual outliers automatically.
YYGH,2026-05-04,0.3842879908938645,6.328630330815986,positive_outlier,False,Reported only; outlier policy does not trade residual outliers automatically.
ACLS,2026-05-05,0.2155617483250168,3.054428657149921,positive_outlier,False,Reported only; outlier policy does not trade residual outliers automatically.
AHMA,2026-05-05,0.43910230518968774,6.368136127345674,positive_outlier,False,Reported only; outlier policy does not trade residual outliers automatically.
AIFU,2026-05-05,0.2237361920767302,3.17560449971144,positive_outlier,False,Reported only; outlier policy does not trade residual outliers automatically.
ANGI,2026-05-05,-0.3496132768305409,-5.323579920326391,negative_outlier,False,Reported only; outlier policy does not trade residual outliers automatically.
ATEC,2026-05-05,-0.30800183071699305,-4.706742592165006,negative_outlier,False,Reported only; outlier policy does not trade residual outliers automatically.
ATYR,2026-05-05,0.2312724058212178,3.2873193855127614,positive_outlier,False,Reported only; outlier policy does not trade residual outliers automatically.
AVTX,2026-05-05,0.34454734162222783,4.96647777276233,positive_outlier,False,Reported only; outlier policy does not trade residual outliers automatically.
AZTA,2026-05-05,-0.2558884198604047,-3.934226851509493,negative_outlier,False,Reported only; outlier policy does not trade residual outliers automatically.
BGDE,2026-05-05,0.3183761102812925,4.578522199889796,positive_outlier,False,Reported only; outlier policy does not trade residual outliers automatically.
BLMN,2026-05-05,0.404410873335866,5.853879302999522,positive_outlier,False,Reported only; outlier policy does not trade residual outliers automatically.
BMBL,2026-05-05,-0.19544919729241575,-3.0382914287592717,negative_outlier,False,Reported only; outlier policy does not trade residual outliers automatically.
BNZI,2026-05-05,-0.24240078850116636,-3.7342896883511676,negative_outlier,False,Reported only; outlier policy does not trade residual outliers automatically.
BUUU,2026-05-05,0.26162914948457533,3.737319911855655,positive_outlier,False,Reported only; outlier policy does not trade residual outliers automatically.
BWEN,2026-05-05,-0.2588438087161392,-3.9780367724738994,negative_outlier,False,Reported only; outlier policy does not trade residual outliers automatically.
BZAI,2026-05-05,-0.2005129866960503,-3.113355734805894,negative_outlier,False,Reported only; outlier policy does not trade residual outliers automatically.
CDW,2026-05-05,-0.20098271780267643,-3.120318907390064,negative_outlier,False,Reported only; outlier policy does not trade residual outliers automatically.
CETY,2026-05-05,0.22005771474311434,3.12107570193839,positive_outlier,False,Reported only; outlier policy does not trade residual outliers automatically.
CHSN,2026-05-05,-0.24910121127895413,-3.833615024762791,negative_outlier,False,Reported only; outlier policy does not trade residual outliers automatically.
CRE,2026-05-05,-0.2503369344593384,-3.85193306597807,negative_outlier,False,Reported only; outlier policy does not trade residual outliers automatically.
CVGI,2026-05-05,0.23354441376311041,3.320999044340629,positive_outlier,False,Reported only; outlier policy does not trade residual outliers automatically.
DGXX,2026-05-05,0.2343886304200629,3.333513493986116,positive_outlier,False,Reported only; outlier policy does not trade residual outliers automatically.
DRCT,2026-05-05,0.22914204091965742,3.255739406525695,positive_outlier,False,Reported only; outlier policy does not trade residual outliers automatically.
ERNA,2026-05-05,0.493565281323124,7.175481216727902,positive_outlier,False,Reported only; outlier policy does not trade residual outliers automatically.
EZGO,2026-05-05,-0.8442736426099524,-12.656297402484805,negative_outlier,False,Reported only; outlier policy does not trade residual outliers automatically.
FLEX,2026-05-05,0.39457678023604476,5.708101247220561,positive_outlier,False,Reported only; outlier policy does not trade residual outliers automatically.
GDC,2026-05-05,-0.7296116012921063,-10.956576921369326,negative_outlier,False,Reported only; outlier policy does not trade residual outliers automatically.
GELS,2026-05-05,-0.2172342173987134,-3.3612269393310994,negative_outlier,False,Reported only; outlier policy does not trade residual outliers automatically.
GENK,2026-05-05,0.2120066001664552,3.00172805920961,positive_outlier,False,Reported only; outlier policy does not trade residual outliers automatically.
HCKT,2026-05-05,-0.25820436944035013,-3.9685578898288965,negative_outlier,False,Reported only; outlier policy does not trade residual outliers automatically.
HUT,2026-05-05,0.31669805639777304,4.553647162593652,positive_outlier,False,Reported only; outlier policy does not trade residual outliers automatically.
HYPD,2026-05-05,-0.22289023651989506,-3.4450703057264698,negative_outlier,False,Reported only; outlier policy does not trade residual outliers automatically.
IFRX,2026-05-05,0.25557023739315454,3.6475041641443564,positive_outlier,False,Reported only; outlier policy does not trade residual outliers automatically.
LBGJ,2026-05-05,0.26730205018660314,3.8214135264446556,positive_outlier,False,Reported only; outlier policy does not trade residual outliers automatically.
LMB,2026-05-05,-0.31715153608587515,-4.842375461010859,negative_outlier,False,Reported only; outlier policy does not trade residual outliers automatically.
MNKD,2026-05-05,0.24156924554280815,3.439957077676598,positive_outlier,False,Reported only; outlier policy does not trade residual outliers automatically.
MRDN,2026-05-05,0.21355971390913903,3.0247510161324147,positive_outlier,False,Reported only; outlier policy does not trade residual outliers automatically.
NNE,2026-05-05,0.23934151709276136,3.4069338065976207,positive_outlier,False,Reported only; outlier policy does not trade residual outliers automatically.
OCG,2026-05-05,0.2598912491754369,3.7115577266056023,positive_outlier,False,Reported only; outlier policy does not trade residual outliers automatically.
OLOX,2026-05-05,-0.2338861484295871,-3.6080708634231193,negative_outlier,False,Reported only; outlier policy does not trade residual outliers automatically.
ONEG,2026-05-05,-0.3843135468826237,-5.83796775984049,negative_outlier,False,Reported only; outlier policy does not trade residual outliers automatically.
OSS,2026-05-05,0.5429842038270174,7.908054558080519,positive_outlier,False,Reported only; outlier policy does not trade residual outliers automatically.
PHOE,2026-05-05,-0.26928188770866657,-4.132768159105324,negative_outlier,False,Reported only; outlier policy does not trade residual outliers automatically.
PLYX,2026-05-05,-0.19852114237527219,-3.0838291491258496,negative_outlier,False,Reported only; outlier policy does not trade residual outliers automatically.
PMAX,2026-05-05,0.9433610985217346,13.843138220088447,positive_outlier,False,Reported only; outlier policy does not trade residual outliers automatically.
PN,2026-05-05,0.3012196720167135,4.324199590889117,positive_outlier,False,Reported only; outlier policy does not trade residual outliers automatically.
PYXS,2026-05-05,0.25319859112763166,3.612347492545463,positive_outlier,False,Reported only; outlier policy does not trade residual outliers automatically.
QMCO,2026-05-05,0.2221784773819992,3.1525133394640013,positive_outlier,False,Reported only; outlier policy does not trade residual outliers automatically.
REPL,2026-05-05,0.23466277603439328,3.3375773577559373,positive_outlier,False,Reported only; outlier policy does not trade residual outliers automatically.
RPGL,2026-05-05,-0.19677398152642558,-3.0579296880273366,negative_outlier,False,Reported only; outlier policy does not trade residual outliers automatically.
SEGG,2026-05-05,0.3794288379869596,5.483552064320943,positive_outlier,False,Reported only; outlier policy does not trade residual outliers automatically.
SKYX,2026-05-05,0.2135798192876402,3.0250490530697154,positive_outlier,False,Reported only; outlier policy does not trade residual outliers automatically.
SMCI,2026-05-05,0.23102660381646628,3.283675680089645,positive_outlier,False,Reported only; outlier policy does not trade residual outliers automatically.
SMX,2026-05-05,0.35367485934203396,5.101781737629771,positive_outlier,False,Reported only; outlier policy does not trade residual outliers automatically.
SOBR,2026-05-05,-0.2190250954012985,-3.3877744522236624,negative_outlier,False,Reported only; outlier policy does not trade residual outliers automatically.
STFS,2026-05-05,0.9852051908230425,14.463424235240263,positive_outlier,False,Reported only; outlier policy does not trade residual outliers automatically.
TBH,2026-05-05,0.23112052653788234,3.2850679662498963,positive_outlier,False,Reported only; outlier policy does not trade residual outliers automatically.
TBLA,2026-05-05,0.24495255676881061,3.490110409317392,positive_outlier,False,Reported only; outlier policy does not trade residual outliers automatically.
TEAD,2026-05-05,0.26008242997474273,3.7143917413888854,positive_outlier,False,Reported only; outlier policy does not trade residual outliers automatically.
TMDX,2026-05-05,-0.2388367794220778,-3.681457738413908,negative_outlier,False,Reported only; outlier policy does not trade residual outliers automatically.
VCYT,2026-05-05,0.24651264281511232,3.5132367218679494,positive_outlier,False,Reported only; outlier policy does not trade residual outliers automatically.
VECO,2026-05-05,0.241900496265886,3.4448674528271592,positive_outlier,False,Reported only; outlier policy does not trade residual outliers automatically.
WFCF,2026-05-05,0.46662786030771425,6.776167846042286,positive_outlier,False,Reported only; outlier policy does not trade residual outliers automatically.
WHLR,2026-05-05,-0.3518035093217615,-5.356047360997646,negative_outlier,False,Reported only; outlier policy does not trade residual outliers automatically.
WKHS,2026-05-05,0.2731158974602503,3.9075964966021686,positive_outlier,False,Reported only; outlier policy does not trade residual outliers automatically.
ZTEK,2026-05-05,0.3560981429526054,5.137703867892759,positive_outlier,False,Reported only; outlier policy does not trade residual outliers automatically.
AAON,2026-05-06,0.3099403863825467,4.702194661135896,positive_outlier,False,Reported only; outlier policy does not trade residual outliers automatically.
AKAN,2026-05-06,0.19635406416177797,3.0153193365340805,positive_outlier,False,Reported only; outlier policy does not trade residual outliers automatically.
AMPL,2026-05-06,-0.24716752516117957,-3.5714387372322935,negative_outlier,False,Reported only; outlier policy does not trade residual outliers automatically.
AOSL,2026-05-06,-0.2270876914865695,-3.2732322693622122,negative_outlier,False,Reported only; outlier policy does not trade residual outliers automatically.
APYX,2026-05-06,0.23336911998602905,3.5650315121543863,positive_outlier,False,Reported only; outlier policy does not trade residual outliers automatically.
ARAY,2026-05-06,-0.39250307935009826,-5.72982326237004,negative_outlier,False,Reported only; outlier policy does not trade residual outliers automatically.
ATRA,2026-05-06,0.9189059066617262,13.74596762259927,positive_outlier,False,Reported only; outlier policy does not trade residual outliers automatically.
BETR,2026-05-06,-0.2548556882181929,-3.6856159752908004,negative_outlier,False,Reported only; outlier policy does not trade residual outliers automatically.
BNZI,2026-05-06,0.4359559714066669,6.573657498706163,positive_outlier,False,Reported only; outlier policy does not trade residual outliers automatically.
CCRN,2026-05-06,0.26940358317452384,4.100180864642445,positive_outlier,False,Reported only; outlier policy does not trade residual outliers automatically.
CLFD,2026-05-06,0.2355572641595163,3.597527734769577,positive_outlier,False,Reported only; outlier policy does not trade residual outliers automatically.
CMRC,2026-05-06,0.22084736778336744,3.379070435164906,positive_outlier,False,Reported only; outlier policy does not trade residual outliers automatically.
CSTL,2026-05-06,-0.23225244532121622,-3.3499342492394617,negative_outlier,False,Reported only; outlier policy does not trade residual outliers automatically.
DDOG,2026-05-06,0.2957453804716717,4.491384021831178,positive_outlier,False,Reported only; outlier policy does not trade residual outliers automatically.
DRCT,2026-05-06,-0.2791542933926226,-4.0464755989638075,negative_outlier,False,Reported only; outlier policy does not trade residual outliers automatically.
ELPW,2026-05-06,0.2729615034626122,4.153019690863188,positive_outlier,False,Reported only; outlier policy does not trade residual outliers automatically.
ENGN,2026-05-06,-0.7680641124220506,-11.307296211443182,negative_outlier,False,Reported only; outlier policy does not trade residual outliers automatically.
EPOW,2026-05-06,0.3465758671188043,5.246269750905977,positive_outlier,False,Reported only; outlier policy does not trade residual outliers automatically.
ERNA,2026-05-06,0.28800972521041845,4.376501475018263,positive_outlier,False,Reported only; outlier policy does not trade residual outliers automatically.
EZGO,2026-05-06,-0.41678118420258514,-6.090378434885939,negative_outlier,False,Reported only; outlier policy does not trade residual outliers automatically.
FA,2026-05-06,0.22071456296212894,3.377098145090226,positive_outlier,False,Reported only; outlier policy does not trade residual outliers automatically.
FABC,2026-05-06,0.29084494354568363,4.418607423658116,positive_outlier,False,Reported only; outlier policy does not trade residual outliers automatically.
FLNC,2026-05-06,0.42314847876292766,6.38345287821716,positive_outlier,False,Reported only; outlier policy does not trade residual outliers automatically.
FSLY,2026-05-06,-0.3413783186948348,-4.970567257426789,negative_outlier,False,Reported only; outlier policy does not trade residual outliers automatically.
GDC,2026-05-06,-0.7196567285261211,-10.58839608486051,negative_outlier,False,Reported only; outlier policy does not trade residual outliers automatically.
GDTC,2026-05-06,-0.22700941477310663,-3.2720697785459785,negative_outlier,False,Reported only; outlier policy does not trade residual outliers automatically.
GLE,2026-05-06,0.5101155359854456,7.675004360945558,positive_outlier,False,Reported only; outlier policy does not trade residual outliers automatically.
INSM,2026-05-06,-0.2378894638033143,-3.433649851574872,negative_outlier,False,Reported only; outlier policy does not trade residual outliers automatically.
KALA,2026-05-06,-0.22181160622159762,-3.19487690165625,negative_outlier,False,Reported only; outlier policy does not trade residual outliers automatically.
LCUT,2026-05-06,0.2721628841772524,4.14115936173301,positive_outlier,False,Reported only; outlier policy does not trade residual outliers automatically.
LICN,2026-05-06,0.21122630513240595,3.236187622647999,positive_outlier,False,Reported only; outlier policy does not trade residual outliers automatically.
LIFE,2026-05-06,0.3283562614399413,4.975689608484309,positive_outlier,False,Reported only; outlier policy does not trade residual outliers automatically.
MSW,2026-05-06,0.2834069800432737,4.308145909875517,positive_outlier,False,Reported only; outlier policy does not trade residual outliers automatically.
NTHI,2026-05-06,0.2480663448297794,3.7833006262899795,positive_outlier,False,Reported only; outlier policy does not trade residual outliers automatically.
NXTS,2026-05-06,0.2934416164612886,4.457170724078058,positive_outlier,False,Reported only; outlier policy does not trade residual outliers automatically.
OIO,2026-05-06,0.22935050006518223,3.505350816002836,positive_outlier,False,Reported only; outlier policy does not trade residual outliers automatically.
ONEG,2026-05-06,-0.7513080958521167,-11.058451893414258,negative_outlier,False,Reported only; outlier policy does not trade residual outliers automatically.
OSRH,2026-05-06,0.20917938568040506,3.205788734405833,positive_outlier,False,Reported only; outlier policy does not trade residual outliers automatically.
PAHC,2026-05-06,-0.24247998665300086,-3.5018239025588134,negative_outlier,False,Reported only; outlier policy does not trade residual outliers automatically.
PHAR,2026-05-06,-0.26930674821221307,-3.9002292847249524,negative_outlier,False,Reported only; outlier policy does not trade residual outliers automatically.
PHOE,2026-05-06,-0.35517247680800873,-5.175424888960477,negative_outlier,False,Reported only; outlier policy does not trade residual outliers automatically.
PIII,2026-05-06,0.23634892450556286,3.6092847163946717,positive_outlier,False,Reported only; outlier policy does not trade residual outliers automatically.
RAIN,2026-05-06,-0.22655970190257693,-3.2653910734904708,negative_outlier,False,Reported only; outlier policy does not trade residual outliers automatically.
RGC,2026-05-06,0.21306303602593746,3.263464991627427,positive_outlier,False,Reported only; outlier policy does not trade residual outliers automatically.
RMSG,2026-05-06,0.349146041138965,5.284439515097436,positive_outlier,False,Reported only; outlier policy does not trade residual outliers automatically.
RPGL,2026-05-06,0.6957119484801227,10.431304613042691,positive_outlier,False,Reported only; outlier policy does not trade residual outliers automatically.
RXT,2026-05-06,0.5069154444655224,7.627479665050097,positive_outlier,False,Reported only; outlier policy does not trade residual outliers automatically.
SGHT,2026-05-06,0.22767581079144733,3.4804799340426995,positive_outlier,False,Reported only; outlier policy does not trade residual outliers automatically.
SHFS,2026-05-06,-0.41102590937247946,-6.004906602473427,negative_outlier,False,Reported only; outlier policy does not trade residual outliers automatically.
SITM,2026-05-06,0.29379081159495335,4.462356635928477,positive_outlier,False,Reported only; outlier policy does not trade residual outliers automatically.
SNES,2026-05-06,0.3444433298956851,5.214599349486669,positive_outlier,False,Reported only; outlier policy does not trade residual outliers automatically.
SOBR,2026-05-06,0.7139621373840667,10.702338948246792,positive_outlier,False,Reported only; outlier policy does not trade residual outliers automatically.
TEAD,2026-05-06,-0.2669583121779785,-3.8653525608368744,negative_outlier,False,Reported only; outlier policy does not trade residual outliers automatically.
TRDA,2026-05-06,-0.5700116031875752,-8.36600993444087,negative_outlier,False,Reported only; outlier policy does not trade residual outliers automatically.
VITL,2026-05-06,-0.22821996667727637,-3.290047736599103,negative_outlier,False,Reported only; outlier policy does not trade residual outliers automatically.
XMTR,2026-05-06,0.3798604342100716,5.740580278956918,positive_outlier,False,Reported only; outlier policy does not trade residual outliers automatically.
ABLV,2026-05-07,0.22733452485491615,3.8420928435101973,positive_outlier,False,Reported only; outlier policy does not trade residual outliers automatically.
AHMA,2026-05-07,-0.1846974189300032,-3.1633766883684897,negative_outlier,False,Reported only; outlier policy does not trade residual outliers automatically.
AIIO,2026-05-07,0.47304404913856213,8.019707254299698,positive_outlier,False,Reported only; outlier policy does not trade residual outliers automatically.
AKAM,2026-05-07,0.2558510654643749,4.326938155645572,positive_outlier,False,Reported only; outlier policy does not trade residual outliers automatically.
AKAN,2026-05-07,-0.21322779266543296,-3.6484571947502875,negative_outlier,False,Reported only; outlier policy does not trade residual outliers automatically.
AMPH,2026-05-07,-0.21568612781935934,-3.6902544201347527,negative_outlier,False,Reported only; outlier policy does not trade residual outliers automatically.
AMTX,2026-05-07,-0.18173530600596535,-3.113014108106598,negative_outlier,False,Reported only; outlier policy does not trade residual outliers automatically.
ANPA,2026-05-07,0.2678972313498514,4.531750062488196,positive_outlier,False,Reported only; outlier policy does not trade residual outliers automatically.
ANTA,2026-05-07,-0.1861616352955706,-3.188271658993425,negative_outlier,False,Reported only; outlier policy does not trade residual outliers automatically.
ARAY,2026-05-07,0.29700754927548284,5.026690924155381,positive_outlier,False,Reported only; outlier policy does not trade residual outliers automatically.
AREB,2026-05-07,-0.1848707958497698,-3.1663244858567103,negative_outlier,False,Reported only; outlier policy does not trade residual outliers automatically.
ASBP,2026-05-07,0.21037564441917506,3.5537537426724866,positive_outlier,False,Reported only; outlier policy does not trade residual outliers automatically.
BTBD,2026-05-07,-0.32999772001868544,-5.6338085264905,negative_outlier,False,Reported only; outlier policy does not trade residual outliers automatically.
CAI,2026-05-07,-0.17913721603378624,-3.068840736561694,negative_outlier,False,Reported only; outlier policy does not trade residual outliers automatically.
CCSI,2026-05-07,0.21893615132660071,3.6993016090988626,positive_outlier,False,Reported only; outlier policy does not trade residual outliers automatically.
CDLX,2026-05-07,-0.1913197828491275,-3.275971765920669,negative_outlier,False,Reported only; outlier policy does not trade residual outliers automatically.
CODX,2026-05-07,0.3377962612331137,5.720190744190978,positive_outlier,False,Reported only; outlier policy does not trade residual outliers automatically.
CREG,2026-05-07,-0.3251742084472259,-5.551797983715295,negative_outlier,False,Reported only; outlier policy does not trade residual outliers automatically.
CTNT,2026-05-07,0.24848879815597746,4.201763056742446,positive_outlier,False,Reported only; outlier policy does not trade residual outliers automatically.
DRCT,2026-05-07,-0.1899157198213571,-3.2520995372979837,negative_outlier,False,Reported only; outlier policy does not trade residual outliers automatically.
EOSE,2026-05-07,0.2375601248746537,4.015951036943964,positive_outlier,False,Reported only; outlier policy does not trade residual outliers automatically.
EZGO,2026-05-07,-0.36707947742371555,-6.264281783741297,negative_outlier,False,Reported only; outlier policy does not trade residual outliers automatically.
FCHL,2026-05-07,-0.1963128720512371,-3.3608655097261013,negative_outlier,False,Reported only; outlier policy does not trade residual outliers automatically.
FLL,2026-05-07,0.1820717036905907,3.0725231065602014,positive_outlier,False,Reported only; outlier policy does not trade residual outliers automatically.
FLNC,2026-05-07,0.24786748921332746,4.191199407653407,positive_outlier,False,Reported only; outlier policy does not trade residual outliers automatically.
FLUX,2026-05-07,-0.21111888702003231,-3.612601056731598,negative_outlier,False,Reported only; outlier policy does not trade residual outliers automatically.
FLY,2026-05-07,0.21587934166240202,3.647328971320869,positive_outlier,False,Reported only; outlier policy does not trade residual outliers automatically.
FROG,2026-05-07,0.2279826039785613,3.8531116458710954,positive_outlier,False,Reported only; outlier policy does not trade residual outliers automatically.
FWRD,2026-05-07,-0.42665696872066,-7.27723310065273,negative_outlier,False,Reported only; outlier policy does not trade residual outliers automatically.
GLE,2026-05-07,-0.17835374044851404,-3.055519889903115,negative_outlier,False,Reported only; outlier policy does not trade residual outliers automatically.
GRDX,2026-05-07,0.22509340229363342,3.8039887206209593,positive_outlier,False,Reported only; outlier policy does not trade residual outliers automatically.
HTOO,2026-05-07,-0.19319888439131705,-3.3079207174514433,negative_outlier,False,Reported only; outlier policy does not trade residual outliers automatically.
ILLR,2026-05-07,0.22781901302684943,3.850330231844355,positive_outlier,False,Reported only; outlier policy does not trade residual outliers automatically.
INOD,2026-05-07,0.8476250715867926,14.388426911994085,positive_outlier,False,Reported only; outlier policy does not trade residual outliers automatically.
KDK,2026-05-07,-0.20392260761880404,-3.490248125487736,negative_outlier,False,Reported only; outlier policy does not trade residual outliers automatically.
LASE,2026-05-07,0.19738147752667606,3.3328236870526577,positive_outlier,False,Reported only; outlier policy does not trade residual outliers automatically.
LUNR,2026-05-07,0.17852678379978473,3.012251497374106,positive_outlier,False,Reported only; outlier policy does not trade residual outliers automatically.
LXRX,2026-05-07,0.19344224839298388,3.265847934100904,positive_outlier,False,Reported only; outlier policy does not trade residual outliers automatically.
MASK,2026-05-07,0.26269098952446446,4.4432322447959365,positive_outlier,False,Reported only; outlier policy does not trade residual outliers automatically.
MBUU,2026-05-07,0.18294096723191744,3.087302541372946,positive_outlier,False,Reported only; outlier policy does not trade residual outliers automatically.
MBX,2026-05-07,0.1936632366778684,3.2696052318541793,positive_outlier,False,Reported only; outlier policy does not trade residual outliers automatically.
MGRX,2026-05-07,0.21093035807464933,3.5631851221345863,positive_outlier,False,Reported only; outlier policy does not trade residual outliers automatically.
MKTW,2026-05-07,0.2511450905905313,4.246926001020719,positive_outlier,False,Reported only; outlier policy does not trade residual outliers automatically.
MNTS,2026-05-07,0.2568207033815787,4.343424180548222,positive_outlier,False,Reported only; outlier policy does not trade residual outliers automatically.
MRAM,2026-05-07,0.23381528528682172,3.9522803433726317,positive_outlier,False,Reported only; outlier policy does not trade residual outliers automatically.
MRDN,2026-05-07,0.20202798683079304,3.41182479327896,positive_outlier,False,Reported only; outlier policy does not trade residual outliers automatically.
MRVI,2026-05-07,0.21873602198405326,3.695898960268356,positive_outlier,False,Reported only; outlier policy does not trade residual outliers automatically.
MTEX,2026-05-07,0.23135204807716092,3.910399772018008,positive_outlier,False,Reported only; outlier policy does not trade residual outliers automatically.
MTVA,2026-05-07,-0.18077375162450285,-3.0966655214880414,negative_outlier,False,Reported only; outlier policy does not trade residual outliers automatically.
MXL,2026-05-07,0.18903676105405512,3.1909447432404088,positive_outlier,False,Reported only; outlier policy does not trade residual outliers automatically.
NSIT,2026-05-07,0.18546298638269706,3.130182537902593,positive_outlier,False,Reported only; outlier policy does not trade residual outliers automatically.
OM,2026-05-07,-0.18689173008090365,-3.200684912021943,negative_outlier,False,Reported only; outlier policy does not trade residual outliers automatically.
PAL,2026-05-07,-0.18671317196839388,-3.1976490226067527,negative_outlier,False,Reported only; outlier policy does not trade residual outliers automatically.
PGNY,2026-05-07,0.2361625778150416,3.992189594431658,positive_outlier,False,Reported only; outlier policy does not trade residual outliers automatically.
PHOE,2026-05-07,0.26331606612928704,4.453859952613806,positive_outlier,False,Reported only; outlier policy does not trade residual outliers automatically.
PN,2026-05-07,-0.20369765421069147,-3.4864234117236803,negative_outlier,False,Reported only; outlier policy does not trade residual outliers automatically.
PYXS,2026-05-07,0.2062458395226951,3.483537773228147,positive_outlier,False,Reported only; outlier policy does not trade residual outliers automatically.
REAL,2026-05-07,-0.18938627246673947,-3.243097741763792,negative_outlier,False,Reported only; outlier policy does not trade residual outliers automatically.
REPL,2026-05-07,0.20638139781295897,3.4858425689765387,positive_outlier,False,Reported only; outlier policy does not trade residual outliers automatically.
RIME,2026-05-07,-0.19352221514728288,-3.3134180673385196,negative_outlier,False,Reported only; outlier policy does not trade residual outliers automatically.
RKLB,2026-05-07,0.3166827067694473,5.361212842754081,positive_outlier,False,Reported only; outlier policy does not trade residual outliers automatically.
RMSG,2026-05-07,-0.19946979511011143,-3.414540300326739,negative_outlier,False,Reported only; outlier policy does not trade residual outliers automatically.
RPGL,2026-05-07,-0.5564808142131699,-9.484530393563231,negative_outlier,False,Reported only; outlier policy does not trade residual outliers automatically.
RXT,2026-05-07,0.5135075724520015,8.707678136170768,positive_outlier,False,Reported only; outlier policy does not trade residual outliers automatically.
SELX,2026-05-07,-0.3463350086418403,-5.9115791688142,negative_outlier,False,Reported only; outlier policy does not trade residual outliers automatically.
SKIN,2026-05-07,-0.3559588070697317,-6.075205381986469,negative_outlier,False,Reported only; outlier policy does not trade residual outliers automatically.
SLNH,2026-05-07,0.206670838885762,3.4907637180461224,positive_outlier,False,Reported only; outlier policy does not trade residual outliers automatically.
SOWG,2026-05-07,0.2253599292685397,3.8085202785020744,positive_outlier,False,Reported only; outlier policy does not trade residual outliers automatically.
SRTS,2026-05-07,-0.25068760083732033,-4.285358165115737,negative_outlier,False,Reported only; outlier policy does not trade residual outliers automatically.
STFS,2026-05-07,0.2696850096362266,4.562146313322314,positive_outlier,False,Reported only; outlier policy does not trade residual outliers automatically.
TEAD,2026-05-07,0.1910771318951133,3.225635635479162,positive_outlier,False,Reported only; outlier policy does not trade residual outliers automatically.
TNYA,2026-05-07,0.1890557279940851,3.1912672238696347,positive_outlier,False,Reported only; outlier policy does not trade residual outliers automatically.
TOMZ,2026-05-07,0.1906129322925207,3.217743198444304,positive_outlier,False,Reported only; outlier policy does not trade residual outliers automatically.
TRAW,2026-05-07,0.286750660727824,4.852300755392137,positive_outlier,False,Reported only; outlier policy does not trade residual outliers automatically.
TSSI,2026-05-07,-0.2620248197257757,-4.478116378883677,negative_outlier,False,Reported only; outlier policy does not trade residual outliers automatically.
VRAX,2026-05-07,0.2857318654231249,4.834978944367659,positive_outlier,False,Reported only; outlier policy does not trade residual outliers automatically.
VREX,2026-05-07,-0.17636135033252226,-3.021644777879076,negative_outlier,False,Reported only; outlier policy does not trade residual outliers automatically.
WALD,2026-05-07,0.3124875056428935,5.289884990349712,positive_outlier,False,Reported only; outlier policy does not trade residual outliers automatically.
WEST,2026-05-07,0.3739859050240692,6.335496064012059,positive_outlier,False,Reported only; outlier policy does not trade residual outliers automatically.
WLDN,2026-05-07,0.1830922437611497,3.089874582527546,positive_outlier,False,Reported only; outlier policy does not trade residual outliers automatically.
WSC,2026-05-07,0.20010514000066387,3.3791320734883534,positive_outlier,False,Reported only; outlier policy does not trade residual outliers automatically.
WXM,2026-05-07,0.18978361954167108,3.203643016902292,positive_outlier,False,Reported only; outlier policy does not trade residual outliers automatically.
ZCMD,2026-05-07,-0.24474941739956307,-4.184395694182585,negative_outlier,False,Reported only; outlier policy does not trade residual outliers automatically.
ZTEK,2026-05-07,0.2334553816824409,3.9461611728254584,positive_outlier,False,Reported only; outlier policy does not trade residual outliers automatically.
ABLV,2026-05-08,0.28480464298154273,4.983494126156631,positive_outlier,False,Reported only; outlier policy does not trade residual outliers automatically.
AEHL,2026-05-08,0.2589808274114316,4.541895122520994,positive_outlier,False,Reported only; outlier policy does not trade residual outliers automatically.
AIIO,2026-05-08,0.2773849427554159,4.856613874156806,positive_outlier,False,Reported only; outlier policy does not trade residual outliers automatically.
AMPG,2026-05-08,0.21711234708587462,3.825925046553453,positive_outlier,False,Reported only; outlier policy does not trade residual outliers automatically.
BEEP,2026-05-08,0.2334419595406612,4.1051688542786025,positive_outlier,False,Reported only; outlier policy does not trade residual outliers automatically.
BNRG,2026-05-08,0.16977300858925107,3.016400805020575,positive_outlier,False,Reported only; outlier policy does not trade residual outliers automatically.
BTBT,2026-05-08,0.19621405712853343,3.468554773450515,positive_outlier,False,Reported only; outlier policy does not trade residual outliers automatically.
CERT,2026-05-08,-0.18315492638605507,-3.018827568460543,negative_outlier,False,Reported only; outlier policy does not trade residual outliers automatically.
CGTL,2026-05-08,0.48754106173510836,8.45037919119145,positive_outlier,False,Reported only; outlier policy does not trade residual outliers automatically.
CODX,2026-05-08,-0.2639154696969525,-4.399869628737756,negative_outlier,False,Reported only; outlier policy does not trade residual outliers automatically.
CREG,2026-05-08,-0.3511415923385798,-5.891476039299522,negative_outlier,False,Reported only; outlier policy does not trade residual outliers automatically.
DRTS,2026-05-08,0.19872813000044554,3.5115465641984613,positive_outlier,False,Reported only; outlier policy does not trade residual outliers automatically.
ENGS,2026-05-08,0.18634586635463762,3.299804218304724,positive_outlier,False,Reported only; outlier policy does not trade residual outliers automatically.
FGL,2026-05-08,0.20501071577609695,3.6189816413756,positive_outlier,False,Reported only; outlier policy does not trade residual outliers automatically.
GAUZ,2026-05-08,0.2575774453976853,4.5178966511367795,positive_outlier,False,Reported only; outlier policy does not trade residual outliers automatically.
GLE,2026-05-08,0.32507218137674077,5.6720873662183555,positive_outlier,False,Reported only; outlier policy does not trade residual outliers automatically.
GRAN,2026-05-08,0.17360397911409,3.0819121452070513,positive_outlier,False,Reported only; outlier policy does not trade residual outliers automatically.
GRNQ,2026-05-08,-0.216693633420013,-3.5923547286593416,negative_outlier,False,Reported only; outlier policy does not trade residual outliers automatically.
GSIT,2026-05-08,0.37919834915691764,6.597669478491727,positive_outlier,False,Reported only; outlier policy does not trade residual outliers automatically.
HAO,2026-05-08,-0.9028994439593397,-15.326786513166063,negative_outlier,False,Reported only; outlier policy does not trade residual outliers automatically.
HCHL,2026-05-08,0.22687663646692788,3.9928988405761228,positive_outlier,False,Reported only; outlier policy does not trade residual outliers automatically.
HPAI,2026-05-08,0.3009528293719022,5.259635465578171,positive_outlier,False,Reported only; outlier policy does not trade residual outliers automatically.
HQ,2026-05-08,0.22444447421799382,3.9513077587743846,positive_outlier,False,Reported only; outlier policy does not trade residual outliers automatically.
HRTX,2026-05-08,-0.20041348128820174,-3.3139567149759785,negative_outlier,False,Reported only; outlier policy does not trade residual outliers automatically.
HTCO,2026-05-08,0.24216651623644575,4.254362746000798,positive_outlier,False,Reported only; outlier policy does not trade residual outliers automatically.
INBS,2026-05-08,0.32776894332404277,5.718203223332415,positive_outlier,False,Reported only; outlier policy does not trade residual outliers automatically.
INOD,2026-05-08,0.1986062724519163,3.509462744637797,positive_outlier,False,Reported only; outlier policy does not trade residual outliers automatically.
IPWR,2026-05-08,0.30875172424452135,5.3930001186774525,positive_outlier,False,Reported only; outlier policy does not trade residual outliers automatically.
JDZG,2026-05-08,0.28264289471404996,4.946527246554967,positive_outlier,False,Reported only; outlier policy does not trade residual outliers automatically.
JZXN,2026-05-08,0.47020886238829274,8.15399069114242,positive_outlier,False,Reported only; outlier policy does not trade residual outliers automatically.
LHAI,2026-05-08,-0.31140919306930265,-5.212033921935817,negative_outlier,False,Reported only; outlier policy does not trade residual outliers automatically.
LQDA,2026-05-08,0.241755473120926,4.247333721580607,positive_outlier,False,Reported only; outlier policy does not trade residual outliers automatically.
MASK,2026-05-08,-0.3017021159630836,-5.0460384838611265,negative_outlier,False,Reported only; outlier policy does not trade residual outliers automatically.
MEHA,2026-05-08,0.26624686355485594,4.666147648744519,positive_outlier,False,Reported only; outlier policy does not trade residual outliers automatically.
MRAM,2026-05-08,0.4450377033319214,7.723552411041278,positive_outlier,False,Reported only; outlier policy does not trade residual outliers automatically.
MRNO,2026-05-08,0.2594913731379946,4.550625686892806,positive_outlier,False,Reported only; outlier policy does not trade residual outliers automatically.
NTCL,2026-05-08,0.22756847940795494,4.004729669858512,positive_outlier,False,Reported only; outlier policy does not trade residual outliers automatically.
NVTS,2026-05-08,0.19143314825235952,3.3867990549565077,positive_outlier,False,Reported only; outlier policy does not trade residual outliers automatically.
PHOE,2026-05-08,-0.183673114889819,-3.027688827802189,negative_outlier,False,Reported only; outlier policy does not trade residual outliers automatically.
PMAX,2026-05-08,-0.29254239627735884,-4.889403106884556,negative_outlier,False,Reported only; outlier policy does not trade residual outliers automatically.
POET,2026-05-08,0.23257075266428112,4.090270820038642,positive_outlier,False,Reported only; outlier policy does not trade residual outliers automatically.
PRSO,2026-05-08,0.38738855171513004,6.737725671174065,positive_outlier,False,Reported only; outlier policy does not trade residual outliers automatically.
PSIX,2026-05-08,-0.19039062604762796,-3.1425613270324395,negative_outlier,False,Reported only; outlier policy does not trade residual outliers automatically.
RPGL,2026-05-08,-0.3929906181878966,-6.607113434865882,negative_outlier,False,Reported only; outlier policy does not trade residual outliers automatically.
RUBI,2026-05-08,-0.1869626263703492,-3.083940971808803,negative_outlier,False,Reported only; outlier policy does not trade residual outliers automatically.
RXT,2026-05-08,-0.18307532390969503,-3.0174663298723843,negative_outlier,False,Reported only; outlier policy does not trade residual outliers automatically.
SHIM,2026-05-08,-0.18906530836508947,-3.1198977912539747,negative_outlier,False,Reported only; outlier policy does not trade residual outliers automatically.
SMX,2026-05-08,-0.2939993436933039,-4.914317571034289,negative_outlier,False,Reported only; outlier policy does not trade residual outliers automatically.
SWMR,2026-05-08,0.21862992171791465,3.85187626370152,positive_outlier,False,Reported only; outlier policy does not trade residual outliers automatically.
TOYO,2026-05-08,0.17752376333616257,3.148942240052423,positive_outlier,False,Reported only; outlier policy does not trade residual outliers automatically.
TUSK,2026-05-08,0.2189742926635077,3.8577651636606327,positive_outlier,False,Reported only; outlier policy does not trade residual outliers automatically.
VEEE,2026-05-08,0.3141283175827497,5.484942312683194,positive_outlier,False,Reported only; outlier policy does not trade residual outliers automatically.
VICR,2026-05-08,0.17933277643749806,3.1798771877151606,positive_outlier,False,Reported only; outlier policy does not trade residual outliers automatically.
WYFI,2026-05-08,0.2682388043003225,4.700210742407462,positive_outlier,False,Reported only; outlier policy does not trade residual outliers automatically.
XGN,2026-05-08,0.3633120018996182,6.3260057074588785,positive_outlier,False,Reported only; outlier policy does not trade residual outliers automatically.
YMAT,2026-05-08,0.37498313234182384,6.525587351797481,positive_outlier,False,Reported only; outlier policy does not trade residual outliers automatically.
AEHL,2026-05-11,0.43894909301291973,7.667885367229027,positive_outlier,False,Reported only; outlier policy does not trade residual outliers automatically.
AEVA,2026-05-11,0.25480101779575653,4.513787685177608,positive_outlier,False,Reported only; outlier policy does not trade residual outliers automatically.
ATYR,2026-05-11,-0.4493284658472969,-7.546578243727972,negative_outlier,False,Reported only; outlier policy does not trade residual outliers automatically.
BKYI,2026-05-11,-0.36270545452837566,-6.062894860716112,negative_outlier,False,Reported only; outlier policy does not trade residual outliers automatically.
BNZI,2026-05-11,-0.2638300232258634,-4.369351399480838,negative_outlier,False,Reported only; outlier policy does not trade residual outliers automatically.
BZFD,2026-05-11,0.8079819323088849,13.988698775957895,positive_outlier,False,Reported only; outlier policy does not trade residual outliers automatically.
CGTL,2026-05-11,-0.5267637986882382,-8.872894598294621,negative_outlier,False,Reported only; outlier policy does not trade residual outliers automatically.
CNCK,2026-05-11,0.18061844876778652,3.2431848361181683,positive_outlier,False,Reported only; outlier policy does not trade residual outliers automatically.
CREG,2026-05-11,0.41912214603972253,7.328288402033655,positive_outlier,False,Reported only; outlier policy does not trade residual outliers automatically.
CVRX,2026-05-11,-0.2351890009311142,-3.8787864998753494,negative_outlier,False,Reported only; outlier policy does not trade residual outliers automatically.
DBGI,2026-05-11,-0.1925023781977108,-3.147647835193383,negative_outlier,False,Reported only; outlier policy does not trade residual outliers automatically.
EIKN,2026-05-11,0.17120713502717713,3.0819873714185855,positive_outlier,False,Reported only; outlier policy does not trade residual outliers automatically.
ELPW,2026-05-11,-0.4351505131244148,-7.303737541935455,negative_outlier,False,Reported only; outlier policy does not trade residual outliers automatically.
ERNA,2026-05-11,0.6492483532601624,11.269901888448326,positive_outlier,False,Reported only; outlier policy does not trade residual outliers automatically.
EZGO,2026-05-11,-0.19329879453692364,-3.1612888951202747,negative_outlier,False,Reported only; outlier policy does not trade residual outliers automatically.
FABC,2026-05-11,0.24853435027146298,4.406451882241564,positive_outlier,False,Reported only; outlier policy does not trade residual outliers automatically.
GAUZ,2026-05-11,0.4808768054468002,8.38602537735657,positive_outlier,False,Reported only; outlier policy does not trade residual outliers automatically.
GTM,2026-05-11,-0.3161289243037361,-5.265129660909987,negative_outlier,False,Reported only; outlier policy does not trade residual outliers automatically.
GV,2026-05-11,0.3016307995161032,5.315890589598043,positive_outlier,False,Reported only; outlier policy does not trade residual outliers automatically.
HBIO,2026-05-11,-0.19315887471180615,-3.1588923411755445,negative_outlier,False,Reported only; outlier policy does not trade residual outliers automatically.
HROW,2026-05-11,-0.22378531857745546,-3.6834636433311863,negative_outlier,False,Reported only; outlier policy does not trade residual outliers automatically.
HTCO,2026-05-11,0.6011387457738939,10.445878062633719,positive_outlier,False,Reported only; outlier policy does not trade residual outliers automatically.
KALA,2026-05-11,-0.2281681133731666,-3.758532377499368,negative_outlier,False,Reported only; outlier policy does not trade residual outliers automatically.
LENZ,2026-05-11,-0.2147336556915218,-3.528426296926312,negative_outlier,False,Reported only; outlier policy does not trade residual outliers automatically.
MEHA,2026-05-11,-0.26975133383166977,-4.470771911394717,negative_outlier,False,Reported only; outlier policy does not trade residual outliers automatically.
MGNX,2026-05-11,0.1895418938247428,3.3960260609686994,positive_outlier,False,Reported only; outlier policy does not trade residual outliers automatically.
MVST,2026-05-11,-0.292722265242097,-4.864219203367486,negative_outlier,False,Reported only; outlier policy does not trade residual outliers automatically.
NCRA,2026-05-11,-0.2036040758945551,-3.337798283039001,negative_outlier,False,Reported only; outlier policy does not trade residual outliers automatically.
PLSE,2026-05-11,0.22538848123656502,4.010008249659772,positive_outlier,False,Reported only; outlier policy does not trade residual outliers automatically.
PLUT,2026-05-11,-0.23694717949426317,-3.9089006725275532,negative_outlier,False,Reported only; outlier policy does not trade residual outliers automatically.
PRSO,2026-05-11,-0.23516213589998547,-3.878326354243572,negative_outlier,False,Reported only; outlier policy does not trade residual outliers automatically.
PSIX,2026-05-11,-0.3778770677241196,-6.3227550300784285,negative_outlier,False,Reported only; outlier policy does not trade residual outliers automatically.
RIME,2026-05-11,0.261151134334875,4.6225528071218385,positive_outlier,False,Reported only; outlier policy does not trade residual outliers automatically.
RVYL,2026-05-11,0.1899753805197275,3.4034508433251753,positive_outlier,False,Reported only; outlier policy does not trade residual outliers automatically.
RXT,2026-05-11,0.335418906257737,5.894615015737254,positive_outlier,False,Reported only; outlier policy does not trade residual outliers automatically.
SIBN,2026-05-11,0.20247716100515495,3.617581981020212,positive_outlier,False,Reported only; outlier policy does not trade residual outliers automatically.
SMX,2026-05-11,-0.3588435164755332,-5.996747387568039,negative_outlier,False,Reported only; outlier policy does not trade residual outliers automatically.
SNBR,2026-05-11,-0.1888750009885235,-3.0855179322121464,negative_outlier,False,Reported only; outlier policy does not trade residual outliers automatically.
SOBR,2026-05-11,0.1815407173749516,3.2589815001487734,positive_outlier,False,Reported only; outlier policy does not trade residual outliers automatically.
STAK,2026-05-11,0.8013047799096596,13.874332167019602,positive_outlier,False,Reported only; outlier policy does not trade residual outliers automatically.
SUGP,2026-05-11,-0.2987292995421523,-4.967107995115454,negative_outlier,False,Reported only; outlier policy does not trade residual outliers automatically.
TANH,2026-05-11,0.1978715053033087,3.538696073815431,positive_outlier,False,Reported only; outlier policy does not trade residual outliers automatically.
TMCI,2026-05-11,0.18338029705543243,3.2904899153158125,positive_outlier,False,Reported only; outlier policy does not trade residual outliers automatically.
UBXG,2026-05-11,-0.29118640222541403,-4.837912862803484,negative_outlier,False,Reported only; outlier policy does not trade residual outliers automatically.
WOK,2026-05-11,0.6135741199457302,10.658871789581863,positive_outlier,False,Reported only; outlier policy does not trade residual outliers automatically.
YMAT,2026-05-11,-0.24113043918247956,-3.980551759135233,negative_outlier,False,Reported only; outlier policy does not trade residual outliers automatically.
AAOI,2026-05-12,0.17549555049489113,3.004928545771128,positive_outlier,False,Reported only; outlier policy does not trade residual outliers automatically.
AEHL,2026-05-12,0.6943268453445092,11.8104638031579,positive_outlier,False,Reported only; outlier policy does not trade residual outliers automatically.
ATOM,2026-05-12,0.17660656441730777,3.023784525282007,positive_outlier,False,Reported only; outlier policy does not trade residual outliers automatically.
ATYR,2026-05-12,-0.2722189247673826,-4.593621573120704,negative_outlier,False,Reported only; outlier policy does not trade residual outliers automatically.
BRCB,2026-05-12,-0.2917758071449803,-4.925538361891931,negative_outlier,False,Reported only; outlier policy does not trade residual outliers automatically.
BTM,2026-05-12,-0.4182107873272755,-7.071375914125348,negative_outlier,False,Reported only; outlier policy does not trade residual outliers automatically.
DMRC,2026-05-12,0.18103117920610293,3.0988784949593438,positive_outlier,False,Reported only; outlier policy does not trade residual outliers automatically.
EXFY,2026-05-12,0.18751117906207157,3.2088561847518067,positive_outlier,False,Reported only; outlier policy does not trade residual outliers automatically.
EYE,2026-05-12,-0.1835356125498046,-3.0885002741056464,negative_outlier,False,Reported only; outlier policy does not trade residual outliers automatically.
FAMI,2026-05-12,0.2435034545693182,4.159149586508309,positive_outlier,False,Reported only; outlier policy does not trade residual outliers automatically.
FCHL,2026-05-12,0.5305462614758945,9.030801666261379,positive_outlier,False,Reported only; outlier policy does not trade residual outliers automatically.
FEAM,2026-05-12,0.3091488663035324,5.273274723618318,positive_outlier,False,Reported only; outlier policy does not trade residual outliers automatically.
FNGR,2026-05-12,0.3212060381743569,5.477907429985212,positive_outlier,False,Reported only; outlier policy does not trade residual outliers automatically.
GILT,2026-05-12,-0.22488994920082936,-3.790360537820054,negative_outlier,False,Reported only; outlier policy does not trade residual outliers automatically.
GUTS,2026-05-12,0.2743215708854278,4.682190529646493,positive_outlier,False,Reported only; outlier policy does not trade residual outliers automatically.
HLP,2026-05-12,0.2409850666466763,4.116407843932761,positive_outlier,False,Reported only; outlier policy does not trade residual outliers automatically.
HTCO,2026-05-12,-0.3402362615702602,-5.748002704861973,negative_outlier,False,Reported only; outlier policy does not trade residual outliers automatically.
HUMA,2026-05-12,0.19671648190666377,3.3650873519108226,positive_outlier,False,Reported only; outlier policy does not trade residual outliers automatically.
IDN,2026-05-12,-0.3730571093294499,-6.30503373785823,negative_outlier,False,Reported only; outlier policy does not trade residual outliers automatically.
INBS,2026-05-12,0.246109937139469,4.203386459644265,positive_outlier,False,Reported only; outlier policy does not trade residual outliers automatically.
JDZG,2026-05-12,-0.2179589679735366,-3.672728852586221,negative_outlier,False,Reported only; outlier policy does not trade residual outliers automatically.
JXG,2026-05-12,0.19675702344029547,3.3657754173905388,positive_outlier,False,Reported only; outlier policy does not trade residual outliers automatically.
JYD,2026-05-12,0.1819295341947792,3.114125255524801,positive_outlier,False,Reported only; outlier policy does not trade residual outliers automatically.
LGCB,2026-05-12,-0.40676820063044405,-6.877173865029873,negative_outlier,False,Reported only; outlier policy does not trade residual outliers automatically.
LMRI,2026-05-12,-0.23334389579772843,-3.933839787360382,negative_outlier,False,Reported only; outlier policy does not trade residual outliers automatically.
LTRN,2026-05-12,0.21168817950441404,3.619184998619151,positive_outlier,False,Reported only; outlier policy does not trade residual outliers automatically.
MBAI,2026-05-12,0.18694589668106473,3.1992622878806127,positive_outlier,False,Reported only; outlier policy does not trade residual outliers automatically.
MGIH,2026-05-12,0.18585326809684036,3.1807183418674776,positive_outlier,False,Reported only; outlier policy does not trade residual outliers automatically.
MOVE,2026-05-12,0.25458731558520586,4.347263391385215,positive_outlier,False,Reported only; outlier policy does not trade residual outliers automatically.
MTVA,2026-05-12,0.24221321919073274,4.137251884443603,positive_outlier,False,Reported only; outlier policy does not trade residual outliers automatically.
MXCT,2026-05-12,0.24745121169035836,4.22615039170645,positive_outlier,False,Reported only; outlier policy does not trade residual outliers automatically.
NEPH,2026-05-12,0.186536648421542,3.1923165812240852,positive_outlier,False,Reported only; outlier policy does not trade residual outliers automatically.
NOTV,2026-05-12,0.26063721545921686,4.449941481880324,positive_outlier,False,Reported only; outlier policy does not trade residual outliers automatically.
OCG,2026-05-12,0.282377739780369,4.818918749297215,positive_outlier,False,Reported only; outlier policy does not trade residual outliers automatically.
ONEG,2026-05-12,-0.17880941464727979,-3.0082878762083065,negative_outlier,False,Reported only; outlier policy does not trade residual outliers automatically.
OPRX,2026-05-12,-0.212632589520356,-3.5823302707557607,negative_outlier,False,Reported only; outlier policy does not trade residual outliers automatically.
OUST,2026-05-12,0.26134576706950446,4.4619669249251075,positive_outlier,False,Reported only; outlier policy does not trade residual outliers automatically.
PDSB,2026-05-12,0.1784705410021202,3.0554196862667866,positive_outlier,False,Reported only; outlier policy does not trade residual outliers automatically.
PLUT,2026-05-12,0.2481315450914168,4.237696919083011,positive_outlier,False,Reported only; outlier policy does not trade residual outliers automatically.
PMAX,2026-05-12,0.31013376581394386,5.289990306217137,positive_outlier,False,Reported only; outlier policy does not trade residual outliers automatically.
PSIX,2026-05-12,0.18639822674125703,3.189967307002897,positive_outlier,False,Reported only; outlier policy does not trade residual outliers automatically.
REPL,2026-05-12,0.2719771129006737,4.642400702685115,positive_outlier,False,Reported only; outlier policy does not trade residual outliers automatically.
RVPH,2026-05-12,-0.5597867632234917,-9.474184418023347,negative_outlier,False,Reported only; outlier policy does not trade residual outliers automatically.
SBFM,2026-05-12,-0.3618916126788438,-6.115534423921042,negative_outlier,False,Reported only; outlier policy does not trade residual outliers automatically.
SLNH,2026-05-12,0.18753019200847743,3.209178869932106,positive_outlier,False,Reported only; outlier policy does not trade residual outliers automatically.
SLS,2026-05-12,0.2351800875775553,4.017886516539908,positive_outlier,False,Reported only; outlier policy does not trade residual outliers automatically.
SNGX,2026-05-12,0.1910632269221056,3.2691410653631827,positive_outlier,False,Reported only; outlier policy does not trade residual outliers automatically.
SNWV,2026-05-12,0.1931930531828448,3.3052881914467838,positive_outlier,False,Reported only; outlier policy does not trade residual outliers automatically.
SOPA,2026-05-12,-0.2603242064478765,-4.3917460066719745,negative_outlier,False,Reported only; outlier policy does not trade residual outliers automatically.
STIM,2026-05-12,0.18947752811196758,3.242228797504873,positive_outlier,False,Reported only; outlier policy does not trade residual outliers automatically.
TLSI,2026-05-12,-0.4042003556858344,-6.833592744500479,negative_outlier,False,Reported only; outlier policy does not trade residual outliers automatically.
TSEM,2026-05-12,0.21362086594071863,3.6519862940022407,positive_outlier,False,Reported only; outlier policy does not trade residual outliers automatically.
UBXG,2026-05-12,-0.2641783434170791,-4.457157903190182,negative_outlier,False,Reported only; outlier policy does not trade residual outliers automatically.
VELO,2026-05-12,0.475466502410872,8.095995371363532,positive_outlier,False,Reported only; outlier policy does not trade residual outliers automatically.
VIVO,2026-05-12,0.34901887136819404,5.949943110421828,positive_outlier,False,Reported only; outlier policy does not trade residual outliers automatically.
WGRX,2026-05-12,0.2159839014284706,3.6920914158567104,positive_outlier,False,Reported only; outlier policy does not trade residual outliers automatically.
WHWK,2026-05-12,0.2578956191499656,4.403411476457982,positive_outlier,False,Reported only; outlier policy does not trade residual outliers automatically.
WIX,2026-05-12,-0.27127490662466597,-4.5775998236198125,negative_outlier,False,Reported only; outlier policy does not trade residual outliers automatically.
WOK,2026-05-12,-0.5897423527068212,-9.98258667126005,negative_outlier,False,Reported only; outlier policy does not trade residual outliers automatically.
XXII,2026-05-12,0.20891861394236733,3.5721803027838406,positive_outlier,False,Reported only; outlier policy does not trade residual outliers automatically.
YIBO,2026-05-12,-0.18193691056818145,-3.0613673181621985,negative_outlier,False,Reported only; outlier policy does not trade residual outliers automatically.
YMAT,2026-05-12,0.6114636152060491,10.404120157798856,positive_outlier,False,Reported only; outlier policy does not trade residual outliers automatically.
YOOV,2026-05-12,-0.3140251488285117,-5.303151209445329,negative_outlier,False,Reported only; outlier policy does not trade residual outliers automatically.
ADTX,2026-05-13,-0.18972622233737746,-3.0459716215376194,negative_outlier,False,Reported only; outlier policy does not trade residual outliers automatically.
AEHL,2026-05-13,0.3572153807054156,5.505148678850045,positive_outlier,False,Reported only; outlier policy does not trade residual outliers automatically.
ALP,2026-05-13,0.23675096482638527,3.6217561806989718,positive_outlier,False,Reported only; outlier policy does not trade residual outliers automatically.
ATYR,2026-05-13,0.42516514057295995,6.567504454635424,positive_outlier,False,Reported only; outlier policy does not trade residual outliers automatically.
BNZI,2026-05-13,0.2827663514329344,4.34118052939066,positive_outlier,False,Reported only; outlier policy does not trade residual outliers automatically.
CAST,2026-05-13,0.28120927443225346,4.316836517752643,positive_outlier,False,Reported only; outlier policy does not trade residual outliers automatically.
CD,2026-05-13,0.23422496698723827,3.58226364387073,positive_outlier,False,Reported only; outlier policy does not trade residual outliers automatically.
CHR,2026-05-13,0.2523252784237458,3.86525169909817,positive_outlier,False,Reported only; outlier policy does not trade residual outliers automatically.
DERM,2026-05-13,0.21387718122281216,3.26413760820233,positive_outlier,False,Reported only; outlier policy does not trade residual outliers automatically.
DGNX,2026-05-13,-0.22159520450029083,-3.5442249977845512,negative_outlier,False,Reported only; outlier policy does not trade residual outliers automatically.
ELPW,2026-05-13,-0.2617277720490279,-4.171674822708244,negative_outlier,False,Reported only; outlier policy does not trade residual outliers automatically.
ERNA,2026-05-13,-0.19501700339581968,-3.1286899685458867,negative_outlier,False,Reported only; outlier policy does not trade residual outliers automatically.
EZRA,2026-05-13,-0.26498348518641757,-4.222576042411572,negative_outlier,False,Reported only; outlier policy does not trade residual outliers automatically.
FCHL,2026-05-13,0.3447256423663877,5.3098787369344445,positive_outlier,False,Reported only; outlier policy does not trade residual outliers automatically.
FENC,2026-05-13,0.35365715914597373,5.4495179123460025,positive_outlier,False,Reported only; outlier policy does not trade residual outliers automatically.
FRGT,2026-05-13,-0.3605417990947976,-5.716575828470693,negative_outlier,False,Reported only; outlier policy does not trade residual outliers automatically.
FRMI,2026-05-13,0.22777711764641634,3.481455193598517,positive_outlier,False,Reported only; outlier policy does not trade residual outliers automatically.
GTBP,2026-05-13,0.39207729438653427,6.0501948339249445,positive_outlier,False,Reported only; outlier policy does not trade residual outliers automatically.
HAO,2026-05-13,-0.20648397959666148,-3.3079696072304734,negative_outlier,False,Reported only; outlier policy does not trade residual outliers automatically.
HCAI,2026-05-13,-0.2641485580727687,-4.209522432755354,negative_outlier,False,Reported only; outlier policy does not trade residual outliers automatically.
HIT,2026-05-13,-0.2101723077840796,-3.365634516724395,negative_outlier,False,Reported only; outlier policy does not trade residual outliers automatically.
HKIT,2026-05-13,0.22992109340533992,3.514975032889726,positive_outlier,False,Reported only; outlier policy does not trade residual outliers automatically.
IMDX,2026-05-13,0.2566397184851598,3.932705510965315,positive_outlier,False,Reported only; outlier policy does not trade residual outliers automatically.
IPST,2026-05-13,0.3942592260946166,6.08430809285285,positive_outlier,False,Reported only; outlier policy does not trade residual outliers automatically.
IPWR,2026-05-13,0.3770350535256493,5.815017969570067,positive_outlier,False,Reported only; outlier policy does not trade residual outliers automatically.
IVVD,2026-05-13,-0.2171013176817558,-3.4739656381237856,negative_outlier,False,Reported only; outlier policy does not trade residual outliers automatically.
JLHL,2026-05-13,0.2446260225466569,3.7448782207191575,positive_outlier,False,Reported only; outlier policy does not trade residual outliers automatically.
LABT,2026-05-13,-0.3175858021152652,-5.044983293268482,negative_outlier,False,Reported only; outlier policy does not trade residual outliers automatically.
LBGJ,2026-05-13,0.2127158078675829,3.2459801975775378,positive_outlier,False,Reported only; outlier policy does not trade residual outliers automatically.
LGCB,2026-05-13,0.22053104896643463,3.368167038807069,positive_outlier,False,Reported only; outlier policy does not trade residual outliers automatically.
LGHL,2026-05-13,0.23878094027409805,3.653493690085083,positive_outlier,False,Reported only; outlier policy does not trade residual outliers automatically.
LIVE,2026-05-13,-0.2514741308917874,-4.011364986036869,negative_outlier,False,Reported only; outlier policy does not trade residual outliers automatically.
LOBO,2026-05-13,0.22088928895053306,3.3737679168229158,positive_outlier,False,Reported only; outlier policy does not trade residual outliers automatically.
LTRN,2026-05-13,0.24373714480337025,3.7309811237111856,positive_outlier,False,Reported only; outlier policy does not trade residual outliers automatically.
MDXH,2026-05-13,-0.48691927141773067,-7.692415594691147,negative_outlier,False,Reported only; outlier policy does not trade residual outliers automatically.
MGNX,2026-05-13,0.20675981319545408,3.1528616147772883,positive_outlier,False,Reported only; outlier policy does not trade residual outliers automatically.
MOBX,2026-05-13,0.7425668839525901,11.529899847658093,positive_outlier,False,Reported only; outlier policy does not trade residual outliers automatically.
MSGY,2026-05-13,0.22053639358468308,3.368250598867865,positive_outlier,False,Reported only; outlier policy does not trade residual outliers automatically.
MVIS,2026-05-13,-0.21827832230776623,-3.49236743476009,negative_outlier,False,Reported only; outlier policy does not trade residual outliers automatically.
OFAL,2026-05-13,-0.2054319265083035,-3.291521356684355,negative_outlier,False,Reported only; outlier policy does not trade residual outliers automatically.
ONDS,2026-05-13,0.2538948029811131,3.8897903211919993,positive_outlier,False,Reported only; outlier policy does not trade residual outliers automatically.
ONEG,2026-05-13,0.3045333444712203,4.681495062080397,positive_outlier,False,Reported only; outlier policy does not trade residual outliers automatically.
ORIS,2026-05-13,0.2753095374169237,4.224597491359202,positive_outlier,False,Reported only; outlier policy does not trade residual outliers automatically.
PCT,2026-05-13,0.20436469667810056,3.1154153328353145,positive_outlier,False,Reported only; outlier policy does not trade residual outliers automatically.
POET,2026-05-13,0.4387922561743829,6.780556641938023,positive_outlier,False,Reported only; outlier policy does not trade residual outliers automatically.
PPCB,2026-05-13,-0.22593394111344092,-3.6120586723932098,negative_outlier,False,Reported only; outlier policy does not trade residual outliers automatically.
QCLS,2026-05-13,0.22424866199563193,3.426289800114856,positive_outlier,False,Reported only; outlier policy does not trade residual outliers automatically.
QNTM,2026-05-13,0.2511720770951594,3.84722205345328,positive_outlier,False,Reported only; outlier policy does not trade residual outliers automatically.
RGNX,2026-05-13,-0.3740802858279075,-5.928242353920517,negative_outlier,False,Reported only; outlier policy does not trade residual outliers automatically.
RXT,2026-05-13,0.30388403491803884,4.671343477211817,positive_outlier,False,Reported only; outlier policy does not trade residual outliers automatically.
SBFM,2026-05-13,-0.28891944078800547,-4.596801068840768,negative_outlier,False,Reported only; outlier policy does not trade residual outliers automatically.
STAK,2026-05-13,-0.541832269358552,-8.550949026477218,negative_outlier,False,Reported only; outlier policy does not trade residual outliers automatically.
TBH,2026-05-13,0.3295787253935786,5.073065321217117,positive_outlier,False,Reported only; outlier policy does not trade residual outliers automatically.
TDIC,2026-05-13,-0.8301663760480409,-13.058888483431861,negative_outlier,False,Reported only; outlier policy does not trade residual outliers automatically.
TVGN,2026-05-13,0.36151262180964927,5.5723335948221395,positive_outlier,False,Reported only; outlier policy does not trade residual outliers automatically.
USIO,2026-05-13,0.22604343350778047,3.454350029994443,positive_outlier,False,Reported only; outlier policy does not trade residual outliers automatically.
VSTD,2026-05-13,0.20599819886679022,3.1409542087385596,positive_outlier,False,Reported only; outlier policy does not trade residual outliers automatically.
VTVT,2026-05-13,0.22126935822172136,3.379710083303453,positive_outlier,False,Reported only; outlier policy does not trade residual outliers automatically.
WOK,2026-05-13,-0.35812062374691556,-5.678722131562483,negative_outlier,False,Reported only; outlier policy does not trade residual outliers automatically.
WTF,2026-05-13,-0.1936591976852935,-3.1074614499788793,negative_outlier,False,Reported only; outlier policy does not trade residual outliers automatically.
YOOV,2026-05-13,0.7333599663177002,11.385954936805254,positive_outlier,False,Reported only; outlier policy does not trade residual outliers automatically.
YYAI,2026-05-13,-0.37536368368365913,-5.948307548077878,negative_outlier,False,Reported only; outlier policy does not trade residual outliers automatically.
