signal_date,ticker,target_weight,current_weight,order_weight_delta,alpha_score,trading_cost_bps,net_alpha_after_cost_bps,min_net_alpha_after_cost_bps,passes_cost_threshold,alpha_rank,quantile_bucket,price_flag,reason_text
2026-05-14,AABA,0.0,0.0,0.0,0.0,3.0,-3.0,5.0,False,1989.0,2.0,False,
2026-05-14,AACB,0.0,0.0,0.0,0.0,3.0,-3.0,5.0,False,1990.0,2.0,False,
2026-05-14,AACI,0.0,0.0,0.0,0.0005106678164739157,3.0,2.106678164739157,5.0,False,1699.0,3.0,True,
2026-05-14,AACO,0.0,0.0,0.0,0.0,3.0,-3.0,5.0,False,1991.0,2.0,False,
2026-05-14,AACQ,0.0,0.0,0.0,0.0,3.0,-3.0,5.0,False,1992.0,2.0,False,
2026-05-14,AADI,0.0,0.0,0.0,0.0,3.0,-3.0,5.0,False,1993.0,2.0,False,
2026-05-14,AAGR,0.0,0.0,0.0,0.0,3.0,-3.0,5.0,False,1994.0,2.0,False,
2026-05-14,AAIT,0.0,0.0,0.0,0.0,3.0,-3.0,5.0,False,1995.0,2.0,False,
2026-05-14,AAL,0.0,0.0,0.0,0.002628200128970702,3.0,23.28200128970702,5.0,True,598.0,5.0,True,
2026-05-14,AAME,0.0,0.0,0.0,0.004080136135654411,3.0,37.80136135654411,5.0,True,290.0,5.0,False,
2026-05-14,AAOI,0.00078125,0.0,0.00078125,0.011399985601832866,3.0,110.99985601832866,5.0,True,4.0,5.0,True,"BUY because predicted alpha is in the top decile. Net alpha after estimated 3.0 bps trading cost is 111.00 bps versus threshold 5.00 bps. Main contributors were mom_252, intraday_return, mom_5. Price filter passed; liquidity filter passed."
2026-05-14,AAON,0.003676060267857143,0.004464285714285714,-0.0007882254464285712,0.002389934390294732,3.0,20.899343902947322,5.0,True,687.0,5.0,True,"SELL because predicted alpha is in the top decile. Net alpha after estimated 3.0 bps trading cost is 20.90 bps versus threshold 5.00 bps. Main contributors were mom_21, close_to_low_20, mom_5. Price filter passed; liquidity filter passed."
2026-05-14,AAPC,0.0,0.0,0.0,0.0,3.0,-3.0,5.0,False,1996.0,2.0,False,
2026-05-14,AAPL,0.0,0.0,0.0,0.002318199772031014,3.0,20.181997720310143,5.0,True,722.0,5.0,True,
2026-05-14,AARD,0.0,0.0,0.0,0.0015780585820038137,3.0,12.780585820038137,5.0,True,1023.0,4.0,True,
2026-05-14,AATC,0.0,0.0,0.0,0.0,3.0,-3.0,5.0,False,1997.0,2.0,False,
2026-05-14,AAVL,0.0,0.0,0.0,0.0,3.0,-3.0,5.0,False,1998.0,2.0,False,
2026-05-14,AAWW,0.0,0.0,0.0,0.0,3.0,-3.0,5.0,False,1999.0,2.0,False,
2026-05-14,ABAC,0.0,0.0,0.0,0.0,3.0,-3.0,5.0,False,2000.0,2.0,False,
2026-05-14,ABAT,0.0,0.0,0.0,0.003843077506052694,3.0,35.43077506052694,5.0,True,325.0,5.0,False,
2026-05-14,ABAX,0.0,0.0,0.0,0.0,3.0,-3.0,5.0,False,2001.0,2.0,False,
2026-05-14,ABCD,0.0,0.0,0.0,0.0,3.0,-3.0,5.0,False,2002.0,2.0,False,
2026-05-14,ABCL,0.0,0.0,0.0,0.005330343598946149,3.0,50.30343598946149,5.0,True,156.0,5.0,False,
2026-05-14,ABCO,0.0,0.0,0.0,0.0,3.0,-3.0,5.0,False,2003.0,2.0,False,
2026-05-14,ABCW,0.0,0.0,0.0,0.0,3.0,-3.0,5.0,False,2004.0,2.0,False,
2026-05-14,ABDC,0.0,0.0,0.0,0.0,3.0,-3.0,5.0,False,2005.0,2.0,False,
2026-05-14,ABEO,0.0,0.0,0.0,0.0011488568373273012,3.0,8.488568373273012,5.0,True,1275.0,4.0,True,
2026-05-14,ABEO.W,0.0,0.0,0.0,0.0,3.0,-3.0,5.0,False,2006.0,2.0,False,
2026-05-14,ABFS,0.0,0.0,0.0,0.0,3.0,-3.0,5.0,False,2007.0,2.0,False,
2026-05-14,ABGB,0.0,0.0,0.0,0.0,3.0,-3.0,5.0,False,2008.0,2.0,False,
2026-05-14,ABGI,0.0,0.0,0.0,0.0,3.0,-3.0,5.0,False,2009.0,2.0,False,
2026-05-14,ABIL,0.0,0.0,0.0,0.0,3.0,-3.0,5.0,False,2010.0,2.0,False,
2026-05-14,ABIL.W,0.0,0.0,0.0,0.0,3.0,-3.0,5.0,False,2011.0,2.0,False,
2026-05-14,ABIO,0.0,0.0,0.0,0.0,3.0,-3.0,5.0,False,2012.0,2.0,False,
2026-05-14,ABL,0.0,0.0,0.0,0.0,3.0,-3.0,5.0,False,2013.0,2.0,False,
2026-05-14,ABLLL,0.0,0.0,0.0,0.0,3.0,-3.0,5.0,False,2014.0,2.0,False,
2026-05-14,ABLV,0.0,0.0,0.0,0.001129522762765049,3.0,8.29522762765049,5.0,True,1285.0,4.0,False,
2026-05-14,ABMD,0.0,0.0,0.0,0.0,3.0,-3.0,5.0,False,2015.0,2.0,False,
2026-05-14,ABNB,0.0,0.0,0.0,0.0011457294679268401,3.0,8.4572946792684,5.0,True,1277.0,4.0,True,
2026-05-14,ABOS,0.0,0.0,0.0,-0.0029937695916202587,3.0,-32.937695916202586,5.0,False,7177.0,1.0,False,
2026-05-14,ABP,0.0,0.0,0.0,0.0,3.0,-3.0,5.0,False,2016.0,2.0,False,
2026-05-14,ABSI,0.004457310267857143,0.004464285714285714,-6.975446428571404e-06,0.0051198267682910515,3.0,48.19826768291051,5.0,True,176.0,5.0,True,"SELL because predicted alpha is in the top decile. Net alpha after estimated 3.0 bps trading cost is 48.20 bps versus threshold 5.00 bps. Main contributors were mom_21, hl_range_20, intraday_return. Price filter passed; liquidity filter passed."
2026-05-14,ABST,0.0,0.0,0.0,0.0,3.0,-3.0,5.0,False,2017.0,2.0,False,
2026-05-14,ABTC,0.0,0.0,0.0,-0.00031321394690878306,3.0,-6.13213946908783,5.0,False,6542.0,2.0,False,
2026-05-14,ABTL,0.0,0.0,0.0,0.0,3.0,-3.0,5.0,False,2018.0,2.0,False,
2026-05-14,ABTS,0.0,0.0,0.0,-0.005282361377465139,3.0,-55.82361377465139,5.0,False,7346.0,1.0,False,
2026-05-14,ABTX,0.0,0.0,0.0,0.0,3.0,-3.0,5.0,False,2019.0,2.0,False,
2026-05-14,ABUS,0.0,0.0,0.0,0.0028647908109643815,3.0,25.647908109643815,5.0,True,534.0,5.0,False,
2026-05-14,ABVC,0.0,0.0,0.0,-0.0007125923935480103,3.0,-10.125923935480103,5.0,False,6701.0,2.0,False,
2026-05-14,ABVE,0.0,0.0,0.0,-0.013709714299079297,3.0,-140.09714299079297,5.0,False,7510.0,1.0,False,
2026-05-14,ABY,0.0,0.0,0.0,0.0,3.0,-3.0,5.0,False,2020.0,2.0,False,
2026-05-14,ACAA,0.0,0.0,0.0,-0.0020904491928159553,3.0,-23.904491928159555,5.0,False,7039.0,1.0,True,
2026-05-14,ACAB,0.0,0.0,0.0,0.0,3.0,-3.0,5.0,False,2021.0,2.0,False,
2026-05-14,ACAC,0.0,0.0,0.0,0.0,3.0,-3.0,5.0,False,2022.0,2.0,False,
2026-05-14,ACAD,0.0,0.0,0.0,0.0006939066704449549,3.0,3.939066704449549,5.0,False,1578.0,3.0,True,
2026-05-14,ACAH,0.0,0.0,0.0,0.0,3.0,-3.0,5.0,False,2023.0,2.0,False,
2026-05-14,ACAM,0.0,0.0,0.0,0.0,3.0,-3.0,5.0,False,2024.0,2.0,False,
2026-05-14,ACAS,0.0,0.0,0.0,0.0,3.0,-3.0,5.0,False,2025.0,2.0,False,
2026-05-14,ACAT,0.0,0.0,0.0,0.0,3.0,-3.0,5.0,False,2026.0,2.0,False,
2026-05-14,ACAX,0.0,0.0,0.0,0.0,3.0,-3.0,5.0,False,2027.0,2.0,False,
2026-05-14,ACB,0.0,0.0,0.0,0.000848793760932851,3.0,5.48793760932851,5.0,True,1473.0,4.0,False,
2026-05-14,ACBA,0.0,0.0,0.0,0.0,3.0,-3.0,5.0,False,2028.0,2.0,False,
2026-05-14,ACBI,0.0,0.0,0.0,0.0,3.0,-3.0,5.0,False,2029.0,2.0,False,
2026-05-14,ACCD,0.0,0.0,0.0,0.0,3.0,-3.0,5.0,False,2030.0,2.0,False,
2026-05-14,ACCL,0.0,0.0,0.0,0.0026624396478818688,3.0,23.62439647881869,5.0,True,587.0,5.0,False,
2026-05-14,ACCP,0.0,0.0,0.0,0.0,3.0,-3.0,5.0,False,2031.0,2.0,False,
2026-05-14,ACDC,0.0,0.0,0.0,0.003392620535182165,3.0,30.92620535182165,5.0,True,411.0,5.0,True,
2026-05-14,ACER,0.0,0.0,0.0,0.0,3.0,-3.0,5.0,False,2032.0,2.0,False,
2026-05-14,ACET,0.0,0.0,0.0,-0.0018074354928208733,3.0,-21.074354928208734,5.0,False,6973.0,1.0,True,
2026-05-14,ACEV,0.0,0.0,0.0,0.0,3.0,-3.0,5.0,False,2033.0,2.0,False,
2026-05-14,ACFC,0.0,0.0,0.0,0.0,3.0,-3.0,5.0,False,2034.0,2.0,False,
2026-05-14,ACFN,0.0,0.0,0.0,0.0002020348413306137,3.0,-0.9796515866938629,5.0,False,1878.0,3.0,True,
2026-05-14,ACGL,0.0,0.0,0.0,-0.0012701759438771575,3.0,-15.701759438771575,5.0,False,6864.0,1.0,True,
2026-05-14,ACGL.P,0.0,0.0,0.0,0.0,3.0,-3.0,5.0,False,2035.0,2.0,False,
2026-05-14,ACGLN,0.0,0.0,0.0,8.608722690977518e-05,3.0,-2.1391277309022483,5.0,False,1947.0,3.0,True,
2026-05-14,ACGN,0.0,0.0,0.0,0.0,3.0,-3.0,5.0,False,2036.0,2.0,False,
2026-05-14,ACHC,0.0,0.0,0.0,0.003709175027344869,3.0,34.09175027344869,5.0,True,351.0,5.0,True,
2026-05-14,ACHN,0.0,0.0,0.0,0.0,3.0,-3.0,5.0,False,2037.0,2.0,False,
2026-05-14,ACHV,0.004457310267857143,0.004464285714285714,-6.975446428571404e-06,0.007295697511731462,3.0,69.95697511731463,5.0,True,58.0,5.0,True,"SELL because predicted alpha is in the top decile. Net alpha after estimated 3.0 bps trading cost is 69.96 bps versus threshold 5.00 bps. Main contributors were mom_5, mom_21, intraday_return. Price filter passed; liquidity filter passed."
2026-05-14,ACIA,0.0,0.0,0.0,0.0,3.0,-3.0,5.0,False,2038.0,2.0,False,
2026-05-14,ACIC,0.0,0.0,0.0,0.0017336286077711284,3.0,14.336286077711286,5.0,True,948.0,4.0,True,
2026-05-14,ACIU,0.0,0.0,0.0,0.002256831387901779,3.0,19.568313879017794,5.0,True,754.0,5.0,False,
2026-05-14,ACIW,0.0,0.0,0.0,0.0008219289579428476,3.0,5.219289579428477,5.0,True,1490.0,4.0,True,
2026-05-14,ACKIT,0.0,0.0,0.0,0.0,3.0,-3.0,5.0,False,2039.0,2.0,False,
2026-05-14,ACLL,0.0,0.0,0.0,0.0,3.0,-3.0,5.0,False,2040.0,2.0,False,
2026-05-14,ACLS,0.004457310267857143,0.004464285714285714,-6.975446428571404e-06,0.005332631389673796,3.0,50.32631389673796,5.0,True,155.0,5.0,True,"SELL because predicted alpha is in the top decile. Net alpha after estimated 3.0 bps trading cost is 50.33 bps versus threshold 5.00 bps. Main contributors were parkinson_vol_20, mom_21, mom_63. Price filter passed; liquidity filter passed."
2026-05-14,ACLX,0.0,0.0,0.0,0.0,3.0,-3.0,5.0,False,2041.0,2.0,False,
2026-05-14,ACMR,0.0,0.0,0.0,0.0026038846029631715,3.0,23.038846029631713,5.0,True,606.0,5.0,True,
2026-05-14,ACNB,0.0,0.0,0.0,0.0009711520285177074,3.0,6.711520285177073,5.0,True,1394.0,4.0,True,
2026-05-14,ACNT,0.0,0.0,0.0,0.0018827471095555696,3.0,15.827471095555698,5.0,True,872.0,4.0,True,
2026-05-14,ACOG,0.0,0.0,0.0,0.002765930252379747,3.0,24.65930252379747,5.0,True,558.0,5.0,True,
2026-05-14,ACON,0.0,0.0,0.0,0.004296316162405618,3.0,39.963161624056184,5.0,True,257.0,5.0,False,
2026-05-14,ACOR,0.0,0.0,0.0,0.0,3.0,-3.0,5.0,False,2042.0,2.0,False,
2026-05-14,ACPW,0.0,0.0,0.0,0.0,3.0,-3.0,5.0,False,2043.0,2.0,False,
2026-05-14,ACQR,0.0,0.0,0.0,0.0,3.0,-3.0,5.0,False,2044.0,2.0,False,
2026-05-14,ACRS,0.0,0.0,0.0,0.006206261668439321,3.0,59.062616684393205,5.0,True,98.0,5.0,False,
2026-05-14,ACRV,0.0,0.0,0.0,0.0003289515273928138,3.0,0.2895152739281377,5.0,False,1806.0,3.0,False,
2026-05-14,ACRX,0.0,0.0,0.0,0.0,3.0,-3.0,5.0,False,2045.0,2.0,False,
2026-05-14,ACSF,0.0,0.0,0.0,0.0,3.0,-3.0,5.0,False,2046.0,2.0,False,
2026-05-14,ACST,0.0,0.0,0.0,0.0,3.0,-3.0,5.0,False,2047.0,2.0,False,
2026-05-14,ACT,0.0,0.0,0.0,0.00014586655795103284,3.0,-1.5413344204896715,5.0,False,1911.0,3.0,True,
2026-05-14,ACTA,0.0,0.0,0.0,0.0,3.0,-3.0,5.0,False,2048.0,2.0,False,
2026-05-14,ACTC,0.0,0.0,0.0,0.0,3.0,-3.0,5.0,False,2049.0,2.0,False,
2026-05-14,ACTD,0.0,0.0,0.0,0.0,3.0,-3.0,5.0,False,2050.0,2.0,False,
2026-05-14,ACTG,0.0,0.0,0.0,0.0013876425150460235,3.0,10.876425150460236,5.0,True,1141.0,4.0,False,
2026-05-14,ACTT,0.0,0.0,0.0,0.0,3.0,-3.0,5.0,False,2051.0,2.0,False,
2026-05-14,ACTU,0.0,0.0,0.0,-0.0019304792320315037,3.0,-22.304792320315038,5.0,False,7002.0,1.0,False,
2026-05-14,ACUR,0.0,0.0,0.0,0.0,3.0,-3.0,5.0,False,2052.0,2.0,False,
2026-05-14,ACXM,0.0,0.0,0.0,0.0,3.0,-3.0,5.0,False,2053.0,2.0,False,
2026-05-14,ACXP,0.0,0.0,0.0,-0.0033701343920477848,3.0,-36.701343920477846,5.0,False,7212.0,1.0,False,
2026-05-14,ADAC,0.0,0.0,0.0,0.0,3.0,-3.0,5.0,False,2054.0,2.0,False,
2026-05-14,ADAL,0.0,0.0,0.0,0.0,3.0,-3.0,5.0,False,2055.0,2.0,False,
2026-05-14,ADAM,0.0,0.0,0.0,0.0016144656917338326,3.0,13.144656917338327,5.0,True,1002.0,4.0,True,
2026-05-14,ADAMG,0.0,0.0,0.0,0.0011875569272897,3.0,8.875569272897001,5.0,True,1252.0,4.0,True,
2026-05-14,ADAMH,0.0,0.0,0.0,0.0013537103315133126,3.0,10.537103315133127,5.0,True,1162.0,4.0,True,
2026-05-14,ADAMI,0.0,0.0,0.0,0.0011776034134387643,3.0,8.776034134387643,5.0,True,1258.0,4.0,True,
2026-05-14,ADAML,0.0,0.0,0.0,0.0008578401009846242,3.0,5.578401009846242,5.0,True,1470.0,4.0,True,
2026-05-14,ADAMO,0.0,0.0,0.0,0.001031202820682843,3.0,7.31202820682843,5.0,True,1349.0,4.0,True,
2026-05-14,ADAMZ,0.0,0.0,0.0,0.00043184961323473967,3.0,1.3184961323473967,5.0,False,1756.0,3.0,True,
2026-05-14,ADAT,0.0,0.0,0.0,0.0,3.0,-3.0,5.0,False,2056.0,2.0,False,
2026-05-14,ADBE,0.0,0.0,0.0,-0.00011122672044382414,3.0,-4.112267204438242,5.0,False,6430.0,2.0,True,
2026-05-14,ADD,0.0,0.0,0.0,0.0,3.0,-3.0,5.0,False,2057.0,2.0,False,
2026-05-14,ADEA,0.0,0.0,0.0,0.003986153190889663,3.0,36.86153190889663,5.0,True,307.0,5.0,True,
2026-05-14,ADEP,0.0,0.0,0.0,0.0,3.0,-3.0,5.0,False,2058.0,2.0,False,
2026-05-14,ADER,0.0,0.0,0.0,0.0,3.0,-3.0,5.0,False,2059.0,2.0,False,
2026-05-14,ADES,0.0,0.0,0.0,0.0,3.0,-3.0,5.0,False,2060.0,2.0,False,
2026-05-14,ADGM,0.0,0.0,0.0,-0.0027001432102023927,3.0,-30.001432102023927,5.0,False,7139.0,1.0,False,
2026-05-14,ADHD,0.0,0.0,0.0,0.0,3.0,-3.0,5.0,False,2061.0,2.0,False,
2026-05-14,ADI,0.0,0.0,0.0,0.003552245567090474,3.0,32.52245567090474,5.0,True,378.0,5.0,True,
2026-05-14,ADIL,0.0,0.0,0.0,-0.0018958292168186884,3.0,-21.958292168186883,5.0,False,6988.0,1.0,False,
2026-05-14,ADMA,0.0,0.0,0.0,0.002503516036412123,3.0,22.03516036412123,5.0,True,639.0,5.0,True,
2026-05-14,ADMP,0.0,0.0,0.0,0.0,3.0,-3.0,5.0,False,2062.0,2.0,False,
2026-05-14,ADMS,0.0,0.0,0.0,0.0,3.0,-3.0,5.0,False,2063.0,2.0,False,
2026-05-14,ADN,0.0,0.0,0.0,0.0,3.0,-3.0,5.0,False,2064.0,2.0,False,
2026-05-14,ADNC,0.0,0.0,0.0,0.0,3.0,-3.0,5.0,False,2065.0,2.0,False,
2026-05-14,ADOC,0.0,0.0,0.0,0.0,3.0,-3.0,5.0,False,2066.0,2.0,False,
2026-05-14,ADOM,0.0,0.0,0.0,0.0,3.0,-3.0,5.0,False,2067.0,2.0,False,
2026-05-14,ADP,0.0,0.0,0.0,0.0011031940081637822,3.0,8.031940081637822,5.0,True,1307.0,4.0,True,
2026-05-14,ADPT,0.0,0.0,0.0,-0.00018856299225221426,3.0,-4.885629922522143,5.0,False,6470.0,2.0,True,
2026-05-14,ADPV.V,0.0,0.0,0.0,0.0,3.0,-3.0,5.0,False,2068.0,2.0,False,
2026-05-14,ADRO,0.0,0.0,0.0,0.0,3.0,-3.0,5.0,False,2069.0,2.0,False,
2026-05-14,ADSE,0.0,0.0,0.0,0.0012113831451617874,3.0,9.113831451617875,5.0,True,1243.0,4.0,True,
2026-05-14,ADSK,0.0,0.0,0.0,0.0007028498996014168,3.0,4.028498996014168,5.0,False,1571.0,3.0,True,
2026-05-14,ADTH,0.0,0.0,0.0,0.0,3.0,-3.0,5.0,False,2070.0,2.0,False,
2026-05-14,ADTN,0.00078125,0.0,0.00078125,0.005026009974205368,3.0,47.26009974205368,5.0,True,186.0,5.0,True,"BUY because predicted alpha is in the top decile. Net alpha after estimated 3.0 bps trading cost is 47.26 bps versus threshold 5.00 bps. Main contributors were intraday_return, parkinson_vol_20, mom_63. Price filter passed; liquidity filter passed."
2026-05-14,ADTX,0.0,0.0,0.0,-0.02519054482247358,3.0,-254.9054482247358,5.0,False,7562.0,1.0,False,
2026-05-14,ADUR,-0.00078125,0.0,-0.00078125,-0.005094548682423915,3.0,47.945486824239154,5.0,True,7334.0,1.0,True,"SHORT because predicted alpha is in the bottom decile. Net alpha after estimated 3.0 bps trading cost is 47.95 bps versus threshold 5.00 bps. Main contributors were intraday_return, volume_z_60, close_to_high_20. Price filter passed; liquidity filter passed."
2026-05-14,ADUS,0.0,0.0,0.0,0.0006677697214689306,3.0,3.6776972146893065,5.0,False,1595.0,3.0,True,
2026-05-14,ADV,0.0,0.0,0.0,0.002036222310567752,3.0,17.36222310567752,5.0,True,814.0,4.0,True,
2026-05-14,ADVB,0.0,0.0,0.0,-0.004888245932239561,3.0,-51.88245932239561,5.0,False,7323.0,1.0,False,
2026-05-14,ADVM,0.0,0.0,0.0,0.0,3.0,-3.0,5.0,False,2071.0,2.0,False,
2026-05-14,ADVS,0.0,0.0,0.0,0.0,3.0,-3.0,5.0,False,2072.0,2.0,False,
2026-05-14,ADXS,0.0,0.0,0.0,0.0,3.0,-3.0,5.0,False,2073.0,2.0,False,
2026-05-14,ADXS.W,0.0,0.0,0.0,0.0,3.0,-3.0,5.0,False,2074.0,2.0,False,
2026-05-14,ADYX,0.0,0.0,0.0,0.0,3.0,-3.0,5.0,False,2075.0,2.0,False,
2026-05-14,AEAC,0.0,0.0,0.0,0.0,3.0,-3.0,5.0,False,2076.0,2.0,False,
2026-05-14,AEAE,0.0,0.0,0.0,0.0,3.0,-3.0,5.0,False,2077.0,2.0,False,
2026-05-14,AEAQ,0.0,0.0,0.0,0.0,3.0,-3.0,5.0,False,2078.0,2.0,False,
2026-05-14,AEBI,0.0,0.0,0.0,-0.002062961746876147,3.0,-23.62961746876147,5.0,False,7034.0,1.0,True,
2026-05-14,AEBIV,0.0,0.0,0.0,0.0,3.0,-3.0,5.0,False,2079.0,2.0,False,
2026-05-14,AEC,0.0,0.0,0.0,0.002200492241708148,3.0,19.00492241708148,5.0,True,775.0,4.0,False,
2026-05-14,AEGN,0.0,0.0,0.0,0.0,3.0,-3.0,5.0,False,2080.0,2.0,False,
2026-05-14,AEGR,0.0,0.0,0.0,0.0,3.0,-3.0,5.0,False,2081.0,2.0,False,
2026-05-14,AEHA,0.0,0.0,0.0,0.0,3.0,-3.0,5.0,False,2082.0,2.0,False,
2026-05-14,AEHL,0.0,0.0,0.0,-0.008727542899476935,3.0,-90.27542899476936,5.0,False,7458.0,1.0,False,
2026-05-14,AEHR,0.004457310267857143,0.004464285714285714,-6.975446428571404e-06,0.007365002997479504,3.0,70.65002997479505,5.0,True,55.0,5.0,True,"SELL because predicted alpha is in the top decile. Net alpha after estimated 3.0 bps trading cost is 70.65 bps versus threshold 5.00 bps. Main contributors were mom_252, mom_63, hl_range_20. Price filter passed; liquidity filter passed."
2026-05-14,AEI,0.0,0.0,0.0,0.005151793400953536,3.0,48.51793400953536,5.0,True,175.0,5.0,False,
2026-05-14,AEIS,0.0,0.0,0.0,-0.002140718630779221,3.0,-24.407186307792212,5.0,False,7047.0,1.0,True,
2026-05-14,AEMD,0.0,0.0,0.0,-0.0018820402459264213,3.0,-21.820402459264212,5.0,False,6985.0,1.0,False,
2026-05-14,AENT,0.0,0.0,0.0,0.00039646424348428267,3.0,0.9646424348428266,5.0,False,1774.0,3.0,True,
2026-05-14,AEP,-0.003676060267857143,-0.004464285714285714,0.0007882254464285712,-0.0008268632986681981,3.0,5.268632986681981,5.0,True,6735.0,2.0,True,"COVER because predicted alpha is in the bottom decile. Net alpha after estimated 3.0 bps trading cost is 5.27 bps versus threshold 5.00 bps. Main contributors were hl_range_20, volume_z_60, volatility_20. Price filter passed; liquidity filter passed."
2026-05-14,AEPI,0.0,0.0,0.0,0.0,3.0,-3.0,5.0,False,2083.0,2.0,False,
2026-05-14,AEPPL,0.0,0.0,0.0,0.0,3.0,-3.0,5.0,False,2084.0,2.0,False,
2026-05-14,AEPPZ,0.0,0.0,0.0,0.0,3.0,-3.0,5.0,False,2085.0,2.0,False,
2026-05-14,AERC,0.0,0.0,0.0,0.0,3.0,-3.0,5.0,False,2086.0,2.0,False,
2026-05-14,AERG,0.0,0.0,0.0,0.0,3.0,-3.0,5.0,False,2087.0,2.0,False,
2026-05-14,AERI,0.0,0.0,0.0,0.0,3.0,-3.0,5.0,False,2088.0,2.0,False,
2026-05-14,AERT,0.0,0.0,0.0,0.0023256941571749993,3.0,20.256941571749994,5.0,True,718.0,5.0,False,
2026-05-14,AETI,0.0,0.0,0.0,0.0,3.0,-3.0,5.0,False,2089.0,2.0,False,
2026-05-14,AEVA,0.0,0.0,0.0,0.003179690203851123,3.0,28.796902038511227,5.0,True,462.0,5.0,True,
2026-05-14,AEY,0.0,0.0,0.0,0.0,3.0,-3.0,5.0,False,2090.0,2.0,False,
2026-05-14,AEYE,-0.00078125,0.0,-0.00078125,-0.003825585169027407,3.0,35.25585169027407,5.0,True,7257.0,1.0,True,"SHORT because predicted alpha is in the bottom decile. Net alpha after estimated 3.0 bps trading cost is 35.26 bps versus threshold 5.00 bps. Main contributors were intraday_return, mom_5, sales_to_price. Price filter passed; liquidity filter passed."
2026-05-14,AEZS,0.0,0.0,0.0,0.0,3.0,-3.0,5.0,False,2091.0,2.0,False,
2026-05-14,AFAC,0.0,0.0,0.0,0.0,3.0,-3.0,5.0,False,2092.0,2.0,False,
2026-05-14,AFAM,0.0,0.0,0.0,0.0,3.0,-3.0,5.0,False,2093.0,2.0,False,
2026-05-14,AFAQ,0.0,0.0,0.0,0.0,3.0,-3.0,5.0,False,2094.0,2.0,False,
2026-05-14,AFAR,0.0,0.0,0.0,0.0,3.0,-3.0,5.0,False,2095.0,2.0,False,
2026-05-14,AFBI,0.0,0.0,0.0,-0.001717508382267566,3.0,-20.17508382267566,5.0,False,6953.0,1.0,True,
2026-05-14,AFCB,0.0,0.0,0.0,0.0,3.0,-3.0,5.0,False,2096.0,2.0,False,
2026-05-14,AFCG,0.0,0.0,0.0,-0.0025860592206830824,3.0,-28.860592206830823,5.0,False,7127.0,1.0,False,
2026-05-14,AFCGV,0.0,0.0,0.0,0.0,3.0,-3.0,5.0,False,2097.0,2.0,False,
2026-05-14,AFFX,0.0,0.0,0.0,0.0,3.0,-3.0,5.0,False,2098.0,2.0,False,
2026-05-14,AFFY,0.0,0.0,0.0,0.0,3.0,-3.0,5.0,False,2099.0,2.0,False,
2026-05-14,AFH,0.0,0.0,0.0,0.0,3.0,-3.0,5.0,False,2100.0,2.0,False,
2026-05-14,AFHBL,0.0,0.0,0.0,0.0,3.0,-3.0,5.0,False,2101.0,2.0,False,
2026-05-14,AFIB,0.0,0.0,0.0,0.0,3.0,-3.0,5.0,False,2102.0,2.0,False,
2026-05-14,AFIN,0.0,0.0,0.0,0.0,3.0,-3.0,5.0,False,2103.0,2.0,False,
2026-05-14,AFINO,0.0,0.0,0.0,0.0,3.0,-3.0,5.0,False,2104.0,2.0,False,
2026-05-14,AFJK,0.0,0.0,0.0,-0.007823102952127337,3.0,-81.23102952127337,5.0,False,7442.0,1.0,True,
2026-05-14,AFMD,0.0,0.0,0.0,0.0,3.0,-3.0,5.0,False,2105.0,2.0,False,
2026-05-14,AFOP,0.0,0.0,0.0,0.0,3.0,-3.0,5.0,False,2106.0,2.0,False,
2026-05-14,AFRI,0.0,0.0,0.0,-0.000697125022194542,3.0,-9.971250221945422,5.0,False,6695.0,2.0,True,
2026-05-14,AFRM,0.0,0.0,0.0,0.00039934264595695704,3.0,0.9934264595695703,5.0,False,1773.0,3.0,True,
2026-05-14,AFSI,0.0,0.0,0.0,0.0,3.0,-3.0,5.0,False,2107.0,2.0,False,
2026-05-14,AFYA,0.0,0.0,0.0,0.0015324901086504067,3.0,12.324901086504067,5.0,True,1051.0,4.0,True,
2026-05-14,AGAE,0.0,0.0,0.0,-0.004508351133258745,3.0,-48.08351133258745,5.0,False,7304.0,1.0,False,
2026-05-14,AGBA,0.0,0.0,0.0,0.0,3.0,-3.0,5.0,False,2108.0,2.0,False,
2026-05-14,AGC,0.0,0.0,0.0,0.0,3.0,-3.0,5.0,False,2109.0,2.0,False,
2026-05-14,AGCC,0.0,0.0,0.0,-0.0011042596319904667,3.0,-14.042596319904668,5.0,False,6817.0,2.0,True,
2026-05-14,AGEN,0.0,0.0,0.0,-0.0006140621193669836,3.0,-9.140621193669837,5.0,False,6666.0,2.0,False,
2026-05-14,AGFS,0.0,0.0,0.0,0.0,3.0,-3.0,5.0,False,2110.0,2.0,False,
2026-05-14,AGFS.W,0.0,0.0,0.0,0.0,3.0,-3.0,5.0,False,2111.0,2.0,False,
2026-05-14,AGFY,0.0,0.0,0.0,0.0,3.0,-3.0,5.0,False,2112.0,2.0,False,
2026-05-14,AGGR,0.0,0.0,0.0,0.0,3.0,-3.0,5.0,False,2113.0,2.0,False,
2026-05-14,AGH,0.0,0.0,0.0,0.005857473172653293,3.0,55.57473172653293,5.0,True,112.0,5.0,False,
2026-05-14,AGII,0.0,0.0,0.0,0.0,3.0,-3.0,5.0,False,2114.0,2.0,False,
2026-05-14,AGII.L,0.0,0.0,0.0,0.0,3.0,-3.0,5.0,False,2115.0,2.0,False,
2026-05-14,AGIIL,0.0,0.0,0.0,0.0,3.0,-3.0,5.0,False,2116.0,2.0,False,
2026-05-14,AGIL,0.0,0.0,0.0,0.0,3.0,-3.0,5.0,False,2117.0,2.0,False,
2026-05-14,AGIO,0.0,0.0,0.0,0.0025537892234018303,3.0,22.537892234018305,5.0,True,621.0,5.0,True,
2026-05-14,AGLE,0.0,0.0,0.0,0.0,3.0,-3.0,5.0,False,2118.0,2.0,False,
2026-05-14,AGMH,0.0,0.0,0.0,-0.0003073655377352734,3.0,-6.073655377352734,5.0,False,6537.0,2.0,False,
2026-05-14,AGMX,0.0,0.0,0.0,0.0,3.0,-3.0,5.0,False,2119.0,2.0,False,
2026-05-14,AGNC,0.0,0.0,0.0,0.0033288232878369516,3.0,30.288232878369513,5.0,True,424.0,5.0,True,
2026-05-14,AGNC.P,0.0,0.0,0.0,0.0,3.0,-3.0,5.0,False,2120.0,2.0,False,
2026-05-14,AGNCL,0.0,0.0,0.0,0.0022171559665341437,3.0,19.171559665341437,5.0,True,767.0,4.0,True,
2026-05-14,AGNCO,0.0,0.0,0.0,0.0020606649278667923,3.0,17.606649278667923,5.0,True,809.0,4.0,True,
2026-05-14,AGPU,0.004457310267857143,0.004464285714285714,-6.975446428571404e-06,0.011265020705787818,3.0,109.65020705787818,5.0,True,6.0,5.0,True,"SELL because predicted alpha is in the top decile. Net alpha after estimated 3.0 bps trading cost is 109.65 bps versus threshold 5.00 bps. Main contributors were intraday_return, hl_range_20, volatility_20. Price filter passed; liquidity filter passed."
2026-05-14,AGRI,0.0,0.0,0.0,0.0,3.0,-3.0,5.0,False,2121.0,2.0,False,
2026-05-14,AGRX,0.0,0.0,0.0,0.0,3.0,-3.0,5.0,False,2122.0,2.0,False,
2026-05-14,AGRZ,0.0,0.0,0.0,-0.0027937256070818227,3.0,-30.937256070818226,5.0,False,7154.0,1.0,False,
2026-05-14,AGTC,0.0,0.0,0.0,0.0,3.0,-3.0,5.0,False,2123.0,2.0,False,
2026-05-14,AGYS,0.0,0.0,0.0,0.000353412550006504,3.0,0.53412550006504,5.0,False,1795.0,3.0,True,
2026-05-14,AHAC,0.0,0.0,0.0,0.0,3.0,-3.0,5.0,False,2124.0,2.0,False,
2026-05-14,AHCI,0.0,0.0,0.0,0.0,3.0,-3.0,5.0,False,2125.0,2.0,False,
2026-05-14,AHCO,0.0,0.0,0.0,0.0013508211974618482,3.0,10.508211974618481,5.0,True,1166.0,4.0,True,
2026-05-14,AHGP,0.0,0.0,0.0,0.0,3.0,-3.0,5.0,False,2126.0,2.0,False,
2026-05-14,AHMA,0.0,0.0,0.0,-0.004201639141291478,3.0,-45.01639141291478,5.0,False,7285.0,1.0,False,
2026-05-14,AHPA,0.0,0.0,0.0,0.0,3.0,-3.0,5.0,False,2127.0,2.0,False,
2026-05-14,AHPA.U,0.0,0.0,0.0,0.0,3.0,-3.0,5.0,False,2128.0,2.0,False,
2026-05-14,AHPI,0.0,0.0,0.0,0.0,3.0,-3.0,5.0,False,2129.0,2.0,False,
2026-05-14,AHRN,0.0,0.0,0.0,0.0,3.0,-3.0,5.0,False,2130.0,2.0,False,
2026-05-14,AIDX,0.0,0.0,0.0,0.002616843787314047,3.0,23.16843787314047,5.0,True,603.0,5.0,False,
2026-05-14,AIEV,0.0,0.0,0.0,0.0,3.0,-3.0,5.0,False,2131.0,2.0,False,
2026-05-14,AIFC,0.0,0.0,0.0,-0.0016112957194014774,3.0,-19.112957194014776,5.0,False,6935.0,1.0,False,
2026-05-14,AIFE,0.0,0.0,0.0,0.0,3.0,-3.0,5.0,False,2132.0,2.0,False,
2026-05-14,AIFF,0.0,0.0,0.0,0.0020842681326661747,3.0,17.842681326661747,5.0,True,804.0,4.0,False,
2026-05-14,AIFU,0.0,0.0,0.0,0.000923977302293157,3.0,6.239773022931569,5.0,True,1422.0,4.0,False,
2026-05-14,AIHS,0.0,0.0,0.0,-0.0010476899948185022,3.0,-13.476899948185022,5.0,False,6808.0,2.0,False,
2026-05-14,AIIO,-0.00078125,0.0,-0.00078125,-0.029605543329272968,3.0,293.0554332927297,5.0,True,7575.0,1.0,True,"SHORT because predicted alpha is in the bottom decile. Net alpha after estimated 3.0 bps trading cost is 293.06 bps versus threshold 5.00 bps. Main contributors were parkinson_vol_20, intraday_return, volume_z_60. Price filter passed; liquidity filter passed."
2026-05-14,AILE,0.0,0.0,0.0,0.0,3.0,-3.0,5.0,False,2133.0,2.0,False,
2026-05-14,AIMC,0.0,0.0,0.0,0.0,3.0,-3.0,5.0,False,2134.0,2.0,False,
2026-05-14,AIMCV,0.0,0.0,0.0,0.0,3.0,-3.0,5.0,False,2135.0,2.0,False,
2026-05-14,AIMD,0.0,0.0,0.0,0.0027004170092385276,3.0,24.004170092385277,5.0,True,579.0,5.0,False,
2026-05-14,AIMT,0.0,0.0,0.0,0.0,3.0,-3.0,5.0,False,2136.0,2.0,False,
2026-05-14,AIOS,0.0,0.0,0.0,-0.0262195010307845,3.0,-265.195010307845,5.0,False,7566.0,1.0,True,
2026-05-14,AIOT,0.0,0.0,0.0,0.002443500687844287,3.0,21.43500687844287,5.0,True,662.0,5.0,False,
2026-05-14,AIP,0.00078125,0.0,0.00078125,0.006071822914184065,3.0,57.71822914184065,5.0,True,105.0,5.0,True,"BUY because predicted alpha is in the top decile. Net alpha after estimated 3.0 bps trading cost is 57.72 bps versus threshold 5.00 bps. Main contributors were mom_5, mom_21, mom_63. Price filter passed; liquidity filter passed."
2026-05-14,AIPT,0.0,0.0,0.0,0.0,3.0,-3.0,5.0,False,2137.0,2.0,False,
2026-05-14,AIRE,0.0,0.0,0.0,-0.004481471474561292,3.0,-47.81471474561292,5.0,False,7303.0,1.0,False,
2026-05-14,AIRG,0.0,0.0,0.0,-0.0005020439953862345,3.0,-8.020439953862343,5.0,False,6629.0,2.0,True,
2026-05-14,AIRJ,0.0,0.0,0.0,-0.0008777837143003179,3.0,-11.777837143003179,5.0,False,6754.0,2.0,False,
2026-05-14,AIRM,0.0,0.0,0.0,0.0,3.0,-3.0,5.0,False,2138.0,2.0,False,
2026-05-14,AIRO,-0.00078125,0.0,-0.00078125,-0.00781160667970698,3.0,75.1160667970698,5.0,True,7441.0,1.0,True,"SHORT because predicted alpha is in the bottom decile. Net alpha after estimated 3.0 bps trading cost is 75.12 bps versus threshold 5.00 bps. Main contributors were volume_z_60, intraday_return, mom_1. Price filter passed; liquidity filter passed."
2026-05-14,AIRS,0.0,0.0,0.0,0.0072296227346172045,3.0,69.29622734617205,5.0,True,60.0,5.0,False,
2026-05-14,AIRT,0.0,0.0,0.0,0.0,3.0,-3.0,5.0,False,2139.0,2.0,False,
2026-05-14,AIRTV,0.0,0.0,0.0,0.0,3.0,-3.0,5.0,False,2140.0,2.0,False,
2026-05-14,AISP,0.0,0.0,0.0,-0.0005044248074348557,3.0,-8.044248074348557,5.0,False,6631.0,2.0,False,
2026-05-14,AITR,0.0,0.0,0.0,0.0,3.0,-3.0,5.0,False,2141.0,2.0,False,
2026-05-14,AIXC,0.0,0.0,0.0,0.003337340987850829,3.0,30.37340987850829,5.0,True,421.0,5.0,False,
2026-05-14,AKAM,0.004457310267857143,0.004464285714285714,-6.975446428571404e-06,0.008791648820507062,3.0,84.91648820507062,5.0,True,28.0,5.0,True,"SELL because predicted alpha is in the top decile. Net alpha after estimated 3.0 bps trading cost is 84.92 bps versus threshold 5.00 bps. Main contributors were mom_5, mom_21, parkinson_vol_20. Price filter passed; liquidity filter passed."
2026-05-14,AKAN,-0.004457310267857143,-0.004464285714285714,6.975446428571404e-06,-0.018394037728134697,3.0,180.94037728134697,5.0,True,7538.0,1.0,True,"COVER because predicted alpha is in the bottom decile. Net alpha after estimated 3.0 bps trading cost is 180.94 bps versus threshold 5.00 bps. Main contributors were parkinson_vol_20, intraday_return, mom_5. Price filter passed; liquidity filter passed."
2026-05-14,AKAO,0.0,0.0,0.0,0.0,3.0,-3.0,5.0,False,2142.0,2.0,False,
2026-05-14,AKBA,0.0,0.0,0.0,0.00035653874936304063,3.0,0.5653874936304062,5.0,False,1794.0,3.0,False,
2026-05-14,AKCA,0.0,0.0,0.0,0.0,3.0,-3.0,5.0,False,2143.0,2.0,False,
2026-05-14,AKER,0.0,0.0,0.0,0.0,3.0,-3.0,5.0,False,2144.0,2.0,False,
2026-05-14,AKIC,0.0,0.0,0.0,0.0,3.0,-3.0,5.0,False,2145.0,2.0,False,
2026-05-14,AKLI,0.0,0.0,0.0,0.0,3.0,-3.0,5.0,False,2146.0,2.0,False,
2026-05-14,AKRO,0.0,0.0,0.0,0.0,3.0,-3.0,5.0,False,2147.0,2.0,False,
2026-05-14,AKRX,0.0,0.0,0.0,0.0,3.0,-3.0,5.0,False,2148.0,2.0,False,
2026-05-14,AKTS,0.0,0.0,0.0,0.002306877269031115,3.0,20.06877269031115,5.0,True,728.0,5.0,True,
2026-05-14,AKU,0.0,0.0,0.0,0.0,3.0,-3.0,5.0,False,2149.0,2.0,False,
2026-05-14,AKUS,0.0,0.0,0.0,0.0,3.0,-3.0,5.0,False,2150.0,2.0,False,
2026-05-14,AKYA,0.0,0.0,0.0,0.0,3.0,-3.0,5.0,False,2151.0,2.0,False,
2026-05-14,ALAB,0.00078125,0.0,0.00078125,0.005592662191084249,3.0,52.92662191084249,5.0,True,125.0,5.0,True,"BUY because predicted alpha is in the top decile. Net alpha after estimated 3.0 bps trading cost is 52.93 bps versus threshold 5.00 bps. Main contributors were mom_5, mom_63, mom_21. Price filter passed; liquidity filter passed."
2026-05-14,ALAC,0.0,0.0,0.0,0.0,3.0,-3.0,5.0,False,2152.0,2.0,False,
2026-05-14,ALBO,0.0,0.0,0.0,0.0,3.0,-3.0,5.0,False,2153.0,2.0,False,
2026-05-14,ALBT,0.0,0.0,0.0,-0.013487325222904353,3.0,-137.87325222904352,5.0,False,7509.0,1.0,False,
2026-05-14,ALCE,0.0,0.0,0.0,0.0,3.0,-3.0,5.0,False,2154.0,2.0,False,
2026-05-14,ALCO,0.0,0.0,0.0,0.004965119221336009,3.0,46.65119221336009,5.0,True,190.0,5.0,True,
2026-05-14,ALCS,0.0,0.0,0.0,0.0,3.0,-3.0,5.0,False,2155.0,2.0,False,
2026-05-14,ALCY,0.0,0.0,0.0,0.0,3.0,-3.0,5.0,False,2156.0,2.0,False,
2026-05-14,ALDF,0.0,0.0,0.0,-0.0005688154138520883,3.0,-8.688154138520883,5.0,False,6649.0,2.0,True,
2026-05-14,ALDR,0.0,0.0,0.0,0.0,3.0,-3.0,5.0,False,2157.0,2.0,False,
2026-05-14,ALDX,0.0,0.0,0.0,-0.003132292622483576,3.0,-34.32292622483576,5.0,False,7190.0,1.0,False,
2026-05-14,ALEC,0.0,0.0,0.0,-0.0006732107153603256,3.0,-9.732107153603256,5.0,False,6688.0,2.0,False,
2026-05-14,ALF,0.0,0.0,0.0,-0.0008129579467784945,3.0,-11.129579467784945,5.0,False,6727.0,2.0,True,
2026-05-14,ALGM,0.0,0.0,0.0,0.003041018177928973,3.0,27.410181779289733,5.0,True,494.0,5.0,True,
2026-05-14,ALGN,0.0,0.0,0.0,0.0014583910587638582,3.0,11.583910587638583,5.0,True,1097.0,4.0,True,
2026-05-14,ALGR,0.0,0.0,0.0,0.0,3.0,-3.0,5.0,False,2158.0,2.0,False,
2026-05-14,ALGS,0.0,0.0,0.0,0.000646783624581306,3.0,3.46783624581306,5.0,False,1610.0,3.0,True,
2026-05-14,ALGT,-0.00078125,0.0,-0.00078125,-0.005236410275160314,3.0,49.36410275160314,5.0,True,7341.0,1.0,True,"SHORT because predicted alpha is in the bottom decile. Net alpha after estimated 3.0 bps trading cost is 49.36 bps versus threshold 5.00 bps. Main contributors were volume_z_60, intraday_return, hl_range_20. Price filter passed; liquidity filter passed."
2026-05-14,ALHC,-0.003676060267857143,-0.004464285714285714,0.0007882254464285712,0.0034843689603877093,3.0,-37.843689603877095,5.0,False,394.0,5.0,True,"COVER because predicted alpha is in the bottom decile. Net alpha after estimated 3.0 bps trading cost is -37.84 bps versus threshold 5.00 bps. Main contributors were mom_1, volume_z_60, mom_5. Price filter passed; liquidity filter passed."
2026-05-14,ALIM,0.0,0.0,0.0,0.0,3.0,-3.0,5.0,False,2159.0,2.0,False,
2026-05-14,ALIS,0.0,0.0,0.0,0.0,3.0,-3.0,5.0,False,2160.0,2.0,False,
2026-05-14,ALJJ,0.0,0.0,0.0,0.0,3.0,-3.0,5.0,False,2161.0,2.0,False,
2026-05-14,ALKS,0.0,0.0,0.0,0.002883280521508464,3.0,25.832805215084637,5.0,True,528.0,5.0,True,
2026-05-14,ALKSV,0.0,0.0,0.0,0.0,3.0,-3.0,5.0,False,2162.0,2.0,False,
2026-05-14,ALKT,0.0,0.0,0.0,0.00022602314318896101,3.0,-0.73976856811039,5.0,False,1865.0,3.0,True,
2026-05-14,ALLB,0.0,0.0,0.0,0.0,3.0,-3.0,5.0,False,2163.0,2.0,False,
2026-05-14,ALLK,0.0,0.0,0.0,0.0,3.0,-3.0,5.0,False,2164.0,2.0,False,
2026-05-14,ALLO,0.0,0.0,0.0,0.002294769572011975,3.0,19.94769572011975,5.0,True,734.0,5.0,False,
2026-05-14,ALLR,0.0,0.0,0.0,0.004868547494157528,3.0,45.68547494157528,5.0,True,198.0,5.0,False,
2026-05-14,ALLT,0.0,0.0,0.0,-0.0007161111646982275,3.0,-10.161111646982274,5.0,False,6702.0,2.0,True,
2026-05-14,ALM,0.003676060267857143,0.004464285714285714,-0.0007882254464285712,0.0027623482511347063,3.0,24.623482511347063,5.0,True,561.0,5.0,True,"SELL because predicted alpha is in the top decile. Net alpha after estimated 3.0 bps trading cost is 24.62 bps versus threshold 5.00 bps. Main contributors were intraday_return, hl_range_20, mom_10. Price filter passed; liquidity filter passed."
2026-05-14,ALMR,0.0,0.0,0.0,0.0015551891452518288,3.0,12.551891452518287,5.0,True,1035.0,4.0,True,
2026-05-14,ALMS,0.0,0.0,0.0,0.0035516420234806547,3.0,32.516420234806546,5.0,True,379.0,5.0,True,
2026-05-14,ALMU,-0.00078125,0.0,-0.00078125,-0.002355400155080958,3.0,20.55400155080958,5.0,True,7094.0,1.0,True,"SHORT because predicted alpha is in the bottom decile. Net alpha after estimated 3.0 bps trading cost is 20.55 bps versus threshold 5.00 bps. Main contributors were parkinson_vol_20, intraday_return, volume_z_60. Price filter passed; liquidity filter passed."
2026-05-14,ALNA,0.0,0.0,0.0,0.0,3.0,-3.0,5.0,False,2165.0,2.0,False,
2026-05-14,ALNT,0.0,0.0,0.0,-0.0005445416799804215,3.0,-8.445416799804216,5.0,False,6643.0,2.0,True,
2026-05-14,ALNY,0.0,0.0,0.0,0.0004984377165100047,3.0,1.9843771651000468,5.0,False,1705.0,3.0,True,
2026-05-14,ALOG,0.0,0.0,0.0,0.0,3.0,-3.0,5.0,False,2166.0,2.0,False,
2026-05-14,ALOR,0.0,0.0,0.0,0.0,3.0,-3.0,5.0,False,2167.0,2.0,False,
2026-05-14,ALOT,0.0,0.0,0.0,0.0028050190321323707,3.0,25.050190321323708,5.0,True,550.0,5.0,True,
2026-05-14,ALOV,0.0,0.0,0.0,0.0,3.0,-3.0,5.0,False,2168.0,2.0,False,
2026-05-14,ALOY,0.0,0.0,0.0,2.5819362728671594e-06,3.0,-2.974180637271328,5.0,False,1988.0,3.0,True,
2026-05-14,ALP,0.0,0.0,0.0,7.380003850966481e-05,3.0,-2.2619996149033517,5.0,False,1951.0,3.0,False,
2026-05-14,ALPA,0.0,0.0,0.0,0.0,3.0,-3.0,5.0,False,2169.0,2.0,False,
2026-05-14,ALPN,0.0,0.0,0.0,0.0,3.0,-3.0,5.0,False,2170.0,2.0,False,
2026-05-14,ALPP,0.0,0.0,0.0,0.0,3.0,-3.0,5.0,False,2171.0,2.0,False,
2026-05-14,ALPS,0.0,0.0,0.0,-3.895223431441474e-05,3.0,-3.3895223431441472,5.0,False,6402.0,2.0,False,
2026-05-14,ALPX,0.0,0.0,0.0,0.0,3.0,-3.0,5.0,False,2172.0,2.0,False,
2026-05-14,ALQA,0.0,0.0,0.0,0.0,3.0,-3.0,5.0,False,2173.0,2.0,False,
2026-05-14,ALR,0.0,0.0,0.0,0.0,3.0,-3.0,5.0,False,2174.0,2.0,False,
2026-05-14,ALRM,0.0,0.0,0.0,-0.00045156942991775854,3.0,-7.515694299177586,5.0,False,6609.0,2.0,True,
2026-05-14,ALRN,0.0,0.0,0.0,0.0,3.0,-3.0,5.0,False,2175.0,2.0,False,
2026-05-14,ALRS,0.0,0.0,0.0,0.0012774287084045173,3.0,9.774287084045174,5.0,True,1201.0,4.0,True,
2026-05-14,ALSA,0.0,0.0,0.0,0.0,3.0,-3.0,5.0,False,2176.0,2.0,False,
2026-05-14,ALSK,0.0,0.0,0.0,0.0,3.0,-3.0,5.0,False,2177.0,2.0,False,
2026-05-14,ALT,0.0,0.0,0.0,0.00021127060090675882,3.0,-0.8872939909324118,5.0,False,1874.0,3.0,False,
2026-05-14,ALTA,0.0,0.0,0.0,0.0,3.0,-3.0,5.0,False,2178.0,2.0,False,
2026-05-14,ALTH,0.0,0.0,0.0,0.0,3.0,-3.0,5.0,False,2179.0,2.0,False,
2026-05-14,ALTI,0.0,0.0,0.0,-0.0020064135194484993,3.0,-23.064135194484994,5.0,False,7019.0,1.0,False,
2026-05-14,ALTID,0.0,0.0,0.0,0.0,3.0,-3.0,5.0,False,2180.0,2.0,False,
2026-05-14,ALTO,0.0,0.0,0.0,0.004025105980532188,3.0,37.25105980532188,5.0,True,301.0,5.0,False,
2026-05-14,ALTR,0.0,0.0,0.0,0.0,3.0,-3.0,5.0,False,2181.0,2.0,False,
2026-05-14,ALTS,0.0,0.0,0.0,0.0,3.0,-3.0,5.0,False,2182.0,2.0,False,
2026-05-14,ALTU,0.0,0.0,0.0,0.0,3.0,-3.0,5.0,False,2183.0,2.0,False,
2026-05-14,ALVO,0.0,0.0,0.0,0.00440765100148382,3.0,41.076510014838206,5.0,True,241.0,5.0,False,
2026-05-14,ALVR,0.0,0.0,0.0,0.0,3.0,-3.0,5.0,False,2184.0,2.0,False,
2026-05-14,ALXA,0.0,0.0,0.0,0.0,3.0,-3.0,5.0,False,2185.0,2.0,False,
2026-05-14,ALXN,0.0,0.0,0.0,0.0,3.0,-3.0,5.0,False,2186.0,2.0,False,
2026-05-14,ALXO,0.0,0.0,0.0,0.002014319543746284,3.0,17.143195437462843,5.0,True,824.0,4.0,False,
2026-05-14,ALYA,0.0,0.0,0.0,0.0,3.0,-3.0,5.0,False,2187.0,2.0,False,
2026-05-14,ALZH,0.0,0.0,0.0,0.0,3.0,-3.0,5.0,False,2188.0,2.0,False,
2026-05-14,ALZN,0.0,0.0,0.0,-0.00220202573091867,3.0,-25.0202573091867,5.0,False,7063.0,1.0,False,
2026-05-14,AMAG,0.0,0.0,0.0,0.0,3.0,-3.0,5.0,False,2189.0,2.0,False,
2026-05-14,AMAL,0.0,0.0,0.0,0.0006971240616451869,3.0,3.971240616451869,5.0,False,1575.0,3.0,True,
2026-05-14,AMAM,0.0,0.0,0.0,0.0,3.0,-3.0,5.0,False,2190.0,2.0,False,
2026-05-14,AMAO,0.0,0.0,0.0,0.0,3.0,-3.0,5.0,False,2191.0,2.0,False,
2026-05-14,AMAP,0.0,0.0,0.0,0.0,3.0,-3.0,5.0,False,2192.0,2.0,False,
2026-05-14,AMAT,0.0,0.0,0.0,-0.0004773750509379801,3.0,-7.773750509379801,5.0,False,6622.0,2.0,True,
2026-05-14,AMBA,0.00078125,0.0,0.00078125,0.006023841131632199,3.0,57.238411316321994,5.0,True,108.0,5.0,True,"BUY because predicted alpha is in the top decile. Net alpha after estimated 3.0 bps trading cost is 57.24 bps versus threshold 5.00 bps. Main contributors were parkinson_vol_20, mom_21, mom_5. Price filter passed; liquidity filter passed."
2026-05-14,AMBC.W,0.0,0.0,0.0,0.0,3.0,-3.0,5.0,False,2193.0,2.0,False,
2026-05-14,AMBT,0.0,0.0,0.0,0.0,3.0,-3.0,5.0,False,2194.0,2.0,False,
2026-05-14,AMBX,0.0,0.0,0.0,0.0,3.0,-3.0,5.0,False,2195.0,2.0,False,
2026-05-14,AMCC,0.0,0.0,0.0,0.0,3.0,-3.0,5.0,False,2196.0,2.0,False,
2026-05-14,AMCF,0.0,0.0,0.0,0.0,3.0,-3.0,5.0,False,2197.0,2.0,False,
2026-05-14,AMCI,0.0,0.0,0.0,-0.002263290214450504,3.0,-25.632902144505042,5.0,False,7076.0,1.0,True,
2026-05-14,AMCX,0.0,0.0,0.0,0.0011248786819658357,3.0,8.248786819658358,5.0,True,1287.0,4.0,True,
2026-05-14,AMD,0.004457310267857143,0.004464285714285714,-6.975446428571404e-06,0.009118436387079813,3.0,88.18436387079814,5.0,True,24.0,5.0,True,"SELL because predicted alpha is in the top decile. Net alpha after estimated 3.0 bps trading cost is 88.18 bps versus threshold 5.00 bps. Main contributors were mom_21, parkinson_vol_20, mom_63. Price filter passed; liquidity filter passed."
2026-05-14,AMDA,0.0,0.0,0.0,0.0,3.0,-3.0,5.0,False,2198.0,2.0,False,
2026-05-14,AMED,0.0,0.0,0.0,0.0,3.0,-3.0,5.0,False,2199.0,2.0,False,
2026-05-14,AMEH,0.0,0.0,0.0,0.0,3.0,-3.0,5.0,False,2200.0,2.0,False,
2026-05-14,AMEH.W,0.0,0.0,0.0,0.0,3.0,-3.0,5.0,False,2201.0,2.0,False,
2026-05-14,AMGN,0.0,0.0,0.0,0.0013381798268159138,3.0,10.381798268159137,5.0,True,1172.0,4.0,True,
2026-05-14,AMHC,0.0,0.0,0.0,0.0,3.0,-3.0,5.0,False,2202.0,2.0,False,
2026-05-14,AMIC,0.0,0.0,0.0,0.0,3.0,-3.0,5.0,False,2203.0,2.0,False,
2026-05-14,AMIX,0.0,0.0,0.0,-0.0025961386676560767,3.0,-28.961386676560767,5.0,False,7128.0,1.0,False,
2026-05-14,AMKR,0.0,0.0,0.0,0.0042999680550009295,3.0,39.999680550009295,5.0,True,256.0,5.0,True,
2026-05-14,AMLI,0.0,0.0,0.0,0.0,3.0,-3.0,5.0,False,2204.0,2.0,False,
2026-05-14,AMLN,0.0,0.0,0.0,0.0,3.0,-3.0,5.0,False,2205.0,2.0,False,
2026-05-14,AMLX,0.0,0.0,0.0,0.0015658465069480103,3.0,12.658465069480103,5.0,True,1028.0,4.0,True,
2026-05-14,AMMA,0.0,0.0,0.0,0.0,3.0,-3.0,5.0,False,2206.0,2.0,False,
2026-05-14,AMMD,0.0,0.0,0.0,0.0,3.0,-3.0,5.0,False,2207.0,2.0,False,
2026-05-14,AMNB,0.0,0.0,0.0,0.0,3.0,-3.0,5.0,False,2208.0,2.0,False,
2026-05-14,AMOD,0.0,0.0,0.0,-0.007998234490987025,3.0,-82.98234490987025,5.0,False,7446.0,1.0,False,
2026-05-14,AMOT,0.0,0.0,0.0,0.0,3.0,-3.0,5.0,False,2209.0,2.0,False,
2026-05-14,AMPG,0.0,0.0,0.0,-0.0048784097565947645,3.0,-51.78409756594765,5.0,False,7322.0,1.0,False,
2026-05-14,AMPH,-0.003676060267857143,-0.004464285714285714,0.0007882254464285712,-0.00121062777444798,3.0,9.1062777444798,5.0,True,6848.0,1.0,True,"COVER because predicted alpha is in the bottom decile. Net alpha after estimated 3.0 bps trading cost is 9.11 bps versus threshold 5.00 bps. Main contributors were mom_5, hl_range_20, mom_1. Price filter passed; liquidity filter passed."
2026-05-14,AMPL,0.0,0.0,0.0,0.0005493407813836148,3.0,2.4934078138361473,5.0,False,1667.0,3.0,True,
2026-05-14,AMRB,0.0,0.0,0.0,0.0,3.0,-3.0,5.0,False,2210.0,2.0,False,
2026-05-14,AMRH,0.0,0.0,0.0,0.0,3.0,-3.0,5.0,False,2211.0,2.0,False,
2026-05-14,AMRI,0.0,0.0,0.0,0.0,3.0,-3.0,5.0,False,2212.0,2.0,False,
2026-05-14,AMRK,0.0,0.0,0.0,0.0,3.0,-3.0,5.0,False,2213.0,2.0,False,
2026-05-14,AMRS,0.0,0.0,0.0,0.0,3.0,-3.0,5.0,False,2214.0,2.0,False,
2026-05-14,AMRX,0.0,0.0,0.0,0.0027628697185463707,3.0,24.628697185463707,5.0,True,560.0,5.0,True,
2026-05-14,AMSC,0.00078125,0.0,0.00078125,0.005825001581426736,3.0,55.250015814267364,5.0,True,114.0,5.0,True,"BUY because predicted alpha is in the top decile. Net alpha after estimated 3.0 bps trading cost is 55.25 bps versus threshold 5.00 bps. Main contributors were mom_21, intraday_return, mom_63. Price filter passed; liquidity filter passed."
2026-05-14,AMSF,0.0,0.0,0.0,-0.002081949443349248,3.0,-23.81949443349248,5.0,False,7036.0,1.0,True,
2026-05-14,AMSG,0.0,0.0,0.0,0.0,3.0,-3.0,5.0,False,2215.0,2.0,False,
2026-05-14,AMSGP,0.0,0.0,0.0,0.0,3.0,-3.0,5.0,False,2216.0,2.0,False,
2026-05-14,AMST,0.0,0.0,0.0,-0.01942856472241901,3.0,-197.2856472241901,5.0,False,7541.0,1.0,False,
2026-05-14,AMSW.A,0.0,0.0,0.0,0.0,3.0,-3.0,5.0,False,2217.0,2.0,False,
2026-05-14,AMSWA,0.0,0.0,0.0,0.0,3.0,-3.0,5.0,False,2218.0,2.0,False,
2026-05-14,AMTBB,0.0,0.0,0.0,0.0,3.0,-3.0,5.0,False,2219.0,2.0,False,
2026-05-14,AMTI,0.0,0.0,0.0,0.0,3.0,-3.0,5.0,False,2220.0,2.0,False,
2026-05-14,AMTX,0.0,0.0,0.0,-0.0004468055032146235,3.0,-7.468055032146235,5.0,False,6602.0,2.0,False,
2026-05-14,AMV,0.0,0.0,0.0,0.0,3.0,-3.0,5.0,False,2221.0,2.0,False,
2026-05-14,AMWD,0.0,0.0,0.0,-0.00038981038838808535,3.0,-6.898103883880854,5.0,False,6574.0,2.0,True,
2026-05-14,AMZN,0.0,0.0,0.0,0.0032265565122706658,3.0,29.265565122706654,5.0,True,449.0,5.0,True,
2026-05-14,ANAB,0.003676060267857143,0.004464285714285714,-0.0007882254464285712,0.004366811671082752,3.0,40.66811671082752,5.0,True,246.0,5.0,True,"SELL because predicted alpha is in the top decile. Net alpha after estimated 3.0 bps trading cost is 40.67 bps versus threshold 5.00 bps. Main contributors were mom_21, mom_252, hl_range_20. Price filter passed; liquidity filter passed."
2026-05-14,ANABV,0.0,0.0,0.0,0.0,3.0,-3.0,5.0,False,2222.0,2.0,False,
2026-05-14,ANAD,0.0,0.0,0.0,0.0,3.0,-3.0,5.0,False,2223.0,2.0,False,
2026-05-14,ANAT,0.0,0.0,0.0,0.0,3.0,-3.0,5.0,False,2224.0,2.0,False,
2026-05-14,ANCB,0.0,0.0,0.0,0.0,3.0,-3.0,5.0,False,2225.0,2.0,False,
2026-05-14,ANCI,0.0,0.0,0.0,0.0,3.0,-3.0,5.0,False,2226.0,2.0,False,
2026-05-14,ANCX,0.0,0.0,0.0,0.0,3.0,-3.0,5.0,False,2227.0,2.0,False,
2026-05-14,ANDA,0.0,0.0,0.0,0.0,3.0,-3.0,5.0,False,2228.0,2.0,False,
2026-05-14,ANDA.R,0.0,0.0,0.0,0.0,3.0,-3.0,5.0,False,2229.0,2.0,False,
2026-05-14,ANDA.U,0.0,0.0,0.0,0.0,3.0,-3.0,5.0,False,2230.0,2.0,False,
2026-05-14,ANDA.W,0.0,0.0,0.0,0.0,3.0,-3.0,5.0,False,2231.0,2.0,False,
2026-05-14,ANDE,0.0,0.0,0.0,0.0021568061876633448,3.0,18.568061876633447,5.0,True,786.0,4.0,True,
2026-05-14,ANDS,0.0,0.0,0.0,0.0,3.0,-3.0,5.0,False,2232.0,2.0,False,
2026-05-14,ANEB,0.0,0.0,0.0,0.0,3.0,-3.0,5.0,False,2233.0,2.0,False,
2026-05-14,ANGH,0.0,0.0,0.0,0.002112290892452489,3.0,18.12290892452489,5.0,True,800.0,4.0,False,
2026-05-14,ANGI,0.0,0.0,0.0,-0.0025689143503935317,3.0,-28.689143503935316,5.0,False,7122.0,1.0,False,
2026-05-14,ANGIV,0.0,0.0,0.0,0.0,3.0,-3.0,5.0,False,2234.0,2.0,False,
2026-05-14,ANGN,0.0,0.0,0.0,0.0,3.0,-3.0,5.0,False,2235.0,2.0,False,
2026-05-14,ANGO,0.0,0.0,0.0,0.0005332522496835728,3.0,2.332522496835727,5.0,False,1682.0,3.0,True,
2026-05-14,ANIK,0.0,0.0,0.0,-0.0006621364048441636,3.0,-9.621364048441636,5.0,False,6683.0,2.0,True,
2026-05-14,ANIP,0.0,0.0,0.0,0.0022135757555528327,3.0,19.135757555528325,5.0,True,768.0,4.0,True,
2026-05-14,ANIX,0.0,0.0,0.0,0.0005901052757748691,3.0,2.9010527577486913,5.0,False,1646.0,3.0,False,
2026-05-14,ANNA,0.0,0.0,0.0,0.002586715721200064,3.0,22.867157212000638,5.0,True,612.0,5.0,False,
2026-05-14,ANNX,0.0,0.0,0.0,0.0014296392747572895,3.0,11.296392747572895,5.0,True,1120.0,4.0,True,
2026-05-14,ANPA,0.0,0.0,0.0,-0.005404163367491114,3.0,-57.04163367491114,5.0,False,7353.0,1.0,True,
2026-05-14,ANPI,0.0,0.0,0.0,0.0,3.0,-3.0,5.0,False,2236.0,2.0,False,
2026-05-14,ANSC,0.0,0.0,0.0,0.0,3.0,-3.0,5.0,False,2237.0,2.0,False,
2026-05-14,ANSS,0.0,0.0,0.0,0.0,3.0,-3.0,5.0,False,2238.0,2.0,False,
2026-05-14,ANTA,0.0,0.0,0.0,0.0031268772096605343,3.0,28.268772096605343,5.0,True,470.0,5.0,True,
2026-05-14,ANTH,0.0,0.0,0.0,0.0,3.0,-3.0,5.0,False,2239.0,2.0,False,
2026-05-14,ANTX,0.0,0.0,0.0,0.0019765753391776226,3.0,16.765753391776226,5.0,True,840.0,4.0,False,
2026-05-14,ANY,0.0,0.0,0.0,-0.00087608324024916,3.0,-11.7608324024916,5.0,False,6752.0,2.0,False,
2026-05-14,ANZU,0.0,0.0,0.0,0.0,3.0,-3.0,5.0,False,2240.0,2.0,False,
2026-05-14,AOBC,0.0,0.0,0.0,0.0,3.0,-3.0,5.0,False,2241.0,2.0,False,
2026-05-14,AOGO,0.0,0.0,0.0,0.0,3.0,-3.0,5.0,False,2242.0,2.0,False,
2026-05-14,AONC,0.0,0.0,0.0,0.0,3.0,-3.0,5.0,False,2243.0,2.0,False,
2026-05-14,AOSL,0.0,0.0,0.0,0.004762299881422586,3.0,44.62299881422586,5.0,True,208.0,5.0,True,
2026-05-14,AOUT,0.0,0.0,0.0,-0.003457703979244369,3.0,-37.57703979244369,5.0,False,7226.0,1.0,True,
2026-05-14,APA,0.0,0.0,0.0,0.004332597355405929,3.0,40.32597355405929,5.0,True,250.0,5.0,True,
2026-05-14,APAC,0.0,0.0,0.0,0.0,3.0,-3.0,5.0,False,2244.0,2.0,False,
2026-05-14,APAD,0.0,0.0,0.0,0.0,3.0,-3.0,5.0,False,2245.0,2.0,False,
2026-05-14,APAG.F,0.0,0.0,0.0,0.0,3.0,-3.0,5.0,False,2246.0,2.0,False,
2026-05-14,APC,0.0,0.0,0.0,0.0034470018983198216,3.0,31.470018983198216,5.0,True,401.0,5.0,True,
2026-05-14,APCVZ,0.0,0.0,0.0,0.0,3.0,-3.0,5.0,False,2247.0,2.0,False,
2026-05-14,APCX,0.0,0.0,0.0,0.0,3.0,-3.0,5.0,False,2248.0,2.0,False,
2026-05-14,APDN,0.0,0.0,0.0,0.0,3.0,-3.0,5.0,False,2249.0,2.0,False,
2026-05-14,APDN.W,0.0,0.0,0.0,0.0,3.0,-3.0,5.0,False,2250.0,2.0,False,
2026-05-14,APEI,0.0,0.0,0.0,0.00017716395804868757,3.0,-1.2283604195131244,5.0,False,1897.0,3.0,True,
2026-05-14,APEN,0.0,0.0,0.0,0.0,3.0,-3.0,5.0,False,2251.0,2.0,False,
2026-05-14,APEX,0.0,0.0,0.0,0.0,3.0,-3.0,5.0,False,2252.0,2.0,False,
2026-05-14,APGE,0.0,0.0,0.0,0.0015428179785711045,3.0,12.428179785711045,5.0,True,1043.0,4.0,True,
2026-05-14,APGN,0.0,0.0,0.0,0.0,3.0,-3.0,5.0,False,2253.0,2.0,False,
2026-05-14,APHA,0.0,0.0,0.0,0.0,3.0,-3.0,5.0,False,2254.0,2.0,False,
2026-05-14,APIC,0.0,0.0,0.0,0.0,3.0,-3.0,5.0,False,2255.0,2.0,False,
2026-05-14,APKT,0.0,0.0,0.0,0.0,3.0,-3.0,5.0,False,2256.0,2.0,False,
2026-05-14,APLD,0.004457310267857143,0.004464285714285714,-6.975446428571404e-06,0.007949031858943757,3.0,76.49031858943756,5.0,True,39.0,5.0,True,"SELL because predicted alpha is in the top decile. Net alpha after estimated 3.0 bps trading cost is 76.49 bps versus threshold 5.00 bps. Main contributors were mom_252, mom_21, mom_5. Price filter passed; liquidity filter passed."
2026-05-14,APLM,0.0,0.0,0.0,-0.0018490502240601971,3.0,-21.49050224060197,5.0,False,6983.0,1.0,True,
2026-05-14,APLP,0.0,0.0,0.0,0.0,3.0,-3.0,5.0,False,2257.0,2.0,False,
2026-05-14,APLS,0.0,-0.004464285714285714,0.004464285714285714,0.0,3.0,-3.0,5.0,False,2258.0,2.0,False,COVER because predicted alpha is in the cost-adjusted no-position band. Net alpha after estimated 3.0 bps trading cost is -3.00 bps versus threshold 5.00 bps. Main contributors were the cross-sectional factor mix. Price filter failed; liquidity filter failed.
2026-05-14,APLT,0.0,0.0,0.0,0.0,3.0,-3.0,5.0,False,2259.0,2.0,False,
2026-05-14,APM,0.0,0.0,0.0,-0.00012299555898628747,3.0,-4.2299555898628745,5.0,False,6435.0,2.0,False,
2026-05-14,APMI,0.0,0.0,0.0,0.0,3.0,-3.0,5.0,False,2260.0,2.0,False,
2026-05-14,APOG,0.0,0.0,0.0,0.0008828514064436924,3.0,5.8285140644369235,5.0,True,1450.0,4.0,True,
2026-05-14,APOL,0.0,0.0,0.0,0.0,3.0,-3.0,5.0,False,2261.0,2.0,False,
2026-05-14,APOP.W,0.0,0.0,0.0,0.0,3.0,-3.0,5.0,False,2262.0,2.0,False,
2026-05-14,APP,0.0,0.0,0.0,-0.002254699743625603,3.0,-25.54699743625603,5.0,False,7072.0,1.0,True,
2026-05-14,APPF,0.0,0.0,0.0,0.0013060582782345182,3.0,10.060582782345183,5.0,True,1186.0,4.0,True,
2026-05-14,APPH,0.0,0.0,0.0,0.0,3.0,-3.0,5.0,False,2263.0,2.0,False,
2026-05-14,APPN,0.0,0.0,0.0,-0.001595292020915538,3.0,-18.95292020915538,5.0,False,6934.0,1.0,True,
2026-05-14,APPS,0.0,0.0,0.0,0.0015430071275898771,3.0,12.430071275898772,5.0,True,1042.0,4.0,False,
2026-05-14,APPY,0.0,0.0,0.0,0.0,3.0,-3.0,5.0,False,2264.0,2.0,False,
2026-05-14,APR,0.0,0.0,0.0,0.0,3.0,-3.0,5.0,False,2265.0,2.0,False,
2026-05-14,APRE,0.0,0.0,0.0,-0.0009173622030315109,3.0,-12.173622030315109,5.0,False,6770.0,2.0,False,
2026-05-14,APRI,0.0,0.0,0.0,0.0,3.0,-3.0,5.0,False,2266.0,2.0,False,
2026-05-14,APRN,0.0,0.0,0.0,0.0,3.0,-3.0,5.0,False,2267.0,2.0,False,
2026-05-14,APSA,0.0,0.0,0.0,0.0,3.0,-3.0,5.0,False,2268.0,2.0,False,
2026-05-14,APTI,0.0,0.0,0.0,0.0,3.0,-3.0,5.0,False,2269.0,2.0,False,
2026-05-14,APTM,0.0,0.0,0.0,0.0,3.0,-3.0,5.0,False,2270.0,2.0,False,
2026-05-14,APTO,0.0,0.0,0.0,0.0,3.0,-3.0,5.0,False,2271.0,2.0,False,
2026-05-14,APTX,0.0,0.0,0.0,0.0,3.0,-3.0,5.0,False,2272.0,2.0,False,
2026-05-14,APVO,0.0,0.0,0.0,-0.0003984939816790756,3.0,-6.984939816790756,5.0,False,6577.0,2.0,False,
2026-05-14,APVO.V,0.0,0.0,0.0,0.0,3.0,-3.0,5.0,False,2273.0,2.0,False,
2026-05-14,APWC,0.0,0.0,0.0,0.0042780106725379356,3.0,39.780106725379355,5.0,True,259.0,5.0,False,
2026-05-14,APWR,0.0,0.0,0.0,0.0,3.0,-3.0,5.0,False,2274.0,2.0,False,
2026-05-14,APXI,0.0,0.0,0.0,0.0,3.0,-3.0,5.0,False,2275.0,2.0,False,
2026-05-14,APXT,-0.003676060267857143,-0.004464285714285714,0.0007882254464285712,-0.0009754807553463861,3.0,6.754807553463861,5.0,True,6783.0,2.0,True,"COVER because predicted alpha is in the bottom decile. Net alpha after estimated 3.0 bps trading cost is 6.75 bps versus threshold 5.00 bps. Main contributors were hl_range_20, volatility_20, close_to_high_20. Price filter passed; liquidity filter passed."
2026-05-14,APYX,0.0,0.0,0.0,-0.003765698334064526,3.0,-40.65698334064526,5.0,False,7251.0,1.0,False,
2026-05-14,AQB,0.0,0.0,0.0,-0.006866657813901382,3.0,-71.66657813901382,5.0,False,7412.0,1.0,False,
2026-05-14,AQBTV,0.0,0.0,0.0,0.0,3.0,-3.0,5.0,False,2276.0,2.0,False,
2026-05-14,AQMS,0.0,0.0,0.0,0.0028989055410512557,3.0,25.989055410512556,5.0,True,526.0,5.0,False,
2026-05-14,AQST,0.0,0.0,0.0,-0.002102278378802831,3.0,-24.02278378802831,5.0,False,7041.0,1.0,False,
2026-05-14,AQU,0.0,0.0,0.0,0.0,3.0,-3.0,5.0,False,2277.0,2.0,False,
2026-05-14,AQUU.U,0.0,0.0,0.0,0.0,3.0,-3.0,5.0,False,2278.0,2.0,False,
2026-05-14,AQUU.W,0.0,0.0,0.0,0.0,3.0,-3.0,5.0,False,2279.0,2.0,False,
2026-05-14,AQXP,0.0,0.0,0.0,0.0,3.0,-3.0,5.0,False,2280.0,2.0,False,
2026-05-14,ARAI,0.0,0.0,0.0,-0.00189637206408008,3.0,-21.963720640800798,5.0,False,6989.0,1.0,False,
2026-05-14,ARAV,0.0,0.0,0.0,0.0,3.0,-3.0,5.0,False,2281.0,2.0,False,
2026-05-14,ARAY,0.0,0.0,0.0,0.00020068750410462047,3.0,-0.9931249589537954,5.0,False,1882.0,3.0,False,
2026-05-14,ARBA,0.0,0.0,0.0,0.0,3.0,-3.0,5.0,False,2282.0,2.0,False,
2026-05-14,ARBB,0.0,0.0,0.0,-0.00172289441011322,3.0,-20.2289441011322,5.0,False,6954.0,1.0,False,
2026-05-14,ARBE,0.0,0.0,0.0,0.0025233016947905224,3.0,22.233016947905224,5.0,True,633.0,5.0,False,
2026-05-14,ARBG,0.0,0.0,0.0,0.0,3.0,-3.0,5.0,False,2283.0,2.0,False,
2026-05-14,ARBKL,0.0,0.0,0.0,0.0,3.0,-3.0,5.0,False,2284.0,2.0,False,
2026-05-14,ARCB,-0.00078125,0.0,-0.00078125,-0.004382833512691684,3.0,40.82833512691684,5.0,True,7298.0,1.0,True,"SHORT because predicted alpha is in the bottom decile. Net alpha after estimated 3.0 bps trading cost is 40.83 bps versus threshold 5.00 bps. Main contributors were volume_z_60, intraday_return, mom_126. Price filter passed; liquidity filter passed."
2026-05-14,ARCC,0.0,0.0,0.0,0.0016392989660839396,3.0,13.392989660839397,5.0,True,995.0,4.0,True,
2026-05-14,ARCE,0.0,0.0,0.0,0.0,3.0,-3.0,5.0,False,2285.0,2.0,False,
2026-05-14,ARCI,0.0,0.0,0.0,-0.0005344305221639759,3.0,-8.34430522163976,5.0,False,6640.0,2.0,True,
2026-05-14,ARCK,0.0,0.0,0.0,0.0,3.0,-3.0,5.0,False,2286.0,2.0,False,
2026-05-14,ARCP,0.0,0.0,0.0,0.0,3.0,-3.0,5.0,False,2287.0,2.0,False,
2026-05-14,ARCP.P,0.0,0.0,0.0,0.0,3.0,-3.0,5.0,False,2288.0,2.0,False,
2026-05-14,ARCT,0.0,0.0,0.0,0.0012402599999271323,3.0,9.402599999271322,5.0,True,1221.0,4.0,True,
2026-05-14,ARCW,0.0,0.0,0.0,0.0,3.0,-3.0,5.0,False,2289.0,2.0,False,
2026-05-14,ARDM,0.0,0.0,0.0,0.0,3.0,-3.0,5.0,False,2290.0,2.0,False,
2026-05-14,ARDS,0.0,0.0,0.0,0.0,3.0,-3.0,5.0,False,2291.0,2.0,False,
2026-05-14,ARDX,0.0,0.0,0.0,0.000427067684415357,3.0,1.27067684415357,5.0,False,1758.0,3.0,True,
2026-05-14,AREB,0.0,0.0,0.0,0.0,3.0,-3.0,5.0,False,2292.0,2.0,False,
2026-05-14,AREC,0.0,0.0,0.0,0.0016941202766713203,3.0,13.941202766713204,5.0,True,964.0,4.0,False,
2026-05-14,AREX,0.0,0.0,0.0,0.0,3.0,-3.0,5.0,False,2293.0,2.0,False,
2026-05-14,ARGS,0.0,0.0,0.0,0.0,3.0,-3.0,5.0,False,2294.0,2.0,False,
2026-05-14,ARGU,0.0,0.0,0.0,0.0,3.0,-3.0,5.0,False,2295.0,2.0,False,
2026-05-14,ARHS,0.0,0.0,0.0,-0.0011523598970159515,3.0,-14.523598970159515,5.0,False,6830.0,1.0,True,
2026-05-14,ARIA,0.0,0.0,0.0,0.0,3.0,-3.0,5.0,False,2296.0,2.0,False,
2026-05-14,ARII,0.0,0.0,0.0,0.0,3.0,-3.0,5.0,False,2297.0,2.0,False,
2026-05-14,ARIZ,0.0,0.0,0.0,0.0,3.0,-3.0,5.0,False,2298.0,2.0,False,
2026-05-14,ARKO,0.0,0.0,0.0,0.0010327056100258838,3.0,7.327056100258838,5.0,True,1347.0,4.0,True,
2026-05-14,ARKR,0.0,0.0,0.0,-0.005722302873730215,3.0,-60.22302873730215,5.0,False,7367.0,1.0,True,
2026-05-14,ARLP,0.0,0.0,0.0,0.0008269559352508984,3.0,5.269559352508985,5.0,True,1487.0,4.0,True,
2026-05-14,ARLZ,0.0,0.0,0.0,0.0,3.0,-3.0,5.0,False,2299.0,2.0,False,
2026-05-14,ARMO,0.0,0.0,0.0,0.0,3.0,-3.0,5.0,False,2300.0,2.0,False,
2026-05-14,ARNA,0.0,0.0,0.0,0.0,3.0,-3.0,5.0,False,2301.0,2.0,False,
2026-05-14,AROW,0.0,0.0,0.0,0.00100804725610394,3.0,7.080472561039398,5.0,True,1366.0,4.0,True,
2026-05-14,ARPO,0.0,0.0,0.0,0.0,3.0,-3.0,5.0,False,2302.0,2.0,False,
2026-05-14,ARQ,0.0,0.0,0.0,-0.0018802295258162206,3.0,-21.802295258162207,5.0,False,6984.0,1.0,False,
2026-05-14,ARQL,0.0,0.0,0.0,0.0,3.0,-3.0,5.0,False,2303.0,2.0,False,
2026-05-14,ARQQ,0.0,0.0,0.0,-0.0017023034620269064,3.0,-20.023034620269065,5.0,False,6950.0,1.0,True,
2026-05-14,ARQT,-0.003676060267857143,-0.004464285714285714,0.0007882254464285712,0.0011736024336739695,3.0,-14.736024336739694,5.0,False,1260.0,4.0,True,"COVER because predicted alpha is in the bottom decile. Net alpha after estimated 3.0 bps trading cost is -14.74 bps versus threshold 5.00 bps. Main contributors were hl_range_20, gross_margin, mom_21. Price filter passed; liquidity filter passed."
2026-05-14,ARRS,0.0,0.0,0.0,0.0,3.0,-3.0,5.0,False,2304.0,2.0,False,
2026-05-14,ARRW,0.0,0.0,0.0,0.0,3.0,-3.0,5.0,False,2305.0,2.0,False,
2026-05-14,ARRY,0.0,0.0,0.0,0.0029483883335372297,3.0,26.483883335372298,5.0,True,515.0,5.0,True,
2026-05-14,ARST,0.0,0.0,0.0,0.0,3.0,-3.0,5.0,False,2306.0,2.0,False,
2026-05-14,ARTA,0.0,0.0,0.0,0.0,3.0,-3.0,5.0,False,2307.0,2.0,False,
2026-05-14,ARTC,0.0,0.0,0.0,-0.00010090653369665067,3.0,-4.009065336966507,5.0,False,6422.0,2.0,True,
2026-05-14,ARTE,0.0,0.0,0.0,0.0,3.0,-3.0,5.0,False,2308.0,2.0,False,
2026-05-14,ARTG,0.0,0.0,0.0,0.0,3.0,-3.0,5.0,False,2309.0,2.0,False,
2026-05-14,ARTL,0.0,0.0,0.0,-0.00836513542204543,3.0,-86.65135422045431,5.0,False,7452.0,1.0,False,
2026-05-14,ARTNA,0.0,0.0,0.0,0.0018602123768364435,3.0,15.602123768364436,5.0,True,891.0,4.0,True,
2026-05-14,ARTV,0.0,0.0,0.0,0.0007508100587107419,3.0,4.5081005871074185,5.0,False,1534.0,3.0,True,
2026-05-14,ARTW,0.0,0.0,0.0,0.0036895152742717494,3.0,33.89515274271749,5.0,True,354.0,5.0,False,
2026-05-14,ARTX,0.0,0.0,0.0,0.0,3.0,-3.0,5.0,False,2310.0,2.0,False,
2026-05-14,ARUN,0.0,0.0,0.0,0.0,3.0,-3.0,5.0,False,2311.0,2.0,False,
2026-05-14,ARVL,0.0,0.0,0.0,0.0,3.0,-3.0,5.0,False,2312.0,2.0,False,
2026-05-14,ARVN,0.0,0.0,0.0,0.001275387308620203,3.0,9.753873086202029,5.0,True,1204.0,4.0,True,
2026-05-14,ARWA,0.0,0.0,0.0,0.0,3.0,-3.0,5.0,False,2313.0,2.0,False,
2026-05-14,ARWA.R,0.0,0.0,0.0,0.0,3.0,-3.0,5.0,False,2314.0,2.0,False,
2026-05-14,ARWA.W,0.0,0.0,0.0,0.0,3.0,-3.0,5.0,False,2315.0,2.0,False,
2026-05-14,ARWR,0.0,0.0,0.0,0.004538705961126748,3.0,42.38705961126748,5.0,True,230.0,5.0,True,
2026-05-14,ARXS,0.0,0.0,0.0,-0.0003920222205958195,3.0,-6.920222205958195,5.0,False,6575.0,2.0,True,
2026-05-14,ARYA,0.0,0.0,0.0,0.0,3.0,-3.0,5.0,False,2316.0,2.0,False,
2026-05-14,ARYB,0.0,0.0,0.0,0.0,3.0,-3.0,5.0,False,2317.0,2.0,False,
2026-05-14,ARYD,0.0,0.0,0.0,0.0,3.0,-3.0,5.0,False,2318.0,2.0,False,
2026-05-14,ARYE,0.0,0.0,0.0,0.0,3.0,-3.0,5.0,False,2319.0,2.0,False,
2026-05-14,ASAP,0.0,0.0,0.0,0.0,3.0,-3.0,5.0,False,2320.0,2.0,False,
2026-05-14,ASAX,0.0,0.0,0.0,0.0,3.0,-3.0,5.0,False,2321.0,2.0,False,
2026-05-14,ASBB,0.0,0.0,0.0,0.0,3.0,-3.0,5.0,False,2322.0,2.0,False,
2026-05-14,ASBC.W,0.0,0.0,0.0,0.0,3.0,-3.0,5.0,False,2323.0,2.0,False,
2026-05-14,ASBI,0.0,0.0,0.0,0.0,3.0,-3.0,5.0,False,2324.0,2.0,False,
2026-05-14,ASBP,-0.00078125,0.0,-0.00078125,-0.025898203491511618,3.0,255.98203491511617,5.0,True,7565.0,1.0,True,"SHORT because predicted alpha is in the bottom decile. Net alpha after estimated 3.0 bps trading cost is 255.98 bps versus threshold 5.00 bps. Main contributors were parkinson_vol_20, intraday_return, volatility_63. Price filter passed; liquidity filter passed."
2026-05-14,ASCA,0.0,0.0,0.0,0.0,3.0,-3.0,5.0,False,2325.0,2.0,False,
2026-05-14,ASCB,0.0,0.0,0.0,0.0,3.0,-3.0,5.0,False,2326.0,2.0,False,
2026-05-14,ASCM.A,0.0,0.0,0.0,0.0,3.0,-3.0,5.0,False,2327.0,2.0,False,
2026-05-14,ASCMA,0.0,0.0,0.0,0.0,3.0,-3.0,5.0,False,2328.0,2.0,False,
2026-05-14,ASDR,0.0,0.0,0.0,0.0,3.0,-3.0,5.0,False,2329.0,2.0,False,
2026-05-14,ASEI,0.0,0.0,0.0,0.0,3.0,-3.0,5.0,False,2330.0,2.0,False,
2026-05-14,ASFI,0.0,0.0,0.0,0.0,3.0,-3.0,5.0,False,2331.0,2.0,False,
2026-05-14,ASLE,0.0,0.0,0.0,-0.0004527615696423949,3.0,-7.52761569642395,5.0,False,6610.0,2.0,True,
2026-05-14,ASMB,0.00078125,0.0,0.00078125,0.005060762090741256,3.0,47.60762090741257,5.0,True,182.0,5.0,True,"BUY because predicted alpha is in the top decile. Net alpha after estimated 3.0 bps trading cost is 47.61 bps versus threshold 5.00 bps. Main contributors were intraday_return, parkinson_vol_20, volume_z_60. Price filter passed; liquidity filter passed."
2026-05-14,ASMI,0.0,0.0,0.0,0.0,3.0,-3.0,5.0,False,2332.0,2.0,False,
2026-05-14,ASNA,0.0,0.0,0.0,0.0,3.0,-3.0,5.0,False,2333.0,2.0,False,
2026-05-14,ASND,0.0,0.0,0.0,0.0022689333972386316,3.0,19.689333972386315,5.0,True,746.0,5.0,True,
2026-05-14,ASNS,0.0,0.0,0.0,0.0,3.0,-3.0,5.0,False,2334.0,2.0,False,
2026-05-14,ASO,0.0,0.0,0.0,0.0009609076620600656,3.0,6.609076620600657,5.0,True,1402.0,4.0,True,
2026-05-14,ASPA,0.0,0.0,0.0,0.0,3.0,-3.0,5.0,False,2335.0,2.0,False,
2026-05-14,ASPC,0.0,0.0,0.0,-0.000882437319630045,3.0,-11.82437319630045,5.0,False,6758.0,2.0,True,
2026-05-14,ASPI,0.00078125,0.0,0.00078125,0.006937749818193022,3.0,66.37749818193022,5.0,True,68.0,5.0,True,"BUY because predicted alpha is in the top decile. Net alpha after estimated 3.0 bps trading cost is 66.38 bps versus threshold 5.00 bps. Main contributors were mom_5, revenue_growth_yoy, intraday_return. Price filter passed; liquidity filter passed."
2026-05-14,ASPS,0.0,0.0,0.0,0.0028562059799550196,3.0,25.562059799550195,5.0,True,535.0,5.0,True,
2026-05-14,ASPU,0.0,0.0,0.0,0.0,3.0,-3.0,5.0,False,2336.0,2.0,False,
2026-05-14,ASPX,0.0,0.0,0.0,0.0,3.0,-3.0,5.0,False,2337.0,2.0,False,
2026-05-14,ASRT,0.0,0.0,0.0,0.0014409461956371304,3.0,11.409461956371304,5.0,True,1114.0,4.0,True,
2026-05-14,ASRV,0.0,0.0,0.0,0.0011682504544365268,3.0,8.682504544365269,5.0,True,1267.0,4.0,False,
2026-05-14,ASRV.P,0.0,0.0,0.0,0.0,3.0,-3.0,5.0,False,2338.0,2.0,False,
2026-05-14,ASST,0.003676060267857143,0.004464285714285714,-0.0007882254464285712,0.0019385716323086911,3.0,16.38571632308691,5.0,True,857.0,4.0,True,"SELL because predicted alpha is in the top decile. Net alpha after estimated 3.0 bps trading cost is 16.39 bps versus threshold 5.00 bps. Main contributors were mom_63, mom_5, mom_21. Price filter passed; liquidity filter passed."
2026-05-14,ASTC,0.0,0.0,0.0,4.662813049525414e-06,3.0,-2.9533718695047457,5.0,False,1987.0,3.0,False,
2026-05-14,ASTE,0.0,0.0,0.0,0.00030470923586463274,3.0,0.04709235864632744,5.0,False,1819.0,3.0,True,
2026-05-14,ASTH,0.0,0.0,0.0,0.004811909096614731,3.0,45.119090966147304,5.0,True,204.0,5.0,True,
2026-05-14,ASTI,0.0,0.0,0.0,-0.0015329347874362433,3.0,-18.329347874362433,5.0,False,6921.0,1.0,True,
2026-05-14,ASTL,-0.003676060267857143,-0.004464285714285714,0.0007882254464285712,-0.0017568719706412162,3.0,14.56871970641216,5.0,True,6957.0,1.0,True,"COVER because predicted alpha is in the bottom decile. Net alpha after estimated 3.0 bps trading cost is 14.57 bps versus threshold 5.00 bps. Main contributors were intraday_return, volume_z_60, mom_126. Price filter passed; liquidity filter passed."
2026-05-14,ASTM,0.0,0.0,0.0,0.0,3.0,-3.0,5.0,False,2339.0,2.0,False,
2026-05-14,ASTR,0.0,0.0,0.0,0.0,3.0,-3.0,5.0,False,2340.0,2.0,False,
2026-05-14,ASTS,0.0,0.0,0.0,0.0015038214475231416,3.0,12.038214475231417,5.0,True,1069.0,4.0,True,
2026-05-14,ASUR,0.0,0.0,0.0,0.0005718083399880874,3.0,2.718083399880874,5.0,False,1658.0,3.0,True,
2026-05-14,ASV,0.0,0.0,0.0,0.0,3.0,-3.0,5.0,False,2341.0,2.0,False,
2026-05-14,ASYS,0.003676060267857143,0.004464285714285714,-0.0007882254464285712,0.00429174503552381,3.0,39.9174503552381,5.0,True,258.0,5.0,True,"SELL because predicted alpha is in the top decile. Net alpha after estimated 3.0 bps trading cost is 39.92 bps versus threshold 5.00 bps. Main contributors were mom_252, mom_5, mom_63. Price filter passed; liquidity filter passed."
2026-05-14,ATAI,0.0,0.0,0.0,0.007926275868707488,3.0,76.26275868707488,5.0,True,41.0,5.0,False,
2026-05-14,ATAK,0.0,0.0,0.0,0.0,3.0,-3.0,5.0,False,2342.0,2.0,False,
2026-05-14,ATCX,0.0,0.0,0.0,0.0030679621223741555,3.0,27.679621223741556,5.0,True,480.0,5.0,True,
2026-05-14,ATEA,0.0,0.0,0.0,0.0,3.0,-3.0,5.0,False,2343.0,2.0,False,
2026-05-14,ATEC,0.0,0.0,0.0,-0.0009508294599359246,3.0,-12.508294599359246,5.0,False,6777.0,2.0,True,
2026-05-14,ATER,0.0,0.0,0.0,-0.0066956090506396695,3.0,-69.95609050639669,5.0,False,7409.0,1.0,False,
2026-05-14,ATEX,0.003676060267857143,0.004464285714285714,-0.0007882254464285712,0.003800240541708318,3.0,35.00240541708318,5.0,True,338.0,5.0,True,"SELL because predicted alpha is in the top decile. Net alpha after estimated 3.0 bps trading cost is 35.00 bps versus threshold 5.00 bps. Main contributors were parkinson_vol_20, mom_21, mom_63. Price filter passed; liquidity filter passed."
2026-05-14,ATGL,0.0,0.0,0.0,-0.009180836504755954,3.0,-94.80836504755953,5.0,False,7467.0,1.0,True,
2026-05-14,ATHA,0.0,0.0,0.0,0.0,3.0,-3.0,5.0,False,2344.0,2.0,False,
2026-05-14,ATHR,0.0,0.0,0.0,-0.0012767172461607594,3.0,-15.767172461607595,5.0,False,6867.0,1.0,False,
2026-05-14,ATHX,0.0,0.0,0.0,0.0,3.0,-3.0,5.0,False,2345.0,2.0,False,
2026-05-14,ATIF,0.0,0.0,0.0,0.0,3.0,-3.0,5.0,False,2346.0,2.0,False,
2026-05-14,ATII,0.0,0.0,0.0,0.00013151115626710338,3.0,-1.6848884373289663,5.0,False,1917.0,3.0,True,
2026-05-14,ATIS,0.0,0.0,0.0,0.0,3.0,-3.0,5.0,False,2347.0,2.0,False,
2026-05-14,ATLC,0.0,0.0,0.0,-1.2237019233378807e-05,3.0,-3.122370192333788,5.0,False,6385.0,2.0,True,
2026-05-14,ATLCL,0.0,0.0,0.0,-0.0004087723100334563,3.0,-7.087723100334562,5.0,False,6584.0,2.0,True,
2026-05-14,ATLCZ,0.0,0.0,0.0,-0.0006452893445950346,3.0,-9.452893445950346,5.0,False,6676.0,2.0,True,
2026-05-14,ATLN,0.0,0.0,0.0,-0.004722081876856334,3.0,-50.22081876856333,5.0,False,7313.0,1.0,False,
2026-05-14,ATLO,0.0,0.0,0.0,0.00010405169486509942,3.0,-1.9594830513490058,5.0,False,1934.0,3.0,True,
2026-05-14,ATLX,0.0,0.0,0.0,-0.0033248627028831133,3.0,-36.24862702883113,5.0,False,7207.0,1.0,False,
2026-05-14,ATMC,0.0,0.0,0.0,0.0,3.0,-3.0,5.0,False,2348.0,2.0,False,
2026-05-14,ATML,0.0,0.0,0.0,0.0,3.0,-3.0,5.0,False,2349.0,2.0,False,
2026-05-14,ATMV,0.0,0.0,0.0,0.0,3.0,-3.0,5.0,False,2350.0,2.0,False,
2026-05-14,ATNF,0.0,0.0,0.0,0.0,3.0,-3.0,5.0,False,2351.0,2.0,False,
2026-05-14,ATNI,0.0,0.0,0.0,0.0019553655369751862,3.0,16.553655369751862,5.0,True,848.0,4.0,True,
2026-05-14,ATNX,0.0,0.0,0.0,0.0,3.0,-3.0,5.0,False,2352.0,2.0,False,
2026-05-14,ATNY,0.0,0.0,0.0,0.0,3.0,-3.0,5.0,False,2353.0,2.0,False,
2026-05-14,ATOM,-0.003676060267857143,-0.004464285714285714,0.0007882254464285712,-4.8259322547184884e-05,3.0,-2.517406774528151,5.0,False,6405.0,2.0,True,"COVER because predicted alpha is in the bottom decile. Net alpha after estimated 3.0 bps trading cost is -2.52 bps versus threshold 5.00 bps. Main contributors were parkinson_vol_20, mom_126, volatility_10. Price filter passed; liquidity filter passed."
2026-05-14,ATON,0.0,0.0,0.0,0.0,3.0,-3.0,5.0,False,2354.0,2.0,False,
2026-05-14,ATOS,0.0,0.0,0.0,-0.0002009281340107497,3.0,-5.009281340107497,5.0,False,6479.0,2.0,True,
2026-05-14,ATPC,0.0,0.0,0.0,-0.0031783982224854825,3.0,-34.783982224854824,5.0,False,7196.0,1.0,False,
2026-05-14,ATPG,0.0,0.0,0.0,0.0,3.0,-3.0,5.0,False,2355.0,2.0,False,
2026-05-14,ATRA,0.0,0.0,0.0,0.0016249282197091112,3.0,13.249282197091112,5.0,True,1000.0,4.0,True,
2026-05-14,ATRC,0.0,0.0,0.0,-0.001447391860013398,3.0,-17.47391860013398,5.0,False,6906.0,1.0,True,
2026-05-14,ATRI,0.0,0.0,0.0,0.0,3.0,-3.0,5.0,False,2356.0,2.0,False,
2026-05-14,ATRM,0.0,0.0,0.0,0.0,3.0,-3.0,5.0,False,2357.0,2.0,False,
2026-05-14,ATRO,-0.003676060267857143,-0.004464285714285714,0.0007882254464285712,0.0012001633816847899,3.0,-15.001633816847898,5.0,False,1245.0,4.0,True,"COVER because predicted alpha is in the bottom decile. Net alpha after estimated 3.0 bps trading cost is -15.00 bps versus threshold 5.00 bps. Main contributors were intraday_return, mom_126, mom_10. Price filter passed; liquidity filter passed."
2026-05-14,ATRS,0.0,0.0,0.0,0.0,3.0,-3.0,5.0,False,2358.0,2.0,False,
2026-05-14,ATSG,0.0,0.0,0.0,0.0,3.0,-3.0,5.0,False,2359.0,2.0,False,
2026-05-14,ATSPT,0.0,0.0,0.0,0.0,3.0,-3.0,5.0,False,2360.0,2.0,False,
2026-05-14,ATTU,0.0,0.0,0.0,0.0,3.0,-3.0,5.0,False,2361.0,2.0,False,
2026-05-14,ATVC,0.0,0.0,0.0,0.0,3.0,-3.0,5.0,False,2362.0,2.0,False,
2026-05-14,ATVI,0.0,0.0,0.0,0.0,3.0,-3.0,5.0,False,2363.0,2.0,False,
2026-05-14,ATXG,0.0,0.0,0.0,0.0005187150314921382,3.0,2.1871503149213822,5.0,False,1692.0,3.0,True,
2026-05-14,ATXI,0.0,0.0,0.0,0.0,3.0,-3.0,5.0,False,2364.0,2.0,False,
2026-05-14,ATXS,0.0,0.0,0.0,0.0,3.0,-3.0,5.0,False,2365.0,2.0,False,
2026-05-14,ATY,0.0,0.0,0.0,0.0,3.0,-3.0,5.0,False,2366.0,2.0,False,
2026-05-14,ATYR,0.0,0.0,0.0,-0.024561623874623274,3.0,-248.61623874623274,5.0,False,7560.0,1.0,False,
2026-05-14,AUBN,0.0,0.0,0.0,-0.0006917761651138817,3.0,-9.917761651138818,5.0,False,6693.0,2.0,True,
2026-05-14,AUDC,0.0,0.0,0.0,0.0027406445520466137,3.0,24.406445520466136,5.0,True,569.0,5.0,True,
2026-05-14,AUGO,0.0,0.0,0.0,6.998544704964204e-05,3.0,-2.3001455295035793,5.0,False,1956.0,3.0,True,
2026-05-14,AUGX,0.0,0.0,0.0,0.0,3.0,-3.0,5.0,False,2367.0,2.0,False,
2026-05-14,AUID,0.0,0.0,0.0,-0.0025811056762099494,3.0,-28.811056762099494,5.0,False,7125.0,1.0,False,
2026-05-14,AUMA,0.0,0.0,0.0,0.0,3.0,-3.0,5.0,False,2368.0,2.0,False,
2026-05-14,AUMA.U,0.0,0.0,0.0,0.0,3.0,-3.0,5.0,False,2369.0,2.0,False,
2026-05-14,AUMA.W,0.0,0.0,0.0,0.0,3.0,-3.0,5.0,False,2370.0,2.0,False,
2026-05-14,AUPH,0.0,0.0,0.0,0.003370852924902905,3.0,30.70852924902905,5.0,True,418.0,5.0,True,
2026-05-14,AUR,0.00078125,0.0,0.00078125,0.007751283235492751,3.0,74.51283235492751,5.0,True,46.0,5.0,True,"BUY because predicted alpha is in the top decile. Net alpha after estimated 3.0 bps trading cost is 74.51 bps versus threshold 5.00 bps. Main contributors were gross_margin, close_to_low_20, mom_21. Price filter passed; liquidity filter passed."
2026-05-14,AURA,0.0,0.0,0.0,0.0017184386928451793,3.0,14.184386928451794,5.0,True,951.0,4.0,True,
2026-05-14,AURC,0.0,0.0,0.0,0.0,3.0,-3.0,5.0,False,2371.0,2.0,False,
2026-05-14,AURE,0.0,0.0,0.0,-0.0022834245694123,3.0,-25.834245694123,5.0,False,7083.0,1.0,False,
2026-05-14,AUTH,0.0,0.0,0.0,0.0,3.0,-3.0,5.0,False,2372.0,2.0,False,
2026-05-14,AUTO,0.0,0.0,0.0,0.0,3.0,-3.0,5.0,False,2373.0,2.0,False,
2026-05-14,AUUD,0.0,0.0,0.0,-0.010515720551747623,3.0,-108.15720551747623,5.0,False,7486.0,1.0,False,
2026-05-14,AUVI,0.0,0.0,0.0,0.0,3.0,-3.0,5.0,False,2374.0,2.0,False,
2026-05-14,AUXL,0.0,0.0,0.0,0.0,3.0,-3.0,5.0,False,2375.0,2.0,False,
2026-05-14,AVAC,0.0,0.0,0.0,0.0,3.0,-3.0,5.0,False,2376.0,2.0,False,
2026-05-14,AVAH,-0.004457310267857143,-0.004464285714285714,6.975446428571404e-06,-0.00550998908510686,3.0,52.0998908510686,5.0,True,7356.0,1.0,True,"COVER because predicted alpha is in the bottom decile. Net alpha after estimated 3.0 bps trading cost is 52.10 bps versus threshold 5.00 bps. Main contributors were volume_z_60, intraday_return, overnight_return. Price filter passed; liquidity filter passed."
2026-05-14,AVAV,0.0,0.0,0.0,0.0017968806443329915,3.0,14.968806443329914,5.0,True,918.0,4.0,True,
2026-05-14,AVBH,0.0,0.0,0.0,0.0006163773317710603,3.0,3.1637733177106027,5.0,False,1630.0,3.0,True,
2026-05-14,AVBP,0.0,0.0,0.0,0.0018316099784478688,3.0,15.316099784478688,5.0,True,903.0,4.0,True,
2026-05-14,AVCO,0.0,0.0,0.0,0.0,3.0,-3.0,5.0,False,2377.0,2.0,False,
2026-05-14,AVCT,0.0,0.0,0.0,0.0,3.0,-3.0,5.0,False,2378.0,2.0,False,
2026-05-14,AVDL,0.0,0.0,0.0,0.0,3.0,-3.0,5.0,False,2379.0,2.0,False,
2026-05-14,AVDX,0.0,0.0,0.0,0.0,3.0,-3.0,5.0,False,2380.0,2.0,False,
2026-05-14,AVEO,0.0,0.0,0.0,0.0,3.0,-3.0,5.0,False,2381.0,2.0,False,
2026-05-14,AVGO,0.0,0.0,0.0,0.001646198609835442,3.0,13.46198609835442,5.0,True,992.0,4.0,True,
2026-05-14,AVGR,0.0,0.0,0.0,0.0,3.0,-3.0,5.0,False,2382.0,2.0,False,
2026-05-14,AVHI,0.0,0.0,0.0,0.0,3.0,-3.0,5.0,False,2383.0,2.0,False,
2026-05-14,AVID,0.0,0.0,0.0,0.0,3.0,-3.0,5.0,False,2384.0,2.0,False,
2026-05-14,AVII,0.0,0.0,0.0,0.0,3.0,-3.0,5.0,False,2385.0,2.0,False,
2026-05-14,AVIR,0.0,0.0,0.0,-0.0006556158091842612,3.0,-9.556158091842612,5.0,False,6678.0,2.0,False,
2026-05-14,AVLN,0.0,0.0,0.0,0.0016039274474564365,3.0,13.039274474564365,5.0,True,1007.0,4.0,True,
2026-05-14,AVNR,0.0,0.0,0.0,0.0,3.0,-3.0,5.0,False,2386.0,2.0,False,
2026-05-14,AVNU,0.0,0.0,0.0,0.0,3.0,-3.0,5.0,False,2387.0,2.0,False,
2026-05-14,AVNW,-0.00078125,0.0,-0.00078125,-0.0024139570795473726,3.0,21.139570795473727,5.0,True,7102.0,1.0,True,"SHORT because predicted alpha is in the bottom decile. Net alpha after estimated 3.0 bps trading cost is 21.14 bps versus threshold 5.00 bps. Main contributors were intraday_return, volatility_10, price_kurt_63. Price filter passed; liquidity filter passed."
2026-05-14,AVO,0.0,0.0,0.0,0.0026497135370561068,3.0,23.497135370561068,5.0,True,592.0,5.0,True,
2026-05-14,AVPT,0.0,0.0,0.0,-0.0012204477076578025,3.0,-15.204477076578025,5.0,False,6850.0,1.0,True,
2026-05-14,AVR,-0.004457310267857143,-0.004464285714285714,6.975446428571404e-06,-0.008176787996558361,3.0,78.76787996558362,5.0,True,7450.0,1.0,True,"COVER because predicted alpha is in the bottom decile. Net alpha after estimated 3.0 bps trading cost is 78.77 bps versus threshold 5.00 bps. Main contributors were intraday_return, volume_z_60, roa. Price filter passed; liquidity filter passed."
2026-05-14,AVRO,0.0,0.0,0.0,0.0,3.0,-3.0,5.0,False,2388.0,2.0,False,
2026-05-14,AVT,0.0,0.0,0.0,0.0015821715472923686,3.0,12.821715472923685,5.0,True,1018.0,4.0,True,
2026-05-14,AVTA,0.0,0.0,0.0,0.0,3.0,-3.0,5.0,False,2389.0,2.0,False,
2026-05-14,AVTE,0.0,0.0,0.0,0.0,3.0,-3.0,5.0,False,2390.0,2.0,False,
2026-05-14,AVTX,0.0,0.0,0.0,0.0003435457129788461,3.0,0.43545712978846085,5.0,False,1801.0,3.0,True,
2026-05-14,AVX,0.0,0.0,0.0,-0.002848098025761003,3.0,-31.48098025761003,5.0,False,7161.0,1.0,False,
2026-05-14,AVXL,0.0,0.0,0.0,0.0008721033850912678,3.0,5.721033850912679,5.0,True,1458.0,4.0,False,
2026-05-14,AVXS,0.0,0.0,0.0,0.0,3.0,-3.0,5.0,False,2391.0,2.0,False,
2026-05-14,AWH,0.0,0.0,0.0,0.0,3.0,-3.0,5.0,False,2392.0,2.0,False,
2026-05-14,AWIN,0.0,0.0,0.0,0.0,3.0,-3.0,5.0,False,2393.0,2.0,False,
2026-05-14,AWRE,0.0,0.0,0.0,0.0032993989983655598,3.0,29.993989983655595,5.0,True,433.0,5.0,False,
2026-05-14,AWSM,0.0,0.0,0.0,0.0,3.0,-3.0,5.0,False,2394.0,2.0,False,
2026-05-14,AXAR,0.0,0.0,0.0,0.0,3.0,-3.0,5.0,False,2395.0,2.0,False,
2026-05-14,AXAR.U,0.0,0.0,0.0,0.0,3.0,-3.0,5.0,False,2396.0,2.0,False,
2026-05-14,AXAR.W,0.0,0.0,0.0,0.0,3.0,-3.0,5.0,False,2397.0,2.0,False,
2026-05-14,AXAS,0.0,0.0,0.0,0.0,3.0,-3.0,5.0,False,2398.0,2.0,False,
2026-05-14,AXDX,0.0,0.0,0.0,0.0,3.0,-3.0,5.0,False,2399.0,2.0,False,
2026-05-14,AXG,0.0,0.0,0.0,0.0033148379068958416,3.0,30.148379068958413,5.0,True,429.0,5.0,False,
2026-05-14,AXGN,0.003676060267857143,0.004464285714285714,-0.0007882254464285712,0.003602392286196838,3.0,33.02392286196838,5.0,True,368.0,5.0,True,"SELL because predicted alpha is in the top decile. Net alpha after estimated 3.0 bps trading cost is 33.02 bps versus threshold 5.00 bps. Main contributors were parkinson_vol_20, mom_252, volume_z_60. Price filter passed; liquidity filter passed."
2026-05-14,AXGT,0.0,0.0,0.0,0.0,3.0,-3.0,5.0,False,2400.0,2.0,False,
2026-05-14,AXIN,0.0,0.0,0.0,0.0004720178991889463,3.0,1.7201789918894628,5.0,False,1729.0,3.0,True,
2026-05-14,AXJS,0.0,0.0,0.0,0.0,3.0,-3.0,5.0,False,2401.0,2.0,False,
2026-05-14,AXLA,0.0,0.0,0.0,0.0,3.0,-3.0,5.0,False,2402.0,2.0,False,
2026-05-14,AXNX,0.0,0.0,0.0,0.0,3.0,-3.0,5.0,False,2403.0,2.0,False,
2026-05-14,AXON,0.0,0.0,0.0,-0.001412964485424901,3.0,-17.12964485424901,5.0,False,6891.0,1.0,True,
2026-05-14,AXPW,0.0,0.0,0.0,0.0,3.0,-3.0,5.0,False,2404.0,2.0,False,
2026-05-14,AXPW.W,0.0,0.0,0.0,0.0,3.0,-3.0,5.0,False,2405.0,2.0,False,
2026-05-14,AXSM,0.0,0.0,0.0,0.004126942486545828,3.0,38.26942486545828,5.0,True,282.0,5.0,True,
2026-05-14,AXTI,0.004457310267857143,0.004464285714285714,-6.975446428571404e-06,0.01065114523267814,3.0,103.5114523267814,5.0,True,8.0,5.0,True,"SELL because predicted alpha is in the top decile. Net alpha after estimated 3.0 bps trading cost is 103.51 bps versus threshold 5.00 bps. Main contributors were mom_252, mom_63, hl_range_20. Price filter passed; liquidity filter passed."
2026-05-14,AY,0.0,0.0,0.0,0.0,3.0,-3.0,5.0,False,2406.0,2.0,False,
2026-05-14,AYA,0.0,0.0,0.0,0.0005983892108308827,3.0,2.983892108308827,5.0,False,1638.0,3.0,True,
2026-05-14,AYLA,0.0,0.0,0.0,0.0,3.0,-3.0,5.0,False,2407.0,2.0,False,
2026-05-14,AYRO,0.0,0.0,0.0,0.0,3.0,-3.0,5.0,False,2408.0,2.0,False,
2026-05-14,AYTU,0.0,0.0,0.0,0.0005676092616251549,3.0,2.676092616251549,5.0,False,1662.0,3.0,False,
2026-05-14,AZ,-0.00078125,0.0,-0.00078125,-0.0033047084987059606,3.0,30.047084987059606,5.0,True,7204.0,1.0,True,"SHORT because predicted alpha is in the bottom decile. Net alpha after estimated 3.0 bps trading cost is 30.05 bps versus threshold 5.00 bps. Main contributors were volume_z_60, intraday_return, mom_21. Price filter passed; liquidity filter passed."
2026-05-14,AZI,0.0,0.0,0.0,-0.004976953217781658,3.0,-52.76953217781658,5.0,False,7329.0,1.0,False,
2026-05-14,AZPN,0.0,0.0,0.0,0.0,3.0,-3.0,5.0,False,2409.0,2.0,False,
2026-05-14,AZRX,0.0,0.0,0.0,0.0,3.0,-3.0,5.0,False,2410.0,2.0,False,
2026-05-14,AZTA,0.0,0.0,0.0,0.0006567938237973339,3.0,3.5679382379733386,5.0,False,1602.0,3.0,True,
2026-05-14,AZYO,0.0,0.0,0.0,0.0,3.0,-3.0,5.0,False,2411.0,2.0,False,
2026-05-14,BABY,0.0,0.0,0.0,0.0,3.0,-3.0,5.0,False,2412.0,2.0,False,
2026-05-14,BACC,0.0,0.0,0.0,0.0011870070432014306,3.0,8.870070432014305,5.0,True,1253.0,4.0,True,
2026-05-14,BACK,0.0,0.0,0.0,0.0,3.0,-3.0,5.0,False,2413.0,2.0,False,
2026-05-14,BACQ,0.0,0.0,0.0,0.0,3.0,-3.0,5.0,False,2414.0,2.0,False,
2026-05-14,BAER,0.0,0.0,0.0,0.003259393792636936,3.0,29.593937926369357,5.0,True,444.0,5.0,False,
2026-05-14,BAFN,0.0,0.0,0.0,0.0007968916630085748,3.0,4.968916630085748,5.0,False,1506.0,4.0,True,
2026-05-14,BAGL,0.0,0.0,0.0,0.0,3.0,-3.0,5.0,False,2415.0,2.0,False,
2026-05-14,BAGR,0.0,0.0,0.0,0.0,3.0,-3.0,5.0,False,2416.0,2.0,False,
2026-05-14,BAMM,0.0,0.0,0.0,0.0,3.0,-3.0,5.0,False,2417.0,2.0,False,
2026-05-14,BANC.L,0.0,0.0,0.0,0.0,3.0,-3.0,5.0,False,2418.0,2.0,False,
2026-05-14,BANC.P,0.0,0.0,0.0,0.0,3.0,-3.0,5.0,False,2419.0,2.0,False,
2026-05-14,BAND,0.004457310267857143,0.004464285714285714,-6.975446428571404e-06,0.008099411834635452,3.0,77.99411834635451,5.0,True,36.0,5.0,True,"SELL because predicted alpha is in the top decile. Net alpha after estimated 3.0 bps trading cost is 77.99 bps versus threshold 5.00 bps. Main contributors were close_to_low_20, mom_21, mom_63. Price filter passed; liquidity filter passed."
2026-05-14,BANF,0.0,0.0,0.0,-7.477907571806066e-05,3.0,-3.7477907571806064,5.0,False,6414.0,2.0,True,
2026-05-14,BANL,0.0,0.0,0.0,-0.0011146440258189834,3.0,-14.146440258189834,5.0,False,6821.0,2.0,False,
2026-05-14,BANR,0.0,0.0,0.0,0.0011498646902076341,3.0,8.498646902076342,5.0,True,1274.0,4.0,True,
2026-05-14,BANX,0.0,0.0,0.0,0.001277246039961045,3.0,9.77246039961045,5.0,True,1202.0,4.0,True,
2026-05-14,BAOS,0.0,0.0,0.0,0.002273180418228421,3.0,19.73180418228421,5.0,True,743.0,5.0,False,
2026-05-14,BASE,0.0,0.0,0.0,0.0,3.0,-3.0,5.0,False,2420.0,2.0,False,
2026-05-14,BASI,0.0,0.0,0.0,0.0,3.0,-3.0,5.0,False,2421.0,2.0,False,
2026-05-14,BATR.K,0.0,0.0,0.0,0.0,3.0,-3.0,5.0,False,2422.0,2.0,False,
2026-05-14,BATR.R,0.0,0.0,0.0,0.0,3.0,-3.0,5.0,False,2423.0,2.0,False,
2026-05-14,BATR.V,0.0,0.0,0.0,0.0,3.0,-3.0,5.0,False,2424.0,2.0,False,
2026-05-14,BATRA,0.0,0.0,0.0,0.0016335306849663397,3.0,13.335306849663397,5.0,True,997.0,4.0,True,
2026-05-14,BATRK,0.0,0.0,0.0,0.00025821517044934833,3.0,-0.4178482955065168,5.0,False,1841.0,3.0,True,
2026-05-14,BAXS,0.0,0.0,0.0,0.0,3.0,-3.0,5.0,False,2425.0,2.0,False,
2026-05-14,BAYA,0.0,0.0,0.0,-0.0025838240371731094,3.0,-28.838240371731093,5.0,False,7126.0,1.0,True,
2026-05-14,BBCN,0.0,0.0,0.0,0.0,3.0,-3.0,5.0,False,2426.0,2.0,False,
2026-05-14,BBCP,0.0,0.0,0.0,3.3046870585546844e-05,3.0,-2.6695312941445315,5.0,False,1971.0,3.0,True,
2026-05-14,BBCQ,0.0,0.0,0.0,-0.001757862499442116,3.0,-20.57862499442116,5.0,False,6958.0,1.0,True,
2026-05-14,BBEP,0.0,0.0,0.0,0.0,3.0,-3.0,5.0,False,2427.0,2.0,False,
2026-05-14,BBGI,0.0,0.0,0.0,0.00270729364666641,3.0,24.0729364666641,5.0,True,576.0,5.0,True,
2026-05-14,BBI,0.0,0.0,0.0,0.0,3.0,-3.0,5.0,False,2428.0,2.0,False,
2026-05-14,BBIG,0.0,0.0,0.0,0.0,3.0,-3.0,5.0,False,2429.0,2.0,False,
2026-05-14,BBIGV,0.0,0.0,0.0,0.0,3.0,-3.0,5.0,False,2430.0,2.0,False,
2026-05-14,BBIO,-0.003676060267857143,-0.004464285714285714,0.0007882254464285712,0.0007004993679165626,3.0,-10.004993679165626,5.0,False,1572.0,3.0,True,"COVER because predicted alpha is in the bottom decile. Net alpha after estimated 3.0 bps trading cost is -10.00 bps versus threshold 5.00 bps. Main contributors were gross_margin, intraday_return, volatility_20. Price filter passed; liquidity filter passed."
2026-05-14,BBLG,0.0,0.0,0.0,0.003046641350221423,3.0,27.46641350221423,5.0,True,491.0,5.0,False,
2026-05-14,BBND,0.0,0.0,0.0,0.0,3.0,-3.0,5.0,False,2431.0,2.0,False,
2026-05-14,BBNK,0.0,0.0,0.0,0.0,3.0,-3.0,5.0,False,2432.0,2.0,False,
2026-05-14,BBNX,0.0,0.0,0.0,0.0014651228873114588,3.0,11.651228873114588,5.0,True,1092.0,4.0,True,
2026-05-14,BBOT,0.0,0.0,0.0,2.8984393202614693e-05,3.0,-2.7101560679738532,5.0,False,1973.0,3.0,True,
2026-05-14,BBOX,0.0,0.0,0.0,0.0,3.0,-3.0,5.0,False,2433.0,2.0,False,
2026-05-14,BBQ,0.0,0.0,0.0,0.0,3.0,-3.0,5.0,False,2434.0,2.0,False,
2026-05-14,BBRG,0.0,0.0,0.0,0.0,3.0,-3.0,5.0,False,2435.0,2.0,False,
2026-05-14,BBRX,0.0,0.0,0.0,0.0,3.0,-3.0,5.0,False,2436.0,2.0,False,
2026-05-14,BBSI,0.0,0.0,0.0,0.0002797326482919416,3.0,-0.202673517080584,5.0,False,1831.0,3.0,True,
2026-05-14,BCAB,0.0,0.0,0.0,-0.0013090148006284791,3.0,-16.090148006284792,5.0,False,6875.0,1.0,False,
2026-05-14,BCAC,0.0,0.0,0.0,0.0,3.0,-3.0,5.0,False,2437.0,2.0,False,
2026-05-14,BCAL,0.0,0.0,0.0,0.0011299243199711041,3.0,8.299243199711041,5.0,True,1284.0,4.0,True,
2026-05-14,BCAN,0.0,0.0,0.0,0.0,3.0,-3.0,5.0,False,2438.0,2.0,False,
2026-05-14,BCAR,0.0,0.0,0.0,-0.0015006679644792992,3.0,-18.006679644792992,5.0,False,6914.0,1.0,True,
2026-05-14,BCAX,0.0,0.0,0.0,-0.0013595421595436982,3.0,-16.59542159543698,5.0,False,6883.0,1.0,True,
2026-05-14,BCBP,0.0,0.0,0.0,0.00036386455316815314,3.0,0.6386455316815316,5.0,False,1792.0,3.0,True,
2026-05-14,BCDA,0.0,0.0,0.0,-0.0027847846831294707,3.0,-30.847846831294707,5.0,False,7153.0,1.0,False,
2026-05-14,BCEL,0.0,0.0,0.0,0.0,3.0,-3.0,5.0,False,2439.0,2.0,False,
2026-05-14,BCG,0.0,0.0,0.0,0.0002436994618587884,3.0,-0.5630053814121161,5.0,False,1852.0,3.0,False,
2026-05-14,BCIC,0.0,0.0,0.0,0.0014384204142432592,3.0,11.384204142432592,5.0,True,1116.0,4.0,True,
2026-05-14,BCLI,0.0,0.0,0.0,0.0,3.0,-3.0,5.0,False,2440.0,2.0,False,
2026-05-14,BCML,0.0,0.0,0.0,-0.00010195009006702967,3.0,-4.019500900670296,5.0,False,6423.0,2.0,True,
2026-05-14,BCOM,0.0,0.0,0.0,0.0,3.0,-3.0,5.0,False,2441.0,2.0,False,
2026-05-14,BCOV,0.0,0.0,0.0,0.0,3.0,-3.0,5.0,False,2442.0,2.0,False,
2026-05-14,BCOW,0.0,0.0,0.0,0.0,3.0,-3.0,5.0,False,2443.0,2.0,False,
2026-05-14,BCPC,0.0,0.0,0.0,0.0007779721780785782,3.0,4.779721780785782,5.0,False,1523.0,3.0,True,
2026-05-14,BCRX,-0.003676060267857143,-0.004464285714285714,0.0007882254464285712,0.0037245758603576574,3.0,-40.245758603576576,5.0,False,347.0,5.0,True,"COVER because predicted alpha is in the bottom decile. Net alpha after estimated 3.0 bps trading cost is -40.25 bps versus threshold 5.00 bps. Main contributors were gross_margin, hl_range_20, close_to_high_20. Price filter passed; liquidity filter passed."
2026-05-14,BCSA,0.0,0.0,0.0,0.0,3.0,-3.0,5.0,False,2444.0,2.0,False,
2026-05-14,BCSI,0.0,0.0,0.0,0.0,3.0,-3.0,5.0,False,2445.0,2.0,False,
2026-05-14,BCTF,0.0,0.0,0.0,0.0,3.0,-3.0,5.0,False,2446.0,2.0,False,
2026-05-14,BCTG,0.0,0.0,0.0,0.0,3.0,-3.0,5.0,False,2447.0,2.0,False,
2026-05-14,BCTX,0.0,0.0,0.0,-0.0011305487704762031,3.0,-14.305487704762031,5.0,False,6826.0,1.0,False,
2026-05-14,BCTXL,0.0,0.0,0.0,-0.0026599992092486676,3.0,-29.599992092486676,5.0,False,7134.0,1.0,False,
2026-05-14,BCYP,0.0,0.0,0.0,0.0,3.0,-3.0,5.0,False,2448.0,2.0,False,
2026-05-14,BDBD,0.0,0.0,0.0,0.0,3.0,-3.0,5.0,False,2449.0,2.0,False,
2026-05-14,BDCI,0.0,0.0,0.0,0.0,3.0,-3.0,5.0,False,2450.0,2.0,False,
2026-05-14,BDCV,0.0,0.0,0.0,0.0,3.0,-3.0,5.0,False,2451.0,2.0,False,
2026-05-14,BDE,0.0,0.0,0.0,0.0,3.0,-3.0,5.0,False,2452.0,2.0,False,
2026-05-14,BDGE,0.0,0.0,0.0,0.0,3.0,-3.0,5.0,False,2453.0,2.0,False,
2026-05-14,BDMD,0.0,0.0,0.0,-0.0006703545636687215,3.0,-9.703545636687215,5.0,False,6687.0,2.0,False,
2026-05-14,BDMS,0.0,0.0,0.0,0.0,3.0,-3.0,5.0,False,2454.0,2.0,False,
2026-05-14,BDSI,0.0,0.0,0.0,0.0,3.0,-3.0,5.0,False,2455.0,2.0,False,
2026-05-14,BDSX,0.0,0.0,0.0,0.0022805941929498765,3.0,19.805941929498765,5.0,True,738.0,5.0,True,
2026-05-14,BDTX,0.0,0.0,0.0,0.004219401544306982,3.0,39.194015443069816,5.0,True,270.0,5.0,False,
2026-05-14,BEAG,0.0,0.0,0.0,0.0003643447554048003,3.0,0.6434475540480031,5.0,False,1790.0,3.0,True,
2026-05-14,BEAM,0.0,0.0,0.0,0.004073631504104244,3.0,37.73631504104244,5.0,True,292.0,5.0,True,
2026-05-14,BEAT,0.0,0.0,0.0,-4.8473977187600905e-05,3.0,-3.484739771876009,5.0,False,6406.0,2.0,False,
2026-05-14,BEAV,0.0,0.0,0.0,0.0,3.0,-3.0,5.0,False,2456.0,2.0,False,
2026-05-14,BEAV.V,0.0,0.0,0.0,0.0,3.0,-3.0,5.0,False,2457.0,2.0,False,
2026-05-14,BECN,0.0,0.0,0.0,0.0,3.0,-3.0,5.0,False,2458.0,2.0,False,
2026-05-14,BEEM,0.0,0.0,0.0,0.0013524997195200007,3.0,10.524997195200006,5.0,True,1165.0,4.0,False,
2026-05-14,BEEP,0.0,0.0,0.0,0.0006689284307942207,3.0,3.6892843079422066,5.0,False,1593.0,3.0,False,
2026-05-14,BEER,0.0,0.0,0.0,0.0,3.0,-3.0,5.0,False,2459.0,2.0,False,
2026-05-14,BELFA,0.003676060267857143,0.004464285714285714,-0.0007882254464285712,0.0036125235031926927,3.0,33.12523503192693,5.0,True,364.0,5.0,True,"SELL because predicted alpha is in the top decile. Net alpha after estimated 3.0 bps trading cost is 33.13 bps versus threshold 5.00 bps. Main contributors were parkinson_vol_20, volume_z_60, mom_252. Price filter passed; liquidity filter passed."
2026-05-14,BELFB,-0.00078125,0.0,-0.00078125,-0.0029930811099804565,3.0,26.930811099804565,5.0,True,7176.0,1.0,True,"SHORT because predicted alpha is in the bottom decile. Net alpha after estimated 3.0 bps trading cost is 26.93 bps versus threshold 5.00 bps. Main contributors were volume_z_60, mom_126, mom_5. Price filter passed; liquidity filter passed."
2026-05-14,BENE,0.0,0.0,0.0,0.0,3.0,-3.0,5.0,False,2460.0,2.0,False,
2026-05-14,BENF,0.0,0.0,0.0,-0.0010678866120272426,3.0,-13.678866120272426,5.0,False,6813.0,2.0,False,
2026-05-14,BETR,0.0,0.0,0.0,0.0019364356208975125,3.0,16.364356208975124,5.0,True,858.0,4.0,True,
2026-05-14,BETS,0.0,0.0,0.0,0.0,3.0,-3.0,5.0,False,2461.0,2.0,False,
2026-05-14,BEXP,0.0,0.0,0.0,0.0,3.0,-3.0,5.0,False,2462.0,2.0,False,
2026-05-14,BFC,0.0,0.0,0.0,0.0022856931493401593,3.0,19.856931493401593,5.0,True,736.0,5.0,True,
2026-05-14,BFI,0.0,0.0,0.0,0.0,3.0,-3.0,5.0,False,2463.0,2.0,False,
2026-05-14,BFIN,0.0,0.0,0.0,0.0,3.0,-3.0,5.0,False,2464.0,2.0,False,
2026-05-14,BFL,0.0,0.0,0.0,0.0,3.0,-3.0,5.0,False,2465.0,2.0,False,
2026-05-14,BFRG,0.0,0.0,0.0,-0.001105060938429086,3.0,-14.050609384290858,5.0,False,6818.0,2.0,False,
2026-05-14,BFRI,0.0,0.0,0.0,-0.00508265540820547,3.0,-53.8265540820547,5.0,False,7333.0,1.0,False,
2026-05-14,BFST,0.0,0.0,0.0,0.0005327476615123155,3.0,2.327476615123155,5.0,False,1683.0,3.0,True,
2026-05-14,BFYT,0.0,0.0,0.0,0.0,3.0,-3.0,5.0,False,2466.0,2.0,False,
2026-05-14,BGC,0.0,0.0,0.0,-0.0005896867763354783,3.0,-8.896867763354784,5.0,False,6659.0,2.0,True,
2026-05-14,BGCP,0.0,0.0,0.0,0.0,3.0,-3.0,5.0,False,2467.0,2.0,False,
2026-05-14,BGCPV,0.0,0.0,0.0,0.0,3.0,-3.0,5.0,False,2468.0,2.0,False,
2026-05-14,BGDE,-0.003676060267857143,-0.004464285714285714,0.0007882254464285712,-0.010144919887082673,3.0,98.44919887082673,5.0,True,7478.0,1.0,True,"COVER because predicted alpha is in the bottom decile. Net alpha after estimated 3.0 bps trading cost is 98.45 bps versus threshold 5.00 bps. Main contributors were parkinson_vol_20, mom_10, intraday_return. Price filter passed; liquidity filter failed."
2026-05-14,BGFV,0.0,0.0,0.0,0.0,3.0,-3.0,5.0,False,2469.0,2.0,False,
2026-05-14,BGIN,0.0,0.0,0.0,-0.0009658011556333171,3.0,-12.65801155633317,5.0,False,6780.0,2.0,False,
2026-05-14,BGL,0.0,0.0,0.0,-0.0014307234331131322,3.0,-17.307234331131323,5.0,False,6902.0,1.0,False,
2026-05-14,BGLC,0.0,0.0,0.0,0.002743636769245187,3.0,24.43636769245187,5.0,True,567.0,5.0,False,
2026-05-14,BGM,0.0,0.0,0.0,-0.004836317438328983,3.0,-51.36317438328983,5.0,False,7319.0,1.0,False,
2026-05-14,BGMD,0.0,0.0,0.0,0.0,3.0,-3.0,5.0,False,2470.0,2.0,False,
2026-05-14,BGMS,0.0,0.0,0.0,0.001173283328556391,3.0,8.732833285563911,5.0,True,1261.0,4.0,False,
2026-05-14,BGRY,0.0,0.0,0.0,0.0,3.0,-3.0,5.0,False,2471.0,2.0,False,
2026-05-14,BGXX,0.0,0.0,0.0,0.0,3.0,-3.0,5.0,False,2472.0,2.0,False,
2026-05-14,BHAC,0.0,0.0,0.0,0.0,3.0,-3.0,5.0,False,2473.0,2.0,False,
2026-05-14,BHAC.R,0.0,0.0,0.0,0.0,3.0,-3.0,5.0,False,2474.0,2.0,False,
2026-05-14,BHAC.U,0.0,0.0,0.0,0.0,3.0,-3.0,5.0,False,2475.0,2.0,False,
2026-05-14,BHAT,0.0,0.0,0.0,0.0,3.0,-3.0,5.0,False,2476.0,2.0,False,
2026-05-14,BHAV,0.0,0.0,0.0,-0.001557556897540602,3.0,-18.57556897540602,5.0,False,6930.0,1.0,True,
2026-05-14,BHBK,0.0,0.0,0.0,0.0,3.0,-3.0,5.0,False,2477.0,2.0,False,
2026-05-14,BHF,0.0,0.0,0.0,0.001629888820288664,3.0,13.29888820288664,5.0,True,999.0,4.0,True,
2026-05-14,BHFAL,0.0,0.0,0.0,0.0008238062569789453,3.0,5.238062569789454,5.0,True,1488.0,4.0,True,
2026-05-14,BHFAM,0.0,0.0,0.0,0.00048112614350378233,3.0,1.8112614350378236,5.0,False,1720.0,3.0,True,
2026-05-14,BHFAN,0.0,0.0,0.0,0.0008487118845988064,3.0,5.487118845988064,5.0,True,1474.0,4.0,True,
2026-05-14,BHFAO,0.0,0.0,0.0,0.0006196655688530126,3.0,3.196655688530126,5.0,False,1628.0,3.0,True,
2026-05-14,BHIL,0.0,0.0,0.0,0.0,3.0,-3.0,5.0,False,2478.0,2.0,False,
2026-05-14,BHRB,0.0,0.0,0.0,8.966103325424026e-05,3.0,-2.1033896674575976,5.0,False,1944.0,3.0,True,
2026-05-14,BHSE,0.0,0.0,0.0,0.0,3.0,-3.0,5.0,False,2479.0,2.0,False,
2026-05-14,BHST,0.0,0.0,0.0,-0.0010371675484601968,3.0,-13.371675484601969,5.0,False,6805.0,2.0,False,
2026-05-14,BHTG,0.0,0.0,0.0,0.0,3.0,-3.0,5.0,False,2480.0,2.0,False,
2026-05-14,BIAF,0.0,0.0,0.0,-0.003776304085045119,3.0,-40.76304085045119,5.0,False,7253.0,1.0,False,
2026-05-14,BIGC,0.0,0.0,0.0,0.0,3.0,-3.0,5.0,False,2481.0,2.0,False,
2026-05-14,BIIB,0.0,0.0,0.0,-0.0006049552869365963,3.0,-9.049552869365964,5.0,False,6662.0,2.0,True,
2026-05-14,BIIBV,0.0,0.0,0.0,0.0,3.0,-3.0,5.0,False,2482.0,2.0,False,
2026-05-14,BIMI,0.0,0.0,0.0,0.0,3.0,-3.0,5.0,False,2483.0,2.0,False,
2026-05-14,BIND,0.0,0.0,0.0,0.0,3.0,-3.0,5.0,False,2484.0,2.0,False,
2026-05-14,BINI,0.0,0.0,0.0,0.0,3.0,-3.0,5.0,False,2485.0,2.0,False,
2026-05-14,BIOA,0.0,0.0,0.0,0.004089131480490513,3.0,37.89131480490513,5.0,True,288.0,5.0,True,
2026-05-14,BIOC,0.0,0.0,0.0,0.0,3.0,-3.0,5.0,False,2486.0,2.0,False,
2026-05-14,BIOD,0.0,0.0,0.0,0.0,3.0,-3.0,5.0,False,2487.0,2.0,False,
2026-05-14,BIOF,0.0,0.0,0.0,0.0,3.0,-3.0,5.0,False,2488.0,2.0,False,
2026-05-14,BIOF.R,0.0,0.0,0.0,0.0,3.0,-3.0,5.0,False,2489.0,2.0,False,
2026-05-14,BIOL,0.0,0.0,0.0,0.0,3.0,-3.0,5.0,False,2490.0,2.0,False,
2026-05-14,BIOP,0.0,0.0,0.0,0.0,3.0,-3.0,5.0,False,2491.0,2.0,False,
2026-05-14,BIOR,0.0,0.0,0.0,0.0,3.0,-3.0,5.0,False,2492.0,2.0,False,
2026-05-14,BIOS,0.0,0.0,0.0,0.0,3.0,-3.0,5.0,False,2493.0,2.0,False,
2026-05-14,BIOT,0.0,0.0,0.0,0.0,3.0,-3.0,5.0,False,2494.0,2.0,False,
2026-05-14,BIOX,0.0,0.0,0.0,-0.004362270099348275,3.0,-46.62270099348275,5.0,False,7296.0,1.0,False,
2026-05-14,BIQI,0.0,0.0,0.0,0.0,3.0,-3.0,5.0,False,2495.0,2.0,False,
2026-05-14,BIRD,0.0,0.0,0.0,-0.005965083080033111,3.0,-62.65083080033111,5.0,False,7382.0,1.0,False,
2026-05-14,BIRT,0.0,0.0,0.0,0.0,3.0,-3.0,5.0,False,2496.0,2.0,False,
2026-05-14,BITF,0.0,0.0,0.0,0.0,3.0,-3.0,5.0,False,2497.0,2.0,False,
2026-05-14,BIVI,0.0,0.0,0.0,-0.0030285206681082586,3.0,-33.285206681082585,5.0,False,7180.0,1.0,False,
2026-05-14,BIVV,0.0,0.0,0.0,0.0,3.0,-3.0,5.0,False,2498.0,2.0,False,
2026-05-14,BIVVV,0.0,0.0,0.0,0.0,3.0,-3.0,5.0,False,2499.0,2.0,False,
2026-05-14,BIXI,0.0,0.0,0.0,0.0,3.0,-3.0,5.0,False,2500.0,2.0,False,
2026-05-14,BIYA,0.0,0.0,0.0,-0.015645034908470808,3.0,-159.45034908470808,5.0,False,7523.0,1.0,False,
2026-05-14,BJDX,0.0,0.0,0.0,-0.0022819097225603357,3.0,-25.819097225603358,5.0,False,7081.0,1.0,False,
2026-05-14,BJRI,0.0,0.0,0.0,0.0016055791881867195,3.0,13.055791881867194,5.0,True,1006.0,4.0,True,
2026-05-14,BKCC,0.0,0.0,0.0,0.0,3.0,-3.0,5.0,False,2501.0,2.0,False,
2026-05-14,BKEP,0.0,0.0,0.0,0.0,3.0,-3.0,5.0,False,2502.0,2.0,False,
2026-05-14,BKEP.P,0.0,0.0,0.0,0.0,3.0,-3.0,5.0,False,2503.0,2.0,False,
2026-05-14,BKHA,0.0,0.0,0.0,-0.0008259007227977427,3.0,-11.259007227977428,5.0,False,6734.0,2.0,True,
2026-05-14,BKMU,0.0,0.0,0.0,0.0,3.0,-3.0,5.0,False,2504.0,2.0,False,
2026-05-14,BKNG,0.0,0.0,0.0,0.001442138355910434,3.0,11.42138355910434,5.0,True,1112.0,4.0,True,
2026-05-14,BKR,0.0,0.0,0.0,0.003612437644991915,3.0,33.12437644991915,5.0,True,365.0,5.0,True,
2026-05-14,BKSC,0.0,0.0,0.0,0.0,3.0,-3.0,5.0,False,2505.0,2.0,False,
2026-05-14,BKYF,0.0,0.0,0.0,0.0,3.0,-3.0,5.0,False,2506.0,2.0,False,
2026-05-14,BKYI,0.0,0.0,0.0,0.0,3.0,-3.0,5.0,False,2507.0,2.0,False,
2026-05-14,BL,-0.00078125,0.0,-0.00078125,-0.004056360576976192,3.0,37.56360576976192,5.0,True,7277.0,1.0,True,"SHORT because predicted alpha is in the bottom decile. Net alpha after estimated 3.0 bps trading cost is 37.56 bps versus threshold 5.00 bps. Main contributors were intraday_return, volume_z_60, mom_5. Price filter passed; liquidity filter passed."
2026-05-14,BLAC,0.0,0.0,0.0,0.0,3.0,-3.0,5.0,False,2508.0,2.0,False,
2026-05-14,BLBD,0.0,0.0,0.0,0.0010515535330159705,3.0,7.515535330159706,5.0,True,1333.0,4.0,True,
2026-05-14,BLBD.W,0.0,0.0,0.0,0.0,3.0,-3.0,5.0,False,2509.0,2.0,False,
2026-05-14,BLBX,0.0,0.0,0.0,0.0,3.0,-3.0,5.0,False,2510.0,2.0,False,
2026-05-14,BLCM,0.0,0.0,0.0,0.0,3.0,-3.0,5.0,False,2511.0,2.0,False,
2026-05-14,BLDE,0.0,0.0,0.0,0.0,3.0,-3.0,5.0,False,2512.0,2.0,False,
2026-05-14,BLDP,0.0,0.0,0.0,0.0008975073501357594,3.0,5.975073501357594,5.0,True,1440.0,4.0,False,
2026-05-14,BLEU,0.0,0.0,0.0,0.0,3.0,-3.0,5.0,False,2513.0,2.0,False,
2026-05-14,BLFS,0.0,0.0,0.0,0.0013702826712083292,3.0,10.702826712083292,5.0,True,1154.0,4.0,True,
2026-05-14,BLFY,0.0,0.0,0.0,0.0,3.0,-3.0,5.0,False,2514.0,2.0,False,
2026-05-14,BLI,0.0,0.0,0.0,0.0,3.0,-3.0,5.0,False,2515.0,2.0,False,
2026-05-14,BLIN,0.0,0.0,0.0,-0.002357228410366158,3.0,-26.57228410366158,5.0,False,7095.0,1.0,False,
2026-05-14,BLIV,0.0,0.0,0.0,0.002569622136341862,3.0,22.69622136341862,5.0,True,617.0,5.0,False,
2026-05-14,BLKB,-0.00078125,0.0,-0.00078125,-0.002986052127959863,3.0,26.860521279598633,5.0,True,7175.0,1.0,True,"SHORT because predicted alpha is in the bottom decile. Net alpha after estimated 3.0 bps trading cost is 26.86 bps versus threshold 5.00 bps. Main contributors were mom_5, volume_z_60, debt_to_equity. Price filter passed; liquidity filter passed."
2026-05-14,BLLN,0.0,0.0,0.0,0.0007797810117223347,3.0,4.797810117223347,5.0,False,1522.0,3.0,True,
2026-05-14,BLMN,0.0,0.0,0.0,0.002398764602555219,3.0,20.98764602555219,5.0,True,682.0,5.0,True,
2026-05-14,BLMT,0.0,0.0,0.0,0.0,3.0,-3.0,5.0,False,2516.0,2.0,False,
2026-05-14,BLMZ,0.0,0.0,0.0,0.0,3.0,-3.0,5.0,False,2517.0,2.0,False,
2026-05-14,BLNE,0.0,0.0,0.0,-0.0006154968651328988,3.0,-9.15496865132899,5.0,False,6667.0,2.0,False,
2026-05-14,BLNG,0.0,0.0,0.0,0.0,3.0,-3.0,5.0,False,2518.0,2.0,False,
2026-05-14,BLNK,0.0,0.0,0.0,0.004812567564438593,3.0,45.125675644385936,5.0,True,203.0,5.0,False,
2026-05-14,BLPH,0.0,0.0,0.0,0.0,3.0,-3.0,5.0,False,2519.0,2.0,False,
2026-05-14,BLRK,0.0,0.0,0.0,0.00020131963324351246,3.0,-0.9868036675648755,5.0,False,1880.0,3.0,True,
2026-05-14,BLSA,0.0,0.0,0.0,0.0,3.0,-3.0,5.0,False,2520.0,2.0,False,
2026-05-14,BLTS,0.0,0.0,0.0,0.0,3.0,-3.0,5.0,False,2521.0,2.0,False,
2026-05-14,BLU,0.0,0.0,0.0,0.0,3.0,-3.0,5.0,False,2522.0,2.0,False,
2026-05-14,BLUD,0.0,0.0,0.0,0.0,3.0,-3.0,5.0,False,2523.0,2.0,False,
2026-05-14,BLUE,0.0,0.0,0.0,0.0,3.0,-3.0,5.0,False,2524.0,2.0,False,
2026-05-14,BLUEV,0.0,0.0,0.0,0.0,3.0,-3.0,5.0,False,2525.0,2.0,False,
2026-05-14,BLUW,0.0,0.0,0.0,0.0003669686361866594,3.0,0.669686361866594,5.0,False,1789.0,3.0,True,
2026-05-14,BLVD,0.0,0.0,0.0,0.0,3.0,-3.0,5.0,False,2526.0,2.0,False,
2026-05-14,BLVD.U,0.0,0.0,0.0,0.0,3.0,-3.0,5.0,False,2527.0,2.0,False,
2026-05-14,BLZE,0.0,0.0,0.0,0.0020572440037089023,3.0,17.572440037089024,5.0,True,811.0,4.0,True,
2026-05-14,BLZR,0.0,0.0,0.0,0.000304494631625434,3.0,0.04494631625433998,5.0,False,1820.0,3.0,True,
2026-05-14,BMAQ,0.0,0.0,0.0,0.0,3.0,-3.0,5.0,False,2528.0,2.0,False,
2026-05-14,BMBL,0.0,0.0,0.0,0.0017994004673338203,3.0,14.994004673338203,5.0,True,917.0,4.0,False,
2026-05-14,BMC,0.0,0.0,0.0,0.0,3.0,-3.0,5.0,False,2529.0,2.0,False,
2026-05-14,BMCH,0.0,0.0,0.0,0.0,3.0,-3.0,5.0,False,2530.0,2.0,False,
2026-05-14,BMEA,0.0,0.0,0.0,0.00106787667475226,3.0,7.678766747522602,5.0,True,1323.0,4.0,False,
2026-05-14,BMGL,0.0,0.0,0.0,0.00444423754371932,3.0,41.4423754371932,5.0,True,239.0,5.0,False,
2026-05-14,BMHL,0.0,0.0,0.0,0.002844426588271534,3.0,25.444265882715342,5.0,True,539.0,5.0,False,
2026-05-14,BMM,0.0,0.0,0.0,0.003535899400651232,3.0,32.35899400651232,5.0,True,381.0,5.0,True,
2026-05-14,BMR,0.0,0.0,0.0,0.0007466678735270258,3.0,4.466678735270258,5.0,False,1538.0,3.0,False,
2026-05-14,BMRA,0.0,0.0,0.0,-0.0020113031345958166,3.0,-23.113031345958166,5.0,False,7023.0,1.0,False,
2026-05-14,BMRC,0.0,0.0,0.0,0.0004582372351547478,3.0,1.5823723515474777,5.0,False,1736.0,3.0,True,
2026-05-14,BMRN,0.0,0.0,0.0,0.0014218404730364175,3.0,11.218404730364176,5.0,True,1122.0,4.0,True,
2026-05-14,BMTC,0.0,0.0,0.0,0.0,3.0,-3.0,5.0,False,2531.0,2.0,False,
2026-05-14,BNAI,-0.003676060267857143,-0.004464285714285714,0.0007882254464285712,-0.0006441752384293278,3.0,3.4417523842932782,5.0,False,6675.0,2.0,True,"COVER because predicted alpha is in the bottom decile. Net alpha after estimated 3.0 bps trading cost is 3.44 bps versus threshold 5.00 bps. Main contributors were mom_126, operating_margin, mom_21. Price filter passed; liquidity filter passed."
2026-05-14,BNBX,0.0,0.0,0.0,0.00031685715612839215,3.0,0.1685715612839216,5.0,False,1813.0,3.0,False,
2026-05-14,BNC,0.0,0.0,0.0,0.00021779859706198314,3.0,-0.8220140293801688,5.0,False,1870.0,3.0,False,
2026-05-14,BNCL,0.0,0.0,0.0,0.0,3.0,-3.0,5.0,False,2532.0,2.0,False,
2026-05-14,BNCN,0.0,0.0,0.0,0.0,3.0,-3.0,5.0,False,2533.0,2.0,False,
2026-05-14,BNFT,0.0,0.0,0.0,0.0,3.0,-3.0,5.0,False,2534.0,2.0,False,
2026-05-14,BNGO,0.0,0.0,0.0,0.0010350272535355,3.0,7.350272535355002,5.0,True,1345.0,4.0,False,
2026-05-14,BNIX,0.0,0.0,0.0,0.0,3.0,-3.0,5.0,False,2535.0,2.0,False,
2026-05-14,BNKK,0.0,0.0,0.0,-0.0027414238303553416,3.0,-30.414238303553415,5.0,False,7148.0,1.0,False,
2026-05-14,BNMV,0.0,0.0,0.0,0.0,3.0,-3.0,5.0,False,2536.0,2.0,False,
2026-05-14,BNNR,0.0,0.0,0.0,0.0,3.0,-3.0,5.0,False,2537.0,2.0,False,
2026-05-14,BNRG,0.0,0.0,0.0,-0.020319575914371737,3.0,-206.19575914371737,5.0,False,7544.0,1.0,False,
2026-05-14,BNSO,0.0,0.0,0.0,0.0,3.0,-3.0,5.0,False,2538.0,2.0,False,
2026-05-14,BNTC,0.0,0.0,0.0,0.00037942587726464685,3.0,0.7942587726464687,5.0,False,1782.0,3.0,True,
2026-05-14,BNTC.W,0.0,0.0,0.0,0.0,3.0,-3.0,5.0,False,2539.0,2.0,False,
2026-05-14,BNVID,0.0,0.0,0.0,0.0,3.0,-3.0,5.0,False,2540.0,2.0,False,
2026-05-14,BNZI,-0.004457310267857143,-0.004464285714285714,6.975446428571404e-06,-0.01993835700693396,3.0,196.3835700693396,5.0,True,7542.0,1.0,True,"COVER because predicted alpha is in the bottom decile. Net alpha after estimated 3.0 bps trading cost is 196.38 bps versus threshold 5.00 bps. Main contributors were parkinson_vol_20, intraday_return, volatility_10. Price filter passed; liquidity filter passed."
2026-05-14,BOBE,0.0,0.0,0.0,0.0,3.0,-3.0,5.0,False,2541.0,2.0,False,
2026-05-14,BOCH,0.0,0.0,0.0,0.0,3.0,-3.0,5.0,False,2542.0,2.0,False,
2026-05-14,BOCN,0.0,0.0,0.0,0.0,3.0,-3.0,5.0,False,2543.0,2.0,False,
2026-05-14,BODI,0.0,0.0,0.0,0.00047362227434974316,3.0,1.7362227434974313,5.0,False,1727.0,3.0,True,
2026-05-14,BOF,0.0,0.0,0.0,-0.00656010039486489,3.0,-68.6010039486489,5.0,False,7404.0,1.0,False,
2026-05-14,BOFI.L,0.0,0.0,0.0,0.0,3.0,-3.0,5.0,False,2544.0,2.0,False,
2026-05-14,BOFIL,0.0,0.0,0.0,0.0,3.0,-3.0,5.0,False,2545.0,2.0,False,
2026-05-14,BOJA,0.0,0.0,0.0,0.0,3.0,-3.0,5.0,False,2546.0,2.0,False,
2026-05-14,BOKF,0.0,0.0,0.0,0.0008569128464268861,3.0,5.569128464268861,5.0,True,1471.0,4.0,True,
2026-05-14,BOKF.L,0.0,0.0,0.0,0.0,3.0,-3.0,5.0,False,2547.0,2.0,False,
2026-05-14,BOKFL,0.0,0.0,0.0,0.0,3.0,-3.0,5.0,False,2548.0,2.0,False,
2026-05-14,BOLD,0.0,0.0,0.0,-0.004598050018276753,3.0,-48.98050018276753,5.0,False,7310.0,1.0,False,
2026-05-14,BOLT,0.0,0.0,0.0,0.00042304112570571627,3.0,1.2304112570571624,5.0,False,1762.0,3.0,True,
2026-05-14,BON,0.0,0.0,0.0,0.0030104581341629335,3.0,27.104581341629334,5.0,True,504.0,5.0,False,
2026-05-14,BONA,0.0,0.0,0.0,0.0,3.0,-3.0,5.0,False,2549.0,2.0,False,
2026-05-14,BONT,0.0,0.0,0.0,0.0,3.0,-3.0,5.0,False,2550.0,2.0,False,
2026-05-14,BOOM,0.0,0.0,0.0,0.003040196910608796,3.0,27.40196910608796,5.0,True,495.0,5.0,True,
2026-05-14,BOSC,0.0,0.0,0.0,0.0010727820758950467,3.0,7.727820758950468,5.0,True,1318.0,4.0,False,
2026-05-14,BOTA,0.0,0.0,0.0,0.0,3.0,-3.0,5.0,False,2551.0,2.0,False,
2026-05-14,BOTJ,0.0,0.0,0.0,0.0018047403848022669,3.0,15.047403848022668,5.0,True,915.0,4.0,True,
2026-05-14,BOWN,0.0,0.0,0.0,0.0,3.0,-3.0,5.0,False,2552.0,2.0,False,
2026-05-14,BOWX,0.0,0.0,0.0,0.0,3.0,-3.0,5.0,False,2553.0,2.0,False,
2026-05-14,BOXL,0.0,0.0,0.0,-0.004818853535616108,3.0,-51.188535356161076,5.0,False,7318.0,1.0,False,
2026-05-14,BPAC,0.0,0.0,0.0,0.0,3.0,-3.0,5.0,False,2554.0,2.0,False,
2026-05-14,BPAX,0.0,0.0,0.0,0.0,3.0,-3.0,5.0,False,2555.0,2.0,False,
2026-05-14,BPFH,0.0,0.0,0.0,0.0,3.0,-3.0,5.0,False,2556.0,2.0,False,
2026-05-14,BPFH.W,0.0,0.0,0.0,0.0,3.0,-3.0,5.0,False,2557.0,2.0,False,
2026-05-14,BPHX,0.0,0.0,0.0,0.0,3.0,-3.0,5.0,False,2558.0,2.0,False,
2026-05-14,BPMC,0.0,0.0,0.0,0.0,3.0,-3.0,5.0,False,2559.0,2.0,False,
2026-05-14,BPOP,0.0,0.0,0.0,0.0005972330400215764,3.0,2.972330400215764,5.0,False,1641.0,3.0,True,
2026-05-14,BPR,0.0,0.0,0.0,0.0,3.0,-3.0,5.0,False,2560.0,2.0,False,
2026-05-14,BPRN,0.0,0.0,0.0,0.001362888308821736,3.0,10.62888308821736,5.0,True,1159.0,4.0,True,
2026-05-14,BPTH,0.0,0.0,0.0,0.0,3.0,-3.0,5.0,False,2561.0,2.0,False,
2026-05-14,BPY,0.0,0.0,0.0,0.0,3.0,-3.0,5.0,False,2562.0,2.0,False,
2026-05-14,BPYPM,0.0,0.0,0.0,0.0007459203965859795,3.0,4.459203965859795,5.0,False,1540.0,3.0,True,
2026-05-14,BPYPN,0.0,0.0,0.0,0.0005814893612399057,3.0,2.8148936123990573,5.0,False,1650.0,3.0,True,
2026-05-14,BPYPO,0.0,0.0,0.0,0.0006196701871732679,3.0,3.196701871732679,5.0,False,1627.0,3.0,True,
2026-05-14,BPYU,0.0,0.0,0.0,0.0,3.0,-3.0,5.0,False,2563.0,2.0,False,
2026-05-14,BRAC,0.0,0.0,0.0,0.0,3.0,-3.0,5.0,False,2564.0,2.0,False,
2026-05-14,BRAG,0.0,0.0,0.0,0.0007964780536812406,3.0,4.964780536812406,5.0,False,1507.0,4.0,False,
2026-05-14,BRAI,0.0,0.0,0.0,-0.0009300721761695699,3.0,-12.3007217616957,5.0,False,6774.0,2.0,True,
2026-05-14,BRCB,-0.00078125,0.0,-0.00078125,-0.003628471827681521,3.0,33.284718276815205,5.0,True,7237.0,1.0,True,"SHORT because predicted alpha is in the bottom decile. Net alpha after estimated 3.0 bps trading cost is 33.28 bps versus threshold 5.00 bps. Main contributors were mom_5, volume_z_60, mom_21. Price filter passed; liquidity filter passed."
2026-05-14,BRCD,0.0,0.0,0.0,0.0,3.0,-3.0,5.0,False,2565.0,2.0,False,
2026-05-14,BRCM,0.0,0.0,0.0,0.0,3.0,-3.0,5.0,False,2566.0,2.0,False,
2026-05-14,BRCN,0.0,0.0,0.0,0.0,3.0,-3.0,5.0,False,2567.0,2.0,False,
2026-05-14,BRDR,0.0,0.0,0.0,0.0,3.0,-3.0,5.0,False,2568.0,2.0,False,
2026-05-14,BREA,0.0,0.0,0.0,0.0,3.0,-3.0,5.0,False,2569.0,2.0,False,
2026-05-14,BREZ,0.0,0.0,0.0,0.0,3.0,-3.0,5.0,False,2570.0,2.0,False,
2026-05-14,BRFH,0.0,0.0,0.0,0.0008121936864473577,3.0,5.121936864473577,5.0,True,1499.0,4.0,False,
2026-05-14,BRID,0.0,0.0,0.0,0.0035906174990385704,3.0,32.9061749903857,5.0,True,370.0,5.0,True,
2026-05-14,BRIV,0.0,0.0,0.0,0.0,3.0,-3.0,5.0,False,2571.0,2.0,False,
2026-05-14,BRKH,0.0,0.0,0.0,0.0,3.0,-3.0,5.0,False,2572.0,2.0,False,
2026-05-14,BRKL,0.0,0.0,0.0,0.0,3.0,-3.0,5.0,False,2573.0,2.0,False,
2026-05-14,BRKR,0.0,0.0,0.0,0.001700167775152024,3.0,14.00167775152024,5.0,True,960.0,4.0,True,
2026-05-14,BRLI,0.0,0.0,0.0,0.0,3.0,-3.0,5.0,False,2574.0,2.0,False,
2026-05-14,BRLS,0.0,0.0,0.0,-0.008485675759253672,3.0,-87.85675759253672,5.0,False,7454.0,1.0,False,
2026-05-14,BRLT,0.0,0.0,0.0,0.00032929540766335816,3.0,0.29295407663358164,5.0,False,1805.0,3.0,False,
2026-05-14,BROG,0.0,0.0,0.0,0.0,3.0,-3.0,5.0,False,2575.0,2.0,False,
2026-05-14,BRP,0.0,0.0,0.0,0.0,3.0,-3.0,5.0,False,2576.0,2.0,False,
2026-05-14,BRPA,0.0,0.0,0.0,0.0,3.0,-3.0,5.0,False,2577.0,2.0,False,
2026-05-14,BRPM,0.0,0.0,0.0,0.0,3.0,-3.0,5.0,False,2578.0,2.0,False,
2026-05-14,BRQS,0.0,0.0,0.0,0.0,3.0,-3.0,5.0,False,2579.0,2.0,False,
2026-05-14,BRR,0.0,0.0,0.0,0.0009442276216617531,3.0,6.442276216617531,5.0,True,1408.0,4.0,False,
2026-05-14,BRSH,0.0,0.0,0.0,0.0,3.0,-3.0,5.0,False,2580.0,2.0,False,
2026-05-14,BRTX,0.0,0.0,0.0,-0.00526706813048643,3.0,-55.670681304864296,5.0,False,7344.0,1.0,False,
2026-05-14,BRY,0.0,0.0,0.0,0.0,3.0,-3.0,5.0,False,2581.0,2.0,False,
2026-05-14,BRZE,0.0,0.0,0.0,-0.00024711300641680993,3.0,-5.471130064168099,5.0,False,6500.0,2.0,True,
2026-05-14,BSAA,0.0,0.0,0.0,-0.0007355155230675293,3.0,-10.355155230675294,5.0,False,6706.0,2.0,True,
2026-05-14,BSBK,0.0,0.0,0.0,-0.001542218820674014,3.0,-18.422188206740138,5.0,False,6925.0,1.0,True,
2026-05-14,BSDM,0.0,0.0,0.0,0.0,3.0,-3.0,5.0,False,2582.0,2.0,False,
2026-05-14,BSET,0.0,0.0,0.0,-0.0008893488642211562,3.0,-11.893488642211562,5.0,False,6761.0,2.0,True,
2026-05-14,BSF,0.0,0.0,0.0,0.0,3.0,-3.0,5.0,False,2583.0,2.0,False,
2026-05-14,BSFC,0.0,0.0,0.0,0.0,3.0,-3.0,5.0,False,2584.0,2.0,False,
2026-05-14,BSFT,0.0,0.0,0.0,0.0,3.0,-3.0,5.0,False,2585.0,2.0,False,
2026-05-14,BSGA,0.0,0.0,0.0,0.0,3.0,-3.0,5.0,False,2586.0,2.0,False,
2026-05-14,BSGM,0.0,0.0,0.0,0.0,3.0,-3.0,5.0,False,2587.0,2.0,False,
2026-05-14,BSII,0.0,0.0,0.0,0.0,3.0,-3.0,5.0,False,2588.0,2.0,False,
2026-05-14,BSKY,0.0,0.0,0.0,0.0,3.0,-3.0,5.0,False,2589.0,2.0,False,
2026-05-14,BSLK,0.0,0.0,0.0,0.0,3.0,-3.0,5.0,False,2590.0,2.0,False,
2026-05-14,BSPE,0.0,0.0,0.0,0.0,3.0,-3.0,5.0,False,2591.0,2.0,False,
2026-05-14,BSPM,0.0,0.0,0.0,0.0,3.0,-3.0,5.0,False,2592.0,2.0,False,
2026-05-14,BSQR,0.0,0.0,0.0,0.0,3.0,-3.0,5.0,False,2593.0,2.0,False,
2026-05-14,BSRR,0.0,0.0,0.0,3.5170441392587286e-05,3.0,-2.648295586074127,5.0,False,1969.0,3.0,True,
2026-05-14,BSTC,0.0,0.0,0.0,0.0,3.0,-3.0,5.0,False,2594.0,2.0,False,
2026-05-14,BSTG,0.0,0.0,0.0,0.0,3.0,-3.0,5.0,False,2595.0,2.0,False,
2026-05-14,BSVN,0.0,0.0,0.0,-0.00034433773061559993,3.0,-6.443377306155999,5.0,False,6552.0,2.0,True,
2026-05-14,BSY,0.0,0.0,0.0,-0.000410969097148211,3.0,-7.1096909714821095,5.0,False,6586.0,2.0,True,
2026-05-14,BTAI,0.0,0.0,0.0,-0.000717118948727113,3.0,-10.17118948727113,5.0,False,6703.0,2.0,False,
2026-05-14,BTAQ,0.0,0.0,0.0,0.0,3.0,-3.0,5.0,False,2596.0,2.0,False,
2026-05-14,BTAQU,0.0,0.0,0.0,0.0,3.0,-3.0,5.0,False,2597.0,2.0,False,
2026-05-14,BTB,0.0,0.0,0.0,0.0,3.0,-3.0,5.0,False,2598.0,2.0,False,
2026-05-14,BTBD,0.0,0.0,0.0,-0.0018264064286214415,3.0,-21.264064286214417,5.0,False,6977.0,1.0,False,
2026-05-14,BTBT,0.0,0.0,0.0,-0.0019206602222869144,3.0,-22.206602222869144,5.0,False,6999.0,1.0,False,
2026-05-14,BTCS,0.0,0.0,0.0,0.001275759409099748,3.0,9.75759409099748,5.0,True,1203.0,4.0,False,
2026-05-14,BTCT,0.0,0.0,0.0,-0.00029697201584683367,3.0,-5.969720158468337,5.0,False,6530.0,2.0,False,
2026-05-14,BTCY,0.0,0.0,0.0,0.0,3.0,-3.0,5.0,False,2599.0,2.0,False,
2026-05-14,BTDR,-0.00078125,0.0,-0.00078125,-0.0026201167094872225,3.0,23.201167094872226,5.0,True,7130.0,1.0,True,"SHORT because predicted alpha is in the bottom decile. Net alpha after estimated 3.0 bps trading cost is 23.20 bps versus threshold 5.00 bps. Main contributors were intraday_return, mom_10, close_to_high_20. Price filter passed; liquidity filter passed."
2026-05-14,BTM,0.0,0.0,0.0,-0.013202556634973796,3.0,-135.02556634973797,5.0,False,7507.0,1.0,False,
2026-05-14,BTMD,0.0,0.0,0.0,0.0035852604350662277,3.0,32.852604350662276,5.0,True,372.0,5.0,False,
2026-05-14,BTNB,0.0,0.0,0.0,0.0,3.0,-3.0,5.0,False,2600.0,2.0,False,
2026-05-14,BTOC,0.0,0.0,0.0,0.005026014291378615,3.0,47.260142913786154,5.0,True,185.0,5.0,False,
2026-05-14,BTOG,0.0,0.0,0.0,-0.004249960948651049,3.0,-45.49960948651049,5.0,False,7288.0,1.0,False,
2026-05-14,BTQ,0.0,0.0,0.0,-0.0008989958228376373,3.0,-11.989958228376373,5.0,False,6766.0,2.0,False,
2026-05-14,BTRS,0.0,0.0,0.0,0.0,3.0,-3.0,5.0,False,2601.0,2.0,False,
2026-05-14,BTSG,0.0,0.0,0.0,0.004046720942821365,3.0,37.46720942821366,5.0,True,294.0,5.0,True,
2026-05-14,BTTC,0.0,0.0,0.0,-0.0003539656782642096,3.0,-6.539656782642096,5.0,False,6560.0,2.0,False,
2026-05-14,BTTX,0.0,0.0,0.0,0.0,3.0,-3.0,5.0,False,2602.0,2.0,False,
2026-05-14,BTUI,0.0,0.0,0.0,0.0,3.0,-3.0,5.0,False,2603.0,2.0,False,
2026-05-14,BTWN,0.0,0.0,0.0,0.0,3.0,-3.0,5.0,False,2604.0,2.0,False,
2026-05-14,BUCY,0.0,0.0,0.0,0.0,3.0,-3.0,5.0,False,2605.0,2.0,False,
2026-05-14,BUJA,0.0,0.0,0.0,0.0,3.0,-3.0,5.0,False,2606.0,2.0,False,
2026-05-14,BULL,0.0,0.0,0.0,0.00024022920960874638,3.0,-0.5977079039125361,5.0,False,1855.0,3.0,True,
2026-05-14,BURG,0.0,0.0,0.0,0.0,3.0,-3.0,5.0,False,2607.0,2.0,False,
2026-05-14,BUSE,0.0,0.0,0.0,0.0005116746537130991,3.0,2.1167465371309913,5.0,False,1698.0,3.0,True,
2026-05-14,BUUU,0.0,0.0,0.0,-0.00024393638310013337,3.0,-5.439363831001334,5.0,False,6498.0,2.0,True,
2026-05-14,BVA,0.0,0.0,0.0,0.0,3.0,-3.0,5.0,False,2608.0,2.0,False,
2026-05-14,BVC,0.0,0.0,0.0,0.0,3.0,-3.0,5.0,False,2609.0,2.0,False,
2026-05-14,BVFL,0.0,0.0,0.0,0.0011136547735137816,3.0,8.136547735137816,5.0,True,1294.0,4.0,True,
2026-05-14,BVS,0.0,0.0,0.0,0.0001914988108226896,3.0,-1.085011891773104,5.0,False,1889.0,3.0,True,
2026-05-14,BVSN,0.0,0.0,0.0,0.0,3.0,-3.0,5.0,False,2610.0,2.0,False,
2026-05-14,BVXV.W,0.0,0.0,0.0,0.0,3.0,-3.0,5.0,False,2611.0,2.0,False,
2026-05-14,BWAC,0.0,0.0,0.0,0.0,3.0,-3.0,5.0,False,2612.0,2.0,False,
2026-05-14,BWAQ,0.0,0.0,0.0,0.0,3.0,-3.0,5.0,False,2613.0,2.0,False,
2026-05-14,BWB,0.0,0.0,0.0,0.0004328614177442913,3.0,1.3286141774429128,5.0,False,1755.0,3.0,True,
2026-05-14,BWBBP,0.0,0.0,0.0,0.0006293484127873552,3.0,3.293484127873552,5.0,False,1620.0,3.0,True,
2026-05-14,BWC,0.0,0.0,0.0,0.0,3.0,-3.0,5.0,False,2614.0,2.0,False,
2026-05-14,BWEN,0.0,0.0,0.0,-0.0022031356253404766,3.0,-25.031356253404766,5.0,False,7064.0,1.0,False,
2026-05-14,BWFG,0.0,0.0,0.0,0.0004807958811235149,3.0,1.8079588112351495,5.0,False,1721.0,3.0,True,
2026-05-14,BWIN,0.0,0.0,0.0,0.002015408398851494,3.0,17.15408398851494,5.0,True,823.0,4.0,True,
2026-05-14,BWIN.A,0.0,0.0,0.0,0.0,3.0,-3.0,5.0,False,2615.0,2.0,False,
2026-05-14,BWIN.B,0.0,0.0,0.0,0.0,3.0,-3.0,5.0,False,2616.0,2.0,False,
2026-05-14,BWINA,0.0,0.0,0.0,0.0,3.0,-3.0,5.0,False,2617.0,2.0,False,
2026-05-14,BWINB,0.0,0.0,0.0,0.0,3.0,-3.0,5.0,False,2618.0,2.0,False,
2026-05-14,BWLD,0.0,0.0,0.0,0.0,3.0,-3.0,5.0,False,2619.0,2.0,False,
2026-05-14,BWMC,0.0,0.0,0.0,0.0,3.0,-3.0,5.0,False,2620.0,2.0,False,
2026-05-14,BWMN,0.0,0.0,0.0,-9.740104131612156e-05,3.0,-3.9740104131612157,5.0,False,6420.0,2.0,True,
2026-05-14,BWV,0.0,0.0,0.0,0.0,3.0,-3.0,5.0,False,2621.0,2.0,False,
2026-05-14,BXRX,0.0,0.0,0.0,0.0,3.0,-3.0,5.0,False,2622.0,2.0,False,
2026-05-14,BXRXV,0.0,0.0,0.0,0.0,3.0,-3.0,5.0,False,2623.0,2.0,False,
2026-05-14,BYAH,0.0,0.0,0.0,0.008694953962372423,3.0,83.94953962372423,5.0,True,31.0,5.0,False,
2026-05-14,BYBK,0.0,0.0,0.0,0.0,3.0,-3.0,5.0,False,2624.0,2.0,False,
2026-05-14,BYFC,0.0,0.0,0.0,0.002392011935688373,3.0,20.92011935688373,5.0,True,686.0,5.0,True,
2026-05-14,BYLK,0.0,0.0,0.0,0.0,3.0,-3.0,5.0,False,2625.0,2.0,False,
2026-05-14,BYND,0.0,0.0,0.0,-0.0006935166739956859,3.0,-9.935166739956859,5.0,False,6694.0,2.0,False,
2026-05-14,BYNO,0.0,0.0,0.0,0.0,3.0,-3.0,5.0,False,2626.0,2.0,False,
2026-05-14,BYRN,0.0,0.0,0.0,-0.0018358479161021165,3.0,-21.358479161021165,5.0,False,6980.0,1.0,True,
2026-05-14,BYSI,0.0,0.0,0.0,0.0042210279769173565,3.0,39.21027976917357,5.0,True,269.0,5.0,False,
2026-05-14,BYTS,0.0,0.0,0.0,0.0,3.0,-3.0,5.0,False,2627.0,2.0,False,
2026-05-14,BYU,0.0,0.0,0.0,0.0,3.0,-3.0,5.0,False,2628.0,2.0,False,
2026-05-14,BZAI,0.0,0.0,0.0,-0.0020167189008652247,3.0,-23.167189008652247,5.0,False,7026.0,1.0,False,
2026-05-14,BZFD,0.0,0.0,0.0,0.0034003924410986293,3.0,31.003924410986293,5.0,True,409.0,5.0,False,
2026-05-14,CAAS,0.0,0.0,0.0,0.0024971557950894912,3.0,21.971557950894912,5.0,True,643.0,5.0,False,
2026-05-14,CABA,0.0,0.0,0.0,-0.0026338523643146916,3.0,-29.338523643146917,5.0,False,7132.0,1.0,False,
2026-05-14,CABR,0.0,0.0,0.0,0.005339932259344577,3.0,50.399322593445774,5.0,True,154.0,5.0,False,
2026-05-14,CAC,0.0,0.0,0.0,0.0005418669617467754,3.0,2.4186696174677547,5.0,False,1675.0,3.0,True,
2026-05-14,CACB,0.0,0.0,0.0,0.0,3.0,-3.0,5.0,False,2629.0,2.0,False,
2026-05-14,CACC,0.0,0.0,0.0,0.0008907917130582996,3.0,5.907917130582996,5.0,True,1443.0,4.0,True,
2026-05-14,CACG.U,0.0,0.0,0.0,0.0,3.0,-3.0,5.0,False,2630.0,2.0,False,
2026-05-14,CACG.W,0.0,0.0,0.0,0.0,3.0,-3.0,5.0,False,2631.0,2.0,False,
2026-05-14,CACH,0.0,0.0,0.0,0.0,3.0,-3.0,5.0,False,2632.0,2.0,False,
2026-05-14,CACO,0.0,0.0,0.0,0.0,3.0,-3.0,5.0,False,2633.0,2.0,False,
2026-05-14,CACQ,0.0,0.0,0.0,0.0,3.0,-3.0,5.0,False,2634.0,2.0,False,
2026-05-14,CADC,0.0,0.0,0.0,0.0,3.0,-3.0,5.0,False,2635.0,2.0,False,
2026-05-14,CADL,0.003676060267857143,0.004464285714285714,-0.0007882254464285712,0.004313339490051734,3.0,40.13339490051734,5.0,True,253.0,5.0,True,"SELL because predicted alpha is in the top decile. Net alpha after estimated 3.0 bps trading cost is 40.13 bps versus threshold 5.00 bps. Main contributors were mom_21, close_to_low_20, intraday_return. Price filter passed; liquidity filter passed."
2026-05-14,CADT,0.0,0.0,0.0,0.0,3.0,-3.0,5.0,False,2636.0,2.0,False,
2026-05-14,CADT.R,0.0,0.0,0.0,0.0,3.0,-3.0,5.0,False,2637.0,2.0,False,
2026-05-14,CADT.U,0.0,0.0,0.0,0.0,3.0,-3.0,5.0,False,2638.0,2.0,False,
2026-05-14,CADT.W,0.0,0.0,0.0,0.0,3.0,-3.0,5.0,False,2639.0,2.0,False,
2026-05-14,CADX,0.0,0.0,0.0,0.0,3.0,-3.0,5.0,False,2640.0,2.0,False,
2026-05-14,CAEI,0.0,0.0,0.0,0.0,3.0,-3.0,5.0,False,2641.0,2.0,False,
2026-05-14,CAEID,0.0,0.0,0.0,0.0,3.0,-3.0,5.0,False,2642.0,2.0,False,
2026-05-14,CAEP,0.0,0.0,0.0,-0.0009686287215446478,3.0,-12.686287215446479,5.0,False,6781.0,2.0,True,
2026-05-14,CAFD,0.0,0.0,0.0,0.0,3.0,-3.0,5.0,False,2643.0,2.0,False,
2026-05-14,CAFN,0.0,0.0,0.0,0.0,3.0,-3.0,5.0,False,2644.0,2.0,False,
2026-05-14,CAGC,0.0,0.0,0.0,0.0,3.0,-3.0,5.0,False,2645.0,2.0,False,
2026-05-14,CAHC,0.0,0.0,0.0,0.0,3.0,-3.0,5.0,False,2646.0,2.0,False,
2026-05-14,CAI,-0.00078125,0.0,-0.00078125,-0.0031740370556200773,3.0,28.740370556200773,5.0,True,7195.0,1.0,True,"SHORT because predicted alpha is in the bottom decile. Net alpha after estimated 3.0 bps trading cost is 28.74 bps versus threshold 5.00 bps. Main contributors were mom_5, intraday_return, volume_z_60. Price filter passed; liquidity filter passed."
2026-05-14,CAKE,0.0,0.0,0.0,0.00021949946110676302,3.0,-0.8050053889323698,5.0,False,1868.0,3.0,True,
2026-05-14,CALA,0.0,0.0,0.0,0.0,3.0,-3.0,5.0,False,2647.0,2.0,False,
2026-05-14,CALB,0.0,0.0,0.0,0.0,3.0,-3.0,5.0,False,2648.0,2.0,False,
2026-05-14,CALC,0.0,0.0,0.0,-0.0008145361142887433,3.0,-11.145361142887433,5.0,False,6728.0,2.0,False,
2026-05-14,CALD,0.0,0.0,0.0,0.0,3.0,-3.0,5.0,False,2649.0,2.0,False,
2026-05-14,CALL,0.0,0.0,0.0,0.0,3.0,-3.0,5.0,False,2650.0,2.0,False,
2026-05-14,CALM,0.0,0.0,0.0,0.002743984613986233,3.0,24.43984613986233,5.0,True,566.0,5.0,True,
2026-05-14,CAMB,0.0,0.0,0.0,0.0,3.0,-3.0,5.0,False,2651.0,2.0,False,
2026-05-14,CAMB.U,0.0,0.0,0.0,0.0,3.0,-3.0,5.0,False,2652.0,2.0,False,
2026-05-14,CAMB.W,0.0,0.0,0.0,0.0,3.0,-3.0,5.0,False,2653.0,2.0,False,
2026-05-14,CAMP,0.0,0.0,0.0,-0.00028032947814880804,3.0,-5.803294781488081,5.0,False,6514.0,2.0,False,
2026-05-14,CAMT,0.0,0.0,0.0,0.0004874849985081278,3.0,1.874849985081278,5.0,False,1714.0,3.0,True,
2026-05-14,CANB,0.0,0.0,0.0,0.0,3.0,-3.0,5.0,False,2654.0,2.0,False,
2026-05-14,CAPA,0.0,0.0,0.0,0.0,3.0,-3.0,5.0,False,2655.0,2.0,False,
2026-05-14,CAPN,0.0,0.0,0.0,0.0,3.0,-3.0,5.0,False,2656.0,2.0,False,
2026-05-14,CAPN.U,0.0,0.0,0.0,0.0,3.0,-3.0,5.0,False,2657.0,2.0,False,
2026-05-14,CAPN.W,0.0,0.0,0.0,0.0,3.0,-3.0,5.0,False,2658.0,2.0,False,
2026-05-14,CAPR,0.0,0.0,0.0,-0.00014168755158068042,3.0,-4.4168755158068045,5.0,False,6448.0,2.0,True,
2026-05-14,CAPS,0.0,0.0,0.0,0.0015685222372431307,3.0,12.685222372431307,5.0,True,1027.0,4.0,False,
2026-05-14,CAPT,0.0,0.0,0.0,0.0,3.0,-3.0,5.0,False,2659.0,2.0,False,
2026-05-14,CAQ,0.0,0.0,0.0,0.0,3.0,-3.0,5.0,False,2660.0,2.0,False,
2026-05-14,CAR,-0.004457310267857143,-0.004464285714285714,6.975446428571404e-06,-0.01215131673421194,3.0,118.5131673421194,5.0,True,7504.0,1.0,True,"COVER because predicted alpha is in the bottom decile. Net alpha after estimated 3.0 bps trading cost is 118.51 bps versus threshold 5.00 bps. Main contributors were parkinson_vol_20, earnings_yield, mom_21. Price filter passed; liquidity filter passed."
2026-05-14,CARA,0.0,0.0,0.0,0.0,3.0,-3.0,5.0,False,2661.0,2.0,False,
2026-05-14,CARB,0.0,0.0,0.0,0.0,3.0,-3.0,5.0,False,2662.0,2.0,False,
2026-05-14,CARE,0.0,0.0,0.0,0.0007505303913999532,3.0,4.505303913999532,5.0,False,1535.0,3.0,True,
2026-05-14,CARG,0.0,0.0,0.0,0.000714876742104573,3.0,4.14876742104573,5.0,False,1560.0,3.0,True,
2026-05-14,CARL,0.0,0.0,0.0,-0.00043263602438417537,3.0,-7.326360243841753,5.0,False,6597.0,2.0,True,
2026-05-14,CARM,0.0,0.0,0.0,0.0,3.0,-3.0,5.0,False,2663.0,2.0,False,
2026-05-14,CARO,0.0,0.0,0.0,0.0,3.0,-3.0,5.0,False,2664.0,2.0,False,
2026-05-14,CART,0.0,0.0,0.0,0.0026215798442086632,3.0,23.215798442086633,5.0,True,600.0,5.0,True,
2026-05-14,CARV,0.0,0.0,0.0,0.0,3.0,-3.0,5.0,False,2665.0,2.0,False,
2026-05-14,CASA,0.0,0.0,0.0,0.0,3.0,-3.0,5.0,False,2666.0,2.0,False,
2026-05-14,CASC,0.0,0.0,0.0,0.0,3.0,-3.0,5.0,False,2667.0,2.0,False,
2026-05-14,CASH,0.0,0.0,0.0,-0.0004015425626969943,3.0,-7.015425626969943,5.0,False,6579.0,2.0,True,
2026-05-14,CASI,0.0,0.0,0.0,0.0,3.0,-3.0,5.0,False,2668.0,2.0,False,
2026-05-14,CASK,0.0,0.0,0.0,0.0,3.0,-3.0,5.0,False,2669.0,2.0,False,
2026-05-14,CASM,0.0,0.0,0.0,0.0,3.0,-3.0,5.0,False,2670.0,2.0,False,
2026-05-14,CASS,0.0,0.0,0.0,0.0009767004452220778,3.0,6.767004452220778,5.0,True,1390.0,4.0,True,
2026-05-14,CAST,0.0,0.0,0.0,-0.017284836693881103,3.0,-175.84836693881104,5.0,False,7531.0,1.0,False,
2026-05-14,CASY,0.0,0.0,0.0,0.004690628501283397,3.0,43.90628501283397,5.0,True,213.0,5.0,True,
2026-05-14,CATB,0.0,0.0,0.0,0.0,3.0,-3.0,5.0,False,2671.0,2.0,False,
2026-05-14,CATC,0.0,0.0,0.0,0.0,3.0,-3.0,5.0,False,2672.0,2.0,False,
2026-05-14,CATM,0.0,0.0,0.0,0.0,3.0,-3.0,5.0,False,2673.0,2.0,False,
2026-05-14,CATS,0.0,0.0,0.0,0.0,3.0,-3.0,5.0,False,2674.0,2.0,False,
2026-05-14,CATY,0.0,0.0,0.0,0.0010171708940542937,3.0,7.171708940542937,5.0,True,1361.0,4.0,True,
2026-05-14,CATY.W,0.0,0.0,0.0,0.0,3.0,-3.0,5.0,False,2675.0,2.0,False,
2026-05-14,CAUD,0.0,0.0,0.0,0.0,3.0,-3.0,5.0,False,2676.0,2.0,False,
2026-05-14,CAVM,0.0,0.0,0.0,0.0,3.0,-3.0,5.0,False,2677.0,2.0,False,
2026-05-14,CBAT,0.0,0.0,0.0,0.0022275482080029983,3.0,19.27548208002998,5.0,True,764.0,4.0,False,
2026-05-14,CBAY,0.0,0.0,0.0,0.0,3.0,-3.0,5.0,False,2678.0,2.0,False,
2026-05-14,CBC,0.0,0.0,0.0,0.002279923978275978,3.0,19.79923978275978,5.0,True,739.0,5.0,True,
2026-05-14,CBDE,0.0,0.0,0.0,0.0,3.0,-3.0,5.0,False,2679.0,2.0,False,
2026-05-14,CBEY,0.0,0.0,0.0,0.0,3.0,-3.0,5.0,False,2680.0,2.0,False,
2026-05-14,CBF,0.0,0.0,0.0,0.0,3.0,-3.0,5.0,False,2681.0,2.0,False,
2026-05-14,CBFV,0.0,0.0,0.0,0.0011359136184376493,3.0,8.359136184376492,5.0,True,1279.0,4.0,True,
2026-05-14,CBIN,0.0,0.0,0.0,0.0,3.0,-3.0,5.0,False,2682.0,2.0,False,
2026-05-14,CBIO,0.0,0.0,0.0,0.00038583882895547685,3.0,0.8583882895547688,5.0,False,1779.0,3.0,True,
2026-05-14,CBK,0.0,0.0,0.0,0.002142184317792399,3.0,18.42184317792399,5.0,True,790.0,4.0,True,
2026-05-14,CBLI,0.0,0.0,0.0,0.0,3.0,-3.0,5.0,False,2683.0,2.0,False,
2026-05-14,CBLK,0.0,0.0,0.0,0.0,3.0,-3.0,5.0,False,2684.0,2.0,False,
2026-05-14,CBLL,-0.003676060267857143,-0.004464285714285714,0.0007882254464285712,0.0005343123630837934,3.0,-8.343123630837933,5.0,False,1680.0,3.0,True,"COVER because predicted alpha is in the bottom decile. Net alpha after estimated 3.0 bps trading cost is -8.34 bps versus threshold 5.00 bps. Main contributors were mom_5, mom_1, volume_z_60. Price filter passed; liquidity filter passed."
2026-05-14,CBMB,0.0,0.0,0.0,0.0,3.0,-3.0,5.0,False,2685.0,2.0,False,
2026-05-14,CBMG,0.0,0.0,0.0,0.0,3.0,-3.0,5.0,False,2686.0,2.0,False,
2026-05-14,CBMX,0.0,0.0,0.0,0.0,3.0,-3.0,5.0,False,2687.0,2.0,False,
2026-05-14,CBMX.W,0.0,0.0,0.0,0.0,3.0,-3.0,5.0,False,2688.0,2.0,False,
2026-05-14,CBNJ,0.0,0.0,0.0,0.0,3.0,-3.0,5.0,False,2689.0,2.0,False,
2026-05-14,CBNK,0.0,0.0,0.0,0.0008034293022521084,3.0,5.034293022521084,5.0,True,1502.0,4.0,True,
2026-05-14,CBPO,0.0,0.0,0.0,0.0,3.0,-3.0,5.0,False,2690.0,2.0,False,
2026-05-14,CBRG,0.0,0.0,0.0,0.0,3.0,-3.0,5.0,False,2691.0,2.0,False,
2026-05-14,CBRL,0.0,0.0,0.0,0.0002326225385251477,3.0,-0.6737746147485231,5.0,False,1861.0,3.0,True,
2026-05-14,CBRX,0.0,0.0,0.0,0.0,3.0,-3.0,5.0,False,2692.0,2.0,False,
2026-05-14,CBSH,0.0,0.0,0.0,-0.00046050384165091353,3.0,-7.605038416509135,5.0,False,6613.0,2.0,True,
2026-05-14,CBST,0.0,0.0,0.0,0.0,3.0,-3.0,5.0,False,2693.0,2.0,False,
2026-05-14,CBST.Z,0.0,0.0,0.0,0.0,3.0,-3.0,5.0,False,2694.0,2.0,False,
2026-05-14,CBTX,0.0,0.0,0.0,0.0,3.0,-3.0,5.0,False,2695.0,2.0,False,
2026-05-14,CBUS,0.0,0.0,0.0,0.0012818569452874079,3.0,9.818569452874078,5.0,True,1197.0,4.0,False,
2026-05-14,CBYL,0.0,0.0,0.0,0.0,3.0,-3.0,5.0,False,2696.0,2.0,False,
2026-05-14,CCAI,0.0,0.0,0.0,0.0,3.0,-3.0,5.0,False,2697.0,2.0,False,
2026-05-14,CCAP,-0.00078125,0.0,-0.00078125,-0.0036451064042267935,3.0,33.45106404226794,5.0,True,7240.0,1.0,True,"SHORT because predicted alpha is in the bottom decile. Net alpha after estimated 3.0 bps trading cost is 33.45 bps versus threshold 5.00 bps. Main contributors were volume_z_60, hl_range_20, mom_1. Price filter passed; liquidity filter passed."
2026-05-14,CCB,0.0,0.0,0.0,-0.0003281948540743806,3.0,-6.281948540743805,5.0,False,6547.0,2.0,True,
2026-05-14,CCBG,0.0,0.0,0.0,0.0018807984668806,3.0,15.807984668806,5.0,True,873.0,4.0,True,
2026-05-14,CCC,0.0,0.0,0.0,-0.0005289185886625918,3.0,-8.28918588662592,5.0,False,6639.0,2.0,False,
2026-05-14,CCCC,0.0,0.0,0.0,0.007434855959107781,3.0,71.3485595910778,5.0,True,52.0,5.0,False,
2026-05-14,CCCL,0.0,0.0,0.0,0.0,3.0,-3.0,5.0,False,2698.0,2.0,False,
2026-05-14,CCCM,0.0,0.0,0.0,0.0,3.0,-3.0,5.0,False,2699.0,2.0,False,
2026-05-14,CCCR,0.0,0.0,0.0,0.0,3.0,-3.0,5.0,False,2700.0,2.0,False,
2026-05-14,CCCS,0.0,0.0,0.0,0.0,3.0,-3.0,5.0,False,2701.0,2.0,False,
2026-05-14,CCCX,0.0,0.0,0.0,0.0,3.0,-3.0,5.0,False,2702.0,2.0,False,
2026-05-14,CCD,0.0,0.0,0.0,0.0018184298631286019,3.0,15.184298631286019,5.0,True,908.0,4.0,True,
2026-05-14,CCEC,0.0,0.0,0.0,0.0009337337884774437,3.0,6.337337884774437,5.0,True,1416.0,4.0,True,
2026-05-14,CCEP,0.0,0.0,0.0,0.0013488630672175332,3.0,10.488630672175333,5.0,True,1167.0,4.0,True,
2026-05-14,CCG,0.0,0.0,0.0,0.00271483401303056,3.0,24.1483401303056,5.0,True,574.0,5.0,False,
2026-05-14,CCHH,0.0,0.0,0.0,-0.0011312489072882138,3.0,-14.312489072882139,5.0,False,6827.0,1.0,False,
2026-05-14,CCII,0.0,0.0,0.0,-2.052051873086512e-05,3.0,-3.205205187308651,5.0,False,6389.0,2.0,True,
2026-05-14,CCIR,0.0,0.0,0.0,0.0,3.0,-3.0,5.0,False,2703.0,2.0,False,
2026-05-14,CCIX,0.0,0.0,0.0,-0.0001893907129935984,3.0,-4.893907129935984,5.0,False,6471.0,2.0,True,
2026-05-14,CCLD,0.0,0.0,0.0,0.0014547065628070692,3.0,11.547065628070692,5.0,True,1099.0,4.0,False,
2026-05-14,CCLP,0.0,0.0,0.0,0.0,3.0,-3.0,5.0,False,2704.0,2.0,False,
2026-05-14,CCME,0.0,0.0,0.0,0.0,3.0,-3.0,5.0,False,2705.0,2.0,False,
2026-05-14,CCMP,0.0,0.0,0.0,0.0,3.0,-3.0,5.0,False,2706.0,2.0,False,
2026-05-14,CCN,0.0,0.0,0.0,0.0,3.0,-3.0,5.0,False,2707.0,2.0,False,
2026-05-14,CCNE,0.0,0.0,0.0,0.002124851884874591,3.0,18.248518848745906,5.0,True,797.0,4.0,True,
2026-05-14,CCNI,0.0,0.0,0.0,0.0,3.0,-3.0,5.0,False,2708.0,2.0,False,
2026-05-14,CCNW.W,0.0,0.0,0.0,0.0,3.0,-3.0,5.0,False,2709.0,2.0,False,
2026-05-14,CCOI,0.0,0.0,0.0,0.0010716373113909272,3.0,7.716373113909272,5.0,True,1320.0,4.0,True,
2026-05-14,CCRC,0.0,0.0,0.0,0.0,3.0,-3.0,5.0,False,2710.0,2.0,False,
2026-05-14,CCRN,0.003676060267857143,0.004464285714285714,-0.0007882254464285712,-9.752988247112473e-05,3.0,-3.9752988247112473,5.0,False,6421.0,2.0,True,"SELL because predicted alpha is in the top decile. Net alpha after estimated 3.0 bps trading cost is -3.98 bps versus threshold 5.00 bps. Main contributors were parkinson_vol_20, mom_21, mom_63. Price filter passed; liquidity filter passed."
2026-05-14,CCSI,0.0,0.0,0.0,-0.002295675963111075,3.0,-25.95675963111075,5.0,False,7086.0,1.0,True,
2026-05-14,CCTG,0.0,0.0,0.0,-0.0069819481780523445,3.0,-72.81948178052345,5.0,False,7417.0,1.0,False,
2026-05-14,CCTS,0.0,0.0,0.0,0.0,3.0,-3.0,5.0,False,2711.0,2.0,False,
2026-05-14,CCUR,0.0,0.0,0.0,0.0,3.0,-3.0,5.0,False,2712.0,2.0,False,
2026-05-14,CCXI,0.0,0.0,0.0,-0.00013462146841654478,3.0,-4.346214684165448,5.0,False,6442.0,2.0,True,
2026-05-14,CD,0.0,0.0,0.0,-0.0016410731751357165,3.0,-19.410731751357165,5.0,False,6941.0,1.0,True,
2026-05-14,CDAK,0.0,0.0,0.0,0.0,3.0,-3.0,5.0,False,2713.0,2.0,False,
2026-05-14,CDAQ,0.0,0.0,0.0,0.0,3.0,-3.0,5.0,False,2714.0,2.0,False,
2026-05-14,CDEV,0.0,0.0,0.0,0.0,3.0,-3.0,5.0,False,2715.0,2.0,False,
2026-05-14,CDEV.W,0.0,0.0,0.0,0.0,3.0,-3.0,5.0,False,2716.0,2.0,False,
2026-05-14,CDIO,0.0,0.0,0.0,0.0010234138965256223,3.0,7.234138965256223,5.0,True,1356.0,4.0,False,
2026-05-14,CDK,0.0,0.0,0.0,0.0,3.0,-3.0,5.0,False,2717.0,2.0,False,
2026-05-14,CDKV.V,0.0,0.0,0.0,0.0,3.0,-3.0,5.0,False,2718.0,2.0,False,
2026-05-14,CDLX,0.0,0.0,0.0,-0.0004937090252912744,3.0,-7.9370902529127445,5.0,False,6627.0,2.0,False,
2026-05-14,CDMO,0.0,0.0,0.0,0.0,3.0,-3.0,5.0,False,2719.0,2.0,False,
2026-05-14,CDNA,0.0,0.0,0.0,0.0011032258846799938,3.0,8.032258846799937,5.0,True,1306.0,4.0,True,
2026-05-14,CDNL,0.0,0.0,0.0,0.0030558391533420802,3.0,27.558391533420803,5.0,True,488.0,5.0,True,
2026-05-14,CDNS,0.0,0.0,0.0,0.0028307635112211627,3.0,25.307635112211628,5.0,True,545.0,5.0,True,
2026-05-14,CDOR.O,0.0,0.0,0.0,0.0,3.0,-3.0,5.0,False,2720.0,2.0,False,
2026-05-14,CDOR.P,0.0,0.0,0.0,0.0,3.0,-3.0,5.0,False,2721.0,2.0,False,
2026-05-14,CDRB,0.0,0.0,0.0,0.0,3.0,-3.0,5.0,False,2722.0,2.0,False,
2026-05-14,CDRO,0.0,0.0,0.0,0.0012307672720346008,3.0,9.307672720346009,5.0,True,1227.0,4.0,True,
2026-05-14,CDT,0.0,0.0,0.0,-0.0020076957026161197,3.0,-23.076957026161196,5.0,False,7020.0,1.0,False,
2026-05-14,CDTG,0.0,0.0,0.0,0.001985156090323137,3.0,16.85156090323137,5.0,True,834.0,4.0,False,
2026-05-14,CDTI,0.0,0.0,0.0,0.0,3.0,-3.0,5.0,False,2723.0,2.0,False,
2026-05-14,CDTX,0.0,0.0,0.0,0.0,3.0,-3.0,5.0,False,2724.0,2.0,False,
2026-05-14,CDW,0.0,0.0,0.0,-0.0022766157147880764,3.0,-25.766157147880765,5.0,False,7080.0,1.0,True,
2026-05-14,CDXC,0.0,0.0,0.0,0.0,3.0,-3.0,5.0,False,2725.0,2.0,False,
2026-05-14,CDXS,0.0,0.0,0.0,0.001411211054480785,3.0,11.11211054480785,5.0,True,1128.0,4.0,False,
2026-05-14,CDZI,0.0,0.0,0.0,0.0015205981520800848,3.0,12.205981520800847,5.0,True,1061.0,4.0,False,
2026-05-14,CEAD,0.0,0.0,0.0,0.0,3.0,-3.0,5.0,False,2726.0,2.0,False,
2026-05-14,CECO,0.0,0.0,0.0,0.003444391287884605,3.0,31.44391287884605,5.0,True,404.0,5.0,True,
2026-05-14,CEDC,0.0,0.0,0.0,0.0,3.0,-3.0,5.0,False,2727.0,2.0,False,
2026-05-14,CEG,0.0,0.0,0.0,0.0009076795165776552,3.0,6.076795165776552,5.0,True,1432.0,4.0,True,
2026-05-14,CELC,0.0,0.0,0.0,-0.0018972307269648214,3.0,-21.972307269648216,5.0,False,6990.0,1.0,True,
2026-05-14,CELG,0.0,0.0,0.0,0.0,3.0,-3.0,5.0,False,2728.0,2.0,False,
2026-05-14,CELG.Z,0.0,0.0,0.0,0.0,3.0,-3.0,5.0,False,2729.0,2.0,False,
2026-05-14,CELH,-0.00078125,0.0,-0.00078125,-0.002760465194489345,3.0,24.604651944893448,5.0,True,7149.0,1.0,True,"SHORT because predicted alpha is in the bottom decile. Net alpha after estimated 3.0 bps trading cost is 24.60 bps versus threshold 5.00 bps. Main contributors were intraday_return, mom_5, mom_21. Price filter passed; liquidity filter passed."
2026-05-14,CELL,0.0,0.0,0.0,0.0,3.0,-3.0,5.0,False,2730.0,2.0,False,
2026-05-14,CELM,0.0,0.0,0.0,0.0,3.0,-3.0,5.0,False,2731.0,2.0,False,
2026-05-14,CELU,0.0,0.0,0.0,-0.0020501322243361825,3.0,-23.501322243361827,5.0,False,7030.0,1.0,False,
2026-05-14,CELZ,0.0,0.0,0.0,-0.0002418676370054929,3.0,-5.4186763700549285,5.0,False,6495.0,2.0,False,
2026-05-14,CEMI,0.0,0.0,0.0,0.0,3.0,-3.0,5.0,False,2732.0,2.0,False,
2026-05-14,CEMP,0.0,0.0,0.0,0.0,3.0,-3.0,5.0,False,2733.0,2.0,False,
2026-05-14,CENH,0.0,0.0,0.0,0.0,3.0,-3.0,5.0,False,2734.0,2.0,False,
2026-05-14,CENN,0.0,0.0,0.0,-0.0015517995224172845,3.0,-18.517995224172843,5.0,False,6929.0,1.0,False,
2026-05-14,CENQ,0.0,0.0,0.0,0.0,3.0,-3.0,5.0,False,2735.0,2.0,False,
2026-05-14,CENT,0.0,0.0,0.0,0.0021700394227799585,3.0,18.700394227799585,5.0,True,784.0,4.0,True,
2026-05-14,CENTA,0.0,0.0,0.0,0.0011698528704721196,3.0,8.698528704721197,5.0,True,1266.0,4.0,True,
2026-05-14,CENX,0.00078125,0.0,0.00078125,0.005292219472484788,3.0,49.922194724847884,5.0,True,161.0,5.0,True,"BUY because predicted alpha is in the top decile. Net alpha after estimated 3.0 bps trading cost is 49.92 bps versus threshold 5.00 bps. Main contributors were intraday_return, parkinson_vol_20, mom_252. Price filter passed; liquidity filter passed."
2026-05-14,CEP,0.0,0.0,0.0,0.0,3.0,-3.0,5.0,False,2736.0,2.0,False,
2026-05-14,CEPF,0.0,0.0,0.0,0.001672252462073743,3.0,13.722524620737428,5.0,True,979.0,4.0,True,
2026-05-14,CEPH,0.0,0.0,0.0,0.0,3.0,-3.0,5.0,False,2737.0,2.0,False,
2026-05-14,CEPO,0.0,0.0,0.0,-6.784488696949618e-05,3.0,-3.6784488696949618,5.0,False,6410.0,2.0,True,
2026-05-14,CEPS,0.0,0.0,0.0,-0.00037574084574435156,3.0,-6.757408457443516,5.0,False,6567.0,2.0,True,
2026-05-14,CEPT,0.0,0.0,0.0,0.0024645743788761464,3.0,21.645743788761465,5.0,True,653.0,5.0,True,
2026-05-14,CEPV,0.0,0.0,0.0,0.0007083128414960456,3.0,4.083128414960456,5.0,False,1566.0,3.0,True,
2026-05-14,CERC,0.0,0.0,0.0,0.0,3.0,-3.0,5.0,False,2738.0,2.0,False,
2026-05-14,CERC.U,0.0,0.0,0.0,0.0,3.0,-3.0,5.0,False,2739.0,2.0,False,
2026-05-14,CERC.W,0.0,0.0,0.0,0.0,3.0,-3.0,5.0,False,2740.0,2.0,False,
2026-05-14,CERC.Z,0.0,0.0,0.0,0.0,3.0,-3.0,5.0,False,2741.0,2.0,False,
2026-05-14,CERE,0.0,0.0,0.0,0.0,3.0,-3.0,5.0,False,2742.0,2.0,False,
2026-05-14,CERN,0.0,0.0,0.0,0.0,3.0,-3.0,5.0,False,2743.0,2.0,False,
2026-05-14,CERO,0.0,0.0,0.0,0.0,3.0,-3.0,5.0,False,2744.0,2.0,False,
2026-05-14,CERS,0.0,0.0,0.0,0.0028726204550951987,3.0,25.726204550951987,5.0,True,530.0,5.0,False,
2026-05-14,CERT,0.0,0.0,0.0,-0.0017808955760025894,3.0,-20.808955760025892,5.0,False,6967.0,1.0,False,
2026-05-14,CERU,0.0,0.0,0.0,0.0,3.0,-3.0,5.0,False,2745.0,2.0,False,
2026-05-14,CETC,0.0,0.0,0.0,0.0,3.0,-3.0,5.0,False,2746.0,2.0,False,
2026-05-14,CETU,0.0,0.0,0.0,0.0,3.0,-3.0,5.0,False,2747.0,2.0,False,
2026-05-14,CETV,0.0,0.0,0.0,0.0,3.0,-3.0,5.0,False,2748.0,2.0,False,
2026-05-14,CETX,0.0,0.0,0.0,-0.003132452142100149,3.0,-34.32452142100149,5.0,False,7191.0,1.0,False,
2026-05-14,CETY,0.0,0.0,0.0,-0.002894584281639024,3.0,-31.94584281639024,5.0,False,7167.0,1.0,False,
2026-05-14,CEVA,0.004457310267857143,0.004464285714285714,-6.975446428571404e-06,0.00666845946787358,3.0,63.684594678735806,5.0,True,75.0,5.0,True,"SELL because predicted alpha is in the top decile. Net alpha after estimated 3.0 bps trading cost is 63.68 bps versus threshold 5.00 bps. Main contributors were mom_21, close_to_low_20, mom_5. Price filter passed; liquidity filter passed."
2026-05-14,CFAC,0.0,0.0,0.0,0.0,3.0,-3.0,5.0,False,2749.0,2.0,False,
2026-05-14,CFB,0.0,0.0,0.0,0.0,3.0,-3.0,5.0,False,2750.0,2.0,False,
2026-05-14,CFBI,0.0,0.0,0.0,0.0,3.0,-3.0,5.0,False,2751.0,2.0,False,
2026-05-14,CFBK,0.0,0.0,0.0,0.0009971234311847452,3.0,6.971234311847452,5.0,True,1379.0,4.0,True,
2026-05-14,CFCB,0.0,0.0,0.0,0.0,3.0,-3.0,5.0,False,2752.0,2.0,False,
2026-05-14,CFCO,0.0,0.0,0.0,0.0,3.0,-3.0,5.0,False,2753.0,2.0,False,
2026-05-14,CFCO.U,0.0,0.0,0.0,0.0,3.0,-3.0,5.0,False,2754.0,2.0,False,
2026-05-14,CFCO.W,0.0,0.0,0.0,0.0,3.0,-3.0,5.0,False,2755.0,2.0,False,
2026-05-14,CFFA,0.0,0.0,0.0,0.0,3.0,-3.0,5.0,False,2756.0,2.0,False,
2026-05-14,CFFE,0.0,0.0,0.0,0.0,3.0,-3.0,5.0,False,2757.0,2.0,False,
2026-05-14,CFFI,0.0,0.0,0.0,0.00047771881890869896,3.0,1.7771881890869894,5.0,False,1724.0,3.0,True,
2026-05-14,CFFN,0.0,0.0,0.0,0.0014180596713876331,3.0,11.180596713876332,5.0,True,1125.0,4.0,True,
2026-05-14,CFFS,0.0,0.0,0.0,0.0,3.0,-3.0,5.0,False,2758.0,2.0,False,
2026-05-14,CFGE,0.0,0.0,0.0,0.0,3.0,-3.0,5.0,False,2759.0,2.0,False,
2026-05-14,CFII,0.0,0.0,0.0,0.0,3.0,-3.0,5.0,False,2760.0,2.0,False,
2026-05-14,CFIV,0.0,0.0,0.0,0.0,3.0,-3.0,5.0,False,2761.0,2.0,False,
2026-05-14,CFLT,0.0,0.0,0.0,0.0,3.0,-3.0,5.0,False,2762.0,2.0,False,
2026-05-14,CFMS,0.0,0.0,0.0,0.0,3.0,-3.0,5.0,False,2763.0,2.0,False,
2026-05-14,CFNB,0.0,0.0,0.0,0.0,3.0,-3.0,5.0,False,2764.0,2.0,False,
2026-05-14,CFNL,0.0,0.0,0.0,0.0,3.0,-3.0,5.0,False,2765.0,2.0,False,
2026-05-14,CFRX,0.0,0.0,0.0,0.0,3.0,-3.0,5.0,False,2766.0,2.0,False,
2026-05-14,CFRX.U,0.0,0.0,0.0,0.0,3.0,-3.0,5.0,False,2767.0,2.0,False,
2026-05-14,CFRX.W,0.0,0.0,0.0,0.0,3.0,-3.0,5.0,False,2768.0,2.0,False,
2026-05-14,CFRX.Z,0.0,0.0,0.0,0.0,3.0,-3.0,5.0,False,2769.0,2.0,False,
2026-05-14,CFSB,0.0,0.0,0.0,0.0,3.0,-3.0,5.0,False,2770.0,2.0,False,
2026-05-14,CFSG,0.0,0.0,0.0,0.0,3.0,-3.0,5.0,False,2771.0,2.0,False,
2026-05-14,CFV,0.0,0.0,0.0,0.0,3.0,-3.0,5.0,False,2772.0,2.0,False,
2026-05-14,CFVI,0.0,0.0,0.0,0.0,3.0,-3.0,5.0,False,2773.0,2.0,False,
2026-05-14,CG,0.0,0.0,0.0,0.0011312210249077568,3.0,8.312210249077568,5.0,True,1283.0,4.0,True,
2026-05-14,CGABL,0.0,0.0,0.0,0.0011280919946421936,3.0,8.280919946421935,5.0,True,1286.0,4.0,True,
2026-05-14,CGBD,0.0,0.0,0.0,0.001078847159267706,3.0,7.788471592677059,5.0,True,1315.0,4.0,True,
2026-05-14,CGBDL,0.0,0.0,0.0,0.0,3.0,-3.0,5.0,False,2774.0,2.0,False,
2026-05-14,CGBS,0.0,0.0,0.0,0.0,3.0,-3.0,5.0,False,2775.0,2.0,False,
2026-05-14,CGC,0.0,0.0,0.0,0.001688886980610084,3.0,13.888869806100839,5.0,True,968.0,4.0,False,
2026-05-14,CGCT,0.0,0.0,0.0,-4.690787277616265e-05,3.0,-3.4690787277616266,5.0,False,6404.0,2.0,True,
2026-05-14,CGEM,0.0,0.0,0.0,0.0009802394802185595,3.0,6.802394802185596,5.0,True,1386.0,4.0,True,
2026-05-14,CGEN,0.0,0.0,0.0,-0.0004139541706401713,3.0,-7.139541706401713,5.0,False,6587.0,2.0,False,
2026-05-14,CGIX,0.0,0.0,0.0,0.0,3.0,-3.0,5.0,False,2776.0,2.0,False,
2026-05-14,CGNT,-0.00078125,0.0,-0.00078125,-0.003100927609929858,3.0,28.00927609929858,5.0,True,7188.0,1.0,True,"SHORT because predicted alpha is in the bottom decile. Net alpha after estimated 3.0 bps trading cost is 28.01 bps versus threshold 5.00 bps. Main contributors were volume_z_60, mom_5, hl_range_20. Price filter passed; liquidity filter passed."
2026-05-14,CGNX,0.0,0.0,0.0,-0.00035359426785912875,3.0,-6.5359426785912875,5.0,False,6558.0,2.0,True,
2026-05-14,CGO,0.0,0.0,0.0,0.0009546119715764688,3.0,6.5461197157646875,5.0,True,1404.0,4.0,True,
2026-05-14,CGON,0.004457310267857143,0.004464285714285714,-6.975446428571404e-06,0.006635460073665178,3.0,63.354600736651776,5.0,True,79.0,5.0,True,"SELL because predicted alpha is in the top decile. Net alpha after estimated 3.0 bps trading cost is 63.35 bps versus threshold 5.00 bps. Main contributors were intraday_return, parkinson_vol_20, mom_252. Price filter passed; liquidity filter passed."
2026-05-14,CGRN,0.0,0.0,0.0,0.0,3.0,-3.0,5.0,False,2777.0,2.0,False,
2026-05-14,CGTL,0.0,0.0,0.0,-0.030937061621287766,3.0,-312.3706162128777,5.0,False,7576.0,1.0,False,
2026-05-14,CGTX,0.0,0.0,0.0,0.003327261042706115,3.0,30.272610427061146,5.0,True,426.0,5.0,False,
2026-05-14,CHAC,0.0,0.0,0.0,0.0,3.0,-3.0,5.0,False,2778.0,2.0,False,
2026-05-14,CHAI,0.0,0.0,0.0,-0.00198060560514831,3.0,-22.806056051483097,5.0,False,7010.0,1.0,False,
2026-05-14,CHAR,0.0,0.0,0.0,0.0003891452816963143,3.0,0.891452816963143,5.0,False,1777.0,3.0,True,
2026-05-14,CHCI,0.0,0.0,0.0,0.0025451063985893895,3.0,22.451063985893896,5.0,True,626.0,5.0,True,
2026-05-14,CHCO,0.0,0.0,0.0,0.0013735014453306476,3.0,10.735014453306476,5.0,True,1153.0,4.0,True,
2026-05-14,CHDN,0.0,0.0,0.0,0.0018750297326695625,3.0,15.750297326695623,5.0,True,879.0,4.0,True,
2026-05-14,CHDX,0.0,0.0,0.0,0.0,3.0,-3.0,5.0,False,2779.0,2.0,False,
2026-05-14,CHEA,0.0,0.0,0.0,0.0,3.0,-3.0,5.0,False,2780.0,2.0,False,
2026-05-14,CHEC,0.0,0.0,0.0,0.0,3.0,-3.0,5.0,False,2781.0,2.0,False,
2026-05-14,CHEF,0.0,0.0,0.0,0.002207081476518772,3.0,19.07081476518772,5.0,True,773.0,4.0,True,
2026-05-14,CHEK,0.0,0.0,0.0,0.0,3.0,-3.0,5.0,False,2782.0,2.0,False,
2026-05-14,CHEK.U,0.0,0.0,0.0,0.0,3.0,-3.0,5.0,False,2783.0,2.0,False,
2026-05-14,CHEK.W,0.0,0.0,0.0,0.0,3.0,-3.0,5.0,False,2784.0,2.0,False,
2026-05-14,CHEV,0.0,0.0,0.0,0.0,3.0,-3.0,5.0,False,2785.0,2.0,False,
2026-05-14,CHFC,0.0,0.0,0.0,0.0,3.0,-3.0,5.0,False,2786.0,2.0,False,
2026-05-14,CHFN,0.0,0.0,0.0,0.0,3.0,-3.0,5.0,False,2787.0,2.0,False,
2026-05-14,CHFS,0.0,0.0,0.0,0.0,3.0,-3.0,5.0,False,2788.0,2.0,False,
2026-05-14,CHG,0.0,0.0,0.0,0.0,3.0,-3.0,5.0,False,2789.0,2.0,False,
2026-05-14,CHI,0.0,0.0,0.0,0.0014737317332974829,3.0,11.737317332974829,5.0,True,1087.0,4.0,True,
2026-05-14,CHIA.V,0.0,0.0,0.0,0.0,3.0,-3.0,5.0,False,2790.0,2.0,False,
2026-05-14,CHIK.V,0.0,0.0,0.0,0.0,3.0,-3.0,5.0,False,2791.0,2.0,False,
2026-05-14,CHINA,0.0,0.0,0.0,0.0,3.0,-3.0,5.0,False,2792.0,2.0,False,
2026-05-14,CHIND,0.0,0.0,0.0,0.0,3.0,-3.0,5.0,False,2793.0,2.0,False,
2026-05-14,CHK,0.0,0.0,0.0,0.0,3.0,-3.0,5.0,False,2794.0,2.0,False,
2026-05-14,CHKE,0.0,0.0,0.0,0.0,3.0,-3.0,5.0,False,2795.0,2.0,False,
2026-05-14,CHKP,0.0,0.0,0.0,-0.001563584746800955,3.0,-18.63584746800955,5.0,False,6931.0,1.0,True,
2026-05-14,CHLN,0.0,0.0,0.0,0.0,3.0,-3.0,5.0,False,2796.0,2.0,False,
2026-05-14,CHMA,0.0,0.0,0.0,0.0,3.0,-3.0,5.0,False,2797.0,2.0,False,
2026-05-14,CHMG,-0.00078125,0.0,-0.00078125,-0.0028569709436564762,3.0,25.56970943656476,5.0,True,7162.0,1.0,True,"SHORT because predicted alpha is in the bottom decile. Net alpha after estimated 3.0 bps trading cost is 25.57 bps versus threshold 5.00 bps. Main contributors were volume_z_60, hl_range_20, volatility_20. Price filter passed; liquidity filter passed."
2026-05-14,CHNG,0.0,0.0,0.0,0.0,3.0,-3.0,5.0,False,2798.0,2.0,False,
2026-05-14,CHNGV,0.0,0.0,0.0,0.0,3.0,-3.0,5.0,False,2799.0,2.0,False,
2026-05-14,CHNR,0.0,0.0,0.0,-0.004315535459070487,3.0,-46.15535459070487,5.0,False,7292.0,1.0,False,
2026-05-14,CHOP,0.0,0.0,0.0,0.0,3.0,-3.0,5.0,False,2800.0,2.0,False,
2026-05-14,CHPG,0.0,0.0,0.0,-0.00018965330386066636,3.0,-4.8965330386066634,5.0,False,6472.0,2.0,True,
2026-05-14,CHPM,0.0,0.0,0.0,0.0,3.0,-3.0,5.0,False,2801.0,2.0,False,
2026-05-14,CHR,0.0,0.0,0.0,-0.011800792471420686,3.0,-121.00792471420687,5.0,False,7501.0,1.0,False,
2026-05-14,CHRD,0.0,0.0,0.0,0.0044088522159131775,3.0,41.08852215913178,5.0,True,240.0,5.0,True,
2026-05-14,CHRM,0.0,0.0,0.0,0.0,3.0,-3.0,5.0,False,2802.0,2.0,False,
2026-05-14,CHRN,-0.003676060267857143,-0.004464285714285714,0.0007882254464285712,-0.0022831666723224448,3.0,19.831666723224448,5.0,True,7082.0,1.0,True,"COVER because predicted alpha is in the bottom decile. Net alpha after estimated 3.0 bps trading cost is 19.83 bps versus threshold 5.00 bps. Main contributors were intraday_return, volume_z_60, parkinson_vol_20. Price filter passed; liquidity filter passed."
2026-05-14,CHRS,0.0,0.0,0.0,0.0008175807365495312,3.0,5.175807365495311,5.0,True,1495.0,4.0,False,
2026-05-14,CHRW,0.0,0.0,0.0,-0.0009872558514040764,3.0,-12.872558514040763,5.0,False,6788.0,2.0,True,
2026-05-14,CHSN,0.0,0.0,0.0,-0.026959789221132416,3.0,-272.59789221132417,5.0,False,7567.0,1.0,False,
2026-05-14,CHTP,0.0,0.0,0.0,0.0,3.0,-3.0,5.0,False,2803.0,2.0,False,
2026-05-14,CHTR,-0.00078125,0.0,-0.00078125,-0.0036076173022018218,3.0,33.07617302201822,5.0,True,7236.0,1.0,True,"SHORT because predicted alpha is in the bottom decile. Net alpha after estimated 3.0 bps trading cost is 33.08 bps versus threshold 5.00 bps. Main contributors were intraday_return, mom_21, volume_z_60. Price filter passed; liquidity filter passed."
2026-05-14,CHUB.A,0.0,0.0,0.0,0.0,3.0,-3.0,5.0,False,2804.0,2.0,False,
2026-05-14,CHUB.K,0.0,0.0,0.0,0.0,3.0,-3.0,5.0,False,2805.0,2.0,False,
2026-05-14,CHUBA,0.0,0.0,0.0,0.0,3.0,-3.0,5.0,False,2806.0,2.0,False,
2026-05-14,CHUBK,0.0,0.0,0.0,0.0,3.0,-3.0,5.0,False,2807.0,2.0,False,
2026-05-14,CHUY,0.0,0.0,0.0,0.0,3.0,-3.0,5.0,False,2808.0,2.0,False,
2026-05-14,CHW,0.0,0.0,0.0,0.0016502575351614048,3.0,13.502575351614048,5.0,True,987.0,4.0,True,
2026-05-14,CHWA,0.0,0.0,0.0,0.0,3.0,-3.0,5.0,False,2809.0,2.0,False,
2026-05-14,CHX,0.0,0.0,0.0,0.0,3.0,-3.0,5.0,False,2810.0,2.0,False,
2026-05-14,CHY,0.0,0.0,0.0,0.0018208415984749962,3.0,15.208415984749962,5.0,True,907.0,4.0,True,
2026-05-14,CHYM,0.0,0.0,0.0,-0.00034460129110067974,3.0,-6.446012911006797,5.0,False,6553.0,2.0,True,
2026-05-14,CHYR,0.0,0.0,0.0,0.0,3.0,-3.0,5.0,False,2811.0,2.0,False,
2026-05-14,CIDM,0.0,0.0,0.0,0.0,3.0,-3.0,5.0,False,2812.0,2.0,False,
2026-05-14,CIFC,0.0,0.0,0.0,0.0,3.0,-3.0,5.0,False,2813.0,2.0,False,
2026-05-14,CIFR,0.0,0.0,0.0,0.004194603644954554,3.0,38.94603644954554,5.0,True,274.0,5.0,True,
2026-05-14,CIFS,0.0,0.0,0.0,0.0,3.0,-3.0,5.0,False,2814.0,2.0,False,
2026-05-14,CIGI,-0.003676060267857143,-0.004464285714285714,0.0007882254464285712,0.0014555670691527897,3.0,-17.555670691527897,5.0,False,1098.0,4.0,True,"COVER because predicted alpha is in the bottom decile. Net alpha after estimated 3.0 bps trading cost is -17.56 bps versus threshold 5.00 bps. Main contributors were hl_range_20, mom_5, mom_1. Price filter passed; liquidity filter passed."
2026-05-14,CIGL,0.0,0.0,0.0,0.0,3.0,-3.0,5.0,False,2815.0,2.0,False,
2026-05-14,CIGX,0.0,0.0,0.0,0.0,3.0,-3.0,5.0,False,2816.0,2.0,False,
2026-05-14,CIIC,0.0,0.0,0.0,0.0,3.0,-3.0,5.0,False,2817.0,2.0,False,
2026-05-14,CIIG,0.0,0.0,0.0,0.0,3.0,-3.0,5.0,False,2818.0,2.0,False,
2026-05-14,CIIT,0.0,0.0,0.0,-0.0018932867967479947,3.0,-21.932867967479947,5.0,False,6987.0,1.0,False,
2026-05-14,CIMT,0.0,0.0,0.0,0.0,3.0,-3.0,5.0,False,2819.0,2.0,False,
2026-05-14,CINC,0.0,0.0,0.0,0.0,3.0,-3.0,5.0,False,2820.0,2.0,False,
2026-05-14,CINF,0.0,0.0,0.0,0.0008656399017714515,3.0,5.656399017714515,5.0,True,1462.0,4.0,True,
2026-05-14,CING,0.0,0.0,0.0,0.0012805050405146016,3.0,9.805050405146016,5.0,True,1198.0,4.0,False,
2026-05-14,CISA.A,0.0,0.0,0.0,0.0,3.0,-3.0,5.0,False,2821.0,2.0,False,
2026-05-14,CISA.U,0.0,0.0,0.0,0.0,3.0,-3.0,5.0,False,2822.0,2.0,False,
2026-05-14,CISA.W,0.0,0.0,0.0,0.0,3.0,-3.0,5.0,False,2823.0,2.0,False,
2026-05-14,CISO,0.0,0.0,0.0,-0.002718841413798449,3.0,-30.18841413798449,5.0,False,7144.0,1.0,False,
2026-05-14,CISS,0.0,0.0,0.0,-0.004396025844627945,3.0,-46.960258446279454,5.0,False,7301.0,1.0,False,
2026-05-14,CISSV,0.0,0.0,0.0,0.0,3.0,-3.0,5.0,False,2824.0,2.0,False,
2026-05-14,CITE,0.0,0.0,0.0,0.0,3.0,-3.0,5.0,False,2825.0,2.0,False,
2026-05-14,CIVB,0.0,0.0,0.0,0.0014054642858138894,3.0,11.054642858138894,5.0,True,1130.0,4.0,True,
2026-05-14,CIVB.P,0.0,0.0,0.0,0.0,3.0,-3.0,5.0,False,2826.0,2.0,False,
2026-05-14,CIZN,0.0,0.0,0.0,0.0,3.0,-3.0,5.0,False,2827.0,2.0,False,
2026-05-14,CJET,0.0,0.0,0.0,0.0,3.0,-3.0,5.0,False,2828.0,2.0,False,
2026-05-14,CJJD,0.0,0.0,0.0,0.0,3.0,-3.0,5.0,False,2829.0,2.0,False,
2026-05-14,CJMB,0.0,0.0,0.0,-0.00199232995637206,3.0,-22.923299563720597,5.0,False,7014.0,1.0,False,
2026-05-14,CKEC,0.0,0.0,0.0,0.0,3.0,-3.0,5.0,False,2830.0,2.0,False,
2026-05-14,CKPT,0.0,0.0,0.0,0.0,3.0,-3.0,5.0,False,2831.0,2.0,False,
2026-05-14,CKSW,0.0,0.0,0.0,0.0,3.0,-3.0,5.0,False,2832.0,2.0,False,
2026-05-14,CLAC,0.0,0.0,0.0,0.0,3.0,-3.0,5.0,False,2833.0,2.0,False,
2026-05-14,CLAQ,0.0,0.0,0.0,0.0,3.0,-3.0,5.0,False,2834.0,2.0,False,
2026-05-14,CLAR,0.0,0.0,0.0,-0.006536591551787458,3.0,-68.36591551787458,5.0,False,7401.0,1.0,False,
2026-05-14,CLAY,0.0,0.0,0.0,0.0,3.0,-3.0,5.0,False,2835.0,2.0,False,
2026-05-14,CLBH,0.0,0.0,0.0,0.0,3.0,-3.0,5.0,False,2836.0,2.0,False,
2026-05-14,CLBK,0.0,0.0,0.0,-0.001639851578492443,3.0,-19.39851578492443,5.0,False,6940.0,1.0,True,
2026-05-14,CLBS,0.0,0.0,0.0,0.0,3.0,-3.0,5.0,False,2837.0,2.0,False,
2026-05-14,CLBT,-0.00078125,0.0,-0.00078125,-0.005673773574777817,3.0,53.737735747778174,5.0,True,7365.0,1.0,True,"SHORT because predicted alpha is in the bottom decile. Net alpha after estimated 3.0 bps trading cost is 53.74 bps versus threshold 5.00 bps. Main contributors were intraday_return, volume_z_60, hl_range_20. Price filter passed; liquidity filter passed."
2026-05-14,CLCD,0.0,0.0,0.0,0.0,3.0,-3.0,5.0,False,2838.0,2.0,False,
2026-05-14,CLCT,0.0,0.0,0.0,0.0,3.0,-3.0,5.0,False,2839.0,2.0,False,
2026-05-14,CLDB,0.0,0.0,0.0,0.0,3.0,-3.0,5.0,False,2840.0,2.0,False,
2026-05-14,CLDC,0.0,0.0,0.0,0.0,3.0,-3.0,5.0,False,2841.0,2.0,False,
2026-05-14,CLDC.W,0.0,0.0,0.0,0.0,3.0,-3.0,5.0,False,2842.0,2.0,False,
2026-05-14,CLDN,0.0,0.0,0.0,0.0,3.0,-3.0,5.0,False,2843.0,2.0,False,
2026-05-14,CLDX,0.0,0.0,0.0,0.0008041792963419801,3.0,5.0417929634198,5.0,True,1501.0,4.0,True,
2026-05-14,CLEU,0.0,0.0,0.0,0.0,3.0,-3.0,5.0,False,2844.0,2.0,False,
2026-05-14,CLFD,0.003676060267857143,0.004464285714285714,-0.0007882254464285712,0.0005167433482779659,3.0,2.167433482779659,5.0,False,1694.0,3.0,True,"SELL because predicted alpha is in the top decile. Net alpha after estimated 3.0 bps trading cost is 2.17 bps versus threshold 5.00 bps. Main contributors were mom_5, mom_21, close_to_low_20. Price filter passed; liquidity filter passed."
2026-05-14,CLGN,0.0,0.0,0.0,0.0021887440403606747,3.0,18.887440403606746,5.0,True,778.0,4.0,False,
2026-05-14,CLIK,0.0,0.0,0.0,-0.008869945062654361,3.0,-91.69945062654361,5.0,False,7460.0,1.0,False,
2026-05-14,CLIN,0.0,0.0,0.0,0.0,3.0,-3.0,5.0,False,2845.0,2.0,False,
2026-05-14,CLIR,0.0,0.0,0.0,-0.003847270367074407,3.0,-41.472703670744075,5.0,False,7260.0,1.0,True,
2026-05-14,CLMB,0.0,0.0,0.0,0.0013877350618599733,3.0,10.877350618599733,5.0,True,1140.0,4.0,True,
2026-05-14,CLMS,0.0,0.0,0.0,0.0,3.0,-3.0,5.0,False,2846.0,2.0,False,
2026-05-14,CLMT,0.0,0.0,0.0,0.003814378933926068,3.0,35.143789339260685,5.0,True,333.0,5.0,True,
2026-05-14,CLNE,0.0,0.0,0.0,0.0007981676462428426,3.0,4.9816764624284255,5.0,False,1505.0,4.0,False,
2026-05-14,CLNN,-0.004457310267857143,-0.004464285714285714,6.975446428571404e-06,-0.0053449166077602535,3.0,50.449166077602534,5.0,True,7350.0,1.0,True,"COVER because predicted alpha is in the bottom decile. Net alpha after estimated 3.0 bps trading cost is 50.45 bps versus threshold 5.00 bps. Main contributors were intraday_return, parkinson_vol_20, volatility_10. Price filter passed; liquidity filter passed."
2026-05-14,CLNT,0.0,0.0,0.0,0.0,3.0,-3.0,5.0,False,2847.0,2.0,False,
2026-05-14,CLOE,0.0,0.0,0.0,0.0,3.0,-3.0,5.0,False,2848.0,2.0,False,
2026-05-14,CLOV,0.0,0.0,0.0,0.007177217363073548,3.0,68.77217363073548,5.0,True,61.0,5.0,False,
2026-05-14,CLPS,0.0,0.0,0.0,0.002394787320630262,3.0,20.94787320630262,5.0,True,684.0,5.0,False,
2026-05-14,CLPT,0.0,0.0,0.0,-0.0004767326194436874,3.0,-7.767326194436874,5.0,False,6621.0,2.0,True,
2026-05-14,CLRB,0.0,0.0,0.0,-0.009961832534072597,3.0,-102.61832534072597,5.0,False,7474.0,1.0,False,
2026-05-14,CLRB.W,0.0,0.0,0.0,0.0,3.0,-3.0,5.0,False,2849.0,2.0,False,
2026-05-14,CLRC,0.0,0.0,0.0,0.0,3.0,-3.0,5.0,False,2850.0,2.0,False,
2026-05-14,CLRM,0.0,0.0,0.0,0.0,3.0,-3.0,5.0,False,2851.0,2.0,False,
2026-05-14,CLRO,0.0,0.0,0.0,-1.5970385734653445e-05,3.0,-3.1597038573465346,5.0,False,6387.0,2.0,False,
2026-05-14,CLRS,0.0,0.0,0.0,0.0,3.0,-3.0,5.0,False,2852.0,2.0,False,
2026-05-14,CLRT,0.0,0.0,0.0,0.0,3.0,-3.0,5.0,False,2853.0,2.0,False,
2026-05-14,CLRX,0.0,0.0,0.0,0.0,3.0,-3.0,5.0,False,2854.0,2.0,False,
2026-05-14,CLSD,0.0,0.0,0.0,0.0,3.0,-3.0,5.0,False,2855.0,2.0,False,
2026-05-14,CLSK,0.0,0.0,0.0,0.002217943981042868,3.0,19.17943981042868,5.0,True,766.0,4.0,True,
2026-05-14,CLST,0.0,0.0,0.0,-0.0008488082273596339,3.0,-11.488082273596339,5.0,False,6744.0,2.0,True,
2026-05-14,CLTX,0.0,0.0,0.0,0.0,3.0,-3.0,5.0,False,2856.0,2.0,False,
2026-05-14,CLVR,0.0,0.0,0.0,0.0,3.0,-3.0,5.0,False,2857.0,2.0,False,
2026-05-14,CLVS,0.0,0.0,0.0,0.0,3.0,-3.0,5.0,False,2858.0,2.0,False,
2026-05-14,CLWR,0.0,0.0,0.0,0.0,3.0,-3.0,5.0,False,2859.0,2.0,False,
2026-05-14,CLWT,0.0,0.0,0.0,0.004209274963552308,3.0,39.092749635523084,5.0,True,273.0,5.0,False,
2026-05-14,CLXT,0.0,0.0,0.0,0.0,3.0,-3.0,5.0,False,2860.0,2.0,False,
2026-05-14,CLYM,0.0,0.0,0.0,0.0042629367797897616,3.0,39.629367797897615,5.0,True,262.0,5.0,True,
2026-05-14,CMAX,0.0,0.0,0.0,0.0,3.0,-3.0,5.0,False,2861.0,2.0,False,
2026-05-14,CMBM,0.0,0.0,0.0,0.0,3.0,-3.0,5.0,False,2862.0,2.0,False,
2026-05-14,CMCA,0.0,0.0,0.0,0.0,3.0,-3.0,5.0,False,2863.0,2.0,False,
2026-05-14,CMCO,0.0,0.0,0.0,0.0012172160997164653,3.0,9.172160997164653,5.0,True,1236.0,4.0,True,
2026-05-14,CMCS.K,0.0,0.0,0.0,0.0,3.0,-3.0,5.0,False,2864.0,2.0,False,
2026-05-14,CMCSA,0.0,0.0,0.0,-0.0005392145005898329,3.0,-8.392145005898328,5.0,False,6642.0,2.0,True,
2026-05-14,CMCSK,0.0,0.0,0.0,0.0,3.0,-3.0,5.0,False,2865.0,2.0,False,
2026-05-14,CMCSV,0.0,0.0,0.0,0.0,3.0,-3.0,5.0,False,2866.0,2.0,False,
2026-05-14,CMCT,0.0,0.0,0.0,-0.0058183050651757,3.0,-61.183050651757,5.0,False,7373.0,1.0,True,
2026-05-14,CME,0.0,0.0,0.0,0.0018727192670896554,3.0,15.727192670896553,5.0,True,881.0,4.0,True,
2026-05-14,CMED,0.0,0.0,0.0,0.0,3.0,-3.0,5.0,False,2867.0,2.0,False,
2026-05-14,CMFN,0.0,0.0,0.0,0.0,3.0,-3.0,5.0,False,2868.0,2.0,False,
2026-05-14,CMFNL,0.0,0.0,0.0,0.0,3.0,-3.0,5.0,False,2869.0,2.0,False,
2026-05-14,CMGE,0.0,0.0,0.0,0.0,3.0,-3.0,5.0,False,2870.0,2.0,False,
2026-05-14,CMII,0.0,0.0,0.0,-0.0012175402355291912,3.0,-15.175402355291912,5.0,False,6849.0,1.0,True,
2026-05-14,CMLF,0.0,0.0,0.0,0.0,3.0,-3.0,5.0,False,2871.0,2.0,False,
2026-05-14,CMLS,0.0,0.0,0.0,0.0,3.0,-3.0,5.0,False,2872.0,2.0,False,
2026-05-14,CMLT,0.0,0.0,0.0,0.0,3.0,-3.0,5.0,False,2873.0,2.0,False,
2026-05-14,CMND,0.0,0.0,0.0,-0.00018540666559490552,3.0,-4.8540666559490555,5.0,False,6468.0,2.0,False,
2026-05-14,CMPI,0.0,0.0,0.0,0.0,3.0,-3.0,5.0,False,2874.0,2.0,False,
2026-05-14,CMPOV,0.0,0.0,0.0,0.0,3.0,-3.0,5.0,False,2875.0,2.0,False,
2026-05-14,CMPR,0.0,0.0,0.0,-0.0011769542269208678,3.0,-14.769542269208678,5.0,False,6838.0,1.0,True,
2026-05-14,CMPX,0.0,0.0,0.0,-0.0019584472705255064,3.0,-22.584472705255063,5.0,False,7006.0,1.0,False,
2026-05-14,CMRA,0.0,0.0,0.0,0.0,3.0,-3.0,5.0,False,2876.0,2.0,False,
2026-05-14,CMRC,0.0,0.0,0.0,-0.00024893193898793036,3.0,-5.489319389879304,5.0,False,6502.0,2.0,False,
2026-05-14,CMRX,0.0,0.0,0.0,0.0,3.0,-3.0,5.0,False,2877.0,2.0,False,
2026-05-14,CMSB,0.0,0.0,0.0,0.0,3.0,-3.0,5.0,False,2878.0,2.0,False,
2026-05-14,CMSS,0.0,0.0,0.0,0.0,3.0,-3.0,5.0,False,2879.0,2.0,False,
2026-05-14,CMTA,0.0,0.0,0.0,0.0,3.0,-3.0,5.0,False,2880.0,2.0,False,
2026-05-14,CMTL,0.0,0.0,0.0,0.00020119910504327355,3.0,-0.9880089495672646,5.0,False,1881.0,3.0,False,
2026-05-14,CMTV,0.0,0.0,0.0,0.0017667422589259705,3.0,14.667422589259704,5.0,True,939.0,4.0,True,
2026-05-14,CMVT,0.0,0.0,0.0,0.0,3.0,-3.0,5.0,False,2881.0,2.0,False,
2026-05-14,CNAC,0.0,0.0,0.0,0.0,3.0,-3.0,5.0,False,2882.0,2.0,False,
2026-05-14,CNAT,0.0,0.0,0.0,0.0,3.0,-3.0,5.0,False,2883.0,2.0,False,
2026-05-14,CNBC,0.0,0.0,0.0,0.0,3.0,-3.0,5.0,False,2884.0,2.0,False,
2026-05-14,CNBK.A,0.0,0.0,0.0,0.0,3.0,-3.0,5.0,False,2885.0,2.0,False,
2026-05-14,CNBKA,0.0,0.0,0.0,0.0,3.0,-3.0,5.0,False,2886.0,2.0,False,
2026-05-14,CNCE,0.0,0.0,0.0,0.0,3.0,-3.0,5.0,False,2887.0,2.0,False,
2026-05-14,CNCK,0.0,0.0,0.0,-0.003872837148882377,3.0,-41.72837148882377,5.0,False,7264.0,1.0,False,
2026-05-14,CNDO,0.0,0.0,0.0,0.0,3.0,-3.0,5.0,False,2888.0,2.0,False,
2026-05-14,CNDT,0.0,0.0,0.0,-0.0022526222447324675,3.0,-25.526222447324674,5.0,False,7071.0,1.0,False,
2026-05-14,CNET,0.0,0.0,0.0,0.00603657511974998,3.0,57.3657511974998,5.0,True,107.0,5.0,False,
2026-05-14,CNEY,0.0,0.0,0.0,-0.006820950953275513,3.0,-71.20950953275513,5.0,False,7411.0,1.0,False,
2026-05-14,CNFR,0.0,0.0,0.0,0.0,3.0,-3.0,5.0,False,2889.0,2.0,False,
2026-05-14,CNFRL,0.0,0.0,0.0,0.0,3.0,-3.0,5.0,False,2890.0,2.0,False,
2026-05-14,CNFRZ,0.0,0.0,0.0,0.0,3.0,-3.0,5.0,False,2891.0,2.0,False,
2026-05-14,CNGL,0.0,0.0,0.0,0.0,3.0,-3.0,5.0,False,2892.0,2.0,False,
2026-05-14,CNIT,0.0,0.0,0.0,0.0,3.0,-3.0,5.0,False,2893.0,2.0,False,
2026-05-14,CNLG,0.0,0.0,0.0,0.0,3.0,-3.0,5.0,False,2894.0,2.0,False,
2026-05-14,CNLM,0.0,0.0,0.0,0.0,3.0,-3.0,5.0,False,2895.0,2.0,False,
2026-05-14,CNLM.R,0.0,0.0,0.0,0.0,3.0,-3.0,5.0,False,2896.0,2.0,False,
2026-05-14,CNLM.W,0.0,0.0,0.0,0.0,3.0,-3.0,5.0,False,2897.0,2.0,False,
2026-05-14,CNNB,0.0,0.0,0.0,0.0,3.0,-3.0,5.0,False,2898.0,2.0,False,
2026-05-14,CNOB,0.0,0.0,0.0,0.0011216065486376419,3.0,8.216065486376419,5.0,True,1290.0,4.0,True,
2026-05-14,CNOBP,0.0,0.0,0.0,0.0003756186910426264,3.0,0.7561869104262642,5.0,False,1786.0,3.0,True,
2026-05-14,CNQR,0.0,0.0,0.0,0.0,3.0,-3.0,5.0,False,2899.0,2.0,False,
2026-05-14,CNSI,0.0,0.0,0.0,0.0,3.0,-3.0,5.0,False,2900.0,2.0,False,
2026-05-14,CNSL,0.0,0.0,0.0,0.0,3.0,-3.0,5.0,False,2901.0,2.0,False,
2026-05-14,CNSP,0.0,0.0,0.0,-0.004797540640969501,3.0,-50.97540640969501,5.0,False,7317.0,1.0,True,
2026-05-14,CNST,0.0,0.0,0.0,0.0,3.0,-3.0,5.0,False,2902.0,2.0,False,
2026-05-14,CNTB,0.0,0.0,0.0,0.0023540058747975735,3.0,20.540058747975735,5.0,True,705.0,5.0,False,
2026-05-14,CNTG,0.0,0.0,0.0,0.0,3.0,-3.0,5.0,False,2903.0,2.0,False,
2026-05-14,CNTM,0.0,0.0,0.0,0.0,3.0,-3.0,5.0,False,2904.0,2.0,False,
2026-05-14,CNTN,0.0,0.0,0.0,0.0015052869338834526,3.0,12.052869338834526,5.0,True,1068.0,4.0,False,
2026-05-14,CNTQ,0.0,0.0,0.0,0.0,3.0,-3.0,5.0,False,2905.0,2.0,False,
2026-05-14,CNTX,0.0,0.0,0.0,0.0037794044954396694,3.0,34.794044954396696,5.0,True,340.0,5.0,False,
2026-05-14,CNTY,0.0,0.0,0.0,-0.0019271451619709398,3.0,-22.2714516197094,5.0,False,7001.0,1.0,False,
2026-05-14,CNV,0.0,0.0,0.0,0.0,3.0,-3.0,5.0,False,2906.0,2.0,False,
2026-05-14,CNVR,0.0,0.0,0.0,0.0,3.0,-3.0,5.0,False,2907.0,2.0,False,
2026-05-14,CNVS,0.0,0.0,0.0,0.0018521564886366225,3.0,15.521564886366225,5.0,True,898.0,4.0,False,
2026-05-14,CNXA,0.0,0.0,0.0,0.0,3.0,-3.0,5.0,False,2908.0,2.0,False,
2026-05-14,CNXC,0.0,0.0,0.0,-0.0004542358543010713,3.0,-7.542358543010713,5.0,False,6611.0,2.0,True,
2026-05-14,CNXN,0.0,0.0,0.0,-0.0011268319313264407,3.0,-14.268319313264406,5.0,False,6825.0,1.0,True,
2026-05-14,CNXR,0.0,0.0,0.0,0.0,3.0,-3.0,5.0,False,2909.0,2.0,False,
2026-05-14,CNYD,0.0,0.0,0.0,0.0,3.0,-3.0,5.0,False,2910.0,2.0,False,
2026-05-14,COAG,-0.003676060267857143,-0.004464285714285714,0.0007882254464285712,-0.0017781220086608754,3.0,14.781220086608755,5.0,True,6964.0,1.0,True,"COVER because predicted alpha is in the bottom decile. Net alpha after estimated 3.0 bps trading cost is 14.78 bps versus threshold 5.00 bps. Main contributors were parkinson_vol_20, volatility_10, volume_z_20. Price filter passed; liquidity filter passed."
2026-05-14,COB,0.0,0.0,0.0,0.0,3.0,-3.0,5.0,False,2911.0,2.0,False,
2026-05-14,COBK,0.0,0.0,0.0,0.0,3.0,-3.0,5.0,False,2912.0,2.0,False,
2026-05-14,COBR,0.0,0.0,0.0,0.0,3.0,-3.0,5.0,False,2913.0,2.0,False,
2026-05-14,COBZ,0.0,0.0,0.0,0.0,3.0,-3.0,5.0,False,2914.0,2.0,False,
2026-05-14,COCH,0.0,0.0,0.0,0.0030430075789891152,3.0,27.430075789891152,5.0,True,493.0,5.0,False,
2026-05-14,COCO,0.004457310267857143,0.004464285714285714,-6.975446428571404e-06,0.005555885984391752,3.0,52.558859843917524,5.0,True,128.0,5.0,True,"SELL because predicted alpha is in the top decile. Net alpha after estimated 3.0 bps trading cost is 52.56 bps versus threshold 5.00 bps. Main contributors were mom_21, close_to_low_20, parkinson_vol_20. Price filter passed; liquidity filter passed."
2026-05-14,COCP,0.0,0.0,0.0,-0.0021630118143348667,3.0,-24.630118143348668,5.0,False,7054.0,1.0,False,
2026-05-14,CODA,0.0,0.0,0.0,0.0008733050825259216,3.0,5.733050825259216,5.0,True,1455.0,4.0,True,
2026-05-14,CODX,0.0,0.0,0.0,-0.007981711945598938,3.0,-82.81711945598938,5.0,False,7445.0,1.0,False,
2026-05-14,COEP,0.0,0.0,0.0,0.0,3.0,-3.0,5.0,False,2915.0,2.0,False,
2026-05-14,COFS,0.0,0.0,0.0,0.0017355034125964915,3.0,14.355034125964917,5.0,True,945.0,4.0,True,
2026-05-14,COGT,0.0,0.0,0.0,0.004785290301795747,3.0,44.852903017957466,5.0,True,206.0,5.0,True,
2026-05-14,COGTV,0.0,0.0,0.0,0.0,3.0,-3.0,5.0,False,2916.0,2.0,False,
2026-05-14,COHU,0.0,0.0,0.0,0.0021970104273757725,3.0,18.970104273757723,5.0,True,776.0,4.0,True,
2026-05-14,COIN,0.0,0.0,0.0,3.3819573955006605e-05,3.0,-2.661804260449934,5.0,False,1970.0,3.0,True,
2026-05-14,COKE,0.0,0.0,0.0,0.0014603019455175104,3.0,11.603019455175104,5.0,True,1094.0,4.0,True,
2026-05-14,COLA,0.0,0.0,0.0,-0.0012735266460051466,3.0,-15.735266460051466,5.0,False,6866.0,1.0,True,
2026-05-14,COLB,-0.00078125,0.0,-0.00078125,-0.0029087737857736505,3.0,26.087737857736506,5.0,True,7169.0,1.0,True,"SHORT because predicted alpha is in the bottom decile. Net alpha after estimated 3.0 bps trading cost is 26.09 bps versus threshold 5.00 bps. Main contributors were volume_z_60, hl_range_20, volatility_20. Price filter passed; liquidity filter passed."
2026-05-14,COLI,0.0,0.0,0.0,0.0,3.0,-3.0,5.0,False,2917.0,2.0,False,
2026-05-14,COLL,0.0,0.0,0.0,0.0007525696538806773,3.0,4.5256965388067725,5.0,False,1533.0,3.0,True,
2026-05-14,COLM,0.0,0.0,0.0,9.895080490069147e-05,3.0,-2.010491950993085,5.0,False,1937.0,3.0,True,
2026-05-14,COMM,0.0,0.0,0.0,0.0,3.0,-3.0,5.0,False,2918.0,2.0,False,
2026-05-14,COMS,0.0,0.0,0.0,0.0,3.0,-3.0,5.0,False,2919.0,2.0,False,
2026-05-14,CONE,0.0,0.0,0.0,0.0,3.0,-3.0,5.0,False,2920.0,2.0,False,
2026-05-14,CONN,0.0,0.0,0.0,0.0,3.0,-3.0,5.0,False,2921.0,2.0,False,
2026-05-14,COO,0.0,0.0,0.0,-0.0009180447258870291,3.0,-12.180447258870291,5.0,False,6771.0,2.0,True,
2026-05-14,COOL,0.0,0.0,0.0,0.0,3.0,-3.0,5.0,False,2922.0,2.0,False,
2026-05-14,COOP,0.0,0.0,0.0,0.0,3.0,-3.0,5.0,False,2923.0,2.0,False,
2026-05-14,COOT,0.0,0.0,0.0,0.0015583169159283832,3.0,12.583169159283832,5.0,True,1032.0,4.0,False,
2026-05-14,CORE,0.0,0.0,0.0,0.0,3.0,-3.0,5.0,False,2924.0,2.0,False,
2026-05-14,CORI,0.0,0.0,0.0,0.0,3.0,-3.0,5.0,False,2925.0,2.0,False,
2026-05-14,CORT,0.0,0.0,0.0,0.0035803419555129473,3.0,32.80341955512947,5.0,True,374.0,5.0,True,
2026-05-14,CORV,0.0,0.0,0.0,0.0,3.0,-3.0,5.0,False,2926.0,2.0,False,
2026-05-14,CORZ,0.0,0.0,0.0,0.002245498727255124,3.0,19.45498727255124,5.0,True,760.0,4.0,True,
2026-05-14,COSI,0.0,0.0,0.0,0.0,3.0,-3.0,5.0,False,2927.0,2.0,False,
2026-05-14,COSM,0.0,0.0,0.0,-0.0003431457006390958,3.0,-6.431457006390958,5.0,False,6551.0,2.0,False,
2026-05-14,COST,0.0,0.0,0.0,0.001716008546528245,3.0,14.16008546528245,5.0,True,954.0,4.0,True,
2026-05-14,COUP,0.0,0.0,0.0,0.0,3.0,-3.0,5.0,False,2928.0,2.0,False,
2026-05-14,COVA,0.0,0.0,0.0,0.0,3.0,-3.0,5.0,False,2929.0,2.0,False,
2026-05-14,COVS,0.0,0.0,0.0,0.0,3.0,-3.0,5.0,False,2930.0,2.0,False,
2026-05-14,COVS.V,0.0,0.0,0.0,0.0,3.0,-3.0,5.0,False,2931.0,2.0,False,
2026-05-14,COWN,0.0,0.0,0.0,0.0,3.0,-3.0,5.0,False,2932.0,2.0,False,
2026-05-14,COWN.L,0.0,0.0,0.0,0.0,3.0,-3.0,5.0,False,2933.0,2.0,False,
2026-05-14,COWNL,0.0,0.0,0.0,0.0,3.0,-3.0,5.0,False,2934.0,2.0,False,
2026-05-14,COWNZ,0.0,0.0,0.0,0.0,3.0,-3.0,5.0,False,2935.0,2.0,False,
2026-05-14,COYA,-0.00078125,0.0,-0.00078125,-0.005881224918302864,3.0,55.81224918302864,5.0,True,7379.0,1.0,True,"SHORT because predicted alpha is in the bottom decile. Net alpha after estimated 3.0 bps trading cost is 55.81 bps versus threshold 5.00 bps. Main contributors were intraday_return, volume_z_60, mom_10. Price filter passed; liquidity filter passed."
2026-05-14,COYN,0.0,0.0,0.0,0.0,3.0,-3.0,5.0,False,2936.0,2.0,False,
2026-05-14,COYN.W,0.0,0.0,0.0,0.0,3.0,-3.0,5.0,False,2937.0,2.0,False,
2026-05-14,CPAA,0.0,0.0,0.0,0.0,3.0,-3.0,5.0,False,2938.0,2.0,False,
2026-05-14,CPAA.U,0.0,0.0,0.0,0.0,3.0,-3.0,5.0,False,2939.0,2.0,False,
2026-05-14,CPAA.W,0.0,0.0,0.0,0.0,3.0,-3.0,5.0,False,2940.0,2.0,False,
2026-05-14,CPAH,0.0,0.0,0.0,0.0,3.0,-3.0,5.0,False,2941.0,2.0,False,
2026-05-14,CPAQ,0.0,0.0,0.0,0.0,3.0,-3.0,5.0,False,2942.0,2.0,False,
2026-05-14,CPAR,0.0,0.0,0.0,0.0,3.0,-3.0,5.0,False,2943.0,2.0,False,
2026-05-14,CPB,0.0,0.0,0.0,0.0016984561680903811,3.0,13.984561680903813,5.0,True,961.0,4.0,True,
2026-05-14,CPBI,0.0,0.0,0.0,0.0007822820234439621,3.0,4.822820234439621,5.0,False,1521.0,3.0,True,
2026-05-14,CPBY,0.0,0.0,0.0,0.0,3.0,-3.0,5.0,False,2944.0,2.0,False,
2026-05-14,CPGI,0.0,0.0,0.0,0.0,3.0,-3.0,5.0,False,2945.0,2.0,False,
2026-05-14,CPHC,0.0,0.0,0.0,-0.000248519954340584,3.0,-5.48519954340584,5.0,False,6501.0,2.0,True,
2026-05-14,CPHD,0.0,0.0,0.0,0.0,3.0,-3.0,5.0,False,2946.0,2.0,False,
2026-05-14,CPHR,0.0,0.0,0.0,0.0,3.0,-3.0,5.0,False,2947.0,2.0,False,
2026-05-14,CPIX,0.0,0.0,0.0,0.0001808078994292097,3.0,-1.191921005707903,5.0,False,1893.0,3.0,False,
2026-05-14,CPKI,0.0,0.0,0.0,0.0,3.0,-3.0,5.0,False,2948.0,2.0,False,
2026-05-14,CPLA,0.0,0.0,0.0,0.0,3.0,-3.0,5.0,False,2949.0,2.0,False,
2026-05-14,CPLP,0.0,0.0,0.0,0.0,3.0,-3.0,5.0,False,2950.0,2.0,False,
2026-05-14,CPLPV,0.0,0.0,0.0,0.0,3.0,-3.0,5.0,False,2951.0,2.0,False,
2026-05-14,CPNO,0.0,0.0,0.0,0.0,3.0,-3.0,5.0,False,2952.0,2.0,False,
2026-05-14,CPOP,0.0,0.0,0.0,3.5810031712991876e-05,3.0,-2.6418996828700814,5.0,False,1968.0,3.0,False,
2026-05-14,CPRT,0.0,0.0,0.0,0.0005731279184053503,3.0,2.731279184053504,5.0,False,1656.0,3.0,True,
2026-05-14,CPRX,0.0,0.0,0.0,0.00021631039655237936,3.0,-0.8368960344762062,5.0,False,1872.0,3.0,True,
2026-05-14,CPSH,0.0,0.0,0.0,0.004762594572292623,3.0,44.62594572292623,5.0,True,207.0,5.0,False,
2026-05-14,CPSI,0.0,0.0,0.0,0.0,3.0,-3.0,5.0,False,2953.0,2.0,False,
2026-05-14,CPSS,0.0,0.0,0.0,-0.0010023981929916572,3.0,-13.023981929916571,5.0,False,6795.0,2.0,True,
2026-05-14,CPTA,0.0,0.0,0.0,0.0,3.0,-3.0,5.0,False,2954.0,2.0,False,
2026-05-14,CPTAG,0.0,0.0,0.0,0.0,3.0,-3.0,5.0,False,2955.0,2.0,False,
2026-05-14,CPTAL,0.0,0.0,0.0,0.0,3.0,-3.0,5.0,False,2956.0,2.0,False,
2026-05-14,CPTN,0.0,0.0,0.0,0.0,3.0,-3.0,5.0,False,2957.0,2.0,False,
2026-05-14,CPTS,0.0,0.0,0.0,0.0,3.0,-3.0,5.0,False,2958.0,2.0,False,
2026-05-14,CPWM,0.0,0.0,0.0,0.0,3.0,-3.0,5.0,False,2959.0,2.0,False,
2026-05-14,CPWR,0.0,0.0,0.0,0.0,3.0,-3.0,5.0,False,2960.0,2.0,False,
2026-05-14,CPXX,0.0,0.0,0.0,0.0,3.0,-3.0,5.0,False,2961.0,2.0,False,
2026-05-14,CPZ,0.0,0.0,0.0,0.0001790797246747234,3.0,-1.209202753252766,5.0,False,1896.0,3.0,True,
2026-05-14,CRA,0.0,0.0,0.0,0.0,3.0,-3.0,5.0,False,2962.0,2.0,False,
2026-05-14,CRAC,0.0,0.0,0.0,9.082558536774483e-05,3.0,-2.0917441463225517,5.0,False,1943.0,3.0,True,
2026-05-14,CRAI,0.0,0.0,0.0,0.0018233355163651361,3.0,15.23335516365136,5.0,True,906.0,4.0,True,
2026-05-14,CRAN,-0.00078125,0.0,-0.00078125,-0.0024991053575529887,3.0,21.991053575529886,5.0,True,7112.0,1.0,True,"SHORT because predicted alpha is in the bottom decile. Net alpha after estimated 3.0 bps trading cost is 21.99 bps versus threshold 5.00 bps. Main contributors were hl_range_20, volume_z_60, volatility_20. Price filter passed; liquidity filter passed."
2026-05-14,CRAQ,0.0,0.0,0.0,0.0,3.0,-3.0,5.0,False,2963.0,2.0,False,
2026-05-14,CRAY,0.0,0.0,0.0,0.0,3.0,-3.0,5.0,False,2964.0,2.0,False,
2026-05-14,CRBP,0.0,0.0,0.0,0.003874728429686438,3.0,35.74728429686438,5.0,True,318.0,5.0,True,
2026-05-14,CRBU,0.0,0.0,0.0,0.0017672720265054622,3.0,14.672720265054622,5.0,True,937.0,4.0,False,
2026-05-14,CRCT,0.0,0.0,0.0,-0.0005182058954790004,3.0,-8.182058954790005,5.0,False,6635.0,2.0,False,
2026-05-14,CRDC,0.0,0.0,0.0,0.0,3.0,-3.0,5.0,False,2965.0,2.0,False,
2026-05-14,CRDF,0.0,0.0,0.0,0.0014535240692280667,3.0,11.535240692280667,5.0,True,1102.0,4.0,False,
2026-05-14,CRDL,0.0,0.0,0.0,0.0034841725640803994,3.0,31.841725640803993,5.0,True,395.0,5.0,False,
2026-05-14,CRDO,0.004457310267857143,0.004464285714285714,-6.975446428571404e-06,0.006433629014070647,3.0,61.33629014070647,5.0,True,84.0,5.0,True,"SELL because predicted alpha is in the top decile. Net alpha after estimated 3.0 bps trading cost is 61.34 bps versus threshold 5.00 bps. Main contributors were mom_252, intraday_return, mom_63. Price filter passed; liquidity filter passed."
2026-05-14,CRDS,0.0,0.0,0.0,0.0,3.0,-3.0,5.0,False,2966.0,2.0,False,
2026-05-14,CRDS.H,0.0,0.0,0.0,0.0,3.0,-3.0,5.0,False,2967.0,2.0,False,
2026-05-14,CRE,0.0,0.0,0.0,-0.017810749998768104,3.0,-181.10749998768102,5.0,False,7534.0,1.0,False,
2026-05-14,CREC,0.0,0.0,0.0,0.0,3.0,-3.0,5.0,False,2968.0,2.0,False,
2026-05-14,CREE,0.0,0.0,0.0,0.0,3.0,-3.0,5.0,False,2969.0,2.0,False,
2026-05-14,CREG,0.0,0.0,0.0,-0.028012486118042162,3.0,-283.12486118042165,5.0,False,7571.0,1.0,False,
2026-05-14,CRES.W,0.0,0.0,0.0,0.0,3.0,-3.0,5.0,False,2970.0,2.0,False,
2026-05-14,CREV,0.0,0.0,0.0,0.0,3.0,-3.0,5.0,False,2971.0,2.0,False,
2026-05-14,CREX,0.0,0.0,0.0,0.0014430497945875993,3.0,11.430497945875993,5.0,True,1111.0,4.0,False,
2026-05-14,CRGE,0.0,0.0,0.0,0.0,3.0,-3.0,5.0,False,2972.0,2.0,False,
2026-05-14,CRGO,0.0,0.0,0.0,-3.30853865137524e-05,3.0,-3.330853865137524,5.0,False,6397.0,2.0,False,
2026-05-14,CRGX,0.0,0.0,0.0,0.0,3.0,-3.0,5.0,False,2973.0,2.0,False,
2026-05-14,CRIS,0.0,0.0,0.0,-0.00265645654422318,3.0,-29.564565442231803,5.0,False,7133.0,1.0,False,
2026-05-14,CRKN,0.0,0.0,0.0,0.0,3.0,-3.0,5.0,False,2974.0,2.0,False,
2026-05-14,CRMB,0.0,0.0,0.0,0.0,3.0,-3.0,5.0,False,2975.0,2.0,False,
2026-05-14,CRMB.U,0.0,0.0,0.0,0.0,3.0,-3.0,5.0,False,2976.0,2.0,False,
2026-05-14,CRMB.W,0.0,0.0,0.0,0.0,3.0,-3.0,5.0,False,2977.0,2.0,False,
2026-05-14,CRMD,0.0,0.0,0.0,-0.00099875370662158,3.0,-12.9875370662158,5.0,False,6793.0,2.0,True,
2026-05-14,CRME,0.0,0.0,0.0,0.0,3.0,-3.0,5.0,False,2978.0,2.0,False,
2026-05-14,CRML,0.004457310267857143,0.004464285714285714,-6.975446428571404e-06,0.004999213791745464,3.0,46.99213791745464,5.0,True,188.0,5.0,True,"SELL because predicted alpha is in the top decile. Net alpha after estimated 3.0 bps trading cost is 46.99 bps versus threshold 5.00 bps. Main contributors were mom_252, hl_range_20, volatility_20. Price filter passed; liquidity filter passed."
2026-05-14,CRMT,0.0,0.0,0.0,0.00041593228715984163,3.0,1.159322871598416,5.0,False,1764.0,3.0,True,
2026-05-14,CRNC,-0.003676060267857143,-0.004464285714285714,0.0007882254464285712,0.0024275275837166606,3.0,-27.275275837166607,5.0,False,670.0,5.0,True,"COVER because predicted alpha is in the bottom decile. Net alpha after estimated 3.0 bps trading cost is -27.28 bps versus threshold 5.00 bps. Main contributors were mom_10, volume_z_60, mom_1. Price filter passed; liquidity filter passed."
2026-05-14,CRNT,0.0,0.0,0.0,-0.00042428018039563503,3.0,-7.24280180395635,5.0,False,6594.0,2.0,False,
2026-05-14,CRNX,0.0,0.0,0.0,-0.0012881317521874903,3.0,-15.881317521874903,5.0,False,6869.0,1.0,True,
2026-05-14,CRON,0.0,0.0,0.0,0.003364268566149052,3.0,30.642685661490518,5.0,True,420.0,5.0,False,
2026-05-14,CROX,0.0,0.0,0.0,0.0004288580330767134,3.0,1.2885803307671342,5.0,False,1757.0,3.0,True,
2026-05-14,CRRC,0.0,0.0,0.0,0.0,3.0,-3.0,5.0,False,2979.0,2.0,False,
2026-05-14,CRRS,0.0,0.0,0.0,0.0,3.0,-3.0,5.0,False,2980.0,2.0,False,
2026-05-14,CRSA,0.0,0.0,0.0,0.0,3.0,-3.0,5.0,False,2981.0,2.0,False,
2026-05-14,CRSP,0.0,0.0,0.0,0.0028674820765686956,3.0,25.674820765686956,5.0,True,533.0,5.0,True,
2026-05-14,CRSR,0.0,0.0,0.0,0.002286709954776628,3.0,19.86709954776628,5.0,True,735.0,5.0,True,
2026-05-14,CRTD,0.0,0.0,0.0,0.0,3.0,-3.0,5.0,False,2982.0,2.0,False,
2026-05-14,CRTN,0.0,0.0,0.0,0.0,3.0,-3.0,5.0,False,2983.0,2.0,False,
2026-05-14,CRUS,0.0,0.0,0.0,0.002336735642685056,3.0,20.367356426850563,5.0,True,715.0,5.0,True,
2026-05-14,CRVL,0.0,0.0,0.0,0.002136087378263662,3.0,18.360873782636624,5.0,True,792.0,4.0,True,
2026-05-14,CRVO,0.0,0.0,0.0,5.858572767024133e-05,3.0,-2.4141427232975867,5.0,False,1959.0,3.0,False,
2026-05-14,CRVS,0.0,0.0,0.0,0.001508828129557756,3.0,12.088281295577561,5.0,True,1065.0,4.0,True,
2026-05-14,CRWD,0.003676060267857143,0.004464285714285714,-0.0007882254464285712,0.004887429633904208,3.0,45.87429633904208,5.0,True,196.0,5.0,True,"SELL because predicted alpha is in the top decile. Net alpha after estimated 3.0 bps trading cost is 45.87 bps versus threshold 5.00 bps. Main contributors were parkinson_vol_20, mom_5, mom_21. Price filter passed; liquidity filter passed."
2026-05-14,CRWN,0.0,0.0,0.0,0.0,3.0,-3.0,5.0,False,2984.0,2.0,False,
2026-05-14,CRWS,0.0,0.0,0.0,0.0015849909704602416,3.0,12.849909704602416,5.0,True,1016.0,4.0,False,
2026-05-14,CRWV,0.0,0.0,0.0,-0.0006630970694988644,3.0,-9.630970694988644,5.0,False,6684.0,2.0,True,
2026-05-14,CRXL,0.0,0.0,0.0,0.0,3.0,-3.0,5.0,False,2985.0,2.0,False,
2026-05-14,CRXT,0.0,0.0,0.0,0.0,3.0,-3.0,5.0,False,2986.0,2.0,False,
2026-05-14,CRXX,0.0,0.0,0.0,0.0,3.0,-3.0,5.0,False,2987.0,2.0,False,
2026-05-14,CRZN,0.0,0.0,0.0,0.0,3.0,-3.0,5.0,False,2988.0,2.0,False,
2026-05-14,CRZO,0.0,0.0,0.0,0.0,3.0,-3.0,5.0,False,2989.0,2.0,False,
2026-05-14,CSAI,0.0,0.0,0.0,-0.0062950139422211105,3.0,-65.9501394222111,5.0,False,7393.0,1.0,False,
2026-05-14,CSAL,0.0,0.0,0.0,0.0,3.0,-3.0,5.0,False,2990.0,2.0,False,
2026-05-14,CSAL.V,0.0,0.0,0.0,0.0,3.0,-3.0,5.0,False,2991.0,2.0,False,
2026-05-14,CSBK,0.0,0.0,0.0,0.0,3.0,-3.0,5.0,False,2992.0,2.0,False,
2026-05-14,CSBR,0.0,0.0,0.0,9.492453358289627e-05,3.0,-2.0507546641710372,5.0,False,1939.0,3.0,True,
2026-05-14,CSCD,0.0,0.0,0.0,0.0,3.0,-3.0,5.0,False,2993.0,2.0,False,
2026-05-14,CSCI,0.0,0.0,0.0,0.0,3.0,-3.0,5.0,False,2994.0,2.0,False,
2026-05-14,CSCO,0.0,0.0,0.0,0.00011746233356130131,3.0,-1.8253766643869869,5.0,False,1928.0,3.0,True,
2026-05-14,CSCW,0.0,0.0,0.0,0.0,3.0,-3.0,5.0,False,2995.0,2.0,False,
2026-05-14,CSFL,0.0,0.0,0.0,0.0,3.0,-3.0,5.0,False,2996.0,2.0,False,
2026-05-14,CSGP,0.0,0.0,0.0,-0.0013936657054190542,3.0,-16.93665705419054,5.0,False,6887.0,1.0,True,
2026-05-14,CSGS,0.0,0.0,0.0,0.0,3.0,-3.0,5.0,False,2997.0,2.0,False,
2026-05-14,CSHR,0.0,0.0,0.0,0.0015780068151830884,3.0,12.780068151830884,5.0,True,1024.0,4.0,True,
2026-05-14,CSII,0.0,0.0,0.0,0.0,3.0,-3.0,5.0,False,2998.0,2.0,False,
2026-05-14,CSIQ,0.0,0.0,0.0,-0.0018427203236189415,3.0,-21.427203236189413,5.0,False,6981.0,1.0,True,
2026-05-14,CSLM,0.0,0.0,0.0,0.0,3.0,-3.0,5.0,False,2999.0,2.0,False,
2026-05-14,CSLR,0.0,0.0,0.0,0.0,3.0,-3.0,5.0,False,3000.0,2.0,False,
2026-05-14,CSOD,0.0,0.0,0.0,0.0,3.0,-3.0,5.0,False,3001.0,2.0,False,
2026-05-14,CSPI,0.0,0.0,0.0,0.0017996249031859127,3.0,14.996249031859126,5.0,True,916.0,4.0,True,
2026-05-14,CSQ,0.0,0.0,0.0,0.002295183500458463,3.0,19.95183500458463,5.0,True,733.0,5.0,True,
2026-05-14,CSSE,0.0,0.0,0.0,0.0,3.0,-3.0,5.0,False,3002.0,2.0,False,
2026-05-14,CSSEN,0.0,0.0,0.0,0.0,3.0,-3.0,5.0,False,3003.0,2.0,False,
2026-05-14,CSTE,0.0,0.0,0.0,-0.0020085403675608043,3.0,-23.085403675608042,5.0,False,7021.0,1.0,False,
2026-05-14,CSTL,-0.004457310267857143,-0.004464285714285714,6.975446428571404e-06,-0.0023690777492509007,3.0,20.690777492509007,5.0,True,7097.0,1.0,True,"COVER because predicted alpha is in the bottom decile. Net alpha after estimated 3.0 bps trading cost is 20.69 bps versus threshold 5.00 bps. Main contributors were intraday_return, volume_z_60, mom_21. Price filter passed; liquidity filter passed."
2026-05-14,CSTR,0.0,0.0,0.0,0.0,3.0,-3.0,5.0,False,3004.0,2.0,False,
2026-05-14,CSUN,0.0,0.0,0.0,0.0,3.0,-3.0,5.0,False,3005.0,2.0,False,
2026-05-14,CSWC,0.0,0.0,0.0,-0.0008363408409096834,3.0,-11.363408409096834,5.0,False,6739.0,2.0,True,
2026-05-14,CSWC.V,0.0,0.0,0.0,0.0,3.0,-3.0,5.0,False,3006.0,2.0,False,
2026-05-14,CSWCL,0.0,0.0,0.0,0.0,3.0,-3.0,5.0,False,3007.0,2.0,False,
2026-05-14,CSWCZ,0.0,0.0,0.0,0.0,3.0,-3.0,5.0,False,3008.0,2.0,False,
2026-05-14,CSWI,0.0,0.0,0.0,0.0,3.0,-3.0,5.0,False,3009.0,2.0,False,
2026-05-14,CSX,0.0,0.0,0.0,-0.0006757869718452755,3.0,-9.757869718452756,5.0,False,6689.0,2.0,True,
2026-05-14,CTAA,0.0,0.0,0.0,0.0,3.0,-3.0,5.0,False,3010.0,2.0,False,
2026-05-14,CTAQ,0.0,0.0,0.0,0.0,3.0,-3.0,5.0,False,3011.0,2.0,False,
2026-05-14,CTAS,0.0,0.0,0.0,0.0002333834221364424,3.0,-0.6661657786355759,5.0,False,1860.0,3.0,True,
2026-05-14,CTBI,0.0,0.0,0.0,0.0008439686781354717,3.0,5.439686781354716,5.0,True,1477.0,4.0,True,
2026-05-14,CTCM,0.0,0.0,0.0,0.0,3.0,-3.0,5.0,False,3012.0,2.0,False,
2026-05-14,CTCT,0.0,0.0,0.0,0.0,3.0,-3.0,5.0,False,3013.0,2.0,False,
2026-05-14,CTCX,0.0,0.0,0.0,0.0,3.0,-3.0,5.0,False,3014.0,2.0,False,
2026-05-14,CTEL,0.0,0.0,0.0,0.0,3.0,-3.0,5.0,False,3015.0,2.0,False,
2026-05-14,CTG,0.0,0.0,0.0,0.0,3.0,-3.0,5.0,False,3016.0,2.0,False,
2026-05-14,CTHR,0.0,0.0,0.0,0.0,3.0,-3.0,5.0,False,3017.0,2.0,False,
2026-05-14,CTIB,0.0,0.0,0.0,0.0,3.0,-3.0,5.0,False,3018.0,2.0,False,
2026-05-14,CTIC,0.0,0.0,0.0,0.0,3.0,-3.0,5.0,False,3019.0,2.0,False,
2026-05-14,CTKB,0.0,0.0,0.0,-0.002480005579762771,3.0,-27.80005579762771,5.0,False,7110.0,1.0,False,
2026-05-14,CTLP,0.0,0.0,0.0,0.0,3.0,-3.0,5.0,False,3020.0,2.0,False,
2026-05-14,CTMX,0.0,0.0,0.0,0.0006390699970868753,3.0,3.390699970868753,5.0,False,1613.0,3.0,False,
2026-05-14,CTNM,0.0,0.0,0.0,0.002880515689048056,3.0,25.80515689048056,5.0,True,529.0,5.0,True,
2026-05-14,CTNT,0.0,0.0,0.0,-0.027045358706810508,3.0,-273.4535870681051,5.0,False,7568.0,1.0,False,
2026-05-14,CTOR,0.0,0.0,0.0,0.0021299709374568744,3.0,18.299709374568746,5.0,True,794.0,4.0,False,
2026-05-14,CTRC,0.0,0.0,0.0,0.0,3.0,-3.0,5.0,False,3021.0,2.0,False,
2026-05-14,CTRL,0.0,0.0,0.0,0.0,3.0,-3.0,5.0,False,3022.0,2.0,False,
2026-05-14,CTRM,0.0,0.0,0.0,0.0025472860122194158,3.0,22.472860122194156,5.0,True,625.0,5.0,False,
2026-05-14,CTRMV,0.0,0.0,0.0,0.0,3.0,-3.0,5.0,False,3023.0,2.0,False,
2026-05-14,CTRN,0.0,0.0,0.0,0.00022153626971360203,3.0,-0.7846373028639797,5.0,False,1866.0,3.0,True,
2026-05-14,CTRV,0.0,0.0,0.0,0.0,3.0,-3.0,5.0,False,3024.0,2.0,False,
2026-05-14,CTRX,0.0,0.0,0.0,0.0,3.0,-3.0,5.0,False,3025.0,2.0,False,
2026-05-14,CTSH,0.0,0.0,0.0,0.00019779326305327912,3.0,-1.0220673694672089,5.0,False,1885.0,3.0,True,
2026-05-14,CTSO,0.0,0.0,0.0,0.000664426847647903,3.0,3.64426847647903,5.0,False,1600.0,3.0,False,
2026-05-14,CTW,0.0,0.0,0.0,0.0017054203035002844,3.0,14.054203035002843,5.0,True,958.0,4.0,False,
2026-05-14,CTWS,0.0,0.0,0.0,0.0,3.0,-3.0,5.0,False,3026.0,2.0,False,
2026-05-14,CTXR,0.0,0.0,0.0,-0.000803298624847096,3.0,-11.03298624847096,5.0,False,6723.0,2.0,False,
2026-05-14,CTXS,0.0,0.0,0.0,0.0,3.0,-3.0,5.0,False,3027.0,2.0,False,
2026-05-14,CTXSV,0.0,0.0,0.0,0.0,3.0,-3.0,5.0,False,3028.0,2.0,False,
2026-05-14,CU,0.0,0.0,0.0,0.0,3.0,-3.0,5.0,False,3029.0,2.0,False,
2026-05-14,CUB,-0.00078125,0.0,-0.00078125,-0.0038657880956365917,3.0,35.657880956365915,5.0,True,7262.0,1.0,True,"SHORT because predicted alpha is in the bottom decile. Net alpha after estimated 3.0 bps trading cost is 35.66 bps versus threshold 5.00 bps. Main contributors were volume_z_60, hl_range_20, volatility_20. Price filter passed; liquidity filter passed."
2026-05-14,CUBA,0.0,0.0,0.0,0.0,3.0,-3.0,5.0,False,3030.0,2.0,False,
2026-05-14,CUBI.L,0.0,0.0,0.0,0.0,3.0,-3.0,5.0,False,3031.0,2.0,False,
2026-05-14,CUBN,0.0,0.0,0.0,0.0,3.0,-3.0,5.0,False,3032.0,2.0,False,
2026-05-14,CUE,-0.004457310267857143,-0.004464285714285714,6.975446428571404e-06,-0.01674638089883225,3.0,164.4638089883225,5.0,True,7527.0,1.0,True,"COVER because predicted alpha is in the bottom decile. Net alpha after estimated 3.0 bps trading cost is 164.46 bps versus threshold 5.00 bps. Main contributors were parkinson_vol_20, mom_10, volatility_10. Price filter passed; liquidity filter passed."
2026-05-14,CUEN,0.0,0.0,0.0,0.0,3.0,-3.0,5.0,False,3033.0,2.0,False,
2026-05-14,CUI,0.0,0.0,0.0,0.0,3.0,-3.0,5.0,False,3034.0,2.0,False,
2026-05-14,CULL,0.0,0.0,0.0,0.0,3.0,-3.0,5.0,False,3035.0,2.0,False,
2026-05-14,CULP,0.0,0.0,0.0,0.0033758717419750243,3.0,30.75871741975024,5.0,True,416.0,5.0,False,
2026-05-14,CUNB,0.0,0.0,0.0,0.0,3.0,-3.0,5.0,False,3036.0,2.0,False,
2026-05-14,CUPR,0.0,0.0,0.0,-0.008383626707610808,3.0,-86.83626707610809,5.0,False,7453.0,1.0,False,
2026-05-14,CUR,0.0,0.0,0.0,0.0,3.0,-3.0,5.0,False,3037.0,2.0,False,
2026-05-14,CURI,0.0,0.0,0.0,-0.0035069493618403004,3.0,-38.069493618403,5.0,False,7230.0,1.0,False,
2026-05-14,CURR,0.0,0.0,0.0,0.00871745878474135,3.0,84.17458784741349,5.0,True,29.0,5.0,False,
2026-05-14,CURX,0.0,0.0,0.0,0.002621877390944451,3.0,23.21877390944451,5.0,True,599.0,5.0,False,
2026-05-14,CUTR,0.0,0.0,0.0,0.0,3.0,-3.0,5.0,False,3038.0,2.0,False,
2026-05-14,CV,0.0,0.0,0.0,0.0021262859357817432,3.0,18.262859357817433,5.0,True,795.0,4.0,True,
2026-05-14,CVAC,0.0,0.0,0.0,0.0,3.0,-3.0,5.0,False,3039.0,2.0,False,
2026-05-14,CVBF,0.0,0.0,0.0,-0.000896537640190286,3.0,-11.96537640190286,5.0,False,6764.0,2.0,True,
2026-05-14,CVCO,0.0,0.0,0.0,0.0013284712608489261,3.0,10.284712608489261,5.0,True,1175.0,4.0,True,
2026-05-14,CVCY,0.0,0.0,0.0,0.0,3.0,-3.0,5.0,False,3040.0,2.0,False,
2026-05-14,CVET,0.0,0.0,0.0,0.0,3.0,-3.0,5.0,False,3041.0,2.0,False,
2026-05-14,CVETV,0.0,0.0,0.0,0.0,3.0,-3.0,5.0,False,3042.0,2.0,False,
2026-05-14,CVGI,0.003676060267857143,0.004464285714285714,-0.0007882254464285712,0.004118233466422277,3.0,38.18233466422277,5.0,True,283.0,5.0,True,"SELL because predicted alpha is in the top decile. Net alpha after estimated 3.0 bps trading cost is 38.18 bps versus threshold 5.00 bps. Main contributors were mom_63, mom_252, mom_21. Price filter passed; liquidity filter passed."
2026-05-14,CVGW,0.0,0.0,0.0,0.002389871550617846,3.0,20.898715506178462,5.0,True,688.0,5.0,True,
2026-05-14,CVII,0.0,0.0,0.0,0.0,3.0,-3.0,5.0,False,3043.0,2.0,False,
2026-05-14,CVKD,0.0,0.0,0.0,-0.002083397234709757,3.0,-23.83397234709757,5.0,False,7037.0,1.0,True,
2026-05-14,CVLB,0.0,0.0,0.0,0.0,3.0,-3.0,5.0,False,3044.0,2.0,False,
2026-05-14,CVLT,0.0,0.0,0.0,0.001531274337565257,3.0,12.31274337565257,5.0,True,1054.0,4.0,True,
2026-05-14,CVLY,0.0,0.0,0.0,0.0,3.0,-3.0,5.0,False,3045.0,2.0,False,
2026-05-14,CVO,0.0,0.0,0.0,0.0,3.0,-3.0,5.0,False,3046.0,2.0,False,
2026-05-14,CVON,0.0,0.0,0.0,0.0,3.0,-3.0,5.0,False,3047.0,2.0,False,
2026-05-14,CVRX,-0.004457310267857143,-0.004464285714285714,6.975446428571404e-06,-0.008036894500351957,3.0,77.36894500351957,5.0,True,7448.0,1.0,True,"COVER because predicted alpha is in the bottom decile. Net alpha after estimated 3.0 bps trading cost is 77.37 bps versus threshold 5.00 bps. Main contributors were intraday_return, volume_z_60, mom_5. Price filter passed; liquidity filter passed."
2026-05-14,CVT,0.0,0.0,0.0,0.0,3.0,-3.0,5.0,False,3048.0,2.0,False,
2026-05-14,CVV,0.0,0.0,0.0,0.004150818378838244,3.0,38.508183788382446,5.0,True,280.0,5.0,True,
2026-05-14,CWAY,0.0,0.0,0.0,0.0,3.0,-3.0,5.0,False,3049.0,2.0,False,
2026-05-14,CWBC,0.0,0.0,0.0,0.0009302277417057964,3.0,6.302277417057965,5.0,True,1418.0,4.0,True,
2026-05-14,CWBR,0.0,0.0,0.0,0.0,3.0,-3.0,5.0,False,3050.0,2.0,False,
2026-05-14,CWCO,0.0,0.0,0.0,0.0012652121334238093,3.0,9.652121334238092,5.0,True,1209.0,4.0,True,
2026-05-14,CWD,0.0,0.0,0.0,-0.006884176277774972,3.0,-71.84176277774972,5.0,False,7413.0,1.0,False,
2026-05-14,CWST,0.0,0.0,0.0,0.0006386068446203342,3.0,3.3860684462033417,5.0,False,1614.0,3.0,True,
2026-05-14,CWTR,0.0,0.0,0.0,0.0,3.0,-3.0,5.0,False,3051.0,2.0,False,
2026-05-14,CXAI,0.0,0.0,0.0,0.0007233501457185355,3.0,4.233501457185356,5.0,False,1552.0,3.0,False,
2026-05-14,CXDC,0.0,0.0,0.0,0.0,3.0,-3.0,5.0,False,3052.0,2.0,False,
2026-05-14,CXDO,0.0,0.0,0.0,0.000896115041480931,3.0,5.961150414809309,5.0,True,1441.0,4.0,True,
2026-05-14,CXRX,0.0,0.0,0.0,0.0,3.0,-3.0,5.0,False,3053.0,2.0,False,
2026-05-14,CY,0.0,0.0,0.0,0.0,3.0,-3.0,5.0,False,3054.0,2.0,False,
2026-05-14,CYAB,0.0,0.0,0.0,-0.005605295328932284,3.0,-59.052953289322836,5.0,False,7359.0,1.0,False,
2026-05-14,CYAN,0.0,0.0,0.0,0.0,3.0,-3.0,5.0,False,3055.0,2.0,False,
2026-05-14,CYBE,0.0,0.0,0.0,0.0,3.0,-3.0,5.0,False,3056.0,2.0,False,
2026-05-14,CYBR,0.0,0.0,0.0,0.0,3.0,-3.0,5.0,False,3057.0,2.0,False,
2026-05-14,CYBS,0.0,0.0,0.0,0.0,3.0,-3.0,5.0,False,3058.0,2.0,False,
2026-05-14,CYBX,0.0,0.0,0.0,0.0,3.0,-3.0,5.0,False,3059.0,2.0,False,
2026-05-14,CYCC,0.0,0.0,0.0,0.0,3.0,-3.0,5.0,False,3060.0,2.0,False,
2026-05-14,CYCN,0.0,0.0,0.0,-0.0015055675742422535,3.0,-18.055675742422537,5.0,False,6915.0,1.0,False,
2026-05-14,CYCNV,0.0,0.0,0.0,0.0,3.0,-3.0,5.0,False,3061.0,2.0,False,
2026-05-14,CYCU,0.0,0.0,0.0,-0.0012100951279722376,3.0,-15.100951279722377,5.0,False,6847.0,1.0,False,
2026-05-14,CYHH.Z,0.0,0.0,0.0,0.0,3.0,-3.0,5.0,False,3062.0,2.0,False,
2026-05-14,CYMI,0.0,0.0,0.0,0.0,3.0,-3.0,5.0,False,3063.0,2.0,False,
2026-05-14,CYN,0.0,0.0,0.0,0.002256424052391701,3.0,19.56424052391701,5.0,True,755.0,5.0,False,
2026-05-14,CYNA,0.0,0.0,0.0,0.0,3.0,-3.0,5.0,False,3064.0,2.0,False,
2026-05-14,CYNO,0.0,0.0,0.0,0.0,3.0,-3.0,5.0,False,3065.0,2.0,False,
2026-05-14,CYPB,0.0,0.0,0.0,0.0,3.0,-3.0,5.0,False,3066.0,2.0,False,
2026-05-14,CYPH,0.0,0.0,0.0,-0.005293202223171802,3.0,-55.932022231718015,5.0,False,7347.0,1.0,False,
2026-05-14,CYRN,0.0,0.0,0.0,0.0,3.0,-3.0,5.0,False,3067.0,2.0,False,
2026-05-14,CYRX,0.0,0.0,0.0,0.0030669641556433035,3.0,27.669641556433035,5.0,True,482.0,5.0,True,
2026-05-14,CYRX.W,0.0,0.0,0.0,0.0,3.0,-3.0,5.0,False,3068.0,2.0,False,
2026-05-14,CYT,0.0,0.0,0.0,0.0,3.0,-3.0,5.0,False,3069.0,2.0,False,
2026-05-14,CYTH,0.0,0.0,0.0,0.0,3.0,-3.0,5.0,False,3070.0,2.0,False,
2026-05-14,CYTK,0.0,0.0,0.0,0.0015580578771385856,3.0,12.580578771385856,5.0,True,1034.0,4.0,True,
2026-05-14,CYTO,0.0,0.0,0.0,0.0,3.0,-3.0,5.0,False,3071.0,2.0,False,
2026-05-14,CYTR,0.0,0.0,0.0,0.0,3.0,-3.0,5.0,False,3072.0,2.0,False,
2026-05-14,CYTX,0.0,0.0,0.0,0.0,3.0,-3.0,5.0,False,3073.0,2.0,False,
2026-05-14,CYTX.W,0.0,0.0,0.0,0.0,3.0,-3.0,5.0,False,3074.0,2.0,False,
2026-05-14,CYXT,0.0,0.0,0.0,0.0,3.0,-3.0,5.0,False,3075.0,2.0,False,
2026-05-14,CZFC,0.0,0.0,0.0,0.0,3.0,-3.0,5.0,False,3076.0,2.0,False,
2026-05-14,CZFS,0.0,0.0,0.0,0.0006746274547555865,3.0,3.746274547555865,5.0,False,1587.0,3.0,True,
2026-05-14,CZNC,0.0,0.0,0.0,0.0004202016699911367,3.0,1.2020166999113675,5.0,False,1763.0,3.0,True,
2026-05-14,CZR,0.0,0.0,0.0,-0.00027424351740817807,3.0,-5.7424351740817805,5.0,False,6511.0,2.0,True,
2026-05-14,CZWI,0.0,0.0,0.0,0.0030184193045860825,3.0,27.184193045860827,5.0,True,502.0,5.0,True,
2026-05-14,DAAQ,0.0,0.0,0.0,0.000709990998352136,3.0,4.09990998352136,5.0,False,1565.0,3.0,True,
2026-05-14,DAEG,0.0,0.0,0.0,0.0,3.0,-3.0,5.0,False,3077.0,2.0,False,
2026-05-14,DAIC,0.0,0.0,0.0,-0.002565819035104556,3.0,-28.65819035104556,5.0,False,7121.0,1.0,False,
2026-05-14,DAIO,0.0,0.0,0.0,-0.0036461281909385746,3.0,-39.46128190938575,5.0,False,7241.0,1.0,False,
2026-05-14,DAKT,0.0,0.0,0.0,0.002962826711437775,3.0,26.62826711437775,5.0,True,511.0,5.0,True,
2026-05-14,DALN,0.0,0.0,0.0,0.0,3.0,-3.0,5.0,False,3078.0,2.0,False,
2026-05-14,DALS,0.0,0.0,0.0,0.0,3.0,-3.0,5.0,False,3079.0,2.0,False,
2026-05-14,DAOO,0.0,0.0,0.0,0.0,3.0,-3.0,5.0,False,3080.0,2.0,False,
2026-05-14,DARA,0.0,0.0,0.0,0.0,3.0,-3.0,5.0,False,3081.0,2.0,False,
2026-05-14,DARE,0.0,0.0,0.0,-0.0013372477949633492,3.0,-16.372477949633492,5.0,False,6878.0,1.0,False,
2026-05-14,DASH,0.0,0.0,0.0,-0.0004497890161601812,3.0,-7.497890161601812,5.0,False,6608.0,2.0,True,
2026-05-14,DATE,0.0,0.0,0.0,0.0,3.0,-3.0,5.0,False,3082.0,2.0,False,
2026-05-14,DATS,0.0,0.0,0.0,0.0,3.0,-3.0,5.0,False,3083.0,2.0,False,
2026-05-14,DAVE,0.00078125,0.0,0.00078125,0.005219154546268134,3.0,49.19154546268134,5.0,True,166.0,5.0,True,"BUY because predicted alpha is in the top decile. Net alpha after estimated 3.0 bps trading cost is 49.19 bps versus threshold 5.00 bps. Main contributors were intraday_return, parkinson_vol_20, volume_z_60. Price filter passed; liquidity filter passed."
2026-05-14,DAWN,0.0,0.0,0.0,0.0,3.0,-3.0,5.0,False,3084.0,2.0,False,
2026-05-14,DBCA,0.0,0.0,0.0,-0.0004240402419318115,3.0,-7.240402419318115,5.0,False,6593.0,2.0,True,
2026-05-14,DBCP,0.0,0.0,0.0,0.0,3.0,-3.0,5.0,False,3085.0,2.0,False,
2026-05-14,DBDR,0.0,0.0,0.0,0.0,3.0,-3.0,5.0,False,3086.0,2.0,False,
2026-05-14,DBGI,0.0,0.0,0.0,-0.00290493611251194,3.0,-32.049361125119404,5.0,False,7168.0,1.0,False,
2026-05-14,DBRN,0.0,0.0,0.0,0.0,3.0,-3.0,5.0,False,3087.0,2.0,False,
2026-05-14,DBTX,0.0,0.0,0.0,0.0,3.0,-3.0,5.0,False,3088.0,2.0,False,
2026-05-14,DBVT,0.0,0.0,0.0,0.0011700187099124167,3.0,8.700187099124166,5.0,True,1265.0,4.0,True,
2026-05-14,DBX,0.0,0.0,0.0,0.0014982082529808015,3.0,11.982082529808014,5.0,True,1071.0,4.0,True,
2026-05-14,DCAR,0.0,0.0,0.0,0.0,3.0,-3.0,5.0,False,3089.0,2.0,False,
2026-05-14,DCBO,-0.00078125,0.0,-0.00078125,-0.004151060938565285,3.0,38.51060938565285,5.0,True,7281.0,1.0,True,"SHORT because predicted alpha is in the bottom decile. Net alpha after estimated 3.0 bps trading cost is 38.51 bps versus threshold 5.00 bps. Main contributors were volume_z_60, mom_5, close_to_low_20. Price filter passed; liquidity filter passed."
2026-05-14,DCFC,0.0,0.0,0.0,0.0,3.0,-3.0,5.0,False,3090.0,2.0,False,
2026-05-14,DCGO,0.0,0.0,0.0,0.0023814476119774306,3.0,20.814476119774305,5.0,True,692.0,5.0,False,
2026-05-14,DCIN,0.0,0.0,0.0,0.0,3.0,-3.0,5.0,False,3091.0,2.0,False,
2026-05-14,DCIX,0.0,0.0,0.0,0.0,3.0,-3.0,5.0,False,3092.0,2.0,False,
2026-05-14,DCOMG,0.0,0.0,0.0,0.0,3.0,-3.0,5.0,False,3093.0,2.0,False,
2026-05-14,DCOY,0.0,0.0,0.0,0.002532380370383294,3.0,22.323803703832937,5.0,True,631.0,5.0,False,
2026-05-14,DCPH,0.0,0.0,0.0,0.0,3.0,-3.0,5.0,False,3094.0,2.0,False,
2026-05-14,DCRB,0.0,0.0,0.0,0.0,3.0,-3.0,5.0,False,3095.0,2.0,False,
2026-05-14,DCRC,0.0,0.0,0.0,0.0,3.0,-3.0,5.0,False,3096.0,2.0,False,
2026-05-14,DCRD,0.0,0.0,0.0,0.0,3.0,-3.0,5.0,False,3097.0,2.0,False,
2026-05-14,DCRN,0.0,0.0,0.0,0.0,3.0,-3.0,5.0,False,3098.0,2.0,False,
2026-05-14,DCT,0.0,0.0,0.0,0.0,3.0,-3.0,5.0,False,3099.0,2.0,False,
2026-05-14,DCTH,0.0,0.0,0.0,0.0013954193221161304,3.0,10.954193221161304,5.0,True,1137.0,4.0,True,
2026-05-14,DCX,0.0,0.0,0.0,-0.0027839142422184274,3.0,-30.839142422184274,5.0,False,7152.0,1.0,False,
2026-05-14,DDAY,0.0,0.0,0.0,0.0,3.0,-3.0,5.0,False,3100.0,2.0,False,
2026-05-14,DDMX,0.0,0.0,0.0,0.0,3.0,-3.0,5.0,False,3101.0,2.0,False,
2026-05-14,DDOC,0.0,0.0,0.0,0.0,3.0,-3.0,5.0,False,3102.0,2.0,False,
2026-05-14,DDOG,0.003676060267857143,0.004464285714285714,-0.0007882254464285712,0.004835717150425436,3.0,45.35717150425436,5.0,True,202.0,5.0,True,"SELL because predicted alpha is in the top decile. Net alpha after estimated 3.0 bps trading cost is 45.36 bps versus threshold 5.00 bps. Main contributors were mom_21, parkinson_vol_20, close_to_low_20. Price filter passed; liquidity filter passed."
2026-05-14,DDSS,0.0,0.0,0.0,0.0,3.0,-3.0,5.0,False,3103.0,2.0,False,
2026-05-14,DEAC,0.0,0.0,0.0,0.0,3.0,-3.0,5.0,False,3104.0,2.0,False,
2026-05-14,DEAR,0.0,0.0,0.0,0.0,3.0,-3.0,5.0,False,3105.0,2.0,False,
2026-05-14,DECA,0.0,0.0,0.0,0.0,3.0,-3.0,5.0,False,3106.0,2.0,False,
2026-05-14,DEFT,0.0,0.0,0.0,-0.005076967948987195,3.0,-53.769679489871955,5.0,False,7332.0,1.0,False,
2026-05-14,DEFTF,0.0,0.0,0.0,0.0,3.0,-3.0,5.0,False,3107.0,2.0,False,
2026-05-14,DELT,0.0,0.0,0.0,0.0,3.0,-3.0,5.0,False,3108.0,2.0,False,
2026-05-14,DELT.W,0.0,0.0,0.0,0.0,3.0,-3.0,5.0,False,3109.0,2.0,False,
2026-05-14,DENN,0.0,0.0,0.0,0.0,3.0,-3.0,5.0,False,3110.0,2.0,False,
2026-05-14,DEPO,0.0,0.0,0.0,0.0,3.0,-3.0,5.0,False,3111.0,2.0,False,
2026-05-14,DERM,-0.003676060267857143,-0.004464285714285714,0.0007882254464285712,0.0004642760714344171,3.0,-7.642760714344171,5.0,False,1733.0,3.0,True,"COVER because predicted alpha is in the bottom decile. Net alpha after estimated 3.0 bps trading cost is -7.64 bps versus threshold 5.00 bps. Main contributors were overnight_return, volume_z_60, intraday_return. Price filter passed; liquidity filter passed."
2026-05-14,DEST,0.0,0.0,0.0,0.0,3.0,-3.0,5.0,False,3112.0,2.0,False,
2026-05-14,DETX,0.0,0.0,0.0,-0.0033282815253810353,3.0,-36.282815253810355,5.0,False,7209.0,1.0,False,
2026-05-14,DEVS,0.0,0.0,0.0,-0.013741895894899773,3.0,-140.41895894899773,5.0,False,7511.0,1.0,False,
2026-05-14,DFBG,0.0,0.0,0.0,0.0,3.0,-3.0,5.0,False,3113.0,2.0,False,
2026-05-14,DFBH,0.0,0.0,0.0,0.0,3.0,-3.0,5.0,False,3114.0,2.0,False,
2026-05-14,DFDV,0.0,0.0,0.0,-0.0018029106574818134,3.0,-21.029106574818133,5.0,False,6971.0,1.0,True,
2026-05-14,DFFN,0.0,0.0,0.0,0.0,3.0,-3.0,5.0,False,3115.0,2.0,False,
2026-05-14,DFHT,0.0,0.0,0.0,0.0,3.0,-3.0,5.0,False,3116.0,2.0,False,
2026-05-14,DFLI,0.0,0.0,0.0,-0.0006899996186471923,3.0,-9.899996186471924,5.0,False,6691.0,2.0,False,
2026-05-14,DFNS,0.0,0.0,0.0,-0.0022485703904292463,3.0,-25.485703904292464,5.0,False,7070.0,1.0,False,
2026-05-14,DFPH,0.0,0.0,0.0,0.0,3.0,-3.0,5.0,False,3117.0,2.0,False,
2026-05-14,DFRG,0.0,0.0,0.0,0.0,3.0,-3.0,5.0,False,3118.0,2.0,False,
2026-05-14,DFSC,0.0,0.0,0.0,0.011971265199233272,3.0,116.71265199233272,5.0,True,2.0,5.0,False,
2026-05-14,DFTX,0.0,0.0,0.0,0.0032552137328757604,3.0,29.552137328757603,5.0,True,445.0,5.0,True,
2026-05-14,DFZ,0.0,0.0,0.0,0.0,3.0,-3.0,5.0,False,3119.0,2.0,False,
2026-05-14,DGAS,0.0,0.0,0.0,0.0,3.0,-3.0,5.0,False,3120.0,2.0,False,
2026-05-14,DGHI,0.0,0.0,0.0,0.0,3.0,-3.0,5.0,False,3121.0,2.0,False,
2026-05-14,DGICA,0.0,0.0,0.0,0.0008525871481233963,3.0,5.525871481233963,5.0,True,1472.0,4.0,True,
2026-05-14,DGICB,0.0,0.0,0.0,0.003085756051502816,3.0,27.85756051502816,5.0,True,477.0,5.0,True,
2026-05-14,DGII,0.0,0.0,0.0,0.0011141272818534424,3.0,8.141272818534423,5.0,True,1293.0,4.0,True,
2026-05-14,DGLT,0.0,0.0,0.0,0.0,3.0,-3.0,5.0,False,3122.0,2.0,False,
2026-05-14,DGLY,0.0,0.0,0.0,0.0,3.0,-3.0,5.0,False,3123.0,2.0,False,
2026-05-14,DGNS,0.0,0.0,0.0,0.0,3.0,-3.0,5.0,False,3124.0,2.0,False,
2026-05-14,DGNU,0.0,0.0,0.0,0.0,3.0,-3.0,5.0,False,3125.0,2.0,False,
2026-05-14,DGNX,0.0,0.0,0.0,-0.0040502999292034965,3.0,-43.502999292034964,5.0,False,7276.0,1.0,False,
2026-05-14,DGXX,0.004457310267857143,0.004464285714285714,-6.975446428571404e-06,0.013523220875063222,3.0,132.23220875063222,5.0,True,1.0,5.0,True,"SELL because predicted alpha is in the top decile. Net alpha after estimated 3.0 bps trading cost is 132.23 bps versus threshold 5.00 bps. Main contributors were intraday_return, close_to_low_20, mom_21. Price filter passed; liquidity filter passed."
2026-05-14,DH,0.0,0.0,0.0,0.0011597743871119097,3.0,8.597743871119096,5.0,True,1272.0,4.0,False,
2026-05-14,DHAC,0.0,0.0,0.0,0.0,3.0,-3.0,5.0,False,3126.0,2.0,False,
2026-05-14,DHAI,0.0,0.0,0.0,0.0,3.0,-3.0,5.0,False,3127.0,2.0,False,
2026-05-14,DHBC,0.0,0.0,0.0,0.0,3.0,-3.0,5.0,False,3128.0,2.0,False,
2026-05-14,DHCA,0.0,0.0,0.0,0.0,3.0,-3.0,5.0,False,3129.0,2.0,False,
2026-05-14,DHCNI,0.0,0.0,0.0,0.0023002427721604117,3.0,20.002427721604118,5.0,True,731.0,5.0,True,
2026-05-14,DHCNL,0.0,0.0,0.0,0.002340879887309604,3.0,20.40879887309604,5.0,True,713.0,5.0,True,
2026-05-14,DHHC,0.0,0.0,0.0,0.0,3.0,-3.0,5.0,False,3130.0,2.0,False,
2026-05-14,DHIL,0.0,0.0,0.0,0.0,3.0,-3.0,5.0,False,3131.0,2.0,False,
2026-05-14,DHRM,0.0,0.0,0.0,0.0,3.0,-3.0,5.0,False,3132.0,2.0,False,
2026-05-14,DHXM,0.0,0.0,0.0,0.0,3.0,-3.0,5.0,False,3133.0,2.0,False,
2026-05-14,DIBS,0.0,0.0,0.0,0.0010945386127268674,3.0,7.945386127268675,5.0,True,1313.0,4.0,False,
2026-05-14,DICE,0.0,0.0,0.0,0.0,3.0,-3.0,5.0,False,3134.0,2.0,False,
2026-05-14,DILA,0.0,0.0,0.0,0.0,3.0,-3.0,5.0,False,3135.0,2.0,False,
2026-05-14,DIOD,0.0,0.0,0.0,-0.0006987773564428504,3.0,-9.987773564428505,5.0,False,6696.0,2.0,True,
2026-05-14,DISA,0.0,0.0,0.0,0.0,3.0,-3.0,5.0,False,3136.0,2.0,False,
2026-05-14,DISC.A,0.0,0.0,0.0,0.0,3.0,-3.0,5.0,False,3137.0,2.0,False,
2026-05-14,DISC.B,0.0,0.0,0.0,0.0,3.0,-3.0,5.0,False,3138.0,2.0,False,
2026-05-14,DISC.K,0.0,0.0,0.0,0.0,3.0,-3.0,5.0,False,3139.0,2.0,False,
2026-05-14,DISCA,0.0,0.0,0.0,0.0,3.0,-3.0,5.0,False,3140.0,2.0,False,
2026-05-14,DISCB,0.0,0.0,0.0,0.0,3.0,-3.0,5.0,False,3141.0,2.0,False,
2026-05-14,DISCK,0.0,0.0,0.0,0.0,3.0,-3.0,5.0,False,3142.0,2.0,False,
2026-05-14,DISH,0.0,0.0,0.0,0.0,3.0,-3.0,5.0,False,3143.0,2.0,False,
2026-05-14,DIST,0.0,0.0,0.0,0.0,3.0,-3.0,5.0,False,3144.0,2.0,False,
2026-05-14,DJCO,0.003676060267857143,0.004464285714285714,-0.0007882254464285712,0.0029354225784531513,3.0,26.35422578453151,5.0,True,519.0,5.0,True,"SELL because predicted alpha is in the top decile. Net alpha after estimated 3.0 bps trading cost is 26.35 bps versus threshold 5.00 bps. Main contributors were parkinson_vol_20, volume_z_60, mom_10. Price filter passed; liquidity filter passed."
2026-05-14,DJT,-0.003676060267857143,-0.004464285714285714,0.0007882254464285712,-0.0006687424111342831,3.0,3.687424111342831,5.0,False,6686.0,2.0,True,"COVER because predicted alpha is in the bottom decile. Net alpha after estimated 3.0 bps trading cost is 3.69 bps versus threshold 5.00 bps. Main contributors were operating_margin, hl_range_20, mom_252. Price filter passed; liquidity filter passed."
2026-05-14,DKDCA,0.0,0.0,0.0,0.0,3.0,-3.0,5.0,False,3145.0,2.0,False,
2026-05-14,DKI,0.0,0.0,0.0,-0.002518458349992177,3.0,-28.18458349992177,5.0,False,7118.0,1.0,True,
2026-05-14,DKNG,0.0,0.0,0.0,0.0017579310183659389,3.0,14.579310183659388,5.0,True,941.0,4.0,True,
2026-05-14,DLCA,0.0,0.0,0.0,0.0,3.0,-3.0,5.0,False,3146.0,2.0,False,
2026-05-14,DLHC,0.0,0.0,0.0,0.0013652853992443318,3.0,10.652853992443317,5.0,True,1157.0,4.0,True,
2026-05-14,DLIA,0.0,0.0,0.0,0.0,3.0,-3.0,5.0,False,3147.0,2.0,False,
2026-05-14,DLLR,0.0,0.0,0.0,0.0,3.0,-3.0,5.0,False,3148.0,2.0,False,
2026-05-14,DLO,0.0,0.0,0.0,-0.0017756778261475577,3.0,-20.756778261475578,5.0,False,6963.0,1.0,True,
2026-05-14,DLPN,0.0,0.0,0.0,0.0026339981251522365,3.0,23.339981251522364,5.0,True,597.0,5.0,False,
2026-05-14,DLTH,0.0,0.0,0.0,0.0012647671629840225,3.0,9.647671629840225,5.0,True,1210.0,4.0,False,
2026-05-14,DLTR,-0.00078125,0.0,-0.00078125,-0.0031693887050843464,3.0,28.693887050843465,5.0,True,7194.0,1.0,True,"SHORT because predicted alpha is in the bottom decile. Net alpha after estimated 3.0 bps trading cost is 28.69 bps versus threshold 5.00 bps. Main contributors were volume_z_60, intraday_return, hl_range_20. Price filter passed; liquidity filter passed."
2026-05-14,DLXY,0.0,0.0,0.0,-0.0038324928373515295,3.0,-41.3249283735153,5.0,False,7258.0,1.0,False,
2026-05-14,DMAA,0.0,0.0,0.0,0.0008163439502921963,3.0,5.163439502921962,5.0,True,1496.0,4.0,True,
2026-05-14,DMAC,0.0,0.0,0.0,0.0013824734802976545,3.0,10.824734802976545,5.0,True,1145.0,4.0,True,
2026-05-14,DMAN,0.0,0.0,0.0,0.0,3.0,-3.0,5.0,False,3149.0,2.0,False,
2026-05-14,DMAQ,0.0,0.0,0.0,0.0,3.0,-3.0,5.0,False,3150.0,2.0,False,
2026-05-14,DMII,0.0,0.0,0.0,-0.0007565467208963898,3.0,-10.565467208963899,5.0,False,6711.0,2.0,True,
2026-05-14,DMK,0.0,0.0,0.0,0.0,3.0,-3.0,5.0,False,3151.0,2.0,False,
2026-05-14,DMLP,0.0,0.0,0.0,0.002193746610076976,3.0,18.937466100769758,5.0,True,777.0,4.0,True,
2026-05-14,DMN,0.0,0.0,0.0,0.0,3.0,-3.0,5.0,False,3152.0,2.0,False,
2026-05-14,DMND,0.0,0.0,0.0,0.0,3.0,-3.0,5.0,False,3153.0,2.0,False,
2026-05-14,DMPI,0.0,0.0,0.0,0.0,3.0,-3.0,5.0,False,3154.0,2.0,False,
2026-05-14,DMRA,-0.003676060267857143,-0.004464285714285714,0.0007882254464285712,0.0008277717178726907,3.0,-11.277717178726906,5.0,False,1486.0,4.0,True,"COVER because predicted alpha is in the bottom decile. Net alpha after estimated 3.0 bps trading cost is -11.28 bps versus threshold 5.00 bps. Main contributors were mom_21, mom_5, volatility_20. Price filter passed; liquidity filter passed."
2026-05-14,DMRC,-0.0028948102678571425,-0.004464285714285714,0.0015694754464285715,0.005273862446082537,3.0,-55.73862446082537,5.0,False,163.0,5.0,True,"COVER because predicted alpha is in the bottom decile. Net alpha after estimated 3.0 bps trading cost is -55.74 bps versus threshold 5.00 bps. Main contributors were parkinson_vol_20, mom_10, mom_1. Price filter passed; liquidity filter passed."
2026-05-14,DMTK,0.0,0.0,0.0,0.0,3.0,-3.0,5.0,False,3155.0,2.0,False,
2026-05-14,DMTX,0.0,0.0,0.0,0.0,3.0,-3.0,5.0,False,3156.0,2.0,False,
2026-05-14,DNAA,0.0,0.0,0.0,0.0,3.0,-3.0,5.0,False,3157.0,2.0,False,
2026-05-14,DNAB,0.0,0.0,0.0,0.0,3.0,-3.0,5.0,False,3158.0,2.0,False,
2026-05-14,DNAC,0.0,0.0,0.0,0.0,3.0,-3.0,5.0,False,3159.0,2.0,False,
2026-05-14,DNAD,0.0,0.0,0.0,0.0,3.0,-3.0,5.0,False,3160.0,2.0,False,
2026-05-14,DNAI,0.0,0.0,0.0,0.0,3.0,-3.0,5.0,False,3161.0,2.0,False,
2026-05-14,DNAY,0.0,0.0,0.0,0.0,3.0,-3.0,5.0,False,3162.0,2.0,False,
2026-05-14,DNBF,0.0,0.0,0.0,0.0,3.0,-3.0,5.0,False,3163.0,2.0,False,
2026-05-14,DNDN,0.0,0.0,0.0,0.0,3.0,-3.0,5.0,False,3164.0,2.0,False,
2026-05-14,DNJR,0.0,0.0,0.0,0.0,3.0,-3.0,5.0,False,3165.0,2.0,False,
2026-05-14,DNKN,0.0,0.0,0.0,0.0,3.0,-3.0,5.0,False,3166.0,2.0,False,
2026-05-14,DNLI,0.0,0.0,0.0,-0.00031131369834694724,3.0,-6.113136983469472,5.0,False,6539.0,2.0,True,
2026-05-14,DNMX,0.0,0.0,0.0,0.00015266883813308974,3.0,-1.4733116186691027,5.0,False,1907.0,3.0,True,
2026-05-14,DNTH,0.0,0.0,0.0,0.0035940277866033845,3.0,32.940277866033846,5.0,True,369.0,5.0,True,
2026-05-14,DNUT,0.0,0.0,0.0,0.001971200799815572,3.0,16.71200799815572,5.0,True,843.0,4.0,False,
2026-05-14,DOCU,0.0,0.0,0.0,0.0010781314459936085,3.0,7.781314459936086,5.0,True,1316.0,4.0,True,
2026-05-14,DOGZ,0.0,0.0,0.0,0.0016023747249040866,3.0,13.023747249040866,5.0,True,1009.0,4.0,False,
2026-05-14,DOMH,0.0,0.0,0.0,0.0043615154191215125,3.0,40.615154191215126,5.0,True,248.0,5.0,False,
2026-05-14,DOMO,0.0,0.0,0.0,0.0003837712576642528,3.0,0.8377125766425282,5.0,False,1780.0,3.0,False,
2026-05-14,DOO,0.0,0.0,0.0,-0.0012466538123503791,3.0,-15.466538123503792,5.0,False,6857.0,1.0,True,
2026-05-14,DOOO,0.0,0.0,0.0,0.0,3.0,-3.0,5.0,False,3167.0,2.0,False,
2026-05-14,DORM,0.0,0.0,0.0,-0.0017969116064736293,3.0,-20.969116064736294,5.0,False,6970.0,1.0,True,
2026-05-14,DOTA,0.0,0.0,0.0,0.0,3.0,-3.0,5.0,False,3168.0,2.0,False,
2026-05-14,DOVA,0.0,0.0,0.0,0.0,3.0,-3.0,5.0,False,3169.0,2.0,False,
2026-05-14,DOVR,0.0,0.0,0.0,0.0,3.0,-3.0,5.0,False,3170.0,2.0,False,
2026-05-14,DOX,0.0,0.0,0.0,-0.0021137149107265008,3.0,-24.137149107265007,5.0,False,7043.0,1.0,True,
2026-05-14,DPCS,0.0,0.0,0.0,0.0,3.0,-3.0,5.0,False,3171.0,2.0,False,
2026-05-14,DPHC,0.0,0.0,0.0,0.0,3.0,-3.0,5.0,False,3172.0,2.0,False,
2026-05-14,DPRO,0.0,0.0,0.0,0.0018657332138378117,3.0,15.657332138378116,5.0,True,885.0,4.0,True,
2026-05-14,DPRX,0.0,0.0,0.0,0.0,3.0,-3.0,5.0,False,3173.0,2.0,False,
2026-05-14,DPZ,0.0,0.0,0.0,0.0018339830507883826,3.0,15.339830507883825,5.0,True,902.0,4.0,True,
2026-05-14,DRAD,0.0,0.0,0.0,0.0,3.0,-3.0,5.0,False,3174.0,2.0,False,
2026-05-14,DRCT,0.0,0.0,0.0,-0.011597226762910955,3.0,-118.97226762910955,5.0,False,7500.0,1.0,False,
2026-05-14,DRDB,0.0,0.0,0.0,0.0015228755690712388,3.0,12.228755690712388,5.0,True,1059.0,4.0,True,
2026-05-14,DRH,0.0,0.0,0.0,0.0022469022198505634,3.0,19.469022198505634,5.0,True,759.0,4.0,True,
2026-05-14,DRIO,0.0,0.0,0.0,0.0017726503572713576,3.0,14.726503572713575,5.0,True,933.0,4.0,True,
2026-05-14,DRIO.W,0.0,0.0,0.0,0.0,3.0,-3.0,5.0,False,3175.0,2.0,False,
2026-05-14,DRMA,0.0,0.0,0.0,-0.002734062417959406,3.0,-30.34062417959406,5.0,False,7147.0,1.0,False,
2026-05-14,DRMT,0.0,0.0,0.0,0.0,3.0,-3.0,5.0,False,3176.0,2.0,False,
2026-05-14,DRNA,0.0,0.0,0.0,0.0,3.0,-3.0,5.0,False,3177.0,2.0,False,
2026-05-14,DRRX,0.0,0.0,0.0,0.0,3.0,-3.0,5.0,False,3178.0,2.0,False,
2026-05-14,DRS,0.0,0.0,0.0,0.0026631950509747294,3.0,23.631950509747295,5.0,True,586.0,5.0,True,
2026-05-14,DRTS,0.003676060267857143,0.004464285714285714,-0.0007882254464285712,0.0008734500190797473,3.0,5.734500190797473,5.0,True,1454.0,4.0,True,"SELL because predicted alpha is in the top decile. Net alpha after estimated 3.0 bps trading cost is 5.73 bps versus threshold 5.00 bps. Main contributors were mom_5, mom_252, mom_1. Price filter passed; liquidity filter passed."
2026-05-14,DRTT,0.0,0.0,0.0,0.0,3.0,-3.0,5.0,False,3179.0,2.0,False,
2026-05-14,DRTX,0.0,0.0,0.0,0.0,3.0,-3.0,5.0,False,3180.0,2.0,False,
2026-05-14,DRUG,0.0,0.0,0.0,-0.0007837290686029995,3.0,-10.837290686029995,5.0,False,6718.0,2.0,True,
2026-05-14,DRVN,0.0,0.0,0.0,7.021742885583414e-05,3.0,-2.2978257114416585,5.0,False,1955.0,3.0,True,
2026-05-14,DRWI,0.0,0.0,0.0,0.0,3.0,-3.0,5.0,False,3181.0,2.0,False,
2026-05-14,DRWI.W,0.0,0.0,0.0,0.0,3.0,-3.0,5.0,False,3182.0,2.0,False,
2026-05-14,DRYS,0.0,0.0,0.0,0.0,3.0,-3.0,5.0,False,3183.0,2.0,False,
2026-05-14,DSAC,0.0,0.0,0.0,0.0,3.0,-3.0,5.0,False,3184.0,2.0,False,
2026-05-14,DSCI,0.0,0.0,0.0,0.0,3.0,-3.0,5.0,False,3185.0,2.0,False,
2026-05-14,DSCM,0.0,0.0,0.0,0.0,3.0,-3.0,5.0,False,3186.0,2.0,False,
2026-05-14,DSCOD,0.0,0.0,0.0,0.0,3.0,-3.0,5.0,False,3187.0,2.0,False,
2026-05-14,DSEY,0.0,0.0,0.0,0.0,3.0,-3.0,5.0,False,3188.0,2.0,False,
2026-05-14,DSGN,0.00078125,0.0,0.00078125,0.005646323408554109,3.0,53.46323408554109,5.0,True,121.0,5.0,True,"BUY because predicted alpha is in the top decile. Net alpha after estimated 3.0 bps trading cost is 53.46 bps versus threshold 5.00 bps. Main contributors were intraday_return, mom_252, net_margin. Price filter passed; liquidity filter passed."
2026-05-14,DSGR,0.0,0.0,0.0,-0.00018538222037586068,3.0,-4.8538222037586065,5.0,False,6467.0,2.0,True,
2026-05-14,DSGX,0.0,0.0,0.0,0.0002785451676069906,3.0,-0.2145483239300936,5.0,False,1832.0,3.0,True,
2026-05-14,DSKE,0.0,0.0,0.0,0.0,3.0,-3.0,5.0,False,3189.0,2.0,False,
2026-05-14,DSKX,0.0,0.0,0.0,0.0,3.0,-3.0,5.0,False,3190.0,2.0,False,
2026-05-14,DSKY,0.0,0.0,0.0,0.0,3.0,-3.0,5.0,False,3191.0,2.0,False,
2026-05-14,DSP,0.0,0.0,0.0,-0.00015520602935115537,3.0,-4.552060293511554,5.0,False,6454.0,2.0,True,
2026-05-14,DSPG,0.0,0.0,0.0,0.0,3.0,-3.0,5.0,False,3192.0,2.0,False,
2026-05-14,DSTI,0.0,0.0,0.0,0.0,3.0,-3.0,5.0,False,3193.0,2.0,False,
2026-05-14,DSWL,0.0,0.0,0.0,0.004210207680483903,3.0,39.10207680483903,5.0,True,272.0,5.0,False,
2026-05-14,DSY,0.0,0.0,0.0,0.002016248266619323,3.0,17.16248266619323,5.0,True,821.0,4.0,False,
2026-05-14,DTCK,0.0,0.0,0.0,0.0,3.0,-3.0,5.0,False,3194.0,2.0,False,
2026-05-14,DTCX,0.0,0.0,0.0,0.0019424474576324614,3.0,16.424474576324613,5.0,True,855.0,4.0,False,
2026-05-14,DTEA,0.0,0.0,0.0,0.0,3.0,-3.0,5.0,False,3195.0,2.0,False,
2026-05-14,DTI,0.0,0.0,0.0,0.00012257036187798023,3.0,-1.7742963812201977,5.0,False,1922.0,3.0,False,
2026-05-14,DTIL,0.00078125,0.0,0.00078125,0.006321617384607197,3.0,60.21617384607197,5.0,True,89.0,5.0,True,"BUY because predicted alpha is in the top decile. Net alpha after estimated 3.0 bps trading cost is 60.22 bps versus threshold 5.00 bps. Main contributors were intraday_return, mom_63, mom_5. Price filter passed; liquidity filter passed."
2026-05-14,DTLK,0.0,0.0,0.0,0.0,3.0,-3.0,5.0,False,3196.0,2.0,False,
2026-05-14,DTOC,0.0,0.0,0.0,0.0,3.0,-3.0,5.0,False,3197.0,2.0,False,
2026-05-14,DTRM,0.0,0.0,0.0,0.0,3.0,-3.0,5.0,False,3198.0,2.0,False,
2026-05-14,DTRT,0.0,0.0,0.0,0.0,3.0,-3.0,5.0,False,3199.0,2.0,False,
2026-05-14,DTSI,0.0,0.0,0.0,0.0,3.0,-3.0,5.0,False,3200.0,2.0,False,
2026-05-14,DTSQ,0.0,0.0,0.0,-0.00040869569825527103,3.0,-7.08695698255271,5.0,False,6583.0,2.0,True,
2026-05-14,DTSS,0.0,0.0,0.0,0.00016621347832414214,3.0,-1.3378652167585787,5.0,False,1902.0,3.0,False,
2026-05-14,DTST,0.0,0.0,0.0,0.0024142012431435577,3.0,21.142012431435578,5.0,True,676.0,5.0,False,
2026-05-14,DUET,0.0,0.0,0.0,0.0,3.0,-3.0,5.0,False,3201.0,2.0,False,
2026-05-14,DUNE,0.0,0.0,0.0,0.0,3.0,-3.0,5.0,False,3202.0,2.0,False,
2026-05-14,DUO,0.0,0.0,0.0,0.0024713794998546326,3.0,21.713794998546327,5.0,True,652.0,5.0,False,
2026-05-14,DUOL,0.0,0.0,0.0,-0.0002585702036621104,3.0,-5.585702036621104,5.0,False,6507.0,2.0,True,
2026-05-14,DUOT,0.0,0.0,0.0,0.0023446502131898644,3.0,20.446502131898644,5.0,True,711.0,5.0,True,
2026-05-14,DVAX,0.0,0.0,0.0,0.0,3.0,-3.0,5.0,False,3203.0,2.0,False,
2026-05-14,DVCR,0.0,0.0,0.0,0.0,3.0,-3.0,5.0,False,3204.0,2.0,False,
2026-05-14,DVLT,0.0,0.0,0.0,-0.00046070977818418344,3.0,-7.607097781841834,5.0,False,6614.0,2.0,False,
2026-05-14,DWA,0.0,0.0,0.0,0.0,3.0,-3.0,5.0,False,3205.0,2.0,False,
2026-05-14,DWAC,0.0,0.0,0.0,0.0,3.0,-3.0,5.0,False,3206.0,2.0,False,
2026-05-14,DWCH,0.0,0.0,0.0,0.0,3.0,-3.0,5.0,False,3207.0,2.0,False,
2026-05-14,DWSN,0.0,0.0,0.0,0.0014034507526664622,3.0,11.034507526664623,5.0,True,1131.0,4.0,False,
2026-05-14,DWTX,0.0,0.0,0.0,-0.001014141128772625,3.0,-13.14141128772625,5.0,False,6798.0,2.0,False,
2026-05-14,DXCM,0.0,0.0,0.0,-0.00010249291747269387,3.0,-4.024929174726939,5.0,False,6424.0,2.0,True,
2026-05-14,DXLG,0.0,0.0,0.0,0.0034707691834987113,3.0,31.707691834987116,5.0,True,398.0,5.0,False,
2026-05-14,DXM,0.0,0.0,0.0,0.0,3.0,-3.0,5.0,False,3208.0,2.0,False,
2026-05-14,DXPE,-0.003676060267857143,-0.004464285714285714,0.0007882254464285712,-0.00015646127042181498,3.0,-1.4353872957818503,5.0,False,6455.0,2.0,True,"COVER because predicted alpha is in the bottom decile. Net alpha after estimated 3.0 bps trading cost is -1.44 bps versus threshold 5.00 bps. Main contributors were volume_z_60, intraday_return, mom_126. Price filter passed; liquidity filter passed."
2026-05-14,DXR,0.0,0.0,0.0,0.0,3.0,-3.0,5.0,False,3209.0,2.0,False,
2026-05-14,DXST,0.0,0.0,0.0,-0.004391916278652394,3.0,-46.919162786523934,5.0,False,7299.0,1.0,False,
2026-05-14,DXTR,0.0,0.0,0.0,0.0,3.0,-3.0,5.0,False,3210.0,2.0,False,
2026-05-14,DXYN,0.0,0.0,0.0,0.0,3.0,-3.0,5.0,False,3211.0,2.0,False,
2026-05-14,DYAI,0.0,0.0,0.0,0.001711944966760687,3.0,14.119449667606872,5.0,True,955.0,4.0,False,
2026-05-14,DYAX,0.0,0.0,0.0,0.0,3.0,-3.0,5.0,False,3212.0,2.0,False,
2026-05-14,DYCQ,0.0,0.0,0.0,0.0,3.0,-3.0,5.0,False,3213.0,2.0,False,
2026-05-14,DYN,0.0,0.0,0.0,0.002415264255474229,3.0,21.15264255474229,5.0,True,674.0,5.0,True,
2026-05-14,DYNC,0.0,0.0,0.0,-0.001358123813919096,3.0,-16.58123813919096,5.0,False,6882.0,1.0,True,
2026-05-14,DYNS,0.0,0.0,0.0,0.0,3.0,-3.0,5.0,False,3214.0,2.0,False,
2026-05-14,DYNT,0.0,0.0,0.0,0.0,3.0,-3.0,5.0,False,3215.0,2.0,False,
2026-05-14,DYNX,0.0,0.0,0.0,0.0,3.0,-3.0,5.0,False,3216.0,2.0,False,
2026-05-14,DYOR,0.0,0.0,0.0,0.0004931758530949742,3.0,1.9317585309497423,5.0,False,1710.0,3.0,True,
2026-05-14,DYSL,0.0,0.0,0.0,0.0,3.0,-3.0,5.0,False,3217.0,2.0,False,
2026-05-14,DZSI,0.0,0.0,0.0,0.0,3.0,-3.0,5.0,False,3218.0,2.0,False,
2026-05-14,EA,0.0,0.0,0.0,0.000821688651574632,3.0,5.216886515746321,5.0,True,1491.0,4.0,True,
2026-05-14,EAC,0.0,0.0,0.0,0.0,3.0,-3.0,5.0,False,3219.0,2.0,False,
2026-05-14,EACQ,0.0,0.0,0.0,0.0,3.0,-3.0,5.0,False,3220.0,2.0,False,
2026-05-14,EACQ.W,0.0,0.0,0.0,0.0,3.0,-3.0,5.0,False,3221.0,2.0,False,
2026-05-14,EAGL.U,0.0,0.0,0.0,0.0,3.0,-3.0,5.0,False,3222.0,2.0,False,
2026-05-14,EAGL.W,0.0,0.0,0.0,0.0,3.0,-3.0,5.0,False,3223.0,2.0,False,
2026-05-14,EAR,0.0,0.0,0.0,0.0,3.0,-3.0,5.0,False,3224.0,2.0,False,
2026-05-14,EARS,0.0,0.0,0.0,0.0,3.0,-3.0,5.0,False,3225.0,2.0,False,
2026-05-14,EAST,0.0,0.0,0.0,0.0,3.0,-3.0,5.0,False,3226.0,2.0,False,
2026-05-14,EBAC,0.0,0.0,0.0,0.0,3.0,-3.0,5.0,False,3227.0,2.0,False,
2026-05-14,EBAY,0.0,0.0,0.0,0.0031750453024042813,3.0,28.750453024042812,5.0,True,465.0,5.0,True,
2026-05-14,EBAY.L,0.0,0.0,0.0,0.0,3.0,-3.0,5.0,False,3228.0,2.0,False,
2026-05-14,EBAY.V,0.0,0.0,0.0,0.0,3.0,-3.0,5.0,False,3229.0,2.0,False,
2026-05-14,EBAYL,0.0,0.0,0.0,0.0,3.0,-3.0,5.0,False,3230.0,2.0,False,
2026-05-14,EBC,0.0,0.0,0.0,0.0010068753586887813,3.0,7.068753586887814,5.0,True,1367.0,4.0,True,
2026-05-14,EBET,0.0,0.0,0.0,0.0,3.0,-3.0,5.0,False,3231.0,2.0,False,
2026-05-14,EBIO,0.0,0.0,0.0,0.0,3.0,-3.0,5.0,False,3232.0,2.0,False,
2026-05-14,EBIX,0.0,0.0,0.0,0.0,3.0,-3.0,5.0,False,3233.0,2.0,False,
2026-05-14,EBMT,0.0,0.0,0.0,0.0010530079431294503,3.0,7.530079431294503,5.0,True,1332.0,4.0,True,
2026-05-14,EBON,0.0,0.0,0.0,0.0026870085211184907,3.0,23.870085211184907,5.0,True,582.0,5.0,False,
2026-05-14,EBSB,0.0,0.0,0.0,0.0,3.0,-3.0,5.0,False,3234.0,2.0,False,
2026-05-14,EBTC,0.0,0.0,0.0,0.0,3.0,-3.0,5.0,False,3235.0,2.0,False,
2026-05-14,ECAC,0.0,0.0,0.0,0.0,3.0,-3.0,5.0,False,3236.0,2.0,False,
2026-05-14,ECAC.R,0.0,0.0,0.0,0.0,3.0,-3.0,5.0,False,3237.0,2.0,False,
2026-05-14,ECAV,0.0,0.0,0.0,0.0,3.0,-3.0,5.0,False,3238.0,2.0,False,
2026-05-14,ECBK,0.0,0.0,0.0,0.0009767198476279106,3.0,6.7671984762791055,5.0,True,1389.0,4.0,True,
2026-05-14,ECDA,0.0,0.0,0.0,0.0,3.0,-3.0,5.0,False,3239.0,2.0,False,
2026-05-14,ECHO,0.0,0.0,0.0,0.0,3.0,-3.0,5.0,False,3240.0,2.0,False,
2026-05-14,ECLP,0.0,0.0,0.0,0.0,3.0,-3.0,5.0,False,3241.0,2.0,False,
2026-05-14,ECOL,0.0,0.0,0.0,0.0,3.0,-3.0,5.0,False,3242.0,2.0,False,
2026-05-14,ECOR,0.0,0.0,0.0,-0.0011778724686698045,3.0,-14.778724686698045,5.0,False,6840.0,1.0,True,
2026-05-14,ECPG,0.0,0.0,0.0,-0.0004053599003107223,3.0,-7.053599003107223,5.0,False,6581.0,2.0,True,
2026-05-14,ECTE,0.0,0.0,0.0,0.0,3.0,-3.0,5.0,False,3243.0,2.0,False,
2026-05-14,ECX,0.0,0.0,0.0,-0.0012341832603370688,3.0,-15.341832603370687,5.0,False,6855.0,1.0,False,
2026-05-14,ECYT,0.0,0.0,0.0,0.0,3.0,-3.0,5.0,False,3244.0,2.0,False,
2026-05-14,EDBL,0.0,0.0,0.0,-0.009502909007880212,3.0,-98.02909007880213,5.0,False,7470.0,1.0,False,
2026-05-14,EDGW,0.0,0.0,0.0,0.0,3.0,-3.0,5.0,False,3245.0,2.0,False,
2026-05-14,EDHL,0.0,0.0,0.0,0.0018766829615783345,3.0,15.766829615783344,5.0,True,877.0,4.0,False,
2026-05-14,EDIT,0.0,0.0,0.0,0.004192539490197352,3.0,38.92539490197352,5.0,True,275.0,5.0,False,
2026-05-14,EDMC,0.0,0.0,0.0,0.0,3.0,-3.0,5.0,False,3246.0,2.0,False,
2026-05-14,EDNC,0.0,0.0,0.0,0.0,3.0,-3.0,5.0,False,3247.0,2.0,False,
2026-05-14,EDNT,0.0,0.0,0.0,0.0,3.0,-3.0,5.0,False,3248.0,2.0,False,
2026-05-14,EDRY,0.0,0.0,0.0,0.0028697112789306065,3.0,25.697112789306065,5.0,True,532.0,5.0,True,
2026-05-14,EDS,0.0,0.0,0.0,0.0,3.0,-3.0,5.0,False,3249.0,2.0,False,
2026-05-14,EDSA,0.00078125,0.0,0.00078125,0.005496028127553351,3.0,51.960281275533504,5.0,True,136.0,5.0,True,"BUY because predicted alpha is in the top decile. Net alpha after estimated 3.0 bps trading cost is 51.96 bps versus threshold 5.00 bps. Main contributors were hl_range_20, close_to_low_20, mom_252. Price filter passed; liquidity filter passed."
2026-05-14,EDTK,0.0,0.0,0.0,0.006921275640419899,3.0,66.21275640419898,5.0,True,69.0,5.0,False,
2026-05-14,EDTX,0.0,0.0,0.0,0.0,3.0,-3.0,5.0,False,3250.0,2.0,False,
2026-05-14,EDUC,0.0,0.0,0.0,0.0015752114613034529,3.0,12.752114613034529,5.0,True,1025.0,4.0,False,
2026-05-14,EEFT,0.0,0.0,0.0,0.001215235122173524,3.0,9.15235122173524,5.0,True,1241.0,4.0,True,
2026-05-14,EEI,0.0,0.0,0.0,0.0,3.0,-3.0,5.0,False,3251.0,2.0,False,
2026-05-14,EEIQ,0.0,0.0,0.0,-0.005999604698311576,3.0,-62.996046983115754,5.0,False,7383.0,1.0,False,
2026-05-14,EEME,0.0,0.0,0.0,0.0,3.0,-3.0,5.0,False,3252.0,2.0,False,
2026-05-14,EEML,0.0,0.0,0.0,0.0,3.0,-3.0,5.0,False,3253.0,2.0,False,
2026-05-14,EFBI,0.0,0.0,0.0,0.0,3.0,-3.0,5.0,False,3254.0,2.0,False,
2026-05-14,EFHT,0.0,0.0,0.0,0.0,3.0,-3.0,5.0,False,3255.0,2.0,False,
2026-05-14,EFII,0.0,0.0,0.0,0.0,3.0,-3.0,5.0,False,3256.0,2.0,False,
2026-05-14,EFOI,0.0,0.0,0.0,-0.0027055868819003286,3.0,-30.055868819003287,5.0,False,7140.0,1.0,False,
2026-05-14,EFSC,0.0,0.0,0.0,-0.00028787512099910715,3.0,-5.878751209991071,5.0,False,6524.0,2.0,True,
2026-05-14,EFSI,0.0,0.0,0.0,-0.00170921932835637,3.0,-20.0921932835637,5.0,False,6951.0,1.0,True,
2026-05-14,EFTR,0.0,0.0,0.0,0.0,3.0,-3.0,5.0,False,3257.0,2.0,False,
2026-05-14,EFTY,0.0,0.0,0.0,0.0,3.0,-3.0,5.0,False,3258.0,2.0,False,
2026-05-14,EGAN,-0.00078125,0.0,-0.00078125,-0.005153933676477185,3.0,48.53933676477185,5.0,True,7338.0,1.0,True,"SHORT because predicted alpha is in the bottom decile. Net alpha after estimated 3.0 bps trading cost is 48.54 bps versus threshold 5.00 bps. Main contributors were volume_z_60, intraday_return, mom_5. Price filter passed; liquidity filter passed."
2026-05-14,EGBN,0.0,0.0,0.0,-0.0015735530513744016,3.0,-18.735530513744017,5.0,False,6933.0,1.0,True,
2026-05-14,EGC,0.0,0.0,0.0,0.0,3.0,-3.0,5.0,False,3259.0,2.0,False,
2026-05-14,EGHA,-0.00078125,0.0,-0.00078125,-0.005401156265418238,3.0,51.01156265418238,5.0,True,7352.0,1.0,True,"SHORT because predicted alpha is in the bottom decile. Net alpha after estimated 3.0 bps trading cost is 51.01 bps versus threshold 5.00 bps. Main contributors were volume_z_60, hl_range_20, volatility_20. Price filter passed; liquidity filter passed."
2026-05-14,EGHT,0.0,0.0,0.0,0.0008433322378868775,3.0,5.433322378868775,5.0,True,1479.0,4.0,False,
2026-05-14,EGIO,0.0,0.0,0.0,0.0,3.0,-3.0,5.0,False,3260.0,2.0,False,
2026-05-14,EGLT,0.0,0.0,0.0,0.0,3.0,-3.0,5.0,False,3261.0,2.0,False,
2026-05-14,EGLX,0.0,0.0,0.0,0.0,3.0,-3.0,5.0,False,3262.0,2.0,False,
2026-05-14,EGOV,0.0,0.0,0.0,0.0,3.0,-3.0,5.0,False,3263.0,2.0,False,
2026-05-14,EGOX,0.0,0.0,0.0,0.0,3.0,-3.0,5.0,False,3264.0,2.0,False,
2026-05-14,EGRW,0.0,0.0,0.0,0.0,3.0,-3.0,5.0,False,3265.0,2.0,False,
2026-05-14,EGRX,0.0,0.0,0.0,0.0,3.0,-3.0,5.0,False,3266.0,2.0,False,
2026-05-14,EGT,0.0,0.0,0.0,0.0,3.0,-3.0,5.0,False,3267.0,2.0,False,
2026-05-14,EHGO,0.0,0.0,0.0,0.0008185669721102336,3.0,5.185669721102336,5.0,True,1493.0,4.0,False,
2026-05-14,EHLD,0.0,0.0,0.0,0.0032899205087181774,3.0,29.899205087181777,5.0,True,435.0,5.0,True,
2026-05-14,EHLDV,0.0,0.0,0.0,0.0,3.0,-3.0,5.0,False,3268.0,2.0,False,
2026-05-14,EHR,0.0,0.0,0.0,0.0,3.0,-3.0,5.0,False,3269.0,2.0,False,
2026-05-14,EHTH,0.0,0.0,0.0,0.004166352950757603,3.0,38.66352950757603,5.0,True,278.0,5.0,False,
2026-05-14,EIDX,0.0,0.0,0.0,0.0,3.0,-3.0,5.0,False,3270.0,2.0,False,
2026-05-14,EIGI,0.0,0.0,0.0,0.0,3.0,-3.0,5.0,False,3271.0,2.0,False,
2026-05-14,EIGR,0.0,0.0,0.0,0.0,3.0,-3.0,5.0,False,3272.0,2.0,False,
2026-05-14,EIKN,0.0,0.0,0.0,0.0028352670383403117,3.0,25.352670383403115,5.0,True,543.0,5.0,True,
2026-05-14,EJFA,0.0,0.0,0.0,0.0,3.0,-3.0,5.0,False,3273.0,2.0,False,
2026-05-14,EJH,0.0,0.0,0.0,-0.001938393602290572,3.0,-22.383936022905722,5.0,False,7004.0,1.0,False,
2026-05-14,EKSO,0.0,0.0,0.0,0.0,3.0,-3.0,5.0,False,3274.0,2.0,False,
2026-05-14,ELAB,0.0,0.0,0.0,-0.003858846688202814,3.0,-41.58846688202814,5.0,False,7261.0,1.0,False,
2026-05-14,ELBM,0.0,0.0,0.0,-0.000756210745693866,3.0,-10.56210745693866,5.0,False,6710.0,2.0,False,
2026-05-14,ELDN,0.0,0.0,0.0,0.0008033642655442828,3.0,5.0336426554428275,5.0,True,1503.0,4.0,False,
2026-05-14,ELE,0.0,0.0,0.0,0.0032886627410608623,3.0,29.886627410608625,5.0,True,436.0,5.0,True,
2026-05-14,ELEC,0.0,0.0,0.0,0.0,3.0,-3.0,5.0,False,3275.0,2.0,False,
2026-05-14,ELEC.U,0.0,0.0,0.0,0.0,3.0,-3.0,5.0,False,3276.0,2.0,False,
2026-05-14,ELEV,0.0,0.0,0.0,0.0,3.0,-3.0,5.0,False,3277.0,2.0,False,
2026-05-14,ELGX,0.0,0.0,0.0,0.0,3.0,-3.0,5.0,False,3278.0,2.0,False,
2026-05-14,ELMS,0.0,0.0,0.0,0.0,3.0,-3.0,5.0,False,3279.0,2.0,False,
2026-05-14,ELMT,0.0,0.0,0.0,0.0031620963933562105,3.0,28.620963933562106,5.0,True,468.0,5.0,True,
2026-05-14,ELNK,0.0,0.0,0.0,0.0,3.0,-3.0,5.0,False,3280.0,2.0,False,
2026-05-14,ELOG,0.0,0.0,0.0,0.005839711402382161,3.0,55.39711402382161,5.0,True,113.0,5.0,False,
2026-05-14,ELOS,0.0,0.0,0.0,0.0,3.0,-3.0,5.0,False,3281.0,2.0,False,
2026-05-14,ELOX,0.0,0.0,0.0,0.0,3.0,-3.0,5.0,False,3282.0,2.0,False,
2026-05-14,ELPW,0.0,0.0,0.0,-0.018546972656820683,3.0,-188.46972656820682,5.0,False,7539.0,1.0,False,
2026-05-14,ELRC,0.0,0.0,0.0,0.0,3.0,-3.0,5.0,False,3283.0,2.0,False,
2026-05-14,ELSE,0.0,0.0,0.0,0.007102382829433392,3.0,68.02382829433392,5.0,True,63.0,5.0,True,
2026-05-14,ELTK,0.0,0.0,0.0,0.003616592591304515,3.0,33.16592591304515,5.0,True,363.0,5.0,True,
2026-05-14,ELTX,-0.003676060267857143,-0.004464285714285714,0.0007882254464285712,0.0026866878244041436,3.0,-29.866878244041438,5.0,False,583.0,5.0,True,"COVER because predicted alpha is in the bottom decile. Net alpha after estimated 3.0 bps trading cost is -29.87 bps versus threshold 5.00 bps. Main contributors were operating_margin, roa, mom_1. Price filter passed; liquidity filter failed."
2026-05-14,ELUT,0.0,0.0,0.0,0.0020334740624229105,3.0,17.334740624229106,5.0,True,816.0,4.0,False,
2026-05-14,ELVA,0.0,0.0,0.0,-0.000576658641651745,3.0,-8.76658641651745,5.0,False,6650.0,2.0,True,
2026-05-14,ELVN,0.0,0.0,0.0,0.0032504444235976313,3.0,29.504444235976315,5.0,True,448.0,5.0,True,
2026-05-14,ELWT,0.0,0.0,0.0,0.006136071591664406,3.0,58.360715916644054,5.0,True,100.0,5.0,True,
2026-05-14,ELYM,0.0,0.0,0.0,0.0,3.0,-3.0,5.0,False,3284.0,2.0,False,
2026-05-14,ELYS,0.0,0.0,0.0,0.0,3.0,-3.0,5.0,False,3285.0,2.0,False,
2026-05-14,EMAT,0.0,0.0,0.0,0.00456317293957806,3.0,42.6317293957806,5.0,True,227.0,5.0,True,
2026-05-14,EMBC,0.0,0.0,0.0,-0.003752737321707011,3.0,-40.527373217070114,5.0,False,7249.0,1.0,False,
2026-05-14,EMBK,0.0,0.0,0.0,0.0,3.0,-3.0,5.0,False,3286.0,2.0,False,
2026-05-14,EMCF,0.0,0.0,0.0,0.0,3.0,-3.0,5.0,False,3287.0,2.0,False,
2026-05-14,EMCG,0.0,0.0,0.0,0.0,3.0,-3.0,5.0,False,3288.0,2.0,False,
2026-05-14,EMCI,0.0,0.0,0.0,0.0,3.0,-3.0,5.0,False,3289.0,2.0,False,
2026-05-14,EMDI,0.0,0.0,0.0,0.0,3.0,-3.0,5.0,False,3290.0,2.0,False,
2026-05-14,EMDR,0.0,0.0,0.0,0.0,3.0,-3.0,5.0,False,3291.0,2.0,False,
2026-05-14,EMEY,0.0,0.0,0.0,0.0,3.0,-3.0,5.0,False,3292.0,2.0,False,
2026-05-14,EMFN,0.0,0.0,0.0,0.0,3.0,-3.0,5.0,False,3293.0,2.0,False,
2026-05-14,EMIS,0.0,0.0,0.0,0.0,3.0,-3.0,5.0,False,3294.0,2.0,False,
2026-05-14,EMIT.F,0.0,0.0,0.0,0.0,3.0,-3.0,5.0,False,3295.0,2.0,False,
2026-05-14,EMITF,0.0,0.0,0.0,0.0,3.0,-3.0,5.0,False,3296.0,2.0,False,
2026-05-14,EMKR,0.0,0.0,0.0,0.0,3.0,-3.0,5.0,False,3297.0,2.0,False,
2026-05-14,EML,0.0,0.0,0.0,0.000285001171174421,3.0,-0.14998828825578991,5.0,False,1830.0,3.0,True,
2026-05-14,EMLD,0.0,0.0,0.0,0.0,3.0,-3.0,5.0,False,3298.0,2.0,False,
2026-05-14,EMMA,0.0,0.0,0.0,0.0,3.0,-3.0,5.0,False,3299.0,2.0,False,
2026-05-14,EMMS,0.0,0.0,0.0,0.0,3.0,-3.0,5.0,False,3300.0,2.0,False,
2026-05-14,EMMS.P,0.0,0.0,0.0,0.0,3.0,-3.0,5.0,False,3301.0,2.0,False,
2026-05-14,EMMSV,0.0,0.0,0.0,0.0,3.0,-3.0,5.0,False,3302.0,2.0,False,
2026-05-14,EMMT,0.0,0.0,0.0,0.0,3.0,-3.0,5.0,False,3303.0,2.0,False,
2026-05-14,EMPD,0.0,0.0,0.0,0.00409911688975196,3.0,37.9911688975196,5.0,True,286.0,5.0,True,
2026-05-14,EMPG,0.0,0.0,0.0,0.0,3.0,-3.0,5.0,False,3304.0,2.0,False,
2026-05-14,ENCO,0.0,0.0,0.0,0.0,3.0,-3.0,5.0,False,3305.0,2.0,False,
2026-05-14,ENCP,0.0,0.0,0.0,0.0,3.0,-3.0,5.0,False,3306.0,2.0,False,
2026-05-14,ENDP,0.0,0.0,0.0,0.0,3.0,-3.0,5.0,False,3307.0,2.0,False,
2026-05-14,ENER,0.0,0.0,0.0,0.0,3.0,-3.0,5.0,False,3308.0,2.0,False,
2026-05-14,ENFA,0.0,0.0,0.0,0.0,3.0,-3.0,5.0,False,3309.0,2.0,False,
2026-05-14,ENFC,0.0,0.0,0.0,0.0,3.0,-3.0,5.0,False,3310.0,2.0,False,
2026-05-14,ENG,0.0,0.0,0.0,0.0,3.0,-3.0,5.0,False,3311.0,2.0,False,
2026-05-14,ENGN,0.0,0.0,0.0,-0.010898556332413451,3.0,-111.98556332413452,5.0,False,7493.0,1.0,False,
2026-05-14,ENGS,0.0,0.0,0.0,0.0032040548215174786,3.0,29.040548215174788,5.0,True,455.0,5.0,False,
2026-05-14,ENJY,0.0,0.0,0.0,0.0,3.0,-3.0,5.0,False,3312.0,2.0,False,
2026-05-14,ENLT,0.0,0.0,0.0,0.004300688717000735,3.0,40.00688717000735,5.0,True,255.0,5.0,True,
2026-05-14,ENLV,0.0,0.0,0.0,0.0006015539262607813,3.0,3.0155392626078132,5.0,False,1635.0,3.0,False,
2026-05-14,ENMD,0.0,0.0,0.0,0.0,3.0,-3.0,5.0,False,3313.0,2.0,False,
2026-05-14,ENNV,0.0,0.0,0.0,0.0,3.0,-3.0,5.0,False,3314.0,2.0,False,
2026-05-14,ENOB,0.0,0.0,0.0,0.0,3.0,-3.0,5.0,False,3315.0,2.0,False,
2026-05-14,ENOC,0.0,0.0,0.0,0.0,3.0,-3.0,5.0,False,3316.0,2.0,False,
2026-05-14,ENPH,-0.004457310267857143,-0.004464285714285714,6.975446428571404e-06,-0.00484519097185345,3.0,45.4519097185345,5.0,True,7320.0,1.0,True,"COVER because predicted alpha is in the bottom decile. Net alpha after estimated 3.0 bps trading cost is 45.45 bps versus threshold 5.00 bps. Main contributors were intraday_return, volume_z_60, mom_10. Price filter passed; liquidity filter passed."
2026-05-14,ENSC,0.0,0.0,0.0,-0.00398606217554353,3.0,-42.8606217554353,5.0,False,7269.0,1.0,False,
2026-05-14,ENSG,0.0,0.0,0.0,-0.0008443824052142732,3.0,-11.443824052142732,5.0,False,6742.0,2.0,True,
2026-05-14,ENSG.V,0.0,0.0,0.0,0.0,3.0,-3.0,5.0,False,3317.0,2.0,False,
2026-05-14,ENSGV,0.0,0.0,0.0,0.0,3.0,-3.0,5.0,False,3318.0,2.0,False,
2026-05-14,ENT,0.0,0.0,0.0,0.0,3.0,-3.0,5.0,False,3319.0,2.0,False,
2026-05-14,ENTA,0.0,0.0,0.0,0.0008720616993782715,3.0,5.7206169937827145,5.0,True,1459.0,4.0,True,
2026-05-14,ENTF,0.0,0.0,0.0,0.0,3.0,-3.0,5.0,False,3320.0,2.0,False,
2026-05-14,ENTG,0.0,0.0,0.0,0.0009051917691412761,3.0,6.051917691412761,5.0,True,1434.0,4.0,True,
2026-05-14,ENTL,0.0,0.0,0.0,0.0,3.0,-3.0,5.0,False,3321.0,2.0,False,
2026-05-14,ENTO,0.0,0.0,0.0,0.0,3.0,-3.0,5.0,False,3322.0,2.0,False,
2026-05-14,ENTX,0.0,0.0,0.0,-0.0009363168212662577,3.0,-12.363168212662577,5.0,False,6775.0,2.0,False,
2026-05-14,ENVB,0.0,0.0,0.0,-0.007791889830032015,3.0,-80.91889830032015,5.0,False,7440.0,1.0,False,
2026-05-14,ENVE,0.0,0.0,0.0,0.0,3.0,-3.0,5.0,False,3323.0,2.0,False,
2026-05-14,ENVI,0.0,0.0,0.0,0.0,3.0,-3.0,5.0,False,3324.0,2.0,False,
2026-05-14,ENVX,0.0,0.0,0.0,-0.0012716172810414783,3.0,-15.716172810414783,5.0,False,6865.0,1.0,True,
2026-05-14,ENZN,0.0,0.0,0.0,0.0,3.0,-3.0,5.0,False,3325.0,2.0,False,
2026-05-14,ENZY,0.0,0.0,0.0,0.0,3.0,-3.0,5.0,False,3326.0,2.0,False,
2026-05-14,EOLS,0.0,0.0,0.0,0.0035243650438356584,3.0,32.24365043835658,5.0,True,386.0,5.0,True,
2026-05-14,EONC,0.0,0.0,0.0,0.0,3.0,-3.0,5.0,False,3327.0,2.0,False,
2026-05-14,EOPN,0.0,0.0,0.0,0.0,3.0,-3.0,5.0,False,3328.0,2.0,False,
2026-05-14,EOSE,0.003676060267857143,0.004464285714285714,-0.0007882254464285712,0.0039027442065759995,3.0,36.02744206575999,5.0,True,316.0,5.0,True,"SELL because predicted alpha is in the top decile. Net alpha after estimated 3.0 bps trading cost is 36.03 bps versus threshold 5.00 bps. Main contributors were mom_5, overnight_return, gross_margin. Price filter passed; liquidity filter passed."
2026-05-14,EPAX,0.0,0.0,0.0,0.0,3.0,-3.0,5.0,False,3329.0,2.0,False,
2026-05-14,EPAY,0.0,0.0,0.0,0.0,3.0,-3.0,5.0,False,3330.0,2.0,False,
2026-05-14,EPCT,0.0,0.0,0.0,0.0,3.0,-3.0,5.0,False,3331.0,2.0,False,
2026-05-14,EPHY,0.0,0.0,0.0,0.0,3.0,-3.0,5.0,False,3332.0,2.0,False,
2026-05-14,EPIQ,0.0,0.0,0.0,0.0,3.0,-3.0,5.0,False,3333.0,2.0,False,
2026-05-14,EPIX,0.0,0.0,0.0,0.0,3.0,-3.0,5.0,False,3334.0,2.0,False,
2026-05-14,EPOW,0.0,0.0,0.0,-0.0075065949445710075,3.0,-78.06594944571007,5.0,False,7431.0,1.0,False,
2026-05-14,EPRS,0.0,0.0,0.0,0.0,3.0,-3.0,5.0,False,3335.0,2.0,False,
2026-05-14,EPRX,0.0,0.0,0.0,0.004240357128051849,3.0,39.40357128051849,5.0,True,265.0,5.0,True,
2026-05-14,EPSM,0.0,0.0,0.0,0.00013900019722020758,3.0,-1.6099980277979242,5.0,False,1913.0,3.0,False,
2026-05-14,EPSN,0.0,0.0,0.0,5.8462001269633985e-05,3.0,-2.41537998730366,5.0,False,1960.0,3.0,True,
2026-05-14,EPWK,0.0,0.0,0.0,0.0,3.0,-3.0,5.0,False,3336.0,2.0,False,
2026-05-14,EPZM,0.0,0.0,0.0,0.0,3.0,-3.0,5.0,False,3337.0,2.0,False,
2026-05-14,EQ,0.0,0.0,0.0,-0.00019150077074229672,3.0,-4.915007707422967,5.0,False,6473.0,2.0,False,
2026-05-14,EQFN,0.0,0.0,0.0,0.0,3.0,-3.0,5.0,False,3338.0,2.0,False,
2026-05-14,EQIX,0.0,0.0,0.0,0.0012333018105767487,3.0,9.333018105767488,5.0,True,1226.0,4.0,True,
2026-05-14,EQOS,0.0,0.0,0.0,0.0,3.0,-3.0,5.0,False,3339.0,2.0,False,
2026-05-14,EQPT,0.0,0.0,0.0,0.0020171339745344036,3.0,17.171339745344035,5.0,True,820.0,4.0,True,
2026-05-14,EQRX,0.0,0.0,0.0,0.0,3.0,-3.0,5.0,False,3340.0,2.0,False,
2026-05-14,ERAS,0.0,0.0,0.0,0.0011913948664643553,3.0,8.913948664643552,5.0,True,1250.0,4.0,True,
2026-05-14,ERES,0.0,0.0,0.0,0.0,3.0,-3.0,5.0,False,3341.0,2.0,False,
2026-05-14,ERI,0.0,0.0,0.0,0.0,3.0,-3.0,5.0,False,3342.0,2.0,False,
2026-05-14,ERIE,0.0,0.0,0.0,0.0004011675209576487,3.0,1.0116752095764872,5.0,False,1771.0,3.0,True,
2026-05-14,ERII,-0.004457310267857143,-0.004464285714285714,6.975446428571404e-06,-0.006314594285827759,3.0,60.145942858277586,5.0,True,7396.0,1.0,True,"COVER because predicted alpha is in the bottom decile. Net alpha after estimated 3.0 bps trading cost is 60.15 bps versus threshold 5.00 bps. Main contributors were volume_z_60, intraday_return, price_kurt_63. Price filter passed; liquidity filter passed."
2026-05-14,ERNA,-0.004457310267857143,-0.004464285714285714,6.975446428571404e-06,-0.00400637782312216,3.0,37.0637782312216,5.0,True,7270.0,1.0,True,"COVER because predicted alpha is in the bottom decile. Net alpha after estimated 3.0 bps trading cost is 37.06 bps versus threshold 5.00 bps. Main contributors were parkinson_vol_20, mom_10, volatility_10. Price filter passed; liquidity filter passed."
2026-05-14,EROC,0.0,0.0,0.0,0.0,3.0,-3.0,5.0,False,3343.0,2.0,False,
2026-05-14,ERS,0.0,0.0,0.0,0.0,3.0,-3.0,5.0,False,3344.0,2.0,False,
2026-05-14,ERW,0.0,0.0,0.0,0.0,3.0,-3.0,5.0,False,3345.0,2.0,False,
2026-05-14,ESAC,0.0,0.0,0.0,0.0,3.0,-3.0,5.0,False,3346.0,2.0,False,
2026-05-14,ESBF,0.0,0.0,0.0,0.0,3.0,-3.0,5.0,False,3347.0,2.0,False,
2026-05-14,ESBK,0.0,0.0,0.0,0.0,3.0,-3.0,5.0,False,3348.0,2.0,False,
2026-05-14,ESCA,0.0,0.0,0.0,0.0014445798741035745,3.0,11.445798741035745,5.0,True,1108.0,4.0,True,
2026-05-14,ESCR.P,0.0,0.0,0.0,0.0,3.0,-3.0,5.0,False,3349.0,2.0,False,
2026-05-14,ESDI,0.0,0.0,0.0,0.0,3.0,-3.0,5.0,False,3350.0,2.0,False,
2026-05-14,ESEA,0.0,0.0,0.0,0.0032953989559333,3.0,29.953989559333003,5.0,True,434.0,5.0,True,
2026-05-14,ESEAV,0.0,0.0,0.0,0.0,3.0,-3.0,5.0,False,3351.0,2.0,False,
2026-05-14,ESES,0.0,0.0,0.0,0.0,3.0,-3.0,5.0,False,3352.0,2.0,False,
2026-05-14,ESGL,0.0,0.0,0.0,0.0,3.0,-3.0,5.0,False,3353.0,2.0,False,
2026-05-14,ESGR,0.0,0.0,0.0,0.0,3.0,-3.0,5.0,False,3354.0,2.0,False,
2026-05-14,ESGRP,0.0,0.0,0.0,0.0,3.0,-3.0,5.0,False,3355.0,2.0,False,
2026-05-14,ESHA,0.0,0.0,0.0,0.0,3.0,-3.0,5.0,False,3356.0,2.0,False,
2026-05-14,ESIO,0.0,0.0,0.0,0.0,3.0,-3.0,5.0,False,3357.0,2.0,False,
2026-05-14,ESLA,0.0,0.0,0.0,0.0006750018894443773,3.0,3.7500188944437722,5.0,False,1586.0,3.0,False,
2026-05-14,ESLR,0.0,0.0,0.0,0.0,3.0,-3.0,5.0,False,3358.0,2.0,False,
2026-05-14,ESLRD,0.0,0.0,0.0,0.0,3.0,-3.0,5.0,False,3359.0,2.0,False,
2026-05-14,ESLT,0.0,0.0,0.0,0.0015094908451545772,3.0,12.094908451545772,5.0,True,1064.0,4.0,True,
2026-05-14,ESMC,0.0,0.0,0.0,0.0,3.0,-3.0,5.0,False,3360.0,2.0,False,
2026-05-14,ESND,0.0,0.0,0.0,0.0,3.0,-3.0,5.0,False,3361.0,2.0,False,
2026-05-14,ESOA,0.003676060267857143,0.004464285714285714,-0.0007882254464285712,0.002270991485918591,3.0,19.709914859185908,5.0,True,745.0,5.0,True,"SELL because predicted alpha is in the top decile. Net alpha after estimated 3.0 bps trading cost is 19.71 bps versus threshold 5.00 bps. Main contributors were parkinson_vol_20, mom_252, mom_1. Price filter passed; liquidity filter passed."
2026-05-14,ESPR,0.0,0.0,0.0,0.0014032371971175025,3.0,11.032371971175026,5.0,True,1132.0,4.0,False,
2026-05-14,ESQ,0.0,0.0,0.0,0.0005212805806071421,3.0,2.2128058060714206,5.0,False,1690.0,3.0,True,
2026-05-14,ESRX,0.0,0.0,0.0,0.0,3.0,-3.0,5.0,False,3362.0,2.0,False,
2026-05-14,ESSA,0.0,0.0,0.0,0.0,3.0,-3.0,5.0,False,3363.0,2.0,False,
2026-05-14,ESSX,0.0,0.0,0.0,0.0,3.0,-3.0,5.0,False,3364.0,2.0,False,
2026-05-14,ESTA,0.0,0.0,0.0,0.0023830515970284685,3.0,20.830515970284686,5.0,True,691.0,5.0,True,
2026-05-14,ESTR,0.0,0.0,0.0,0.0,3.0,-3.0,5.0,False,3365.0,2.0,False,
2026-05-14,ESXB,0.0,0.0,0.0,0.0,3.0,-3.0,5.0,False,3366.0,2.0,False,
2026-05-14,ESYS,0.0,0.0,0.0,0.0,3.0,-3.0,5.0,False,3367.0,2.0,False,
2026-05-14,ETAC,0.0,0.0,0.0,0.0,3.0,-3.0,5.0,False,3368.0,2.0,False,
2026-05-14,ETAO,0.0,0.0,0.0,0.0,3.0,-3.0,5.0,False,3369.0,2.0,False,
2026-05-14,ETFC,0.0,0.0,0.0,0.0,3.0,-3.0,5.0,False,3370.0,2.0,False,
2026-05-14,ETHM,0.0,0.0,0.0,0.0,3.0,-3.0,5.0,False,3371.0,2.0,False,
2026-05-14,ETHZ,0.0,0.0,0.0,0.0,3.0,-3.0,5.0,False,3372.0,2.0,False,
2026-05-14,ETNB,0.0,0.0,0.0,0.0,3.0,-3.0,5.0,False,3373.0,2.0,False,
2026-05-14,ETON,0.0,0.0,0.0,0.0027847102216966755,3.0,24.847102216966753,5.0,True,553.0,5.0,True,
2026-05-14,ETOR,-0.003676060267857143,-0.004464285714285714,0.0007882254464285712,0.0005337450571816452,3.0,-8.337450571816452,5.0,False,1681.0,3.0,True,"COVER because predicted alpha is in the bottom decile. Net alpha after estimated 3.0 bps trading cost is -8.34 bps versus threshold 5.00 bps. Main contributors were hl_range_20, volume_z_60, mom_10. Price filter passed; liquidity filter passed."
2026-05-14,ETRM,0.0,0.0,0.0,0.0,3.0,-3.0,5.0,False,3374.0,2.0,False,
2026-05-14,ETS,0.0,0.0,0.0,0.0028454305600105908,3.0,25.454305600105908,5.0,True,538.0,5.0,False,
2026-05-14,ETTX,0.0,0.0,0.0,0.0,3.0,-3.0,5.0,False,3375.0,2.0,False,
2026-05-14,EU,0.0,0.0,0.0,-0.00020882495396803275,3.0,-5.088249539680327,5.0,False,6480.0,2.0,False,
2026-05-14,EUCR,0.0,0.0,0.0,0.0,3.0,-3.0,5.0,False,3376.0,2.0,False,
2026-05-14,EUDA,0.0,0.0,0.0,-0.01423581796652926,3.0,-145.3581796652926,5.0,False,7515.0,1.0,True,
2026-05-14,EURK,0.0,0.0,0.0,3.267732652665993e-05,3.0,-2.673226734733401,5.0,False,1972.0,3.0,True,
2026-05-14,EURX,0.0,0.0,0.0,0.0,3.0,-3.0,5.0,False,3377.0,2.0,False,
2026-05-14,EUSG,0.0,0.0,0.0,0.0,3.0,-3.0,5.0,False,3378.0,2.0,False,
2026-05-14,EVAL,0.0,0.0,0.0,0.0,3.0,-3.0,5.0,False,3379.0,2.0,False,
2026-05-14,EVAR,0.0,0.0,0.0,0.0,3.0,-3.0,5.0,False,3380.0,2.0,False,
2026-05-14,EVBG,0.0,0.0,0.0,0.0,3.0,-3.0,5.0,False,3381.0,2.0,False,
2026-05-14,EVBS,0.0,0.0,0.0,0.0,3.0,-3.0,5.0,False,3382.0,2.0,False,
2026-05-14,EVCM,0.0,0.0,0.0,-0.0009206818327011166,3.0,-12.206818327011167,5.0,False,6772.0,2.0,True,
2026-05-14,EVEP,0.0,0.0,0.0,0.0,3.0,-3.0,5.0,False,3383.0,2.0,False,
2026-05-14,EVER,0.0,0.0,0.0,0.00025448141983820774,3.0,-0.45518580161792244,5.0,False,1843.0,3.0,True,
2026-05-14,EVFM,0.0,0.0,0.0,0.0,3.0,-3.0,5.0,False,3384.0,2.0,False,
2026-05-14,EVGBC,0.0,0.0,0.0,0.0,3.0,-3.0,5.0,False,3385.0,2.0,False,
2026-05-14,EVGN,0.0,0.0,0.0,0.0015740807476204567,3.0,12.740807476204568,5.0,True,1026.0,4.0,False,
2026-05-14,EVGO,0.0,0.0,0.0,0.0030737715802977867,3.0,27.737715802977867,5.0,True,478.0,5.0,False,
2026-05-14,EVGR,0.0,0.0,0.0,0.0,3.0,-3.0,5.0,False,3386.0,2.0,False,
2026-05-14,EVK,0.0,0.0,0.0,0.0,3.0,-3.0,5.0,False,3387.0,2.0,False,
2026-05-14,EVLMC,0.0,0.0,0.0,0.0,3.0,-3.0,5.0,False,3388.0,2.0,False,
2026-05-14,EVLO,0.0,0.0,0.0,0.0,3.0,-3.0,5.0,False,3389.0,2.0,False,
2026-05-14,EVLV,0.0,0.0,0.0,0.0010442869594525833,3.0,7.442869594525833,5.0,True,1338.0,4.0,True,
2026-05-14,EVOJ,0.0,0.0,0.0,0.0,3.0,-3.0,5.0,False,3390.0,2.0,False,
2026-05-14,EVOK,0.0,0.0,0.0,0.0,3.0,-3.0,5.0,False,3391.0,2.0,False,
2026-05-14,EVOL,0.0,0.0,0.0,0.0,3.0,-3.0,5.0,False,3392.0,2.0,False,
2026-05-14,EVOP,0.0,0.0,0.0,0.0,3.0,-3.0,5.0,False,3393.0,2.0,False,
2026-05-14,EVOX,0.0,0.0,0.0,-0.0002825990666473028,3.0,-5.825990666473029,5.0,False,6516.0,2.0,True,
2026-05-14,EVRG,0.0,0.0,0.0,0.0011920058641594464,3.0,8.920058641594464,5.0,True,1249.0,4.0,True,
2026-05-14,EVRY,0.0,0.0,0.0,0.0,3.0,-3.0,5.0,False,3394.0,2.0,False,
2026-05-14,EVSI,0.0,0.0,0.0,0.0,3.0,-3.0,5.0,False,3395.0,2.0,False,
2026-05-14,EVSTC,0.0,0.0,0.0,0.0,3.0,-3.0,5.0,False,3396.0,2.0,False,
2026-05-14,EVTV,0.0,0.0,0.0,0.00540857484925215,3.0,51.085748492521496,5.0,True,144.0,5.0,False,
2026-05-14,EWBC,0.0,0.0,0.0,0.0002685196709857265,3.0,-0.3148032901427351,5.0,False,1838.0,3.0,True,
2026-05-14,EWCZ,0.0,0.0,0.0,0.0,3.0,-3.0,5.0,False,3397.0,2.0,False,
2026-05-14,EWTX,0.0,0.0,0.0,-0.0015344586426506504,3.0,-18.344586426506503,5.0,False,6922.0,1.0,True,
2026-05-14,EXA,0.0,0.0,0.0,0.0,3.0,-3.0,5.0,False,3398.0,2.0,False,
2026-05-14,EXAC,0.0,0.0,0.0,0.0,3.0,-3.0,5.0,False,3399.0,2.0,False,
2026-05-14,EXAS,0.0,0.0,0.0,0.0,3.0,-3.0,5.0,False,3400.0,2.0,False,
2026-05-14,EXC,0.0,0.0,0.0,0.000755903842482268,3.0,4.55903842482268,5.0,False,1531.0,3.0,True,
2026-05-14,EXCVV,0.0,0.0,0.0,0.0,3.0,-3.0,5.0,False,3401.0,2.0,False,
2026-05-14,EXE,0.0,0.0,0.0,-0.0018290475574035407,3.0,-21.29047557403541,5.0,False,6978.0,1.0,True,
2026-05-14,EXEL,0.0,0.0,0.0,0.002724641611192519,3.0,24.246416111925193,5.0,True,573.0,5.0,True,
2026-05-14,EXFO,0.0,0.0,0.0,0.0,3.0,-3.0,5.0,False,3402.0,2.0,False,
2026-05-14,EXFY,0.0,0.0,0.0,0.0024985420377062638,3.0,21.98542037706264,5.0,True,642.0,5.0,False,
2026-05-14,EXLP,0.0,0.0,0.0,0.0,3.0,-3.0,5.0,False,3403.0,2.0,False,
2026-05-14,EXLS,0.0,0.0,0.0,-0.0013003132622960924,3.0,-16.003132622960926,5.0,False,6872.0,1.0,True,
2026-05-14,EXOZ,0.0,0.0,0.0,0.0005977352808404122,3.0,2.977352808404122,5.0,False,1639.0,3.0,True,
2026-05-14,EXPC,0.0,0.0,0.0,0.0,3.0,-3.0,5.0,False,3404.0,2.0,False,
2026-05-14,EXPE,0.0,0.0,0.0,0.0012148460528250949,3.0,9.148460528250949,5.0,True,1242.0,4.0,True,
2026-05-14,EXPI,0.0,0.0,0.0,0.0,3.0,-3.0,5.0,False,3405.0,2.0,False,
2026-05-14,EXPO,0.0,0.0,0.0,-1.5781782266554854e-05,3.0,-3.1578178226655487,5.0,False,6386.0,2.0,True,
2026-05-14,EXTR,0.0,0.0,0.0,-0.0010252147459229879,3.0,-13.252147459229878,5.0,False,6800.0,2.0,True,
2026-05-14,EXXI,0.0,0.0,0.0,0.0,3.0,-3.0,5.0,False,3406.0,2.0,False,
2026-05-14,EYE,-0.00078125,0.0,-0.00078125,-0.005640812394808554,3.0,53.40812394808554,5.0,True,7362.0,1.0,True,"SHORT because predicted alpha is in the bottom decile. Net alpha after estimated 3.0 bps trading cost is 53.41 bps versus threshold 5.00 bps. Main contributors were intraday_return, mom_5, volume_z_60. Price filter passed; liquidity filter passed."
2026-05-14,EYEN,0.0,0.0,0.0,0.0,3.0,-3.0,5.0,False,3407.0,2.0,False,
2026-05-14,EYPT,-0.00078125,0.0,-0.00078125,-0.0024858957114686215,3.0,21.858957114686216,5.0,True,7111.0,1.0,True,"SHORT because predicted alpha is in the bottom decile. Net alpha after estimated 3.0 bps trading cost is 21.86 bps versus threshold 5.00 bps. Main contributors were earnings_yield, book_to_market, hl_range_20. Price filter passed; liquidity filter passed."
2026-05-14,EZCH,0.0,0.0,0.0,0.0,3.0,-3.0,5.0,False,3408.0,2.0,False,
2026-05-14,EZFL,0.0,0.0,0.0,0.0,3.0,-3.0,5.0,False,3409.0,2.0,False,
2026-05-14,EZGO,0.0,0.0,0.0,-0.028475321195912368,3.0,-287.7532119591237,5.0,False,7573.0,1.0,False,
2026-05-14,EZPW,0.0,0.0,0.0,0.00332020603661068,3.0,30.2020603661068,5.0,True,428.0,5.0,True,
2026-05-14,EZRA,0.0,0.0,0.0,-0.0031342817439777696,3.0,-34.3428174397777,5.0,False,7192.0,1.0,False,
2026-05-14,FA,0.0,0.0,0.0,0.0036728097894948974,3.0,33.728097894948974,5.0,True,355.0,5.0,True,
2026-05-14,FAAS,0.0,0.0,0.0,0.0,3.0,-3.0,5.0,False,3410.0,2.0,False,
2026-05-14,FABC,0.0,0.0,0.0,-0.0037720736704555877,3.0,-40.720736704555875,5.0,False,7252.0,1.0,False,
2026-05-14,FACT,0.0,0.0,0.0,0.0007187871518975364,3.0,4.1878715189753635,5.0,False,1556.0,3.0,True,
2026-05-14,FALC,0.0,0.0,0.0,0.0,3.0,-3.0,5.0,False,3411.0,2.0,False,
2026-05-14,FAMI,0.0,0.0,0.0,0.0022620075280480154,3.0,19.620075280480155,5.0,True,749.0,5.0,False,
2026-05-14,FANG,0.0,0.0,0.0,0.004261642219624341,3.0,39.616422196243406,5.0,True,263.0,5.0,True,
2026-05-14,FARM,0.0,0.0,0.0,0.0,3.0,-3.0,5.0,False,3412.0,2.0,False,
2026-05-14,FARO,0.0,0.0,0.0,0.0,3.0,-3.0,5.0,False,3413.0,2.0,False,
2026-05-14,FAST,0.0,0.0,0.0,0.0023154923037094753,3.0,20.154923037094754,5.0,True,724.0,5.0,True,
2026-05-14,FAT,0.0,0.0,0.0,0.0,3.0,-3.0,5.0,False,3414.0,2.0,False,
2026-05-14,FATAV,0.0,0.0,0.0,0.0,3.0,-3.0,5.0,False,3415.0,2.0,False,
2026-05-14,FATBB,0.0,0.0,0.0,0.0,3.0,-3.0,5.0,False,3416.0,2.0,False,
2026-05-14,FATBV,0.0,0.0,0.0,0.0,3.0,-3.0,5.0,False,3417.0,2.0,False,
2026-05-14,FATE,0.0,0.0,0.0,-0.0002883964013066533,3.0,-5.883964013066533,5.0,False,6525.0,2.0,False,
2026-05-14,FATN,0.0,0.0,0.0,0.006223924922083355,3.0,59.23924922083354,5.0,True,96.0,5.0,False,
2026-05-14,FATP,0.0,0.0,0.0,0.0,3.0,-3.0,5.0,False,3418.0,2.0,False,
2026-05-14,FAZE,0.0,0.0,0.0,0.0,3.0,-3.0,5.0,False,3419.0,2.0,False,
2026-05-14,FBGL,0.0,0.0,0.0,-0.0012978923816577555,3.0,-15.978923816577554,5.0,False,6871.0,1.0,False,
2026-05-14,FBIO,0.0,0.0,0.0,0.0006214033439197712,3.0,3.2140334391977126,5.0,False,1626.0,3.0,False,
2026-05-14,FBIZ,0.0,0.0,0.0,0.0011041223715421503,3.0,8.041223715421502,5.0,True,1304.0,4.0,True,
2026-05-14,FBLA,0.0,0.0,0.0,0.0014524225288566747,3.0,11.524225288566747,5.0,True,1104.0,4.0,True,
2026-05-14,FBLG,0.0,0.0,0.0,-0.0030160682122849255,3.0,-33.16068212284925,5.0,False,7178.0,1.0,False,
2026-05-14,FBMI,0.0,0.0,0.0,0.0,3.0,-3.0,5.0,False,3420.0,2.0,False,
2026-05-14,FBNC,0.0,0.0,0.0,0.00013506438533072537,3.0,-1.6493561466927462,5.0,False,1916.0,3.0,True,
2026-05-14,FBNK,0.0,0.0,0.0,0.0,3.0,-3.0,5.0,False,3421.0,2.0,False,
2026-05-14,FBRC,0.0,0.0,0.0,0.0,3.0,-3.0,5.0,False,3422.0,2.0,False,
2026-05-14,FBRX,0.0,0.0,0.0,0.001990459509748494,3.0,16.90459509748494,5.0,True,833.0,4.0,True,
2026-05-14,FBSS,0.0,0.0,0.0,0.0,3.0,-3.0,5.0,False,3423.0,2.0,False,
2026-05-14,FBYD,0.0,0.0,0.0,-0.0008618573346680975,3.0,-11.618573346680975,5.0,False,6749.0,2.0,True,
2026-05-14,FCAC,0.0,0.0,0.0,0.0,3.0,-3.0,5.0,False,3424.0,2.0,False,
2026-05-14,FCAP,0.0,0.0,0.0,0.0002705084068954252,3.0,-0.2949159310457481,5.0,False,1837.0,3.0,True,
2026-05-14,FCBC,0.0,0.0,0.0,0.0011098431072514502,3.0,8.098431072514503,5.0,True,1298.0,4.0,True,
2026-05-14,FCBP,0.0,0.0,0.0,0.0,3.0,-3.0,5.0,False,3425.0,2.0,False,
2026-05-14,FCCO,0.0,0.0,0.0,0.0006248024601059853,3.0,3.2480246010598526,5.0,False,1622.0,3.0,True,
2026-05-14,FCCY,0.0,0.0,0.0,0.0,3.0,-3.0,5.0,False,3426.0,2.0,False,
2026-05-14,FCEL,0.004457310267857143,0.004464285714285714,-6.975446428571404e-06,0.006083374125945752,3.0,57.83374125945752,5.0,True,103.0,5.0,True,"SELL because predicted alpha is in the top decile. Net alpha after estimated 3.0 bps trading cost is 57.83 bps versus threshold 5.00 bps. Main contributors were mom_5, close_to_low_20, mom_21. Price filter passed; liquidity filter passed."
2026-05-14,FCFP,0.0,0.0,0.0,0.0,3.0,-3.0,5.0,False,3427.0,2.0,False,
2026-05-14,FCFS,0.0,0.0,0.0,0.00259586029975203,3.0,22.9586029975203,5.0,True,610.0,5.0,True,
2026-05-14,FCHI,0.0,0.0,0.0,0.0,3.0,-3.0,5.0,False,3428.0,2.0,False,
2026-05-14,FCHL,0.0,0.0,0.0,-0.0283572315678988,3.0,-286.572315678988,5.0,False,7572.0,1.0,False,
2026-05-14,FCLF,0.0,0.0,0.0,0.0,3.0,-3.0,5.0,False,3429.0,2.0,False,
2026-05-14,FCNCA,0.0,0.0,0.0,0.0019712097832511946,3.0,16.712097832511947,5.0,True,842.0,4.0,True,
2026-05-14,FCNCN,0.0,0.0,0.0,0.0005095999288274016,3.0,2.095999288274016,5.0,False,1700.0,3.0,True,
2026-05-14,FCRD,0.0,0.0,0.0,0.0,3.0,-3.0,5.0,False,3430.0,2.0,False,
2026-05-14,FCRE,0.0,0.0,0.0,0.0,3.0,-3.0,5.0,False,3431.0,2.0,False,
2026-05-14,FCS,0.0,0.0,0.0,0.0,3.0,-3.0,5.0,False,3432.0,2.0,False,
2026-05-14,FCSC,0.0,0.0,0.0,0.0,3.0,-3.0,5.0,False,3433.0,2.0,False,
2026-05-14,FCTY,0.0,0.0,0.0,0.0,3.0,-3.0,5.0,False,3434.0,2.0,False,
2026-05-14,FCUV,0.0,0.0,0.0,-0.02570890486179604,3.0,-260.0890486179604,5.0,False,7564.0,1.0,False,
2026-05-14,FCVA,0.0,0.0,0.0,0.0,3.0,-3.0,5.0,False,3435.0,2.0,False,
2026-05-14,FCZA,0.0,0.0,0.0,0.0,3.0,-3.0,5.0,False,3436.0,2.0,False,
2026-05-14,FCZA.P,0.0,0.0,0.0,0.0,3.0,-3.0,5.0,False,3437.0,2.0,False,
2026-05-14,FDBC,-0.00078125,0.0,-0.00078125,-0.004971089045702235,3.0,46.71089045702235,5.0,True,7327.0,1.0,True,"SHORT because predicted alpha is in the bottom decile. Net alpha after estimated 3.0 bps trading cost is 46.71 bps versus threshold 5.00 bps. Main contributors were volume_z_60, hl_range_20, volatility_20. Price filter passed; liquidity filter passed."
2026-05-14,FDEF,0.0,0.0,0.0,0.0,3.0,-3.0,5.0,False,3438.0,2.0,False,
2026-05-14,FDML,0.0,0.0,0.0,0.0,3.0,-3.0,5.0,False,3439.0,2.0,False,
2026-05-14,FDMT,0.004457310267857143,0.004464285714285714,-6.975446428571404e-06,0.008698202313253708,3.0,83.98202313253708,5.0,True,30.0,5.0,True,"SELL because predicted alpha is in the top decile. Net alpha after estimated 3.0 bps trading cost is 83.98 bps versus threshold 5.00 bps. Main contributors were intraday_return, parkinson_vol_20, revenue_growth_yoy. Price filter passed; liquidity filter passed."
2026-05-14,FDSB,0.0,0.0,0.0,0.00011711603251805076,3.0,-1.8288396748194924,5.0,False,1929.0,3.0,True,
2026-05-14,FDUS,0.0,0.0,0.0,0.0015166985607564267,3.0,12.166985607564266,5.0,True,1062.0,4.0,True,
2026-05-14,FDUSG,0.0,0.0,0.0,0.0,3.0,-3.0,5.0,False,3440.0,2.0,False,
2026-05-14,FDUSL,0.0,0.0,0.0,0.0,3.0,-3.0,5.0,False,3441.0,2.0,False,
2026-05-14,FDUSZ,0.0,0.0,0.0,0.0,3.0,-3.0,5.0,False,3442.0,2.0,False,
2026-05-14,FEAM,0.0,0.0,0.0,-0.0005039109342313824,3.0,-8.039109342313823,5.0,False,6630.0,2.0,False,
2026-05-14,FEBO,0.0,0.0,0.0,0.004339070920444699,3.0,40.39070920444699,5.0,True,249.0,5.0,False,
2026-05-14,FEED,0.0,0.0,0.0,-0.003261760106576908,3.0,-35.61760106576908,5.0,False,7202.0,1.0,False,
2026-05-14,FEFN,0.0,0.0,0.0,0.0,3.0,-3.0,5.0,False,3443.0,2.0,False,
2026-05-14,FEIC,0.0,0.0,0.0,0.0,3.0,-3.0,5.0,False,3444.0,2.0,False,
2026-05-14,FEIM,0.0,0.0,0.0,0.004888128555407885,3.0,45.88128555407885,5.0,True,195.0,5.0,True,
2026-05-14,FELE,0.0,0.0,0.0,0.0007071021971951393,3.0,4.071021971951392,5.0,False,1567.0,3.0,True,
2026-05-14,FEMY,0.0,0.0,0.0,-0.001260677388916426,3.0,-15.60677388916426,5.0,False,6860.0,1.0,False,
2026-05-14,FENC,-0.00078125,0.0,-0.00078125,-0.009912810762124935,3.0,96.12810762124936,5.0,True,7473.0,1.0,True,"SHORT because predicted alpha is in the bottom decile. Net alpha after estimated 3.0 bps trading cost is 96.13 bps versus threshold 5.00 bps. Main contributors were intraday_return, volume_z_60, mom_10. Price filter passed; liquidity filter passed."
2026-05-14,FENX,0.0,0.0,0.0,0.0,3.0,-3.0,5.0,False,3445.0,2.0,False,
2026-05-14,FER,0.0,0.0,0.0,6.347356590300337e-05,3.0,-2.3652643409699663,5.0,False,1957.0,3.0,True,
2026-05-14,FERA,0.0,0.0,0.0,0.0007108484346339148,3.0,4.108484346339148,5.0,False,1564.0,3.0,True,
2026-05-14,FES,0.0,0.0,0.0,0.0,3.0,-3.0,5.0,False,3446.0,2.0,False,
2026-05-14,FEXD,0.0,0.0,0.0,0.0,3.0,-3.0,5.0,False,3447.0,2.0,False,
2026-05-14,FEYE,0.0,0.0,0.0,0.0,3.0,-3.0,5.0,False,3448.0,2.0,False,
2026-05-14,FFAI,0.0,0.0,0.0,-0.003439652701308112,3.0,-37.39652701308112,5.0,False,7223.0,1.0,False,
2026-05-14,FFBC,0.0,0.0,0.0,-3.083140903406044e-05,3.0,-3.3083140903406045,5.0,False,6395.0,2.0,True,
2026-05-14,FFBC.W,0.0,0.0,0.0,0.0,3.0,-3.0,5.0,False,3449.0,2.0,False,
2026-05-14,FFBH,0.0,0.0,0.0,0.0,3.0,-3.0,5.0,False,3450.0,2.0,False,
2026-05-14,FFBW,0.0,0.0,0.0,0.0,3.0,-3.0,5.0,False,3451.0,2.0,False,
2026-05-14,FFCO,0.0,0.0,0.0,0.0,3.0,-3.0,5.0,False,3452.0,2.0,False,
2026-05-14,FFHL,0.0,0.0,0.0,0.0,3.0,-3.0,5.0,False,3453.0,2.0,False,
2026-05-14,FFIC,0.0,0.0,0.0,-0.0003124208449896375,3.0,-6.124208449896376,5.0,False,6540.0,2.0,True,
2026-05-14,FFIE,0.0,0.0,0.0,0.0,3.0,-3.0,5.0,False,3454.0,2.0,False,
2026-05-14,FFIN,0.0,0.0,0.0,-0.00010251397899657257,3.0,-4.025139789965726,5.0,False,6425.0,2.0,True,
2026-05-14,FFIV,0.0,0.0,0.0,0.0008438761177631441,3.0,5.4387611776314415,5.0,True,1478.0,4.0,True,
2026-05-14,FFKT,0.0,0.0,0.0,0.0,3.0,-3.0,5.0,False,3455.0,2.0,False,
2026-05-14,FFKY,0.0,0.0,0.0,0.0,3.0,-3.0,5.0,False,3456.0,2.0,False,
2026-05-14,FFNM,0.0,0.0,0.0,0.0,3.0,-3.0,5.0,False,3457.0,2.0,False,
2026-05-14,FFNW,0.0,0.0,0.0,0.0,3.0,-3.0,5.0,False,3458.0,2.0,False,
2026-05-14,FGBI,0.0,0.0,0.0,0.00025724138303509617,3.0,-0.4275861696490382,5.0,False,1842.0,3.0,True,
2026-05-14,FGEN,0.0,0.0,0.0,0.0,3.0,-3.0,5.0,False,3459.0,2.0,False,
2026-05-14,FGF,0.0,0.0,0.0,0.0,3.0,-3.0,5.0,False,3460.0,2.0,False,
2026-05-14,FGI,0.0,0.0,0.0,-0.015201910099492759,3.0,-155.01910099492758,5.0,False,7522.0,1.0,True,
2026-05-14,FGII,0.0,0.0,0.0,-0.0014158287630520825,3.0,-17.158287630520825,5.0,False,6894.0,1.0,True,
2026-05-14,FGL,0.0,0.0,0.0,-0.0034163430087336133,3.0,-37.16343008733613,5.0,False,7219.0,1.0,False,
2026-05-14,FGMC,-0.004457310267857143,-0.004464285714285714,6.975446428571404e-06,-0.0038939474203109757,3.0,35.93947420310976,5.0,True,7265.0,1.0,True,"COVER because predicted alpha is in the bottom decile. Net alpha after estimated 3.0 bps trading cost is 35.94 bps versus threshold 5.00 bps. Main contributors were hl_range_20, volume_z_60, debt_to_equity. Price filter passed; liquidity filter passed."
2026-05-14,FGNX,-0.003676060267857143,-0.004464285714285714,0.0007882254464285712,-0.001915201455964888,3.0,16.15201455964888,5.0,True,6996.0,1.0,True,"COVER because predicted alpha is in the bottom decile. Net alpha after estimated 3.0 bps trading cost is 16.15 bps versus threshold 5.00 bps. Main contributors were intraday_return, dist_52w_high, volume_z_60. Price filter passed; liquidity filter passed."
2026-05-14,FH,0.0,0.0,0.0,0.0,3.0,-3.0,5.0,False,3461.0,2.0,False,
2026-05-14,FHB,0.0,0.0,0.0,-0.0006215423694766575,3.0,-9.215423694766574,5.0,False,6670.0,2.0,True,
2026-05-14,FHCO,0.0,0.0,0.0,0.0,3.0,-3.0,5.0,False,3462.0,2.0,False,
2026-05-14,FHLT,0.0,0.0,0.0,0.0,3.0,-3.0,5.0,False,3463.0,2.0,False,
2026-05-14,FHTX,0.0,0.0,0.0,0.0025864574675433702,3.0,22.8645746754337,5.0,True,613.0,5.0,False,
2026-05-14,FIAC,0.0,0.0,0.0,0.0,3.0,-3.0,5.0,False,3464.0,2.0,False,
2026-05-14,FIBK,0.0,0.0,0.0,0.0006099873300614338,3.0,3.0998733006143375,5.0,False,1632.0,3.0,True,
2026-05-14,FICV,0.0,0.0,0.0,0.0,3.0,-3.0,5.0,False,3465.0,2.0,False,
2026-05-14,FIEE,0.0,0.0,0.0,0.002035145397647504,3.0,17.35145397647504,5.0,True,815.0,4.0,True,
2026-05-14,FIGR,0.0,0.0,0.0,5.624900300605544e-05,3.0,-2.4375099699394456,5.0,False,1961.0,3.0,True,
2026-05-14,FIGX,0.0,0.0,0.0,-0.00021145854767777236,3.0,-5.114585476777723,5.0,False,6481.0,2.0,True,
2026-05-14,FIII,0.0,0.0,0.0,0.0,3.0,-3.0,5.0,False,3466.0,2.0,False,
2026-05-14,FINL,0.0,0.0,0.0,0.0,3.0,-3.0,5.0,False,3467.0,2.0,False,
2026-05-14,FINM,0.0,0.0,0.0,0.0,3.0,-3.0,5.0,False,3468.0,2.0,False,
2026-05-14,FINW,0.0,0.0,0.0,0.0016800626679072598,3.0,13.800626679072597,5.0,True,976.0,4.0,True,
2026-05-14,FIP,0.0,0.0,0.0,-0.0026928773066406805,3.0,-29.928773066406805,5.0,False,7137.0,1.0,False,
2026-05-14,FIRE,0.0,0.0,0.0,0.0,3.0,-3.0,5.0,False,3469.0,2.0,False,
2026-05-14,FISH,0.0,0.0,0.0,0.0,3.0,-3.0,5.0,False,3470.0,2.0,False,
2026-05-14,FISI,0.0,0.0,0.0,0.001478153418007368,3.0,11.78153418007368,5.0,True,1084.0,4.0,True,
2026-05-14,FISV,0.0,0.0,0.0,0.0008187907859472923,3.0,5.187907859472922,5.0,True,1492.0,4.0,True,
2026-05-14,FITB,0.0,0.0,0.0,0.0011638579404980485,3.0,8.638579404980485,5.0,True,1268.0,4.0,True,
2026-05-14,FITBM,0.0,0.0,0.0,0.0004492338334955142,3.0,1.492338334955142,5.0,False,1744.0,3.0,True,
2026-05-14,FITBO,0.0,0.0,0.0,0.0006378190098937776,3.0,3.378190098937776,5.0,False,1615.0,3.0,True,
2026-05-14,FIVE,0.0,0.0,0.0,0.0017780301302481407,3.0,14.780301302481408,5.0,True,930.0,4.0,True,
2026-05-14,FIVN,0.0,0.0,0.0,0.002008168489961099,3.0,17.081684899610988,5.0,True,826.0,4.0,True,
2026-05-14,FIXX,0.0,0.0,0.0,0.0,3.0,-3.0,5.0,False,3471.0,2.0,False,
2026-05-14,FIZZ,0.0,0.0,0.0,-0.0002839005054788703,3.0,-5.839005054788704,5.0,False,6520.0,2.0,True,
2026-05-14,FKWL,0.0,0.0,0.0,0.0010162600827096839,3.0,7.162600827096838,5.0,True,1363.0,4.0,False,
2026-05-14,FLAC,0.0,0.0,0.0,0.0,3.0,-3.0,5.0,False,3472.0,2.0,False,
2026-05-14,FLD,0.0,0.0,0.0,1.2675239300252543e-05,3.0,-2.8732476069974746,5.0,False,1979.0,3.0,False,
2026-05-14,FLDD,0.0,0.0,0.0,0.0,3.0,-3.0,5.0,False,3473.0,2.0,False,
2026-05-14,FLEX,0.004457310267857143,0.004464285714285714,-6.975446428571404e-06,0.005437653199071996,3.0,51.376531990719954,5.0,True,142.0,5.0,True,"SELL because predicted alpha is in the top decile. Net alpha after estimated 3.0 bps trading cost is 51.38 bps versus threshold 5.00 bps. Main contributors were mom_21, close_to_low_20, parkinson_vol_20. Price filter passed; liquidity filter passed."
2026-05-14,FLF,0.0,0.0,0.0,0.0,3.0,-3.0,5.0,False,3474.0,2.0,False,
2026-05-14,FLFV,0.0,0.0,0.0,0.0,3.0,-3.0,5.0,False,3475.0,2.0,False,
2026-05-14,FLGC,0.0,0.0,0.0,0.0,3.0,-3.0,5.0,False,3476.0,2.0,False,
2026-05-14,FLGT,0.0,0.0,0.0,-0.0008177128231531249,3.0,-11.177128231531249,5.0,False,6729.0,2.0,True,
2026-05-14,FLIC,0.0,0.0,0.0,0.0,3.0,-3.0,5.0,False,3477.0,2.0,False,
2026-05-14,FLIR,0.0,0.0,0.0,0.0,3.0,-3.0,5.0,False,3478.0,2.0,False,
2026-05-14,FLKS,0.0,0.0,0.0,0.0,3.0,-3.0,5.0,False,3479.0,2.0,False,
2026-05-14,FLL,0.0,0.0,0.0,-0.00035369956451697355,3.0,-6.5369956451697355,5.0,False,6559.0,2.0,False,
2026-05-14,FLLC,0.0,0.0,0.0,0.0,3.0,-3.0,5.0,False,3480.0,2.0,False,
2026-05-14,FLMN,0.0,0.0,0.0,0.0,3.0,-3.0,5.0,False,3481.0,2.0,False,
2026-05-14,FLNA,0.0,0.0,0.0,0.0011598182731201885,3.0,8.598182731201886,5.0,True,1271.0,4.0,False,
2026-05-14,FLNC,0.004457310267857143,0.004464285714285714,-6.975446428571404e-06,0.005597188523260607,3.0,52.97188523260607,5.0,True,123.0,5.0,True,"SELL because predicted alpha is in the top decile. Net alpha after estimated 3.0 bps trading cost is 52.97 bps versus threshold 5.00 bps. Main contributors were intraday_return, close_to_low_20, hl_range_20. Price filter passed; liquidity filter passed."
2026-05-14,FLNT,0.0,0.0,0.0,-0.00513175870656023,3.0,-54.3175870656023,5.0,False,7335.0,1.0,False,
2026-05-14,FLUX,0.0,0.0,0.0,-0.0013415134969043466,3.0,-16.415134969043464,5.0,False,6879.0,1.0,False,
2026-05-14,FLWS,0.0,0.0,0.0,-0.005253884287180988,3.0,-55.53884287180988,5.0,False,7343.0,1.0,False,
2026-05-14,FLXS,0.0,0.0,0.0,0.0016839573375904463,3.0,13.839573375904465,5.0,True,973.0,4.0,True,
2026-05-14,FLY,0.0,0.0,0.0,0.00024084100830820937,3.0,-0.5915899169179064,5.0,False,1854.0,3.0,True,
2026-05-14,FLYE,0.0,0.0,0.0,0.0017276095215110786,3.0,14.276095215110786,5.0,True,949.0,4.0,False,
2026-05-14,FLYW,0.0,0.0,0.0,0.0002965061755952183,3.0,-0.03493824404781698,5.0,False,1826.0,3.0,True,
2026-05-14,FMAO,0.0,0.0,0.0,-0.0007683458964171574,3.0,-10.683458964171574,5.0,False,6714.0,2.0,True,
2026-05-14,FMBH,0.0,0.0,0.0,0.0005747793205602099,3.0,2.7477932056020986,5.0,False,1654.0,3.0,True,
2026-05-14,FMBI,0.0,0.0,0.0,0.0,3.0,-3.0,5.0,False,3482.0,2.0,False,
2026-05-14,FMBIO,0.0,0.0,0.0,0.0,3.0,-3.0,5.0,False,3483.0,2.0,False,
2026-05-14,FMCI,0.0,0.0,0.0,0.0,3.0,-3.0,5.0,False,3484.0,2.0,False,
2026-05-14,FMCN,0.0,0.0,0.0,0.0,3.0,-3.0,5.0,False,3485.0,2.0,False,
2026-05-14,FMER,0.0,0.0,0.0,0.0,3.0,-3.0,5.0,False,3486.0,2.0,False,
2026-05-14,FMFC,0.0,0.0,0.0,-1.202924957555444e-05,3.0,-3.1202924957555442,5.0,False,6384.0,2.0,False,
2026-05-14,FMI,0.0,0.0,0.0,0.0,3.0,-3.0,5.0,False,3487.0,2.0,False,
2026-05-14,FMIV,0.0,0.0,0.0,0.0,3.0,-3.0,5.0,False,3488.0,2.0,False,
2026-05-14,FMNB,0.0,0.0,0.0,0.0013773602053746671,3.0,10.773602053746671,5.0,True,1150.0,4.0,True,
2026-05-14,FMST,0.0,0.0,0.0,-4.8638100125199734e-05,3.0,-3.4863810012519973,5.0,False,6407.0,2.0,False,
2026-05-14,FMTO,0.0,0.0,0.0,0.0,3.0,-3.0,5.0,False,3489.0,2.0,False,
2026-05-14,FMTX,0.0,0.0,0.0,0.0,3.0,-3.0,5.0,False,3490.0,2.0,False,
2026-05-14,FNBC,0.0,0.0,0.0,0.0,3.0,-3.0,5.0,False,3491.0,2.0,False,
2026-05-14,FNBG,0.0,0.0,0.0,0.0,3.0,-3.0,5.0,False,3492.0,2.0,False,
2026-05-14,FNCB,0.0,0.0,0.0,0.0,3.0,-3.0,5.0,False,3493.0,2.0,False,
2026-05-14,FNCH,0.0,0.0,0.0,0.0,3.0,-3.0,5.0,False,3494.0,2.0,False,
2026-05-14,FNCX,0.0,0.0,0.0,0.0,3.0,-3.0,5.0,False,3495.0,2.0,False,
2026-05-14,FNFG,0.0,0.0,0.0,0.0,3.0,-3.0,5.0,False,3496.0,2.0,False,
2026-05-14,FNGN,0.0,0.0,0.0,0.0,3.0,-3.0,5.0,False,3497.0,2.0,False,
2026-05-14,FNGR,0.0,0.0,0.0,0.003805296452426018,3.0,35.05296452426018,5.0,True,335.0,5.0,False,
2026-05-14,FNHC,0.0,0.0,0.0,0.0,3.0,-3.0,5.0,False,3498.0,2.0,False,
2026-05-14,FNJN,0.0,0.0,0.0,0.0,3.0,-3.0,5.0,False,3499.0,2.0,False,
2026-05-14,FNKO,0.004457310267857143,0.004464285714285714,-6.975446428571404e-06,0.005153078230696744,3.0,48.53078230696744,5.0,True,174.0,5.0,True,"SELL because predicted alpha is in the top decile. Net alpha after estimated 3.0 bps trading cost is 48.53 bps versus threshold 5.00 bps. Main contributors were mom_5, intraday_return, mom_21. Price filter passed; liquidity filter passed."
2026-05-14,FNLC,0.0,0.0,0.0,0.0004245400696690052,3.0,1.2454006966900524,5.0,False,1761.0,3.0,True,
2026-05-14,FNRG,0.0,0.0,0.0,0.0,3.0,-3.0,5.0,False,3500.0,2.0,False,
2026-05-14,FNRN,0.0,0.0,0.0,-0.0010270815336719786,3.0,-13.270815336719785,5.0,False,6801.0,2.0,True,
2026-05-14,FNSR,0.0,0.0,0.0,0.0,3.0,-3.0,5.0,False,3501.0,2.0,False,
2026-05-14,FNTE,0.0,0.0,0.0,0.0,3.0,-3.0,5.0,False,3502.0,2.0,False,
2026-05-14,FNUC,0.0,0.0,0.0,0.0007137042839394821,3.0,4.13704283939482,5.0,False,1561.0,3.0,False,
2026-05-14,FNVT,0.0,0.0,0.0,0.0,3.0,-3.0,5.0,False,3503.0,2.0,False,
2026-05-14,FNWB,0.0,0.0,0.0,0.000992238258625068,3.0,6.922382586250681,5.0,True,1381.0,4.0,True,
2026-05-14,FNWD,0.0,0.0,0.0,-0.0008051098121637507,3.0,-11.051098121637507,5.0,False,6724.0,2.0,True,
2026-05-14,FOCS,0.0,0.0,0.0,0.0,3.0,-3.0,5.0,False,3504.0,2.0,False,
2026-05-14,FOFO,0.0,0.0,0.0,-0.0008415094139317932,3.0,-11.415094139317931,5.0,False,6740.0,2.0,False,
2026-05-14,FOGO,0.0,0.0,0.0,0.0,3.0,-3.0,5.0,False,3505.0,2.0,False,
2026-05-14,FOLD,0.0,0.0,0.0,0.0,3.0,-3.0,5.0,False,3506.0,2.0,False,
2026-05-14,FOMX,0.0,0.0,0.0,0.0,3.0,-3.0,5.0,False,3507.0,2.0,False,
2026-05-14,FONR,0.0,0.0,0.0,0.0011470504896369219,3.0,8.470504896369219,5.0,True,1276.0,4.0,True,
2026-05-14,FORA,0.0,0.0,0.0,-0.0017417412346719362,3.0,-20.417412346719363,5.0,False,6955.0,1.0,False,
2026-05-14,FORD,0.0,0.0,0.0,0.0,3.0,-3.0,5.0,False,3508.0,2.0,False,
2026-05-14,FORE,0.0,0.0,0.0,0.0,3.0,-3.0,5.0,False,3509.0,2.0,False,
2026-05-14,FORK,0.0,0.0,0.0,0.0,3.0,-3.0,5.0,False,3510.0,2.0,False,
2026-05-14,FORL,0.0,0.0,0.0,0.0,3.0,-3.0,5.0,False,3511.0,2.0,False,
2026-05-14,FORM,0.0,0.0,0.0,0.001948847638084368,3.0,16.48847638084368,5.0,True,851.0,4.0,True,
2026-05-14,FORR,0.0,0.0,0.0,0.002118706454220177,3.0,18.187064542201767,5.0,True,798.0,4.0,True,
2026-05-14,FOSL,0.0,0.0,0.0,-0.0005356295170820106,3.0,-8.356295170820106,5.0,False,6641.0,2.0,False,
2026-05-14,FOSLL,0.0,0.0,0.0,0.0,3.0,-3.0,5.0,False,3512.0,2.0,False,
2026-05-14,FOUN,0.0,0.0,0.0,0.0,3.0,-3.0,5.0,False,3513.0,2.0,False,
2026-05-14,FOX,0.0,0.0,0.0,0.0036546896718488873,3.0,33.546896718488874,5.0,True,358.0,5.0,True,
2026-05-14,FOXA,0.0,0.0,0.0,0.0031006796156435707,3.0,28.00679615643571,5.0,True,474.0,5.0,True,
2026-05-14,FOXF,0.0,0.0,0.0,-0.0006565090467861317,3.0,-9.565090467861317,5.0,False,6679.0,2.0,True,
2026-05-14,FOXVV,0.0,0.0,0.0,0.0,3.0,-3.0,5.0,False,3514.0,2.0,False,
2026-05-14,FOXW,0.0,0.0,0.0,0.0,3.0,-3.0,5.0,False,3515.0,2.0,False,
2026-05-14,FOXX,0.0,0.0,0.0,0.0031149571761323195,3.0,28.149571761323195,5.0,True,473.0,5.0,False,
2026-05-14,FPAY,0.0,0.0,0.0,0.0,3.0,-3.0,5.0,False,3516.0,2.0,False,
2026-05-14,FPRX,0.0,0.0,0.0,0.0,3.0,-3.0,5.0,False,3517.0,2.0,False,
2026-05-14,FRAF,0.0,0.0,0.0,0.0012624387235151875,3.0,9.624387235151875,5.0,True,1211.0,4.0,True,
2026-05-14,FRAN,0.0,0.0,0.0,0.0,3.0,-3.0,5.0,False,3518.0,2.0,False,
2026-05-14,FRBA,0.0,0.0,0.0,-0.0009760281608941681,3.0,-12.76028160894168,5.0,False,6784.0,2.0,True,
2026-05-14,FRBK,0.0,0.0,0.0,0.0,3.0,-3.0,5.0,False,3519.0,2.0,False,
2026-05-14,FRBN,0.0,0.0,0.0,0.0,3.0,-3.0,5.0,False,3520.0,2.0,False,
2026-05-14,FRD,0.0,0.0,0.0,0.005367826219215237,3.0,50.678262192152374,5.0,True,149.0,5.0,True,
2026-05-14,FRED,0.0,0.0,0.0,0.0,3.0,-3.0,5.0,False,3521.0,2.0,False,
2026-05-14,FREE,0.0,0.0,0.0,0.0,3.0,-3.0,5.0,False,3522.0,2.0,False,
2026-05-14,FREED,0.0,0.0,0.0,0.0,3.0,-3.0,5.0,False,3523.0,2.0,False,
2026-05-14,FREQ,0.0,0.0,0.0,0.0,3.0,-3.0,5.0,False,3524.0,2.0,False,
2026-05-14,FRG,0.0,0.0,0.0,0.0,3.0,-3.0,5.0,False,3525.0,2.0,False,
2026-05-14,FRGI,0.0,0.0,0.0,0.0,3.0,-3.0,5.0,False,3526.0,2.0,False,
2026-05-14,FRGT,0.0,0.0,0.0,0.0062540534643029545,3.0,59.540534643029545,5.0,True,90.0,5.0,False,
2026-05-14,FRHC,0.0,0.0,0.0,0.002701673157810643,3.0,24.01673157810643,5.0,True,578.0,5.0,True,
2026-05-14,FRLA,0.0,0.0,0.0,0.0,3.0,-3.0,5.0,False,3527.0,2.0,False,
2026-05-14,FRME,0.0,0.0,0.0,0.001060322998101709,3.0,7.6032299810170905,5.0,True,1327.0,4.0,True,
2026-05-14,FRMEP,0.0,0.0,0.0,0.0005573994891151221,3.0,2.573994891151221,5.0,False,1665.0,3.0,True,
2026-05-14,FRMI,-0.004457310267857143,-0.004464285714285714,6.975446428571404e-06,-0.0063282679201352695,3.0,60.28267920135269,5.0,True,7397.0,1.0,True,"COVER because predicted alpha is in the bottom decile. Net alpha after estimated 3.0 bps trading cost is 60.28 bps versus threshold 5.00 bps. Main contributors were intraday_return, volume_z_60, parkinson_vol_20. Price filter passed; liquidity filter passed."
2026-05-14,FRMM,0.0,0.0,0.0,-0.004682974721492158,3.0,-49.82974721492158,5.0,False,7312.0,1.0,False,
2026-05-14,FRNK,0.0,0.0,0.0,0.0,3.0,-3.0,5.0,False,3528.0,2.0,False,
2026-05-14,FROG,0.004457310267857143,0.004464285714285714,-6.975446428571404e-06,0.005084046658673689,3.0,47.840466586736895,5.0,True,180.0,5.0,True,"SELL because predicted alpha is in the top decile. Net alpha after estimated 3.0 bps trading cost is 47.84 bps versus threshold 5.00 bps. Main contributors were mom_21, mom_5, parkinson_vol_20. Price filter passed; liquidity filter passed."
2026-05-14,FRON,0.0,0.0,0.0,0.0,3.0,-3.0,5.0,False,3529.0,2.0,False,
2026-05-14,FRP,0.0,0.0,0.0,0.0,3.0,-3.0,5.0,False,3530.0,2.0,False,
2026-05-14,FRPH,-0.00078125,0.0,-0.00078125,-0.0023484307314068876,3.0,20.484307314068875,5.0,True,7093.0,1.0,True,"SHORT because predicted alpha is in the bottom decile. Net alpha after estimated 3.0 bps trading cost is 20.48 bps versus threshold 5.00 bps. Main contributors were volume_z_60, hl_range_20, intraday_return. Price filter passed; liquidity filter passed."
2026-05-14,FRPH.V,0.0,0.0,0.0,0.0,3.0,-3.0,5.0,False,3531.0,2.0,False,
2026-05-14,FRPT,0.0,0.0,0.0,-0.00032759721733598065,3.0,-6.275972173359806,5.0,False,6546.0,2.0,True,
2026-05-14,FRSG,0.0,0.0,0.0,0.0,3.0,-3.0,5.0,False,3532.0,2.0,False,
2026-05-14,FRSH,-0.00078125,0.0,-0.00078125,-0.0026265618299033985,3.0,23.265618299033985,5.0,True,7131.0,1.0,True,"SHORT because predicted alpha is in the bottom decile. Net alpha after estimated 3.0 bps trading cost is 23.27 bps versus threshold 5.00 bps. Main contributors were volume_z_60, intraday_return, mom_5. Price filter passed; liquidity filter passed."
2026-05-14,FRST,0.0,0.0,0.0,0.0003756238167620813,3.0,0.756238167620813,5.0,False,1785.0,3.0,True,
2026-05-14,FRTA,0.0,0.0,0.0,0.0,3.0,-3.0,5.0,False,3533.0,2.0,False,
2026-05-14,FRTX,0.0,0.0,0.0,0.0,3.0,-3.0,5.0,False,3534.0,2.0,False,
2026-05-14,FRW,0.0,0.0,0.0,0.0,3.0,-3.0,5.0,False,3535.0,2.0,False,
2026-05-14,FRZA,0.0,0.0,0.0,0.0,3.0,-3.0,5.0,False,3536.0,2.0,False,
2026-05-14,FSAC,0.0,0.0,0.0,0.0,3.0,-3.0,5.0,False,3537.0,2.0,False,
2026-05-14,FSAM,0.0,0.0,0.0,0.0,3.0,-3.0,5.0,False,3538.0,2.0,False,
2026-05-14,FSBC,0.0,0.0,0.0,0.00044201881887084187,3.0,1.4201881887084191,5.0,False,1749.0,3.0,True,
2026-05-14,FSBK,0.0,0.0,0.0,0.0,3.0,-3.0,5.0,False,3539.0,2.0,False,
2026-05-14,FSBW,0.0,0.0,0.0,0.0005458145772385658,3.0,2.4581457723856577,5.0,False,1671.0,3.0,True,
2026-05-14,FSC,0.0,0.0,0.0,0.0,3.0,-3.0,5.0,False,3540.0,2.0,False,
2026-05-14,FSCF.L,0.0,0.0,0.0,0.0,3.0,-3.0,5.0,False,3541.0,2.0,False,
2026-05-14,FSCFL,0.0,0.0,0.0,0.0,3.0,-3.0,5.0,False,3542.0,2.0,False,
2026-05-14,FSCT,0.0,0.0,0.0,0.0,3.0,-3.0,5.0,False,3543.0,2.0,False,
2026-05-14,FSDC,0.0,0.0,0.0,0.0,3.0,-3.0,5.0,False,3544.0,2.0,False,
2026-05-14,FSEA,0.0,0.0,0.0,-0.0002492880701980406,3.0,-5.492880701980406,5.0,False,6503.0,2.0,True,
2026-05-14,FSFG,0.0,0.0,0.0,0.0,3.0,-3.0,5.0,False,3545.0,2.0,False,
2026-05-14,FSFR,0.0,0.0,0.0,0.0,3.0,-3.0,5.0,False,3546.0,2.0,False,
2026-05-14,FSGI,0.0,0.0,0.0,0.0,3.0,-3.0,5.0,False,3547.0,2.0,False,
2026-05-14,FSHP,0.0,0.0,0.0,-0.0005878613367202882,3.0,-8.878613367202881,5.0,False,6658.0,2.0,True,
2026-05-14,FSII,0.0,0.0,0.0,0.0,3.0,-3.0,5.0,False,3548.0,2.0,False,
2026-05-14,FSLR,0.0,0.0,0.0,0.004238948266947763,3.0,39.38948266947763,5.0,True,266.0,5.0,True,
2026-05-14,FSLY,0.0,0.0,0.0,0.002368819775895802,3.0,20.68819775895802,5.0,True,697.0,5.0,True,
2026-05-14,FSNN,0.0,0.0,0.0,0.0,3.0,-3.0,5.0,False,3549.0,2.0,False,
2026-05-14,FSRD,0.0,0.0,0.0,0.0,3.0,-3.0,5.0,False,3550.0,2.0,False,
2026-05-14,FSRV,0.0,0.0,0.0,0.0,3.0,-3.0,5.0,False,3551.0,2.0,False,
2026-05-14,FSRX,0.0,0.0,0.0,0.0,3.0,-3.0,5.0,False,3552.0,2.0,False,
2026-05-14,FSSI,0.0,0.0,0.0,0.0,3.0,-3.0,5.0,False,3553.0,2.0,False,
2026-05-14,FSTR,0.0,0.0,0.0,0.0023217646320398797,3.0,20.217646320398796,5.0,True,719.0,5.0,True,
2026-05-14,FSTX,0.0,0.0,0.0,0.0,3.0,-3.0,5.0,False,3554.0,2.0,False,
2026-05-14,FSUN,0.0,0.0,0.0,0.000738779086075521,3.0,4.38779086075521,5.0,False,1544.0,3.0,True,
2026-05-14,FSV,0.0,0.0,0.0,-0.00021595607268618758,3.0,-5.159560726861876,5.0,False,6484.0,2.0,True,
2026-05-14,FSYS,0.0,0.0,0.0,0.0,3.0,-3.0,5.0,False,3555.0,2.0,False,
2026-05-14,FTAA,0.0,0.0,0.0,0.0,3.0,-3.0,5.0,False,3556.0,2.0,False,
2026-05-14,FTAC,0.0,0.0,0.0,0.0,3.0,-3.0,5.0,False,3557.0,2.0,False,
2026-05-14,FTAI,0.0,0.0,0.0,0.0027607171217373387,3.0,24.607171217373388,5.0,True,562.0,5.0,True,
2026-05-14,FTAIV,0.0,0.0,0.0,0.0,3.0,-3.0,5.0,False,3558.0,2.0,False,
2026-05-14,FTCI,0.0,0.0,0.0,-1.1917165043749447e-05,3.0,-3.1191716504374947,5.0,False,6383.0,2.0,False,
2026-05-14,FTCV,0.0,0.0,0.0,0.0,3.0,-3.0,5.0,False,3559.0,2.0,False,
2026-05-14,FTD,0.0,0.0,0.0,0.0,3.0,-3.0,5.0,False,3560.0,2.0,False,
2026-05-14,FTDR,0.0,0.0,0.0,0.0015340630372376683,3.0,12.340630372376683,5.0,True,1049.0,4.0,True,
2026-05-14,FTEK,0.0,0.0,0.0,0.00090008052925026,3.0,6.0008052925026,5.0,True,1439.0,4.0,False,
2026-05-14,FTEL,0.0,0.0,0.0,0.0,3.0,-3.0,5.0,False,3561.0,2.0,False,
2026-05-14,FTFT,0.0,0.0,0.0,-0.002499986106810951,3.0,-27.99986106810951,5.0,False,7113.0,1.0,False,
2026-05-14,FTHM,0.0,0.0,0.0,0.0008727657080048755,3.0,5.727657080048754,5.0,True,1456.0,4.0,False,
2026-05-14,FTII,0.0,0.0,0.0,0.0,3.0,-3.0,5.0,False,3562.0,2.0,False,
2026-05-14,FTIV,0.0,0.0,0.0,0.0,3.0,-3.0,5.0,False,3563.0,2.0,False,
2026-05-14,FTLF,0.0,0.0,0.0,-0.002378254338199926,3.0,-26.78254338199926,5.0,False,7098.0,1.0,True,
2026-05-14,FTNT,0.003676060267857143,0.004464285714285714,-0.0007882254464285712,0.0015005579709421169,3.0,12.005579709421168,5.0,True,1070.0,4.0,True,"SELL because predicted alpha is in the top decile. Net alpha after estimated 3.0 bps trading cost is 12.01 bps versus threshold 5.00 bps. Main contributors were parkinson_vol_20, mom_21, mom_5. Price filter passed; liquidity filter passed."
2026-05-14,FTOC,0.0,0.0,0.0,0.0,3.0,-3.0,5.0,False,3564.0,2.0,False,
2026-05-14,FTR,0.0,0.0,0.0,0.0,3.0,-3.0,5.0,False,3565.0,2.0,False,
2026-05-14,FTRE,0.004457310267857143,0.004464285714285714,-6.975446428571404e-06,0.005436749127871508,3.0,51.36749127871508,5.0,True,143.0,5.0,True,"SELL because predicted alpha is in the top decile. Net alpha after estimated 3.0 bps trading cost is 51.37 bps versus threshold 5.00 bps. Main contributors were intraday_return, mom_21, close_to_low_20. Price filter passed; liquidity filter passed."
2026-05-14,FTRK,0.0,0.0,0.0,0.006094515346419542,3.0,57.94515346419542,5.0,True,102.0,5.0,False,
2026-05-14,FTRP,0.0,0.0,0.0,0.0,3.0,-3.0,5.0,False,3566.0,2.0,False,
2026-05-14,FTSV,0.0,0.0,0.0,0.0,3.0,-3.0,5.0,False,3567.0,2.0,False,
2026-05-14,FTVI,0.0,0.0,0.0,0.0,3.0,-3.0,5.0,False,3568.0,2.0,False,
2026-05-14,FTWR,0.0,0.0,0.0,0.0,3.0,-3.0,5.0,False,3569.0,2.0,False,
2026-05-14,FUBC,0.0,0.0,0.0,0.0,3.0,-3.0,5.0,False,3570.0,2.0,False,
2026-05-14,FUEL,0.0,0.0,0.0,0.0,3.0,-3.0,5.0,False,3571.0,2.0,False,
2026-05-14,FUFU,0.0,0.0,0.0,-4.2479024393894454e-05,3.0,-3.4247902439389444,5.0,False,6403.0,2.0,False,
2026-05-14,FULC,0.0,0.0,0.0,0.0014592052477013534,3.0,11.592052477013535,5.0,True,1095.0,4.0,True,
2026-05-14,FULL,0.0,0.0,0.0,0.0,3.0,-3.0,5.0,False,3572.0,2.0,False,
2026-05-14,FULL.L,0.0,0.0,0.0,0.0,3.0,-3.0,5.0,False,3573.0,2.0,False,
2026-05-14,FULLL,0.0,0.0,0.0,0.0,3.0,-3.0,5.0,False,3574.0,2.0,False,
2026-05-14,FULT,0.0,0.0,0.0,0.000497185334974222,3.0,1.9718533497422204,5.0,False,1706.0,3.0,True,
2026-05-14,FULTP,0.0,0.0,0.0,0.0004374390635136629,3.0,1.3743906351366286,5.0,False,1752.0,3.0,True,
2026-05-14,FUNC,0.0,0.0,0.0,0.00019526672029774827,3.0,-1.0473327970225172,5.0,False,1888.0,3.0,True,
2026-05-14,FUND,0.0,0.0,0.0,0.001398681498245122,3.0,10.98681498245122,5.0,True,1136.0,4.0,True,
2026-05-14,FUQI,0.0,0.0,0.0,0.0,3.0,-3.0,5.0,False,3575.0,2.0,False,
2026-05-14,FURX,0.0,0.0,0.0,0.0,3.0,-3.0,5.0,False,3576.0,2.0,False,
2026-05-14,FUSB,0.0,0.0,0.0,0.00045788461392038966,3.0,1.5788461392038968,5.0,False,1738.0,3.0,True,
2026-05-14,FUSE,0.0,0.0,0.0,-0.003390286896488781,3.0,-36.90286896488781,5.0,False,7217.0,1.0,False,
2026-05-14,FUSN,0.0,0.0,0.0,0.0,3.0,-3.0,5.0,False,3577.0,2.0,False,
2026-05-14,FUV,0.0,0.0,0.0,0.0,3.0,-3.0,5.0,False,3578.0,2.0,False,
2026-05-14,FVAM,0.0,0.0,0.0,0.0,3.0,-3.0,5.0,False,3579.0,2.0,False,
2026-05-14,FVAV,0.0,0.0,0.0,-0.0002957293309823342,3.0,-5.957293309823342,5.0,False,6529.0,2.0,True,
2026-05-14,FVCB,0.0,0.0,0.0,-0.000792488589085475,3.0,-10.92488589085475,5.0,False,6721.0,2.0,True,
2026-05-14,FVE,0.0,0.0,0.0,0.0,3.0,-3.0,5.0,False,3580.0,2.0,False,
2026-05-14,FVEVV,0.0,0.0,0.0,0.0,3.0,-3.0,5.0,False,3581.0,2.0,False,
2026-05-14,FVN,0.0,0.0,0.0,0.0,3.0,-3.0,5.0,False,3582.0,2.0,False,
2026-05-14,FWAA,0.0,0.0,0.0,0.0,3.0,-3.0,5.0,False,3583.0,2.0,False,
2026-05-14,FWAC,0.0,0.0,0.0,0.0,3.0,-3.0,5.0,False,3584.0,2.0,False,
2026-05-14,FWBI,0.0,0.0,0.0,0.0,3.0,-3.0,5.0,False,3585.0,2.0,False,
2026-05-14,FWDI,-0.00078125,0.0,-0.00078125,-0.005062573670703141,3.0,47.625736707031415,5.0,True,7331.0,1.0,True,"SHORT because predicted alpha is in the bottom decile. Net alpha after estimated 3.0 bps trading cost is 47.63 bps versus threshold 5.00 bps. Main contributors were intraday_return, volume_z_60, close_to_high_20. Price filter passed; liquidity filter passed."
2026-05-14,FWLT,0.0,0.0,0.0,0.0,3.0,-3.0,5.0,False,3586.0,2.0,False,
2026-05-14,FWM,0.0,0.0,0.0,0.0,3.0,-3.0,5.0,False,3587.0,2.0,False,
2026-05-14,FWONA,0.0,0.0,0.0,0.0015796017443767936,3.0,12.796017443767937,5.0,True,1022.0,4.0,True,
2026-05-14,FWONK,0.0,0.0,0.0,0.001470208473076338,3.0,11.70208473076338,5.0,True,1089.0,4.0,True,
2026-05-14,FWRD,-0.004457310267857143,-0.004464285714285714,6.975446428571404e-06,-0.009533589570862226,3.0,92.33589570862226,5.0,True,7471.0,1.0,True,"COVER because predicted alpha is in the bottom decile. Net alpha after estimated 3.0 bps trading cost is 92.34 bps versus threshold 5.00 bps. Main contributors were mom_5, intraday_return, volatility_10. Price filter passed; liquidity filter passed."
2026-05-14,FWRG,0.0,0.0,0.0,0.0017899323639489458,3.0,14.89932363948946,5.0,True,922.0,4.0,True,
2026-05-14,FXCB,0.0,0.0,0.0,0.0,3.0,-3.0,5.0,False,3588.0,2.0,False,
2026-05-14,FXCM,0.0,0.0,0.0,0.0,3.0,-3.0,5.0,False,3589.0,2.0,False,
2026-05-14,FXCO,0.0,0.0,0.0,0.0,3.0,-3.0,5.0,False,3590.0,2.0,False,
2026-05-14,FXEN,0.0,0.0,0.0,0.0,3.0,-3.0,5.0,False,3591.0,2.0,False,
2026-05-14,FXEN.P,0.0,0.0,0.0,0.0,3.0,-3.0,5.0,False,3592.0,2.0,False,
2026-05-14,FXNC,0.0,0.0,0.0,0.0010058982728758218,3.0,7.0589827287582185,5.0,True,1370.0,4.0,True,
2026-05-14,FYBR,0.0,0.0,0.0,0.0,3.0,-3.0,5.0,False,3593.0,2.0,False,
2026-05-14,GABC,0.0,0.0,0.0,0.0009420605085812953,3.0,6.420605085812953,5.0,True,1409.0,4.0,True,
2026-05-14,GACQ,0.0,0.0,0.0,0.0,3.0,-3.0,5.0,False,3594.0,2.0,False,
2026-05-14,GAGA,0.0,0.0,0.0,0.0,3.0,-3.0,5.0,False,3595.0,2.0,False,
2026-05-14,GAI,0.0,0.0,0.0,0.0,3.0,-3.0,5.0,False,3596.0,2.0,False,
2026-05-14,GAIA,0.0,0.0,0.0,0.0002047105768047523,3.0,-0.9528942319524769,5.0,False,1876.0,3.0,False,
2026-05-14,GAIN,0.0,0.0,0.0,-0.000955819488533976,3.0,-12.55819488533976,5.0,False,6778.0,2.0,True,
2026-05-14,GAIN.M,0.0,0.0,0.0,0.0,3.0,-3.0,5.0,False,3597.0,2.0,False,
2026-05-14,GAIN.P,0.0,0.0,0.0,0.0,3.0,-3.0,5.0,False,3598.0,2.0,False,
2026-05-14,GAING,0.0,0.0,0.0,0.0007159302381781522,3.0,4.159302381781521,5.0,False,1559.0,3.0,True,
2026-05-14,GAINI,0.0,0.0,0.0,0.0006797149969922931,3.0,3.7971499699229305,5.0,False,1582.0,3.0,True,
2026-05-14,GAINL,0.0,0.0,0.0,0.0,3.0,-3.0,5.0,False,3599.0,2.0,False,
2026-05-14,GAINN,0.0,0.0,0.0,0.0,3.0,-3.0,5.0,False,3600.0,2.0,False,
2026-05-14,GAINZ,0.0,0.0,0.0,0.0007910331226999093,3.0,4.910331226999093,5.0,False,1512.0,4.0,True,
2026-05-14,GALE,0.0,0.0,0.0,0.0,3.0,-3.0,5.0,False,3601.0,2.0,False,
2026-05-14,GALT,0.0,0.0,0.0,-0.0009385658742978894,3.0,-12.385658742978894,5.0,False,6776.0,2.0,False,
2026-05-14,GALT.U,0.0,0.0,0.0,0.0,3.0,-3.0,5.0,False,3602.0,2.0,False,
2026-05-14,GALT.W,0.0,0.0,0.0,0.0,3.0,-3.0,5.0,False,3603.0,2.0,False,
2026-05-14,GAMB,0.0,0.0,0.0,-0.00269554046511976,3.0,-29.9554046511976,5.0,False,7138.0,1.0,False,
2026-05-14,GAMC,0.0,0.0,0.0,0.0,3.0,-3.0,5.0,False,3604.0,2.0,False,
2026-05-14,GAME,0.0,0.0,0.0,0.0016101513774155287,3.0,13.101513774155286,5.0,True,1005.0,4.0,False,
2026-05-14,GAN,0.0,0.0,0.0,0.0,3.0,-3.0,5.0,False,3605.0,2.0,False,
2026-05-14,GANX,0.0,0.0,0.0,-0.0016963529393969245,3.0,-19.963529393969246,5.0,False,6949.0,1.0,False,
2026-05-14,GAQ,0.0,0.0,0.0,0.0,3.0,-3.0,5.0,False,3606.0,2.0,False,
2026-05-14,GARS,0.0,0.0,0.0,0.0,3.0,-3.0,5.0,False,3607.0,2.0,False,
2026-05-14,GASS,0.0,0.0,0.0,0.002953419812965299,3.0,26.53419812965299,5.0,True,514.0,5.0,True,
2026-05-14,GASSV,0.0,0.0,0.0,0.0,3.0,-3.0,5.0,False,3608.0,2.0,False,
2026-05-14,GATE,0.0,0.0,0.0,0.0,3.0,-3.0,5.0,False,3609.0,2.0,False,
2026-05-14,GAUZ,0.0,0.0,0.0,-0.017178666848689843,3.0,-174.78666848689844,5.0,False,7530.0,1.0,False,
2026-05-14,GBBK,0.0,0.0,0.0,0.0,3.0,-3.0,5.0,False,3610.0,2.0,False,
2026-05-14,GBDC,0.0,0.0,0.0,0.0018771640420415163,3.0,15.771640420415164,5.0,True,876.0,4.0,True,
2026-05-14,GBDCR,0.0,0.0,0.0,0.0,3.0,-3.0,5.0,False,3611.0,2.0,False,
2026-05-14,GBDCV,0.0,0.0,0.0,0.0,3.0,-3.0,5.0,False,3612.0,2.0,False,
2026-05-14,GBFH,0.0,0.0,0.0,0.0006769052220366087,3.0,3.7690522203660874,5.0,False,1584.0,3.0,True,
2026-05-14,GBIM,0.0,0.0,0.0,0.0,3.0,-3.0,5.0,False,3613.0,2.0,False,
2026-05-14,GBIO,0.0,0.0,0.0,0.0,3.0,-3.0,5.0,False,3614.0,2.0,False,
2026-05-14,GBLI,0.0,0.0,0.0,0.0030585371111246486,3.0,27.585371111246484,5.0,True,486.0,5.0,True,
2026-05-14,GBLIL,0.0,0.0,0.0,0.0,3.0,-3.0,5.0,False,3615.0,2.0,False,
2026-05-14,GBLIZ,0.0,0.0,0.0,0.0,3.0,-3.0,5.0,False,3616.0,2.0,False,
2026-05-14,GBNH,0.0,0.0,0.0,0.0,3.0,-3.0,5.0,False,3617.0,2.0,False,
2026-05-14,GBNK,0.0,0.0,0.0,0.0,3.0,-3.0,5.0,False,3618.0,2.0,False,
2026-05-14,GBNY,0.0,0.0,0.0,0.0,3.0,-3.0,5.0,False,3619.0,2.0,False,
2026-05-14,GBOX,0.0,0.0,0.0,0.0,3.0,-3.0,5.0,False,3620.0,2.0,False,
2026-05-14,GBRG,0.0,0.0,0.0,0.0,3.0,-3.0,5.0,False,3621.0,2.0,False,
2026-05-14,GBS,0.0,0.0,0.0,0.0,3.0,-3.0,5.0,False,3622.0,2.0,False,
2026-05-14,GBSN,0.0,0.0,0.0,0.0,3.0,-3.0,5.0,False,3623.0,2.0,False,
2026-05-14,GBSN.U,0.0,0.0,0.0,0.0,3.0,-3.0,5.0,False,3624.0,2.0,False,
2026-05-14,GBT,0.0,0.0,0.0,0.0,3.0,-3.0,5.0,False,3625.0,2.0,False,
2026-05-14,GCAC,0.0,0.0,0.0,0.0,3.0,-3.0,5.0,False,3626.0,2.0,False,
2026-05-14,GCBC,0.0,0.0,0.0,-0.0016209895640712886,3.0,-19.209895640712887,5.0,False,6937.0,1.0,True,
2026-05-14,GCL,0.0,0.0,0.0,0.0017575618159673006,3.0,14.575618159673006,5.0,True,942.0,4.0,False,
2026-05-14,GCMG,0.0,0.0,0.0,0.00023657600760703708,3.0,-0.6342399239296292,5.0,False,1857.0,3.0,True,
2026-05-14,GCT,0.0,0.0,0.0,0.0017796948178112808,3.0,14.796948178112807,5.0,True,927.0,4.0,True,
2026-05-14,GCTK,0.0,0.0,0.0,-0.010627765406974236,3.0,-109.27765406974237,5.0,False,7488.0,1.0,False,
2026-05-14,GCVR.Z,0.0,0.0,0.0,0.0,3.0,-3.0,5.0,False,3627.0,2.0,False,
2026-05-14,GDC,0.0,0.0,0.0,-0.02795792473561944,3.0,-282.5792473561944,5.0,False,7570.0,1.0,False,
2026-05-14,GDEN,0.0,0.0,0.0,0.0,3.0,-3.0,5.0,False,3628.0,2.0,False,
2026-05-14,GDEV,0.0,0.0,0.0,-2.9722344013549673e-05,3.0,-3.2972234401354967,5.0,False,6393.0,2.0,True,
2026-05-14,GDHG,0.0,0.0,0.0,-0.0034472668959806083,3.0,-37.472668959806086,5.0,False,7225.0,1.0,False,
2026-05-14,GDNR,0.0,0.0,0.0,0.0,3.0,-3.0,5.0,False,3629.0,2.0,False,
2026-05-14,GDRX,0.0,0.0,0.0,0.0024576633008982145,3.0,21.576633008982146,5.0,True,655.0,5.0,False,
2026-05-14,GDST,0.0,0.0,0.0,0.0,3.0,-3.0,5.0,False,3630.0,2.0,False,
2026-05-14,GDTC,0.0,0.0,0.0,0.0023596906510872694,3.0,20.596906510872692,5.0,True,703.0,5.0,False,
2026-05-14,GDYN,0.0,0.0,0.0,-0.001909316088737841,3.0,-22.09316088737841,5.0,False,6994.0,1.0,True,
2026-05-14,GEC,0.0,0.0,0.0,0.0,3.0,-3.0,5.0,False,3631.0,2.0,False,
2026-05-14,GECC,0.0,0.0,0.0,-0.00044204331479165155,3.0,-7.4204331479165155,5.0,False,6600.0,2.0,True,
2026-05-14,GECCG,0.0,0.0,0.0,0.0006159889275579918,3.0,3.1598892755799186,5.0,False,1631.0,3.0,True,
2026-05-14,GECCH,0.0,0.0,0.0,-0.0013034670617795407,3.0,-16.034670617795406,5.0,False,6873.0,1.0,True,
2026-05-14,GECCI,0.0,0.0,0.0,0.0011988027961696381,3.0,8.988027961696382,5.0,True,1247.0,4.0,True,
2026-05-14,GECCL,0.0,0.0,0.0,0.0,3.0,-3.0,5.0,False,3632.0,2.0,False,
2026-05-14,GECCO,0.0,0.0,0.0,0.0001581809135777659,3.0,-1.4181908642223409,5.0,False,1904.0,3.0,True,
2026-05-14,GECCZ,0.0,0.0,0.0,0.0,3.0,-3.0,5.0,False,3633.0,2.0,False,
2026-05-14,GECX,0.0,0.0,0.0,0.0,3.0,-3.0,5.0,False,3634.0,2.0,False,
2026-05-14,GECXU,0.0,0.0,0.0,0.0,3.0,-3.0,5.0,False,3635.0,2.0,False,
2026-05-14,GEEX,0.0,0.0,0.0,0.0,3.0,-3.0,5.0,False,3636.0,2.0,False,
2026-05-14,GEG,0.0,0.0,0.0,0.005521513742834294,3.0,52.215137428342935,5.0,True,134.0,5.0,False,
2026-05-14,GEGGL,0.0,0.0,0.0,0.0005238299029039269,3.0,2.2382990290392693,5.0,False,1687.0,3.0,True,
2026-05-14,GEHC,0.0,0.0,0.0,0.0007040694637220322,3.0,4.040694637220322,5.0,False,1570.0,3.0,True,
2026-05-14,GELS,0.0,0.0,0.0,-0.0010684564686961663,3.0,-13.684564686961663,5.0,False,6814.0,2.0,False,
2026-05-14,GEMI,-0.00078125,0.0,-0.00078125,-0.0037818062923505513,3.0,34.818062923505515,5.0,True,7255.0,1.0,True,"SHORT because predicted alpha is in the bottom decile. Net alpha after estimated 3.0 bps trading cost is 34.82 bps versus threshold 5.00 bps. Main contributors were intraday_return, volume_z_60, mom_10. Price filter passed; liquidity filter passed."
2026-05-14,GEMP,0.0,0.0,0.0,0.0,3.0,-3.0,5.0,False,3637.0,2.0,False,
2026-05-14,GEN,-0.003676060267857143,-0.004464285714285714,0.0007882254464285712,0.0013873852598686547,3.0,-16.873852598686547,5.0,False,1142.0,4.0,True,"COVER because predicted alpha is in the bottom decile. Net alpha after estimated 3.0 bps trading cost is -16.87 bps versus threshold 5.00 bps. Main contributors were hl_range_20, mom_10, volume_z_60. Price filter passed; liquidity filter passed."
2026-05-14,GENB,0.00078125,0.0,0.00078125,0.006358997461452401,3.0,60.58997461452402,5.0,True,86.0,5.0,True,"BUY because predicted alpha is in the top decile. Net alpha after estimated 3.0 bps trading cost is 60.59 bps versus threshold 5.00 bps. Main contributors were intraday_return, mom_5, volume_z_60. Price filter passed; liquidity filter passed."
2026-05-14,GENK,0.0,0.0,0.0,0.00444632770104611,3.0,41.4632770104611,5.0,True,236.0,5.0,False,
2026-05-14,GENQ,0.0,0.0,0.0,0.0,3.0,-3.0,5.0,False,3638.0,2.0,False,
2026-05-14,GEOS,0.0,0.0,0.0,0.0009924731166439844,3.0,6.9247311664398445,5.0,True,1380.0,4.0,True,
2026-05-14,GERN,0.0,0.0,0.0,0.0011178535102858722,3.0,8.178535102858723,5.0,True,1292.0,4.0,False,
2026-05-14,GEVA,0.0,0.0,0.0,0.0,3.0,-3.0,5.0,False,3639.0,2.0,False,
2026-05-14,GEVO,0.0,0.0,0.0,0.0031702715683816223,3.0,28.702715683816223,5.0,True,467.0,5.0,False,
2026-05-14,GFAI,0.0,0.0,0.0,0.00023110750888066865,3.0,-0.6889249111933133,5.0,False,1862.0,3.0,False,
2026-05-14,GFED,0.0,0.0,0.0,0.0,3.0,-3.0,5.0,False,3640.0,2.0,False,
2026-05-14,GFGD,0.0,0.0,0.0,0.0,3.0,-3.0,5.0,False,3641.0,2.0,False,
2026-05-14,GFN,0.0,0.0,0.0,0.0,3.0,-3.0,5.0,False,3642.0,2.0,False,
2026-05-14,GFNC.P,0.0,0.0,0.0,0.0,3.0,-3.0,5.0,False,3643.0,2.0,False,
2026-05-14,GFNS.L,0.0,0.0,0.0,0.0,3.0,-3.0,5.0,False,3644.0,2.0,False,
2026-05-14,GFNSL,0.0,0.0,0.0,0.0,3.0,-3.0,5.0,False,3645.0,2.0,False,
2026-05-14,GFNSZ,0.0,0.0,0.0,0.0,3.0,-3.0,5.0,False,3646.0,2.0,False,
2026-05-14,GFS,0.004457310267857143,0.004464285714285714,-6.975446428571404e-06,0.0054792821064616835,3.0,51.79282106461684,5.0,True,137.0,5.0,True,"SELL because predicted alpha is in the top decile. Net alpha after estimated 3.0 bps trading cost is 51.79 bps versus threshold 5.00 bps. Main contributors were parkinson_vol_20, mom_21, intraday_return. Price filter passed; liquidity filter passed."
2026-05-14,GGAA,0.0,0.0,0.0,0.0,3.0,-3.0,5.0,False,3647.0,2.0,False,
2026-05-14,GGAC,0.0,0.0,0.0,0.0,3.0,-3.0,5.0,False,3648.0,2.0,False,
2026-05-14,GGAC.R,0.0,0.0,0.0,0.0,3.0,-3.0,5.0,False,3649.0,2.0,False,
2026-05-14,GGAC.U,0.0,0.0,0.0,0.0,3.0,-3.0,5.0,False,3650.0,2.0,False,
2026-05-14,GGAC.W,0.0,0.0,0.0,0.0,3.0,-3.0,5.0,False,3651.0,2.0,False,
2026-05-14,GGE,0.0,0.0,0.0,0.0,3.0,-3.0,5.0,False,3652.0,2.0,False,
2026-05-14,GGGV,0.0,0.0,0.0,0.0,3.0,-3.0,5.0,False,3653.0,2.0,False,
2026-05-14,GGMC,0.0,0.0,0.0,0.0,3.0,-3.0,5.0,False,3654.0,2.0,False,
2026-05-14,GGPI,0.0,0.0,0.0,0.0,3.0,-3.0,5.0,False,3655.0,2.0,False,
2026-05-14,GGR,0.0,0.0,0.0,0.0017801862349215995,3.0,14.801862349215995,5.0,True,926.0,4.0,False,
2026-05-14,GGRP,0.0,0.0,0.0,-0.0009255532801075524,3.0,-12.255532801075523,5.0,False,6773.0,2.0,False,
2026-05-14,GH,0.004457310267857143,0.004464285714285714,-6.975446428571404e-06,0.005176015421812187,3.0,48.76015421812187,5.0,True,172.0,5.0,True,"SELL because predicted alpha is in the top decile. Net alpha after estimated 3.0 bps trading cost is 48.76 bps versus threshold 5.00 bps. Main contributors were parkinson_vol_20, debt_to_equity, mom_5. Price filter passed; liquidity filter passed."
2026-05-14,GHAC,0.0,0.0,0.0,0.0,3.0,-3.0,5.0,False,3656.0,2.0,False,
2026-05-14,GHDX,0.0,0.0,0.0,0.0,3.0,-3.0,5.0,False,3657.0,2.0,False,
2026-05-14,GHIV,0.0,0.0,0.0,0.0,3.0,-3.0,5.0,False,3658.0,2.0,False,
2026-05-14,GHIX,0.0,0.0,0.0,0.0,3.0,-3.0,5.0,False,3659.0,2.0,False,
2026-05-14,GHRS,0.0,0.0,0.0,0.0032259176750171667,3.0,29.25917675017167,5.0,True,450.0,5.0,True,
2026-05-14,GHSI,0.0,0.0,0.0,0.0,3.0,-3.0,5.0,False,3660.0,2.0,False,
2026-05-14,GHVI,0.0,0.0,0.0,0.0,3.0,-3.0,5.0,False,3661.0,2.0,False,
2026-05-14,GIA,0.0,0.0,0.0,0.0,3.0,-3.0,5.0,False,3662.0,2.0,False,
2026-05-14,GIAC,0.0,0.0,0.0,0.0,3.0,-3.0,5.0,False,3663.0,2.0,False,
2026-05-14,GIBO,0.0,0.0,0.0,0.0007402713475633468,3.0,4.402713475633468,5.0,False,1543.0,3.0,False,
2026-05-14,GIFI,0.0,0.0,0.0,0.0,3.0,-3.0,5.0,False,3664.0,2.0,False,
2026-05-14,GIFT,0.0,0.0,0.0,-0.0011640543427570331,3.0,-14.640543427570332,5.0,False,6833.0,1.0,False,
2026-05-14,GIG,0.0,0.0,0.0,-0.003534783315393325,3.0,-38.34783315393325,5.0,False,7231.0,1.0,False,
2026-05-14,GIGA,0.0,0.0,0.0,0.0,3.0,-3.0,5.0,False,3665.0,2.0,False,
2026-05-14,GIGM,0.0,0.0,0.0,0.0032622796445171275,3.0,29.622796445171275,5.0,True,443.0,5.0,False,
2026-05-14,GIII,0.0,0.0,0.0,0.0012165750303535145,3.0,9.165750303535145,5.0,True,1239.0,4.0,True,
2026-05-14,GIIX,0.0,0.0,0.0,0.0,3.0,-3.0,5.0,False,3666.0,2.0,False,
2026-05-14,GILD,0.0,0.0,0.0,0.000901339399999407,3.0,6.01339399999407,5.0,True,1438.0,4.0,True,
2026-05-14,GILT,-0.003676060267857143,-0.004464285714285714,0.0007882254464285712,-0.0007689950256014015,3.0,4.689950256014015,5.0,False,6715.0,2.0,True,"COVER because predicted alpha is in the bottom decile. Net alpha after estimated 3.0 bps trading cost is 4.69 bps versus threshold 5.00 bps. Main contributors were mom_5, volume_z_60, volatility_10. Price filter passed; liquidity filter passed."
2026-05-14,GIPR,0.0,0.0,0.0,-0.0004619935009822093,3.0,-7.619935009822093,5.0,False,6615.0,2.0,False,
2026-05-14,GITS,0.0,0.0,0.0,0.0015475224232907939,3.0,12.475224232907939,5.0,True,1039.0,4.0,False,
2026-05-14,GIW,0.0,0.0,0.0,-0.0006113500732444777,3.0,-9.113500732444777,5.0,False,6664.0,2.0,True,
2026-05-14,GIX,0.0,0.0,0.0,-0.0002183509697384926,3.0,-5.183509697384926,5.0,False,6486.0,2.0,True,
2026-05-14,GKNT,0.0,0.0,0.0,0.0,3.0,-3.0,5.0,False,3667.0,2.0,False,
2026-05-14,GLAC,0.0,0.0,0.0,0.0,3.0,-3.0,5.0,False,3668.0,2.0,False,
2026-05-14,GLAD,0.0,0.0,0.0,0.0016945798412750027,3.0,13.945798412750026,5.0,True,963.0,4.0,True,
2026-05-14,GLAD.P,0.0,0.0,0.0,0.0,3.0,-3.0,5.0,False,3669.0,2.0,False,
2026-05-14,GLADD,0.0,0.0,0.0,0.0,3.0,-3.0,5.0,False,3670.0,2.0,False,
2026-05-14,GLADL,0.0,0.0,0.0,0.0,3.0,-3.0,5.0,False,3671.0,2.0,False,
2026-05-14,GLADZ,0.0,0.0,0.0,0.0,3.0,-3.0,5.0,False,3672.0,2.0,False,
2026-05-14,GLAQ,0.0,0.0,0.0,0.0,3.0,-3.0,5.0,False,3673.0,2.0,False,
2026-05-14,GLBE,0.0,0.0,0.0,-0.0023079977077668113,3.0,-26.07997707766811,5.0,False,7088.0,1.0,True,
2026-05-14,GLBKV,0.0,0.0,0.0,0.0,3.0,-3.0,5.0,False,3674.0,2.0,False,
2026-05-14,GLBR,0.0,0.0,0.0,0.0,3.0,-3.0,5.0,False,3675.0,2.0,False,
2026-05-14,GLBS,0.0,0.0,0.0,0.001308565925089193,3.0,10.08565925089193,5.0,True,1183.0,4.0,False,
2026-05-14,GLBZ,0.0,0.0,0.0,0.0,3.0,-3.0,5.0,False,3676.0,2.0,False,
2026-05-14,GLCB,0.0,0.0,0.0,0.0,3.0,-3.0,5.0,False,3677.0,2.0,False,
2026-05-14,GLCH,0.0,0.0,0.0,0.0,3.0,-3.0,5.0,False,3678.0,2.0,False,
2026-05-14,GLDC,0.0,0.0,0.0,0.0,3.0,-3.0,5.0,False,3679.0,2.0,False,
2026-05-14,GLDD,0.0,0.0,0.0,0.0,3.0,-3.0,5.0,False,3680.0,2.0,False,
2026-05-14,GLE,0.0,0.0,0.0,-0.00485646888251632,3.0,-51.564688825163195,5.0,False,7321.0,1.0,False,
2026-05-14,GLEE,0.0,0.0,0.0,0.0,3.0,-3.0,5.0,False,3681.0,2.0,False,
2026-05-14,GLG,0.0,0.0,0.0,0.0,3.0,-3.0,5.0,False,3682.0,2.0,False,
2026-05-14,GLHA,0.0,0.0,0.0,0.0,3.0,-3.0,5.0,False,3683.0,2.0,False,
2026-05-14,GLIBA,0.0,0.0,0.0,0.0012835155721723545,3.0,9.835155721723545,5.0,True,1195.0,4.0,True,
2026-05-14,GLIBK,0.0,0.0,0.0,0.0004868205065564476,3.0,1.8682050655644762,5.0,False,1715.0,3.0,True,
2026-05-14,GLLI,0.0,0.0,0.0,0.0,3.0,-3.0,5.0,False,3684.0,2.0,False,
2026-05-14,GLMD,0.0,0.0,0.0,-0.0014017758086240601,3.0,-17.0177580862406,5.0,False,6888.0,1.0,False,
2026-05-14,GLND,0.0,0.0,0.0,-0.0020609703374822623,3.0,-23.609703374822622,5.0,False,7032.0,1.0,False,
2026-05-14,GLNG,0.0,0.0,0.0,0.002397280195009554,3.0,20.97280195009554,5.0,True,683.0,5.0,True,
2026-05-14,GLOO,0.0,0.0,0.0,0.0005396783497655544,3.0,2.3967834976555444,5.0,False,1678.0,3.0,True,
2026-05-14,GLPI,0.0,0.0,0.0,0.0014440031962945036,3.0,11.440031962945035,5.0,True,1109.0,4.0,True,
2026-05-14,GLRE,0.0,0.0,0.0,0.0013536537827571154,3.0,10.536537827571154,5.0,True,1163.0,4.0,True,
2026-05-14,GLRI,0.0,0.0,0.0,0.0,3.0,-3.0,5.0,False,3685.0,2.0,False,
2026-05-14,GLRI.W,0.0,0.0,0.0,0.0,3.0,-3.0,5.0,False,3686.0,2.0,False,
2026-05-14,GLSI,-0.004457310267857143,-0.004464285714285714,6.975446428571404e-06,-0.0028138580868474843,3.0,25.138580868474843,5.0,True,7156.0,1.0,True,"COVER because predicted alpha is in the bottom decile. Net alpha after estimated 3.0 bps trading cost is 25.14 bps versus threshold 5.00 bps. Main contributors were operating_margin, mom_126, roa. Price filter passed; liquidity filter passed."
2026-05-14,GLSPT,0.0,0.0,0.0,0.0,3.0,-3.0,5.0,False,3687.0,2.0,False,
2026-05-14,GLSS,0.0,0.0,0.0,0.0,3.0,-3.0,5.0,False,3688.0,2.0,False,
2026-05-14,GLST,0.0,0.0,0.0,0.0,3.0,-3.0,5.0,False,3689.0,2.0,False,
2026-05-14,GLTO,0.0,0.0,0.0,0.0,3.0,-3.0,5.0,False,3690.0,2.0,False,
2026-05-14,GLUE,0.00078125,0.0,0.00078125,0.005330120854661234,3.0,50.30120854661234,5.0,True,157.0,5.0,True,"BUY because predicted alpha is in the top decile. Net alpha after estimated 3.0 bps trading cost is 50.30 bps versus threshold 5.00 bps. Main contributors were mom_252, parkinson_vol_20, intraday_return. Price filter passed; liquidity filter passed."
2026-05-14,GLUU,0.0,0.0,0.0,0.0,3.0,-3.0,5.0,False,3691.0,2.0,False,
2026-05-14,GLXG,0.0,0.0,0.0,0.0005146310827485335,3.0,2.146310827485335,5.0,False,1697.0,3.0,False,
2026-05-14,GLXY,0.0,0.0,0.0,0.0022576245193175184,3.0,19.576245193175183,5.0,True,753.0,5.0,True,
2026-05-14,GLYC,0.0,0.0,0.0,0.0,3.0,-3.0,5.0,False,3692.0,2.0,False,
2026-05-14,GMBL,0.0,0.0,0.0,0.0,3.0,-3.0,5.0,False,3693.0,2.0,False,
2026-05-14,GMBT,0.0,0.0,0.0,0.0,3.0,-3.0,5.0,False,3694.0,2.0,False,
2026-05-14,GMCR,0.0,0.0,0.0,0.0,3.0,-3.0,5.0,False,3695.0,2.0,False,
2026-05-14,GMDA,0.0,0.0,0.0,0.0,3.0,-3.0,5.0,False,3696.0,2.0,False,
2026-05-14,GMET.P,0.0,0.0,0.0,0.0,3.0,-3.0,5.0,False,3697.0,2.0,False,
2026-05-14,GMEX,0.0,0.0,0.0,-0.020879870808198316,3.0,-211.79870808198316,5.0,False,7547.0,1.0,False,
2026-05-14,GMFI,0.0,0.0,0.0,0.0,3.0,-3.0,5.0,False,3698.0,2.0,False,
2026-05-14,GMGI,0.0,0.0,0.0,0.0,3.0,-3.0,5.0,False,3699.0,2.0,False,
2026-05-14,GMHI,0.0,0.0,0.0,0.0,3.0,-3.0,5.0,False,3700.0,2.0,False,
2026-05-14,GMHS,0.0,0.0,0.0,0.003058268970275237,3.0,27.582689702752372,5.0,True,487.0,5.0,False,
2026-05-14,GMII,0.0,0.0,0.0,0.0,3.0,-3.0,5.0,False,3701.0,2.0,False,
2026-05-14,GMLP,0.0,0.0,0.0,0.0,3.0,-3.0,5.0,False,3702.0,2.0,False,
2026-05-14,GMM,0.0,0.0,0.0,-0.008724289582835493,3.0,-90.24289582835493,5.0,False,7457.0,1.0,False,
2026-05-14,GMTX,0.0,0.0,0.0,0.0,3.0,-3.0,5.0,False,3703.0,2.0,False,
2026-05-14,GMVD,0.0,0.0,0.0,0.0,3.0,-3.0,5.0,False,3704.0,2.0,False,
2026-05-14,GNAC,0.0,0.0,0.0,0.0,3.0,-3.0,5.0,False,3705.0,2.0,False,
2026-05-14,GNBC,0.0,0.0,0.0,0.0,3.0,-3.0,5.0,False,3706.0,2.0,False,
2026-05-14,GNBT,0.0,0.0,0.0,0.0,3.0,-3.0,5.0,False,3707.0,2.0,False,
2026-05-14,GNCA,0.0,0.0,0.0,0.0,3.0,-3.0,5.0,False,3708.0,2.0,False,
2026-05-14,GNCM.A,0.0,0.0,0.0,0.0,3.0,-3.0,5.0,False,3709.0,2.0,False,
2026-05-14,GNCMA,0.0,0.0,0.0,0.0,3.0,-3.0,5.0,False,3710.0,2.0,False,
2026-05-14,GNLN,0.0,0.0,0.0,-0.003307022725011328,3.0,-36.070227250113284,5.0,False,7205.0,1.0,False,
2026-05-14,GNLX,0.0,0.0,0.0,0.0039411196489611,3.0,36.411196489611,5.0,True,309.0,5.0,False,
2026-05-14,GNMK,0.0,0.0,0.0,0.0,3.0,-3.0,5.0,False,3711.0,2.0,False,
2026-05-14,GNOG,0.0,0.0,0.0,0.0,3.0,-3.0,5.0,False,3712.0,2.0,False,
2026-05-14,GNOW,0.0,0.0,0.0,0.0,3.0,-3.0,5.0,False,3713.0,2.0,False,
2026-05-14,GNPX,0.0,0.0,0.0,-0.0028169778193665412,3.0,-31.16977819366541,5.0,False,7158.0,1.0,False,
2026-05-14,GNRS,0.0,0.0,0.0,0.0,3.0,-3.0,5.0,False,3714.0,2.0,False,
2026-05-14,GNSS,0.0,0.0,0.0,0.000749625001056525,3.0,4.49625001056525,5.0,False,1537.0,3.0,False,
2026-05-14,GNTX,0.0,0.0,0.0,0.0005666468662435071,3.0,2.6664686624350713,5.0,False,1663.0,3.0,True,
2026-05-14,GNVC,0.0,0.0,0.0,0.0,3.0,-3.0,5.0,False,3715.0,2.0,False,
2026-05-14,GO,0.0,0.0,0.0,0.0023034216819242045,3.0,20.034216819242044,5.0,True,730.0,5.0,True,
2026-05-14,GOAI,0.0,0.0,0.0,0.0008886592206120429,3.0,5.886592206120429,5.0,True,1445.0,4.0,False,
2026-05-14,GOBI,0.0,0.0,0.0,0.0,3.0,-3.0,5.0,False,3716.0,2.0,False,
2026-05-14,GOCO,0.0,0.0,0.0,0.0014790676051600307,3.0,11.790676051600308,5.0,True,1082.0,4.0,False,
2026-05-14,GODN,0.0,0.0,0.0,0.0,3.0,-3.0,5.0,False,3717.0,2.0,False,
2026-05-14,GOEV,0.0,0.0,0.0,0.0,3.0,-3.0,5.0,False,3718.0,2.0,False,
2026-05-14,GOGL,0.0,0.0,0.0,0.0,3.0,-3.0,5.0,False,3719.0,2.0,False,
2026-05-14,GOGO,0.0,0.0,0.0,0.0004491069389588234,3.0,1.491069389588234,5.0,False,1745.0,3.0,False,
2026-05-14,GOMO,0.0,0.0,0.0,0.0,3.0,-3.0,5.0,False,3720.0,2.0,False,
2026-05-14,GOOD,0.0,0.0,0.0,0.0005456860290039107,3.0,2.456860290039107,5.0,False,1672.0,3.0,True,
2026-05-14,GOOD.M,0.0,0.0,0.0,0.0,3.0,-3.0,5.0,False,3721.0,2.0,False,
2026-05-14,GOOD.N,0.0,0.0,0.0,0.0,3.0,-3.0,5.0,False,3722.0,2.0,False,
2026-05-14,GOOD.O,0.0,0.0,0.0,0.0,3.0,-3.0,5.0,False,3723.0,2.0,False,
2026-05-14,GOOD.P,0.0,0.0,0.0,0.0,3.0,-3.0,5.0,False,3724.0,2.0,False,
2026-05-14,GOOG,0.0,0.0,0.0,0.003701317137078305,3.0,34.01317137078305,5.0,True,353.0,5.0,True,
2026-05-14,GOOGL,0.0,0.0,0.0,0.0038350905324405094,3.0,35.3509053244051,5.0,True,328.0,5.0,True,
2026-05-14,GORV,0.0,0.0,0.0,0.0,3.0,-3.0,5.0,False,3725.0,2.0,False,
2026-05-14,GOSS,0.0,0.0,0.0,-0.002086350250406376,3.0,-23.86350250406376,5.0,False,7038.0,1.0,False,
2026-05-14,GOV,0.0,0.0,0.0,0.0,3.0,-3.0,5.0,False,3726.0,2.0,False,
2026-05-14,GOVN.I,0.0,0.0,0.0,0.0,3.0,-3.0,5.0,False,3727.0,2.0,False,
2026-05-14,GOVNI,0.0,0.0,0.0,0.0,3.0,-3.0,5.0,False,3728.0,2.0,False,
2026-05-14,GOVX,0.0,0.0,0.0,-0.007952879205207762,3.0,-82.52879205207762,5.0,False,7443.0,1.0,False,
2026-05-14,GP,0.0,0.0,0.0,-0.0021981463932913463,3.0,-24.981463932913464,5.0,False,7062.0,1.0,False,
2026-05-14,GPAC,0.0,0.0,0.0,0.0,3.0,-3.0,5.0,False,3729.0,2.0,False,
2026-05-14,GPAK,0.0,0.0,0.0,0.0,3.0,-3.0,5.0,False,3730.0,2.0,False,
2026-05-14,GPAQ,0.0,0.0,0.0,0.0,3.0,-3.0,5.0,False,3731.0,2.0,False,
2026-05-14,GPAT,0.0,0.0,0.0,0.0004989734277823423,3.0,1.9897342778234233,5.0,False,1704.0,3.0,True,
2026-05-14,GPCO,0.0,0.0,0.0,0.0,3.0,-3.0,5.0,False,3732.0,2.0,False,
2026-05-14,GPIA,0.0,0.0,0.0,0.0,3.0,-3.0,5.0,False,3733.0,2.0,False,
2026-05-14,GPIA.U,0.0,0.0,0.0,0.0,3.0,-3.0,5.0,False,3734.0,2.0,False,
2026-05-14,GPIA.W,0.0,0.0,0.0,0.0,3.0,-3.0,5.0,False,3735.0,2.0,False,
2026-05-14,GPIC,0.0,0.0,0.0,0.0,3.0,-3.0,5.0,False,3736.0,2.0,False,
2026-05-14,GPRC,0.0,0.0,0.0,0.0,3.0,-3.0,5.0,False,3737.0,2.0,False,
2026-05-14,GPRE,0.003676060267857143,0.004464285714285714,-0.0007882254464285712,0.003994304312932757,3.0,36.94304312932757,5.0,True,303.0,5.0,True,"SELL because predicted alpha is in the top decile. Net alpha after estimated 3.0 bps trading cost is 36.94 bps versus threshold 5.00 bps. Main contributors were parkinson_vol_20, mom_252, intraday_return. Price filter passed; liquidity filter passed."
2026-05-14,GPRO,0.0,0.0,0.0,-0.0004728827635984395,3.0,-7.728827635984395,5.0,False,6618.0,2.0,False,
2026-05-14,GRAB,0.0,0.0,0.0,0.0013081317653754624,3.0,10.081317653754624,5.0,True,1185.0,4.0,False,
2026-05-14,GRAL,0.0,0.0,0.0,8.749245790879525e-06,3.0,-2.9125075420912045,5.0,False,1985.0,3.0,True,
2026-05-14,GRALV,0.0,0.0,0.0,0.0,3.0,-3.0,5.0,False,3738.0,2.0,False,
2026-05-14,GRAN,0.0,0.0,0.0,0.00019821535220128014,3.0,-1.0178464779871985,5.0,False,1884.0,3.0,False,
2026-05-14,GRCE,0.0,0.0,0.0,-0.012074906396960829,3.0,-123.74906396960829,5.0,False,7503.0,1.0,False,
2026-05-14,GRCY,0.0,0.0,0.0,0.0,3.0,-3.0,5.0,False,3739.0,2.0,False,
2026-05-14,GRDI,0.0,0.0,0.0,0.0,3.0,-3.0,5.0,False,3740.0,2.0,False,
2026-05-14,GRDX,0.0,0.0,0.0,-1.9840375855081135e-05,3.0,-3.1984037585508114,5.0,False,6388.0,2.0,False,
2026-05-14,GREE,0.0,0.0,0.0,-0.0001332255244361371,3.0,-4.332255244361371,5.0,False,6441.0,2.0,False,
2026-05-14,GREEL,0.0,0.0,0.0,0.0025244985467419863,3.0,22.244985467419863,5.0,True,632.0,5.0,True,
2026-05-14,GRI,0.0,0.0,0.0,0.0005860333288051959,3.0,2.860333288051959,5.0,False,1648.0,3.0,False,
2026-05-14,GRIF,0.0,0.0,0.0,0.0,3.0,-3.0,5.0,False,3741.0,2.0,False,
2026-05-14,GRIL,0.0,0.0,0.0,0.0,3.0,-3.0,5.0,False,3742.0,2.0,False,
2026-05-14,GRML,0.0,0.0,0.0,0.004508730527426801,3.0,42.08730527426801,5.0,True,231.0,5.0,False,
2026-05-14,GRNA,0.0,0.0,0.0,0.0,3.0,-3.0,5.0,False,3743.0,2.0,False,
2026-05-14,GRNQ,0.0,0.0,0.0,0.0013848380302806252,3.0,10.848380302806252,5.0,True,1143.0,4.0,False,
2026-05-14,GRNV,0.0,0.0,0.0,0.0,3.0,-3.0,5.0,False,3744.0,2.0,False,
2026-05-14,GROM,0.0,0.0,0.0,0.0,3.0,-3.0,5.0,False,3745.0,2.0,False,
2026-05-14,GROW,0.0,0.0,0.0,0.002765445849887257,3.0,24.654458498872568,5.0,True,559.0,5.0,False,
2026-05-14,GRPH,0.0,0.0,0.0,0.0,3.0,-3.0,5.0,False,3746.0,2.0,False,
2026-05-14,GRPN,0.00078125,0.0,0.00078125,0.00520492560679974,3.0,49.0492560679974,5.0,True,168.0,5.0,True,"BUY because predicted alpha is in the top decile. Net alpha after estimated 3.0 bps trading cost is 49.05 bps versus threshold 5.00 bps. Main contributors were intraday_return, hl_range_20, mom_5. Price filter passed; liquidity filter passed."
2026-05-14,GRRF,0.0,0.0,0.0,0.0,3.0,-3.0,5.0,False,3747.0,2.0,False,
2026-05-14,GRRR,0.0,0.0,0.0,-3.0057037042746366e-05,3.0,-3.300570370427464,5.0,False,6394.0,2.0,True,
2026-05-14,GRSH,0.0,0.0,0.0,0.0,3.0,-3.0,5.0,False,3748.0,2.0,False,
2026-05-14,GRSH.W,0.0,0.0,0.0,0.0,3.0,-3.0,5.0,False,3749.0,2.0,False,
2026-05-14,GRSV,0.0,0.0,0.0,0.0,3.0,-3.0,5.0,False,3750.0,2.0,False,
2026-05-14,GRTS,0.0,0.0,0.0,0.0,3.0,-3.0,5.0,False,3751.0,2.0,False,
2026-05-14,GRTX,0.0,0.0,0.0,0.0,3.0,-3.0,5.0,False,3752.0,2.0,False,
2026-05-14,GRVI,0.0,0.0,0.0,0.0,3.0,-3.0,5.0,False,3753.0,2.0,False,
2026-05-14,GRWG,0.0,0.0,0.0,0.006638995404293482,3.0,63.38995404293482,5.0,True,78.0,5.0,False,
2026-05-14,GRYP,0.0,0.0,0.0,0.0,3.0,-3.0,5.0,False,3754.0,2.0,False,
2026-05-14,GSAQ,0.0,0.0,0.0,0.0,3.0,-3.0,5.0,False,3755.0,2.0,False,
2026-05-14,GSAT,0.0,0.0,0.0,0.0036088547417181447,3.0,33.088547417181445,5.0,True,366.0,5.0,True,
2026-05-14,GSBC,0.0,0.0,0.0,0.0004964963402703908,3.0,1.9649634027039076,5.0,False,1708.0,3.0,True,
2026-05-14,GSD,0.0,0.0,0.0,0.0,3.0,-3.0,5.0,False,3756.0,2.0,False,
2026-05-14,GSEV,0.0,0.0,0.0,0.0,3.0,-3.0,5.0,False,3757.0,2.0,False,
2026-05-14,GSHD,0.003676060267857143,0.004464285714285714,-0.0007882254464285712,0.0007828770314563453,3.0,4.828770314563453,5.0,False,1519.0,3.0,True,"SELL because predicted alpha is in the top decile. Net alpha after estimated 3.0 bps trading cost is 4.83 bps versus threshold 5.00 bps. Main contributors were parkinson_vol_20, mom_10, close_to_high_20. Price filter passed; liquidity filter passed."
2026-05-14,GSHR,0.0,0.0,0.0,-0.0001930052414472463,3.0,-4.930052414472463,5.0,False,6476.0,2.0,True,
2026-05-14,GSHT,0.0,0.0,0.0,0.0,3.0,-3.0,5.0,False,3758.0,2.0,False,
2026-05-14,GSIC,0.0,0.0,0.0,0.0,3.0,-3.0,5.0,False,3759.0,2.0,False,
2026-05-14,GSIT,0.004457310267857143,0.004464285714285714,-6.975446428571404e-06,0.010198155222823623,3.0,98.98155222823623,5.0,True,12.0,5.0,True,"SELL because predicted alpha is in the top decile. Net alpha after estimated 3.0 bps trading cost is 98.98 bps versus threshold 5.00 bps. Main contributors were intraday_return, mom_5, hl_range_20. Price filter passed; liquidity filter passed."
2026-05-14,GSIW,0.0,0.0,0.0,-0.001833037752388671,3.0,-21.33037752388671,5.0,False,6979.0,1.0,True,
2026-05-14,GSJK,0.0,0.0,0.0,0.0,3.0,-3.0,5.0,False,3760.0,2.0,False,
2026-05-14,GSKY,0.0,0.0,0.0,0.0,3.0,-3.0,5.0,False,3761.0,2.0,False,
2026-05-14,GSM,0.0,0.0,0.0,0.0003021461915611993,3.0,0.021461915611992843,5.0,False,1823.0,3.0,False,
2026-05-14,GSMG,0.0,0.0,0.0,0.0,3.0,-3.0,5.0,False,3762.0,2.0,False,
2026-05-14,GSRF,0.0,0.0,0.0,0.00048499720685071107,3.0,1.8499720685071104,5.0,False,1716.0,3.0,True,
2026-05-14,GSRM,0.0,0.0,0.0,0.0,3.0,-3.0,5.0,False,3763.0,2.0,False,
2026-05-14,GSRT,0.0,0.0,0.0,0.0,3.0,-3.0,5.0,False,3764.0,2.0,False,
2026-05-14,GSUM,0.0,0.0,0.0,0.0,3.0,-3.0,5.0,False,3765.0,2.0,False,
2026-05-14,GSUN,0.0,0.0,0.0,-0.01017956029406781,3.0,-104.79560294067811,5.0,False,7479.0,1.0,False,
2026-05-14,GSVC,0.0,0.0,0.0,0.0,3.0,-3.0,5.0,False,3766.0,2.0,False,
2026-05-14,GT,0.0,0.0,0.0,-0.0008441922721526437,3.0,-11.441922721526437,5.0,False,6741.0,2.0,True,
2026-05-14,GTAC,0.0,0.0,0.0,0.0,3.0,-3.0,5.0,False,3767.0,2.0,False,
2026-05-14,GTAT,0.0,0.0,0.0,0.0,3.0,-3.0,5.0,False,3768.0,2.0,False,
2026-05-14,GTBP,0.0,0.0,0.0,-0.017443874731192497,3.0,-177.43874731192497,5.0,False,7532.0,1.0,False,
2026-05-14,GTEC,0.0,0.0,0.0,-0.0009852073162316076,3.0,-12.852073162316076,5.0,False,6787.0,2.0,False,
2026-05-14,GTEN,0.0,0.0,0.0,-0.0008805361430329964,3.0,-11.805361430329963,5.0,False,6756.0,2.0,True,
2026-05-14,GTERA,0.0,0.0,0.0,-0.0002909224785278405,3.0,-5.909224785278405,5.0,False,6527.0,2.0,True,
2026-05-14,GTHX,0.0,0.0,0.0,0.0,3.0,-3.0,5.0,False,3769.0,2.0,False,
2026-05-14,GTI,0.0,0.0,0.0,0.0,3.0,-3.0,5.0,False,3770.0,2.0,False,
2026-05-14,GTIM,0.0,0.0,0.0,0.001364709071183548,3.0,10.64709071183548,5.0,True,1158.0,4.0,False,
2026-05-14,GTIV,0.0,0.0,0.0,0.0,3.0,-3.0,5.0,False,3771.0,2.0,False,
2026-05-14,GTLB,0.0,0.0,0.0,-0.0007019986877420868,3.0,-10.019986877420868,5.0,False,6699.0,2.0,True,
2026-05-14,GTM,0.0,0.0,0.0,-0.004050214877052637,3.0,-43.50214877052637,5.0,False,7275.0,1.0,False,
2026-05-14,GTPA,0.0,0.0,0.0,0.0,3.0,-3.0,5.0,False,3772.0,2.0,False,
2026-05-14,GTPB,0.0,0.0,0.0,0.0,3.0,-3.0,5.0,False,3773.0,2.0,False,
2026-05-14,GTWN,0.0,0.0,0.0,0.0,3.0,-3.0,5.0,False,3774.0,2.0,False,
2026-05-14,GTX,0.00078125,0.0,0.00078125,0.006544376657796772,3.0,62.44376657796772,5.0,True,82.0,5.0,True,"BUY because predicted alpha is in the top decile. Net alpha after estimated 3.0 bps trading cost is 62.44 bps versus threshold 5.00 bps. Main contributors were mom_21, mom_5, parkinson_vol_20. Price filter passed; liquidity filter passed."
2026-05-14,GTXI,0.0,0.0,0.0,0.0,3.0,-3.0,5.0,False,3775.0,2.0,False,
2026-05-14,GTYH,0.0,0.0,0.0,0.0,3.0,-3.0,5.0,False,3776.0,2.0,False,
2026-05-14,GUID,0.0,0.0,0.0,0.0,3.0,-3.0,5.0,False,3777.0,2.0,False,
2026-05-14,GULT.U,0.0,0.0,0.0,0.0,3.0,-3.0,5.0,False,3778.0,2.0,False,
2026-05-14,GURE,0.0,0.0,0.0,-0.002708617905928528,3.0,-30.08617905928528,5.0,False,7141.0,1.0,False,
2026-05-14,GUTS,0.0,0.0,0.0,0.005593158450665951,3.0,52.931584506659505,5.0,True,124.0,5.0,False,
2026-05-14,GV,0.0,0.0,0.0,-0.0057303463157225,3.0,-60.303463157225,5.0,False,7368.0,1.0,False,
2026-05-14,GVCI,0.0,0.0,0.0,0.0,3.0,-3.0,5.0,False,3779.0,2.0,False,
2026-05-14,GVH,0.0,0.0,0.0,0.0048647635221883735,3.0,45.64763522188373,5.0,True,199.0,5.0,False,
2026-05-14,GVP,0.0,0.0,0.0,0.0,3.0,-3.0,5.0,False,3780.0,2.0,False,
2026-05-14,GWAC,0.0,0.0,0.0,0.0,3.0,-3.0,5.0,False,3781.0,2.0,False,
2026-05-14,GWAV,0.0,0.0,0.0,0.0004578282817007105,3.0,1.5782828170071053,5.0,False,1739.0,3.0,False,
2026-05-14,GWGH,0.0,0.0,0.0,0.0,3.0,-3.0,5.0,False,3782.0,2.0,False,
2026-05-14,GWII,0.0,0.0,0.0,0.0,3.0,-3.0,5.0,False,3783.0,2.0,False,
2026-05-14,GWRS,-0.00078125,0.0,-0.00078125,-0.003204692911805017,3.0,29.046929118050173,5.0,True,7198.0,1.0,True,"SHORT because predicted alpha is in the bottom decile. Net alpha after estimated 3.0 bps trading cost is 29.05 bps versus threshold 5.00 bps. Main contributors were volume_z_60, hl_range_20, intraday_return. Price filter passed; liquidity filter passed."
2026-05-14,GXAI,0.0,0.0,0.0,0.001584777531014634,3.0,12.847775310146341,5.0,True,1017.0,4.0,False,
2026-05-14,GXGX,0.0,0.0,0.0,0.0,3.0,-3.0,5.0,False,3784.0,2.0,False,
2026-05-14,GXII,0.0,0.0,0.0,0.0,3.0,-3.0,5.0,False,3785.0,2.0,False,
2026-05-14,GYMB,0.0,0.0,0.0,0.0,3.0,-3.0,5.0,False,3786.0,2.0,False,
2026-05-14,GYRE,0.0,0.0,0.0,-3.5704432157705043e-05,3.0,-3.3570443215770505,5.0,False,6399.0,2.0,True,
2026-05-14,GYRO,0.0,0.0,0.0,0.0022095711071144337,3.0,19.095711071144336,5.0,True,770.0,4.0,True,
2026-05-14,HA,0.0,0.0,0.0,0.0,3.0,-3.0,5.0,False,3787.0,2.0,False,
2026-05-14,HAAC,0.0,0.0,0.0,0.0,3.0,-3.0,5.0,False,3788.0,2.0,False,
2026-05-14,HAACU,0.0,0.0,0.0,0.0,3.0,-3.0,5.0,False,3789.0,2.0,False,
2026-05-14,HABT,0.0,0.0,0.0,0.0,3.0,-3.0,5.0,False,3790.0,2.0,False,
2026-05-14,HACQ,0.0,0.0,0.0,-0.0023360543458980673,3.0,-26.360543458980672,5.0,False,7091.0,1.0,True,
2026-05-14,HAFC,0.0,0.0,0.0,0.0012234473825384555,3.0,9.234473825384555,5.0,True,1233.0,4.0,True,
2026-05-14,HAIA,0.0,0.0,0.0,0.0,3.0,-3.0,5.0,False,3791.0,2.0,False,
2026-05-14,HAIN,0.0,0.0,0.0,-0.003321329462493797,3.0,-36.21329462493797,5.0,False,7206.0,1.0,False,
2026-05-14,HAIR,0.0,0.0,0.0,0.0,3.0,-3.0,5.0,False,3792.0,2.0,False,
2026-05-14,HALL,0.0,0.0,0.0,0.0,3.0,-3.0,5.0,False,3793.0,2.0,False,
2026-05-14,HALO,0.0,0.0,0.0,-0.0010080991416835346,3.0,-13.080991416835346,5.0,False,6796.0,2.0,True,
2026-05-14,HANS,0.0,0.0,0.0,0.0,3.0,-3.0,5.0,False,3794.0,2.0,False,
2026-05-14,HAO,0.0,0.0,0.0,-0.02410246556157848,3.0,-244.0246556157848,5.0,False,7555.0,1.0,False,
2026-05-14,HARP,0.0,0.0,0.0,0.0,3.0,-3.0,5.0,False,3795.0,2.0,False,
2026-05-14,HAS,0.0,0.0,0.0,-0.0008918719752738389,3.0,-11.91871975273839,5.0,False,6762.0,2.0,True,
2026-05-14,HAST,0.0,0.0,0.0,0.0,3.0,-3.0,5.0,False,3796.0,2.0,False,
2026-05-14,HAVA,0.0,0.0,0.0,0.0,3.0,-3.0,5.0,False,3797.0,2.0,False,
2026-05-14,HAVAR,0.0,0.0,0.0,0.0,3.0,-3.0,5.0,False,3798.0,2.0,False,
2026-05-14,HAWK.B,0.0,0.0,0.0,0.0,3.0,-3.0,5.0,False,3799.0,2.0,False,
2026-05-14,HAYN,0.0,0.0,0.0,0.0,3.0,-3.0,5.0,False,3800.0,2.0,False,
2026-05-14,HBAN,0.0,0.0,0.0,0.0014265710993644166,3.0,11.265710993644166,5.0,True,1121.0,4.0,True,
2026-05-14,HBAN.N,0.0,0.0,0.0,0.0,3.0,-3.0,5.0,False,3801.0,2.0,False,
2026-05-14,HBAN.P,0.0,0.0,0.0,0.0,3.0,-3.0,5.0,False,3802.0,2.0,False,
2026-05-14,HBANL,0.0,0.0,0.0,0.0008137897499687604,3.0,5.137897499687604,5.0,True,1497.0,4.0,True,
2026-05-14,HBANM,0.0,0.0,0.0,0.0003158819048837813,3.0,0.15881904883781317,5.0,False,1814.0,3.0,True,
2026-05-14,HBANZ,0.0,0.0,0.0,0.0005004603122834008,3.0,2.004603122834008,5.0,False,1703.0,3.0,True,
2026-05-14,HBCP,0.0,0.0,0.0,0.0016147350253431236,3.0,13.147350253431235,5.0,True,1001.0,4.0,True,
2026-05-14,HBHCL,0.0,0.0,0.0,0.0,3.0,-3.0,5.0,False,3803.0,2.0,False,
2026-05-14,HBIO,0.0,0.0,0.0,0.0003324973575297696,3.0,0.32497357529769566,5.0,False,1804.0,3.0,True,
2026-05-14,HBK,0.0,0.0,0.0,0.0,3.0,-3.0,5.0,False,3804.0,2.0,False,
2026-05-14,HBMD,0.0,0.0,0.0,0.0,3.0,-3.0,5.0,False,3805.0,2.0,False,
2026-05-14,HBNB,0.0,0.0,0.0,0.0033339481342015915,3.0,30.339481342015915,5.0,True,423.0,5.0,True,
2026-05-14,HBNC,0.0,0.0,0.0,0.0006739842664521753,3.0,3.7398426645217526,5.0,False,1589.0,3.0,True,
2026-05-14,HBNK,0.0,0.0,0.0,0.0,3.0,-3.0,5.0,False,3806.0,2.0,False,
2026-05-14,HBOS,0.0,0.0,0.0,0.0,3.0,-3.0,5.0,False,3807.0,2.0,False,
2026-05-14,HBP,0.0,0.0,0.0,0.0,3.0,-3.0,5.0,False,3808.0,2.0,False,
2026-05-14,HBT,0.0,0.0,0.0,0.0005187153988133852,3.0,2.1871539881338524,5.0,False,1691.0,3.0,True,
2026-05-14,HCAC,0.0,0.0,0.0,0.000146691485644692,3.0,-1.53308514355308,5.0,False,1910.0,3.0,True,
2026-05-14,HCAC.W,0.0,0.0,0.0,0.0,3.0,-3.0,5.0,False,3809.0,2.0,False,
2026-05-14,HCAI,0.0,0.0,0.0,-0.014623863836914944,3.0,-149.23863836914944,5.0,False,7518.0,1.0,True,
2026-05-14,HCAP,0.0,0.0,0.0,0.0,3.0,-3.0,5.0,False,3810.0,2.0,False,
2026-05-14,HCAPL,0.0,0.0,0.0,0.0,3.0,-3.0,5.0,False,3811.0,2.0,False,
2026-05-14,HCAPZ,0.0,0.0,0.0,0.0,3.0,-3.0,5.0,False,3812.0,2.0,False,
2026-05-14,HCAQ,0.0,0.0,0.0,0.0,3.0,-3.0,5.0,False,3813.0,2.0,False,
2026-05-14,HCAR,0.0,0.0,0.0,0.0,3.0,-3.0,5.0,False,3814.0,2.0,False,
2026-05-14,HCAT,0.0,0.0,0.0,-7.434886138562365e-05,3.0,-3.7434886138562367,5.0,False,6413.0,2.0,False,
2026-05-14,HCBK,0.0,0.0,0.0,0.0,3.0,-3.0,5.0,False,3815.0,2.0,False,
2026-05-14,HCCC,0.0,0.0,0.0,0.0,3.0,-3.0,5.0,False,3816.0,2.0,False,
2026-05-14,HCCH,0.0,0.0,0.0,0.0,3.0,-3.0,5.0,False,3817.0,2.0,False,
2026-05-14,HCCI,0.0,0.0,0.0,0.0,3.0,-3.0,5.0,False,3818.0,2.0,False,
2026-05-14,HCCO,0.0,0.0,0.0,0.0,3.0,-3.0,5.0,False,3819.0,2.0,False,
2026-05-14,HCDI,0.0,0.0,0.0,0.0,3.0,-3.0,5.0,False,3820.0,2.0,False,
2026-05-14,HCHL,0.0,0.0,0.0,0.006251182638424354,3.0,59.51182638424354,5.0,True,92.0,5.0,False,
2026-05-14,HCIC,0.0,0.0,0.0,0.0,3.0,-3.0,5.0,False,3821.0,2.0,False,
2026-05-14,HCII,0.0,0.0,0.0,0.0,3.0,-3.0,5.0,False,3822.0,2.0,False,
2026-05-14,HCKT,-0.00078125,0.0,-0.00078125,-0.003955090799937718,3.0,36.55090799937718,5.0,True,7268.0,1.0,True,"SHORT because predicted alpha is in the bottom decile. Net alpha after estimated 3.0 bps trading cost is 36.55 bps versus threshold 5.00 bps. Main contributors were mom_5, intraday_return, volume_z_60. Price filter passed; liquidity filter passed."
2026-05-14,HCMA,0.0,0.0,0.0,-0.0028731955590528325,3.0,-31.731955590528326,5.0,False,7166.0,1.0,True,
2026-05-14,HCNE,0.0,0.0,0.0,0.0,3.0,-3.0,5.0,False,3823.0,2.0,False,
2026-05-14,HCP,0.0,0.0,0.0,0.0,3.0,-3.0,5.0,False,3824.0,2.0,False,
2026-05-14,HCSG,0.0,0.0,0.0,0.002642639979580964,3.0,23.42639979580964,5.0,True,594.0,5.0,True,
2026-05-14,HCT,0.0,0.0,0.0,0.0,3.0,-3.0,5.0,False,3825.0,2.0,False,
2026-05-14,HCTI,0.0,0.0,0.0,-0.0034337818784186745,3.0,-37.337818784186744,5.0,False,7222.0,1.0,False,
2026-05-14,HCVI,0.0,0.0,0.0,0.0,3.0,-3.0,5.0,False,3826.0,2.0,False,
2026-05-14,HCWB,0.0,0.0,0.0,-6.808221968808903e-05,3.0,-3.6808221968808903,5.0,False,6412.0,2.0,False,
2026-05-14,HDNG,0.0,0.0,0.0,0.0,3.0,-3.0,5.0,False,3827.0,2.0,False,
2026-05-14,HDP,0.0,0.0,0.0,0.0,3.0,-3.0,5.0,False,3828.0,2.0,False,
2026-05-14,HDRA,0.0,0.0,0.0,0.0,3.0,-3.0,5.0,False,3829.0,2.0,False,
2026-05-14,HDRA.R,0.0,0.0,0.0,0.0,3.0,-3.0,5.0,False,3830.0,2.0,False,
2026-05-14,HDRA.W,0.0,0.0,0.0,0.0,3.0,-3.0,5.0,False,3831.0,2.0,False,
2026-05-14,HDS,0.0,0.0,0.0,0.0,3.0,-3.0,5.0,False,3832.0,2.0,False,
2026-05-14,HDSN,0.0,0.0,0.0,0.00017954917485679073,3.0,-1.2045082514320926,5.0,False,1894.0,3.0,False,
2026-05-14,HEAR,0.0,0.0,0.0,0.0,3.0,-3.0,5.0,False,3833.0,2.0,False,
2026-05-14,HEBT,0.0,0.0,0.0,0.0,3.0,-3.0,5.0,False,3834.0,2.0,False,
2026-05-14,HEC,0.0,0.0,0.0,0.0,3.0,-3.0,5.0,False,3835.0,2.0,False,
2026-05-14,HEES,0.0,0.0,0.0,0.0,3.0,-3.0,5.0,False,3836.0,2.0,False,
2026-05-14,HELE,0.0,0.0,0.0,-0.0018219099474579763,3.0,-21.219099474579764,5.0,False,6974.0,1.0,True,
2026-05-14,HELP,0.0,0.0,0.0,0.0012711321091051083,3.0,9.711321091051083,5.0,True,1205.0,4.0,True,
2026-05-14,HEOP,0.0,0.0,0.0,0.0,3.0,-3.0,5.0,False,3837.0,2.0,False,
2026-05-14,HEPA,0.0,0.0,0.0,0.0,3.0,-3.0,5.0,False,3838.0,2.0,False,
2026-05-14,HERA,0.0,0.0,0.0,0.0,3.0,-3.0,5.0,False,3839.0,2.0,False,
2026-05-14,HERZ,0.0,0.0,0.0,0.0014588516267391716,3.0,11.588516267391716,5.0,True,1096.0,4.0,True,
2026-05-14,HEV,0.0,0.0,0.0,0.0,3.0,-3.0,5.0,False,3840.0,2.0,False,
2026-05-14,HEXO,0.0,0.0,0.0,0.0,3.0,-3.0,5.0,False,3841.0,2.0,False,
2026-05-14,HFBC,0.0,0.0,0.0,0.0,3.0,-3.0,5.0,False,3842.0,2.0,False,
2026-05-14,HFBL,0.0,0.0,0.0,0.0009228067403871195,3.0,6.228067403871195,5.0,True,1424.0,4.0,True,
2026-05-14,HFEN,0.0,0.0,0.0,0.0,3.0,-3.0,5.0,False,3843.0,2.0,False,
2026-05-14,HFFC,0.0,0.0,0.0,0.0,3.0,-3.0,5.0,False,3844.0,2.0,False,
2026-05-14,HFFG,0.0,0.0,0.0,0.00540100271316571,3.0,51.0100271316571,5.0,True,148.0,5.0,False,
2026-05-14,HFWA,0.0,0.0,0.0,0.0006991892735815722,3.0,3.991892735815722,5.0,False,1573.0,3.0,True,
2026-05-14,HGAS,0.0,0.0,0.0,0.0,3.0,-3.0,5.0,False,3845.0,2.0,False,
2026-05-14,HGBL,0.0,0.0,0.0,-0.00011844938742959072,3.0,-4.1844938742959075,5.0,False,6433.0,2.0,False,
2026-05-14,HGEN,0.0,0.0,0.0,0.0,3.0,-3.0,5.0,False,3846.0,2.0,False,
2026-05-14,HGSH,0.0,0.0,0.0,0.0,3.0,-3.0,5.0,False,3847.0,2.0,False,
2026-05-14,HGSI,0.0,0.0,0.0,0.0,3.0,-3.0,5.0,False,3848.0,2.0,False,
2026-05-14,HHGC,0.0,0.0,0.0,0.0,3.0,-3.0,5.0,False,3849.0,2.0,False,
2026-05-14,HHHH,0.0,0.0,0.0,0.0,3.0,-3.0,5.0,False,3850.0,2.0,False,
2026-05-14,HHRS,0.0,0.0,0.0,0.0,3.0,-3.0,5.0,False,3851.0,2.0,False,
2026-05-14,HHS,0.0,0.0,0.0,0.0012820703296181645,3.0,9.820703296181645,5.0,True,1196.0,4.0,False,
2026-05-14,HHT,0.0,0.0,0.0,0.0,3.0,-3.0,5.0,False,3852.0,2.0,False,
2026-05-14,HIBB,0.0,0.0,0.0,0.0,3.0,-3.0,5.0,False,3853.0,2.0,False,
2026-05-14,HIFS,0.0,0.0,0.0,0.0013099964942789137,3.0,10.099964942789137,5.0,True,1182.0,4.0,True,
2026-05-14,HIHO,0.0,0.0,0.0,0.006020563218694295,3.0,57.20563218694295,5.0,True,109.0,5.0,False,
2026-05-14,HIII,0.0,0.0,0.0,0.0,3.0,-3.0,5.0,False,3854.0,2.0,False,
2026-05-14,HIIQ,0.0,0.0,0.0,0.0,3.0,-3.0,5.0,False,3855.0,2.0,False,
2026-05-14,HILL,0.0,0.0,0.0,0.0,3.0,-3.0,5.0,False,3856.0,2.0,False,
2026-05-14,HILS,0.0,0.0,0.0,0.0,3.0,-3.0,5.0,False,3857.0,2.0,False,
2026-05-14,HIND,0.0,0.0,0.0,0.00039574267548875784,3.0,0.9574267548875786,5.0,False,1775.0,3.0,False,
2026-05-14,HIT,0.0,0.0,0.0,0.006730749540399546,3.0,64.30749540399546,5.0,True,73.0,5.0,False,
2026-05-14,HITI,0.0,0.0,0.0,0.0018620022339759874,3.0,15.620022339759874,5.0,True,888.0,4.0,False,
2026-05-14,HITK,0.0,0.0,0.0,0.0,3.0,-3.0,5.0,False,3858.0,2.0,False,
2026-05-14,HITT,0.0,0.0,0.0,0.0,3.0,-3.0,5.0,False,3859.0,2.0,False,
2026-05-14,HIVE,0.0,0.0,0.0,-0.0010294903636696286,3.0,-13.294903636696286,5.0,False,6802.0,2.0,False,
2026-05-14,HJLI,0.0,0.0,0.0,0.0,3.0,-3.0,5.0,False,3860.0,2.0,False,
2026-05-14,HKIT,0.0,0.0,0.0,-0.01263487897510975,3.0,-129.3487897510975,5.0,False,7505.0,1.0,False,
2026-05-14,HKPD,0.0,0.0,0.0,-0.004030455079417041,3.0,-43.30455079417041,5.0,False,7272.0,1.0,False,
2026-05-14,HKTV,0.0,0.0,0.0,0.0,3.0,-3.0,5.0,False,3861.0,2.0,False,
2026-05-14,HLAH,0.0,0.0,0.0,0.0,3.0,-3.0,5.0,False,3862.0,2.0,False,
2026-05-14,HLBZ,0.0,0.0,0.0,0.0,3.0,-3.0,5.0,False,3863.0,2.0,False,
2026-05-14,HLCS,0.0,0.0,0.0,0.0,3.0,-3.0,5.0,False,3864.0,2.0,False,
2026-05-14,HLIT,0.0,0.0,0.0,0.003944932504367194,3.0,36.44932504367194,5.0,True,308.0,5.0,True,
2026-05-14,HLMN,0.0,0.0,0.0,0.0020472551936534305,3.0,17.472551936534305,5.0,True,812.0,4.0,True,
2026-05-14,HLNE,0.0,0.0,0.0,0.0010720611488311187,3.0,7.720611488311187,5.0,True,1319.0,4.0,True,
2026-05-14,HLP,0.0,0.0,0.0,-0.00210770008059885,3.0,-24.0770008059885,5.0,False,7042.0,1.0,False,
2026-05-14,HLSS,0.0,0.0,0.0,0.0,3.0,-3.0,5.0,False,3865.0,2.0,False,
2026-05-14,HLTH,0.0,0.0,0.0,0.0,3.0,-3.0,5.0,False,3866.0,2.0,False,
2026-05-14,HLVX,0.0,0.0,0.0,0.0,3.0,-3.0,5.0,False,3867.0,2.0,False,
2026-05-14,HLXA,0.0,0.0,0.0,0.0,3.0,-3.0,5.0,False,3868.0,2.0,False,
2026-05-14,HLXB,0.0,0.0,0.0,0.0,3.0,-3.0,5.0,False,3869.0,2.0,False,
2026-05-14,HLXC,0.0,0.0,0.0,0.0003771153471088056,3.0,0.7711534710880561,5.0,False,1783.0,3.0,True,
2026-05-14,HMAC,0.0,0.0,0.0,0.0,3.0,-3.0,5.0,False,3870.0,2.0,False,
2026-05-14,HMCO,0.0,0.0,0.0,0.0,3.0,-3.0,5.0,False,3871.0,2.0,False,
2026-05-14,HMH,0.0,0.0,0.0,0.002726785562564027,3.0,24.26785562564027,5.0,True,572.0,5.0,True,
2026-05-14,HMHC,0.0,0.0,0.0,0.0,3.0,-3.0,5.0,False,3872.0,2.0,False,
2026-05-14,HMIN,0.0,0.0,0.0,0.0,3.0,-3.0,5.0,False,3873.0,2.0,False,
2026-05-14,HMNF,0.0,0.0,0.0,0.0,3.0,-3.0,5.0,False,3874.0,2.0,False,
2026-05-14,HMNY,0.0,0.0,0.0,0.0,3.0,-3.0,5.0,False,3875.0,2.0,False,
2026-05-14,HMPR,0.0,0.0,0.0,0.0,3.0,-3.0,5.0,False,3876.0,2.0,False,
2026-05-14,HMPT,0.0,0.0,0.0,0.0,3.0,-3.0,5.0,False,3877.0,2.0,False,
2026-05-14,HMR,0.0,0.0,0.0,-0.006968701981600351,3.0,-72.68701981600351,5.0,False,7416.0,1.0,False,
2026-05-14,HMST,0.0,0.0,0.0,0.0,3.0,-3.0,5.0,False,3878.0,2.0,False,
2026-05-14,HMSY,0.0,0.0,0.0,0.0,3.0,-3.0,5.0,False,3879.0,2.0,False,
2026-05-14,HMTA,0.0,0.0,0.0,0.0,3.0,-3.0,5.0,False,3880.0,2.0,False,
2026-05-14,HMTV,0.0,0.0,0.0,0.0,3.0,-3.0,5.0,False,3881.0,2.0,False,
2026-05-14,HMU,0.0,0.0,0.0,0.0,3.0,-3.0,5.0,False,3882.0,2.0,False,
2026-05-14,HNH,0.0,0.0,0.0,0.0,3.0,-3.0,5.0,False,3883.0,2.0,False,
2026-05-14,HNNA,0.0,0.0,0.0,0.00046183562402721755,3.0,1.6183562402721758,5.0,False,1734.0,3.0,True,
2026-05-14,HNNAZ,0.0,0.0,0.0,0.001135804625595038,3.0,8.35804625595038,5.0,True,1280.0,4.0,True,
2026-05-14,HNRG,0.0,0.0,0.0,0.0019641672258971306,3.0,16.641672258971305,5.0,True,844.0,4.0,True,
2026-05-14,HNSN,0.0,0.0,0.0,0.0,3.0,-3.0,5.0,False,3884.0,2.0,False,
2026-05-14,HNST,0.0,0.0,0.0,0.0023492161403322522,3.0,20.492161403322523,5.0,True,707.0,5.0,False,
2026-05-14,HNVR,0.0,0.0,0.0,-0.0024318865725691066,3.0,-27.318865725691065,5.0,False,7104.0,1.0,True,
2026-05-14,HOFT,0.0,0.0,0.0,9.083178898718126e-06,3.0,-2.9091682110128185,5.0,False,1984.0,3.0,True,
2026-05-14,HOFV,0.0,0.0,0.0,0.0,3.0,-3.0,5.0,False,3885.0,2.0,False,
2026-05-14,HOGS,0.0,0.0,0.0,0.0,3.0,-3.0,5.0,False,3886.0,2.0,False,
2026-05-14,HOL,0.0,0.0,0.0,0.0,3.0,-3.0,5.0,False,3887.0,2.0,False,
2026-05-14,HOLI,0.0,0.0,0.0,0.0,3.0,-3.0,5.0,False,3888.0,2.0,False,
2026-05-14,HOLO,0.0,0.0,0.0,-0.0004902607333506295,3.0,-7.902607333506295,5.0,False,6625.0,2.0,False,
2026-05-14,HOLX,0.0,0.0,0.0,0.0,3.0,-3.0,5.0,False,3889.0,2.0,False,
2026-05-14,HON,0.0,0.0,0.0,-0.00014737080220723247,3.0,-4.473708022072325,5.0,False,6450.0,2.0,True,
2026-05-14,HOND,0.0,0.0,0.0,0.0,3.0,-3.0,5.0,False,3890.0,2.0,False,
2026-05-14,HONE,0.0,0.0,0.0,0.0,3.0,-3.0,5.0,False,3891.0,2.0,False,
2026-05-14,HONIV,0.0,0.0,0.0,0.0,3.0,-3.0,5.0,False,3892.0,2.0,False,
2026-05-14,HOOD,0.0,0.0,0.0,0.00042483385489165546,3.0,1.2483385489165544,5.0,False,1759.0,3.0,True,
2026-05-14,HOOK,0.0,0.0,0.0,0.0,3.0,-3.0,5.0,False,3893.0,2.0,False,
2026-05-14,HOPE,0.0,0.0,0.0,0.000914387777046409,3.0,6.143877770464091,5.0,True,1427.0,4.0,True,
2026-05-14,HORI,0.0,0.0,0.0,0.0,3.0,-3.0,5.0,False,3894.0,2.0,False,
2026-05-14,HOTH,0.0,0.0,0.0,-0.0030698841946709848,3.0,-33.69884194670985,5.0,False,7185.0,1.0,False,
2026-05-14,HOTR,0.0,0.0,0.0,0.0,3.0,-3.0,5.0,False,3895.0,2.0,False,
2026-05-14,HOTR.W,0.0,0.0,0.0,0.0,3.0,-3.0,5.0,False,3896.0,2.0,False,
2026-05-14,HOTT,0.0,0.0,0.0,0.0,3.0,-3.0,5.0,False,3897.0,2.0,False,
2026-05-14,HOUR,0.0,0.0,0.0,-0.0011126769104525893,3.0,-14.126769104525893,5.0,False,6820.0,2.0,False,
2026-05-14,HOVR,0.0,0.0,0.0,0.004632000683685333,3.0,43.32000683685333,5.0,True,217.0,5.0,False,
2026-05-14,HOWL,0.0,0.0,0.0,-0.0010003978491829623,3.0,-13.003978491829622,5.0,False,6794.0,2.0,False,
2026-05-14,HPAC,0.0,0.0,0.0,0.0,3.0,-3.0,5.0,False,3898.0,2.0,False,
2026-05-14,HPAI,0.0,0.0,0.0,0.0034960307625897646,3.0,31.96030762589765,5.0,True,391.0,5.0,False,
2026-05-14,HPCO,0.0,0.0,0.0,0.0,3.0,-3.0,5.0,False,3899.0,2.0,False,
2026-05-14,HPJ,0.0,0.0,0.0,0.0,3.0,-3.0,5.0,False,3900.0,2.0,False,
2026-05-14,HPK,0.00078125,0.0,0.00078125,0.005210016647118546,3.0,49.10016647118546,5.0,True,167.0,5.0,True,"BUY because predicted alpha is in the top decile. Net alpha after estimated 3.0 bps trading cost is 49.10 bps versus threshold 5.00 bps. Main contributors were mom_5, volume_z_60, parkinson_vol_20. Price filter passed; liquidity filter passed."
2026-05-14,HPLT,0.0,0.0,0.0,0.0,3.0,-3.0,5.0,False,3901.0,2.0,False,
2026-05-14,HPT,0.0,0.0,0.0,0.0,3.0,-3.0,5.0,False,3902.0,2.0,False,
2026-05-14,HPTR.P,0.0,0.0,0.0,0.0,3.0,-3.0,5.0,False,3903.0,2.0,False,
2026-05-14,HPTX,0.0,0.0,0.0,0.0,3.0,-3.0,5.0,False,3904.0,2.0,False,
2026-05-14,HQ,0.0,0.0,0.0,0.002597061743856375,3.0,22.97061743856375,5.0,True,609.0,5.0,True,
2026-05-14,HQI,0.0,0.0,0.0,-0.0005140651409961685,3.0,-8.140651409961684,5.0,False,6634.0,2.0,True,
2026-05-14,HQY,0.0,0.0,0.0,0.0008859005169207698,3.0,5.859005169207698,5.0,True,1447.0,4.0,True,
2026-05-14,HRBN,0.0,0.0,0.0,0.0,3.0,-3.0,5.0,False,3905.0,2.0,False,
2026-05-14,HRMN,0.0,0.0,0.0,0.0,3.0,-3.0,5.0,False,3906.0,2.0,False,
2026-05-14,HRMN.W,0.0,0.0,0.0,0.0,3.0,-3.0,5.0,False,3907.0,2.0,False,
2026-05-14,HRMY,0.0,0.0,0.0,0.0013951796708219146,3.0,10.951796708219145,5.0,True,1138.0,4.0,True,
2026-05-14,HROW,-0.004457310267857143,-0.004464285714285714,6.975446428571404e-06,-0.004240324048058512,3.0,39.40324048058512,5.0,True,7287.0,1.0,True,"COVER because predicted alpha is in the bottom decile. Net alpha after estimated 3.0 bps trading cost is 39.40 bps versus threshold 5.00 bps. Main contributors were intraday_return, mom_5, mom_21. Price filter passed; liquidity filter passed."
2026-05-14,HROWL,0.0,0.0,0.0,0.0,3.0,-3.0,5.0,False,3908.0,2.0,False,
2026-05-14,HROWM,0.0,0.0,0.0,0.0,3.0,-3.0,5.0,False,3909.0,2.0,False,
2026-05-14,HRTX,0.0,0.0,0.0,-0.0019307726430598173,3.0,-22.307726430598173,5.0,False,7003.0,1.0,False,
2026-05-14,HRYU,0.0,0.0,0.0,0.0,3.0,-3.0,5.0,False,3910.0,2.0,False,
2026-05-14,HRZN,0.0,0.0,0.0,-0.0014971932161594373,3.0,-17.971932161594374,5.0,False,6912.0,1.0,False,
2026-05-14,HSAC,0.0,0.0,0.0,0.0,3.0,-3.0,5.0,False,3911.0,2.0,False,
2026-05-14,HSAI,-0.003676060267857143,-0.004464285714285714,0.0007882254464285712,0.0027826954309963592,3.0,-30.826954309963593,5.0,False,554.0,5.0,True,"COVER because predicted alpha is in the bottom decile. Net alpha after estimated 3.0 bps trading cost is -30.83 bps versus threshold 5.00 bps. Main contributors were hl_range_20, close_to_high_20, mom_1. Price filter passed; liquidity filter passed."
2026-05-14,HSAQ,0.0,0.0,0.0,0.0,3.0,-3.0,5.0,False,3912.0,2.0,False,
2026-05-14,HSCS,0.0,0.0,0.0,-0.004225697925941129,3.0,-45.25697925941129,5.0,False,7286.0,1.0,False,
2026-05-14,HSDT,0.0,0.0,0.0,2.8784091386277032e-05,3.0,-2.7121590861372296,5.0,False,1974.0,3.0,False,
2026-05-14,HSGX,0.0,0.0,0.0,0.0,3.0,-3.0,5.0,False,3913.0,2.0,False,
2026-05-14,HSIC,0.0,0.0,0.0,-0.00200858245814376,3.0,-23.0858245814376,5.0,False,7022.0,1.0,True,
2026-05-14,HSICV,0.0,0.0,0.0,0.0,3.0,-3.0,5.0,False,3914.0,2.0,False,
2026-05-14,HSII,0.0,0.0,0.0,0.0,3.0,-3.0,5.0,False,3915.0,2.0,False,
2026-05-14,HSKA,0.0,0.0,0.0,0.0,3.0,-3.0,5.0,False,3916.0,2.0,False,
2026-05-14,HSNI,0.0,0.0,0.0,0.0,3.0,-3.0,5.0,False,3917.0,2.0,False,
2026-05-14,HSOL,0.0,0.0,0.0,0.0,3.0,-3.0,5.0,False,3918.0,2.0,False,
2026-05-14,HSON,0.0,0.0,0.0,0.0,3.0,-3.0,5.0,False,3919.0,2.0,False,
2026-05-14,HSPO,0.0,0.0,0.0,0.0,3.0,-3.0,5.0,False,3920.0,2.0,False,
2026-05-14,HSPT,0.0,0.0,0.0,-0.002266089753965635,3.0,-25.66089753965635,5.0,False,7077.0,1.0,True,
2026-05-14,HST,0.0,0.0,0.0,0.002208805045060271,3.0,19.088050450602708,5.0,True,771.0,4.0,True,
2026-05-14,HSTM,0.0,0.0,0.0,0.0012292504244768659,3.0,9.292504244768658,5.0,True,1228.0,4.0,True,
2026-05-14,HSTO,0.0,0.0,0.0,0.0,3.0,-3.0,5.0,False,3921.0,2.0,False,
2026-05-14,HTBI,0.0,0.0,0.0,0.0,3.0,-3.0,5.0,False,3922.0,2.0,False,
2026-05-14,HTBK,0.0,0.0,0.0,0.0,3.0,-3.0,5.0,False,3923.0,2.0,False,
2026-05-14,HTCH,0.0,0.0,0.0,0.0,3.0,-3.0,5.0,False,3924.0,2.0,False,
2026-05-14,HTCO,-0.004457310267857143,-0.004464285714285714,6.975446428571404e-06,-0.01808403354573547,3.0,177.8403354573547,5.0,True,7535.0,1.0,True,"COVER because predicted alpha is in the bottom decile. Net alpha after estimated 3.0 bps trading cost is 177.84 bps versus threshold 5.00 bps. Main contributors were parkinson_vol_20, overnight_return, volatility_10. Price filter passed; liquidity filter passed."
2026-05-14,HTCR,0.0,0.0,0.0,-0.0015677407823289715,3.0,-18.677407823289716,5.0,False,6932.0,1.0,False,
2026-05-14,HTFL,0.0,0.0,0.0,0.0013621279293638158,3.0,10.621279293638159,5.0,True,1160.0,4.0,True,
2026-05-14,HTGM,0.0,0.0,0.0,0.0,3.0,-3.0,5.0,False,3925.0,2.0,False,
2026-05-14,HTLD,0.0,0.0,0.0,-0.0010822767166337472,3.0,-13.822767166337472,5.0,False,6815.0,2.0,True,
2026-05-14,HTLF,0.0,0.0,0.0,0.0,3.0,-3.0,5.0,False,3926.0,2.0,False,
2026-05-14,HTLM,0.0,0.0,0.0,0.0017269035144592511,3.0,14.269035144592511,5.0,True,950.0,4.0,False,
2026-05-14,HTO,0.0,0.0,0.0,0.0018611931120214266,3.0,15.611931120214265,5.0,True,890.0,4.0,True,
2026-05-14,HTOO,0.0,0.0,0.0,-0.001191392497740128,3.0,-14.913924977401281,5.0,False,6844.0,1.0,False,
2026-05-14,HTWO,0.0,0.0,0.0,0.0,3.0,-3.0,5.0,False,3927.0,2.0,False,
2026-05-14,HTWR,0.0,0.0,0.0,0.0,3.0,-3.0,5.0,False,3928.0,2.0,False,
2026-05-14,HTZ,0.0,0.0,0.0,0.0028132963662212936,3.0,25.132963662212937,5.0,True,547.0,5.0,True,
2026-05-14,HUAK,0.0,0.0,0.0,0.0,3.0,-3.0,5.0,False,3929.0,2.0,False,
2026-05-14,HUBC,0.0,0.0,0.0,-0.03556189341173944,3.0,-358.61893411739436,5.0,False,7578.0,1.0,False,
2026-05-14,HUBG,0.0,0.0,0.0,-0.0002345767491815528,3.0,-5.345767491815527,5.0,False,6492.0,2.0,True,
2026-05-14,HUDA,0.0,0.0,0.0,0.0,3.0,-3.0,5.0,False,3930.0,2.0,False,
2026-05-14,HUDI,0.0,0.0,0.0,0.0024339923731136314,3.0,21.339923731136313,5.0,True,668.0,5.0,False,
2026-05-14,HUGE,0.0,0.0,0.0,0.0,3.0,-3.0,5.0,False,3931.0,2.0,False,
2026-05-14,HUHU,0.0,0.0,0.0,-0.002150695528091497,3.0,-24.50695528091497,5.0,False,7049.0,1.0,True,
2026-05-14,HUMA,0.0,0.0,0.0,0.009022463688475176,3.0,87.22463688475176,5.0,True,25.0,5.0,False,
2026-05-14,HUNT,0.0,0.0,0.0,0.0,3.0,-3.0,5.0,False,3932.0,2.0,False,
2026-05-14,HURA,0.0,0.0,0.0,0.0026346334337921115,3.0,23.346334337921114,5.0,True,596.0,5.0,False,
2026-05-14,HURC,0.0,0.0,0.0,-0.00028380076500427213,3.0,-5.838007650042721,5.0,False,6519.0,2.0,True,
2026-05-14,HURN,0.0,0.0,0.0,-0.000383597100406375,3.0,-6.83597100406375,5.0,False,6570.0,2.0,True,
2026-05-14,HUSN,0.0,0.0,0.0,0.0,3.0,-3.0,5.0,False,3933.0,2.0,False,
2026-05-14,HUT,0.004457310267857143,0.004464285714285714,-6.975446428571404e-06,0.006630716077667964,3.0,63.30716077667964,5.0,True,80.0,5.0,True,"SELL because predicted alpha is in the top decile. Net alpha after estimated 3.0 bps trading cost is 63.31 bps versus threshold 5.00 bps. Main contributors were mom_252, mom_21, mom_63. Price filter passed; liquidity filter passed."
2026-05-14,HVBC,0.0,0.0,0.0,0.0,3.0,-3.0,5.0,False,3934.0,2.0,False,
2026-05-14,HVBT,0.0,0.0,0.0,0.0,3.0,-3.0,5.0,False,3935.0,2.0,False,
2026-05-14,HVII,0.0,0.0,0.0,0.0009631330997336785,3.0,6.631330997336784,5.0,True,1399.0,4.0,True,
2026-05-14,HVMC,0.0,0.0,0.0,0.0,3.0,-3.0,5.0,False,3936.0,2.0,False,
2026-05-14,HWBK,0.0,0.0,0.0,0.0006232713750046289,3.0,3.2327137500462895,5.0,False,1624.0,3.0,True,
2026-05-14,HWC,0.0,0.0,0.0,-0.0003011816053584356,3.0,-6.011816053584356,5.0,False,6532.0,2.0,True,
2026-05-14,HWCC,0.0,0.0,0.0,0.0,3.0,-3.0,5.0,False,3937.0,2.0,False,
2026-05-14,HWCPL,0.0,0.0,0.0,0.0,3.0,-3.0,5.0,False,3938.0,2.0,False,
2026-05-14,HWCPZ,0.0,0.0,0.0,0.001021396685286764,3.0,7.213966852867639,5.0,True,1359.0,4.0,True,
2026-05-14,HWEL,0.0,0.0,0.0,0.0,3.0,-3.0,5.0,False,3939.0,2.0,False,
2026-05-14,HWH,0.0,0.0,0.0,-0.0011157558190213607,3.0,-14.157558190213607,5.0,False,6822.0,2.0,False,
2026-05-14,HWKN,0.0,0.0,0.0,-0.0009125416496304056,3.0,-12.125416496304055,5.0,False,6769.0,2.0,True,
2026-05-14,HXHX,0.0,0.0,0.0,-0.002230204730482027,3.0,-25.302047304820267,5.0,False,7066.0,1.0,False,
2026-05-14,HYFM,0.0,0.0,0.0,0.00012102764646345624,3.0,-1.7897235353654375,5.0,False,1924.0,3.0,False,
2026-05-14,HYFT,0.0,0.0,0.0,0.0035884881246096324,3.0,32.88488124609633,5.0,True,371.0,5.0,False,
2026-05-14,HYGS,0.0,0.0,0.0,0.0,3.0,-3.0,5.0,False,3940.0,2.0,False,
2026-05-14,HYMC,0.004457310267857143,0.004464285714285714,-6.975446428571404e-06,0.0063684881312194505,3.0,60.684881312194506,5.0,True,85.0,5.0,True,"SELL because predicted alpha is in the top decile. Net alpha after estimated 3.0 bps trading cost is 60.68 bps versus threshold 5.00 bps. Main contributors were intraday_return, mom_252, hl_range_20. Price filter passed; liquidity filter passed."
2026-05-14,HYNE,0.0,0.0,0.0,0.0004837432507003403,3.0,1.8374325070034025,5.0,False,1718.0,3.0,True,
2026-05-14,HYPD,0.0,0.0,0.0,-0.000591977877187194,3.0,-8.91977877187194,5.0,False,6660.0,2.0,False,
2026-05-14,HYPR,0.0,0.0,0.0,0.0017788773051786442,3.0,14.788773051786443,5.0,True,928.0,4.0,False,
2026-05-14,HYRE,0.0,0.0,0.0,0.0,3.0,-3.0,5.0,False,3941.0,2.0,False,
2026-05-14,HYZN,0.0,0.0,0.0,0.0,3.0,-3.0,5.0,False,3942.0,2.0,False,
2026-05-14,HZNP,0.0,0.0,0.0,0.0,3.0,-3.0,5.0,False,3943.0,2.0,False,
2026-05-14,IAC,0.0,0.0,0.0,0.0007260765571704846,3.0,4.260765571704846,5.0,False,1551.0,3.0,True,
2026-05-14,IACI,0.0,0.0,0.0,0.0,3.0,-3.0,5.0,False,3944.0,2.0,False,
2026-05-14,IACO,0.0,0.0,0.0,-0.0019928562505921077,3.0,-22.92856250592108,5.0,False,7015.0,1.0,True,
2026-05-14,IACVV,0.0,0.0,0.0,0.0,3.0,-3.0,5.0,False,3945.0,2.0,False,
2026-05-14,IAIC,0.0,0.0,0.0,0.0,3.0,-3.0,5.0,False,3946.0,2.0,False,
2026-05-14,IAM,0.0,0.0,0.0,0.0,3.0,-3.0,5.0,False,3947.0,2.0,False,
2026-05-14,IART,-0.003676060267857143,-0.004464285714285714,0.0007882254464285712,0.0024930942546203374,3.0,-27.930942546203372,5.0,False,645.0,5.0,True,"COVER because predicted alpha is in the bottom decile. Net alpha after estimated 3.0 bps trading cost is -27.93 bps versus threshold 5.00 bps. Main contributors were mom_10, earnings_yield, mom_1. Price filter passed; liquidity filter passed."
2026-05-14,IART.V,0.0,0.0,0.0,0.0,3.0,-3.0,5.0,False,3948.0,2.0,False,
2026-05-14,IAS,0.0,0.0,0.0,0.0,3.0,-3.0,5.0,False,3949.0,2.0,False,
2026-05-14,IBAC,0.0,0.0,0.0,-0.00012989304157950358,3.0,-4.298930415795036,5.0,False,6437.0,2.0,True,
2026-05-14,IBCP,0.0,0.0,0.0,0.0008309260578018127,3.0,5.309260578018126,5.0,True,1481.0,4.0,True,
2026-05-14,IBEX,0.0,0.0,0.0,0.00031694235926824283,3.0,0.16942359268242813,5.0,False,1812.0,3.0,True,
2026-05-14,IBG,0.0,0.0,0.0,0.0004496768592493622,3.0,1.4967685924936216,5.0,False,1742.0,3.0,False,
2026-05-14,IBIO,0.0,0.0,0.0,-0.0016571151356086114,3.0,-19.571151356086112,5.0,False,6945.0,1.0,False,
2026-05-14,IBKC,0.0,0.0,0.0,0.0,3.0,-3.0,5.0,False,3950.0,2.0,False,
2026-05-14,IBKC.O,0.0,0.0,0.0,0.0,3.0,-3.0,5.0,False,3951.0,2.0,False,
2026-05-14,IBKR,0.0,0.0,0.0,0.0009227395559891507,3.0,6.227395559891507,5.0,True,1425.0,4.0,True,
2026-05-14,IBOC,0.0,0.0,0.0,-0.0002816537052021442,3.0,-5.816537052021442,5.0,False,6515.0,2.0,True,
2026-05-14,IBRX,0.0,0.0,0.0,-0.00016158366134676216,3.0,-4.615836613467621,5.0,False,6457.0,2.0,True,
2026-05-14,IBTX,0.0,0.0,0.0,0.0,3.0,-3.0,5.0,False,3952.0,2.0,False,
2026-05-14,ICAD,0.0,0.0,0.0,0.0,3.0,-3.0,5.0,False,3953.0,2.0,False,
2026-05-14,ICBK,0.0,0.0,0.0,0.0,3.0,-3.0,5.0,False,3954.0,2.0,False,
2026-05-14,ICCC,0.0,0.0,0.0,0.002847885544001514,3.0,25.478855440015142,5.0,True,537.0,5.0,True,
2026-05-14,ICCH,0.0,0.0,0.0,0.0,3.0,-3.0,5.0,False,3955.0,2.0,False,
2026-05-14,ICCM,0.0,0.0,0.0,-0.00036128980777631403,3.0,-6.61289807776314,5.0,False,6562.0,2.0,False,
2026-05-14,ICCT,0.0,0.0,0.0,0.0,3.0,-3.0,5.0,False,3956.0,2.0,False,
2026-05-14,ICEL,0.0,0.0,0.0,0.0,3.0,-3.0,5.0,False,3957.0,2.0,False,
2026-05-14,ICFI,0.0,0.0,0.0,-0.00200173538124463,3.0,-23.017353812446302,5.0,False,7018.0,1.0,True,
2026-05-14,ICGE,0.0,0.0,0.0,0.0,3.0,-3.0,5.0,False,3958.0,2.0,False,
2026-05-14,ICHR,0.0,0.0,0.0,0.00245335264478963,3.0,21.5335264478963,5.0,True,658.0,5.0,True,
2026-05-14,ICLD,0.0,0.0,0.0,0.0,3.0,-3.0,5.0,False,3959.0,2.0,False,
2026-05-14,ICLD.W,0.0,0.0,0.0,0.0,3.0,-3.0,5.0,False,3960.0,2.0,False,
2026-05-14,ICLR,0.0,0.0,0.0,0.001531377878218279,3.0,12.313778782182789,5.0,True,1053.0,4.0,True,
2026-05-14,ICMB,0.0,0.0,0.0,-0.003236112732676621,3.0,-35.36112732676621,5.0,False,7201.0,1.0,False,
2026-05-14,ICON,0.0,0.0,0.0,0.0032533822671466355,3.0,29.533822671466353,5.0,True,447.0,5.0,False,
2026-05-14,ICPT,0.0,0.0,0.0,0.0,3.0,-3.0,5.0,False,3961.0,2.0,False,
2026-05-14,ICU,0.0,0.0,0.0,0.005200117520241809,3.0,49.00117520241809,5.0,True,169.0,5.0,False,
2026-05-14,ICUI,0.0,0.0,0.0,0.0010293960467602859,3.0,7.293960467602858,5.0,True,1351.0,4.0,True,
2026-05-14,ICVX,0.0,0.0,0.0,0.0,3.0,-3.0,5.0,False,3962.0,2.0,False,
2026-05-14,IDAI,0.0,0.0,0.0,-0.0038670930009603887,3.0,-41.670930009603886,5.0,False,7263.0,1.0,False,
2026-05-14,IDCC,0.0,0.0,0.0,0.0015404677879488965,3.0,12.404677879488965,5.0,True,1044.0,4.0,True,
2026-05-14,IDEX,0.0,0.0,0.0,0.0,3.0,-3.0,5.0,False,3963.0,2.0,False,
2026-05-14,IDGX,0.0,0.0,0.0,0.0,3.0,-3.0,5.0,False,3964.0,2.0,False,
2026-05-14,IDIX,0.0,0.0,0.0,0.0,3.0,-3.0,5.0,False,3965.0,2.0,False,
2026-05-14,IDN,0.0,0.0,0.0,-0.007051316211644527,3.0,-73.51316211644527,5.0,False,7419.0,1.0,False,
2026-05-14,IDRA,0.0,0.0,0.0,0.0,3.0,-3.0,5.0,False,3966.0,2.0,False,
2026-05-14,IDSA,0.0,0.0,0.0,0.0,3.0,-3.0,5.0,False,3967.0,2.0,False,
2026-05-14,IDSY,0.0,0.0,0.0,0.0,3.0,-3.0,5.0,False,3968.0,2.0,False,
2026-05-14,IDTI,0.0,0.0,0.0,0.0,3.0,-3.0,5.0,False,3969.0,2.0,False,
2026-05-14,IDXG,0.0,0.0,0.0,0.0,3.0,-3.0,5.0,False,3970.0,2.0,False,
2026-05-14,IDXX,0.0,0.0,0.0,-0.0019063547261345493,3.0,-22.063547261345494,5.0,False,6992.0,1.0,True,
2026-05-14,IDYA,0.0,0.0,0.0,0.0047968313006247236,3.0,44.968313006247236,5.0,True,205.0,5.0,True,
2026-05-14,IEA,0.0,0.0,0.0,0.0,3.0,-3.0,5.0,False,3971.0,2.0,False,
2026-05-14,IEAG,0.0,0.0,0.0,-0.0003824385100641356,3.0,-6.824385100641356,5.0,False,6569.0,2.0,True,
2026-05-14,IEC,0.0,0.0,0.0,0.0,3.0,-3.0,5.0,False,3972.0,2.0,False,
2026-05-14,IEP,0.0,0.0,0.0,0.0008179391994951292,3.0,5.179391994951292,5.0,True,1494.0,4.0,True,
2026-05-14,IESC,0.0,0.0,0.0,0.003988961638139661,3.0,36.88961638139661,5.0,True,305.0,5.0,True,
2026-05-14,IFAS,0.0,0.0,0.0,0.0,3.0,-3.0,5.0,False,3973.0,2.0,False,
2026-05-14,IFBD,0.0,0.0,0.0,0.006614841871956111,3.0,63.14841871956111,5.0,True,81.0,5.0,False,
2026-05-14,IFMK,0.0,0.0,0.0,0.0,3.0,-3.0,5.0,False,3974.0,2.0,False,
2026-05-14,IFNA,0.0,0.0,0.0,0.0,3.0,-3.0,5.0,False,3975.0,2.0,False,
2026-05-14,IFON,0.0,0.0,0.0,0.0,3.0,-3.0,5.0,False,3976.0,2.0,False,
2026-05-14,IFRX,0.0,0.0,0.0,0.0072640441406245605,3.0,69.6404414062456,5.0,True,59.0,5.0,False,
2026-05-14,IGAC,0.0,0.0,0.0,0.0,3.0,-3.0,5.0,False,3977.0,2.0,False,
2026-05-14,IGAP,0.0,0.0,0.0,0.0,3.0,-3.0,5.0,False,3978.0,2.0,False,
2026-05-14,IGIC,0.0,0.0,0.0,0.0012614207955881818,3.0,9.614207955881819,5.0,True,1213.0,4.0,True,
2026-05-14,IGMS,0.0,0.0,0.0,0.0,3.0,-3.0,5.0,False,3979.0,2.0,False,
2026-05-14,IGNY,0.0,0.0,0.0,0.0,3.0,-3.0,5.0,False,3980.0,2.0,False,
2026-05-14,IGTA,0.0,0.0,0.0,0.0,3.0,-3.0,5.0,False,3981.0,2.0,False,
2026-05-14,IGTE,0.0,0.0,0.0,0.0,3.0,-3.0,5.0,False,3982.0,2.0,False,
2026-05-14,IHRT,0.0,0.0,0.0,0.006648830605372576,3.0,63.488306053725765,5.0,True,76.0,5.0,False,
2026-05-14,III,0.0,0.0,0.0,0.0009041245463969964,3.0,6.041245463969965,5.0,True,1436.0,4.0,False,
2026-05-14,IIII,0.0,0.0,0.0,0.0,3.0,-3.0,5.0,False,3983.0,2.0,False,
2026-05-14,IIIV,-0.003676060267857143,-0.004464285714285714,0.0007882254464285712,-0.0022707143061815437,3.0,19.707143061815437,5.0,True,7078.0,1.0,True,"COVER because predicted alpha is in the bottom decile. Net alpha after estimated 3.0 bps trading cost is 19.71 bps versus threshold 5.00 bps. Main contributors were mom_5, gross_margin, volume_z_60. Price filter passed; liquidity filter passed."
2026-05-14,IILG,0.0,0.0,0.0,0.0,3.0,-3.0,5.0,False,3984.0,2.0,False,
2026-05-14,IILG.V,0.0,0.0,0.0,0.0,3.0,-3.0,5.0,False,3985.0,2.0,False,
2026-05-14,IIN,0.0,0.0,0.0,0.0,3.0,-3.0,5.0,False,3986.0,2.0,False,
2026-05-14,IINN,0.0,0.0,0.0,-0.0008847655145511389,3.0,-11.84765514551139,5.0,False,6759.0,2.0,False,
2026-05-14,IKAN,0.0,0.0,0.0,0.0,3.0,-3.0,5.0,False,3987.0,2.0,False,
2026-05-14,IKGH,0.0,0.0,0.0,0.0,3.0,-3.0,5.0,False,3988.0,2.0,False,
2026-05-14,IKNA,0.0,0.0,0.0,0.0,3.0,-3.0,5.0,False,3989.0,2.0,False,
2026-05-14,IKNX,0.0,0.0,0.0,0.0,3.0,-3.0,5.0,False,3990.0,2.0,False,
2026-05-14,IKT,0.0,0.0,0.0,0.00494711430038722,3.0,46.4711430038722,5.0,True,192.0,5.0,False,
2026-05-14,ILG,0.0,0.0,0.0,0.0,3.0,-3.0,5.0,False,3991.0,2.0,False,
2026-05-14,ILLM,0.0,0.0,0.0,0.0,3.0,-3.0,5.0,False,3992.0,2.0,False,
2026-05-14,ILLR,0.0,0.0,0.0,-0.021685646138978835,3.0,-219.85646138978834,5.0,False,7550.0,1.0,False,
2026-05-14,ILLU,0.0,0.0,0.0,0.0,3.0,-3.0,5.0,False,3993.0,2.0,False,
2026-05-14,ILMN,0.0,0.0,0.0,0.0037237427970842236,3.0,34.23742797084223,5.0,True,348.0,5.0,True,
2026-05-14,ILMNV,0.0,0.0,0.0,0.0,3.0,-3.0,5.0,False,3994.0,2.0,False,
2026-05-14,IMA,0.0,0.0,0.0,0.0005017701943390444,3.0,2.0177019433904446,5.0,False,1702.0,3.0,True,
2026-05-14,IMAC,0.0,0.0,0.0,0.0,3.0,-3.0,5.0,False,3995.0,2.0,False,
2026-05-14,IMAQ,0.0,0.0,0.0,0.0,3.0,-3.0,5.0,False,3996.0,2.0,False,
2026-05-14,IMBI,0.0,0.0,0.0,0.0,3.0,-3.0,5.0,False,3997.0,2.0,False,
2026-05-14,IMBIL,0.0,0.0,0.0,0.0,3.0,-3.0,5.0,False,3998.0,2.0,False,
2026-05-14,IMCC,0.0,0.0,0.0,-0.005137144249565956,3.0,-54.371442495659565,5.0,False,7336.0,1.0,False,
2026-05-14,IMDX,-0.00078125,0.0,-0.00078125,-0.006041641876023141,3.0,57.41641876023141,5.0,True,7388.0,1.0,True,"SHORT because predicted alpha is in the bottom decile. Net alpha after estimated 3.0 bps trading cost is 57.42 bps versus threshold 5.00 bps. Main contributors were intraday_return, parkinson_vol_20, volume_z_60. Price filter passed; liquidity filter passed."
2026-05-14,IMDZ,0.0,0.0,0.0,0.0,3.0,-3.0,5.0,False,3999.0,2.0,False,
2026-05-14,IMG,0.0,0.0,0.0,0.0,3.0,-3.0,5.0,False,4000.0,2.0,False,
2026-05-14,IMGN,0.0,0.0,0.0,0.0,3.0,-3.0,5.0,False,4001.0,2.0,False,
2026-05-14,IMGO,0.0,0.0,0.0,0.0,3.0,-3.0,5.0,False,4002.0,2.0,False,
2026-05-14,IMI,0.0,0.0,0.0,0.0,3.0,-3.0,5.0,False,4003.0,2.0,False,
2026-05-14,IMKTA,0.0,0.0,0.0,0.0009446471938815065,3.0,6.4464719388150655,5.0,True,1406.0,4.0,True,
2026-05-14,IMMR,0.0,0.0,0.0,0.003280097829293769,3.0,29.800978292937693,5.0,True,437.0,5.0,True,
2026-05-14,IMMU,0.0,0.0,0.0,0.0,3.0,-3.0,5.0,False,4004.0,2.0,False,
2026-05-14,IMMX,0.0,0.0,0.0,0.0026078584182767303,3.0,23.078584182767305,5.0,True,604.0,5.0,True,
2026-05-14,IMMY,0.0,0.0,0.0,0.0,3.0,-3.0,5.0,False,4005.0,2.0,False,
2026-05-14,IMNM,0.0,0.0,0.0,0.0033758459790183878,3.0,30.758459790183878,5.0,True,417.0,5.0,True,
2026-05-14,IMNN,0.0,0.0,0.0,-0.0017934961338997018,3.0,-20.934961338997017,5.0,False,6969.0,1.0,False,
2026-05-14,IMNP,0.0,0.0,0.0,0.0,3.0,-3.0,5.0,False,4006.0,2.0,False,
2026-05-14,IMPL,0.0,0.0,0.0,0.0,3.0,-3.0,5.0,False,4007.0,2.0,False,
2026-05-14,IMPP,0.0,0.0,0.0,0.00515789927270696,3.0,48.5789927270696,5.0,True,173.0,5.0,False,
2026-05-14,IMPPP,0.0,0.0,0.0,0.0014310306607578354,3.0,11.310306607578354,5.0,True,1119.0,4.0,True,
2026-05-14,IMPPV,0.0,0.0,0.0,0.0,3.0,-3.0,5.0,False,4008.0,2.0,False,
2026-05-14,IMPV,0.0,0.0,0.0,0.0,3.0,-3.0,5.0,False,4009.0,2.0,False,
2026-05-14,IMRS,0.0,0.0,0.0,0.0,3.0,-3.0,5.0,False,4010.0,2.0,False,
2026-05-14,IMRX,0.0,0.0,0.0,0.0035770865837810497,3.0,32.7708658378105,5.0,True,375.0,5.0,True,
2026-05-14,IMSR,-0.00078125,0.0,-0.00078125,-0.006308907258225405,3.0,60.089072582254055,5.0,True,7394.0,1.0,True,"SHORT because predicted alpha is in the bottom decile. Net alpha after estimated 3.0 bps trading cost is 60.09 bps versus threshold 5.00 bps. Main contributors were intraday_return, volume_z_60, parkinson_vol_20. Price filter passed; liquidity filter passed."
2026-05-14,IMTE,0.0,0.0,0.0,0.0036217170178392973,3.0,33.217170178392976,5.0,True,362.0,5.0,False,
2026-05-14,IMTX,0.0,0.0,0.0,0.0015241185013950634,3.0,12.241185013950634,5.0,True,1058.0,4.0,True,
2026-05-14,IMUX,-0.003676060267857143,-0.004464285714285714,0.0007882254464285712,-0.0007637459240265804,3.0,4.637459240265804,5.0,False,6713.0,2.0,True,"COVER because predicted alpha is in the bottom decile. Net alpha after estimated 3.0 bps trading cost is 4.64 bps versus threshold 5.00 bps. Main contributors were operating_margin, roa, mom_10. Price filter passed; liquidity filter passed."
2026-05-14,IMV,0.0,0.0,0.0,0.0,3.0,-3.0,5.0,False,4011.0,2.0,False,
2026-05-14,IMVT,0.0,0.0,0.0,0.0033030384091434894,3.0,30.030384091434897,5.0,True,430.0,5.0,True,
2026-05-14,IMXI,-0.003676060267857143,-0.004464285714285714,0.0007882254464285712,-0.002171521085874934,3.0,18.71521085874934,5.0,True,7055.0,1.0,True,"COVER because predicted alpha is in the bottom decile. Net alpha after estimated 3.0 bps trading cost is 18.72 bps versus threshold 5.00 bps. Main contributors were hl_range_20, price_kurt_63, volatility_20. Price filter passed; liquidity filter passed."
2026-05-14,INAB,0.0,0.0,0.0,0.0015916671607932031,3.0,12.916671607932031,5.0,True,1012.0,4.0,False,
2026-05-14,INAC,0.0,0.0,0.0,0.0008782813784911437,3.0,5.782813784911436,5.0,True,1453.0,4.0,True,
2026-05-14,INAP,0.0,0.0,0.0,0.0,3.0,-3.0,5.0,False,4012.0,2.0,False,
2026-05-14,INAQ,0.0,0.0,0.0,0.0,3.0,-3.0,5.0,False,4013.0,2.0,False,
2026-05-14,INBK,0.0,0.0,0.0,0.0018149555264972486,3.0,15.149555264972488,5.0,True,909.0,4.0,True,
2026-05-14,INBK.L,0.0,0.0,0.0,0.0,3.0,-3.0,5.0,False,4014.0,2.0,False,
2026-05-14,INBKL,0.0,0.0,0.0,0.0,3.0,-3.0,5.0,False,4015.0,2.0,False,
2026-05-14,INBKZ,0.0,0.0,0.0,0.0006524738554693848,3.0,3.5247385546938474,5.0,False,1606.0,3.0,True,
2026-05-14,INBS,0.0,0.0,0.0,0.0039167068297846965,3.0,36.16706829784697,5.0,True,312.0,5.0,False,
2026-05-14,INBX,-0.003676060267857143,-0.004464285714285714,0.0007882254464285712,0.003517464595453923,3.0,-38.17464595453923,5.0,False,388.0,5.0,True,"COVER because predicted alpha is in the bottom decile. Net alpha after estimated 3.0 bps trading cost is -38.17 bps versus threshold 5.00 bps. Main contributors were parkinson_vol_20, operating_margin, volume_z_60. Price filter passed; liquidity filter passed."
2026-05-14,INBXV,0.0,0.0,0.0,0.0,3.0,-3.0,5.0,False,4016.0,2.0,False,
2026-05-14,INCR,0.0,0.0,0.0,0.0032628913220067693,3.0,29.628913220067695,5.0,True,442.0,5.0,False,
2026-05-14,INCY,0.0,0.0,0.0,0.0013810485842897073,3.0,10.810485842897073,5.0,True,1146.0,4.0,True,
2026-05-14,INDB,0.0,0.0,0.0,-0.00031309885617289743,3.0,-6.130988561728975,5.0,False,6541.0,2.0,True,
2026-05-14,INDI,0.0,0.0,0.0,0.006252342335220273,3.0,59.52342335220273,5.0,True,91.0,5.0,False,
2026-05-14,INDP,0.0,0.0,0.0,-0.0022597910384877613,3.0,-25.59791038487761,5.0,False,7074.0,1.0,False,
2026-05-14,INDT,0.0,0.0,0.0,0.0,3.0,-3.0,5.0,False,4017.0,2.0,False,
2026-05-14,INDU,0.0,0.0,0.0,0.0,3.0,-3.0,5.0,False,4018.0,2.0,False,
2026-05-14,INDV,0.00078125,0.0,0.00078125,0.004977702468497659,3.0,46.77702468497659,5.0,True,189.0,5.0,True,"BUY because predicted alpha is in the top decile. Net alpha after estimated 3.0 bps trading cost is 46.78 bps versus threshold 5.00 bps. Main contributors were parkinson_vol_20, mom_252, intraday_return. Price filter passed; liquidity filter passed."
2026-05-14,INEO,0.0,0.0,0.0,-0.00019926294249907398,3.0,-4.9926294249907395,5.0,False,6478.0,2.0,False,
2026-05-14,INFI,0.0,0.0,0.0,0.0,3.0,-3.0,5.0,False,4019.0,2.0,False,
2026-05-14,INFN,0.0,0.0,0.0,0.0,3.0,-3.0,5.0,False,4020.0,2.0,False,
2026-05-14,INGN,0.0,0.0,0.0,0.0023784175169696527,3.0,20.78417516969653,5.0,True,694.0,5.0,True,
2026-05-14,INHD,0.0,0.0,0.0,-0.009149939576347507,3.0,-94.49939576347508,5.0,False,7465.0,1.0,False,
2026-05-14,INHX,0.0,0.0,0.0,0.0,3.0,-3.0,5.0,False,4021.0,2.0,False,
2026-05-14,ININ,0.0,0.0,0.0,0.0,3.0,-3.0,5.0,False,4022.0,2.0,False,
2026-05-14,INKA,0.0,0.0,0.0,0.0,3.0,-3.0,5.0,False,4023.0,2.0,False,
2026-05-14,INKT,0.0,0.0,0.0,0.003214374997930467,3.0,29.143749979304665,5.0,True,453.0,5.0,True,
2026-05-14,INLF,0.0,0.0,0.0,-0.0035403763979899388,3.0,-38.40376397989939,5.0,False,7233.0,1.0,False,
2026-05-14,INM,0.0,0.0,0.0,0.0032221420445516084,3.0,29.22142044551608,5.0,True,451.0,5.0,False,
2026-05-14,INMB,0.0,0.0,0.0,-0.0091184059434158,3.0,-94.184059434158,5.0,False,7464.0,1.0,False,
2026-05-14,INMD,0.0,0.0,0.0,0.0008840640253625839,3.0,5.840640253625839,5.0,True,1449.0,4.0,True,
2026-05-14,INNT,0.0,0.0,0.0,0.0,3.0,-3.0,5.0,False,4024.0,2.0,False,
2026-05-14,INNV,0.0,0.0,0.0,0.00029114107013629095,3.0,-0.08858929863709042,5.0,False,1828.0,3.0,True,
2026-05-14,INO,0.0,0.0,0.0,-0.005147827280411837,3.0,-54.47827280411837,5.0,False,7337.0,1.0,False,
2026-05-14,INOD,0.004457310267857143,0.004464285714285714,-6.975446428571404e-06,0.009588365126818646,3.0,92.88365126818645,5.0,True,15.0,5.0,True,"SELL because predicted alpha is in the top decile. Net alpha after estimated 3.0 bps trading cost is 92.88 bps versus threshold 5.00 bps. Main contributors were mom_5, close_to_low_20, mom_21. Price filter passed; liquidity filter passed."
2026-05-14,INPH,0.0,0.0,0.0,0.0,3.0,-3.0,5.0,False,4025.0,2.0,False,
2026-05-14,INPX,0.0,0.0,0.0,0.0,3.0,-3.0,5.0,False,4026.0,2.0,False,
2026-05-14,INPXV,0.0,0.0,0.0,0.0,3.0,-3.0,5.0,False,4027.0,2.0,False,
2026-05-14,INSE,0.0,0.0,0.0,0.0031803272923155166,3.0,28.803272923155166,5.0,True,461.0,5.0,True,
2026-05-14,INSG,0.0,0.0,0.0,0.00394067835790325,3.0,36.4067835790325,5.0,True,310.0,5.0,True,
2026-05-14,INSM,-0.003676060267857143,-0.004464285714285714,0.0007882254464285712,0.0028835897272919005,3.0,-31.835897272919006,5.0,False,527.0,5.0,True,"COVER because predicted alpha is in the bottom decile. Net alpha after estimated 3.0 bps trading cost is -31.84 bps versus threshold 5.00 bps. Main contributors were volatility_10, mom_21, price_kurt_63. Price filter passed; liquidity filter passed."
2026-05-14,INSU,0.0,0.0,0.0,0.0,3.0,-3.0,5.0,False,4028.0,2.0,False,
2026-05-14,INSY,0.0,0.0,0.0,0.0,3.0,-3.0,5.0,False,4029.0,2.0,False,
2026-05-14,INTA,0.0,0.0,0.0,-0.0008777705701290973,3.0,-11.777705701290973,5.0,False,6753.0,2.0,True,
2026-05-14,INTC,0.004457310267857143,0.004464285714285714,-6.975446428571404e-06,0.009407642790687416,3.0,91.07642790687416,5.0,True,17.0,5.0,True,"SELL because predicted alpha is in the top decile. Net alpha after estimated 3.0 bps trading cost is 91.08 bps versus threshold 5.00 bps. Main contributors were mom_21, mom_252, mom_63. Price filter passed; liquidity filter passed."
2026-05-14,INTE,0.0,0.0,0.0,0.0,3.0,-3.0,5.0,False,4030.0,2.0,False,
2026-05-14,INTG,0.0,0.0,0.0,0.0009335265370165975,3.0,6.335265370165974,5.0,True,1417.0,4.0,True,
2026-05-14,INTJ,0.0,0.0,0.0,0.0017674662980300937,3.0,14.674662980300937,5.0,True,936.0,4.0,True,
2026-05-14,INTL.L,0.0,0.0,0.0,0.0,3.0,-3.0,5.0,False,4031.0,2.0,False,
2026-05-14,INTR,0.0,0.0,0.0,-0.0009791900528338129,3.0,-12.791900528338129,5.0,False,6785.0,2.0,True,
2026-05-14,INTS,0.0,0.0,0.0,-0.004156651555966423,3.0,-44.56651555966423,5.0,False,7282.0,1.0,False,
2026-05-14,INTU,0.0,0.0,0.0,0.001022330783538294,3.0,7.22330783538294,5.0,True,1357.0,4.0,True,
2026-05-14,INTX,0.0,0.0,0.0,0.0,3.0,-3.0,5.0,False,4032.0,2.0,False,
2026-05-14,INTZ,0.0,0.0,0.0,-0.0032889937152085513,3.0,-35.889937152085515,5.0,False,7203.0,1.0,False,
2026-05-14,INV,0.004457310267857143,0.004464285714285714,-6.975446428571404e-06,0.007367896933590319,3.0,70.67896933590319,5.0,True,54.0,5.0,True,"SELL because predicted alpha is in the top decile. Net alpha after estimated 3.0 bps trading cost is 70.68 bps versus threshold 5.00 bps. Main contributors were gross_margin, hl_range_20, mom_63. Price filter passed; liquidity filter passed."
2026-05-14,INVA,0.0,0.0,0.0,0.001737989272642789,3.0,14.37989272642789,5.0,True,944.0,4.0,True,
2026-05-14,INVE,0.0,0.0,0.0,0.005357926943032904,3.0,50.57926943032904,5.0,True,151.0,5.0,False,
2026-05-14,INVO,0.0,0.0,0.0,0.0,3.0,-3.0,5.0,False,4033.0,2.0,False,
2026-05-14,INVT,0.0,0.0,0.0,0.0,3.0,-3.0,5.0,False,4034.0,2.0,False,
2026-05-14,INVZ,0.0,0.0,0.0,-0.006547971671619329,3.0,-68.4797167161933,5.0,False,7403.0,1.0,False,
2026-05-14,INWK,0.0,0.0,0.0,0.0,3.0,-3.0,5.0,False,4035.0,2.0,False,
2026-05-14,INXB,0.0,0.0,0.0,0.0,3.0,-3.0,5.0,False,4036.0,2.0,False,
2026-05-14,INXBV,0.0,0.0,0.0,0.0,3.0,-3.0,5.0,False,4037.0,2.0,False,
2026-05-14,INZY,0.0,0.0,0.0,0.0,3.0,-3.0,5.0,False,4038.0,2.0,False,
2026-05-14,IOAC,0.0,0.0,0.0,0.0,3.0,-3.0,5.0,False,4039.0,2.0,False,
2026-05-14,IOBT,0.0,0.0,0.0,0.0,3.0,-3.0,5.0,False,4040.0,2.0,False,
2026-05-14,IONM,0.0,0.0,0.0,0.0,3.0,-3.0,5.0,False,4041.0,2.0,False,
2026-05-14,IONS,0.0,0.0,0.0,0.0029863663535333955,3.0,26.863663535333956,5.0,True,508.0,5.0,True,
2026-05-14,IOSP,0.0,0.0,0.0,0.0013257455787850307,3.0,10.257455787850306,5.0,True,1177.0,4.0,True,
2026-05-14,IOTR,0.0,0.0,0.0,0.003122104080094371,3.0,28.221040800943708,5.0,True,471.0,5.0,False,
2026-05-14,IOTS,0.0,0.0,0.0,0.0,3.0,-3.0,5.0,False,4042.0,2.0,False,
2026-05-14,IOVA,0.0,0.0,0.0,0.002797739305267961,3.0,24.977393052679613,5.0,True,552.0,5.0,False,
2026-05-14,IPA,0.0,0.0,0.0,0.0,3.0,-3.0,5.0,False,4043.0,2.0,False,
2026-05-14,IPAR,0.0,0.0,0.0,0.00034659946120838074,3.0,0.46599461208380744,5.0,False,1798.0,3.0,True,
2026-05-14,IPAS,0.0,0.0,0.0,0.0,3.0,-3.0,5.0,False,4044.0,2.0,False,
2026-05-14,IPAX,0.0,0.0,0.0,0.0,3.0,-3.0,5.0,False,4045.0,2.0,False,
2026-05-14,IPCC,0.0,0.0,0.0,0.0,3.0,-3.0,5.0,False,4046.0,2.0,False,
2026-05-14,IPCI,0.0,0.0,0.0,0.0,3.0,-3.0,5.0,False,4047.0,2.0,False,
2026-05-14,IPCM,0.0,0.0,0.0,0.0,3.0,-3.0,5.0,False,4048.0,2.0,False,
2026-05-14,IPCX,0.0,0.0,0.0,-0.001263723561811289,3.0,-15.63723561811289,5.0,False,6862.0,1.0,True,
2026-05-14,IPDN,0.0,0.0,0.0,-0.00458086277442169,3.0,-48.8086277442169,5.0,False,7309.0,1.0,False,
2026-05-14,IPEX,0.0,0.0,0.0,-0.0017502686436321733,3.0,-20.50268643632173,5.0,False,6956.0,1.0,True,
2026-05-14,IPGP,0.0,0.0,0.0,0.002960173634269091,3.0,26.601736342690913,5.0,True,513.0,5.0,True,
2026-05-14,IPHI,0.0,0.0,0.0,0.0,3.0,-3.0,5.0,False,4049.0,2.0,False,
2026-05-14,IPHS,0.0,0.0,0.0,0.0,3.0,-3.0,5.0,False,4050.0,2.0,False,
2026-05-14,IPIC,0.0,0.0,0.0,0.0,3.0,-3.0,5.0,False,4051.0,2.0,False,
2026-05-14,IPM,0.0,0.0,0.0,0.00353665155066128,3.0,32.3665155066128,5.0,True,380.0,5.0,False,
2026-05-14,IPOD,0.0,0.0,0.0,0.0,3.0,-3.0,5.0,False,4052.0,2.0,False,
2026-05-14,IPSC,0.0,0.0,0.0,0.001558669731269151,3.0,12.586697312691511,5.0,True,1031.0,4.0,False,
2026-05-14,IPST,-0.00078125,0.0,-0.00078125,-0.013907397703250883,3.0,136.07397703250882,5.0,True,7513.0,1.0,True,"SHORT because predicted alpha is in the bottom decile. Net alpha after estimated 3.0 bps trading cost is 136.07 bps versus threshold 5.00 bps. Main contributors were parkinson_vol_20, intraday_return, overnight_return. Price filter passed; liquidity filter passed."
2026-05-14,IPVI,0.0,0.0,0.0,0.0,3.0,-3.0,5.0,False,4053.0,2.0,False,
2026-05-14,IPW,0.0,0.0,0.0,-0.008973832492960462,3.0,-92.73832492960462,5.0,False,7462.0,1.0,False,
2026-05-14,IPWR,-0.00078125,0.0,-0.00078125,-0.0076061027583838895,3.0,73.0610275838389,5.0,True,7435.0,1.0,True,"SHORT because predicted alpha is in the bottom decile. Net alpha after estimated 3.0 bps trading cost is 73.06 bps versus threshold 5.00 bps. Main contributors were parkinson_vol_20, intraday_return, volume_z_60. Price filter passed; liquidity filter passed."
2026-05-14,IPXL,0.0,0.0,0.0,0.0,3.0,-3.0,5.0,False,4054.0,2.0,False,
2026-05-14,IPXX,0.0,0.0,0.0,0.0,3.0,-3.0,5.0,False,4055.0,2.0,False,
2026-05-14,IQMD,0.0,0.0,0.0,0.0,3.0,-3.0,5.0,False,4056.0,2.0,False,
2026-05-14,IQNT,0.0,0.0,0.0,0.0,3.0,-3.0,5.0,False,4057.0,2.0,False,
2026-05-14,IQST,0.0,0.0,0.0,-0.002220163837078722,3.0,-25.201638370787222,5.0,False,7065.0,1.0,False,
2026-05-14,IRAA,0.0,0.0,0.0,0.0,3.0,-3.0,5.0,False,4058.0,2.0,False,
2026-05-14,IRBT,0.0,0.0,0.0,0.0,3.0,-3.0,5.0,False,4059.0,2.0,False,
2026-05-14,IRD,0.0,0.0,0.0,0.002472089221252693,3.0,21.72089221252693,5.0,True,650.0,5.0,False,
2026-05-14,IRDM,0.0,0.0,0.0,0.0010329175964703143,3.0,7.329175964703143,5.0,True,1346.0,4.0,True,
2026-05-14,IRDM.Z,0.0,0.0,0.0,0.0,3.0,-3.0,5.0,False,4060.0,2.0,False,
2026-05-14,IREN,0.003676060267857143,0.004464285714285714,-0.0007882254464285712,0.002519998038113978,3.0,22.19998038113978,5.0,True,635.0,5.0,True,"SELL because predicted alpha is in the top decile. Net alpha after estimated 3.0 bps trading cost is 22.20 bps versus threshold 5.00 bps. Main contributors were mom_252, hl_range_20, mom_1. Price filter passed; liquidity filter passed."
2026-05-14,IRG,0.0,0.0,0.0,0.0,3.0,-3.0,5.0,False,4061.0,2.0,False,
2026-05-14,IRHO,0.0,0.0,0.0,-0.0002182334034172475,3.0,-5.1823340341724755,5.0,False,6485.0,2.0,True,
2026-05-14,IRIX,0.0,0.0,0.0,0.0008590390697163969,3.0,5.5903906971639685,5.0,True,1469.0,4.0,False,
2026-05-14,IRMD,0.0,0.0,0.0,-0.0001440820403448825,3.0,-4.440820403448825,5.0,False,6449.0,2.0,True,
2026-05-14,IROH,0.0,0.0,0.0,0.0,3.0,-3.0,5.0,False,4062.0,2.0,False,
2026-05-14,IRON,0.0,0.0,0.0,0.0005368363047896107,3.0,2.368363047896107,5.0,False,1679.0,3.0,True,
2026-05-14,IROQ,0.0,0.0,0.0,0.0,3.0,-3.0,5.0,False,4063.0,2.0,False,
2026-05-14,IRTC,0.0,0.0,0.0,0.0014969425107667867,3.0,11.969425107667867,5.0,True,1072.0,4.0,True,
2026-05-14,IRWD,0.0,0.0,0.0,0.0029605821244771645,3.0,26.605821244771644,5.0,True,512.0,5.0,False,
2026-05-14,IRWDV,0.0,0.0,0.0,0.0,3.0,-3.0,5.0,False,4064.0,2.0,False,
2026-05-14,ISAA,0.0,0.0,0.0,0.0,3.0,-3.0,5.0,False,4065.0,2.0,False,
2026-05-14,ISBA,0.0,0.0,0.0,0.000344391781138097,3.0,0.4439178113809703,5.0,False,1799.0,3.0,True,
2026-05-14,ISBC,0.0,0.0,0.0,0.0,3.0,-3.0,5.0,False,4066.0,2.0,False,
2026-05-14,ISCA,0.0,0.0,0.0,0.0,3.0,-3.0,5.0,False,4067.0,2.0,False,
2026-05-14,ISEE,0.0,0.0,0.0,0.0,3.0,-3.0,5.0,False,4068.0,2.0,False,
2026-05-14,ISIG,0.0,0.0,0.0,0.0,3.0,-3.0,5.0,False,4069.0,2.0,False,
2026-05-14,ISIL,0.0,0.0,0.0,0.0,3.0,-3.0,5.0,False,4070.0,2.0,False,
2026-05-14,ISIS,0.0,0.0,0.0,0.0,3.0,-3.0,5.0,False,4071.0,2.0,False,
2026-05-14,ISLE,0.0,0.0,0.0,0.0,3.0,-3.0,5.0,False,4072.0,2.0,False,
2026-05-14,ISLN,0.0,0.0,0.0,0.0,3.0,-3.0,5.0,False,4073.0,2.0,False,
2026-05-14,ISNS,0.0,0.0,0.0,0.0,3.0,-3.0,5.0,False,4074.0,2.0,False,
2026-05-14,ISO,0.0,0.0,0.0,0.0,3.0,-3.0,5.0,False,4075.0,2.0,False,
2026-05-14,ISPC,0.0,0.0,0.0,-0.006539048392390605,3.0,-68.39048392390605,5.0,False,7402.0,1.0,False,
2026-05-14,ISPH,0.0,0.0,0.0,0.0,3.0,-3.0,5.0,False,4076.0,2.0,False,
2026-05-14,ISPO,0.0,0.0,0.0,0.0,3.0,-3.0,5.0,False,4077.0,2.0,False,
2026-05-14,ISPR,0.0,0.0,0.0,-0.0038337998159473255,3.0,-41.33799815947325,5.0,False,7259.0,1.0,False,
2026-05-14,ISRG,0.0,0.0,0.0,-0.0004273070736583231,3.0,-7.2730707365832306,5.0,False,6595.0,2.0,True,
2026-05-14,ISRL,0.0,0.0,0.0,0.0,3.0,-3.0,5.0,False,4078.0,2.0,False,
2026-05-14,ISSC,0.0,0.0,0.0,-0.0005874218951842058,3.0,-8.874218951842058,5.0,False,6657.0,2.0,True,
2026-05-14,ISSI,0.0,0.0,0.0,0.0,3.0,-3.0,5.0,False,4079.0,2.0,False,
2026-05-14,ISTR,0.0,0.0,0.0,0.0006538121217495216,3.0,3.538121217495216,5.0,False,1604.0,3.0,True,
2026-05-14,ISUN,0.0,0.0,0.0,0.0,3.0,-3.0,5.0,False,4080.0,2.0,False,
2026-05-14,ITAC,0.0,0.0,0.0,0.0,3.0,-3.0,5.0,False,4081.0,2.0,False,
2026-05-14,ITAQ,0.0,0.0,0.0,0.0,3.0,-3.0,5.0,False,4082.0,2.0,False,
2026-05-14,ITCI,0.0,0.0,0.0,0.0,3.0,-3.0,5.0,False,4083.0,2.0,False,
2026-05-14,ITEK,0.0,0.0,0.0,0.0,3.0,-3.0,5.0,False,4084.0,2.0,False,
2026-05-14,ITHA,0.0,0.0,0.0,0.0,3.0,-3.0,5.0,False,4085.0,2.0,False,
2026-05-14,ITHX,0.0,0.0,0.0,0.0,3.0,-3.0,5.0,False,4086.0,2.0,False,
2026-05-14,ITI,0.0,0.0,0.0,0.0,3.0,-3.0,5.0,False,4087.0,2.0,False,
2026-05-14,ITIC,0.0,0.0,0.0,-0.0007278306535432058,3.0,-10.278306535432058,5.0,False,6704.0,2.0,True,
2026-05-14,ITMN,0.0,0.0,0.0,0.0,3.0,-3.0,5.0,False,4088.0,2.0,False,
2026-05-14,ITOC,0.0,0.0,0.0,-0.00010910577837821081,3.0,-4.091057783782108,5.0,False,6428.0,2.0,False,
2026-05-14,ITOS,0.0,0.0,0.0,0.0,3.0,-3.0,5.0,False,4089.0,2.0,False,
2026-05-14,ITQ,0.0,0.0,0.0,0.0,3.0,-3.0,5.0,False,4090.0,2.0,False,
2026-05-14,ITRI,0.0,0.0,0.0,0.0022252475130812278,3.0,19.25247513081228,5.0,True,765.0,4.0,True,
2026-05-14,ITRM,0.0,0.0,0.0,0.0,3.0,-3.0,5.0,False,4091.0,2.0,False,
2026-05-14,ITRN,0.0,0.0,0.0,0.0021503627507656856,3.0,18.503627507656855,5.0,True,787.0,4.0,True,
2026-05-14,ITUS,0.0,0.0,0.0,0.0,3.0,-3.0,5.0,False,4092.0,2.0,False,
2026-05-14,IVAC,0.0,0.0,0.0,0.0,3.0,-3.0,5.0,False,4093.0,2.0,False,
2026-05-14,IVCA,0.0,0.0,0.0,0.0,3.0,-3.0,5.0,False,4094.0,2.0,False,
2026-05-14,IVCB,0.0,0.0,0.0,0.0,3.0,-3.0,5.0,False,4095.0,2.0,False,
2026-05-14,IVCP,0.0,0.0,0.0,0.0,3.0,-3.0,5.0,False,4096.0,2.0,False,
2026-05-14,IVDA,0.0,0.0,0.0,-0.004976308490790644,3.0,-52.76308490790644,5.0,False,7328.0,1.0,False,
2026-05-14,IVENC,0.0,0.0,0.0,0.0,3.0,-3.0,5.0,False,4097.0,2.0,False,
2026-05-14,IVF,0.0,0.0,0.0,0.00024098891609190126,3.0,-0.5901108390809875,5.0,False,1853.0,3.0,False,
2026-05-14,IVFGC,0.0,0.0,0.0,0.0,3.0,-3.0,5.0,False,4098.0,2.0,False,
2026-05-14,IVFVC,0.0,0.0,0.0,0.0,3.0,-3.0,5.0,False,4099.0,2.0,False,
2026-05-14,IVP,0.0,0.0,0.0,0.0,3.0,-3.0,5.0,False,4100.0,2.0,False,
2026-05-14,IVTY,0.0,0.0,0.0,0.0,3.0,-3.0,5.0,False,4101.0,2.0,False,
2026-05-14,IVVD,0.0,0.0,0.0,0.0031769030458082144,3.0,28.769030458082145,5.0,True,464.0,5.0,False,
2026-05-14,IXAQ,0.0,0.0,0.0,0.0,3.0,-3.0,5.0,False,4102.0,2.0,False,
2026-05-14,IXYS,0.0,0.0,0.0,0.0,3.0,-3.0,5.0,False,4103.0,2.0,False,
2026-05-14,IZEA,0.0,0.0,0.0,0.002310647550493825,3.0,20.10647550493825,5.0,True,726.0,5.0,False,
2026-05-14,IZM,0.0,0.0,0.0,-0.0025126275240351568,3.0,-28.126275240351568,5.0,False,7117.0,1.0,False,
2026-05-14,IZTC,0.0,0.0,0.0,0.0,3.0,-3.0,5.0,False,4104.0,2.0,False,
2026-05-14,JAAC,0.0,0.0,0.0,0.0,3.0,-3.0,5.0,False,4105.0,2.0,False,
2026-05-14,JACK,0.0,0.0,0.0,-0.0020321191302831074,3.0,-23.321191302831075,5.0,False,7027.0,1.0,True,
2026-05-14,JACQ,0.0,0.0,0.0,0.0,3.0,-3.0,5.0,False,4106.0,2.0,False,
2026-05-14,JACQ.U,0.0,0.0,0.0,0.0,3.0,-3.0,5.0,False,4107.0,2.0,False,
2026-05-14,JACQ.W,0.0,0.0,0.0,0.0,3.0,-3.0,5.0,False,4108.0,2.0,False,
2026-05-14,JAGX,0.0,0.0,0.0,-0.0167777636539187,3.0,-170.77763653918703,5.0,False,7528.0,1.0,False,
2026-05-14,JAKK,0.0,0.0,0.0,0.0006681822014504112,3.0,3.681822014504112,5.0,False,1594.0,3.0,True,
2026-05-14,JAMF,0.0,0.0,0.0,0.0,3.0,-3.0,5.0,False,4109.0,2.0,False,
2026-05-14,JANX,0.0,0.0,0.0,0.0019917033315985104,3.0,16.917033315985105,5.0,True,832.0,4.0,True,
2026-05-14,JAQC,0.0,0.0,0.0,0.0,3.0,-3.0,5.0,False,4110.0,2.0,False,
2026-05-14,JASN,0.0,0.0,0.0,0.0,3.0,-3.0,5.0,False,4111.0,2.0,False,
2026-05-14,JASN.W,0.0,0.0,0.0,0.0,3.0,-3.0,5.0,False,4112.0,2.0,False,
2026-05-14,JATT,0.0,0.0,0.0,-0.00031618607084329676,3.0,-6.161860708432968,5.0,False,6543.0,2.0,True,
2026-05-14,JAXB,0.0,0.0,0.0,0.0,3.0,-3.0,5.0,False,4113.0,2.0,False,
2026-05-14,JAZZ,0.0,0.0,0.0,0.002773606764631722,3.0,24.73606764631722,5.0,True,556.0,5.0,True,
2026-05-14,JBDI,0.0,0.0,0.0,0.0037769577578117847,3.0,34.76957757811785,5.0,True,341.0,5.0,False,
2026-05-14,JBHT,-0.00078125,0.0,-0.00078125,-0.004008706668754073,3.0,37.08706668754073,5.0,True,7271.0,1.0,True,"SHORT because predicted alpha is in the bottom decile. Net alpha after estimated 3.0 bps trading cost is 37.09 bps versus threshold 5.00 bps. Main contributors were volume_z_60, intraday_return, hl_range_20. Price filter passed; liquidity filter passed."
2026-05-14,JBIO,0.004457310267857143,0.004464285714285714,-6.975446428571404e-06,0.006241453655283103,3.0,59.41453655283103,5.0,True,93.0,5.0,True,"SELL because predicted alpha is in the top decile. Net alpha after estimated 3.0 bps trading cost is 59.41 bps versus threshold 5.00 bps. Main contributors were intraday_return, volume_z_60, mom_252. Price filter passed; liquidity filter passed."
2026-05-14,JBLU,0.0,0.0,0.0,-0.0012063728053631722,3.0,-15.063728053631722,5.0,False,6846.0,1.0,False,
2026-05-14,JBSS,0.0,0.0,0.0,0.0007875606214402968,3.0,4.875606214402968,5.0,False,1515.0,4.0,True,
2026-05-14,JCAP,0.0,0.0,0.0,0.001319114585847707,3.0,10.191145858477071,5.0,True,1178.0,4.0,True,
2026-05-14,JCIC,0.0,0.0,0.0,0.0,3.0,-3.0,5.0,False,4114.0,2.0,False,
2026-05-14,JCS,0.0,0.0,0.0,0.0,3.0,-3.0,5.0,False,4115.0,2.0,False,
2026-05-14,JCSE,0.0,0.0,0.0,0.005626940792489703,3.0,53.269407924897024,5.0,True,122.0,5.0,False,
2026-05-14,JCTC,0.0,0.0,0.0,0.0020106656472983226,3.0,17.106656472983225,5.0,True,825.0,4.0,False,
2026-05-14,JCTCF,0.0,0.0,0.0,0.0,3.0,-3.0,5.0,False,4116.0,2.0,False,
2026-05-14,JDAS,0.0,0.0,0.0,0.0,3.0,-3.0,5.0,False,4117.0,2.0,False,
2026-05-14,JDSU,0.0,0.0,0.0,0.0,3.0,-3.0,5.0,False,4118.0,2.0,False,
2026-05-14,JDZG,0.0,0.0,0.0,-0.0033810075667974723,3.0,-36.81007566797472,5.0,False,7216.0,1.0,False,
2026-05-14,JEM,0.0,0.0,0.0,-0.009064731405460288,3.0,-93.64731405460289,5.0,False,7463.0,1.0,False,
2026-05-14,JEWL,0.0,0.0,0.0,0.0,3.0,-3.0,5.0,False,4119.0,2.0,False,
2026-05-14,JFB,0.0,0.0,0.0,0.0005698511958875671,3.0,2.698511958875671,5.0,False,1660.0,3.0,True,
2026-05-14,JFBI,0.0,0.0,0.0,0.0,3.0,-3.0,5.0,False,4120.0,2.0,False,
2026-05-14,JFBR,0.0,0.0,0.0,0.0,3.0,-3.0,5.0,False,4121.0,2.0,False,
2026-05-14,JFK,0.0,0.0,0.0,0.0,3.0,-3.0,5.0,False,4122.0,2.0,False,
2026-05-14,JGBB,0.0,0.0,0.0,0.0,3.0,-3.0,5.0,False,4123.0,2.0,False,
2026-05-14,JGGC,0.0,0.0,0.0,0.0,3.0,-3.0,5.0,False,4124.0,2.0,False,
2026-05-14,JJSF,0.0,0.0,0.0,0.0010312100361009457,3.0,7.312100361009456,5.0,True,1348.0,4.0,True,
2026-05-14,JKHY,0.0,0.0,0.0,-0.0008234820848238258,3.0,-11.234820848238257,5.0,False,6733.0,2.0,True,
2026-05-14,JL,0.0,0.0,0.0,0.0034826911611737024,3.0,31.826911611737025,5.0,True,396.0,5.0,True,
2026-05-14,JLHL,-0.00078125,0.0,-0.00078125,-0.02427034069890177,3.0,239.7034069890177,5.0,True,7556.0,1.0,True,"SHORT because predicted alpha is in the bottom decile. Net alpha after estimated 3.0 bps trading cost is 239.70 bps versus threshold 5.00 bps. Main contributors were parkinson_vol_20, intraday_return, mom_126. Price filter passed; liquidity filter passed."
2026-05-14,JMAC,0.0,0.0,0.0,0.0,3.0,-3.0,5.0,False,4125.0,2.0,False,
2026-05-14,JMBA,0.0,0.0,0.0,0.0,3.0,-3.0,5.0,False,4126.0,2.0,False,
2026-05-14,JMPNL,0.0,0.0,0.0,0.0,3.0,-3.0,5.0,False,4127.0,2.0,False,
2026-05-14,JMPNZ,0.0,0.0,0.0,0.0,3.0,-3.0,5.0,False,4128.0,2.0,False,
2026-05-14,JMSB,0.0,0.0,0.0,-5.345680367232262e-05,3.0,-3.5345680367232264,5.0,False,6408.0,2.0,True,
2026-05-14,JNCE,0.0,0.0,0.0,0.0,3.0,-3.0,5.0,False,4129.0,2.0,False,
2026-05-14,JNP,0.0,0.0,0.0,0.0,3.0,-3.0,5.0,False,4130.0,2.0,False,
2026-05-14,JNVR,0.0,0.0,0.0,0.0,3.0,-3.0,5.0,False,4131.0,2.0,False,
2026-05-14,JOAN,0.0,0.0,0.0,0.0,3.0,-3.0,5.0,False,4132.0,2.0,False,
2026-05-14,JOEZ,0.0,0.0,0.0,0.0,3.0,-3.0,5.0,False,4133.0,2.0,False,
2026-05-14,JOFF,0.0,0.0,0.0,0.0,3.0,-3.0,5.0,False,4134.0,2.0,False,
2026-05-14,JOSB,0.0,0.0,0.0,0.0,3.0,-3.0,5.0,False,4135.0,2.0,False,
2026-05-14,JOUT,0.0,0.0,0.0,-0.0003733156427014588,3.0,-6.733156427014588,5.0,False,6566.0,2.0,True,
2026-05-14,JOYG,0.0,0.0,0.0,0.0,3.0,-3.0,5.0,False,4136.0,2.0,False,
2026-05-14,JRCC,0.0,0.0,0.0,0.0,3.0,-3.0,5.0,False,4137.0,2.0,False,
2026-05-14,JRSH,0.0,0.0,0.0,-0.0028603489845415962,3.0,-31.60348984541596,5.0,False,7163.0,1.0,False,
2026-05-14,JRVR,0.0,0.0,0.0,-0.0005779379263537274,3.0,-8.779379263537274,5.0,False,6652.0,2.0,False,
2026-05-14,JSM,0.0,0.0,0.0,-8.374461951304334e-05,3.0,-3.8374461951304335,5.0,False,6416.0,2.0,True,
2026-05-14,JSPR,0.0,0.0,0.0,-0.001825350631341628,3.0,-21.25350631341628,5.0,False,6976.0,1.0,False,
2026-05-14,JST,0.0,0.0,0.0,0.0,3.0,-3.0,5.0,False,4138.0,2.0,False,
2026-05-14,JSYN,0.0,0.0,0.0,0.0,3.0,-3.0,5.0,False,4139.0,2.0,False,
2026-05-14,JSYN.R,0.0,0.0,0.0,0.0,3.0,-3.0,5.0,False,4140.0,2.0,False,
2026-05-14,JSYN.U,0.0,0.0,0.0,0.0,3.0,-3.0,5.0,False,4141.0,2.0,False,
2026-05-14,JTAI,0.0,0.0,0.0,-0.00580331115860967,3.0,-61.0331115860967,5.0,False,7372.0,1.0,True,
2026-05-14,JTPY,0.0,0.0,0.0,0.0,3.0,-3.0,5.0,False,4142.0,2.0,False,
2026-05-14,JUGG,0.0,0.0,0.0,0.0,3.0,-3.0,5.0,False,4143.0,2.0,False,
2026-05-14,JUNE,0.0,0.0,0.0,0.0,3.0,-3.0,5.0,False,4144.0,2.0,False,
2026-05-14,JUNO,0.0,0.0,0.0,0.0,3.0,-3.0,5.0,False,4145.0,2.0,False,
2026-05-14,JUNS,0.0,0.0,0.0,-0.001453221198314349,3.0,-17.53221198314349,5.0,False,6908.0,1.0,False,
2026-05-14,JUPW,0.0,0.0,0.0,0.0,3.0,-3.0,5.0,False,4146.0,2.0,False,
2026-05-14,JVA,0.0,0.0,0.0,0.0026503665828624453,3.0,23.503665828624452,5.0,True,590.0,5.0,False,
2026-05-14,JVSA,0.0,0.0,0.0,0.0,3.0,-3.0,5.0,False,4147.0,2.0,False,
2026-05-14,JWAC,0.0,0.0,0.0,0.0,3.0,-3.0,5.0,False,4148.0,2.0,False,
2026-05-14,JWEL,0.0,0.0,0.0,0.004854051112386829,3.0,45.54051112386829,5.0,True,200.0,5.0,False,
2026-05-14,JXG,0.0,0.0,0.0,0.0006521447670547013,3.0,3.5214476705470137,5.0,False,1607.0,3.0,True,
2026-05-14,JXJT,0.0,0.0,0.0,0.0,3.0,-3.0,5.0,False,4149.0,2.0,False,
2026-05-14,JXSB,0.0,0.0,0.0,0.0,3.0,-3.0,5.0,False,4150.0,2.0,False,
2026-05-14,JYAC,0.0,0.0,0.0,0.0,3.0,-3.0,5.0,False,4151.0,2.0,False,
2026-05-14,JYD,0.0,0.0,0.0,0.008077317634308537,3.0,77.77317634308537,5.0,True,38.0,5.0,True,
2026-05-14,JYNT,0.0,0.0,0.0,0.00029837295896302296,3.0,-0.016270410369770616,5.0,False,1825.0,3.0,True,
2026-05-14,JZXN,0.0,0.0,0.0,-0.00037206234398117367,3.0,-6.720623439811737,5.0,False,6565.0,2.0,False,
2026-05-14,KA,0.0,0.0,0.0,0.0,3.0,-3.0,5.0,False,4152.0,2.0,False,
2026-05-14,KAAC,0.0,0.0,0.0,0.0,3.0,-3.0,5.0,False,4153.0,2.0,False,
2026-05-14,KACL,0.0,0.0,0.0,0.0,3.0,-3.0,5.0,False,4154.0,2.0,False,
2026-05-14,KAII,0.0,0.0,0.0,0.0,3.0,-3.0,5.0,False,4155.0,2.0,False,
2026-05-14,KAIR,0.0,0.0,0.0,0.0,3.0,-3.0,5.0,False,4156.0,2.0,False,
2026-05-14,KAL,0.0,0.0,0.0,0.0,3.0,-3.0,5.0,False,4157.0,2.0,False,
2026-05-14,KALA,0.0,0.0,0.0,-0.013403417056300083,3.0,-137.03417056300083,5.0,False,7508.0,1.0,False,
2026-05-14,KALU,0.00078125,0.0,0.00078125,0.0049488245146936775,3.0,46.48824514693678,5.0,True,191.0,5.0,True,"BUY because predicted alpha is in the top decile. Net alpha after estimated 3.0 bps trading cost is 46.49 bps versus threshold 5.00 bps. Main contributors were parkinson_vol_20, intraday_return, mom_21. Price filter passed; liquidity filter passed."
2026-05-14,KALV,0.0,0.0,0.0,0.0023650340732570044,3.0,20.650340732570044,5.0,True,699.0,5.0,True,
2026-05-14,KARO,0.0,0.0,0.0,-0.0021617692907526407,3.0,-24.617692907526408,5.0,False,7053.0,1.0,True,
2026-05-14,KAVL,0.0,0.0,0.0,0.0,3.0,-3.0,5.0,False,4158.0,2.0,False,
2026-05-14,KBAL,0.0,0.0,0.0,0.0,3.0,-3.0,5.0,False,4159.0,2.0,False,
2026-05-14,KBAL.B,0.0,0.0,0.0,0.0,3.0,-3.0,5.0,False,4160.0,2.0,False,
2026-05-14,KBAL.V,0.0,0.0,0.0,0.0,3.0,-3.0,5.0,False,4161.0,2.0,False,
2026-05-14,KBIO,0.0,0.0,0.0,0.0,3.0,-3.0,5.0,False,4162.0,2.0,False,
2026-05-14,KBLM,0.0,0.0,0.0,0.0,3.0,-3.0,5.0,False,4163.0,2.0,False,
2026-05-14,KBNT,0.0,0.0,0.0,0.0,3.0,-3.0,5.0,False,4164.0,2.0,False,
2026-05-14,KBON,0.0,0.0,0.0,-0.0006171821096057828,3.0,-9.171821096057828,5.0,False,6668.0,2.0,True,
2026-05-14,KBSF,0.0,0.0,0.0,0.0,3.0,-3.0,5.0,False,4165.0,2.0,False,
2026-05-14,KBSX,0.0,0.0,0.0,0.0007943646985612155,3.0,4.943646985612155,5.0,False,1510.0,4.0,False,
2026-05-14,KCAP,0.0,0.0,0.0,0.0,3.0,-3.0,5.0,False,4166.0,2.0,False,
2026-05-14,KCAPL,0.0,0.0,0.0,0.0,3.0,-3.0,5.0,False,4167.0,2.0,False,
2026-05-14,KCHV,0.0,0.0,0.0,0.0008235385838326502,3.0,5.235385838326502,5.0,True,1489.0,4.0,True,
2026-05-14,KCLI,0.0,0.0,0.0,0.0,3.0,-3.0,5.0,False,4168.0,2.0,False,
2026-05-14,KDK,0.0,0.0,0.0,0.00043913906816149106,3.0,1.3913906816149106,5.0,False,1751.0,3.0,True,
2026-05-14,KDLY,0.0,0.0,0.0,0.0,3.0,-3.0,5.0,False,4169.0,2.0,False,
2026-05-14,KDMN,0.0,0.0,0.0,0.0,3.0,-3.0,5.0,False,4170.0,2.0,False,
2026-05-14,KDNY,0.0,0.0,0.0,0.0,3.0,-3.0,5.0,False,4171.0,2.0,False,
2026-05-14,KDP,0.0,0.0,0.0,0.0025500192576361617,3.0,22.500192576361616,5.0,True,624.0,5.0,True,
2026-05-14,KE,0.0,0.0,0.0,0.0014060548912961089,3.0,11.060548912961089,5.0,True,1129.0,4.0,True,
2026-05-14,KEEL,0.0,0.0,0.0,-0.00304508978661737,3.0,-33.450897866173705,5.0,False,7181.0,1.0,False,
2026-05-14,KELYA,0.0,0.0,0.0,0.00029456350323008143,3.0,-0.05436496769918575,5.0,False,1827.0,3.0,True,
2026-05-14,KELYB,0.0,0.0,0.0,0.0005467888767411793,3.0,2.467888767411793,5.0,False,1670.0,3.0,True,
2026-05-14,KEQU,0.0,0.0,0.0,0.0020771089348890093,3.0,17.771089348890094,5.0,True,805.0,4.0,True,
2026-05-14,KERN,0.0,0.0,0.0,0.0,3.0,-3.0,5.0,False,4172.0,2.0,False,
2026-05-14,KERX,0.0,0.0,0.0,0.0,3.0,-3.0,5.0,False,4173.0,2.0,False,
2026-05-14,KEYW,0.0,0.0,0.0,0.0,3.0,-3.0,5.0,False,4174.0,2.0,False,
2026-05-14,KFFB,0.0,0.0,0.0,0.004672738596636766,3.0,43.72738596636766,5.0,True,216.0,5.0,False,
2026-05-14,KFII,0.0,0.0,0.0,0.0007592119811040705,3.0,4.592119811040705,5.0,False,1529.0,3.0,True,
2026-05-14,KFT,0.0,0.0,0.0,0.0,3.0,-3.0,5.0,False,4175.0,2.0,False,
2026-05-14,KFX,0.0,0.0,0.0,0.0,3.0,-3.0,5.0,False,4176.0,2.0,False,
2026-05-14,KG,0.0,0.0,0.0,0.0012249509511127377,3.0,9.249509511127377,5.0,True,1231.0,4.0,True,
2026-05-14,KGEI,0.0,0.0,0.0,0.0018691380226147467,3.0,15.691380226147466,5.0,True,882.0,4.0,True,
2026-05-14,KGJI,0.0,0.0,0.0,0.0,3.0,-3.0,5.0,False,4177.0,2.0,False,
2026-05-14,KHC,0.0,0.0,0.0,0.0002456289916695687,3.0,-0.5437100833043131,5.0,False,1850.0,3.0,True,
2026-05-14,KIDS,0.0,0.0,0.0,-0.000896534807153851,3.0,-11.965348071538509,5.0,False,6763.0,2.0,True,
2026-05-14,KIDZ,0.0,0.0,0.0,-0.010535992544453532,3.0,-108.35992544453532,5.0,False,7487.0,1.0,False,
2026-05-14,KIII,0.0,0.0,0.0,0.0,3.0,-3.0,5.0,False,4178.0,2.0,False,
2026-05-14,KIN,0.0,0.0,0.0,0.0,3.0,-3.0,5.0,False,4179.0,2.0,False,
2026-05-14,KINS,0.0,0.0,0.0,-0.00027035833056659526,3.0,-5.703583305665953,5.0,False,6508.0,2.0,True,
2026-05-14,KINZ,0.0,0.0,0.0,0.0,3.0,-3.0,5.0,False,4180.0,2.0,False,
2026-05-14,KIOR,0.0,0.0,0.0,0.0,3.0,-3.0,5.0,False,4181.0,2.0,False,
2026-05-14,KIPO,0.0,0.0,0.0,0.0,3.0,-3.0,5.0,False,4182.0,2.0,False,
2026-05-14,KIPS,0.0,0.0,0.0,0.0,3.0,-3.0,5.0,False,4183.0,2.0,False,
2026-05-14,KIRK,0.0,0.0,0.0,0.0,3.0,-3.0,5.0,False,4184.0,2.0,False,
2026-05-14,KITE,0.0,0.0,0.0,0.0,3.0,-3.0,5.0,False,4185.0,2.0,False,
2026-05-14,KITT,0.0,0.0,0.0,-0.0018042126752438753,3.0,-21.04212675243875,5.0,False,6972.0,1.0,False,
2026-05-14,KLAC,0.0,0.0,0.0,0.0016499881703533536,3.0,13.499881703533536,5.0,True,988.0,4.0,True,
2026-05-14,KLAQ,0.0,0.0,0.0,0.0,3.0,-3.0,5.0,False,4186.0,2.0,False,
2026-05-14,KLDO,0.0,0.0,0.0,0.0,3.0,-3.0,5.0,False,4187.0,2.0,False,
2026-05-14,KLIC,0.0,0.0,0.0,0.0022796218933476007,3.0,19.796218933476005,5.0,True,740.0,5.0,True,
2026-05-14,KLOX,0.0,0.0,0.0,0.0,3.0,-3.0,5.0,False,4188.0,2.0,False,
2026-05-14,KLRA,0.0,0.0,0.0,5.1810321033880855e-05,3.0,-2.4818967896611914,5.0,False,1962.0,3.0,True,
2026-05-14,KLRE,0.0,0.0,0.0,0.0,3.0,-3.0,5.0,False,4189.0,2.0,False,
2026-05-14,KLRE.U,0.0,0.0,0.0,0.0,3.0,-3.0,5.0,False,4190.0,2.0,False,
2026-05-14,KLRE.W,0.0,0.0,0.0,0.0,3.0,-3.0,5.0,False,4191.0,2.0,False,
2026-05-14,KLRS,0.0,0.0,0.0,-0.004520470967152812,3.0,-48.20470967152812,5.0,False,7306.0,1.0,True,
2026-05-14,KLTO,0.0,0.0,0.0,0.0,3.0,-3.0,5.0,False,4192.0,2.0,False,
2026-05-14,KLTR,0.0,0.0,0.0,0.001234281842646419,3.0,9.342818426464191,5.0,True,1225.0,4.0,False,
2026-05-14,KLXE,0.0,0.0,0.0,0.010330509331916957,3.0,100.30509331916957,5.0,True,11.0,5.0,False,
2026-05-14,KLXEV,0.0,0.0,0.0,0.0,3.0,-3.0,5.0,False,4193.0,2.0,False,
2026-05-14,KLXI,0.0,0.0,0.0,0.0,3.0,-3.0,5.0,False,4194.0,2.0,False,
2026-05-14,KLXI.V,0.0,0.0,0.0,0.0,3.0,-3.0,5.0,False,4195.0,2.0,False,
2026-05-14,KLXIV,0.0,0.0,0.0,0.0,3.0,-3.0,5.0,False,4196.0,2.0,False,
2026-05-14,KMB,0.0,0.0,0.0,0.001527383005162992,3.0,12.27383005162992,5.0,True,1057.0,4.0,True,
2026-05-14,KMDA,0.0,0.0,0.0,-0.00015397803039978895,3.0,-4.5397803039978895,5.0,False,6453.0,2.0,True,
2026-05-14,KMRK,0.0,0.0,0.0,-0.008555840724934718,3.0,-88.55840724934718,5.0,False,7456.0,1.0,False,
2026-05-14,KMTS,0.0,0.0,0.0,0.001008608290051723,3.0,7.08608290051723,5.0,True,1365.0,4.0,True,
2026-05-14,KNBE,0.0,0.0,0.0,0.0,3.0,-3.0,5.0,False,4197.0,2.0,False,
2026-05-14,KNDI,0.0,0.0,0.0,-2.3327405123526592e-05,3.0,-3.233274051235266,5.0,False,6390.0,2.0,False,
2026-05-14,KNSA,0.0,0.0,0.0,0.004262955187456497,3.0,39.62955187456497,5.0,True,261.0,5.0,True,
2026-05-14,KNTE,0.0,0.0,0.0,0.0,3.0,-3.0,5.0,False,4198.0,2.0,False,
2026-05-14,KOD,0.0,0.0,0.0,0.0038528526936693086,3.0,35.52852693669308,5.0,True,322.0,5.0,True,
2026-05-14,KONA,0.0,0.0,0.0,0.0,3.0,-3.0,5.0,False,4199.0,2.0,False,
2026-05-14,KOPN,0.003676060267857143,0.004464285714285714,-0.0007882254464285712,0.003264713139592503,3.0,29.64713139592503,5.0,True,440.0,5.0,True,"SELL because predicted alpha is in the top decile. Net alpha after estimated 3.0 bps trading cost is 29.65 bps versus threshold 5.00 bps. Main contributors were mom_21, hl_range_20, close_to_low_20. Price filter passed; liquidity filter passed."
2026-05-14,KOR,0.0,0.0,0.0,0.0,3.0,-3.0,5.0,False,4200.0,2.0,False,
2026-05-14,KOSS,0.0,0.0,0.0,0.0010252129921087217,3.0,7.252129921087217,5.0,True,1353.0,4.0,False,
2026-05-14,KOYN,0.0,0.0,0.0,0.0018485263534061113,3.0,15.485263534061112,5.0,True,900.0,4.0,True,
2026-05-14,KPLT,0.0,0.0,0.0,0.0010311424198693531,3.0,7.3114241986935316,5.0,True,1350.0,4.0,True,
2026-05-14,KPRX,0.0,0.0,0.0,0.001538720326845323,3.0,12.38720326845323,5.0,True,1048.0,4.0,False,
2026-05-14,KPTI,0.0,0.0,0.0,0.001376615775912418,3.0,10.76615775912418,5.0,True,1151.0,4.0,True,
2026-05-14,KRAQ,0.0,0.0,0.0,-0.0001916245138902737,3.0,-4.916245138902737,5.0,False,6474.0,2.0,True,
2026-05-14,KRBP,0.0,0.0,0.0,0.0,3.0,-3.0,5.0,False,4201.0,2.0,False,
2026-05-14,KRFT,0.0,0.0,0.0,0.0,3.0,-3.0,5.0,False,4202.0,2.0,False,
2026-05-14,KRMD,0.0,0.0,0.0,-0.0019845813196421357,3.0,-22.845813196421357,5.0,False,7011.0,1.0,False,
2026-05-14,KRNL,0.0,0.0,0.0,0.0,3.0,-3.0,5.0,False,4203.0,2.0,False,
2026-05-14,KRNT,0.0,0.0,0.0,-0.0020605924531627707,3.0,-23.605924531627707,5.0,False,7031.0,1.0,True,
2026-05-14,KRNY,0.0,0.0,0.0,0.00032076049055560434,3.0,0.20760490555604338,5.0,False,1811.0,3.0,True,
2026-05-14,KRON,0.0,0.0,0.0,0.0,3.0,-3.0,5.0,False,4204.0,2.0,False,
2026-05-14,KROS,0.0,0.0,0.0,0.0007343493794379318,3.0,4.343493794379318,5.0,False,1546.0,3.0,True,
2026-05-14,KRRO,0.0,0.0,0.0,-0.00013089676890451485,3.0,-4.308967689045149,5.0,False,6438.0,2.0,True,
2026-05-14,KRT,-0.003676060267857143,-0.004464285714285714,0.0007882254464285712,-0.0012406474349820138,3.0,9.406474349820138,5.0,True,6856.0,1.0,True,"COVER because predicted alpha is in the bottom decile. Net alpha after estimated 3.0 bps trading cost is 9.41 bps versus threshold 5.00 bps. Main contributors were mom_5, hl_range_20, volume_z_60. Price filter passed; liquidity filter passed."
2026-05-14,KRTX,0.0,0.0,0.0,0.0,3.0,-3.0,5.0,False,4205.0,2.0,False,
2026-05-14,KRUS,0.0,0.0,0.0,0.00044863362097946385,3.0,1.4863362097946382,5.0,False,1746.0,3.0,True,
2026-05-14,KRYS,0.0,0.0,0.0,0.0017071803646295796,3.0,14.071803646295795,5.0,True,957.0,4.0,True,
2026-05-14,KSCP,0.0,0.0,0.0,0.0009023623465264988,3.0,6.023623465264988,5.0,True,1437.0,4.0,False,
2026-05-14,KSI,0.0,0.0,0.0,0.0,3.0,-3.0,5.0,False,4206.0,2.0,False,
2026-05-14,KSMT,0.0,0.0,0.0,0.0,3.0,-3.0,5.0,False,4207.0,2.0,False,
2026-05-14,KSPN,0.0,0.0,0.0,0.0,3.0,-3.0,5.0,False,4208.0,2.0,False,
2026-05-14,KTCC,0.0,0.0,0.0,0.002653340655592539,3.0,23.533406555925392,5.0,True,589.0,5.0,False,
2026-05-14,KTOS,0.0,0.0,0.0,-0.000419641636411022,3.0,-7.1964163641102195,5.0,False,6589.0,2.0,True,
2026-05-14,KTOV.W,0.0,0.0,0.0,0.0,3.0,-3.0,5.0,False,4209.0,2.0,False,
2026-05-14,KTRA,0.0,0.0,0.0,0.0,3.0,-3.0,5.0,False,4210.0,2.0,False,
2026-05-14,KTTA,0.0,0.0,0.0,-0.000833643244728863,3.0,-11.33643244728863,5.0,False,6737.0,2.0,False,
2026-05-14,KTWO,0.0,0.0,0.0,1.0665277171646725e-05,3.0,-2.893347228283533,5.0,False,1982.0,3.0,True,
2026-05-14,KURA,0.0,0.0,0.0,0.0011235086991348837,3.0,8.235086991348837,5.0,True,1289.0,4.0,True,
2026-05-14,KURI,0.0,0.0,0.0,0.0,3.0,-3.0,5.0,False,4211.0,2.0,False,
2026-05-14,KUST,0.0,0.0,0.0,-0.0020140176502192004,3.0,-23.140176502192006,5.0,False,7024.0,1.0,False,
2026-05-14,KUTV,0.0,0.0,0.0,0.0,3.0,-3.0,5.0,False,4212.0,2.0,False,
2026-05-14,KVAC,0.0,0.0,0.0,0.0,3.0,-3.0,5.0,False,4213.0,2.0,False,
2026-05-14,KVHI,0.0,0.0,0.0,0.0025685002464187427,3.0,22.685002464187427,5.0,True,618.0,5.0,True,
2026-05-14,KVSA,0.0,0.0,0.0,0.0,3.0,-3.0,5.0,False,4214.0,2.0,False,
2026-05-14,KVSB,0.0,0.0,0.0,0.0,3.0,-3.0,5.0,False,4215.0,2.0,False,
2026-05-14,KVSC,0.0,0.0,0.0,0.0,3.0,-3.0,5.0,False,4216.0,2.0,False,
2026-05-14,KWE,0.0,0.0,0.0,0.0,3.0,-3.0,5.0,False,4217.0,2.0,False,
2026-05-14,KWM,0.0,0.0,0.0,-0.00041988306551936534,3.0,-7.198830655193653,5.0,False,6590.0,2.0,False,
2026-05-14,KXIN,-0.003676060267857143,-0.004464285714285714,0.0007882254464285712,0.0014833241569414655,3.0,-17.833241569414653,5.0,False,1080.0,4.0,True,"COVER because predicted alpha is in the bottom decile. Net alpha after estimated 3.0 bps trading cost is -17.83 bps versus threshold 5.00 bps. Main contributors were dist_52w_high, volatility_10, mom_63. Price filter passed; liquidity filter passed."
2026-05-14,KYCH,0.0,0.0,0.0,0.0,3.0,-3.0,5.0,False,4218.0,2.0,False,
2026-05-14,KYIV,0.00078125,0.0,0.00078125,0.005183423292772623,3.0,48.834232927726234,5.0,True,171.0,5.0,True,"BUY because predicted alpha is in the top decile. Net alpha after estimated 3.0 bps trading cost is 48.83 bps versus threshold 5.00 bps. Main contributors were intraday_return, parkinson_vol_20, mom_5. Price filter passed; liquidity filter passed."
2026-05-14,KYMR,0.0,0.0,0.0,0.004170135454841911,3.0,38.70135454841911,5.0,True,277.0,5.0,True,
2026-05-14,KYNB,0.0,0.0,0.0,0.0023076354347756644,3.0,20.076354347756645,5.0,True,727.0,5.0,True,
2026-05-14,KYTH,0.0,0.0,0.0,0.0,3.0,-3.0,5.0,False,4219.0,2.0,False,
2026-05-14,KYTX,0.0,0.0,0.0,0.003656268539071135,3.0,33.56268539071135,5.0,True,357.0,5.0,True,
2026-05-14,KZR,0.0,0.0,0.0,0.0,3.0,-3.0,5.0,False,4220.0,2.0,False,
2026-05-14,LAAA,0.0,0.0,0.0,0.0,3.0,-3.0,5.0,False,4221.0,2.0,False,
2026-05-14,LAB,0.0,0.0,0.0,0.0016976703431153643,3.0,13.976703431153645,5.0,True,962.0,4.0,False,
2026-05-14,LABC,0.0,0.0,0.0,0.0,3.0,-3.0,5.0,False,4222.0,2.0,False,
2026-05-14,LABL,0.0,0.0,0.0,0.0,3.0,-3.0,5.0,False,4223.0,2.0,False,
2026-05-14,LABP,0.0,0.0,0.0,0.0,3.0,-3.0,5.0,False,4224.0,2.0,False,
2026-05-14,LABT,0.0,0.0,0.0,-0.01067442642440649,3.0,-109.7442642440649,5.0,False,7489.0,1.0,False,
2026-05-14,LACO,0.0,0.0,0.0,0.0,3.0,-3.0,5.0,False,4225.0,2.0,False,
2026-05-14,LACQ,0.0,0.0,0.0,0.0,3.0,-3.0,5.0,False,4226.0,2.0,False,
2026-05-14,LAES,0.0,0.0,0.0,-0.0014237380317137583,3.0,-17.237380317137582,5.0,False,6899.0,1.0,False,
2026-05-14,LAFA,0.0,0.0,0.0,0.0,3.0,-3.0,5.0,False,4227.0,2.0,False,
2026-05-14,LAKE,0.0,0.0,0.0,0.001305600891789774,3.0,10.05600891789774,5.0,True,1187.0,4.0,True,
2026-05-14,LAMR,0.0,0.0,0.0,0.00031392959417380126,3.0,0.13929594173801263,5.0,False,1816.0,3.0,True,
2026-05-14,LANC,0.0,0.0,0.0,0.0,3.0,-3.0,5.0,False,4228.0,2.0,False,
2026-05-14,LAND,0.0,0.0,0.0,0.0008111226547837249,3.0,5.11122654783725,5.0,True,1500.0,4.0,True,
2026-05-14,LAND.P,0.0,0.0,0.0,0.0,3.0,-3.0,5.0,False,4229.0,2.0,False,
2026-05-14,LANDO,0.0,0.0,0.0,0.0012608080699378387,3.0,9.608080699378387,5.0,True,1215.0,4.0,True,
2026-05-14,LARK,0.0,0.0,0.0,-0.0007850599679940497,3.0,-10.850599679940498,5.0,False,6720.0,2.0,True,
2026-05-14,LASE,0.0,0.0,0.0,0.00021900103018008014,3.0,-0.8099896981991987,5.0,False,1869.0,3.0,False,
2026-05-14,LASR,0.004457310267857143,0.004464285714285714,-6.975446428571404e-06,0.00832283658916745,3.0,80.2283658916745,5.0,True,34.0,5.0,True,"SELL because predicted alpha is in the top decile. Net alpha after estimated 3.0 bps trading cost is 80.23 bps versus threshold 5.00 bps. Main contributors were mom_252, mom_5, volume_z_60. Price filter passed; liquidity filter passed."
2026-05-14,LATA,0.0,0.0,0.0,0.0,3.0,-3.0,5.0,False,4230.0,2.0,False,
2026-05-14,LATG,0.0,0.0,0.0,0.0,3.0,-3.0,5.0,False,4231.0,2.0,False,
2026-05-14,LATN,0.0,0.0,0.0,0.0,3.0,-3.0,5.0,False,4232.0,2.0,False,
2026-05-14,LAUR,0.0,0.0,0.0,0.002940599670207862,3.0,26.40599670207862,5.0,True,518.0,5.0,True,
2026-05-14,LAVA,0.0,0.0,0.0,0.0,3.0,-3.0,5.0,False,4233.0,2.0,False,
2026-05-14,LAX,0.0,0.0,0.0,0.0,3.0,-3.0,5.0,False,4234.0,2.0,False,
2026-05-14,LAYN,0.0,0.0,0.0,0.0,3.0,-3.0,5.0,False,4235.0,2.0,False,
2026-05-14,LAZR,0.0,0.0,0.0,0.0,3.0,-3.0,5.0,False,4236.0,2.0,False,
2026-05-14,LAZY,0.0,0.0,0.0,0.0,3.0,-3.0,5.0,False,4237.0,2.0,False,
2026-05-14,LBAI,0.0,0.0,0.0,0.0,3.0,-3.0,5.0,False,4238.0,2.0,False,
2026-05-14,LBBB,0.0,0.0,0.0,0.0,3.0,-3.0,5.0,False,4239.0,2.0,False,
2026-05-14,LBC,0.0,0.0,0.0,0.0,3.0,-3.0,5.0,False,4240.0,2.0,False,
2026-05-14,LBCC,0.0,0.0,0.0,0.0,3.0,-3.0,5.0,False,4241.0,2.0,False,
2026-05-14,LBDAV,0.0,0.0,0.0,0.0,3.0,-3.0,5.0,False,4242.0,2.0,False,
2026-05-14,LBDKV,0.0,0.0,0.0,0.0,3.0,-3.0,5.0,False,4243.0,2.0,False,
2026-05-14,LBGJ,0.0,0.0,0.0,-0.01633445538580815,3.0,-166.3445538580815,5.0,False,7524.0,1.0,False,
2026-05-14,LBIO,0.0,0.0,0.0,0.0,3.0,-3.0,5.0,False,4244.0,2.0,False,
2026-05-14,LBIX,0.0,0.0,0.0,0.0,3.0,-3.0,5.0,False,4245.0,2.0,False,
2026-05-14,LBKR.V,0.0,0.0,0.0,0.0,3.0,-3.0,5.0,False,4246.0,2.0,False,
2026-05-14,LBPH,0.0,0.0,0.0,0.0,3.0,-3.0,5.0,False,4247.0,2.0,False,
2026-05-14,LBRDA,-0.004457310267857143,-0.004464285714285714,6.975446428571404e-06,-0.007176856912630891,3.0,68.7685691263089,5.0,True,7425.0,1.0,True,"COVER because predicted alpha is in the bottom decile. Net alpha after estimated 3.0 bps trading cost is 68.77 bps versus threshold 5.00 bps. Main contributors were earnings_yield, book_to_market, intraday_return. Price filter passed; liquidity filter passed."
2026-05-14,LBRDK,-0.004457310267857143,-0.004464285714285714,6.975446428571404e-06,-0.0075677477828393295,3.0,72.6774778283933,5.0,True,7433.0,1.0,True,"COVER because predicted alpha is in the bottom decile. Net alpha after estimated 3.0 bps trading cost is 72.68 bps versus threshold 5.00 bps. Main contributors were earnings_yield, book_to_market, intraday_return. Price filter passed; liquidity filter passed."
2026-05-14,LBRK.R,0.0,0.0,0.0,0.0,3.0,-3.0,5.0,False,4248.0,2.0,False,
2026-05-14,LBRX,0.0,0.0,0.0,0.004938461946389576,3.0,46.38461946389576,5.0,True,193.0,5.0,True,
2026-05-14,LBTA.V,0.0,0.0,0.0,0.0,3.0,-3.0,5.0,False,4249.0,2.0,False,
2026-05-14,LBTB.V,0.0,0.0,0.0,0.0,3.0,-3.0,5.0,False,4250.0,2.0,False,
2026-05-14,LBTK.V,0.0,0.0,0.0,0.0,3.0,-3.0,5.0,False,4251.0,2.0,False,
2026-05-14,LBTY.B,0.0,0.0,0.0,0.0,3.0,-3.0,5.0,False,4252.0,2.0,False,
2026-05-14,LBTY.K,0.0,0.0,0.0,0.0,3.0,-3.0,5.0,False,4253.0,2.0,False,
2026-05-14,LBTYA,0.0,0.0,0.0,0.0009362394524530319,3.0,6.36239452453032,5.0,True,1413.0,4.0,True,
2026-05-14,LBTYB,0.0,0.0,0.0,-0.001379810030609238,3.0,-16.79810030609238,5.0,False,6886.0,1.0,True,
2026-05-14,LBTYK,0.0,0.0,0.0,0.0007324375390827402,3.0,4.324375390827402,5.0,False,1547.0,3.0,True,
2026-05-14,LBYAV,0.0,0.0,0.0,0.0,3.0,-3.0,5.0,False,4254.0,2.0,False,
2026-05-14,LBYKV,0.0,0.0,0.0,0.0,3.0,-3.0,5.0,False,4255.0,2.0,False,
2026-05-14,LCA,0.0,0.0,0.0,0.0,3.0,-3.0,5.0,False,4256.0,2.0,False,
2026-05-14,LCAA,0.0,0.0,0.0,0.0,3.0,-3.0,5.0,False,4257.0,2.0,False,
2026-05-14,LCAH.U,0.0,0.0,0.0,0.0,3.0,-3.0,5.0,False,4258.0,2.0,False,
2026-05-14,LCAH.W,0.0,0.0,0.0,0.0,3.0,-3.0,5.0,False,4259.0,2.0,False,
2026-05-14,LCAV,0.0,0.0,0.0,0.0,3.0,-3.0,5.0,False,4260.0,2.0,False,
2026-05-14,LCCC,0.0,0.0,0.0,0.0,3.0,-3.0,5.0,False,4261.0,2.0,False,
2026-05-14,LCFY,0.0,0.0,0.0,0.002839544560493396,3.0,25.395445604933958,5.0,True,542.0,5.0,False,
2026-05-14,LCID,-0.003676060267857143,-0.004464285714285714,0.0007882254464285712,0.002813083678223331,3.0,-31.13083678223331,5.0,False,548.0,5.0,True,"COVER because predicted alpha is in the bottom decile. Net alpha after estimated 3.0 bps trading cost is -31.13 bps versus threshold 5.00 bps. Main contributors were mom_21, mom_63, mom_252. Price filter passed; liquidity filter passed."
2026-05-14,LCNB,0.0,0.0,0.0,0.0006220406301137145,3.0,3.220406301137145,5.0,False,1625.0,3.0,True,
2026-05-14,LCUT,-0.00078125,0.0,-0.00078125,-0.0024493203863555973,3.0,21.493203863555973,5.0,True,7106.0,1.0,True,"SHORT because predicted alpha is in the bottom decile. Net alpha after estimated 3.0 bps trading cost is 21.49 bps versus threshold 5.00 bps. Main contributors were intraday_return, parkinson_vol_20, mom_126. Price filter passed; liquidity filter passed."
2026-05-14,LCW,0.0,0.0,0.0,0.0,3.0,-3.0,5.0,False,4262.0,2.0,False,
2026-05-14,LCY,0.0,0.0,0.0,0.0,3.0,-3.0,5.0,False,4263.0,2.0,False,
2026-05-14,LDHA,0.0,0.0,0.0,0.0,3.0,-3.0,5.0,False,4264.0,2.0,False,
2026-05-14,LDTC,0.0,0.0,0.0,0.0,3.0,-3.0,5.0,False,4265.0,2.0,False,
2026-05-14,LDWY,0.0,0.0,0.0,0.0,3.0,-3.0,5.0,False,4266.0,2.0,False,
2026-05-14,LE,0.0,0.0,0.0,0.00012728438184145653,3.0,-1.7271561815854346,5.0,False,1919.0,3.0,True,
2026-05-14,LECO,0.0,0.0,0.0,0.0012667929121897316,3.0,9.667929121897316,5.0,True,1208.0,4.0,True,
2026-05-14,LEDS,0.0,0.0,0.0,0.006225996798069546,3.0,59.259967980695464,5.0,True,95.0,5.0,False,
2026-05-14,LEE,0.0,0.0,0.0,0.0013803948638939814,3.0,10.803948638939813,5.0,True,1147.0,4.0,True,
2026-05-14,LEGA,0.0,0.0,0.0,0.0,3.0,-3.0,5.0,False,4267.0,2.0,False,
2026-05-14,LEGH,0.0,0.0,0.0,0.002282495683692747,3.0,19.824956836927466,5.0,True,737.0,5.0,True,
2026-05-14,LENZ,0.0,0.0,0.0,0.0034270738415540783,3.0,31.270738415540784,5.0,True,406.0,5.0,True,
2026-05-14,LESL,0.0,0.0,0.0,-0.02751514009915924,3.0,-278.1514009915924,5.0,False,7569.0,1.0,False,
2026-05-14,LEVL,0.0,0.0,0.0,0.0,3.0,-3.0,5.0,False,4268.0,2.0,False,
2026-05-14,LEVY,0.0,0.0,0.0,0.0,3.0,-3.0,5.0,False,4269.0,2.0,False,
2026-05-14,LEVY.U,0.0,0.0,0.0,0.0,3.0,-3.0,5.0,False,4270.0,2.0,False,
2026-05-14,LEVY.W,0.0,0.0,0.0,0.0,3.0,-3.0,5.0,False,4271.0,2.0,False,
2026-05-14,LEXAV,0.0,0.0,0.0,0.0,3.0,-3.0,5.0,False,4272.0,2.0,False,
2026-05-14,LEXEA,0.0,0.0,0.0,0.0,3.0,-3.0,5.0,False,4273.0,2.0,False,
2026-05-14,LEXEB,0.0,0.0,0.0,0.0,3.0,-3.0,5.0,False,4274.0,2.0,False,
2026-05-14,LEXX,0.0,0.0,0.0,-0.001506154502692583,3.0,-18.06154502692583,5.0,False,6916.0,1.0,False,
2026-05-14,LFAC,0.0,0.0,0.0,0.0,3.0,-3.0,5.0,False,4275.0,2.0,False,
2026-05-14,LFCR,0.0,0.0,0.0,-0.0010428290873025685,3.0,-13.428290873025684,5.0,False,6806.0,2.0,False,
2026-05-14,LFIN,0.0,0.0,0.0,0.0,3.0,-3.0,5.0,False,4276.0,2.0,False,
2026-05-14,LFLY,0.0,0.0,0.0,0.0,3.0,-3.0,5.0,False,4277.0,2.0,False,
2026-05-14,LFMD,0.0,0.0,0.0,0.0028713002288203375,3.0,25.713002288203374,5.0,True,531.0,5.0,False,
2026-05-14,LFST,0.0,0.0,0.0,0.0013388823418612104,3.0,10.388823418612104,5.0,True,1171.0,4.0,True,
2026-05-14,LFTR,0.0,0.0,0.0,0.0,3.0,-3.0,5.0,False,4278.0,2.0,False,
2026-05-14,LFUS,0.0,0.0,0.0,0.0030198750212962447,3.0,27.198750212962448,5.0,True,500.0,5.0,True,
2026-05-14,LFVN,0.0,0.0,0.0,0.0023599402489580417,3.0,20.599402489580417,5.0,True,702.0,5.0,True,
2026-05-14,LFWD,0.0,0.0,0.0,0.0002773663447422714,3.0,-0.22633655257728602,5.0,False,1833.0,3.0,True,
2026-05-14,LGAC,0.0,0.0,0.0,0.0,3.0,-3.0,5.0,False,4279.0,2.0,False,
2026-05-14,LGCB,0.0,0.0,0.0,-0.02924703834155397,3.0,-295.4703834155397,5.0,False,7574.0,1.0,False,
2026-05-14,LGCL,0.0,0.0,0.0,0.0003048464116141049,3.0,0.04846411614104884,5.0,False,1818.0,3.0,False,
2026-05-14,LGCYO,0.0,0.0,0.0,0.0,3.0,-3.0,5.0,False,4280.0,2.0,False,
2026-05-14,LGHL,0.0,0.0,0.0,-0.007082992313831263,3.0,-73.82992313831262,5.0,False,7420.0,1.0,False,
2026-05-14,LGIH,0.0,0.0,0.0,0.003526649169578269,3.0,32.26649169578269,5.0,True,384.0,5.0,True,
2026-05-14,LGMK,0.0,0.0,0.0,0.0,3.0,-3.0,5.0,False,4281.0,2.0,False,
2026-05-14,LGN,0.00078125,0.0,0.00078125,0.006003350422027976,3.0,57.03350422027976,5.0,True,110.0,5.0,True,"BUY because predicted alpha is in the top decile. Net alpha after estimated 3.0 bps trading cost is 57.03 bps versus threshold 5.00 bps. Main contributors were intraday_return, mom_63, volume_z_20. Price filter passed; liquidity filter passed."
2026-05-14,LGND,0.0,0.0,0.0,0.004446370313795542,3.0,41.46370313795542,5.0,True,235.0,5.0,True,
2026-05-14,LGNDV,0.0,0.0,0.0,0.0,3.0,-3.0,5.0,False,4282.0,2.0,False,
2026-05-14,LGO,0.0,0.0,0.0,7.142421145557836e-05,3.0,-2.2857578854442164,5.0,False,1953.0,3.0,False,
2026-05-14,LGST,0.0,0.0,0.0,0.0,3.0,-3.0,5.0,False,4283.0,2.0,False,
2026-05-14,LGTO,0.0,0.0,0.0,0.0,3.0,-3.0,5.0,False,4284.0,2.0,False,
2026-05-14,LGTY,0.0,0.0,0.0,0.0,3.0,-3.0,5.0,False,4285.0,2.0,False,
2026-05-14,LGVC,0.0,0.0,0.0,0.0,3.0,-3.0,5.0,False,4286.0,2.0,False,
2026-05-14,LGVN,0.0,0.0,0.0,0.0008293563305334559,3.0,5.293563305334558,5.0,True,1485.0,4.0,False,
2026-05-14,LHAA,0.0,0.0,0.0,0.0,3.0,-3.0,5.0,False,4287.0,2.0,False,
2026-05-14,LHAI,0.0,0.0,0.0,-0.014953146798898535,3.0,-152.53146798898536,5.0,False,7521.0,1.0,False,
2026-05-14,LHCG,0.0,0.0,0.0,0.0,3.0,-3.0,5.0,False,4288.0,2.0,False,
2026-05-14,LHDX,0.0,0.0,0.0,0.0,3.0,-3.0,5.0,False,4289.0,2.0,False,
2026-05-14,LHSW,0.0,0.0,0.0,-0.014438730560284746,3.0,-147.38730560284745,5.0,False,7516.0,1.0,False,
2026-05-14,LIBY,0.0,0.0,0.0,0.0,3.0,-3.0,5.0,False,4290.0,2.0,False,
2026-05-14,LICN,0.0,0.0,0.0,0.00793009081886041,3.0,76.30090818860411,5.0,True,40.0,5.0,True,
2026-05-14,LIDR,0.0,0.0,0.0,0.0019530597026073846,3.0,16.530597026073846,5.0,True,849.0,4.0,False,
2026-05-14,LIEN,-0.00078125,0.0,-0.00078125,-0.004328794972598643,3.0,40.28794972598643,5.0,True,7295.0,1.0,True,"SHORT because predicted alpha is in the bottom decile. Net alpha after estimated 3.0 bps trading cost is 40.29 bps versus threshold 5.00 bps. Main contributors were volume_z_60, intraday_return, book_to_market. Price filter passed; liquidity filter passed."
2026-05-14,LIF,0.0,0.0,0.0,0.001314821719845164,3.0,10.14821719845164,5.0,True,1180.0,4.0,True,
2026-05-14,LIFE,0.003676060267857143,0.004464285714285714,-0.0007882254464285712,0.0006409438942204934,3.0,3.4094389422049334,5.0,False,1611.0,3.0,True,"SELL because predicted alpha is in the top decile. Net alpha after estimated 3.0 bps trading cost is 3.41 bps versus threshold 5.00 bps. Main contributors were overnight_return, mom_63, mom_21. Price filter passed; liquidity filter passed."
2026-05-14,LIFW,0.0,0.0,0.0,0.0,3.0,-3.0,5.0,False,4291.0,2.0,False,
2026-05-14,LIHR,0.0,0.0,0.0,0.0,3.0,-3.0,5.0,False,4292.0,2.0,False,
2026-05-14,LILA,-0.003676060267857143,-0.004464285714285714,0.0007882254464285712,0.0009337908575021426,3.0,-12.337908575021427,5.0,False,1415.0,4.0,True,"COVER because predicted alpha is in the bottom decile. Net alpha after estimated 3.0 bps trading cost is -12.34 bps versus threshold 5.00 bps. Main contributors were hl_range_20, debt_to_equity, volatility_20. Price filter passed; liquidity filter passed."
2026-05-14,LILA.K,0.0,0.0,0.0,0.0,3.0,-3.0,5.0,False,4293.0,2.0,False,
2026-05-14,LILA.V,0.0,0.0,0.0,0.0,3.0,-3.0,5.0,False,4294.0,2.0,False,
2026-05-14,LILAK,0.0,0.0,0.0,0.0018807046365979761,3.0,15.807046365979762,5.0,True,874.0,4.0,True,
2026-05-14,LILK.V,0.0,0.0,0.0,0.0,3.0,-3.0,5.0,False,4295.0,2.0,False,
2026-05-14,LILM,0.0,0.0,0.0,0.0,3.0,-3.0,5.0,False,4296.0,2.0,False,
2026-05-14,LIME,0.0,0.0,0.0,0.0,3.0,-3.0,5.0,False,4297.0,2.0,False,
2026-05-14,LIMN,0.0,0.0,0.0,-0.0004902281555395839,3.0,-7.902281555395839,5.0,False,6624.0,2.0,False,
2026-05-14,LIN,0.0,0.0,0.0,0.00218497007034141,3.0,18.849700703414097,5.0,True,780.0,4.0,True,
2026-05-14,LINC,0.00078125,0.0,0.00078125,0.005089298009213001,3.0,47.89298009213001,5.0,True,179.0,5.0,True,"BUY because predicted alpha is in the top decile. Net alpha after estimated 3.0 bps trading cost is 47.89 bps versus threshold 5.00 bps. Main contributors were mom_5, parkinson_vol_20, mom_63. Price filter passed; liquidity filter passed."
2026-05-14,LIND,0.0,0.0,0.0,-0.0009014034025227552,3.0,-12.014034025227552,5.0,False,6767.0,2.0,True,
2026-05-14,LIND.W,0.0,0.0,0.0,0.0,3.0,-3.0,5.0,False,4298.0,2.0,False,
2026-05-14,LINE,0.0,0.0,0.0,-0.001821917159479357,3.0,-21.21917159479357,5.0,False,6975.0,1.0,True,
2026-05-14,LINK,0.0,0.0,0.0,-0.002940506606113384,3.0,-32.40506606113384,5.0,False,7172.0,1.0,False,
2026-05-14,LINT.A,0.0,0.0,0.0,0.0,3.0,-3.0,5.0,False,4299.0,2.0,False,
2026-05-14,LINT.B,0.0,0.0,0.0,0.0,3.0,-3.0,5.0,False,4300.0,2.0,False,
2026-05-14,LINTA,0.0,0.0,0.0,0.0,3.0,-3.0,5.0,False,4301.0,2.0,False,
2026-05-14,LINU,0.0,0.0,0.0,0.0,3.0,-3.0,5.0,False,4302.0,2.0,False,
2026-05-14,LIOX,0.0,0.0,0.0,0.0,3.0,-3.0,5.0,False,4303.0,2.0,False,
2026-05-14,LIPO,0.0,0.0,0.0,0.0,3.0,-3.0,5.0,False,4304.0,2.0,False,
2026-05-14,LIQD,0.0,0.0,0.0,0.0,3.0,-3.0,5.0,False,4305.0,2.0,False,
2026-05-14,LIQT,0.0,0.0,0.0,0.005364385830197997,3.0,50.643858301979975,5.0,True,150.0,5.0,False,
2026-05-14,LITE,0.004457310267857143,0.004464285714285714,-6.975446428571404e-06,0.007034054787361236,3.0,67.34054787361235,5.0,True,65.0,5.0,True,"SELL because predicted alpha is in the top decile. Net alpha after estimated 3.0 bps trading cost is 67.34 bps versus threshold 5.00 bps. Main contributors were mom_252, mom_5, mom_63. Price filter passed; liquidity filter passed."
2026-05-14,LITM,0.0,0.0,0.0,0.0,3.0,-3.0,5.0,False,4306.0,2.0,False,
2026-05-14,LITS,0.0,0.0,0.0,0.0006653048761177194,3.0,3.6530487611771942,5.0,False,1598.0,3.0,False,
2026-05-14,LITT,0.0,0.0,0.0,0.0,3.0,-3.0,5.0,False,4307.0,2.0,False,
2026-05-14,LIVB,0.0,0.0,0.0,0.0,3.0,-3.0,5.0,False,4308.0,2.0,False,
2026-05-14,LIVE,0.0,0.0,0.0,-0.0021807929144143172,3.0,-24.807929144143174,5.0,False,7058.0,1.0,True,
2026-05-14,LIVK,0.0,0.0,0.0,0.0,3.0,-3.0,5.0,False,4309.0,2.0,False,
2026-05-14,LIVN,0.0,0.0,0.0,0.0022472331066393826,3.0,19.472331066393828,5.0,True,758.0,5.0,True,
2026-05-14,LIVX,0.0,0.0,0.0,0.0,3.0,-3.0,5.0,False,4310.0,2.0,False,
2026-05-14,LIWA,0.0,0.0,0.0,0.0,3.0,-3.0,5.0,False,4311.0,2.0,False,
2026-05-14,LIXT,0.0,0.0,0.0,0.00017936875344786018,3.0,-1.2063124655213981,5.0,False,1895.0,3.0,True,
2026-05-14,LJAQ,0.0,0.0,0.0,0.0,3.0,-3.0,5.0,False,4312.0,2.0,False,
2026-05-14,LJPC,0.0,0.0,0.0,0.0,3.0,-3.0,5.0,False,4313.0,2.0,False,
2026-05-14,LKCO,0.0,0.0,0.0,0.0,3.0,-3.0,5.0,False,4314.0,2.0,False,
2026-05-14,LKFN,0.0,0.0,0.0,-0.0015295859731685717,3.0,-18.295859731685717,5.0,False,6920.0,1.0,True,
2026-05-14,LKQ,0.0,0.0,0.0,0.0001686659311129614,3.0,-1.313340688870386,5.0,False,1900.0,3.0,True,
2026-05-14,LKSP,0.0,0.0,0.0,-3.836640871151143e-05,3.0,-3.3836640871151142,5.0,False,6401.0,2.0,True,
2026-05-14,LLEN,0.0,0.0,0.0,0.0,3.0,-3.0,5.0,False,4315.0,2.0,False,
2026-05-14,LLIT,0.0,0.0,0.0,0.0,3.0,-3.0,5.0,False,4316.0,2.0,False,
2026-05-14,LLL,0.0,0.0,0.0,0.0,3.0,-3.0,5.0,False,4317.0,2.0,False,
2026-05-14,LLNW,0.0,0.0,0.0,0.0,3.0,-3.0,5.0,False,4318.0,2.0,False,
2026-05-14,LLTC,0.0,0.0,0.0,0.0,3.0,-3.0,5.0,False,4319.0,2.0,False,
2026-05-14,LLYVA,-0.00078125,0.0,-0.00078125,-0.004392416164870675,3.0,40.92416164870675,5.0,True,7300.0,1.0,True,"SHORT because predicted alpha is in the bottom decile. Net alpha after estimated 3.0 bps trading cost is 40.92 bps versus threshold 5.00 bps. Main contributors were volume_z_60, hl_range_20, volatility_20. Price filter passed; liquidity filter passed."
2026-05-14,LLYVK,0.0,0.0,0.0,0.001453131314633279,3.0,11.531313146332788,5.0,True,1103.0,4.0,True,
2026-05-14,LMACA,0.0,0.0,0.0,0.0,3.0,-3.0,5.0,False,4320.0,2.0,False,
2026-05-14,LMAO,0.0,0.0,0.0,0.0,3.0,-3.0,5.0,False,4321.0,2.0,False,
2026-05-14,LMAT,0.0,0.0,0.0,-0.0011942449873618155,3.0,-14.942449873618155,5.0,False,6845.0,1.0,True,
2026-05-14,LMB,-0.00078125,0.0,-0.00078125,-0.0029468669513395065,3.0,26.468669513395067,5.0,True,7173.0,1.0,True,"SHORT because predicted alpha is in the bottom decile. Net alpha after estimated 3.0 bps trading cost is 26.47 bps versus threshold 5.00 bps. Main contributors were intraday_return, volume_z_60, volatility_10. Price filter passed; liquidity filter passed."
2026-05-14,LMCA,0.0,0.0,0.0,0.0,3.0,-3.0,5.0,False,4322.0,2.0,False,
2026-05-14,LMCB,0.0,0.0,0.0,0.0,3.0,-3.0,5.0,False,4323.0,2.0,False,
2026-05-14,LMCK,0.0,0.0,0.0,0.0,3.0,-3.0,5.0,False,4324.0,2.0,False,
2026-05-14,LMCK.V,0.0,0.0,0.0,0.0,3.0,-3.0,5.0,False,4325.0,2.0,False,
2026-05-14,LMDX,0.0,0.0,0.0,0.0,3.0,-3.0,5.0,False,4326.0,2.0,False,
2026-05-14,LMFA,0.0,0.0,0.0,-0.009994299130080224,3.0,-102.94299130080225,5.0,False,7475.0,1.0,False,
2026-05-14,LMFA.U,0.0,0.0,0.0,0.0,3.0,-3.0,5.0,False,4327.0,2.0,False,
2026-05-14,LMFA.W,0.0,0.0,0.0,0.0,3.0,-3.0,5.0,False,4328.0,2.0,False,
2026-05-14,LMIA,0.0,0.0,0.0,0.0,3.0,-3.0,5.0,False,4329.0,2.0,False,
2026-05-14,LMNL,0.0,0.0,0.0,0.0,3.0,-3.0,5.0,False,4330.0,2.0,False,
2026-05-14,LMNR,0.0,0.0,0.0,0.0020159731156727716,3.0,17.159731156727716,5.0,True,822.0,4.0,True,
2026-05-14,LMNS,0.0,0.0,0.0,0.0,3.0,-3.0,5.0,False,4331.0,2.0,False,
2026-05-14,LMOS,0.0,0.0,0.0,0.0,3.0,-3.0,5.0,False,4332.0,2.0,False,
2026-05-14,LMPX,0.0,0.0,0.0,0.0,3.0,-3.0,5.0,False,4333.0,2.0,False,
2026-05-14,LMRI,-0.004457310267857143,-0.004464285714285714,6.975446428571404e-06,-0.0025541093700236412,3.0,22.541093700236413,5.0,True,7120.0,1.0,True,"COVER because predicted alpha is in the bottom decile. Net alpha after estimated 3.0 bps trading cost is 22.54 bps versus threshold 5.00 bps. Main contributors were volume_z_60, mom_5, mom_1. Price filter passed; liquidity filter passed."
2026-05-14,LMRK,0.0,0.0,0.0,0.0,3.0,-3.0,5.0,False,4334.0,2.0,False,
2026-05-14,LMRK.O,0.0,0.0,0.0,0.0,3.0,-3.0,5.0,False,4335.0,2.0,False,
2026-05-14,LMRK.P,0.0,0.0,0.0,0.0,3.0,-3.0,5.0,False,4336.0,2.0,False,
2026-05-14,LMST,0.0,0.0,0.0,0.0,3.0,-3.0,5.0,False,4337.0,2.0,False,
2026-05-14,LNAI,0.0,0.0,0.0,-0.0026621534291269037,3.0,-29.621534291269036,5.0,False,7135.0,1.0,False,
2026-05-14,LNBB,0.0,0.0,0.0,0.0,3.0,-3.0,5.0,False,4338.0,2.0,False,
2026-05-14,LNCE,0.0,0.0,0.0,0.0,3.0,-3.0,5.0,False,4339.0,2.0,False,
2026-05-14,LNCO,0.0,0.0,0.0,0.0,3.0,-3.0,5.0,False,4340.0,2.0,False,
2026-05-14,LNCR,0.0,0.0,0.0,0.0,3.0,-3.0,5.0,False,4341.0,2.0,False,
2026-05-14,LNKB,0.0,0.0,0.0,0.0,3.0,-3.0,5.0,False,4342.0,2.0,False,
2026-05-14,LNKS,0.0,0.0,0.0,-0.01453758535253344,3.0,-148.3758535253344,5.0,False,7517.0,1.0,False,
2026-05-14,LNSR,0.0,0.0,0.0,-0.0003027677657557533,3.0,-6.027677657557533,5.0,False,6534.0,2.0,True,
2026-05-14,LNT,0.0,0.0,0.0,0.0014535862482173137,3.0,11.535862482173137,5.0,True,1101.0,4.0,True,
2026-05-14,LNTH,0.0,0.0,0.0,0.0020268659878156193,3.0,17.268659878156193,5.0,True,817.0,4.0,True,
2026-05-14,LNW,0.0,0.0,0.0,0.0,3.0,-3.0,5.0,False,4343.0,2.0,False,
2026-05-14,LNZA,0.0,0.0,0.0,-0.003585528477736208,3.0,-38.85528477736208,5.0,False,7235.0,1.0,True,
2026-05-14,LOAC,0.0,0.0,0.0,0.0,3.0,-3.0,5.0,False,4344.0,2.0,False,
2026-05-14,LOAN,0.0,0.0,0.0,-0.0004438345472717554,3.0,-7.438345472717554,5.0,False,6601.0,2.0,False,
2026-05-14,LOBO,0.0,0.0,0.0,-0.018375355614129302,3.0,-186.75355614129302,5.0,False,7537.0,1.0,False,
2026-05-14,LOCM,0.0,0.0,0.0,0.0,3.0,-3.0,5.0,False,4345.0,2.0,False,
2026-05-14,LOCO,0.0,0.0,0.0,-0.000455371963276146,3.0,-7.55371963276146,5.0,False,6612.0,2.0,True,
2026-05-14,LOGC,0.0,0.0,0.0,0.0,3.0,-3.0,5.0,False,4346.0,2.0,False,
2026-05-14,LOGI,0.0,0.0,0.0,0.001474829126596038,3.0,11.74829126596038,5.0,True,1085.0,4.0,True,
2026-05-14,LOGM,0.0,0.0,0.0,0.0,3.0,-3.0,5.0,False,4347.0,2.0,False,
2026-05-14,LOJN,0.0,0.0,0.0,0.0,3.0,-3.0,5.0,False,4348.0,2.0,False,
2026-05-14,LOKV,0.0,0.0,0.0,-0.0007843091173087386,3.0,-10.843091173087387,5.0,False,6719.0,2.0,True,
2026-05-14,LONA,0.0,0.0,0.0,0.0019837456035634894,3.0,16.837456035634894,5.0,True,835.0,4.0,True,
2026-05-14,LONE,0.0,0.0,0.0,0.0,3.0,-3.0,5.0,False,4349.0,2.0,False,
2026-05-14,LONG,0.0,0.0,0.0,0.0,3.0,-3.0,5.0,False,4350.0,2.0,False,
2026-05-14,LOOK,0.0,0.0,0.0,0.0,3.0,-3.0,5.0,False,4351.0,2.0,False,
2026-05-14,LOOP,0.0,0.0,0.0,0.002677215355031617,3.0,23.772153550316172,5.0,True,585.0,5.0,False,
2026-05-14,LOPE,0.0,0.0,0.0,0.0010484693932466388,3.0,7.484693932466389,5.0,True,1335.0,4.0,True,
2026-05-14,LORL,0.0,0.0,0.0,0.0,3.0,-3.0,5.0,False,4352.0,2.0,False,
2026-05-14,LOTZ,0.0,0.0,0.0,0.0,3.0,-3.0,5.0,False,4353.0,2.0,False,
2026-05-14,LOVE,0.0,0.0,0.0,0.001855205814738149,3.0,15.55205814738149,5.0,True,894.0,4.0,True,
2026-05-14,LOXO,0.0,0.0,0.0,0.0,3.0,-3.0,5.0,False,4354.0,2.0,False,
2026-05-14,LPAA,0.0,0.0,0.0,2.3953539776844918e-05,3.0,-2.7604646022315507,5.0,False,1976.0,3.0,True,
2026-05-14,LPBB,0.0,0.0,0.0,0.0,3.0,-3.0,5.0,False,4355.0,2.0,False,
2026-05-14,LPCN,0.0,0.0,0.0,-0.004610358442556675,3.0,-49.103584425566744,5.0,False,7311.0,1.0,False,
2026-05-14,LPCV,0.0,0.0,0.0,0.0,3.0,-3.0,5.0,False,4356.0,2.0,False,
2026-05-14,LPDX,0.0,0.0,0.0,0.0,3.0,-3.0,5.0,False,4357.0,2.0,False,
2026-05-14,LPHI,0.0,0.0,0.0,0.0,3.0,-3.0,5.0,False,4358.0,2.0,False,
2026-05-14,LPLA,0.0,0.0,0.0,0.002617295918061332,3.0,23.172959180613322,5.0,True,602.0,5.0,True,
2026-05-14,LPNT,0.0,0.0,0.0,0.0,3.0,-3.0,5.0,False,4359.0,2.0,False,
2026-05-14,LPRO,0.0,0.0,0.0,0.00106707521256881,3.0,7.6707521256881,5.0,True,1324.0,4.0,False,
2026-05-14,LPSB,0.0,0.0,0.0,0.0,3.0,-3.0,5.0,False,4360.0,2.0,False,
2026-05-14,LPSN,0.0,0.0,0.0,-0.0010465520055165365,3.0,-13.465520055165365,5.0,False,6807.0,2.0,False,
2026-05-14,LPTH,0.0,0.0,0.0,0.0023159455971391765,3.0,20.159455971391765,5.0,True,723.0,5.0,True,
2026-05-14,LPTN,0.0,0.0,0.0,0.0,3.0,-3.0,5.0,False,4361.0,2.0,False,
2026-05-14,LPTX,0.0,0.0,0.0,0.0,3.0,-3.0,5.0,False,4362.0,2.0,False,
2026-05-14,LQDA,0.004457310267857143,0.004464285714285714,-6.975446428571404e-06,0.0076994154201464205,3.0,73.9941542014642,5.0,True,47.0,5.0,True,"SELL because predicted alpha is in the top decile. Net alpha after estimated 3.0 bps trading cost is 73.99 bps versus threshold 5.00 bps. Main contributors were mom_5, close_to_low_20, mom_21. Price filter passed; liquidity filter passed."
2026-05-14,LQDT,0.0,0.0,0.0,-0.0005801089726223598,3.0,-8.801089726223598,5.0,False,6654.0,2.0,True,
2026-05-14,LQR,0.0,0.0,0.0,0.0,3.0,-3.0,5.0,False,4363.0,2.0,False,
2026-05-14,LRAD,0.0,0.0,0.0,0.0,3.0,-3.0,5.0,False,4364.0,2.0,False,
2026-05-14,LRCX,0.0,0.0,0.0,0.0035128672470197634,3.0,32.128672470197635,5.0,True,389.0,5.0,True,
2026-05-14,LRFC,0.0,0.0,0.0,0.0,3.0,-3.0,5.0,False,4365.0,2.0,False,
2026-05-14,LRHC,0.0,0.0,0.0,-0.0056472221735998345,3.0,-59.472221735998346,5.0,False,7363.0,1.0,False,
2026-05-14,LRMR,0.0,0.0,0.0,0.0023577216047904,3.0,20.577216047904002,5.0,True,704.0,5.0,False,
2026-05-14,LSAC,0.0,0.0,0.0,0.0,3.0,-3.0,5.0,False,4366.0,2.0,False,
2026-05-14,LSAK,-0.00078125,0.0,-0.00078125,-0.0049320517233270396,3.0,46.320517233270394,5.0,True,7326.0,1.0,True,"SHORT because predicted alpha is in the bottom decile. Net alpha after estimated 3.0 bps trading cost is 46.32 bps versus threshold 5.00 bps. Main contributors were intraday_return, volume_z_60, hl_range_20. Price filter passed; liquidity filter passed."
2026-05-14,LSAQ,0.0,0.0,0.0,0.0,3.0,-3.0,5.0,False,4367.0,2.0,False,
2026-05-14,LSB,0.0,0.0,0.0,0.0,3.0,-3.0,5.0,False,4368.0,2.0,False,
2026-05-14,LSBG,0.0,0.0,0.0,0.0,3.0,-3.0,5.0,False,4369.0,2.0,False,
2026-05-14,LSBI,0.0,0.0,0.0,0.0,3.0,-3.0,5.0,False,4370.0,2.0,False,
2026-05-14,LSBK,0.0,0.0,0.0,-0.00027276220565977276,3.0,-5.727622056597728,5.0,False,6510.0,2.0,True,
2026-05-14,LSCC,0.0,0.0,0.0,0.0024528846612152915,3.0,21.528846612152915,5.0,True,659.0,5.0,True,
2026-05-14,LSDI,0.0,0.0,0.0,0.0,3.0,-3.0,5.0,False,4371.0,2.0,False,
2026-05-14,LSE,0.0,0.0,0.0,0.0031936714631657106,3.0,28.936714631657107,5.0,True,457.0,5.0,False,
2026-05-14,LSEA,0.0,0.0,0.0,0.0,3.0,-3.0,5.0,False,4372.0,2.0,False,
2026-05-14,LSH,0.0,0.0,0.0,0.002589399899345755,3.0,22.89399899345755,5.0,True,611.0,5.0,False,
2026-05-14,LSPR,0.0,0.0,0.0,0.0,3.0,-3.0,5.0,False,4373.0,2.0,False,
2026-05-14,LSTA,0.0,0.0,0.0,0.001015458132998461,3.0,7.154581329984611,5.0,True,1364.0,4.0,False,
2026-05-14,LSTR,0.0,0.0,0.0,-0.00017274211535980874,3.0,-4.727421153598088,5.0,False,6462.0,2.0,True,
2026-05-14,LSXM.B,0.0,0.0,0.0,0.0,3.0,-3.0,5.0,False,4374.0,2.0,False,
2026-05-14,LSXMA,0.0,0.0,0.0,0.0,3.0,-3.0,5.0,False,4375.0,2.0,False,
2026-05-14,LSXMB,0.0,0.0,0.0,0.0,3.0,-3.0,5.0,False,4376.0,2.0,False,
2026-05-14,LSXMK,0.0,0.0,0.0,0.0,3.0,-3.0,5.0,False,4377.0,2.0,False,
2026-05-14,LTBR,0.0,0.0,0.0,0.0012784375294314493,3.0,9.784375294314493,5.0,True,1200.0,4.0,True,
2026-05-14,LTCH,0.0,0.0,0.0,0.0,3.0,-3.0,5.0,False,4378.0,2.0,False,
2026-05-14,LTEA,0.0,0.0,0.0,0.0,3.0,-3.0,5.0,False,4379.0,2.0,False,
2026-05-14,LTPA.V,0.0,0.0,0.0,0.0,3.0,-3.0,5.0,False,4380.0,2.0,False,
2026-05-14,LTPB.V,0.0,0.0,0.0,0.0,3.0,-3.0,5.0,False,4381.0,2.0,False,
2026-05-14,LTRE,0.0,0.0,0.0,0.0,3.0,-3.0,5.0,False,4382.0,2.0,False,
2026-05-14,LTRN,0.0,0.0,0.0,-0.005854036451216683,3.0,-61.54036451216683,5.0,False,7375.0,1.0,False,
2026-05-14,LTRP.A,0.0,0.0,0.0,0.0,3.0,-3.0,5.0,False,4383.0,2.0,False,
2026-05-14,LTRP.B,0.0,0.0,0.0,0.0,3.0,-3.0,5.0,False,4384.0,2.0,False,
2026-05-14,LTRPA,0.0,0.0,0.0,0.0,3.0,-3.0,5.0,False,4385.0,2.0,False,
2026-05-14,LTRPB,0.0,0.0,0.0,0.0,3.0,-3.0,5.0,False,4386.0,2.0,False,
2026-05-14,LTRX,0.0,0.0,0.0,-0.0004932096649716102,3.0,-7.932096649716102,5.0,False,6626.0,2.0,True,
2026-05-14,LTRY,0.0,0.0,0.0,0.0,3.0,-3.0,5.0,False,4387.0,2.0,False,
2026-05-14,LTXB,0.0,0.0,0.0,0.0,3.0,-3.0,5.0,False,4388.0,2.0,False,
2026-05-14,LTXC,0.0,0.0,0.0,0.0,3.0,-3.0,5.0,False,4389.0,2.0,False,
2026-05-14,LTXCD,0.0,0.0,0.0,0.0,3.0,-3.0,5.0,False,4390.0,2.0,False,
2026-05-14,LUCD,0.0,0.0,0.0,-0.002259583508446037,3.0,-25.59583508446037,5.0,False,7073.0,1.0,False,
2026-05-14,LUCY,0.0,0.0,0.0,-0.002291145804462296,3.0,-25.911458044622957,5.0,False,7084.0,1.0,False,
2026-05-14,LULU,0.0,0.0,0.0,-0.0003483783525769249,3.0,-6.483783525769249,5.0,False,6554.0,2.0,True,
2026-05-14,LUMO,0.0,0.0,0.0,0.0,3.0,-3.0,5.0,False,4391.0,2.0,False,
2026-05-14,LUNA,0.0,0.0,0.0,0.0,3.0,-3.0,5.0,False,4392.0,2.0,False,
2026-05-14,LUNG,0.0,0.0,0.0,0.0003881565208402717,3.0,0.881565208402717,5.0,False,1778.0,3.0,False,
2026-05-14,LUNR,0.003676060267857143,0.004464285714285714,-0.0007882254464285712,0.002455769994026191,3.0,21.55769994026191,5.0,True,657.0,5.0,True,"SELL because predicted alpha is in the top decile. Net alpha after estimated 3.0 bps trading cost is 21.56 bps versus threshold 5.00 bps. Main contributors were mom_5, overnight_return, mom_63. Price filter passed; liquidity filter passed."
2026-05-14,LUXA,0.0,0.0,0.0,0.0,3.0,-3.0,5.0,False,4393.0,2.0,False,
2026-05-14,LUXH,0.0,0.0,0.0,0.0,3.0,-3.0,5.0,False,4394.0,2.0,False,
2026-05-14,LVAC,0.0,0.0,0.0,0.0,3.0,-3.0,5.0,False,4395.0,2.0,False,
2026-05-14,LVGO,0.0,0.0,0.0,0.0,3.0,-3.0,5.0,False,4396.0,2.0,False,
2026-05-14,LVLU,0.0,0.0,0.0,-0.0009822428555484274,3.0,-12.822428555484274,5.0,False,6786.0,2.0,True,
2026-05-14,LVNT.A,0.0,0.0,0.0,0.0,3.0,-3.0,5.0,False,4397.0,2.0,False,
2026-05-14,LVNT.B,0.0,0.0,0.0,0.0,3.0,-3.0,5.0,False,4398.0,2.0,False,
2026-05-14,LVNTA,0.0,0.0,0.0,0.0,3.0,-3.0,5.0,False,4399.0,2.0,False,
2026-05-14,LVNTB,0.0,0.0,0.0,0.0,3.0,-3.0,5.0,False,4400.0,2.0,False,
2026-05-14,LVO,0.0,0.0,0.0,0.004083232793055107,3.0,37.83232793055107,5.0,True,289.0,5.0,True,
2026-05-14,LVOX,0.0,0.0,0.0,0.0,3.0,-3.0,5.0,False,4401.0,2.0,False,
2026-05-14,LVRA,0.0,0.0,0.0,0.0,3.0,-3.0,5.0,False,4402.0,2.0,False,
2026-05-14,LVRO,0.0,0.0,0.0,0.0,3.0,-3.0,5.0,False,4403.0,2.0,False,
2026-05-14,LVTX,0.0,0.0,0.0,0.0,3.0,-3.0,5.0,False,4404.0,2.0,False,
2026-05-14,LWAC,0.0,0.0,0.0,0.0,3.0,-3.0,5.0,False,4405.0,2.0,False,
2026-05-14,LWAY,-0.00078125,0.0,-0.00078125,-0.0034418410615791434,3.0,31.418410615791437,5.0,True,7224.0,1.0,True,"SHORT because predicted alpha is in the bottom decile. Net alpha after estimated 3.0 bps trading cost is 31.42 bps versus threshold 5.00 bps. Main contributors were volume_z_60, hl_range_20, mom_1. Price filter passed; liquidity filter passed."
2026-05-14,LWLG,0.00078125,0.0,0.00078125,0.011800155021275165,3.0,115.00155021275165,5.0,True,3.0,5.0,True,"BUY because predicted alpha is in the top decile. Net alpha after estimated 3.0 bps trading cost is 115.00 bps versus threshold 5.00 bps. Main contributors were intraday_return, hl_range_20, mom_252. Price filter passed; liquidity filter passed."
2026-05-14,LWSN,0.0,0.0,0.0,0.0,3.0,-3.0,5.0,False,4406.0,2.0,False,
2026-05-14,LXEO,-0.003676060267857143,-0.004464285714285714,0.0007882254464285712,0.0025513414791403836,3.0,-28.513414791403836,5.0,False,623.0,5.0,True,"COVER because predicted alpha is in the bottom decile. Net alpha after estimated 3.0 bps trading cost is -28.51 bps versus threshold 5.00 bps. Main contributors were operating_margin, mom_1, mom_21. Price filter passed; liquidity filter passed."
2026-05-14,LXRX,0.0,0.0,0.0,0.00958622293303009,3.0,92.8622293303009,5.0,True,16.0,5.0,False,
2026-05-14,LYEL,0.0,0.0,0.0,0.00012474686829761004,3.0,-1.7525313170238996,5.0,False,1920.0,3.0,True,
2026-05-14,LYFT,0.0,0.0,0.0,0.0015286242306010943,3.0,12.286242306010944,5.0,True,1055.0,4.0,True,
2026-05-14,LYLT,0.0,0.0,0.0,0.0,3.0,-3.0,5.0,False,4407.0,2.0,False,
2026-05-14,LYLTV,0.0,0.0,0.0,0.0,3.0,-3.0,5.0,False,4408.0,2.0,False,
2026-05-14,LYRA,0.0,0.0,0.0,0.0,3.0,-3.0,5.0,False,4409.0,2.0,False,
2026-05-14,LYT,0.0,0.0,0.0,0.0,3.0,-3.0,5.0,False,4410.0,2.0,False,
2026-05-14,LYTS,0.0,0.0,0.0,0.0033019874543423,3.0,30.019874543423,5.0,True,431.0,5.0,True,
2026-05-14,LZ,0.0,0.0,0.0,0.00121585457788401,3.0,9.158545778840098,5.0,True,1240.0,4.0,True,
2026-05-14,LZMH,0.0,0.0,0.0,-0.02399417700258938,3.0,-242.9417700258938,5.0,False,7554.0,1.0,False,
2026-05-14,MAAC,0.0,0.0,0.0,0.0,3.0,-3.0,5.0,False,4411.0,2.0,False,
2026-05-14,MAAQ,0.0,0.0,0.0,0.0,3.0,-3.0,5.0,False,4412.0,2.0,False,
2026-05-14,MAAS,0.0,0.0,0.0,-0.020773369418548758,3.0,-210.7336941854876,5.0,False,7546.0,1.0,True,
2026-05-14,MACA,0.0,0.0,0.0,0.0,3.0,-3.0,5.0,False,4413.0,2.0,False,
2026-05-14,MACI,0.0,0.0,0.0,0.0008634166351873338,3.0,5.634166351873338,5.0,True,1465.0,4.0,True,
2026-05-14,MACK,0.0,0.0,0.0,0.0,3.0,-3.0,5.0,False,4414.0,2.0,False,
2026-05-14,MACQ,0.0,0.0,0.0,0.0,3.0,-3.0,5.0,False,4415.0,2.0,False,
2026-05-14,MACQ.U,0.0,0.0,0.0,0.0,3.0,-3.0,5.0,False,4416.0,2.0,False,
2026-05-14,MACU,0.0,0.0,0.0,0.0,3.0,-3.0,5.0,False,4417.0,2.0,False,
2026-05-14,MAGH,0.0,0.0,0.0,0.0,3.0,-3.0,5.0,False,4418.0,2.0,False,
2026-05-14,MAKO,0.0,0.0,0.0,0.0030632385033898023,3.0,27.63238503389802,5.0,True,484.0,5.0,True,
2026-05-14,MAMA,0.0,0.0,0.0,0.0016661835115427768,3.0,13.661835115427767,5.0,True,982.0,4.0,True,
2026-05-14,MAMK,0.0,0.0,0.0,0.0,3.0,-3.0,5.0,False,4419.0,2.0,False,
2026-05-14,MAMO,0.0,0.0,0.0,0.001375130336919975,3.0,10.75130336919975,5.0,True,1152.0,4.0,False,
2026-05-14,MAMS,0.0,0.0,0.0,0.0,3.0,-3.0,5.0,False,4420.0,2.0,False,
2026-05-14,MANH,0.0,0.0,0.0,-0.000272517079323605,3.0,-5.72517079323605,5.0,False,6509.0,2.0,True,
2026-05-14,MANT,0.0,0.0,0.0,0.0,3.0,-3.0,5.0,False,4421.0,2.0,False,
2026-05-14,MAPI,0.0,0.0,0.0,0.0,3.0,-3.0,5.0,False,4422.0,2.0,False,
2026-05-14,MAPS,0.0,0.0,0.0,0.0,3.0,-3.0,5.0,False,4423.0,2.0,False,
2026-05-14,MAQC,0.0,0.0,0.0,0.0,3.0,-3.0,5.0,False,4424.0,2.0,False,
2026-05-14,MAR,0.0,0.0,0.0,0.001710180097935925,3.0,14.10180097935925,5.0,True,956.0,4.0,True,
2026-05-14,MARA,0.0,0.0,0.0,0.0032173191324720153,3.0,29.17319132472015,5.0,True,452.0,5.0,True,
2026-05-14,MARK,0.0,0.0,0.0,0.0,3.0,-3.0,5.0,False,4425.0,2.0,False,
2026-05-14,MARPS,0.0,0.0,0.0,0.0031898120391751507,3.0,28.898120391751508,5.0,True,459.0,5.0,False,
2026-05-14,MARX,0.0,0.0,0.0,0.0,3.0,-3.0,5.0,False,4426.0,2.0,False,
2026-05-14,MASI,0.0,0.0,0.0,-0.001267208801418771,3.0,-15.67208801418771,5.0,False,6863.0,1.0,True,
2026-05-14,MASK,0.0,0.0,0.0,-0.008866705719887213,3.0,-91.66705719887213,5.0,False,7459.0,1.0,False,
2026-05-14,MASS,0.0,0.0,0.0,0.0018658660490798484,3.0,15.658660490798482,5.0,True,884.0,4.0,True,
2026-05-14,MAT,0.0,0.0,0.0,0.000785992718173782,3.0,4.859927181737819,5.0,False,1518.0,3.0,True,
2026-05-14,MATH,0.0,0.0,0.0,-0.0021539069238609085,3.0,-24.539069238609084,5.0,False,7050.0,1.0,False,
2026-05-14,MATN,0.0,0.0,0.0,0.0,3.0,-3.0,5.0,False,4427.0,2.0,False,
2026-05-14,MATR,0.0,0.0,0.0,0.0,3.0,-3.0,5.0,False,4428.0,2.0,False,
2026-05-14,MATW,0.0,0.0,0.0,0.0018398849575661919,3.0,15.39884957566192,5.0,True,901.0,4.0,True,
2026-05-14,MAXN,0.0,0.0,0.0,0.0,3.0,-3.0,5.0,False,4429.0,2.0,False,
2026-05-14,MAXNV,0.0,0.0,0.0,0.0,3.0,-3.0,5.0,False,4430.0,2.0,False,
2026-05-14,MAYA,0.0,0.0,0.0,0.0,3.0,-3.0,5.0,False,4431.0,2.0,False,
2026-05-14,MAYS,0.0,0.0,0.0,0.0,3.0,-3.0,5.0,False,4432.0,2.0,False,
2026-05-14,MAZE,0.0,0.0,0.0,0.0009980280718809202,3.0,6.980280718809203,5.0,True,1377.0,4.0,True,
2026-05-14,MB,0.0,0.0,0.0,0.0009781670351600227,3.0,6.781670351600228,5.0,True,1388.0,4.0,True,
2026-05-14,MBAI,0.0,0.0,0.0,0.006152235523868545,3.0,58.52235523868545,5.0,True,99.0,5.0,False,
2026-05-14,MBAV,0.0,0.0,0.0,0.0006073239052926723,3.0,3.0732390529267235,5.0,False,1633.0,3.0,True,
2026-05-14,MBBC,0.0,0.0,0.0,0.002095399211279899,3.0,17.95399211279899,5.0,True,801.0,4.0,True,
2026-05-14,MBCN,0.0,0.0,0.0,0.0,3.0,-3.0,5.0,False,4433.0,2.0,False,
2026-05-14,MBFI,0.0,0.0,0.0,0.0,3.0,-3.0,5.0,False,4434.0,2.0,False,
2026-05-14,MBFI.P,0.0,0.0,0.0,0.0,3.0,-3.0,5.0,False,4435.0,2.0,False,
2026-05-14,MBII,0.0,0.0,0.0,0.0,3.0,-3.0,5.0,False,4436.0,2.0,False,
2026-05-14,MBIN,0.0,0.0,0.0,0.0009280460198844419,3.0,6.28046019884442,5.0,True,1419.0,4.0,True,
2026-05-14,MBINL,0.0,0.0,0.0,0.0005274942399326578,3.0,2.2749423993265783,5.0,False,1684.0,3.0,True,
2026-05-14,MBINM,0.0,0.0,0.0,8.798947007413392e-05,3.0,-2.120105299258661,5.0,False,1945.0,3.0,True,
2026-05-14,MBINN,0.0,0.0,0.0,0.00134395714550114,3.0,10.4395714550114,5.0,True,1170.0,4.0,True,
2026-05-14,MBINO,0.0,0.0,0.0,0.0,3.0,-3.0,5.0,False,4437.0,2.0,False,
2026-05-14,MBIO,0.0,0.0,0.0,0.0005815462110875215,3.0,2.815462110875216,5.0,False,1649.0,3.0,False,
2026-05-14,MBIS,0.0,0.0,0.0,0.0,3.0,-3.0,5.0,False,4438.0,2.0,False,
2026-05-14,MBLX,0.0,0.0,0.0,0.0,3.0,-3.0,5.0,False,4439.0,2.0,False,
2026-05-14,MBLY,-0.003676060267857143,-0.004464285714285714,0.0007882254464285712,0.0036086887676306484,3.0,-39.08688767630648,5.0,False,367.0,5.0,True,"COVER because predicted alpha is in the bottom decile. Net alpha after estimated 3.0 bps trading cost is -39.09 bps versus threshold 5.00 bps. Main contributors were mom_10, hl_range_20, intraday_return. Price filter passed; liquidity filter passed."
2026-05-14,MBNAA,0.0,0.0,0.0,0.0,3.0,-3.0,5.0,False,4440.0,2.0,False,
2026-05-14,MBNAB,0.0,0.0,0.0,0.0,3.0,-3.0,5.0,False,4441.0,2.0,False,
2026-05-14,MBOT,0.0,0.0,0.0,0.0009609440432782238,3.0,6.609440432782238,5.0,True,1401.0,4.0,False,
2026-05-14,MBRG,0.0,0.0,0.0,0.0,3.0,-3.0,5.0,False,4442.0,2.0,False,
2026-05-14,MBRX,0.0,0.0,0.0,-0.005435190707523413,3.0,-57.351907075234124,5.0,False,7354.0,1.0,False,
2026-05-14,MBTC,0.0,0.0,0.0,0.0,3.0,-3.0,5.0,False,4443.0,2.0,False,
2026-05-14,MBTF,0.0,0.0,0.0,0.0,3.0,-3.0,5.0,False,4444.0,2.0,False,
2026-05-14,MBUU,0.0,0.0,0.0,0.0033903830152315568,3.0,30.90383015231557,5.0,True,412.0,5.0,True,
2026-05-14,MBVI,0.0,0.0,0.0,0.0005181388660673103,3.0,2.181388660673103,5.0,False,1693.0,3.0,True,
2026-05-14,MBVT,0.0,0.0,0.0,0.0,3.0,-3.0,5.0,False,4445.0,2.0,False,
2026-05-14,MBVX,0.0,0.0,0.0,0.0,3.0,-3.0,5.0,False,4446.0,2.0,False,
2026-05-14,MBWM,0.0,0.0,0.0,-0.0006608978559517768,3.0,-9.60897855951777,5.0,False,6680.0,2.0,True,
2026-05-14,MBX,0.0,0.0,0.0,0.002903146894126528,3.0,26.03146894126528,5.0,True,523.0,5.0,True,
2026-05-14,MCAA,0.0,0.0,0.0,0.0,3.0,-3.0,5.0,False,4447.0,2.0,False,
2026-05-14,MCAC,0.0,0.0,0.0,0.0,3.0,-3.0,5.0,False,4448.0,2.0,False,
2026-05-14,MCAD,0.0,0.0,0.0,0.0,3.0,-3.0,5.0,False,4449.0,2.0,False,
2026-05-14,MCAE,0.0,0.0,0.0,0.0,3.0,-3.0,5.0,False,4450.0,2.0,False,
2026-05-14,MCAF,0.0,0.0,0.0,0.0,3.0,-3.0,5.0,False,4451.0,2.0,False,
2026-05-14,MCAG,0.0,0.0,0.0,0.0,3.0,-3.0,5.0,False,4452.0,2.0,False,
2026-05-14,MCBC,0.0,0.0,0.0,0.0,3.0,-3.0,5.0,False,4453.0,2.0,False,
2026-05-14,MCBK,0.0,0.0,0.0,0.0,3.0,-3.0,5.0,False,4454.0,2.0,False,
2026-05-14,MCBS,0.0,0.0,0.0,0.0018566283354234402,3.0,15.566283354234404,5.0,True,892.0,4.0,True,
2026-05-14,MCCC,0.0,0.0,0.0,0.0,3.0,-3.0,5.0,False,4455.0,2.0,False,
2026-05-14,MCEP,0.0,0.0,0.0,0.0,3.0,-3.0,5.0,False,4456.0,2.0,False,
2026-05-14,MCFE,0.0,0.0,0.0,0.0,3.0,-3.0,5.0,False,4457.0,2.0,False,
2026-05-14,MCFT,0.0,0.0,0.0,0.0006550421413787047,3.0,3.5504214137870473,5.0,False,1603.0,3.0,True,
2026-05-14,MCGA,0.0,0.0,0.0,0.000303339001565062,3.0,0.033390015650620164,5.0,False,1822.0,3.0,True,
2026-05-14,MCGC,0.0,0.0,0.0,0.0,3.0,-3.0,5.0,False,4458.0,2.0,False,
2026-05-14,MCHB,0.0,0.0,0.0,-0.0001520342107980033,3.0,-4.520342107980033,5.0,False,6451.0,2.0,True,
2026-05-14,MCHP,0.0,0.0,0.0,0.00179248448354298,3.0,14.924844835429798,5.0,True,921.0,4.0,True,
2026-05-14,MCHPP,0.0,0.0,0.0,0.0017949385287422143,3.0,14.949385287422142,5.0,True,920.0,4.0,True,
2026-05-14,MCHX,0.0,0.0,0.0,0.003192516060171193,3.0,28.92516060171193,5.0,True,458.0,5.0,False,
2026-05-14,MCLB,0.0,0.0,0.0,0.0,3.0,-3.0,5.0,False,4459.0,2.0,False,
2026-05-14,MCLB.W,0.0,0.0,0.0,0.0,3.0,-3.0,5.0,False,4460.0,2.0,False,
2026-05-14,MCLD,0.0,0.0,0.0,0.0,3.0,-3.0,5.0,False,4461.0,2.0,False,
2026-05-14,MCMJ,0.0,0.0,0.0,0.0,3.0,-3.0,5.0,False,4462.0,2.0,False,
2026-05-14,MCOM,0.0,0.0,0.0,0.0,3.0,-3.0,5.0,False,4463.0,2.0,False,
2026-05-14,MCOX,0.0,0.0,0.0,0.0,3.0,-3.0,5.0,False,4464.0,2.0,False,
2026-05-14,MCRB,0.0,0.0,0.0,0.0006788550689296325,3.0,3.7885506892963257,5.0,False,1583.0,3.0,True,
2026-05-14,MCRI,0.0,0.0,0.0,0.00034982092203954073,3.0,0.4982092203954074,5.0,False,1797.0,3.0,True,
2026-05-14,MCRL,0.0,0.0,0.0,0.0,3.0,-3.0,5.0,False,4465.0,2.0,False,
2026-05-14,MCRS,0.0,0.0,0.0,0.0,3.0,-3.0,5.0,False,4466.0,2.0,False,
2026-05-14,MCTA,0.0,0.0,0.0,0.0,3.0,-3.0,5.0,False,4467.0,2.0,False,
2026-05-14,MCTR,0.0,0.0,0.0,0.0,3.0,-3.0,5.0,False,4468.0,2.0,False,
2026-05-14,MCUR,0.0,0.0,0.0,0.0,3.0,-3.0,5.0,False,4469.0,2.0,False,
2026-05-14,MCW,-0.004457310267857143,-0.004464285714285714,6.975446428571404e-06,-0.005875068091846731,3.0,55.75068091846732,5.0,True,7378.0,1.0,True,"COVER because predicted alpha is in the bottom decile. Net alpha after estimated 3.0 bps trading cost is 55.75 bps versus threshold 5.00 bps. Main contributors were volume_z_60, hl_range_20, price_kurt_63. Price filter passed; liquidity filter passed."
2026-05-14,MDAI,0.0,0.0,0.0,0.00032684296250954357,3.0,0.26842962509543566,5.0,False,1807.0,3.0,False,
2026-05-14,MDAS,0.0,0.0,0.0,0.0,3.0,-3.0,5.0,False,4470.0,2.0,False,
2026-05-14,MDB,0.0,0.0,0.0,0.0019469160469989364,3.0,16.469160469989365,5.0,True,852.0,4.0,True,
2026-05-14,MDBH,0.0,0.0,0.0,0.008984587098552953,3.0,86.84587098552953,5.0,True,26.0,5.0,False,
2026-05-14,MDCA,0.0,0.0,0.0,0.0,3.0,-3.0,5.0,False,4471.0,2.0,False,
2026-05-14,MDCI,0.0,0.0,0.0,0.0,3.0,-3.0,5.0,False,4472.0,2.0,False,
2026-05-14,MDCO,0.0,0.0,0.0,0.0,3.0,-3.0,5.0,False,4473.0,2.0,False,
2026-05-14,MDCX,0.0,0.0,0.0,-0.004743726520974912,3.0,-50.43726520974912,5.0,False,7314.0,1.0,False,
2026-05-14,MDGL,0.0,0.0,0.0,0.0015877895537873186,3.0,12.877895537873185,5.0,True,1014.0,4.0,True,
2026-05-14,MDGN,0.0,0.0,0.0,0.0,3.0,-3.0,5.0,False,4474.0,2.0,False,
2026-05-14,MDIA,0.0,0.0,0.0,0.004469131917744217,3.0,41.69131917744217,5.0,True,234.0,5.0,False,
2026-05-14,MDJH,0.0,0.0,0.0,0.0,3.0,-3.0,5.0,False,4475.0,2.0,False,
2026-05-14,MDLN,0.0,0.0,0.0,0.0007753685245369367,3.0,4.7536852453693665,5.0,False,1524.0,3.0,True,
2026-05-14,MDLZ,0.0,0.0,0.0,0.0026853954619909465,3.0,23.853954619909466,5.0,True,584.0,5.0,True,
2026-05-14,MDM,0.0,0.0,0.0,0.0,3.0,-3.0,5.0,False,4476.0,2.0,False,
2026-05-14,MDNA,0.0,0.0,0.0,0.0,3.0,-3.0,5.0,False,4477.0,2.0,False,
2026-05-14,MDRR,0.0,0.0,0.0,0.0,3.0,-3.0,5.0,False,4478.0,2.0,False,
2026-05-14,MDRX,0.0,0.0,0.0,0.0,3.0,-3.0,5.0,False,4479.0,2.0,False,
2026-05-14,MDSO,0.0,0.0,0.0,0.0,3.0,-3.0,5.0,False,4480.0,2.0,False,
2026-05-14,MDSY,0.0,0.0,0.0,0.0,3.0,-3.0,5.0,False,4481.0,2.0,False,
2026-05-14,MDVL,0.0,0.0,0.0,0.0,3.0,-3.0,5.0,False,4482.0,2.0,False,
2026-05-14,MDVN,0.0,0.0,0.0,0.0,3.0,-3.0,5.0,False,4483.0,2.0,False,
2026-05-14,MDVX,0.0,0.0,0.0,0.0,3.0,-3.0,5.0,False,4484.0,2.0,False,
2026-05-14,MDVX.U,0.0,0.0,0.0,0.0,3.0,-3.0,5.0,False,4485.0,2.0,False,
2026-05-14,MDVX.W,0.0,0.0,0.0,0.0,3.0,-3.0,5.0,False,4486.0,2.0,False,
2026-05-14,MDWD,0.0,0.0,0.0,-0.0003696424753424862,3.0,-6.696424753424862,5.0,False,6564.0,2.0,True,
2026-05-14,MDWT,0.0,0.0,0.0,0.0,3.0,-3.0,5.0,False,4487.0,2.0,False,
2026-05-14,MDXG,0.0,0.0,0.0,-0.0005659132571461729,3.0,-8.659132571461729,5.0,False,6648.0,2.0,False,
2026-05-14,MDXH,0.0,0.0,0.0,-0.005628756480607979,3.0,-59.28756480607979,5.0,False,7361.0,1.0,False,
2026-05-14,ME,0.0,0.0,0.0,0.0,3.0,-3.0,5.0,False,4488.0,2.0,False,
2026-05-14,MEAC,0.0,0.0,0.0,0.0,3.0,-3.0,5.0,False,4489.0,2.0,False,
2026-05-14,MEAS,0.0,0.0,0.0,0.0,3.0,-3.0,5.0,False,4490.0,2.0,False,
2026-05-14,MEDP,0.0,0.0,0.0,0.002653518756871597,3.0,23.535187568715973,5.0,True,588.0,5.0,True,
2026-05-14,MEDS,0.0,0.0,0.0,0.0,3.0,-3.0,5.0,False,4491.0,2.0,False,
2026-05-14,MEET,0.0,0.0,0.0,0.0,3.0,-3.0,5.0,False,4492.0,2.0,False,
2026-05-14,MEGL,0.0,0.0,0.0,-0.0007820579051213051,3.0,-10.820579051213052,5.0,False,6716.0,2.0,False,
2026-05-14,MEHA,0.0,0.0,0.0,-0.007511447622685035,3.0,-78.11447622685034,5.0,False,7432.0,1.0,False,
2026-05-14,MEIL,0.0,0.0,0.0,0.0,3.0,-3.0,5.0,False,4493.0,2.0,False,
2026-05-14,MEIL.W,0.0,0.0,0.0,0.0,3.0,-3.0,5.0,False,4494.0,2.0,False,
2026-05-14,MEIL.Z,0.0,0.0,0.0,0.0,3.0,-3.0,5.0,False,4495.0,2.0,False,
2026-05-14,MEIP,0.0,0.0,0.0,0.0,3.0,-3.0,5.0,False,4496.0,2.0,False,
2026-05-14,MEKA,0.0,0.0,0.0,0.0,3.0,-3.0,5.0,False,4497.0,2.0,False,
2026-05-14,MELA,0.0,0.0,0.0,0.0,3.0,-3.0,5.0,False,4498.0,2.0,False,
2026-05-14,MELI,-0.004457310267857143,-0.004464285714285714,6.975446428571404e-06,-0.0058736272063641395,3.0,55.736272063641394,5.0,True,7377.0,1.0,True,"COVER because predicted alpha is in the bottom decile. Net alpha after estimated 3.0 bps trading cost is 55.74 bps versus threshold 5.00 bps. Main contributors were earnings_yield, intraday_return, mom_5. Price filter passed; liquidity filter passed."
2026-05-14,MELR,0.0,0.0,0.0,0.0,3.0,-3.0,5.0,False,4499.0,2.0,False,
2026-05-14,MENS,0.0,0.0,0.0,0.002173394140658062,3.0,18.73394140658062,5.0,True,783.0,4.0,False,
2026-05-14,MENT,0.0,0.0,0.0,0.0,3.0,-3.0,5.0,False,4500.0,2.0,False,
2026-05-14,MEOA,0.0,0.0,0.0,0.0,3.0,-3.0,5.0,False,4501.0,2.0,False,
2026-05-14,MEOH,0.0,0.0,0.0,0.004594883299234986,3.0,42.94883299234986,5.0,True,223.0,5.0,True,
2026-05-14,MERC,0.0,0.0,0.0,-0.01188338107389804,3.0,-121.8338107389804,5.0,False,7502.0,1.0,False,
2026-05-14,MERU,0.0,0.0,0.0,0.0,3.0,-3.0,5.0,False,4502.0,2.0,False,
2026-05-14,MESA,0.0,0.0,0.0,0.0,3.0,-3.0,5.0,False,4503.0,2.0,False,
2026-05-14,MESG,0.0,0.0,0.0,0.0,3.0,-3.0,5.0,False,4504.0,2.0,False,
2026-05-14,MESH,0.0,0.0,0.0,0.0005765138408617928,3.0,2.7651384086179283,5.0,False,1653.0,3.0,True,
2026-05-14,META,0.0,0.0,0.0,0.0010464401555592628,3.0,7.464401555592628,5.0,True,1337.0,4.0,True,
2026-05-14,METC,0.0,0.0,0.0,0.002805332787585508,3.0,25.05332787585508,5.0,True,549.0,5.0,True,
2026-05-14,METCB,0.0,0.0,0.0,0.0013024072005479574,3.0,10.024072005479574,5.0,True,1189.0,4.0,True,
2026-05-14,METCI,0.0,0.0,0.0,0.0006299381859265893,3.0,3.2993818592658926,5.0,False,1618.0,3.0,True,
2026-05-14,METCL,0.0,0.0,0.0,0.0,3.0,-3.0,5.0,False,4505.0,2.0,False,
2026-05-14,METCZ,0.0,0.0,0.0,0.0015852690665501094,3.0,12.852690665501095,5.0,True,1015.0,4.0,True,
2026-05-14,METR,0.0,0.0,0.0,0.0,3.0,-3.0,5.0,False,4506.0,2.0,False,
2026-05-14,METX,0.0,0.0,0.0,0.0,3.0,-3.0,5.0,False,4507.0,2.0,False,
2026-05-14,MEVO,0.0,0.0,0.0,-0.00019547161862930318,3.0,-4.954716186293032,5.0,False,6477.0,2.0,True,
2026-05-14,MFH,0.0,0.0,0.0,0.0,3.0,-3.0,5.0,False,4508.0,2.0,False,
2026-05-14,MFI,0.0,0.0,0.0,0.0015391679370017925,3.0,12.391679370017926,5.0,True,1047.0,4.0,True,
2026-05-14,MFIC,0.0,0.0,0.0,0.0023199641166214624,3.0,20.199641166214622,5.0,True,720.0,5.0,True,
2026-05-14,MFICL,0.0,0.0,0.0,-0.0020751189528084085,3.0,-23.751189528084083,5.0,False,7035.0,1.0,True,
2026-05-14,MFIN,0.0,0.0,0.0,0.0006395865058949566,3.0,3.395865058949566,5.0,False,1612.0,3.0,True,
2026-05-14,MFIN.L,0.0,0.0,0.0,0.0,3.0,-3.0,5.0,False,4509.0,2.0,False,
2026-05-14,MFINL,0.0,0.0,0.0,0.0,3.0,-3.0,5.0,False,4510.0,2.0,False,
2026-05-14,MFNC,0.0,0.0,0.0,0.0,3.0,-3.0,5.0,False,4511.0,2.0,False,
2026-05-14,MFRI,0.0,0.0,0.0,0.0,3.0,-3.0,5.0,False,4512.0,2.0,False,
2026-05-14,MFRM,0.0,0.0,0.0,0.0,3.0,-3.0,5.0,False,4513.0,2.0,False,
2026-05-14,MFSF,0.0,0.0,0.0,0.0,3.0,-3.0,5.0,False,4514.0,2.0,False,
2026-05-14,MGAM,0.0,0.0,0.0,0.0,3.0,-3.0,5.0,False,4515.0,2.0,False,
2026-05-14,MGCD,0.0,0.0,0.0,0.0,3.0,-3.0,5.0,False,4516.0,2.0,False,
2026-05-14,MGEE,0.0,0.0,0.0,-0.0004650379514089476,3.0,-7.650379514089476,5.0,False,6616.0,2.0,True,
2026-05-14,MGEN,0.0,0.0,0.0,0.0,3.0,-3.0,5.0,False,4517.0,2.0,False,
2026-05-14,MGI,0.0,0.0,0.0,0.0,3.0,-3.0,5.0,False,4518.0,2.0,False,
2026-05-14,MGIC,0.0,0.0,0.0,0.0,3.0,-3.0,5.0,False,4519.0,2.0,False,
2026-05-14,MGIH,0.0,0.0,0.0,0.008111850390117026,3.0,78.11850390117026,5.0,True,35.0,5.0,False,
2026-05-14,MGLN,0.0,0.0,0.0,0.0,3.0,-3.0,5.0,False,4520.0,2.0,False,
2026-05-14,MGN,0.0,0.0,0.0,-0.002155579501845981,3.0,-24.555795018459808,5.0,False,7051.0,1.0,False,
2026-05-14,MGNI,0.0,0.0,0.0,0.00012467340145401996,3.0,-1.7532659854598005,5.0,False,1921.0,3.0,True,
2026-05-14,MGNX,0.0,0.0,0.0,-0.00259991778692296,3.0,-28.9991778692296,5.0,False,7129.0,1.0,False,
2026-05-14,MGOL,0.0,0.0,0.0,0.0,3.0,-3.0,5.0,False,4521.0,2.0,False,
2026-05-14,MGPI,0.0,0.0,0.0,-0.0019174084845722617,3.0,-22.174084845722618,5.0,False,6997.0,1.0,True,
2026-05-14,MGRC,0.0,0.0,0.0,0.0012108780077111387,3.0,9.108780077111387,5.0,True,1244.0,4.0,True,
2026-05-14,MGRM,0.0,0.0,0.0,0.0,3.0,-3.0,5.0,False,4522.0,2.0,False,
2026-05-14,MGRT,-0.003676060267857143,-0.004464285714285714,0.0007882254464285712,0.0024718769144531976,3.0,-27.718769144531976,5.0,False,651.0,5.0,True,"COVER because predicted alpha is in the bottom decile. Net alpha after estimated 3.0 bps trading cost is -27.72 bps versus threshold 5.00 bps. Main contributors were parkinson_vol_20, mom_126, volatility_63. Price filter passed; liquidity filter passed."
2026-05-14,MGRX,0.0,0.0,0.0,-0.011124275006965735,3.0,-114.24275006965735,5.0,False,7496.0,1.0,False,
2026-05-14,MGTA,0.0,0.0,0.0,0.0,3.0,-3.0,5.0,False,4523.0,2.0,False,
2026-05-14,MGTX,0.0,0.0,0.0,0.0013441055610102538,3.0,10.441055610102538,5.0,True,1169.0,4.0,True,
2026-05-14,MGX,0.0,0.0,0.0,-0.001154802554021333,3.0,-14.548025540213331,5.0,False,6831.0,1.0,False,
2026-05-14,MGYR,0.0,0.0,0.0,0.0011745836041489929,3.0,8.745836041489929,5.0,True,1259.0,4.0,True,
2026-05-14,MHGC,0.0,0.0,0.0,0.0,3.0,-3.0,5.0,False,4524.0,2.0,False,
2026-05-14,MHLD,0.0,0.0,0.0,0.0,3.0,-3.0,5.0,False,4525.0,2.0,False,
2026-05-14,MHUA,0.0,0.0,0.0,0.0,3.0,-3.0,5.0,False,4526.0,2.0,False,
2026-05-14,MICS,0.0,0.0,0.0,0.0,3.0,-3.0,5.0,False,4527.0,2.0,False,
2026-05-14,MICT,0.0,0.0,0.0,0.0,3.0,-3.0,5.0,False,4528.0,2.0,False,
2026-05-14,MICT.W,0.0,0.0,0.0,0.0,3.0,-3.0,5.0,False,4529.0,2.0,False,
2026-05-14,MIDD,0.0,0.0,0.0,4.8352684893925936e-05,3.0,-2.5164731510607408,5.0,False,1963.0,3.0,True,
2026-05-14,MIFI,0.0,0.0,0.0,0.0,3.0,-3.0,5.0,False,4530.0,2.0,False,
2026-05-14,MIGI,0.0,0.0,0.0,0.0,3.0,-3.0,5.0,False,4531.0,2.0,False,
2026-05-14,MIII,0.0,0.0,0.0,0.0,3.0,-3.0,5.0,False,4532.0,2.0,False,
2026-05-14,MIII.U,0.0,0.0,0.0,0.0,3.0,-3.0,5.0,False,4533.0,2.0,False,
2026-05-14,MIII.W,0.0,0.0,0.0,0.0,3.0,-3.0,5.0,False,4534.0,2.0,False,
2026-05-14,MIK,0.0,0.0,0.0,0.0,3.0,-3.0,5.0,False,4535.0,2.0,False,
2026-05-14,MILE,0.0,0.0,0.0,0.0,3.0,-3.0,5.0,False,4536.0,2.0,False,
2026-05-14,MIME,0.0,0.0,0.0,0.0,3.0,-3.0,5.0,False,4537.0,2.0,False,
2026-05-14,MIMI,0.0,0.0,0.0,-0.001414930151689094,3.0,-17.14930151689094,5.0,False,6892.0,1.0,False,
2026-05-14,MIND,0.0,0.0,0.0,0.0008688967890715863,3.0,5.688967890715862,5.0,True,1461.0,4.0,True,
2026-05-14,MIND.P,0.0,0.0,0.0,0.0,3.0,-3.0,5.0,False,4538.0,2.0,False,
2026-05-14,MINI,0.0,0.0,0.0,0.0,3.0,-3.0,5.0,False,4539.0,2.0,False,
2026-05-14,MINM,0.0,0.0,0.0,0.0,3.0,-3.0,5.0,False,4540.0,2.0,False,
2026-05-14,MIPI,0.0,0.0,0.0,0.0,3.0,-3.0,5.0,False,4541.0,2.0,False,
2026-05-14,MIPS,0.0,0.0,0.0,0.0,3.0,-3.0,5.0,False,4542.0,2.0,False,
2026-05-14,MIRA,0.0,0.0,0.0,7.900679426915577e-05,3.0,-2.209932057308442,5.0,False,1950.0,3.0,False,
2026-05-14,MIRM,-0.003676060267857143,-0.004464285714285714,0.0007882254464285712,0.0015902410818085801,3.0,-18.9024108180858,5.0,False,1013.0,4.0,True,"COVER because predicted alpha is in the bottom decile. Net alpha after estimated 3.0 bps trading cost is -18.90 bps versus threshold 5.00 bps. Main contributors were intraday_return, mom_126, mom_10. Price filter passed; liquidity filter passed."
2026-05-14,MIRN,0.0,0.0,0.0,0.0,3.0,-3.0,5.0,False,4543.0,2.0,False,
2026-05-14,MIRO,0.0,0.0,0.0,0.0,3.0,-3.0,5.0,False,4544.0,2.0,False,
2026-05-14,MIST,0.0,0.0,0.0,0.0007046705739347168,3.0,4.046705739347169,5.0,False,1569.0,3.0,False,
2026-05-14,MITA,0.0,0.0,0.0,0.0,3.0,-3.0,5.0,False,4545.0,2.0,False,
2026-05-14,MITI,0.0,0.0,0.0,0.0,3.0,-3.0,5.0,False,4546.0,2.0,False,
2026-05-14,MITK,0.0,0.0,0.0,-0.0012218712592040914,3.0,-15.218712592040914,5.0,False,6851.0,1.0,True,
2026-05-14,MITL,0.0,0.0,0.0,0.0,3.0,-3.0,5.0,False,4547.0,2.0,False,
2026-05-14,MJCO,0.0,0.0,0.0,0.0,3.0,-3.0,5.0,False,4548.0,2.0,False,
2026-05-14,MJID,0.0,0.0,0.0,0.0,3.0,-3.0,5.0,False,4549.0,2.0,False,
2026-05-14,MKDW,0.0,0.0,0.0,0.002743481142948755,3.0,24.434811429487553,5.0,True,568.0,5.0,True,
2026-05-14,MKGI,0.0,0.0,0.0,0.0,3.0,-3.0,5.0,False,4550.0,2.0,False,
2026-05-14,MKLY,0.0,0.0,0.0,-0.00023953426166486904,3.0,-5.395342616648691,5.0,False,6494.0,2.0,True,
2026-05-14,MKSI,0.0,0.0,0.0,0.0040252535792467785,3.0,37.25253579246778,5.0,True,300.0,5.0,True,
2026-05-14,MKTO,0.0,0.0,0.0,0.0,3.0,-3.0,5.0,False,4551.0,2.0,False,
2026-05-14,MKTW,0.0,0.0,0.0,-0.0009917262921553798,3.0,-12.917262921553798,5.0,False,6790.0,2.0,True,
2026-05-14,MKTX,0.0,0.0,0.0,-0.0005261422903083121,3.0,-8.26142290308312,5.0,False,6637.0,2.0,True,
2026-05-14,MKTY,0.0,0.0,0.0,0.0,3.0,-3.0,5.0,False,4552.0,2.0,False,
2026-05-14,MKUL,0.0,0.0,0.0,0.0,3.0,-3.0,5.0,False,4553.0,2.0,False,
2026-05-14,MKZR,0.0,0.0,0.0,0.0010789076622817883,3.0,7.789076622817882,5.0,True,1314.0,4.0,False,
2026-05-14,MLAA,0.0,0.0,0.0,0.00023514347196574616,3.0,-0.6485652803425386,5.0,False,1858.0,3.0,True,
2026-05-14,MLAB,0.0,0.0,0.0,-0.0012262135878497765,3.0,-15.262135878497766,5.0,False,6852.0,1.0,True,
2026-05-14,MLAC,0.0,0.0,0.0,0.0021739286848127984,3.0,18.739286848127982,5.0,True,782.0,4.0,True,
2026-05-14,MLAI,0.0,0.0,0.0,0.0,3.0,-3.0,5.0,False,4554.0,2.0,False,
2026-05-14,MLCI,0.0,0.0,0.0,0.0018523050828328019,3.0,15.523050828328017,5.0,True,897.0,4.0,False,
2026-05-14,MLCIL,0.0,0.0,0.0,0.0009347053798394881,3.0,6.347053798394882,5.0,True,1414.0,4.0,True,
2026-05-14,MLEC,0.0,0.0,0.0,-0.0003268825400489419,3.0,-6.268825400489419,5.0,False,6545.0,2.0,True,
2026-05-14,MLGO,0.0,0.0,0.0,-0.0036792462661155317,3.0,-39.79246266115532,5.0,False,7246.0,1.0,False,
2026-05-14,MLKN,0.0,0.0,0.0,-0.0008294469640861175,3.0,-11.294469640861175,5.0,False,6736.0,2.0,True,
2026-05-14,MLND,0.0,0.0,0.0,0.0,3.0,-3.0,5.0,False,4555.0,2.0,False,
2026-05-14,MLNT,0.0,0.0,0.0,0.0,3.0,-3.0,5.0,False,4556.0,2.0,False,
2026-05-14,MLNX,0.0,0.0,0.0,0.0,3.0,-3.0,5.0,False,4557.0,2.0,False,
2026-05-14,MLTX,0.0,0.0,0.0,-0.000351761542705189,3.0,-6.51761542705189,5.0,False,6556.0,2.0,True,
2026-05-14,MLVF,0.0,0.0,0.0,0.0,3.0,-3.0,5.0,False,4558.0,2.0,False,
2026-05-14,MLYS,0.0,0.0,0.0,0.0001694877181712133,3.0,-1.3051228182878671,5.0,False,1899.0,3.0,True,
2026-05-14,MMAC,0.0,0.0,0.0,0.0,3.0,-3.0,5.0,False,4559.0,2.0,False,
2026-05-14,MMAT,0.0,0.0,0.0,0.0,3.0,-3.0,5.0,False,4560.0,2.0,False,
2026-05-14,MMDM,0.0,0.0,0.0,0.0,3.0,-3.0,5.0,False,4561.0,2.0,False,
2026-05-14,MMED,0.0,0.0,0.0,0.002514289719107699,3.0,22.14289719107699,5.0,True,636.0,5.0,True,
2026-05-14,MMLP,0.0,0.0,0.0,0.001135743355673006,3.0,8.35743355673006,5.0,True,1281.0,4.0,False,
2026-05-14,MMMB,0.0,0.0,0.0,0.0,3.0,-3.0,5.0,False,4562.0,2.0,False,
2026-05-14,MMSI,0.0,0.0,0.0,0.00020363683435107332,3.0,-0.9636316564892669,5.0,False,1877.0,3.0,True,
2026-05-14,MMTX,0.0,0.0,0.0,0.0,3.0,-3.0,5.0,False,4563.0,2.0,False,
2026-05-14,MMV,0.0,0.0,0.0,0.0,3.0,-3.0,5.0,False,4564.0,2.0,False,
2026-05-14,MMYT,0.0,0.0,0.0,0.0001961634794418036,3.0,-1.038365205581964,5.0,False,1886.0,3.0,True,
2026-05-14,MNCL,0.0,0.0,0.0,0.0,3.0,-3.0,5.0,False,4565.0,2.0,False,
2026-05-14,MNDL,0.0,0.0,0.0,0.0,3.0,-3.0,5.0,False,4566.0,2.0,False,
2026-05-14,MNDO,0.0,0.0,0.0,0.0005770844439951959,3.0,2.7708444399519596,5.0,False,1652.0,3.0,False,
2026-05-14,MNDR,0.0,0.0,0.0,-0.00577180122954863,3.0,-60.718012295486304,5.0,False,7370.0,1.0,False,
2026-05-14,MNDT,0.0,0.0,0.0,0.0,3.0,-3.0,5.0,False,4567.0,2.0,False,
2026-05-14,MNDY,0.0,0.0,0.0,-0.0010355860465809537,3.0,-13.355860465809537,5.0,False,6804.0,2.0,True,
2026-05-14,MNGA,0.0,0.0,0.0,0.0,3.0,-3.0,5.0,False,4568.0,2.0,False,
2026-05-14,MNKD,0.0,0.0,0.0,-0.0008072267814139957,3.0,-11.072267814139957,5.0,False,6726.0,2.0,False,
2026-05-14,MNLO,0.0,0.0,0.0,0.0,3.0,-3.0,5.0,False,4569.0,2.0,False,
2026-05-14,MNMD,0.0,0.0,0.0,0.0,3.0,-3.0,5.0,False,4570.0,2.0,False,
2026-05-14,MNOV,0.0,0.0,0.0,0.0020256545455911105,3.0,17.256545455911105,5.0,True,818.0,4.0,False,
2026-05-14,MNPR,-0.00078125,0.0,-0.00078125,-0.003087791793624006,3.0,27.87791793624006,5.0,True,7186.0,1.0,True,"SHORT because predicted alpha is in the bottom decile. Net alpha after estimated 3.0 bps trading cost is 27.88 bps versus threshold 5.00 bps. Main contributors were volume_z_60, operating_margin, mom_10. Price filter passed; liquidity filter passed."
2026-05-14,MNRK,0.0,0.0,0.0,0.0,3.0,-3.0,5.0,False,4571.0,2.0,False,
2026-05-14,MNRO,0.0,0.0,0.0,-0.0011673531994239417,3.0,-14.673531994239417,5.0,False,6835.0,1.0,True,
2026-05-14,MNSB,0.0,0.0,0.0,0.0011083256756669864,3.0,8.083256756669863,5.0,True,1299.0,4.0,True,
2026-05-14,MNSBP,0.0,0.0,0.0,0.00011351892931134918,3.0,-1.8648107068865083,5.0,False,1931.0,3.0,True,
2026-05-14,MNST,0.0,0.0,0.0,0.0026032677787632408,3.0,23.03267778763241,5.0,True,607.0,5.0,True,
2026-05-14,MNTA,0.0,0.0,0.0,0.0,3.0,-3.0,5.0,False,4572.0,2.0,False,
2026-05-14,MNTG,0.0,0.0,0.0,0.0,3.0,-3.0,5.0,False,4573.0,2.0,False,
2026-05-14,MNTK,0.0,0.0,0.0,-0.0007619461749223326,3.0,-10.619461749223326,5.0,False,6712.0,2.0,False,
2026-05-14,MNTS,-0.003676060267857143,-0.004464285714285714,0.0007882254464285712,-0.0012777192485885918,3.0,9.777192485885918,5.0,True,6868.0,1.0,True,"COVER because predicted alpha is in the bottom decile. Net alpha after estimated 3.0 bps trading cost is 9.78 bps versus threshold 5.00 bps. Main contributors were parkinson_vol_20, mom_1, mom_10. Price filter passed; liquidity filter passed."
2026-05-14,MNTV,0.0,0.0,0.0,0.0,3.0,-3.0,5.0,False,4574.0,2.0,False,
2026-05-14,MNTX,0.0,0.0,0.0,0.0,3.0,-3.0,5.0,False,4575.0,2.0,False,
2026-05-14,MNY,0.0,0.0,0.0,0.001981768057619253,3.0,16.817680576192533,5.0,True,836.0,4.0,False,
2026-05-14,MOBL,0.0,0.0,0.0,0.0,3.0,-3.0,5.0,False,4576.0,2.0,False,
2026-05-14,MOBQ,0.0,0.0,0.0,0.0,3.0,-3.0,5.0,False,4577.0,2.0,False,
2026-05-14,MOBV,0.0,0.0,0.0,0.0,3.0,-3.0,5.0,False,4578.0,2.0,False,
2026-05-14,MOBX,0.0,0.0,0.0,-0.011397007118982411,3.0,-116.97007118982411,5.0,False,7498.0,1.0,False,
2026-05-14,MOCO,0.0,0.0,0.0,0.0,3.0,-3.0,5.0,False,4579.0,2.0,False,
2026-05-14,MODD,0.0,0.0,0.0,-0.0062131784048574355,3.0,-65.13178404857436,5.0,False,7391.0,1.0,False,
2026-05-14,MODV,0.0,0.0,0.0,0.0,3.0,-3.0,5.0,False,4580.0,2.0,False,
2026-05-14,MOFG,0.0,0.0,0.0,0.0,3.0,-3.0,5.0,False,4581.0,2.0,False,
2026-05-14,MOGO,0.0,0.0,0.0,0.0,3.0,-3.0,5.0,False,4582.0,2.0,False,
2026-05-14,MOKO,0.0,0.0,0.0,0.0,3.0,-3.0,5.0,False,4583.0,2.0,False,
2026-05-14,MOLG,0.0,0.0,0.0,0.0,3.0,-3.0,5.0,False,4584.0,2.0,False,
2026-05-14,MOLX,0.0,0.0,0.0,0.0,3.0,-3.0,5.0,False,4585.0,2.0,False,
2026-05-14,MON,0.0,0.0,0.0,0.0,3.0,-3.0,5.0,False,4586.0,2.0,False,
2026-05-14,MOND,0.0,0.0,0.0,0.0,3.0,-3.0,5.0,False,4587.0,2.0,False,
2026-05-14,MONT,0.0,0.0,0.0,0.0,3.0,-3.0,5.0,False,4588.0,2.0,False,
2026-05-14,MORF,0.0,0.0,0.0,0.0,3.0,-3.0,5.0,False,4589.0,2.0,False,
2026-05-14,MORN,0.0,0.0,0.0,0.00023416301885520704,3.0,-0.6583698114479297,5.0,False,1859.0,3.0,True,
2026-05-14,MOSY,0.0,0.0,0.0,0.0,3.0,-3.0,5.0,False,4590.0,2.0,False,
2026-05-14,MOTA,0.0,0.0,0.0,0.0,3.0,-3.0,5.0,False,4591.0,2.0,False,
2026-05-14,MOTN,0.0,0.0,0.0,0.0,3.0,-3.0,5.0,False,4592.0,2.0,False,
2026-05-14,MOTR,0.0,0.0,0.0,0.0,3.0,-3.0,5.0,False,4593.0,2.0,False,
2026-05-14,MOTS,0.0,0.0,0.0,0.0,3.0,-3.0,5.0,False,4594.0,2.0,False,
2026-05-14,MOVE,-0.003676060267857143,-0.004464285714285714,0.0007882254464285712,0.004100010979624118,3.0,-44.00010979624118,5.0,False,285.0,5.0,True,"COVER because predicted alpha is in the bottom decile. Net alpha after estimated 3.0 bps trading cost is -44.00 bps versus threshold 5.00 bps. Main contributors were intraday_return, parkinson_vol_20, roa. Price filter passed; liquidity filter passed."
2026-05-14,MOXC,0.0,0.0,0.0,0.0,3.0,-3.0,5.0,False,4595.0,2.0,False,
2026-05-14,MPAA,0.0,0.0,0.0,0.002924605464285401,3.0,26.246054642854013,5.0,True,521.0,5.0,True,
2026-05-14,MPAC,0.0,0.0,0.0,0.0,3.0,-3.0,5.0,False,4596.0,2.0,False,
2026-05-14,MPB,0.0,0.0,0.0,0.00104267394133635,3.0,7.426739413363501,5.0,True,1340.0,4.0,True,
2026-05-14,MPET,0.0,0.0,0.0,0.0,3.0,-3.0,5.0,False,4597.0,2.0,False,
2026-05-14,MPLT,0.0,0.0,0.0,0.0038291924581978967,3.0,35.29192458197897,5.0,True,331.0,5.0,True,
2026-05-14,MPRA,0.0,0.0,0.0,0.0,3.0,-3.0,5.0,False,4598.0,2.0,False,
2026-05-14,MPVD,0.0,0.0,0.0,0.0,3.0,-3.0,5.0,False,4599.0,2.0,False,
2026-05-14,MPWR,0.0,0.0,0.0,0.004384235772921748,3.0,40.842357729217476,5.0,True,244.0,5.0,True,
2026-05-14,MQ,0.0,0.0,0.0,0.0012804767548380933,3.0,9.804767548380934,5.0,True,1199.0,4.0,False,
2026-05-14,MRAC,0.0,0.0,0.0,0.0,3.0,-3.0,5.0,False,4600.0,2.0,False,
2026-05-14,MRAI,0.0,0.0,0.0,0.0,3.0,-3.0,5.0,False,4601.0,2.0,False,
2026-05-14,MRAM,0.004457310267857143,0.004464285714285714,-6.975446428571404e-06,0.01085162698056298,3.0,105.51626980562979,5.0,True,7.0,5.0,True,"SELL because predicted alpha is in the top decile. Net alpha after estimated 3.0 bps trading cost is 105.52 bps versus threshold 5.00 bps. Main contributors were mom_5, close_to_low_20, mom_21. Price filter passed; liquidity filter passed."
2026-05-14,MRBK,0.0,0.0,0.0,0.0009411551912661037,3.0,6.411551912661038,5.0,True,1410.0,4.0,True,
2026-05-14,MRCC,0.0,0.0,0.0,0.0,3.0,-3.0,5.0,False,4602.0,2.0,False,
2026-05-14,MRCCL,0.0,0.0,0.0,0.0,3.0,-3.0,5.0,False,4603.0,2.0,False,
2026-05-14,MRCY,0.0,0.0,0.0,0.0022081346214326337,3.0,19.081346214326338,5.0,True,772.0,4.0,True,
2026-05-14,MRD,0.0,0.0,0.0,0.0,3.0,-3.0,5.0,False,4604.0,2.0,False,
2026-05-14,MRDN,0.0,0.0,0.0,0.0009547280723321821,3.0,6.547280723321821,5.0,True,1403.0,4.0,True,
2026-05-14,MRGE,0.0,0.0,0.0,0.0,3.0,-3.0,5.0,False,4605.0,2.0,False,
2026-05-14,MRIC,0.0,0.0,0.0,0.0,3.0,-3.0,5.0,False,4606.0,2.0,False,
2026-05-14,MRIN,0.0,0.0,0.0,0.0,3.0,-3.0,5.0,False,4607.0,2.0,False,
2026-05-14,MRKR,0.0,0.0,0.0,4.410571020161015e-05,3.0,-2.5589428979838984,5.0,False,1965.0,3.0,False,
2026-05-14,MRKT,0.0,0.0,0.0,0.0,3.0,-3.0,5.0,False,4608.0,2.0,False,
2026-05-14,MRLN,-0.003676060267857143,-0.004464285714285714,0.0007882254464285712,-0.0021769073326305365,3.0,18.769073326305364,5.0,True,7057.0,1.0,True,"COVER because predicted alpha is in the bottom decile. Net alpha after estimated 3.0 bps trading cost is 18.77 bps versus threshold 5.00 bps. Main contributors were parkinson_vol_20, volume_z_60, mom_21. Price filter passed; liquidity filter passed."
2026-05-14,MRNA,0.0,0.0,0.0,0.0005959532935029181,3.0,2.9595329350291815,5.0,False,1643.0,3.0,True,
2026-05-14,MRNO,0.0,0.0,0.0,0.000989944500468418,3.0,6.89944500468418,5.0,True,1383.0,4.0,False,
2026-05-14,MRNS,0.0,0.0,0.0,0.0,3.0,-3.0,5.0,False,4609.0,2.0,False,
2026-05-14,MRSN,0.0,0.0,0.0,0.0,3.0,-3.0,5.0,False,4610.0,2.0,False,
2026-05-14,MRTN,0.0,0.0,0.0,-0.0011569582811996582,3.0,-14.569582811996582,5.0,False,6832.0,1.0,True,
2026-05-14,MRTX,0.0,0.0,0.0,0.0,3.0,-3.0,5.0,False,4611.0,2.0,False,
2026-05-14,MRUS,0.0,0.0,0.0,0.0,3.0,-3.0,5.0,False,4612.0,2.0,False,
2026-05-14,MRVC,0.0,0.0,0.0,0.0,3.0,-3.0,5.0,False,4613.0,2.0,False,
2026-05-14,MRVI,0.0,0.0,0.0,0.005033716735876503,3.0,47.33716735876503,5.0,True,184.0,5.0,False,
2026-05-14,MRVL,0.00078125,0.0,0.00078125,0.0055119159703313735,3.0,52.119159703313734,5.0,True,135.0,5.0,True,"BUY because predicted alpha is in the top decile. Net alpha after estimated 3.0 bps trading cost is 52.12 bps versus threshold 5.00 bps. Main contributors were mom_63, mom_5, parkinson_vol_20. Price filter passed; liquidity filter passed."
2026-05-14,MRX,0.0,0.0,0.0,0.004222822844336865,3.0,39.22822844336866,5.0,True,268.0,5.0,True,
2026-05-14,MSAC,0.0,0.0,0.0,0.0,3.0,-3.0,5.0,False,4614.0,2.0,False,
2026-05-14,MSAI,0.0,0.0,0.0,-0.002387226657326898,3.0,-26.87226657326898,5.0,False,7099.0,1.0,True,
2026-05-14,MSBF,0.0,0.0,0.0,0.0,3.0,-3.0,5.0,False,4615.0,2.0,False,
2026-05-14,MSBI,0.0,0.0,0.0,-0.000880462412369624,3.0,-11.80462412369624,5.0,False,6755.0,2.0,True,
2026-05-14,MSCC,0.0,0.0,0.0,0.0,3.0,-3.0,5.0,False,4616.0,2.0,False,
2026-05-14,MSDA,0.0,0.0,0.0,0.0,3.0,-3.0,5.0,False,4617.0,2.0,False,
2026-05-14,MSDI,0.0,0.0,0.0,0.0,3.0,-3.0,5.0,False,4618.0,2.0,False,
2026-05-14,MSDI.W,0.0,0.0,0.0,0.0,3.0,-3.0,5.0,False,4619.0,2.0,False,
2026-05-14,MSEX,0.0,0.0,0.0,0.0011617643280958114,3.0,8.617643280958115,5.0,True,1269.0,4.0,True,
2026-05-14,MSFG,0.0,0.0,0.0,0.0,3.0,-3.0,5.0,False,4620.0,2.0,False,
2026-05-14,MSFT,0.0,0.0,0.0,0.00024611651860853193,3.0,-0.5388348139146806,5.0,False,1849.0,3.0,True,
2026-05-14,MSGM,0.0,0.004464285714285714,-0.004464285714285714,0.00020720719668901902,3.0,-0.9279280331098096,5.0,False,1875.0,3.0,False,"SELL because predicted alpha is in the cost-adjusted no-position band. Net alpha after estimated 3.0 bps trading cost is -0.93 bps versus threshold 5.00 bps. Main contributors were overnight_return, parkinson_vol_20, volume_z_20. Price filter failed; liquidity filter passed."
2026-05-14,MSGY,0.0,0.0,0.0,-0.01021584412055177,3.0,-105.1584412055177,5.0,False,7482.0,1.0,False,
2026-05-14,MSLE,0.0,0.0,0.0,0.0030056367868360667,3.0,27.056367868360667,5.0,True,505.0,5.0,True,
2026-05-14,MSLI,0.0,0.0,0.0,0.0,3.0,-3.0,5.0,False,4621.0,2.0,False,
2026-05-14,MSON,0.0,0.0,0.0,0.0,3.0,-3.0,5.0,False,4622.0,2.0,False,
2026-05-14,MSPR,0.0,0.0,0.0,0.0,3.0,-3.0,5.0,False,4623.0,2.0,False,
2026-05-14,MSS,0.0,0.0,0.0,-0.004251987547215795,3.0,-45.51987547215795,5.0,False,7289.0,1.0,False,
2026-05-14,MSSA,0.0,0.0,0.0,0.0,3.0,-3.0,5.0,False,4624.0,2.0,False,
2026-05-14,MSTR,0.003676060267857143,0.004464285714285714,-0.0007882254464285712,0.0012608092421461585,3.0,9.608092421461585,5.0,True,1214.0,4.0,True,"SELL because predicted alpha is in the top decile. Net alpha after estimated 3.0 bps trading cost is 9.61 bps versus threshold 5.00 bps. Main contributors were parkinson_vol_20, mom_21, mom_63. Price filter passed; liquidity filter passed."
2026-05-14,MSVB,0.0,0.0,0.0,0.0,3.0,-3.0,5.0,False,4625.0,2.0,False,
2026-05-14,MSW,0.0,0.0,0.0,-0.0013490767483910066,3.0,-16.490767483910066,5.0,False,6881.0,1.0,False,
2026-05-14,MTAC,0.0,0.0,0.0,0.0,3.0,-3.0,5.0,False,4626.0,2.0,False,
2026-05-14,MTBC.P,0.0,0.0,0.0,0.0,3.0,-3.0,5.0,False,4627.0,2.0,False,
2026-05-14,MTC,0.0,0.0,0.0,-0.0032187407666439266,3.0,-35.18740766643926,5.0,False,7199.0,1.0,True,
2026-05-14,MTCH,0.0,0.0,0.0,0.004259485343922623,3.0,39.594853439226235,5.0,True,264.0,5.0,True,
2026-05-14,MTCR,0.0,0.0,0.0,0.0,3.0,-3.0,5.0,False,4628.0,2.0,False,
2026-05-14,MTEC,0.0,0.0,0.0,0.0,3.0,-3.0,5.0,False,4629.0,2.0,False,
2026-05-14,MTEK,0.0,0.0,0.0,-0.0009960087404973258,3.0,-12.960087404973258,5.0,False,6791.0,2.0,False,
2026-05-14,MTEM,0.0,0.0,0.0,0.0,3.0,-3.0,5.0,False,4630.0,2.0,False,
2026-05-14,MTEN,0.0,0.0,0.0,0.0006237099142021296,3.0,3.2370991420212967,5.0,False,1623.0,3.0,False,
2026-05-14,MTEX,0.0,0.0,0.0,0.0017350282618410753,3.0,14.350282618410752,5.0,True,947.0,4.0,False,
2026-05-14,MTGE,0.0,0.0,0.0,0.0,3.0,-3.0,5.0,False,4631.0,2.0,False,
2026-05-14,MTGE.P,0.0,0.0,0.0,0.0,3.0,-3.0,5.0,False,4632.0,2.0,False,
2026-05-14,MTRX,0.0,0.0,0.0,9.9686206022994e-05,3.0,-2.0031379397700597,5.0,False,1936.0,3.0,True,
2026-05-14,MTRY,0.0,0.0,0.0,0.0,3.0,-3.0,5.0,False,4633.0,2.0,False,
2026-05-14,MTSC,0.0,0.0,0.0,0.0,3.0,-3.0,5.0,False,4634.0,2.0,False,
2026-05-14,MTSI,0.0,0.0,0.0,0.004362916269580769,3.0,40.629162695807686,5.0,True,247.0,5.0,True,
2026-05-14,MTSL,0.0,0.0,0.0,0.0,3.0,-3.0,5.0,False,4635.0,2.0,False,
2026-05-14,MTSN,0.0,0.0,0.0,0.0,3.0,-3.0,5.0,False,4636.0,2.0,False,
2026-05-14,MTSR,0.0,0.0,0.0,0.0,3.0,-3.0,5.0,False,4637.0,2.0,False,
2026-05-14,MTTR,0.0,0.0,0.0,0.0,3.0,-3.0,5.0,False,4638.0,2.0,False,
2026-05-14,MTVA,0.0,0.0,0.0,-0.00027978325192692076,3.0,-5.797832519269208,5.0,False,6513.0,2.0,False,
2026-05-14,MTXX,0.0,0.0,0.0,0.0,3.0,-3.0,5.0,False,4639.0,2.0,False,
2026-05-14,MU,0.004457310267857143,0.004464285714285714,-6.975446428571404e-06,0.010369351184360042,3.0,100.69351184360042,5.0,True,10.0,5.0,True,"SELL because predicted alpha is in the top decile. Net alpha after estimated 3.0 bps trading cost is 100.69 bps versus threshold 5.00 bps. Main contributors were mom_252, mom_21, mom_5. Price filter passed; liquidity filter passed."
2026-05-14,MUDS,0.0,0.0,0.0,0.0,3.0,-3.0,5.0,False,4640.0,2.0,False,
2026-05-14,MULN,0.0,0.0,0.0,0.0,3.0,-3.0,5.0,False,4641.0,2.0,False,
2026-05-14,MURA,0.0,0.0,0.0,0.0,3.0,-3.0,5.0,False,4642.0,2.0,False,
2026-05-14,MURAV,0.0,0.0,0.0,0.0,3.0,-3.0,5.0,False,4643.0,2.0,False,
2026-05-14,MURF,0.0,0.0,0.0,0.0,3.0,-3.0,5.0,False,4644.0,2.0,False,
2026-05-14,MUZE,0.0,0.0,0.0,0.0,3.0,-3.0,5.0,False,4645.0,2.0,False,
2026-05-14,MVBF,0.0,0.0,0.0,0.00021776390210943608,3.0,-0.822360978905639,5.0,False,1871.0,3.0,True,
2026-05-14,MVIR,0.0,0.0,0.0,0.0,3.0,-3.0,5.0,False,4646.0,2.0,False,
2026-05-14,MVIS,0.0,0.0,0.0,0.008809191999766607,3.0,85.09191999766607,5.0,True,27.0,5.0,False,
2026-05-14,MVLA,0.0,0.0,0.0,0.0,3.0,-3.0,5.0,False,4647.0,2.0,False,
2026-05-14,MVNR,0.0,0.0,0.0,0.0,3.0,-3.0,5.0,False,4648.0,2.0,False,
2026-05-14,MVST,0.0,0.0,0.0,-0.0005776474920345677,3.0,-8.776474920345677,5.0,False,6651.0,2.0,False,
2026-05-14,MWH,0.00078125,0.0,0.00078125,0.005108571440534263,3.0,48.08571440534263,5.0,True,178.0,5.0,True,"BUY because predicted alpha is in the top decile. Net alpha after estimated 3.0 bps trading cost is 48.09 bps versus threshold 5.00 bps. Main contributors were parkinson_vol_20, mom_21, overnight_return. Price filter passed; liquidity filter passed."
2026-05-14,MWIV,0.0,0.0,0.0,0.0,3.0,-3.0,5.0,False,4649.0,2.0,False,
2026-05-14,MWK,0.0,0.0,0.0,0.0,3.0,-3.0,5.0,False,4650.0,2.0,False,
2026-05-14,MWRX,0.0,0.0,0.0,0.0,3.0,-3.0,5.0,False,4651.0,2.0,False,
2026-05-14,MWYN,0.0,0.0,0.0,-0.003153537214930743,3.0,-34.535372149307435,5.0,False,7193.0,1.0,False,
2026-05-14,MXCT,0.0,0.0,0.0,0.00015275615768065975,3.0,-1.4724384231934025,5.0,False,1906.0,3.0,False,
2026-05-14,MXIM,0.0,0.0,0.0,0.0,3.0,-3.0,5.0,False,4652.0,2.0,False,
2026-05-14,MXL,0.004457310267857143,0.004464285714285714,-6.975446428571404e-06,0.009329145021562638,3.0,90.29145021562637,5.0,True,18.0,5.0,True,"SELL because predicted alpha is in the top decile. Net alpha after estimated 3.0 bps trading cost is 90.29 bps versus threshold 5.00 bps. Main contributors were close_to_low_20, mom_21, mom_252. Price filter passed; liquidity filter passed."
2026-05-14,MXPT,0.0,0.0,0.0,0.0,3.0,-3.0,5.0,False,4653.0,2.0,False,
2026-05-14,MXWL,0.0,0.0,0.0,0.0,3.0,-3.0,5.0,False,4654.0,2.0,False,
2026-05-14,MYFW,0.0,0.0,0.0,0.000548585854404696,3.0,2.48585854404696,5.0,False,1668.0,3.0,True,
2026-05-14,MYGN,0.0,0.0,0.0,0.0005682373112388558,3.0,2.682373112388558,5.0,False,1661.0,3.0,False,
2026-05-14,MYL,0.0,0.0,0.0,0.0,3.0,-3.0,5.0,False,4655.0,2.0,False,
2026-05-14,MYMD,0.0,0.0,0.0,0.0,3.0,-3.0,5.0,False,4656.0,2.0,False,
2026-05-14,MYNZ,0.0,0.0,0.0,0.0,3.0,-3.0,5.0,False,4657.0,2.0,False,
2026-05-14,MYOK,0.0,0.0,0.0,0.0,3.0,-3.0,5.0,False,4658.0,2.0,False,
2026-05-14,MYOS,0.0,0.0,0.0,0.0,3.0,-3.0,5.0,False,4659.0,2.0,False,
2026-05-14,MYPS,0.0,0.0,0.0,0.0010040543459749916,3.0,7.040543459749916,5.0,True,1371.0,4.0,False,
2026-05-14,MYRG,0.004457310267857143,0.004464285714285714,-6.975446428571404e-06,0.00714181843988626,3.0,68.41818439886259,5.0,True,62.0,5.0,True,"SELL because predicted alpha is in the top decile. Net alpha after estimated 3.0 bps trading cost is 68.42 bps versus threshold 5.00 bps. Main contributors were parkinson_vol_20, mom_21, mom_5. Price filter passed; liquidity filter passed."
2026-05-14,MYRX,0.0,0.0,0.0,0.0,3.0,-3.0,5.0,False,4660.0,2.0,False,
2026-05-14,MYSE,0.0,0.0,0.0,-0.003429743883008009,3.0,-37.29743883008009,5.0,False,7221.0,1.0,False,
2026-05-14,MYSZ,0.0,0.0,0.0,0.0031321069929692563,3.0,28.321069929692563,5.0,True,469.0,5.0,False,
2026-05-14,MYT,0.0,0.0,0.0,0.0,3.0,-3.0,5.0,False,4661.0,2.0,False,
2026-05-14,MZTI,0.0,0.0,0.0,0.00031465541369851647,3.0,0.14655413698516462,5.0,False,1815.0,3.0,True,
2026-05-14,nan,0.0,0.0,0.0,0.0023611194933104043,3.0,20.61119493310404,5.0,True,701.0,5.0,False,
2026-05-14,NAAC,0.0,0.0,0.0,0.0,3.0,-3.0,5.0,False,4662.0,2.0,False,
2026-05-14,NAGE,0.0,0.0,0.0,0.00032247116094692046,3.0,0.22471160946920454,5.0,False,1810.0,3.0,False,
2026-05-14,NAII,0.0,0.0,0.0,0.00041197075075520177,3.0,1.1197075075520173,5.0,False,1765.0,3.0,False,
2026-05-14,NAKA,0.0,0.0,0.0,-0.004537584257471882,3.0,-48.375842574718824,5.0,False,7307.0,1.0,False,
2026-05-14,NAKD,0.0,0.0,0.0,0.0,3.0,-3.0,5.0,False,4663.0,2.0,False,
2026-05-14,NAME,0.0,0.0,0.0,0.0,3.0,-3.0,5.0,False,4664.0,2.0,False,
2026-05-14,NAME.V,0.0,0.0,0.0,0.0,3.0,-3.0,5.0,False,4665.0,2.0,False,
2026-05-14,NAMM,0.0,0.0,0.0,-0.0003841737688857058,3.0,-6.841737688857058,5.0,False,6571.0,2.0,False,
2026-05-14,NAMS,0.003676060267857143,0.004464285714285714,-0.0007882254464285712,0.003277049705933258,3.0,29.770497059332577,5.0,True,438.0,5.0,True,"SELL because predicted alpha is in the top decile. Net alpha after estimated 3.0 bps trading cost is 29.77 bps versus threshold 5.00 bps. Main contributors were intraday_return, parkinson_vol_20, mom_5. Price filter passed; liquidity filter passed."
2026-05-14,NANO,0.0,0.0,0.0,0.0,3.0,-3.0,5.0,False,4666.0,2.0,False,
2026-05-14,NAOV,0.0,0.0,0.0,0.0,3.0,-3.0,5.0,False,4667.0,2.0,False,
2026-05-14,NARI,0.0,0.0,0.0,0.0,3.0,-3.0,5.0,False,4668.0,2.0,False,
2026-05-14,NASB,0.0,0.0,0.0,0.0,3.0,-3.0,5.0,False,4669.0,2.0,False,
2026-05-14,NATH,0.0,0.0,0.0,0.0015393014904169977,3.0,12.393014904169977,5.0,True,1046.0,4.0,True,
2026-05-14,NATI,0.0,0.0,0.0,0.0,3.0,-3.0,5.0,False,4670.0,2.0,False,
2026-05-14,NATR,0.0,0.0,0.0,0.0007552286865752134,3.0,4.552286865752134,5.0,False,1532.0,3.0,True,
2026-05-14,NAUH,0.0,0.0,0.0,0.0,3.0,-3.0,5.0,False,4671.0,2.0,False,
2026-05-14,NAUT,0.0,0.0,0.0,0.0027271423426819597,3.0,24.2714234268196,5.0,True,571.0,5.0,False,
2026-05-14,NAVG,0.0,0.0,0.0,0.0,3.0,-3.0,5.0,False,4672.0,2.0,False,
2026-05-14,NAVI,-0.00078125,0.0,-0.00078125,-0.002577794059980914,3.0,22.77794059980914,5.0,True,7124.0,1.0,True,"SHORT because predicted alpha is in the bottom decile. Net alpha after estimated 3.0 bps trading cost is 22.78 bps versus threshold 5.00 bps. Main contributors were hl_range_20, debt_to_equity, intraday_return. Price filter passed; liquidity filter passed."
2026-05-14,NAVN,0.0,0.0,0.0,0.0024025494664700647,3.0,21.02549466470065,5.0,True,680.0,5.0,True,
2026-05-14,NAYA,0.0,0.0,0.0,0.0,3.0,-3.0,5.0,False,4673.0,2.0,False,
2026-05-14,NB,0.003676060267857143,0.004464285714285714,-0.0007882254464285712,0.0038546715096936675,3.0,35.54671509693667,5.0,True,321.0,5.0,True,"SELL because predicted alpha is in the top decile. Net alpha after estimated 3.0 bps trading cost is 35.55 bps versus threshold 5.00 bps. Main contributors were volume_z_60, parkinson_vol_20, mom_252. Price filter passed; liquidity filter passed."
2026-05-14,NBAC,0.0,0.0,0.0,0.0,3.0,-3.0,5.0,False,4674.0,2.0,False,
2026-05-14,NBBC,0.0,0.0,0.0,0.0,3.0,-3.0,5.0,False,4675.0,2.0,False,
2026-05-14,NBBK,0.0,0.0,0.0,0.0007881630873027551,3.0,4.881630873027551,5.0,False,1514.0,4.0,True,
2026-05-14,NBCB,0.0,0.0,0.0,0.0,3.0,-3.0,5.0,False,4676.0,2.0,False,
2026-05-14,NBEV,0.0,0.0,0.0,0.0,3.0,-3.0,5.0,False,4677.0,2.0,False,
2026-05-14,NBIS,0.0,0.0,0.0,0.004729267738119431,3.0,44.29267738119431,5.0,True,210.0,5.0,True,
2026-05-14,NBIX,0.0,0.0,0.0,0.001885253446065328,3.0,15.852534460653281,5.0,True,870.0,4.0,True,
2026-05-14,NBL,0.0,0.0,0.0,0.0,3.0,-3.0,5.0,False,4678.0,2.0,False,
2026-05-14,NBN,0.0,0.0,0.0,0.0017615351198077619,3.0,14.615351198077619,5.0,True,940.0,4.0,True,
2026-05-14,NBRG,0.0,0.0,0.0,-0.0006406271417784323,3.0,-9.406271417784323,5.0,False,6674.0,2.0,True,
2026-05-14,NBRV,0.0,0.0,0.0,0.0,3.0,-3.0,5.0,False,4679.0,2.0,False,
2026-05-14,NBS,0.0,0.0,0.0,0.0,3.0,-3.0,5.0,False,4680.0,2.0,False,
2026-05-14,NBSE,0.0,0.0,0.0,0.0,3.0,-3.0,5.0,False,4681.0,2.0,False,
2026-05-14,NBST,0.0,0.0,0.0,0.0,3.0,-3.0,5.0,False,4682.0,2.0,False,
2026-05-14,NBTB,0.0,0.0,0.0,-0.0005780440104496212,3.0,-8.780440104496211,5.0,False,6653.0,2.0,True,
2026-05-14,NBTF,0.0,0.0,0.0,0.0,3.0,-3.0,5.0,False,4683.0,2.0,False,
2026-05-14,NCAC,0.0,0.0,0.0,0.0,3.0,-3.0,5.0,False,4684.0,2.0,False,
2026-05-14,NCBC,0.0,0.0,0.0,0.0,3.0,-3.0,5.0,False,4685.0,2.0,False,
2026-05-14,NCEL,0.0,0.0,0.0,0.0019611043028024064,3.0,16.611043028024064,5.0,True,845.0,4.0,False,
2026-05-14,NCEW,0.0,0.0,0.0,-0.0027661467351790415,3.0,-30.661467351790414,5.0,False,7150.0,1.0,True,
2026-05-14,NCI,0.0,0.0,0.0,-0.0006022398662543314,3.0,-9.022398662543313,5.0,False,6661.0,2.0,False,
2026-05-14,NCIT,0.0,0.0,0.0,0.0,3.0,-3.0,5.0,False,4686.0,2.0,False,
2026-05-14,NCMI,0.0,0.0,0.0,-9.527288275295296e-05,3.0,-3.95272882752953,5.0,False,6419.0,2.0,False,
2026-05-14,NCNC,0.0,0.0,0.0,0.0,3.0,-3.0,5.0,False,4687.0,2.0,False,
2026-05-14,NCNO,0.0,0.0,0.0,0.0009238353124831176,3.0,6.2383531248311765,5.0,True,1423.0,4.0,True,
2026-05-14,NCOC,0.0,0.0,0.0,0.0,3.0,-3.0,5.0,False,4688.0,2.0,False,
2026-05-14,NCOM,0.0,0.0,0.0,0.0,3.0,-3.0,5.0,False,4689.0,2.0,False,
2026-05-14,NCPL,0.0,0.0,0.0,-0.0009740987541231414,3.0,-12.740987541231414,5.0,False,6782.0,2.0,False,
2026-05-14,NCRA,0.0,0.0,0.0,-0.0074967690424134125,3.0,-77.96769042413412,5.0,False,7430.0,1.0,False,
2026-05-14,NCSM,0.0,0.0,0.0,0.0020405409247600988,3.0,17.40540924760099,5.0,True,813.0,4.0,True,
2026-05-14,NCT,0.0,0.0,0.0,-0.0009049813477605682,3.0,-12.049813477605682,5.0,False,6768.0,2.0,False,
2026-05-14,NDAC,0.0,0.0,0.0,0.0,3.0,-3.0,5.0,False,4690.0,2.0,False,
2026-05-14,NDAQ,0.0,0.0,0.0,0.0014674269148524928,3.0,11.674269148524928,5.0,True,1090.0,4.0,True,
2026-05-14,NDLS,0.0,0.0,0.0,0.006781781494428729,3.0,64.81781494428729,5.0,True,72.0,5.0,True,
2026-05-14,NDRA,0.0,0.0,0.0,0.001948941493392337,3.0,16.48941493392337,5.0,True,850.0,4.0,True,
2026-05-14,NDRM,0.0,0.0,0.0,0.0,3.0,-3.0,5.0,False,4691.0,2.0,False,
2026-05-14,NDSN,0.0,0.0,0.0,0.0007200382427373314,3.0,4.200382427373314,5.0,False,1555.0,3.0,True,
2026-05-14,NEBC,0.0,0.0,0.0,0.0,3.0,-3.0,5.0,False,4692.0,2.0,False,
2026-05-14,NEBU,0.0,0.0,0.0,0.0,3.0,-3.0,5.0,False,4693.0,2.0,False,
2026-05-14,NECB,0.0,0.0,0.0,0.001025669288507788,3.0,7.2566928850778805,5.0,True,1352.0,4.0,True,
2026-05-14,NEGG,0.0,0.0,0.0,0.0014020705153956624,3.0,11.020705153956625,5.0,True,1135.0,4.0,True,
2026-05-14,NEHC,0.0,0.0,0.0,0.0,3.0,-3.0,5.0,False,4694.0,2.0,False,
2026-05-14,NEI,0.0,0.0,0.0,0.0,3.0,-3.0,5.0,False,4695.0,2.0,False,
2026-05-14,NENG,0.0,0.0,0.0,0.0,3.0,-3.0,5.0,False,4696.0,2.0,False,
2026-05-14,NEO,0.0,0.0,0.0,0.0008931943040989515,3.0,5.931943040989514,5.0,True,1442.0,4.0,True,
2026-05-14,NEOG,0.0,0.0,0.0,0.0006305735246652411,3.0,3.305735246652411,5.0,False,1617.0,3.0,True,
2026-05-14,NEON,0.0,0.0,0.0,-0.002842194903523716,3.0,-31.421949035237162,5.0,False,7159.0,1.0,False,
2026-05-14,NEOS,0.0,0.0,0.0,0.0,3.0,-3.0,5.0,False,4697.0,2.0,False,
2026-05-14,NEOT,0.0,0.0,0.0,0.0,3.0,-3.0,5.0,False,4698.0,2.0,False,
2026-05-14,NEOV,0.0,0.0,0.0,0.004031439763732039,3.0,37.31439763732039,5.0,True,299.0,5.0,False,
2026-05-14,NEPH,0.0,0.0,0.0,0.004077473337407114,3.0,37.77473337407114,5.0,True,291.0,5.0,False,
2026-05-14,NEPT,0.0,0.0,0.0,0.0,3.0,-3.0,5.0,False,4699.0,2.0,False,
2026-05-14,NERV,-0.003676060267857143,-0.004464285714285714,0.0007882254464285712,-0.0004821334087538697,3.0,1.8213340875386974,5.0,False,6623.0,2.0,True,"COVER because predicted alpha is in the bottom decile. Net alpha after estimated 3.0 bps trading cost is 1.82 bps versus threshold 5.00 bps. Main contributors were operating_margin, roa, mom_5. Price filter passed; liquidity filter failed."
2026-05-14,NESR,0.00078125,0.0,0.00078125,0.005714922899722972,3.0,54.14922899722972,5.0,True,118.0,5.0,True,"BUY because predicted alpha is in the top decile. Net alpha after estimated 3.0 bps trading cost is 54.15 bps versus threshold 5.00 bps. Main contributors were parkinson_vol_20, mom_252, mom_5. Price filter passed; liquidity filter passed."
2026-05-14,NETD,0.0,0.0,0.0,0.0,3.0,-3.0,5.0,False,4700.0,2.0,False,
2026-05-14,NETE,0.0,0.0,0.0,0.0,3.0,-3.0,5.0,False,4701.0,2.0,False,
2026-05-14,NEWA,0.0,0.0,0.0,0.0,3.0,-3.0,5.0,False,4702.0,2.0,False,
2026-05-14,NEWL,0.0,0.0,0.0,0.0,3.0,-3.0,5.0,False,4703.0,2.0,False,
2026-05-14,NEWS,0.0,0.0,0.0,0.0,3.0,-3.0,5.0,False,4704.0,2.0,False,
2026-05-14,NEWT,0.0,0.0,0.0,-0.0002904604301746098,3.0,-5.904604301746097,5.0,False,6526.0,2.0,True,
2026-05-14,NEWT.Z,0.0,0.0,0.0,0.0,3.0,-3.0,5.0,False,4705.0,2.0,False,
2026-05-14,NEWTG,0.0,0.0,0.0,0.0007070950785383516,3.0,4.070950785383516,5.0,False,1568.0,3.0,True,
2026-05-14,NEWTH,0.0,0.0,0.0,0.00015433617016738423,3.0,-1.4566382983261577,5.0,False,1905.0,3.0,True,
2026-05-14,NEWTI,0.0,0.0,0.0,0.0012266985711344716,3.0,9.266985711344715,5.0,True,1230.0,4.0,True,
2026-05-14,NEWTO,0.0,0.0,0.0,0.0,3.0,-3.0,5.0,False,4706.0,2.0,False,
2026-05-14,NEWTZ,0.0,0.0,0.0,0.0,3.0,-3.0,5.0,False,4707.0,2.0,False,
2026-05-14,NEXI,0.0,0.0,0.0,0.0,3.0,-3.0,5.0,False,4708.0,2.0,False,
2026-05-14,NEXM,0.0,0.0,0.0,0.005300400253693976,3.0,50.00400253693976,5.0,True,159.0,5.0,False,
2026-05-14,NEXN,0.0,0.0,0.0,-0.002243533171049244,3.0,-25.43533171049244,5.0,False,7068.0,1.0,True,
2026-05-14,NEXR,0.0,0.0,0.0,-0.004060980744339346,3.0,-43.60980744339346,5.0,False,7278.0,1.0,False,
2026-05-14,NEXT,0.0,0.0,0.0,0.0014346733189584105,3.0,11.346733189584105,5.0,True,1117.0,4.0,True,
2026-05-14,NFBK,0.0,0.0,0.0,0.0014176723987298395,3.0,11.176723987298395,5.0,True,1126.0,4.0,True,
2026-05-14,NFE,0.0,0.0,0.0,0.0015971649967859262,3.0,12.971649967859262,5.0,True,1011.0,4.0,False,
2026-05-14,NFEC,0.0,0.0,0.0,0.0,3.0,-3.0,5.0,False,4709.0,2.0,False,
2026-05-14,NFIN,0.0,0.0,0.0,0.0,3.0,-3.0,5.0,False,4710.0,2.0,False,
2026-05-14,NFLX,0.0,0.0,0.0,0.001637651984785312,3.0,13.376519847853121,5.0,True,996.0,4.0,True,
2026-05-14,NFTG,0.0,0.0,0.0,0.0,3.0,-3.0,5.0,False,4711.0,2.0,False,
2026-05-14,NGAC,0.0,0.0,0.0,0.0,3.0,-3.0,5.0,False,4712.0,2.0,False,
2026-05-14,NGAS,0.0,0.0,0.0,0.0,3.0,-3.0,5.0,False,4713.0,2.0,False,
2026-05-14,NGCA,0.0,0.0,0.0,0.0,3.0,-3.0,5.0,False,4714.0,2.0,False,
2026-05-14,NGEN,0.0,0.0,0.0,0.0005907497772081043,3.0,2.907497772081043,5.0,False,1645.0,3.0,False,
2026-05-14,NGHC,0.0,0.0,0.0,0.0,3.0,-3.0,5.0,False,4715.0,2.0,False,
2026-05-14,NGHC.N,0.0,0.0,0.0,0.0,3.0,-3.0,5.0,False,4716.0,2.0,False,
2026-05-14,NGHCZ,0.0,0.0,0.0,0.0,3.0,-3.0,5.0,False,4717.0,2.0,False,
2026-05-14,NGM,0.0,0.0,0.0,0.0,3.0,-3.0,5.0,False,4718.0,2.0,False,
2026-05-14,NGMS,0.0,0.0,0.0,0.0,3.0,-3.0,5.0,False,4719.0,2.0,False,
2026-05-14,NGNE,0.00078125,0.0,0.00078125,0.005293915150844147,3.0,49.93915150844147,5.0,True,160.0,5.0,True,"BUY because predicted alpha is in the top decile. Net alpha after estimated 3.0 bps trading cost is 49.94 bps versus threshold 5.00 bps. Main contributors were intraday_return, net_margin, mom_63. Price filter passed; liquidity filter passed."
2026-05-14,NGPC,0.0,0.0,0.0,0.0,3.0,-3.0,5.0,False,4720.0,2.0,False,
2026-05-14,NH,0.0,0.0,0.0,0.0,3.0,-3.0,5.0,False,4721.0,2.0,False,
2026-05-14,NHIC,0.0,0.0,0.0,0.001522674649449526,3.0,12.22674649449526,5.0,True,1060.0,4.0,True,
2026-05-14,NHLD,0.0,0.0,0.0,0.0,3.0,-3.0,5.0,False,4722.0,2.0,False,
2026-05-14,NHP,-0.00078125,0.0,-0.00078125,-0.003371097633230235,3.0,30.71097633230235,5.0,True,7213.0,1.0,True,"SHORT because predicted alpha is in the bottom decile. Net alpha after estimated 3.0 bps trading cost is 30.71 bps versus threshold 5.00 bps. Main contributors were intraday_return, close_to_high_20, mom_10. Price filter passed; liquidity filter passed."
2026-05-14,NHTB,0.0,0.0,0.0,0.0,3.0,-3.0,5.0,False,4723.0,2.0,False,
2026-05-14,NHTC,0.0,0.0,0.0,-0.001295132395607056,3.0,-15.95132395607056,5.0,False,6870.0,1.0,False,
2026-05-14,NICK,0.0,0.0,0.0,0.0,3.0,-3.0,5.0,False,4724.0,2.0,False,
2026-05-14,NIHD,0.0,0.0,0.0,0.0,3.0,-3.0,5.0,False,4725.0,2.0,False,
2026-05-14,NIR,0.0,0.0,0.0,0.0,3.0,-3.0,5.0,False,4726.0,2.0,False,
2026-05-14,NISN,0.0,0.0,0.0,0.0,3.0,-3.0,5.0,False,4727.0,2.0,False,
2026-05-14,NITO,0.0,0.0,0.0,0.0,3.0,-3.0,5.0,False,4728.0,2.0,False,
2026-05-14,NIVF,0.0,0.0,0.0,-0.008192660626872636,3.0,-84.92660626872636,5.0,False,7451.0,1.0,False,
2026-05-14,NIXX,0.0,0.0,0.0,0.0024771428540866437,3.0,21.771428540866438,5.0,True,649.0,5.0,False,
2026-05-14,NK,0.0,0.0,0.0,0.0,3.0,-3.0,5.0,False,4729.0,2.0,False,
2026-05-14,NKGN,0.0,0.0,0.0,0.0,3.0,-3.0,5.0,False,4730.0,2.0,False,
2026-05-14,NKLA,0.0,0.0,0.0,0.0,3.0,-3.0,5.0,False,4731.0,2.0,False,
2026-05-14,NKLR,0.0,0.0,0.0,-0.0006799703528465091,3.0,-9.799703528465091,5.0,False,6690.0,2.0,True,
2026-05-14,NKSH,0.0,0.0,0.0,-0.0008450173703427129,3.0,-11.45017370342713,5.0,False,6743.0,2.0,True,
2026-05-14,NKTR,0.004457310267857143,0.004464285714285714,-6.975446428571404e-06,0.005464925559435215,3.0,51.64925559435215,5.0,True,139.0,5.0,True,"SELL because predicted alpha is in the top decile. Net alpha after estimated 3.0 bps trading cost is 51.65 bps versus threshold 5.00 bps. Main contributors were mom_252, parkinson_vol_20, intraday_return. Price filter passed; liquidity filter passed."
2026-05-14,NKTX,0.0,0.0,0.0,-0.00039996383301944865,3.0,-6.999638330194486,5.0,False,6578.0,2.0,False,
2026-05-14,NLIT,0.0,0.0,0.0,0.0,3.0,-3.0,5.0,False,4732.0,2.0,False,
2026-05-14,NLNK,0.0,0.0,0.0,0.0,3.0,-3.0,5.0,False,4733.0,2.0,False,
2026-05-14,NLSP,0.0,0.0,0.0,0.0,3.0,-3.0,5.0,False,4734.0,2.0,False,
2026-05-14,NLST,0.0,0.0,0.0,0.0,3.0,-3.0,5.0,False,4735.0,2.0,False,
2026-05-14,NLTX,0.0,0.0,0.0,0.0,3.0,-3.0,5.0,False,4736.0,2.0,False,
2026-05-14,NMCI,0.0,0.0,0.0,0.0,3.0,-3.0,5.0,False,4737.0,2.0,False,
2026-05-14,NMFC,0.0,0.0,0.0,0.001738035417297718,3.0,14.380354172977182,5.0,True,943.0,4.0,True,
2026-05-14,NMFCL,0.0,0.0,0.0,0.0,3.0,-3.0,5.0,False,4738.0,2.0,False,
2026-05-14,NMFCZ,0.0,0.0,0.0,-0.0008598569662350336,3.0,-11.598569662350336,5.0,False,6748.0,2.0,True,
2026-05-14,NMHI,0.0,0.0,0.0,0.0,3.0,-3.0,5.0,False,4739.0,2.0,False,
2026-05-14,NMIH,0.0,0.0,0.0,-0.0005836864820789117,3.0,-8.836864820789117,5.0,False,6656.0,2.0,True,
2026-05-14,NMMC,0.0,0.0,0.0,0.0,3.0,-3.0,5.0,False,4740.0,2.0,False,
2026-05-14,NMP,0.0,0.0,0.0,9.472220358893672e-05,3.0,-2.052777964110633,5.0,False,1940.0,3.0,True,
2026-05-14,NMRA,0.0,0.0,0.0,-0.0038129569126447585,3.0,-41.129569126447585,5.0,False,7256.0,1.0,False,
2026-05-14,NMRD,0.0,0.0,0.0,0.0,3.0,-3.0,5.0,False,4741.0,2.0,False,
2026-05-14,NMRK,0.0,0.0,0.0,0.004038058299469481,3.0,37.38058299469481,5.0,True,296.0,5.0,True,
2026-05-14,NMRX,0.0,0.0,0.0,0.0,3.0,-3.0,5.0,False,4742.0,2.0,False,
2026-05-14,NMTC,0.0,0.0,0.0,-0.000819402900900118,3.0,-11.194029009001179,5.0,False,6730.0,2.0,False,
2026-05-14,NMTR,0.0,0.0,0.0,0.0,3.0,-3.0,5.0,False,4743.0,2.0,False,
2026-05-14,NN,0.0,0.0,0.0,-0.0014153103141825434,3.0,-17.153103141825433,5.0,False,6893.0,1.0,True,
2026-05-14,NNAG,0.0,0.0,0.0,0.0,3.0,-3.0,5.0,False,4744.0,2.0,False,
2026-05-14,NNBR,0.0,0.0,0.0,-0.0005579103960488017,3.0,-8.579103960488016,5.0,False,6647.0,2.0,False,
2026-05-14,NNE,0.0,0.0,0.0,0.0009245792348906207,3.0,6.245792348906207,5.0,True,1421.0,4.0,True,
2026-05-14,NNNN,0.0,0.0,0.0,0.0038008000769922923,3.0,35.00800076992292,5.0,True,337.0,5.0,True,
2026-05-14,NNOX,0.0,0.0,0.0,0.001269746418633695,3.0,9.69746418633695,5.0,True,1206.0,4.0,False,
2026-05-14,NOAC,0.0,0.0,0.0,0.0,3.0,-3.0,5.0,False,4745.0,2.0,False,
2026-05-14,NODK,0.0,0.0,0.0,0.0020045924394496936,3.0,17.045924394496936,5.0,True,828.0,4.0,True,
2026-05-14,NOEM,0.0,0.0,0.0,0.0,3.0,-3.0,5.0,False,4746.0,2.0,False,
2026-05-14,NOGN,0.0,0.0,0.0,0.0,3.0,-3.0,5.0,False,4747.0,2.0,False,
2026-05-14,NOMA,0.0,0.0,0.0,0.0034652570593814245,3.0,31.652570593814247,5.0,True,399.0,5.0,False,
2026-05-14,NOTV,0.0,0.0,0.0,-0.000822623272514327,3.0,-11.226232725143271,5.0,False,6731.0,2.0,False,
2026-05-14,NOVB,0.0,0.0,0.0,0.0,3.0,-3.0,5.0,False,4748.0,2.0,False,
2026-05-14,NOVL,0.0,0.0,0.0,0.0,3.0,-3.0,5.0,False,4749.0,2.0,False,
2026-05-14,NOVN,0.0,0.0,0.0,0.0,3.0,-3.0,5.0,False,4750.0,2.0,False,
2026-05-14,NOVS,0.0,0.0,0.0,0.0,3.0,-3.0,5.0,False,4751.0,2.0,False,
2026-05-14,NOVT,0.0,0.0,0.0,0.0024394643878863863,3.0,21.394643878863864,5.0,True,665.0,5.0,True,
2026-05-14,NOVV,0.0,0.0,0.0,0.0,3.0,-3.0,5.0,False,4752.0,2.0,False,
2026-05-14,NPA,0.0,0.0,0.0,0.0,3.0,-3.0,5.0,False,4753.0,2.0,False,
2026-05-14,NPAB,0.0,0.0,0.0,0.0,3.0,-3.0,5.0,False,4754.0,2.0,False,
2026-05-14,NPAC,0.0,0.0,0.0,0.0008877714495375772,3.0,5.877714495375772,5.0,True,1446.0,4.0,True,
2026-05-14,NPBC,0.0,0.0,0.0,0.0,3.0,-3.0,5.0,False,4755.0,2.0,False,
2026-05-14,NPCE,-0.003676060267857143,-0.004464285714285714,0.0007882254464285712,0.0004753114898509392,3.0,-7.753114898509391,5.0,False,1726.0,3.0,True,"COVER because predicted alpha is in the bottom decile. Net alpha after estimated 3.0 bps trading cost is -7.75 bps versus threshold 5.00 bps. Main contributors were mom_5, gross_margin, volume_z_20. Price filter passed; liquidity filter passed."
2026-05-14,NPSP,0.0,0.0,0.0,0.0,3.0,-3.0,5.0,False,4756.0,2.0,False,
2026-05-14,NPT,0.0,0.0,0.0,-0.017510646752892996,3.0,-178.10646752892995,5.0,False,7533.0,1.0,False,
2026-05-14,NRAC,0.0,0.0,0.0,0.0,3.0,-3.0,5.0,False,4757.0,2.0,False,
2026-05-14,NRBO,0.0,0.0,0.0,0.0,3.0,-3.0,5.0,False,4758.0,2.0,False,
2026-05-14,NRC,0.0,0.0,0.0,0.0010970186125288325,3.0,7.9701861252883255,5.0,True,1311.0,4.0,True,
2026-05-14,NRCI.B,0.0,0.0,0.0,0.0,3.0,-3.0,5.0,False,4759.0,2.0,False,
2026-05-14,NRCIB,0.0,0.0,0.0,0.0,3.0,-3.0,5.0,False,4760.0,2.0,False,
2026-05-14,NRDS,0.0,0.0,0.0,-0.001186923988975876,3.0,-14.86923988975876,5.0,False,6843.0,1.0,True,
2026-05-14,NRIM,0.0,0.0,0.0,0.0007740964815384721,3.0,4.7409648153847215,5.0,False,1526.0,3.0,True,
2026-05-14,NRIX,0.0,0.0,0.0,0.0030518267467912626,3.0,27.518267467912626,5.0,True,490.0,5.0,True,
2026-05-14,NRSN,0.0,0.0,0.0,0.0006647448478771354,3.0,3.647448478771354,5.0,False,1599.0,3.0,False,
2026-05-14,NRX,0.0,0.0,0.0,0.0,3.0,-3.0,5.0,False,4761.0,2.0,False,
2026-05-14,NRXP,0.0,0.0,0.0,-0.0005247359017684476,3.0,-8.247359017684476,5.0,False,6636.0,2.0,False,
2026-05-14,NSEC,0.0,0.0,0.0,0.0,3.0,-3.0,5.0,False,4762.0,2.0,False,
2026-05-14,NSIG,0.0,0.0,0.0,0.0,3.0,-3.0,5.0,False,4763.0,2.0,False,
2026-05-14,NSIT,0.0,0.0,0.0,0.0021461566348069156,3.0,18.461566348069155,5.0,True,789.0,4.0,True,
2026-05-14,NSPH,0.0,0.0,0.0,0.0,3.0,-3.0,5.0,False,4764.0,2.0,False,
2026-05-14,NSPR,0.0,0.0,0.0,0.0001683133237516449,3.0,-1.316866762483551,5.0,False,1901.0,3.0,False,
2026-05-14,NSSC,0.0,0.0,0.0,0.002149579363229279,3.0,18.49579363229279,5.0,True,788.0,4.0,True,
2026-05-14,NSTG,0.0,0.0,0.0,0.0,3.0,-3.0,5.0,False,4765.0,2.0,False,
2026-05-14,NSTS,-0.003676060267857143,-0.004464285714285714,0.0007882254464285712,-0.00024948182624010256,3.0,-0.5051817375989742,5.0,False,6504.0,2.0,True,"COVER because predicted alpha is in the bottom decile. Net alpha after estimated 3.0 bps trading cost is -0.51 bps versus threshold 5.00 bps. Main contributors were hl_range_20, volume_z_60, close_to_high_20. Price filter passed; liquidity filter passed."
2026-05-14,NSYS,0.0,0.0,0.0,0.009232696794331783,3.0,89.32696794331783,5.0,True,21.0,5.0,True,
2026-05-14,NTAP,0.0,0.0,0.0,4.552726243466273e-05,3.0,-2.544727375653373,5.0,False,1964.0,3.0,True,
2026-05-14,NTBL,0.0,0.0,0.0,0.0,3.0,-3.0,5.0,False,4766.0,2.0,False,
2026-05-14,NTCL,0.0,0.0,0.0,-0.006053243157864747,3.0,-63.53243157864747,5.0,False,7389.0,1.0,False,
2026-05-14,NTCT,0.0,0.0,0.0,0.0022044672416209397,3.0,19.044672416209398,5.0,True,774.0,4.0,True,
2026-05-14,NTEC,0.0,0.0,0.0,0.0,3.0,-3.0,5.0,False,4767.0,2.0,False,
2026-05-14,NTGN,0.0,0.0,0.0,0.0,3.0,-3.0,5.0,False,4768.0,2.0,False,
2026-05-14,NTGR,0.0,0.0,0.0,0.0022719889416630444,3.0,19.719889416630444,5.0,True,744.0,5.0,True,
2026-05-14,NTGRV,0.0,0.0,0.0,0.0,3.0,-3.0,5.0,False,4769.0,2.0,False,
2026-05-14,NTHI,0.0,0.0,0.0,-0.010199581876578375,3.0,-104.99581876578375,5.0,False,7481.0,1.0,True,
2026-05-14,NTIC,0.0,0.0,0.0,0.00047214163049829705,3.0,1.721416304982971,5.0,False,1728.0,3.0,True,
2026-05-14,NTK,0.0,0.0,0.0,0.0,3.0,-3.0,5.0,False,4770.0,2.0,False,
2026-05-14,NTLA,0.0,0.0,0.0,0.001507555842541457,3.0,12.07555842541457,5.0,True,1066.0,4.0,True,
2026-05-14,NTLS,0.0,0.0,0.0,0.0,3.0,-3.0,5.0,False,4771.0,2.0,False,
2026-05-14,NTNX,0.0,0.0,0.0,0.0015143536580219362,3.0,12.143536580219362,5.0,True,1063.0,4.0,True,
2026-05-14,NTRA,0.0,0.0,0.0,-0.00028398450589240504,3.0,-5.83984505892405,5.0,False,6522.0,2.0,True,
2026-05-14,NTRB,0.0,0.0,0.0,0.0005745341375110483,3.0,2.745341375110483,5.0,False,1655.0,3.0,False,
2026-05-14,NTRI,0.0,0.0,0.0,0.0,3.0,-3.0,5.0,False,4772.0,2.0,False,
2026-05-14,NTRP,0.0,0.0,0.0,0.00022608184426591368,3.0,-0.7391815573408631,5.0,False,1864.0,3.0,False,
2026-05-14,NTRS,0.0,0.0,0.0,0.0016701090895546267,3.0,13.701090895546265,5.0,True,980.0,4.0,True,
2026-05-14,NTSK,0.0,0.0,0.0,0.0009380482156727144,3.0,6.380482156727144,5.0,True,1411.0,4.0,True,
2026-05-14,NTSP,0.0,0.0,0.0,0.0,3.0,-3.0,5.0,False,4773.0,2.0,False,
2026-05-14,NTUS,0.0,0.0,0.0,0.0,3.0,-3.0,5.0,False,4774.0,2.0,False,
2026-05-14,NTWK,0.0,0.0,0.0,0.004164132128027792,3.0,38.641321280277914,5.0,True,279.0,5.0,False,
2026-05-14,NTWO,0.0,0.0,0.0,0.0001381858045178732,3.0,-1.618141954821268,5.0,False,1914.0,3.0,True,
2026-05-14,NUAI,0.0,0.0,0.0,-0.001528468774646161,3.0,-18.28468774646161,5.0,False,6919.0,1.0,True,
2026-05-14,NUAN,0.0,0.0,0.0,0.0,3.0,-3.0,5.0,False,4775.0,2.0,False,
2026-05-14,NUANV,0.0,0.0,0.0,0.0,3.0,-3.0,5.0,False,4776.0,2.0,False,
2026-05-14,NUBI,0.0,0.0,0.0,0.0,3.0,-3.0,5.0,False,4777.0,2.0,False,
2026-05-14,NUCL,0.0,0.0,0.0,0.004493828082321005,3.0,41.93828082321005,5.0,True,233.0,5.0,True,
2026-05-14,NUKK,0.0,0.0,0.0,0.0,3.0,-3.0,5.0,False,4778.0,2.0,False,
2026-05-14,NURO,0.0,0.0,0.0,0.0,3.0,-3.0,5.0,False,4779.0,2.0,False,
2026-05-14,NURO.W,0.0,0.0,0.0,0.0,3.0,-3.0,5.0,False,4780.0,2.0,False,
2026-05-14,NUTR,0.0,0.0,0.0,0.0,3.0,-3.0,5.0,False,4781.0,2.0,False,
2026-05-14,NUTX,0.0,0.0,0.0,0.003768463352574281,3.0,34.68463352574281,5.0,True,343.0,5.0,True,
2026-05-14,NUVA,0.0,0.0,0.0,0.0,3.0,-3.0,5.0,False,4782.0,2.0,False,
2026-05-14,NUVL,0.0,0.0,0.0,0.0014504683168990577,3.0,11.504683168990576,5.0,True,1105.0,4.0,True,
2026-05-14,NUVO,0.0,0.0,0.0,0.0,3.0,-3.0,5.0,False,4783.0,2.0,False,
2026-05-14,NUWE,0.0,0.0,0.0,-0.0017667406351052908,3.0,-20.667406351052907,5.0,False,6961.0,1.0,False,
2026-05-14,NUZE,0.0,0.0,0.0,0.0,3.0,-3.0,5.0,False,4784.0,2.0,False,
2026-05-14,NVAC,0.0,0.0,0.0,0.0,3.0,-3.0,5.0,False,4785.0,2.0,False,
2026-05-14,NVAX,0.0,0.0,0.0,0.0004683861382968027,3.0,1.6838613829680273,5.0,False,1730.0,3.0,True,
2026-05-14,NVBX.U,0.0,0.0,0.0,0.0,3.0,-3.0,5.0,False,4786.0,2.0,False,
2026-05-14,NVCN,0.0,0.0,0.0,0.0,3.0,-3.0,5.0,False,4787.0,2.0,False,
2026-05-14,NVCR,0.003676060267857143,0.004464285714285714,-0.0007882254464285712,0.004623509363708697,3.0,43.235093637086976,5.0,True,219.0,5.0,True,"SELL because predicted alpha is in the top decile. Net alpha after estimated 3.0 bps trading cost is 43.24 bps versus threshold 5.00 bps. Main contributors were mom_21, parkinson_vol_20, close_to_low_20. Price filter passed; liquidity filter passed."
2026-05-14,NVCT,-0.003676060267857143,-0.004464285714285714,0.0007882254464285712,-0.0004759799115787019,3.0,1.7597991157870192,5.0,False,6620.0,2.0,True,"COVER because predicted alpha is in the bottom decile. Net alpha after estimated 3.0 bps trading cost is 1.76 bps versus threshold 5.00 bps. Main contributors were volume_z_60, mom_10, intraday_return. Price filter passed; liquidity filter passed."
2026-05-14,NVDA,0.0,0.0,0.0,0.0030636723555480467,3.0,27.636723555480465,5.0,True,483.0,5.0,True,
2026-05-14,NVEC,0.0,0.0,0.0,0.002434388679526756,3.0,21.34388679526756,5.0,True,667.0,5.0,True,
2026-05-14,NVEE,0.0,0.0,0.0,0.0,3.0,-3.0,5.0,False,4788.0,2.0,False,
2026-05-14,NVEE.W,0.0,0.0,0.0,0.0,3.0,-3.0,5.0,False,4789.0,2.0,False,
2026-05-14,NVEI,0.0,0.0,0.0,0.0,3.0,-3.0,5.0,False,4790.0,2.0,False,
2026-05-14,NVET,0.0,0.0,0.0,0.0,3.0,-3.0,5.0,False,4791.0,2.0,False,
2026-05-14,NVFY,0.0,0.0,0.0,0.0,3.0,-3.0,5.0,False,4792.0,2.0,False,
2026-05-14,NVIV,0.0,0.0,0.0,0.0,3.0,-3.0,5.0,False,4793.0,2.0,False,
2026-05-14,NVLN,0.0,0.0,0.0,0.0,3.0,-3.0,5.0,False,4794.0,2.0,False,
2026-05-14,NVLS,0.0,0.0,0.0,0.0,3.0,-3.0,5.0,False,4795.0,2.0,False,
2026-05-14,NVMI,-0.00078125,0.0,-0.00078125,-0.00306591126651654,3.0,27.6591126651654,5.0,True,7184.0,1.0,True,"SHORT because predicted alpha is in the bottom decile. Net alpha after estimated 3.0 bps trading cost is 27.66 bps versus threshold 5.00 bps. Main contributors were intraday_return, volume_z_60, mom_126. Price filter passed; liquidity filter passed."
2026-05-14,NVMM,0.0,0.0,0.0,0.0,3.0,-3.0,5.0,False,4796.0,2.0,False,
2026-05-14,NVNI,0.0,0.0,0.0,0.0006677476400583346,3.0,3.6774764005833456,5.0,False,1596.0,3.0,False,
2026-05-14,NVNO,0.0,0.0,0.0,-0.0017108881776070973,3.0,-20.108881776070973,5.0,False,6952.0,1.0,True,
2026-05-14,NVOS,0.0,0.0,0.0,0.0,3.0,-3.0,5.0,False,4797.0,2.0,False,
2026-05-14,NVSA,0.0,0.0,0.0,0.0,3.0,-3.0,5.0,False,4798.0,2.0,False,
2026-05-14,NVSL,0.0,0.0,0.0,0.0,3.0,-3.0,5.0,False,4799.0,2.0,False,
2026-05-14,NVTL,0.0,0.0,0.0,0.0,3.0,-3.0,5.0,False,4800.0,2.0,False,
2026-05-14,NVTR,0.0,0.0,0.0,0.0,3.0,-3.0,5.0,False,4801.0,2.0,False,
2026-05-14,NVTR.V,0.0,0.0,0.0,0.0,3.0,-3.0,5.0,False,4802.0,2.0,False,
2026-05-14,NVTS,0.004457310267857143,0.004464285714285714,-6.975446428571404e-06,0.01139551094737661,3.0,110.9551094737661,5.0,True,5.0,5.0,True,"SELL because predicted alpha is in the top decile. Net alpha after estimated 3.0 bps trading cost is 110.96 bps versus threshold 5.00 bps. Main contributors were mom_5, mom_252, mom_21. Price filter passed; liquidity filter passed."
2026-05-14,NVUS,0.0,0.0,0.0,0.0,3.0,-3.0,5.0,False,4803.0,2.0,False,
2026-05-14,NVVE,0.0,0.0,0.0,-0.002569654247259864,3.0,-28.696542472598637,5.0,False,7123.0,1.0,False,
2026-05-14,NWBI,0.0,0.0,0.0,0.0013799978382242283,3.0,10.799978382242283,5.0,True,1148.0,4.0,True,
2026-05-14,NWBO,0.0,0.0,0.0,0.0,3.0,-3.0,5.0,False,4804.0,2.0,False,
2026-05-14,NWBO.W,0.0,0.0,0.0,0.0,3.0,-3.0,5.0,False,4805.0,2.0,False,
2026-05-14,NWE,0.0,0.0,0.0,0.0011036927570812912,3.0,8.036927570812912,5.0,True,1305.0,4.0,True,
2026-05-14,NWFL,0.0,0.0,0.0,0.0015320151106016484,3.0,12.320151106016484,5.0,True,1052.0,4.0,True,
2026-05-14,NWGI,0.0,0.0,0.0,0.0,3.0,-3.0,5.0,False,4806.0,2.0,False,
2026-05-14,NWL,0.0,0.0,0.0,-0.0011357911343034114,3.0,-14.357911343034115,5.0,False,6828.0,1.0,False,
2026-05-14,NWLI,0.0,0.0,0.0,0.0,3.0,-3.0,5.0,False,4807.0,2.0,False,
2026-05-14,NWPX,0.0,0.0,0.0,0.004149132250284864,3.0,38.49132250284864,5.0,True,281.0,5.0,True,
2026-05-14,NWS,0.0,0.0,0.0,0.0022561363938008463,3.0,19.561363938008462,5.0,True,756.0,5.0,True,
2026-05-14,NWSA,0.0,0.0,0.0,0.0017176546814089942,3.0,14.176546814089942,5.0,True,952.0,4.0,True,
2026-05-14,NWTG,0.0,0.0,0.0,0.0009995735527416304,3.0,6.995735527416304,5.0,True,1375.0,4.0,False,
2026-05-14,NWTN,0.0,0.0,0.0,0.0,3.0,-3.0,5.0,False,4808.0,2.0,False,
2026-05-14,NXEO,0.0,0.0,0.0,0.0,3.0,-3.0,5.0,False,4809.0,2.0,False,
2026-05-14,NXEO.U,0.0,0.0,0.0,0.0,3.0,-3.0,5.0,False,4810.0,2.0,False,
2026-05-14,NXEO.W,0.0,0.0,0.0,0.0,3.0,-3.0,5.0,False,4811.0,2.0,False,
2026-05-14,NXGL,0.0,0.0,0.0,-0.002116111385199279,3.0,-24.16111385199279,5.0,False,7045.0,1.0,False,
2026-05-14,NXGN,0.0,0.0,0.0,0.0,3.0,-3.0,5.0,False,4812.0,2.0,False,
2026-05-14,NXL,0.0,0.0,0.0,-0.0002420699502696794,3.0,-5.4206995026967935,5.0,False,6496.0,2.0,False,
2026-05-14,NXPI,0.0,0.0,0.0,0.003710011750838507,3.0,34.10011750838507,5.0,True,350.0,5.0,True,
2026-05-14,NXPL,0.0,0.0,0.0,0.003748410344578856,3.0,34.48410344578856,5.0,True,344.0,5.0,True,
2026-05-14,NXST,0.0,0.0,0.0,0.00013813916531153558,3.0,-1.6186083468846442,5.0,False,1915.0,3.0,True,
2026-05-14,NXT,0.0,0.0,0.0,0.00258388967097873,3.0,22.8388967097873,5.0,True,615.0,5.0,True,
2026-05-14,NXTC,0.0,0.0,0.0,-0.0033990170912169826,3.0,-36.99017091216982,5.0,False,7218.0,1.0,True,
2026-05-14,NXTD,0.0,0.0,0.0,0.0,3.0,-3.0,5.0,False,4813.0,2.0,False,
2026-05-14,NXTD.W,0.0,0.0,0.0,0.0,3.0,-3.0,5.0,False,4814.0,2.0,False,
2026-05-14,NXTM,0.0,0.0,0.0,0.0,3.0,-3.0,5.0,False,4815.0,2.0,False,
2026-05-14,NXTP,0.0,0.0,0.0,0.0,3.0,-3.0,5.0,False,4816.0,2.0,False,
2026-05-14,NXTS,0.0,0.0,0.0,0.00010272095795877886,3.0,-1.9727904204122113,5.0,False,1935.0,3.0,False,
2026-05-14,NXTT,0.0,0.0,0.0,0.00243986918062112,3.0,21.3986918062112,5.0,True,664.0,5.0,False,
2026-05-14,NXU,0.0,0.0,0.0,0.0,3.0,-3.0,5.0,False,4817.0,2.0,False,
2026-05-14,NXXT,0.0,0.0,0.0,-0.004423455214121307,3.0,-47.23455214121307,5.0,False,7302.0,1.0,False,
2026-05-14,NYAX,0.0,0.0,0.0,0.00018921291877799793,3.0,-1.1078708122200207,5.0,False,1890.0,3.0,True,
2026-05-14,NYMT,0.0,0.0,0.0,0.0,3.0,-3.0,5.0,False,4818.0,2.0,False,
2026-05-14,NYMT.P,0.0,0.0,0.0,0.0,3.0,-3.0,5.0,False,4819.0,2.0,False,
2026-05-14,NYMTG,0.0,0.0,0.0,0.0,3.0,-3.0,5.0,False,4820.0,2.0,False,
2026-05-14,NYMTH,0.0,0.0,0.0,0.0,3.0,-3.0,5.0,False,4821.0,2.0,False,
2026-05-14,NYMTI,0.0,0.0,0.0,0.0,3.0,-3.0,5.0,False,4822.0,2.0,False,
2026-05-14,NYMTL,0.0,0.0,0.0,0.0,3.0,-3.0,5.0,False,4823.0,2.0,False,
2026-05-14,NYMTZ,0.0,0.0,0.0,0.0,3.0,-3.0,5.0,False,4824.0,2.0,False,
2026-05-14,NYMX,0.0,0.0,0.0,0.0,3.0,-3.0,5.0,False,4825.0,2.0,False,
2026-05-14,NYNY.R,0.0,0.0,0.0,0.0,3.0,-3.0,5.0,False,4826.0,2.0,False,
2026-05-14,NYX,0.0,0.0,0.0,0.0,3.0,-3.0,5.0,False,4827.0,2.0,False,
2026-05-14,NYXH,0.0,0.0,0.0,0.0005248277302236136,3.0,2.2482773022361364,5.0,False,1686.0,3.0,False,
2026-05-14,OABC,0.0,0.0,0.0,0.0,3.0,-3.0,5.0,False,4828.0,2.0,False,
2026-05-14,OABI,0.0,0.0,0.0,0.0023761937897261807,3.0,20.761937897261806,5.0,True,696.0,5.0,False,
2026-05-14,OACC,0.0,0.0,0.0,0.0,3.0,-3.0,5.0,False,4829.0,2.0,False,
2026-05-14,OACQ,0.0,0.0,0.0,0.0,3.0,-3.0,5.0,False,4830.0,2.0,False,
2026-05-14,OACQ.R,0.0,0.0,0.0,0.0,3.0,-3.0,5.0,False,4831.0,2.0,False,
2026-05-14,OACQ.U,0.0,0.0,0.0,0.0,3.0,-3.0,5.0,False,4832.0,2.0,False,
2026-05-14,OACQ.W,0.0,0.0,0.0,0.0,3.0,-3.0,5.0,False,4833.0,2.0,False,
2026-05-14,OAKU,0.0,0.0,0.0,0.0,3.0,-3.0,5.0,False,4834.0,2.0,False,
2026-05-14,OB,0.0,0.0,0.0,0.0,3.0,-3.0,5.0,False,4835.0,2.0,False,
2026-05-14,OBA,0.0,0.0,0.0,0.0,3.0,-3.0,5.0,False,4836.0,2.0,False,
2026-05-14,OBAF,0.0,0.0,0.0,0.0,3.0,-3.0,5.0,False,4837.0,2.0,False,
2026-05-14,OBAI,0.0,0.0,0.0,-0.00537333578093274,3.0,-56.7333578093274,5.0,False,7351.0,1.0,False,
2026-05-14,OBAS,0.0,0.0,0.0,0.0,3.0,-3.0,5.0,False,4838.0,2.0,False,
2026-05-14,OBCI,0.0,0.0,0.0,0.0,3.0,-3.0,5.0,False,4839.0,2.0,False,
2026-05-14,OBIO,0.0,0.0,0.0,0.0010063809575283124,3.0,7.063809575283123,5.0,True,1368.0,4.0,False,
2026-05-14,OBLG,0.0,0.0,0.0,0.0,3.0,-3.0,5.0,False,4840.0,2.0,False,
2026-05-14,OBLN,0.0,0.0,0.0,0.0,3.0,-3.0,5.0,False,4841.0,2.0,False,
2026-05-14,OBSV,0.0,0.0,0.0,0.0,3.0,-3.0,5.0,False,4842.0,2.0,False,
2026-05-14,OBT,0.0,0.0,0.0,0.001483810097046346,3.0,11.83810097046346,5.0,True,1079.0,4.0,True,
2026-05-14,OBTC,0.0,0.0,0.0,0.0008727441815437895,3.0,5.727441815437896,5.0,True,1457.0,4.0,True,
2026-05-14,OCAT,0.0,0.0,0.0,0.0,3.0,-3.0,5.0,False,4843.0,2.0,False,
2026-05-14,OCAX,0.0,0.0,0.0,0.0,3.0,-3.0,5.0,False,4844.0,2.0,False,
2026-05-14,OCC,0.0,0.0,0.0,0.002450840699915779,3.0,21.508406999157792,5.0,True,660.0,5.0,True,
2026-05-14,OCCI,0.0,0.0,0.0,0.001813845348994729,3.0,15.138453489947292,5.0,True,910.0,4.0,False,
2026-05-14,OCCIN,0.0,0.0,0.0,-3.698706215893299e-05,3.0,-3.36987062158933,5.0,False,6400.0,2.0,True,
2026-05-14,OCDX,0.0,0.0,0.0,0.0,3.0,-3.0,5.0,False,4845.0,2.0,False,
2026-05-14,OCEA,0.0,0.0,0.0,0.0,3.0,-3.0,5.0,False,4846.0,2.0,False,
2026-05-14,OCFC,0.0,0.0,0.0,-0.00028425400019733315,3.0,-5.842540001973331,5.0,False,6523.0,2.0,True,
2026-05-14,OCG,0.0,0.0,0.0,-0.002271721638856139,3.0,-25.71721638856139,5.0,False,7079.0,1.0,False,
2026-05-14,OCGN,0.0,0.0,0.0,0.0016788256681556975,3.0,13.788256681556977,5.0,True,977.0,4.0,False,
2026-05-14,OCLR,0.0,0.0,0.0,0.0,3.0,-3.0,5.0,False,4847.0,2.0,False,
2026-05-14,OCLS,0.0,0.0,0.0,0.0,3.0,-3.0,5.0,False,4848.0,2.0,False,
2026-05-14,OCRX,0.0,0.0,0.0,0.0,3.0,-3.0,5.0,False,4849.0,2.0,False,
2026-05-14,OCS,0.0,0.0,0.0,0.003327438002252197,3.0,30.274380022521967,5.0,True,425.0,5.0,True,
2026-05-14,OCSI,0.0,0.0,0.0,0.0,3.0,-3.0,5.0,False,4850.0,2.0,False,
2026-05-14,OCSL,0.0,0.0,0.0,0.0016634599212714885,3.0,13.634599212714885,5.0,True,984.0,4.0,True,
2026-05-14,OCSLL,0.0,0.0,0.0,0.0,3.0,-3.0,5.0,False,4851.0,2.0,False,
2026-05-14,OCTO,0.0,0.0,0.0,0.0,3.0,-3.0,5.0,False,4852.0,2.0,False,
2026-05-14,OCUL,0.0,0.0,0.0,0.0009266466808322384,3.0,6.2664668083223845,5.0,True,1420.0,4.0,True,
2026-05-14,OCUP,0.0,0.0,0.0,0.0,3.0,-3.0,5.0,False,4853.0,2.0,False,
2026-05-14,OCX,0.0,0.0,0.0,0.0,3.0,-3.0,5.0,False,4854.0,2.0,False,
2026-05-14,OCZ,0.0,0.0,0.0,0.0,3.0,-3.0,5.0,False,4855.0,2.0,False,
2026-05-14,ODD,-0.003676060267857143,-0.004464285714285714,0.0007882254464285712,-0.0019644785139938366,3.0,16.644785139938367,5.0,True,7007.0,1.0,True,"COVER because predicted alpha is in the bottom decile. Net alpha after estimated 3.0 bps trading cost is 16.64 bps versus threshold 5.00 bps. Main contributors were mom_5, price_kurt_63, mom_63. Price filter passed; liquidity filter passed."
2026-05-14,ODFL,0.0,0.0,0.0,-0.0014370944833939309,3.0,-17.37094483393931,5.0,False,6905.0,1.0,True,
2026-05-14,ODP,0.0,0.0,0.0,0.0,3.0,-3.0,5.0,False,4856.0,2.0,False,
2026-05-14,ODT,0.0,0.0,0.0,0.0,3.0,-3.0,5.0,False,4857.0,2.0,False,
2026-05-14,ODYS,0.0,0.0,0.0,-0.0165914564580276,3.0,-168.914564580276,5.0,False,7525.0,1.0,False,
2026-05-14,OEG,0.0,0.0,0.0,0.0,3.0,-3.0,5.0,False,4858.0,2.0,False,
2026-05-14,OEPW,0.0,0.0,0.0,0.0,3.0,-3.0,5.0,False,4859.0,2.0,False,
2026-05-14,OESX,0.0,0.0,0.0,0.001059685356708176,3.0,7.596853567081759,5.0,True,1328.0,4.0,True,
2026-05-14,OFAL,0.0,0.0,0.0,0.0006918469647447297,3.0,3.9184696474472975,5.0,False,1579.0,3.0,False,
2026-05-14,OFED,0.0,0.0,0.0,0.0,3.0,-3.0,5.0,False,4860.0,2.0,False,
2026-05-14,OFIX,0.0,0.0,0.0,0.0009488460087349034,3.0,6.488460087349033,5.0,True,1405.0,4.0,True,
2026-05-14,OFLX,0.0,0.0,0.0,0.0011005347954350913,3.0,8.005347954350913,5.0,True,1309.0,4.0,True,
2026-05-14,OFS,0.0,0.0,0.0,-0.005337326513133625,3.0,-56.37326513133625,5.0,False,7349.0,1.0,False,
2026-05-14,OFSSG,0.0,0.0,0.0,0.0,3.0,-3.0,5.0,False,4861.0,2.0,False,
2026-05-14,OFSSH,0.0,0.0,0.0,0.0,3.0,-3.0,5.0,False,4862.0,2.0,False,
2026-05-14,OFSSI,0.0,0.0,0.0,0.0,3.0,-3.0,5.0,False,4863.0,2.0,False,
2026-05-14,OFSSL,0.0,0.0,0.0,0.0,3.0,-3.0,5.0,False,4864.0,2.0,False,
2026-05-14,OFSSO,0.0,0.0,0.0,0.0,3.0,-3.0,5.0,False,4865.0,2.0,False,
2026-05-14,OFSSZ,0.0,0.0,0.0,0.0,3.0,-3.0,5.0,False,4866.0,2.0,False,
2026-05-14,OGI,0.0,0.0,0.0,1.0579373468090907e-05,3.0,-2.8942062653190908,5.0,False,1983.0,3.0,False,
2026-05-14,OGXI,0.0,0.0,0.0,0.0,3.0,-3.0,5.0,False,4867.0,2.0,False,
2026-05-14,OHAA,0.0,0.0,0.0,0.0,3.0,-3.0,5.0,False,4868.0,2.0,False,
2026-05-14,OHAI,0.0,0.0,0.0,0.0,3.0,-3.0,5.0,False,4869.0,2.0,False,
2026-05-14,OHGI,0.0,0.0,0.0,0.0,3.0,-3.0,5.0,False,4870.0,2.0,False,
2026-05-14,OHPA,0.0,0.0,0.0,0.0,3.0,-3.0,5.0,False,4871.0,2.0,False,
2026-05-14,OHRP,0.0,0.0,0.0,0.0,3.0,-3.0,5.0,False,4872.0,2.0,False,
2026-05-14,OIG,0.0,0.0,0.0,0.0,3.0,-3.0,5.0,False,4873.0,2.0,False,
2026-05-14,OIM,0.0,0.0,0.0,0.0,3.0,-3.0,5.0,False,4874.0,2.0,False,
2026-05-14,OIMAU,0.0,0.0,0.0,7.125673751100063e-05,3.0,-2.287432624889994,5.0,False,1954.0,3.0,True,
2026-05-14,OINK,0.0,0.0,0.0,0.0,3.0,-3.0,5.0,False,4875.0,2.0,False,
2026-05-14,OIO,0.0,0.0,0.0,-0.02092018644799395,3.0,-212.2018644799395,5.0,False,7548.0,1.0,False,
2026-05-14,OKSB,0.0,0.0,0.0,0.0,3.0,-3.0,5.0,False,4876.0,2.0,False,
2026-05-14,OKTA,0.0,0.0,0.0,0.0007410582687737362,3.0,4.410582687737362,5.0,False,1542.0,3.0,True,
2026-05-14,OKUR,0.0,0.0,0.0,0.0027749340968065642,3.0,24.749340968065642,5.0,True,555.0,5.0,False,
2026-05-14,OKYO,0.0,0.0,0.0,0.0013679096446979216,3.0,10.679096446979216,5.0,True,1156.0,4.0,False,
2026-05-14,OLB,0.0,0.0,0.0,-0.0030214401655872603,3.0,-33.21440165587261,5.0,False,7179.0,1.0,False,
2026-05-14,OLBK,0.0,0.0,0.0,0.0,3.0,-3.0,5.0,False,4877.0,2.0,False,
2026-05-14,OLED,0.0,0.0,0.0,-0.0007002131806580759,3.0,-10.00213180658076,5.0,False,6698.0,2.0,True,
2026-05-14,OLIT,0.0,0.0,0.0,0.0,3.0,-3.0,5.0,False,4878.0,2.0,False,
2026-05-14,OLLI,-0.00078125,0.0,-0.00078125,-0.0028438703263555464,3.0,25.438703263555464,5.0,True,7160.0,1.0,True,"SHORT because predicted alpha is in the bottom decile. Net alpha after estimated 3.0 bps trading cost is 25.44 bps versus threshold 5.00 bps. Main contributors were intraday_return, volume_z_60, hl_range_20. Price filter passed; liquidity filter passed."
2026-05-14,OLMA,0.0,0.0,0.0,-0.0019848390108265592,3.0,-22.848390108265594,5.0,False,7012.0,1.0,True,
2026-05-14,OLOX,0.0,0.0,0.0,-0.0026645225526246577,3.0,-29.645225526246577,5.0,False,7136.0,1.0,True,
2026-05-14,OLPX,0.0,0.0,0.0,-0.0013042974531366227,3.0,-16.042974531366227,5.0,False,6874.0,1.0,False,
2026-05-14,OM,0.0,0.0,0.0,-0.005866694994260758,3.0,-61.66694994260758,5.0,False,7376.0,1.0,False,
2026-05-14,OMCC,0.0,0.0,0.0,0.0,3.0,-3.0,5.0,False,4879.0,2.0,False,
2026-05-14,OMCL,0.0,0.0,0.0,0.0024570857397160964,3.0,21.570857397160964,5.0,True,656.0,5.0,True,
2026-05-14,OMDA,-0.003676060267857143,-0.004464285714285714,0.0007882254464285712,0.000911205201013972,3.0,-12.11205201013972,5.0,False,1429.0,4.0,True,"COVER because predicted alpha is in the bottom decile. Net alpha after estimated 3.0 bps trading cost is -12.11 bps versus threshold 5.00 bps. Main contributors were intraday_return, close_to_high_20, mom_10. Price filter passed; liquidity filter passed."
2026-05-14,OMED,0.0,0.0,0.0,0.0,3.0,-3.0,5.0,False,4880.0,2.0,False,
2026-05-14,OMEG,0.0,0.0,0.0,0.0,3.0,-3.0,5.0,False,4881.0,2.0,False,
2026-05-14,OMER,0.0,0.0,0.0,-0.0002839776103859221,3.0,-5.839776103859221,5.0,False,6521.0,2.0,True,
2026-05-14,OMEX,0.0,0.0,0.0,-0.004260037873905615,3.0,-45.60037873905615,5.0,False,7290.0,1.0,False,
2026-05-14,OMGA,0.0,0.0,0.0,0.0,3.0,-3.0,5.0,False,4882.0,2.0,False,
2026-05-14,OMH,0.0,0.0,0.0,0.0016833329370386113,3.0,13.833329370386114,5.0,True,975.0,4.0,False,
2026-05-14,OMIC,0.0,0.0,0.0,0.0,3.0,-3.0,5.0,False,4883.0,2.0,False,
2026-05-14,OMNT,0.0,0.0,0.0,0.0,3.0,-3.0,5.0,False,4884.0,2.0,False,
2026-05-14,OMP,0.0,0.0,0.0,0.0,3.0,-3.0,5.0,False,4885.0,2.0,False,
2026-05-14,OMQS,0.0,0.0,0.0,0.0,3.0,-3.0,5.0,False,4886.0,2.0,False,
2026-05-14,OMSE,0.0,0.0,0.0,0.0017759179066064652,3.0,14.75917906606465,5.0,True,931.0,4.0,False,
2026-05-14,ON,0.0,0.0,0.0,0.004498739598396287,3.0,41.98739598396287,5.0,True,232.0,5.0,True,
2026-05-14,ONB,0.0,0.0,0.0,0.001037757428034546,3.0,7.37757428034546,5.0,True,1341.0,4.0,True,
2026-05-14,ONBPO,0.0,0.0,0.0,0.0005151714670933102,3.0,2.151714670933102,5.0,False,1696.0,3.0,True,
2026-05-14,ONCE,0.0,0.0,0.0,0.0,3.0,-3.0,5.0,False,4887.0,2.0,False,
2026-05-14,ONCH,0.0,0.0,0.0,0.0009650475794582853,3.0,6.650475794582853,5.0,True,1397.0,4.0,True,
2026-05-14,ONCO,0.0,0.0,0.0,-0.0006465539743539033,3.0,-9.465539743539033,5.0,False,6677.0,2.0,False,
2026-05-14,ONCR,0.0,0.0,0.0,0.0,3.0,-3.0,5.0,False,4888.0,2.0,False,
2026-05-14,ONCS,0.0,0.0,0.0,0.0,3.0,-3.0,5.0,False,4889.0,2.0,False,
2026-05-14,ONCT,0.0,0.0,0.0,0.0,3.0,-3.0,5.0,False,4890.0,2.0,False,
2026-05-14,ONCY,0.0,0.0,0.0,0.0008299091919594721,3.0,5.299091919594721,5.0,True,1483.0,4.0,False,
2026-05-14,ONDS,0.003676060267857143,0.004464285714285714,-0.0007882254464285712,-0.0019143876942589715,3.0,-22.143876942589714,5.0,False,6995.0,1.0,True,"SELL because predicted alpha is in the top decile. Net alpha after estimated 3.0 bps trading cost is -22.14 bps versus threshold 5.00 bps. Main contributors were mom_252, mom_1, mom_5. Price filter passed; liquidity filter passed."
2026-05-14,ONEG,0.0,0.0,0.0,-0.037095968298328,3.0,-373.95968298328,5.0,False,7579.0,1.0,False,
2026-05-14,ONEM,0.0,0.0,0.0,0.0,3.0,-3.0,5.0,False,4891.0,2.0,False,
2026-05-14,ONEW,0.0,0.0,0.0,0.0009102635641682641,3.0,6.102635641682641,5.0,True,1430.0,4.0,True,
2026-05-14,ONFC,0.0,0.0,0.0,0.0,3.0,-3.0,5.0,False,4892.0,2.0,False,
2026-05-14,ONFO,0.0,0.0,0.0,0.0030532721853739793,3.0,27.532721853739794,5.0,True,489.0,5.0,False,
2026-05-14,ONMD,0.0,0.0,0.0,0.002945630701757754,3.0,26.456307017577544,5.0,True,516.0,5.0,False,
2026-05-14,ONS,0.0,0.0,0.0,0.0,3.0,-3.0,5.0,False,4893.0,2.0,False,
2026-05-14,ONSI.U,0.0,0.0,0.0,0.0,3.0,-3.0,5.0,False,4894.0,2.0,False,
2026-05-14,ONSI.W,0.0,0.0,0.0,0.0,3.0,-3.0,5.0,False,4895.0,2.0,False,
2026-05-14,ONSI.Z,0.0,0.0,0.0,0.0,3.0,-3.0,5.0,False,4896.0,2.0,False,
2026-05-14,ONTX,0.0,0.0,0.0,0.0,3.0,-3.0,5.0,False,4897.0,2.0,False,
2026-05-14,ONTX.W,0.0,0.0,0.0,0.0,3.0,-3.0,5.0,False,4898.0,2.0,False,
2026-05-14,ONTY,0.0,0.0,0.0,0.0,3.0,-3.0,5.0,False,4899.0,2.0,False,
2026-05-14,ONVI,0.0,0.0,0.0,0.0,3.0,-3.0,5.0,False,4900.0,2.0,False,
2026-05-14,ONVO,0.0,0.0,0.0,0.0,3.0,-3.0,5.0,False,4901.0,2.0,False,
2026-05-14,ONXX,0.0,0.0,0.0,0.0,3.0,-3.0,5.0,False,4902.0,2.0,False,
2026-05-14,ONYX,0.0,0.0,0.0,0.0,3.0,-3.0,5.0,False,4903.0,2.0,False,
2026-05-14,OP,0.0,0.0,0.0,0.0,3.0,-3.0,5.0,False,4904.0,2.0,False,
2026-05-14,OPAL,0.0,0.0,0.0,-0.0027177128046657678,3.0,-30.17712804665768,5.0,False,7143.0,1.0,False,
2026-05-14,OPB,0.0,0.0,0.0,0.0,3.0,-3.0,5.0,False,4905.0,2.0,False,
2026-05-14,OPBK,0.0,0.0,0.0,0.00046677806849097965,3.0,1.667780684909797,5.0,False,1732.0,3.0,True,
2026-05-14,OPCH,0.0,0.0,0.0,-0.0014218758056174887,3.0,-17.218758056174885,5.0,False,6898.0,1.0,True,
2026-05-14,OPEN,0.0,0.0,0.0,0.006785465104702849,3.0,64.85465104702848,5.0,True,71.0,5.0,False,
2026-05-14,OPES,0.0,0.0,0.0,0.0,3.0,-3.0,5.0,False,4906.0,2.0,False,
2026-05-14,OPGN,0.0,0.0,0.0,0.0,3.0,-3.0,5.0,False,4907.0,2.0,False,
2026-05-14,OPGN.W,0.0,0.0,0.0,0.0,3.0,-3.0,5.0,False,4908.0,2.0,False,
2026-05-14,OPHT,0.0,0.0,0.0,0.0,3.0,-3.0,5.0,False,4909.0,2.0,False,
2026-05-14,OPI,0.0,0.0,0.0,0.0,3.0,-3.0,5.0,False,4910.0,2.0,False,
2026-05-14,OPINI,0.0,0.0,0.0,0.0,3.0,-3.0,5.0,False,4911.0,2.0,False,
2026-05-14,OPINL,0.0,0.0,0.0,0.0,3.0,-3.0,5.0,False,4912.0,2.0,False,
2026-05-14,OPK,0.0,0.0,0.0,0.0015525668675070642,3.0,12.525668675070643,5.0,True,1036.0,4.0,False,
2026-05-14,OPLK,0.0,0.0,0.0,0.0,3.0,-3.0,5.0,False,4913.0,2.0,False,
2026-05-14,OPNT,0.0,0.0,0.0,0.0,3.0,-3.0,5.0,False,4914.0,2.0,False,
2026-05-14,OPOF,0.0,0.0,0.0,0.0,3.0,-3.0,5.0,False,4915.0,2.0,False,
2026-05-14,OPRT,0.0,0.0,0.0,0.0016136576224771658,3.0,13.136576224771659,5.0,True,1003.0,4.0,True,
2026-05-14,OPRX,-0.00078125,0.0,-0.00078125,-0.004750670159279801,3.0,44.50670159279802,5.0,True,7315.0,1.0,True,"SHORT because predicted alpha is in the bottom decile. Net alpha after estimated 3.0 bps trading cost is 44.51 bps versus threshold 5.00 bps. Main contributors were mom_5, volume_z_60, intraday_return. Price filter passed; liquidity filter passed."
2026-05-14,OPTN,0.0,0.0,0.0,0.0,3.0,-3.0,5.0,False,4916.0,2.0,False,
2026-05-14,OPTX,-0.00078125,0.0,-0.00078125,-0.0077233992367942315,3.0,74.23399236794232,5.0,True,7437.0,1.0,True,"SHORT because predicted alpha is in the bottom decile. Net alpha after estimated 3.0 bps trading cost is 74.23 bps versus threshold 5.00 bps. Main contributors were intraday_return, mom_126, parkinson_vol_20. Price filter passed; liquidity filter passed."
2026-05-14,OPWV,0.0,0.0,0.0,0.0,3.0,-3.0,5.0,False,4917.0,2.0,False,
2026-05-14,OPXA,0.0,0.0,0.0,0.0,3.0,-3.0,5.0,False,4918.0,2.0,False,
2026-05-14,OPXA.W,0.0,0.0,0.0,0.0,3.0,-3.0,5.0,False,4919.0,2.0,False,
2026-05-14,OPXS,0.0,0.0,0.0,0.002818147927158256,3.0,25.18147927158256,5.0,True,546.0,5.0,True,
2026-05-14,ORBC,0.0,0.0,0.0,0.0,3.0,-3.0,5.0,False,4920.0,2.0,False,
2026-05-14,ORBK,0.0,0.0,0.0,0.0,3.0,-3.0,5.0,False,4921.0,2.0,False,
2026-05-14,ORBS,0.0,0.0,0.0,-0.00022824883197230573,3.0,-5.282488319723058,5.0,False,6489.0,2.0,False,
2026-05-14,ORBT,0.0,0.0,0.0,0.0,3.0,-3.0,5.0,False,4922.0,2.0,False,
2026-05-14,OREX,0.0,0.0,0.0,0.0,3.0,-3.0,5.0,False,4923.0,2.0,False,
2026-05-14,ORGN,0.0,0.0,0.0,-0.003657364544944356,3.0,-39.57364544944356,5.0,False,7242.0,1.0,False,
2026-05-14,ORGO,0.0,0.0,0.0,0.0021172287598354754,3.0,18.172287598354753,5.0,True,799.0,4.0,False,
2026-05-14,ORGS,0.0,0.0,0.0,0.0,3.0,-3.0,5.0,False,4924.0,2.0,False,
2026-05-14,ORIA,0.0,0.0,0.0,0.0,3.0,-3.0,5.0,False,4925.0,2.0,False,
2026-05-14,ORIC,0.0,0.0,0.0,0.0014411068145977488,3.0,11.411068145977488,5.0,True,1113.0,4.0,True,
2026-05-14,ORIG,0.0,0.0,0.0,0.0,3.0,-3.0,5.0,False,4926.0,2.0,False,
2026-05-14,ORIO,0.0,0.0,0.0,-3.5369211765636215e-05,3.0,-3.353692117656362,5.0,False,6398.0,2.0,False,
2026-05-14,ORIQ,0.0,0.0,0.0,0.0008629501697529768,3.0,5.6295016975297685,5.0,True,1466.0,4.0,True,
2026-05-14,ORIS,0.0,0.0,0.0,-0.010196867802621383,3.0,-104.96867802621382,5.0,False,7480.0,1.0,False,
2026-05-14,ORIT,0.0,0.0,0.0,0.0,3.0,-3.0,5.0,False,4927.0,2.0,False,
2026-05-14,ORKA,0.0,0.0,0.0,0.0038430572926023785,3.0,35.430572926023785,5.0,True,326.0,5.0,True,
2026-05-14,ORKT,0.0,0.0,0.0,-0.0016447666062695233,3.0,-19.447666062695234,5.0,False,6942.0,1.0,False,
2026-05-14,ORLY,0.0,0.0,0.0,0.000226842719890618,3.0,-0.7315728010938201,5.0,False,1863.0,3.0,True,
2026-05-14,ORMP,0.0,0.0,0.0,0.004210307569905482,3.0,39.10307569905482,5.0,True,271.0,5.0,False,
2026-05-14,ORPN,0.0,0.0,0.0,0.0,3.0,-3.0,5.0,False,4928.0,2.0,False,
2026-05-14,ORRF,0.0,0.0,0.0,0.0012377299648347855,3.0,9.377299648347856,5.0,True,1222.0,4.0,True,
2026-05-14,ORSN,0.0,0.0,0.0,0.0,3.0,-3.0,5.0,False,4929.0,2.0,False,
2026-05-14,OS,0.0,0.0,0.0,0.0,3.0,-3.0,5.0,False,4930.0,2.0,False,
2026-05-14,OSA,0.0,0.0,0.0,0.0,3.0,-3.0,5.0,False,4931.0,2.0,False,
2026-05-14,OSBC,0.0,0.0,0.0,0.001311023259076456,3.0,10.110232590764559,5.0,True,1181.0,4.0,True,
2026-05-14,OSBC.P,0.0,0.0,0.0,0.0,3.0,-3.0,5.0,False,4932.0,2.0,False,
2026-05-14,OSHC,0.0,0.0,0.0,0.0,3.0,-3.0,5.0,False,4933.0,2.0,False,
2026-05-14,OSIR,0.0,0.0,0.0,0.0,3.0,-3.0,5.0,False,4934.0,2.0,False,
2026-05-14,OSIS,0.0,0.0,0.0,0.00036995348040716686,3.0,0.6995348040716687,5.0,False,1788.0,3.0,True,
2026-05-14,OSMT,0.0,0.0,0.0,0.0,3.0,-3.0,5.0,False,4935.0,2.0,False,
2026-05-14,OSPN,0.0,0.0,0.0,0.0010556437650480475,3.0,7.5564376504804756,5.0,True,1331.0,4.0,True,
2026-05-14,OSPR,0.0,0.0,0.0,0.0,3.0,-3.0,5.0,False,4936.0,2.0,False,
2026-05-14,OSRH,0.0,0.0,0.0,-0.01071716174414213,3.0,-110.17161744142129,5.0,False,7490.0,1.0,False,
2026-05-14,OSS,0.0,0.0,0.0,-0.00019281983058409534,3.0,-4.9281983058409535,5.0,False,6475.0,2.0,True,
2026-05-14,OST,0.0,0.0,0.0,0.0,3.0,-3.0,5.0,False,4937.0,2.0,False,
2026-05-14,OSTK,0.0,0.0,0.0,0.0,3.0,-3.0,5.0,False,4938.0,2.0,False,
2026-05-14,OSTR,0.0,0.0,0.0,0.0,3.0,-3.0,5.0,False,4939.0,2.0,False,
2026-05-14,OSUR,0.0,0.0,0.0,9.780966419968075e-05,3.0,-2.0219033580031924,5.0,False,1938.0,3.0,False,
2026-05-14,OSW,0.0,0.0,0.0,0.001057063106072734,3.0,7.57063106072734,5.0,True,1330.0,4.0,True,
2026-05-14,OTEC,0.0,0.0,0.0,0.0,3.0,-3.0,5.0,False,4940.0,2.0,False,
2026-05-14,OTEL,0.0,0.0,0.0,0.0,3.0,-3.0,5.0,False,4941.0,2.0,False,
2026-05-14,OTEX,0.0,0.0,0.0,-0.0017927110253451043,3.0,-20.927110253451044,5.0,False,6968.0,1.0,True,
2026-05-14,OTGA,0.0,0.0,0.0,0.0006009415558885312,3.0,3.009415558885312,5.0,False,1636.0,3.0,True,
2026-05-14,OTIC,0.0,0.0,0.0,0.0,3.0,-3.0,5.0,False,4942.0,2.0,False,
2026-05-14,OTIV,0.0,0.0,0.0,0.0,3.0,-3.0,5.0,False,4943.0,2.0,False,
2026-05-14,OTLK,0.0,0.0,0.0,-0.003130468056978559,3.0,-34.30468056978559,5.0,False,7189.0,1.0,False,
2026-05-14,OTMO,0.0,0.0,0.0,0.0,3.0,-3.0,5.0,False,4944.0,2.0,False,
2026-05-14,OTRA,0.0,0.0,0.0,0.0,3.0,-3.0,5.0,False,4945.0,2.0,False,
2026-05-14,OTRK,0.0,0.0,0.0,0.0,3.0,-3.0,5.0,False,4946.0,2.0,False,
2026-05-14,OTTR,0.0,0.0,0.0,0.0013557693925525065,3.0,10.557693925525065,5.0,True,1161.0,4.0,True,
2026-05-14,OTTW,0.0,0.0,0.0,0.0,3.0,-3.0,5.0,False,4947.0,2.0,False,
2026-05-14,OUST,-0.003676060267857143,-0.004464285714285714,0.0007882254464285712,0.0045685352124976404,3.0,-48.685352124976404,5.0,False,226.0,5.0,True,"COVER because predicted alpha is in the bottom decile. Net alpha after estimated 3.0 bps trading cost is -48.69 bps versus threshold 5.00 bps. Main contributors were intraday_return, parkinson_vol_20, volume_z_60. Price filter passed; liquidity filter passed."
2026-05-14,OUTR,0.0,0.0,0.0,0.0,3.0,-3.0,5.0,False,4948.0,2.0,False,
2026-05-14,OVAS,0.0,0.0,0.0,0.0,3.0,-3.0,5.0,False,4949.0,2.0,False,
2026-05-14,OVBC,0.0,0.0,0.0,0.001391445753471548,3.0,10.91445753471548,5.0,True,1139.0,4.0,True,
2026-05-14,OVID,0.0,0.0,0.0,0.007324715186836362,3.0,70.24715186836362,5.0,True,56.0,5.0,False,
2026-05-14,OVLY,0.0,0.0,0.0,0.0006729567282241616,3.0,3.729567282241616,5.0,False,1590.0,3.0,True,
2026-05-14,OVRL,0.0,0.0,0.0,0.0,3.0,-3.0,5.0,False,4950.0,2.0,False,
2026-05-14,OVTI,0.0,0.0,0.0,0.0,3.0,-3.0,5.0,False,4951.0,2.0,False,
2026-05-14,OWLS,0.0,0.0,0.0,-0.0002941038167952358,3.0,-5.9410381679523585,5.0,False,6528.0,2.0,True,
2026-05-14,OXAC,0.0,0.0,0.0,0.0,3.0,-3.0,5.0,False,4952.0,2.0,False,
2026-05-14,OXBR,0.0,0.0,0.0,0.004035050362025703,3.0,37.35050362025703,5.0,True,297.0,5.0,False,
2026-05-14,OXBR.U,0.0,0.0,0.0,0.0,3.0,-3.0,5.0,False,4953.0,2.0,False,
2026-05-14,OXBT,0.0,0.0,0.0,0.0,3.0,-3.0,5.0,False,4954.0,2.0,False,
2026-05-14,OXFD,0.0,0.0,0.0,0.0,3.0,-3.0,5.0,False,4955.0,2.0,False,
2026-05-14,OXGN,0.0,0.0,0.0,0.0,3.0,-3.0,5.0,False,4956.0,2.0,False,
2026-05-14,OXLC,0.0,0.0,0.0,0.0006274461296057196,3.0,3.274461296057196,5.0,False,1621.0,3.0,True,
2026-05-14,OXLC.O,0.0,0.0,0.0,0.0,3.0,-3.0,5.0,False,4957.0,2.0,False,
2026-05-14,OXLC.P,0.0,0.0,0.0,0.0,3.0,-3.0,5.0,False,4958.0,2.0,False,
2026-05-14,OXLCG,0.0,0.0,0.0,0.0011411192131509616,3.0,8.411192131509615,5.0,True,1278.0,4.0,True,
2026-05-14,OXLCI,0.0,0.0,0.0,0.0009639246290474258,3.0,6.639246290474258,5.0,True,1398.0,4.0,True,
2026-05-14,OXLCL,0.0,0.0,0.0,0.0008463427887648481,3.0,5.46342788764848,5.0,True,1476.0,4.0,True,
2026-05-14,OXLCO,0.0,0.0,0.0,-0.0007822834435745529,3.0,-10.822834435745529,5.0,False,6717.0,2.0,True,
2026-05-14,OXLCZ,0.0,0.0,0.0,0.000907766857836364,3.0,6.077668578363639,5.0,True,1431.0,4.0,True,
2026-05-14,OXPS,0.0,0.0,0.0,0.0,3.0,-3.0,5.0,False,4959.0,2.0,False,
2026-05-14,OXSQ,0.0,0.0,0.0,-0.00016954983772908978,3.0,-4.695498377290898,5.0,False,6459.0,2.0,False,
2026-05-14,OXSQG,0.0,0.0,0.0,0.0013308475158025452,3.0,10.308475158025452,5.0,True,1174.0,4.0,True,
2026-05-14,OXSQH,0.0,0.0,0.0,0.0013011840202180494,3.0,10.011840202180494,5.0,True,1190.0,4.0,True,
2026-05-14,OXSQL,0.0,0.0,0.0,0.0,3.0,-3.0,5.0,False,4960.0,2.0,False,
2026-05-14,OXSQZ,0.0,0.0,0.0,0.0,3.0,-3.0,5.0,False,4961.0,2.0,False,
2026-05-14,OXUS,0.0,0.0,0.0,0.0,3.0,-3.0,5.0,False,4962.0,2.0,False,
2026-05-14,OYSE,0.0,0.0,0.0,0.001172897470869196,3.0,8.728974708691961,5.0,True,1262.0,4.0,True,
2026-05-14,OYST,0.0,0.0,0.0,0.0,3.0,-3.0,5.0,False,4963.0,2.0,False,
2026-05-14,OZK,0.0,0.0,0.0,0.0006524843659612323,3.0,3.5248436596123227,5.0,False,1605.0,3.0,True,
2026-05-14,OZRK,0.0,0.0,0.0,0.0,3.0,-3.0,5.0,False,4964.0,2.0,False,
2026-05-14,PAA,0.0,0.0,0.0,0.0016028293440713622,3.0,13.028293440713622,5.0,True,1008.0,4.0,True,
2026-05-14,PAAC,0.0,0.0,0.0,0.0,3.0,-3.0,5.0,False,4965.0,2.0,False,
2026-05-14,PAAC.R,0.0,0.0,0.0,0.0,3.0,-3.0,5.0,False,4966.0,2.0,False,
2026-05-14,PAAC.U,0.0,0.0,0.0,0.0,3.0,-3.0,5.0,False,4967.0,2.0,False,
2026-05-14,PAAC.W,0.0,0.0,0.0,0.0,3.0,-3.0,5.0,False,4968.0,2.0,False,
2026-05-14,PACB,0.0,0.0,0.0,-0.002394766033013775,3.0,-26.947660330137747,5.0,False,7101.0,1.0,False,
2026-05-14,PACE.W,0.0,0.0,0.0,0.0,3.0,-3.0,5.0,False,4969.0,2.0,False,
2026-05-14,PACH,0.0,0.0,0.0,0.0,3.0,-3.0,5.0,False,4970.0,2.0,False,
2026-05-14,PACQ,0.0,0.0,0.0,0.0,3.0,-3.0,5.0,False,4971.0,2.0,False,
2026-05-14,PACR,0.0,0.0,0.0,0.0,3.0,-3.0,5.0,False,4972.0,2.0,False,
2026-05-14,PACW,0.0,0.0,0.0,0.0,3.0,-3.0,5.0,False,4973.0,2.0,False,
2026-05-14,PACX,0.0,0.0,0.0,0.0,3.0,-3.0,5.0,False,4974.0,2.0,False,
2026-05-14,PAE,0.0,0.0,0.0,0.0,3.0,-3.0,5.0,False,4975.0,2.0,False,
2026-05-14,PAET,0.0,0.0,0.0,0.0,3.0,-3.0,5.0,False,4976.0,2.0,False,
2026-05-14,PAFO,0.0,0.0,0.0,0.0,3.0,-3.0,5.0,False,4977.0,2.0,False,
2026-05-14,PAGP,0.0,0.0,0.0,0.0006498130691836783,3.0,3.4981306918367823,5.0,False,1608.0,3.0,True,
2026-05-14,PAHC,-0.004457310267857143,-0.004464285714285714,6.975446428571404e-06,-0.003380417622229512,3.0,30.80417622229512,5.0,True,7215.0,1.0,True,"COVER because predicted alpha is in the bottom decile. Net alpha after estimated 3.0 bps trading cost is 30.80 bps versus threshold 5.00 bps. Main contributors were mom_5, volume_z_60, intraday_return. Price filter passed; liquidity filter passed."
2026-05-14,PAIC,0.0,0.0,0.0,0.0,3.0,-3.0,5.0,False,4978.0,2.0,False,
2026-05-14,PAL,-0.00078125,0.0,-0.00078125,-0.003418508999481584,3.0,31.18508999481584,5.0,True,7220.0,1.0,True,"SHORT because predicted alpha is in the bottom decile. Net alpha after estimated 3.0 bps trading cost is 31.19 bps versus threshold 5.00 bps. Main contributors were mom_5, volume_z_60, mom_21. Price filter passed; liquidity filter passed."
2026-05-14,PALI,0.0,0.0,0.0,0.003186817837898063,3.0,28.86817837898063,5.0,True,460.0,5.0,False,
2026-05-14,PALO,0.0,0.0,0.0,0.0,3.0,-3.0,5.0,False,4979.0,2.0,False,
2026-05-14,PALT,0.0,0.0,0.0,0.0,3.0,-3.0,5.0,False,4980.0,2.0,False,
2026-05-14,PAMT,0.0,0.0,0.0,0.0017700923825881548,3.0,14.700923825881546,5.0,True,935.0,4.0,True,
2026-05-14,PANA,0.0,0.0,0.0,0.0,3.0,-3.0,5.0,False,4981.0,2.0,False,
2026-05-14,PAND,0.0,0.0,0.0,0.0,3.0,-3.0,5.0,False,4982.0,2.0,False,
2026-05-14,PANL,0.0,0.0,0.0,0.0020215348848955012,3.0,17.215348848955013,5.0,True,819.0,4.0,True,
2026-05-14,PANW,0.003676060267857143,0.004464285714285714,-0.0007882254464285712,0.004689314132506022,3.0,43.89314132506022,5.0,True,214.0,5.0,True,"SELL because predicted alpha is in the top decile. Net alpha after estimated 3.0 bps trading cost is 43.89 bps versus threshold 5.00 bps. Main contributors were mom_5, parkinson_vol_20, mom_21. Price filter passed; liquidity filter passed."
2026-05-14,PAQC,0.0,0.0,0.0,0.0,3.0,-3.0,5.0,False,4983.0,2.0,False,
2026-05-14,PARA,0.0,0.0,0.0,0.0,3.0,-3.0,5.0,False,4984.0,2.0,False,
2026-05-14,PARAA,0.0,0.0,0.0,0.0,3.0,-3.0,5.0,False,4985.0,2.0,False,
2026-05-14,PARK,0.0,0.0,0.0,0.0028038337497144957,3.0,25.03833749714496,5.0,True,551.0,5.0,True,
2026-05-14,PARN,0.0,0.0,0.0,0.0,3.0,-3.0,5.0,False,4986.0,2.0,False,
2026-05-14,PASG,0.0,0.0,0.0,0.0005416035847630752,3.0,2.416035847630752,5.0,False,1676.0,3.0,True,
2026-05-14,PASW,0.0,0.0,0.0,0.0022305730794557038,3.0,19.305730794557036,5.0,True,763.0,4.0,False,
2026-05-14,PATI,0.0,0.0,0.0,0.0,3.0,-3.0,5.0,False,4987.0,2.0,False,
2026-05-14,PATI.V,0.0,0.0,0.0,0.0,3.0,-3.0,5.0,False,4988.0,2.0,False,
2026-05-14,PATK,0.0,0.0,0.0,0.001216609508914723,3.0,9.16609508914723,5.0,True,1238.0,4.0,True,
2026-05-14,PATR,0.0,0.0,0.0,0.0,3.0,-3.0,5.0,False,4989.0,2.0,False,
2026-05-14,PAVM,0.0,0.0,0.0,0.0002608001070210395,3.0,-0.39199892978960493,5.0,False,1840.0,3.0,True,
2026-05-14,PAVM.U,0.0,0.0,0.0,0.0,3.0,-3.0,5.0,False,4990.0,2.0,False,
2026-05-14,PAVM.W,0.0,0.0,0.0,0.0,3.0,-3.0,5.0,False,4991.0,2.0,False,
2026-05-14,PAVS,0.0,0.0,0.0,-0.00333191444338003,3.0,-36.3191444338003,5.0,False,7211.0,1.0,False,
2026-05-14,PAX,0.0,0.0,0.0,-0.00044779694428896677,3.0,-7.477969442889668,5.0,False,6604.0,2.0,True,
2026-05-14,PAYA,0.0,0.0,0.0,0.0,3.0,-3.0,5.0,False,4992.0,2.0,False,
2026-05-14,PAYO,0.0,0.0,0.0,0.00017233537620749929,3.0,-1.2766462379250072,5.0,False,1898.0,3.0,False,
2026-05-14,PAYS,0.0,0.0,0.0,0.0012669149703714345,3.0,9.669149703714345,5.0,True,1207.0,4.0,True,
2026-05-14,PAYX,0.0,0.0,0.0,0.0007959560300659401,3.0,4.959560300659401,5.0,False,1508.0,4.0,True,
2026-05-14,PBAX,0.0,0.0,0.0,0.0,3.0,-3.0,5.0,False,4993.0,2.0,False,
2026-05-14,PBBI,0.0,0.0,0.0,0.0,3.0,-3.0,5.0,False,4994.0,2.0,False,
2026-05-14,PBBK,0.0,0.0,0.0,0.0,3.0,-3.0,5.0,False,4995.0,2.0,False,
2026-05-14,PBCP,0.0,0.0,0.0,0.0,3.0,-3.0,5.0,False,4996.0,2.0,False,
2026-05-14,PBCT,0.0,0.0,0.0,0.0,3.0,-3.0,5.0,False,4997.0,2.0,False,
2026-05-14,PBFS,0.0,0.0,0.0,0.0005778161276478038,3.0,2.7781612764780377,5.0,False,1651.0,3.0,True,
2026-05-14,PBHC,0.0,0.0,0.0,0.0,3.0,-3.0,5.0,False,4998.0,2.0,False,
2026-05-14,PBIB,0.0,0.0,0.0,0.0,3.0,-3.0,5.0,False,4999.0,2.0,False,
2026-05-14,PBIP,0.0,0.0,0.0,0.0,3.0,-3.0,5.0,False,5000.0,2.0,False,
2026-05-14,PBLA,0.0,0.0,0.0,0.0,3.0,-3.0,5.0,False,5001.0,2.0,False,
2026-05-14,PBM,-0.003676060267857143,-0.004464285714285714,0.0007882254464285712,-0.002171926767832089,3.0,18.71926767832089,5.0,True,7056.0,1.0,True,"COVER because predicted alpha is in the bottom decile. Net alpha after estimated 3.0 bps trading cost is 18.72 bps versus threshold 5.00 bps. Main contributors were parkinson_vol_20, mom_5, volatility_63. Price filter passed; liquidity filter failed."
2026-05-14,PBNC,0.0,0.0,0.0,0.0,3.0,-3.0,5.0,False,5002.0,2.0,False,
2026-05-14,PBPB,0.0,0.0,0.0,0.0,3.0,-3.0,5.0,False,5003.0,2.0,False,
2026-05-14,PBSK,0.0,0.0,0.0,0.0,3.0,-3.0,5.0,False,5004.0,2.0,False,
2026-05-14,PBTS,0.0,0.0,0.0,0.0,3.0,-3.0,5.0,False,5005.0,2.0,False,
2026-05-14,PBYI,0.0,0.0,0.0,0.0010971042845431575,3.0,7.971042845431574,5.0,True,1310.0,4.0,True,
2026-05-14,PC,0.0,0.0,0.0,0.0,3.0,-3.0,5.0,False,5006.0,2.0,False,
2026-05-14,PCAP,0.0,0.0,0.0,0.0004884192049358846,3.0,1.8841920493588455,5.0,False,1711.0,3.0,True,
2026-05-14,PCAR,0.0,0.0,0.0,0.0019325187303812275,3.0,16.325187303812275,5.0,True,859.0,4.0,True,
2026-05-14,PCB,0.0,0.0,0.0,-2.55802363888745e-05,3.0,-3.255802363888745,5.0,False,6391.0,2.0,True,
2026-05-14,PCBK,0.0,0.0,0.0,0.0,3.0,-3.0,5.0,False,5007.0,2.0,False,
2026-05-14,PCCT,0.0,0.0,0.0,0.0,3.0,-3.0,5.0,False,5008.0,2.0,False,
2026-05-14,PCH,0.0,0.0,0.0,0.0,3.0,-3.0,5.0,False,5009.0,2.0,False,
2026-05-14,PCMI,0.0,0.0,0.0,0.0,3.0,-3.0,5.0,False,5010.0,2.0,False,
2026-05-14,PCO,0.0,0.0,0.0,0.0,3.0,-3.0,5.0,False,5011.0,2.0,False,
2026-05-14,PCOM,0.0,0.0,0.0,0.0,3.0,-3.0,5.0,False,5012.0,2.0,False,
2026-05-14,PCRX,0.0,0.0,0.0,0.0018110397367320985,3.0,15.110397367320985,5.0,True,912.0,4.0,True,
2026-05-14,PCSA,0.0,0.0,0.0,-0.014887870957636126,3.0,-151.87870957636125,5.0,False,7520.0,1.0,False,
2026-05-14,PCSB,0.0,0.0,0.0,0.0,3.0,-3.0,5.0,False,5013.0,2.0,False,
2026-05-14,PCSC,0.0,0.0,0.0,-0.001907001994391458,3.0,-22.07001994391458,5.0,False,6993.0,1.0,True,
2026-05-14,PCT,0.003676060267857143,0.004464285714285714,-0.0007882254464285712,0.0029178755869315696,3.0,26.178755869315697,5.0,True,522.0,5.0,True,"SELL because predicted alpha is in the top decile. Net alpha after estimated 3.0 bps trading cost is 26.18 bps versus threshold 5.00 bps. Main contributors were mom_5, mom_1, mom_21. Price filter passed; liquidity filter passed."
2026-05-14,PCTI,0.0,0.0,0.0,0.0,3.0,-3.0,5.0,False,5014.0,2.0,False,
2026-05-14,PCTY,0.0,0.0,0.0,0.0003227836740432033,3.0,0.22783674043203295,5.0,False,1809.0,3.0,True,
2026-05-14,PCVX,0.0,0.0,0.0,0.0011601459549412916,3.0,8.601459549412917,5.0,True,1270.0,4.0,True,
2026-05-14,PCX,0.0,0.0,0.0,0.0,3.0,-3.0,5.0,False,5015.0,2.0,False,
2026-05-14,PCYC,0.0,0.0,0.0,0.0,3.0,-3.0,5.0,False,5016.0,2.0,False,
2026-05-14,PCYG,0.0,0.0,0.0,0.0,3.0,-3.0,5.0,False,5017.0,2.0,False,
2026-05-14,PCYO,0.0,0.0,0.0,0.0023391666255582868,3.0,20.391666255582866,5.0,True,714.0,5.0,True,
2026-05-14,PDCE,0.0,0.0,0.0,0.0,3.0,-3.0,5.0,False,5018.0,2.0,False,
2026-05-14,PDCO,0.0,0.0,0.0,0.0,3.0,-3.0,5.0,False,5019.0,2.0,False,
2026-05-14,PDEX,0.0,0.0,0.0,0.001668873847827267,3.0,13.688738478272668,5.0,True,981.0,4.0,True,
2026-05-14,PDFS,0.0,0.0,0.0,-0.0014202769266610025,3.0,-17.202769266610026,5.0,False,6897.0,1.0,True,
2026-05-14,PDII,0.0,0.0,0.0,0.0,3.0,-3.0,5.0,False,5020.0,2.0,False,
2026-05-14,PDLB,0.0,0.0,0.0,0.002366460844945087,3.0,20.66460844945087,5.0,True,698.0,5.0,True,
2026-05-14,PDLI,0.0,0.0,0.0,0.0,3.0,-3.0,5.0,False,5021.0,2.0,False,
2026-05-14,PDLIV,0.0,0.0,0.0,0.0,3.0,-3.0,5.0,False,5022.0,2.0,False,
2026-05-14,PDSB,0.0,0.0,0.0,-0.0043654972455473996,3.0,-46.654972455473995,5.0,False,7297.0,1.0,False,
2026-05-14,PDVW,0.0,0.0,0.0,0.0,3.0,-3.0,5.0,False,5023.0,2.0,False,
2026-05-14,PDYN,0.0,0.0,0.0,0.0023184974726046846,3.0,20.184974726046846,5.0,True,721.0,5.0,True,
2026-05-14,PEAR,0.0,0.0,0.0,0.0,3.0,-3.0,5.0,False,5024.0,2.0,False,
2026-05-14,PEBK,0.0,0.0,0.0,0.0004364666880708269,3.0,1.3646668807082696,5.0,False,1753.0,3.0,True,
2026-05-14,PEBO,0.0,0.0,0.0,0.0005483312064969302,3.0,2.4833120649693026,5.0,False,1669.0,3.0,True,
2026-05-14,PECK,0.0,0.0,0.0,0.0,3.0,-3.0,5.0,False,5025.0,2.0,False,
2026-05-14,PECO,0.0,0.0,0.0,-0.00040295311478661994,3.0,-7.0295311478662,5.0,False,6580.0,2.0,True,
2026-05-14,PEER,0.0,0.0,0.0,0.0,3.0,-3.0,5.0,False,5026.0,2.0,False,
2026-05-14,PEGA,0.0,0.0,0.0,-0.00042346632396003664,3.0,-7.2346632396003665,5.0,False,6592.0,2.0,True,
2026-05-14,PEGI,0.0,0.0,0.0,0.0,3.0,-3.0,5.0,False,5027.0,2.0,False,
2026-05-14,PEGR,0.0,0.0,0.0,0.0,3.0,-3.0,5.0,False,5028.0,2.0,False,
2026-05-14,PEGY,0.0,0.0,0.0,0.0,3.0,-3.0,5.0,False,5029.0,2.0,False,
2026-05-14,PELI,0.0,0.0,0.0,0.0,3.0,-3.0,5.0,False,5030.0,2.0,False,
2026-05-14,PENG,0.004457310267857143,0.004464285714285714,-6.975446428571404e-06,0.006692757974070073,3.0,63.927579740700736,5.0,True,74.0,5.0,True,"SELL because predicted alpha is in the top decile. Net alpha after estimated 3.0 bps trading cost is 63.93 bps versus threshold 5.00 bps. Main contributors were mom_5, mom_21, close_to_low_20. Price filter passed; liquidity filter passed."
2026-05-14,PENN,0.0,0.0,0.0,0.0029250325827737057,3.0,26.250325827737058,5.0,True,520.0,5.0,True,
2026-05-14,PENX,0.0,0.0,0.0,0.0,3.0,-3.0,5.0,False,5031.0,2.0,False,
2026-05-14,PEOP,0.0,0.0,0.0,0.0,3.0,-3.0,5.0,False,5032.0,2.0,False,
2026-05-14,PEP,0.0,0.0,0.0,0.0012411368768091855,3.0,9.411368768091855,5.0,True,1220.0,4.0,True,
2026-05-14,PEPG,0.0,0.0,0.0,-0.0016330725102630813,3.0,-19.33072510263081,5.0,False,6938.0,1.0,False,
2026-05-14,PEPL,0.0,0.0,0.0,0.0,3.0,-3.0,5.0,False,5033.0,2.0,False,
2026-05-14,PERI,0.0,0.0,0.0,0.0019061766856015969,3.0,16.061766856015968,5.0,True,866.0,4.0,True,
2026-05-14,PERY,0.0,0.0,0.0,0.0,3.0,-3.0,5.0,False,5034.0,2.0,False,
2026-05-14,PESI,0.0,0.0,0.0,-0.00033368787497346493,3.0,-6.33687874973465,5.0,False,6549.0,2.0,True,
2026-05-14,PET,0.0,0.0,0.0,0.0,3.0,-3.0,5.0,False,5035.0,2.0,False,
2026-05-14,PETD,0.0,0.0,0.0,0.0,3.0,-3.0,5.0,False,5036.0,2.0,False,
2026-05-14,PETM,0.0,0.0,0.0,0.0,3.0,-3.0,5.0,False,5037.0,2.0,False,
2026-05-14,PETQ,0.0,0.0,0.0,0.0,3.0,-3.0,5.0,False,5038.0,2.0,False,
2026-05-14,PETS,0.0,0.0,0.0,0.0008000953811575606,3.0,5.000953811575606,5.0,True,1504.0,4.0,False,
2026-05-14,PETV,0.0,0.0,0.0,0.0,3.0,-3.0,5.0,False,5039.0,2.0,False,
2026-05-14,PETX,0.0,0.0,0.0,0.0,3.0,-3.0,5.0,False,5040.0,2.0,False,
2026-05-14,PETZ,0.0,0.0,0.0,0.005532384370665559,3.0,52.32384370665559,5.0,True,132.0,5.0,False,
2026-05-14,PEV,0.0,0.0,0.0,0.0,3.0,-3.0,5.0,False,5041.0,2.0,False,
2026-05-14,PFAI,0.0,0.0,0.0,0.001861630238496718,3.0,15.616302384967181,5.0,True,889.0,4.0,False,
2026-05-14,PFBC,0.0,0.0,0.0,-0.00017524015036640044,3.0,-4.752401503664005,5.0,False,6465.0,2.0,True,
2026-05-14,PFBI,0.0,0.0,0.0,0.0,3.0,-3.0,5.0,False,5042.0,2.0,False,
2026-05-14,PFBX,0.0,0.0,0.0,0.0,3.0,-3.0,5.0,False,5043.0,2.0,False,
2026-05-14,PFC,0.0,0.0,0.0,0.0,3.0,-3.0,5.0,False,5044.0,2.0,False,
2026-05-14,PFCB,0.0,0.0,0.0,0.0,3.0,-3.0,5.0,False,5045.0,2.0,False,
2026-05-14,PFDR,0.0,0.0,0.0,0.0,3.0,-3.0,5.0,False,5046.0,2.0,False,
2026-05-14,PFG,0.0,0.0,0.0,0.002448470766423752,3.0,21.484707664237522,5.0,True,661.0,5.0,True,
2026-05-14,PFHD,0.0,0.0,0.0,0.0,3.0,-3.0,5.0,False,5047.0,2.0,False,
2026-05-14,PFIE,0.0,0.0,0.0,0.0,3.0,-3.0,5.0,False,5048.0,2.0,False,
2026-05-14,PFIN,0.0,0.0,0.0,0.0,3.0,-3.0,5.0,False,5049.0,2.0,False,
2026-05-14,PFIS,0.0,0.0,0.0,-0.0014340970989214284,3.0,-17.340970989214284,5.0,False,6904.0,1.0,True,
2026-05-14,PFMT,0.0,0.0,0.0,0.0,3.0,-3.0,5.0,False,5050.0,2.0,False,
2026-05-14,PFPT,0.0,0.0,0.0,0.0,3.0,-3.0,5.0,False,5051.0,2.0,False,
2026-05-14,PFSA,0.0,0.0,0.0,-0.004327317356517386,3.0,-46.273173565173856,5.0,False,7294.0,1.0,False,
2026-05-14,PFSW,0.0,0.0,0.0,0.0,3.0,-3.0,5.0,False,5052.0,2.0,False,
2026-05-14,PFTA,0.0,0.0,0.0,0.0,3.0,-3.0,5.0,False,5053.0,2.0,False,
2026-05-14,PFWD,0.0,0.0,0.0,0.0,3.0,-3.0,5.0,False,5054.0,2.0,False,
2026-05-14,PFX,0.0,0.0,0.0,-0.0005061434922696429,3.0,-8.06143492269643,5.0,False,6632.0,2.0,True,
2026-05-14,PFXNL,0.0,0.0,0.0,0.0,3.0,-3.0,5.0,False,5055.0,2.0,False,
2026-05-14,PFXNZ,0.0,0.0,0.0,2.504947621066632e-05,3.0,-2.7495052378933367,5.0,False,1975.0,3.0,True,
2026-05-14,PGAC,0.0,0.0,0.0,0.0005165062914853826,3.0,2.1650629148538263,5.0,False,1695.0,3.0,True,
2026-05-14,PGC,0.0,0.0,0.0,0.0016918484746389784,3.0,13.918484746389783,5.0,True,966.0,4.0,True,
2026-05-14,PGEN,0.0,0.0,0.0,0.0014864233330496126,3.0,11.864233330496125,5.0,True,1077.0,4.0,False,
2026-05-14,PGHL,0.0,0.0,0.0,0.0,3.0,-3.0,5.0,False,5056.0,2.0,False,
2026-05-14,PGLC,0.0,0.0,0.0,0.0,3.0,-3.0,5.0,False,5057.0,2.0,False,
2026-05-14,PGNX,0.0,0.0,0.0,0.0,3.0,-3.0,5.0,False,5058.0,2.0,False,
2026-05-14,PGNY,0.004457310267857143,0.004464285714285714,-6.975446428571404e-06,0.0054066612574504135,3.0,51.066612574504134,5.0,True,145.0,5.0,True,"SELL because predicted alpha is in the top decile. Net alpha after estimated 3.0 bps trading cost is 51.07 bps versus threshold 5.00 bps. Main contributors were mom_5, parkinson_vol_20, intraday_return. Price filter passed; liquidity filter passed."
2026-05-14,PGRW,0.0,0.0,0.0,0.0,3.0,-3.0,5.0,False,5059.0,2.0,False,
2026-05-14,PGY,0.0,0.0,0.0,-0.00021161120152338723,3.0,-5.116112015233872,5.0,False,6482.0,2.0,True,
2026-05-14,PHAR,0.0,0.0,0.0,0.002944685519676496,3.0,26.44685519676496,5.0,True,517.0,5.0,True,
2026-05-14,PHAS,0.0,0.0,0.0,0.0,3.0,-3.0,5.0,False,5060.0,2.0,False,
2026-05-14,PHAT,0.0,0.0,0.0,0.000859467143141439,3.0,5.59467143141439,5.0,True,1468.0,4.0,True,
2026-05-14,PHCF,0.0,0.0,0.0,0.0,3.0,-3.0,5.0,False,5061.0,2.0,False,
2026-05-14,PHH,0.0,0.0,0.0,0.0,3.0,-3.0,5.0,False,5062.0,2.0,False,
2026-05-14,PHIC,0.0,0.0,0.0,0.0,3.0,-3.0,5.0,False,5063.0,2.0,False,
2026-05-14,PHII,0.0,0.0,0.0,0.0,3.0,-3.0,5.0,False,5064.0,2.0,False,
2026-05-14,PHII.K,0.0,0.0,0.0,0.0,3.0,-3.0,5.0,False,5065.0,2.0,False,
2026-05-14,PHIIK,0.0,0.0,0.0,0.0,3.0,-3.0,5.0,False,5066.0,2.0,False,
2026-05-14,PHIO,0.0,0.0,0.0,-0.0005281346289862489,3.0,-8.281346289862489,5.0,False,6638.0,2.0,False,
2026-05-14,PHLT,0.0,0.0,0.0,0.0,3.0,-3.0,5.0,False,5067.0,2.0,False,
2026-05-14,PHMD,0.0,0.0,0.0,0.0,3.0,-3.0,5.0,False,5068.0,2.0,False,
2026-05-14,PHOE,-0.003676060267857143,-0.004464285714285714,0.0007882254464285712,-0.023287568793162714,3.0,229.87568793162714,5.0,True,7552.0,1.0,True,"COVER because predicted alpha is in the bottom decile. Net alpha after estimated 3.0 bps trading cost is 229.88 bps versus threshold 5.00 bps. Main contributors were parkinson_vol_20, volatility_10, mom_5. Price filter passed; liquidity filter failed."
2026-05-14,PHUN,0.0,0.0,0.0,-0.005680637976788657,3.0,-59.80637976788657,5.0,False,7366.0,1.0,False,
2026-05-14,PHVS,0.0,0.0,0.0,0.004609375727699058,3.0,43.09375727699058,5.0,True,222.0,5.0,True,
2026-05-14,PI,0.00078125,0.0,0.00078125,0.005268241809310159,3.0,49.68241809310159,5.0,True,164.0,5.0,True,"BUY because predicted alpha is in the top decile. Net alpha after estimated 3.0 bps trading cost is 49.68 bps versus threshold 5.00 bps. Main contributors were intraday_return, parkinson_vol_20, mom_21. Price filter passed; liquidity filter passed."
2026-05-14,PICO,0.0,0.0,0.0,0.0,3.0,-3.0,5.0,False,5069.0,2.0,False,
2026-05-14,PICS,0.0,0.0,0.0,0.0018633668552356152,3.0,15.633668552356152,5.0,True,887.0,4.0,True,
2026-05-14,PIH,0.0,0.0,0.0,0.0,3.0,-3.0,5.0,False,5070.0,2.0,False,
2026-05-14,PIII,0.0,0.0,0.0,-0.007324782475742618,3.0,-76.24782475742619,5.0,False,7427.0,1.0,False,
2026-05-14,PIK,0.0,0.0,0.0,0.0,3.0,-3.0,5.0,False,5071.0,2.0,False,
2026-05-14,PINC,0.0,0.0,0.0,0.0,3.0,-3.0,5.0,False,5072.0,2.0,False,
2026-05-14,PIOI,0.0,0.0,0.0,0.0,3.0,-3.0,5.0,False,5073.0,2.0,False,
2026-05-14,PIRS,0.0,0.0,0.0,0.0,3.0,-3.0,5.0,False,5074.0,2.0,False,
2026-05-14,PITA,0.0,0.0,0.0,0.0,3.0,-3.0,5.0,False,5075.0,2.0,False,
2026-05-14,PIXY,0.0,0.0,0.0,0.0,3.0,-3.0,5.0,False,5076.0,2.0,False,
2026-05-14,PKBK,0.0,0.0,0.0,0.0014748193330639406,3.0,11.748193330639406,5.0,True,1086.0,4.0,True,
2026-05-14,PKBO,0.0,0.0,0.0,0.0,3.0,-3.0,5.0,False,5077.0,2.0,False,
2026-05-14,PKOH,0.0,0.0,0.0,0.0015504517793226865,3.0,12.504517793226865,5.0,True,1038.0,4.0,True,
2026-05-14,PKT,0.0,0.0,0.0,0.0,3.0,-3.0,5.0,False,5078.0,2.0,False,
2026-05-14,PLAB,0.0,0.0,0.0,0.003254048824630767,3.0,29.540488246307675,5.0,True,446.0,5.0,True,
2026-05-14,PLAO,0.0,0.0,0.0,0.0,3.0,-3.0,5.0,False,5079.0,2.0,False,
2026-05-14,PLAY,-0.004457310267857143,-0.004464285714285714,6.975446428571404e-06,-0.0025055904864283,3.0,22.055904864282997,5.0,True,7116.0,1.0,True,"COVER because predicted alpha is in the bottom decile. Net alpha after estimated 3.0 bps trading cost is 22.06 bps versus threshold 5.00 bps. Main contributors were debt_to_equity, mom_21, intraday_return. Price filter passed; liquidity filter passed."
2026-05-14,PLBC,0.0,0.0,0.0,0.0016863641058150079,3.0,13.86364105815008,5.0,True,970.0,4.0,True,
2026-05-14,PLBL,0.0,0.0,0.0,0.0024833115570200605,3.0,21.833115570200604,5.0,True,647.0,5.0,True,
2026-05-14,PLBY,0.0,0.0,0.0,-0.0021351537474707622,3.0,-24.351537474707623,5.0,False,7046.0,1.0,False,
2026-05-14,PLCC,0.0,0.0,0.0,0.0,3.0,-3.0,5.0,False,5080.0,2.0,False,
2026-05-14,PLCE,0.0,0.0,0.0,-0.00047569784996803397,3.0,-7.75697849968034,5.0,False,6619.0,2.0,False,
2026-05-14,PLCM,0.0,0.0,0.0,0.0,3.0,-3.0,5.0,False,5081.0,2.0,False,
2026-05-14,PLIN,0.0,0.0,0.0,0.0,3.0,-3.0,5.0,False,5082.0,2.0,False,
2026-05-14,PLKI,0.0,0.0,0.0,0.0,3.0,-3.0,5.0,False,5083.0,2.0,False,
2026-05-14,PLL,0.0,0.0,0.0,0.0,3.0,-3.0,5.0,False,5084.0,2.0,False,
2026-05-14,PLMI,0.0,0.0,0.0,0.0,3.0,-3.0,5.0,False,5085.0,2.0,False,
2026-05-14,PLMJ,0.0,0.0,0.0,0.0,3.0,-3.0,5.0,False,5086.0,2.0,False,
2026-05-14,PLMK,0.0,0.0,0.0,0.0006741415664261773,3.0,3.7414156642617726,5.0,False,1588.0,3.0,True,
2026-05-14,PLMR,0.0,0.0,0.0,0.00029998364193351023,3.0,-0.00016358066489763345,5.0,False,1824.0,3.0,True,
2026-05-14,PLMT,0.0,0.0,0.0,0.0,3.0,-3.0,5.0,False,5087.0,2.0,False,
2026-05-14,PLNR,0.0,0.0,0.0,0.0,3.0,-3.0,5.0,False,5088.0,2.0,False,
2026-05-14,PLPC,0.0,0.0,0.0,0.0020054097231524378,3.0,17.054097231524377,5.0,True,827.0,4.0,True,
2026-05-14,PLPM,0.0,0.0,0.0,0.0,3.0,-3.0,5.0,False,5089.0,2.0,False,
2026-05-14,PLRX,0.0,0.0,0.0,-0.005308099807907753,3.0,-56.08099807907753,5.0,False,7348.0,1.0,False,
2026-05-14,PLRZ,0.0,0.0,0.0,-6.801843219379072e-05,3.0,-3.680184321937907,5.0,False,6411.0,2.0,True,
2026-05-14,PLSE,0.003676060267857143,0.004464285714285714,-0.0007882254464285712,0.0010466226234536484,3.0,7.466226234536483,5.0,True,1336.0,4.0,True,"SELL because predicted alpha is in the top decile. Net alpha after estimated 3.0 bps trading cost is 7.47 bps versus threshold 5.00 bps. Main contributors were mom_5, gross_margin, mom_1. Price filter passed; liquidity filter passed."
2026-05-14,PLSM,0.0,0.0,0.0,-0.0030977329902367014,3.0,-33.97732990236702,5.0,False,7187.0,1.0,False,
2026-05-14,PLTK,0.0,0.0,0.0,0.00197310653464421,3.0,16.7310653464421,5.0,True,841.0,4.0,False,
2026-05-14,PLTN,0.0,0.0,0.0,0.0,3.0,-3.0,5.0,False,5090.0,2.0,False,
2026-05-14,PLTR,0.0,0.0,0.0,0.001021673288051996,3.0,7.2167328805199595,5.0,True,1358.0,4.0,True,
2026-05-14,PLTS,0.0,0.0,0.0,0.0,3.0,-3.0,5.0,False,5091.0,2.0,False,
2026-05-14,PLUG,0.0,0.0,0.0,0.010169645381750443,3.0,98.69645381750443,5.0,True,13.0,5.0,False,
2026-05-14,PLUR,0.0,0.0,0.0,0.0003634321985573467,3.0,0.6343219855734668,5.0,False,1793.0,3.0,False,
2026-05-14,PLUS,0.0,0.0,0.0,0.0011987617518299794,3.0,8.987617518299794,5.0,True,1248.0,4.0,True,
2026-05-14,PLUT,0.0,0.0,0.0,-0.007763775213438939,3.0,-80.63775213438939,5.0,False,7438.0,1.0,False,
2026-05-14,PLXP,0.0,0.0,0.0,0.0,3.0,-3.0,5.0,False,5092.0,2.0,False,
2026-05-14,PLXS,0.0,0.0,0.0,0.0024405418583351673,3.0,21.405418583351672,5.0,True,663.0,5.0,True,
2026-05-14,PLXT,0.0,0.0,0.0,0.0,3.0,-3.0,5.0,False,5093.0,2.0,False,
2026-05-14,PLYA,0.0,0.0,0.0,0.0,3.0,-3.0,5.0,False,5094.0,2.0,False,
2026-05-14,PLYX,0.0,0.0,0.0,-0.001491386111439055,3.0,-17.91386111439055,5.0,False,6910.0,1.0,False,
2026-05-14,PMAX,0.0,0.0,0.0,-0.016606118230814773,3.0,-169.06118230814772,5.0,False,7526.0,1.0,False,
2026-05-14,PMBC,0.0,0.0,0.0,0.0,3.0,-3.0,5.0,False,5095.0,2.0,False,
2026-05-14,PMCB,0.0,0.0,0.0,-0.010861574340794048,3.0,-111.61574340794049,5.0,False,7492.0,1.0,False,
2026-05-14,PMCS,0.0,0.0,0.0,0.0,3.0,-3.0,5.0,False,5096.0,2.0,False,
2026-05-14,PMD,0.0,0.0,0.0,0.0,3.0,-3.0,5.0,False,5097.0,2.0,False,
2026-05-14,PME,0.0,0.0,0.0,0.0,3.0,-3.0,5.0,False,5098.0,2.0,False,
2026-05-14,PMEC,0.0,0.0,0.0,-0.004191599832707647,3.0,-44.915998327076466,5.0,False,7283.0,1.0,False,
2026-05-14,PMFG,0.0,0.0,0.0,0.0,3.0,-3.0,5.0,False,5099.0,2.0,False,
2026-05-14,PMGM,0.0,0.0,0.0,0.0,3.0,-3.0,5.0,False,5100.0,2.0,False,
2026-05-14,PMN,0.0,0.0,0.0,-8.95575035301952e-06,3.0,-3.0895575035301954,5.0,False,6382.0,2.0,True,
2026-05-14,PMTR,0.0,0.0,0.0,0.0004066599755414065,3.0,1.0665997554140656,5.0,False,1768.0,3.0,True,
2026-05-14,PMTS,0.0,0.0,0.0,0.0016403152713797306,3.0,13.403152713797304,5.0,True,994.0,4.0,True,
2026-05-14,PMVP,0.0,0.0,0.0,-0.0003865110962770283,3.0,-6.865110962770283,5.0,False,6573.0,2.0,False,
2026-05-14,PN,0.0,0.0,0.0,-0.024874449437592493,3.0,-251.74449437592494,5.0,False,7561.0,1.0,False,
2026-05-14,PNAC,0.0,0.0,0.0,0.0,3.0,-3.0,5.0,False,5101.0,2.0,False,
2026-05-14,PNBK,0.0,0.0,0.0,-0.0025010355529232705,3.0,-28.010355529232704,5.0,False,7115.0,1.0,False,
2026-05-14,PNK,0.0,0.0,0.0,0.0,3.0,-3.0,5.0,False,5102.0,2.0,False,
2026-05-14,PNKZ.V,0.0,0.0,0.0,0.0,3.0,-3.0,5.0,False,5103.0,2.0,False,
2026-05-14,PNNTG,0.0,0.0,0.0,0.0,3.0,-3.0,5.0,False,5104.0,2.0,False,
2026-05-14,PNRA,0.0,0.0,0.0,0.0,3.0,-3.0,5.0,False,5105.0,2.0,False,
2026-05-14,PNRG,0.0,0.0,0.0,0.0042302440868620785,3.0,39.302440868620785,5.0,True,267.0,5.0,True,
2026-05-14,PNT,0.0,0.0,0.0,0.0,3.0,-3.0,5.0,False,5106.0,2.0,False,
2026-05-14,PNTG,0.0,0.0,0.0,0.0007170895339565735,3.0,4.170895339565734,5.0,False,1557.0,3.0,True,
2026-05-14,PNTR,0.0,0.0,0.0,0.0,3.0,-3.0,5.0,False,5107.0,2.0,False,
2026-05-14,POAI,0.0,0.0,0.0,0.0,3.0,-3.0,5.0,False,5108.0,2.0,False,
2026-05-14,POCI,0.0,0.0,0.0,-0.0021845816144094245,3.0,-24.845816144094243,5.0,False,7060.0,1.0,False,
2026-05-14,PODC,0.0,0.0,0.0,0.00553346625396274,3.0,52.334662539627395,5.0,True,131.0,5.0,False,
2026-05-14,PODD,0.0,0.0,0.0,-0.0011858032932912364,3.0,-14.858032932912364,5.0,False,6842.0,1.0,True,
2026-05-14,POET,0.0028948102678571425,0.004464285714285714,-0.0015694754464285715,-0.005582393265653011,3.0,-58.823932656530104,5.0,False,7357.0,1.0,True,"SELL because predicted alpha is in the top decile. Net alpha after estimated 3.0 bps trading cost is -58.82 bps versus threshold 5.00 bps. Main contributors were mom_5, hl_range_20, close_to_low_20. Price filter passed; liquidity filter passed."
2026-05-14,POLA,0.0,0.0,0.0,0.001186503493105724,3.0,8.86503493105724,5.0,True,1254.0,4.0,False,
2026-05-14,POLE,0.0,0.0,0.0,0.0004580056827893902,3.0,1.5800568278939018,5.0,False,1737.0,3.0,True,
2026-05-14,PONO,0.0,0.0,0.0,0.0013160990752486353,3.0,10.160990752486352,5.0,True,1179.0,4.0,True,
2026-05-14,POOL,0.0,0.0,0.0,0.0004953719096285139,3.0,1.9537190962851385,5.0,False,1709.0,3.0,True,
2026-05-14,POSH,0.0,0.0,0.0,0.0,3.0,-3.0,5.0,False,5109.0,2.0,False,
2026-05-14,POWI,0.0,0.0,0.0,0.0027536517391138827,3.0,24.536517391138826,5.0,True,565.0,5.0,True,
2026-05-14,POWL,0.003676060267857143,0.004464285714285714,-0.0007882254464285712,0.004890868064839786,3.0,45.90868064839786,5.0,True,194.0,5.0,True,"SELL because predicted alpha is in the top decile. Net alpha after estimated 3.0 bps trading cost is 45.91 bps versus threshold 5.00 bps. Main contributors were mom_252, parkinson_vol_20, mom_21. Price filter passed; liquidity filter passed."
2026-05-14,POWW,0.0,0.0,0.0,0.0055242665431546895,3.0,52.2426654315469,5.0,True,133.0,5.0,False,
2026-05-14,POZN,0.0,0.0,0.0,0.0,3.0,-3.0,5.0,False,5110.0,2.0,False,
2026-05-14,PPBI,0.0,0.0,0.0,0.0,3.0,-3.0,5.0,False,5111.0,2.0,False,
2026-05-14,PPC,0.0,0.0,0.0,0.0019073594437420101,3.0,16.073594437420102,5.0,True,864.0,4.0,True,
2026-05-14,PPCB,0.0,0.0,0.0,0.00463014934262233,3.0,43.301493426223296,5.0,True,218.0,5.0,False,
2026-05-14,PPD,0.0,0.0,0.0,0.0,3.0,-3.0,5.0,False,5112.0,2.0,False,
2026-05-14,PPDI,0.0,0.0,0.0,0.0,3.0,-3.0,5.0,False,5113.0,2.0,False,
2026-05-14,PPGH,0.0,0.0,0.0,0.0,3.0,-3.0,5.0,False,5114.0,2.0,False,
2026-05-14,PPHC,0.0,0.0,0.0,0.0004775099514565315,3.0,1.7750995145653148,5.0,False,1725.0,3.0,True,
2026-05-14,PPHI,0.0,0.0,0.0,0.0,3.0,-3.0,5.0,False,5115.0,2.0,False,
2026-05-14,PPHM,0.0,0.0,0.0,0.0,3.0,-3.0,5.0,False,5116.0,2.0,False,
2026-05-14,PPHM.P,0.0,0.0,0.0,0.0,3.0,-3.0,5.0,False,5117.0,2.0,False,
2026-05-14,PPHP,0.0,0.0,0.0,0.0,3.0,-3.0,5.0,False,5118.0,2.0,False,
2026-05-14,PPIH,0.0,0.0,0.0,-0.00030425790212016204,3.0,-6.04257902120162,5.0,False,6535.0,2.0,True,
2026-05-14,PPSI,0.0,0.0,0.0,0.00401108233633032,3.0,37.110823363303204,5.0,True,302.0,5.0,False,
2026-05-14,PPTA,0.004457310267857143,0.004464285714285714,-6.975446428571404e-06,0.006324747434397168,3.0,60.24747434397168,5.0,True,88.0,5.0,True,"SELL because predicted alpha is in the top decile. Net alpha after estimated 3.0 bps trading cost is 60.25 bps versus threshold 5.00 bps. Main contributors were parkinson_vol_20, intraday_return, mom_5. Price filter passed; liquidity filter passed."
2026-05-14,PPYA,0.0,0.0,0.0,0.0,3.0,-3.0,5.0,False,5119.0,2.0,False,
2026-05-14,PRAA,-0.00078125,0.0,-0.00078125,-0.0027113201574061213,3.0,24.11320157406121,5.0,True,7142.0,1.0,True,"SHORT because predicted alpha is in the bottom decile. Net alpha after estimated 3.0 bps trading cost is 24.11 bps versus threshold 5.00 bps. Main contributors were mom_5, volume_z_60, mom_21. Price filter passed; liquidity filter passed."
2026-05-14,PRAH,0.0,0.0,0.0,0.0,3.0,-3.0,5.0,False,5120.0,2.0,False,
2026-05-14,PRAX,0.0,0.0,0.0,0.004275495222687413,3.0,39.754952226874124,5.0,True,260.0,5.0,True,
2026-05-14,PRCH,0.0,0.0,0.0,0.000689583679421573,3.0,3.8958367942157306,5.0,False,1580.0,3.0,True,
2026-05-14,PRCP,0.0,0.0,0.0,0.0,3.0,-3.0,5.0,False,5121.0,2.0,False,
2026-05-14,PRCT,0.0,0.0,0.0,0.0005718662300687264,3.0,2.7186623006872646,5.0,False,1657.0,3.0,True,
2026-05-14,PRDO,0.0,0.0,0.0,0.002402046899537245,3.0,21.02046899537245,5.0,True,681.0,5.0,True,
2026-05-14,PRDS,0.0,0.0,0.0,0.0,3.0,-3.0,5.0,False,5122.0,2.0,False,
2026-05-14,PRE,0.0,0.0,0.0,0.0015329052295722108,3.0,12.329052295722109,5.0,True,1050.0,4.0,True,
2026-05-14,PRFT,0.0,0.0,0.0,0.0,3.0,-3.0,5.0,False,5123.0,2.0,False,
2026-05-14,PRFX,0.0,0.0,0.0,0.0005213924977382806,3.0,2.2139249773828054,5.0,False,1689.0,3.0,False,
2026-05-14,PRGN,0.0,0.0,0.0,0.0,3.0,-3.0,5.0,False,5124.0,2.0,False,
2026-05-14,PRGN.L,0.0,0.0,0.0,0.0,3.0,-3.0,5.0,False,5125.0,2.0,False,
2026-05-14,PRGS,0.0,0.0,0.0,-0.0008871246060469635,3.0,-11.871246060469634,5.0,False,6760.0,2.0,True,
2026-05-14,PRGX,0.0,0.0,0.0,0.0,3.0,-3.0,5.0,False,5126.0,2.0,False,
2026-05-14,PRHI,0.0,0.0,0.0,0.003092787519007108,3.0,27.92787519007108,5.0,True,475.0,5.0,False,
2026-05-14,PRHIZ,0.0,0.0,0.0,0.0,3.0,-3.0,5.0,False,5127.0,2.0,False,
2026-05-14,PRKR,0.0,0.0,0.0,0.0,3.0,-3.0,5.0,False,5128.0,2.0,False,
2026-05-14,PRKU,0.0,0.0,0.0,0.0,3.0,-3.0,5.0,False,5129.0,2.0,False,
2026-05-14,PRLD,0.0,0.0,0.0,0.0013083707115270286,3.0,10.083707115270286,5.0,True,1184.0,4.0,False,
2026-05-14,PRLH,0.0,0.0,0.0,0.0,3.0,-3.0,5.0,False,5130.0,2.0,False,
2026-05-14,PRLS,0.0,0.0,0.0,0.0,3.0,-3.0,5.0,False,5131.0,2.0,False,
2026-05-14,PRME,0.0,0.0,0.0,0.004681534185596671,3.0,43.81534185596671,5.0,True,215.0,5.0,False,
2026-05-14,PRNB,0.0,0.0,0.0,0.0,3.0,-3.0,5.0,False,5132.0,2.0,False,
2026-05-14,PROC,0.0,0.0,0.0,0.0,3.0,-3.0,5.0,False,5133.0,2.0,False,
2026-05-14,PROF,0.0,0.0,0.0,0.0014659548944799036,3.0,11.659548944799036,5.0,True,1091.0,4.0,True,
2026-05-14,PROG,0.0,0.0,0.0,0.0,3.0,-3.0,5.0,False,5134.0,2.0,False,
2026-05-14,PROK,0.0,0.0,0.0,0.0016646486986485682,3.0,13.64648698648568,5.0,True,983.0,4.0,False,
2026-05-14,PROP,0.0,0.0,0.0,-0.0010333232688699181,3.0,-13.333232688699182,5.0,False,6803.0,2.0,False,
2026-05-14,PROV,0.0,0.0,0.0,0.0005433442683562403,3.0,2.4334426835624026,5.0,False,1673.0,3.0,True,
2026-05-14,PRPH,0.0,0.0,0.0,0.0,3.0,-3.0,5.0,False,5135.0,2.0,False,
2026-05-14,PRPL,0.0,0.0,0.0,0.002062410951717523,3.0,17.62410951717523,5.0,True,808.0,4.0,False,
2026-05-14,PRPO,0.0,0.0,0.0,0.001403043890607471,3.0,11.03043890607471,5.0,True,1133.0,4.0,True,
2026-05-14,PRQR,0.0,0.0,0.0,0.0035811214381503177,3.0,32.81121438150318,5.0,True,373.0,5.0,False,
2026-05-14,PRSC,0.0,0.0,0.0,0.0,3.0,-3.0,5.0,False,5136.0,2.0,False,
2026-05-14,PRSN,0.0,0.0,0.0,0.0,3.0,-3.0,5.0,False,5137.0,2.0,False,
2026-05-14,PRSN.W,0.0,0.0,0.0,0.0,3.0,-3.0,5.0,False,5138.0,2.0,False,
2026-05-14,PRSO,0.0,0.0,0.0,-0.0028074716108047342,3.0,-31.074716108047344,5.0,False,7155.0,1.0,False,
2026-05-14,PRSR,0.0,0.0,0.0,0.0,3.0,-3.0,5.0,False,5139.0,2.0,False,
2026-05-14,PRSS,0.0,0.0,0.0,0.0,3.0,-3.0,5.0,False,5140.0,2.0,False,
2026-05-14,PRST,0.0,0.0,0.0,0.0,3.0,-3.0,5.0,False,5141.0,2.0,False,
2026-05-14,PRTA,-0.004457310267857143,-0.004464285714285714,6.975446428571404e-06,-0.0060141771614828695,3.0,57.1417716148287,5.0,True,7385.0,1.0,True,"COVER because predicted alpha is in the bottom decile. Net alpha after estimated 3.0 bps trading cost is 57.14 bps versus threshold 5.00 bps. Main contributors were earnings_yield, book_to_market, intraday_return. Price filter passed; liquidity filter passed."
2026-05-14,PRTG,0.0,0.0,0.0,0.0,3.0,-3.0,5.0,False,5142.0,2.0,False,
2026-05-14,PRTH,0.003676060267857143,0.004464285714285714,-0.0007882254464285712,0.00253241193289034,3.0,22.3241193289034,5.0,True,629.0,5.0,True,"SELL because predicted alpha is in the top decile. Net alpha after estimated 3.0 bps trading cost is 22.32 bps versus threshold 5.00 bps. Main contributors were parkinson_vol_20, mom_5, debt_to_equity. Price filter passed; liquidity filter passed."
2026-05-14,PRTK,0.0,0.0,0.0,0.0,3.0,-3.0,5.0,False,5143.0,2.0,False,
2026-05-14,PRTS,0.0,0.0,0.0,-0.0016334526727261563,3.0,-19.33452672726156,5.0,False,6939.0,1.0,False,
2026-05-14,PRVA,0.0,0.0,0.0,-0.0005552552918738206,3.0,-8.552552918738206,5.0,False,6644.0,2.0,True,
2026-05-14,PRVB,0.0,0.0,0.0,0.0,3.0,-3.0,5.0,False,5144.0,2.0,False,
2026-05-14,PRVL,0.0,0.0,0.0,0.0,3.0,-3.0,5.0,False,5145.0,2.0,False,
2026-05-14,PRXI,0.0,0.0,0.0,0.0,3.0,-3.0,5.0,False,5146.0,2.0,False,
2026-05-14,PRXL,0.0,0.0,0.0,0.0,3.0,-3.0,5.0,False,5147.0,2.0,False,
2026-05-14,PRZM,0.0,0.0,0.0,0.0,3.0,-3.0,5.0,False,5148.0,2.0,False,
2026-05-14,PRZO,0.0,0.0,0.0,0.0009362834511349532,3.0,6.362834511349531,5.0,True,1412.0,4.0,False,
2026-05-14,PSAC,0.0,0.0,0.0,0.0,3.0,-3.0,5.0,False,5149.0,2.0,False,
2026-05-14,PSAG,0.0,0.0,0.0,0.0,3.0,-3.0,5.0,False,5150.0,2.0,False,
2026-05-14,PSBH,0.0,0.0,0.0,0.0,3.0,-3.0,5.0,False,5151.0,2.0,False,
2026-05-14,PSDO,0.0,0.0,0.0,0.0,3.0,-3.0,5.0,False,5152.0,2.0,False,
2026-05-14,PSDV,0.0,0.0,0.0,0.0,3.0,-3.0,5.0,False,5153.0,2.0,False,
2026-05-14,PSEC,0.0,0.0,0.0,-0.0008228205757929621,3.0,-11.22820575792962,5.0,False,6732.0,2.0,False,
2026-05-14,PSEM,0.0,0.0,0.0,0.0,3.0,-3.0,5.0,False,5154.0,2.0,False,
2026-05-14,PSHG,0.0,0.0,0.0,0.0025799222461135754,3.0,22.799222461135752,5.0,True,616.0,5.0,False,
2026-05-14,PSIG,0.0,0.0,0.0,-0.0015439803465125402,3.0,-18.4398034651254,5.0,False,6926.0,1.0,True,
2026-05-14,PSIX,-0.003676060267857143,-0.004464285714285714,0.0007882254464285712,-0.000448940602270566,3.0,1.4894060227056602,5.0,False,6606.0,2.0,True,"COVER because predicted alpha is in the bottom decile. Net alpha after estimated 3.0 bps trading cost is 1.49 bps versus threshold 5.00 bps. Main contributors were mom_5, volatility_10, parkinson_vol_20. Price filter passed; liquidity filter passed."
2026-05-14,PSKY,0.0,0.0,0.0,0.0024173117421206263,3.0,21.173117421206264,5.0,True,673.0,5.0,True,
2026-05-14,PSMI,0.0,0.0,0.0,0.0,3.0,-3.0,5.0,False,5155.0,2.0,False,
2026-05-14,PSMT,0.0,0.0,0.0,0.0012232463091247996,3.0,9.232463091247997,5.0,True,1234.0,4.0,True,
2026-05-14,PSNL,0.0,0.0,0.0,-0.000881646564016514,3.0,-11.81646564016514,5.0,False,6757.0,2.0,True,
2026-05-14,PSNY,0.0,0.0,0.0,0.004382842475892043,3.0,40.828424758920434,5.0,True,245.0,5.0,True,
2026-05-14,PSSI,0.0,0.0,0.0,0.0,3.0,-3.0,5.0,False,5156.0,2.0,False,
2026-05-14,PSTB,0.0,0.0,0.0,0.0,3.0,-3.0,5.0,False,5157.0,2.0,False,
2026-05-14,PSTI,0.0,0.0,0.0,0.0,3.0,-3.0,5.0,False,5158.0,2.0,False,
2026-05-14,PSTV,0.0,0.0,0.0,0.0015394528254462924,3.0,12.394528254462925,5.0,True,1045.0,4.0,True,
2026-05-14,PSTX,0.0,0.0,0.0,0.0,3.0,-3.0,5.0,False,5159.0,2.0,False,
2026-05-14,PSUN,0.0,0.0,0.0,0.0,3.0,-3.0,5.0,False,5160.0,2.0,False,
2026-05-14,PSYS,0.0,0.0,0.0,0.0,3.0,-3.0,5.0,False,5161.0,2.0,False,
2026-05-14,PTAC,0.0,0.0,0.0,0.0,3.0,-3.0,5.0,False,5162.0,2.0,False,
2026-05-14,PTBI,0.0,0.0,0.0,0.0,3.0,-3.0,5.0,False,5163.0,2.0,False,
2026-05-14,PTBI.W,0.0,0.0,0.0,0.0,3.0,-3.0,5.0,False,5164.0,2.0,False,
2026-05-14,PTC,0.0,0.0,0.0,-0.0002514393685047346,3.0,-5.514393685047346,5.0,False,6505.0,2.0,True,
2026-05-14,PTCT,0.0,0.0,0.0,0.0043909835328292445,3.0,40.909835328292445,5.0,True,243.0,5.0,True,
2026-05-14,PTE,0.0,0.0,0.0,0.0,3.0,-3.0,5.0,False,5165.0,2.0,False,
2026-05-14,PTEK,0.0,0.0,0.0,0.0,3.0,-3.0,5.0,False,5166.0,2.0,False,
2026-05-14,PTEN,0.004457310267857143,0.004464285714285714,-6.975446428571404e-06,0.005548065445818133,3.0,52.48065445818133,5.0,True,129.0,5.0,True,"SELL because predicted alpha is in the top decile. Net alpha after estimated 3.0 bps trading cost is 52.48 bps versus threshold 5.00 bps. Main contributors were parkinson_vol_20, volume_z_60, mom_5. Price filter passed; liquidity filter passed."
2026-05-14,PTGX,0.0,0.0,0.0,0.003195772320633348,3.0,28.95772320633348,5.0,True,456.0,5.0,True,
2026-05-14,PTHL,0.0,0.0,0.0,0.0,3.0,-3.0,5.0,False,5167.0,2.0,False,
2026-05-14,PTHR,0.0,0.0,0.0,0.0,3.0,-3.0,5.0,False,5168.0,2.0,False,
2026-05-14,PTI,0.0,0.0,0.0,0.0,3.0,-3.0,5.0,False,5169.0,2.0,False,
2026-05-14,PTIC,0.0,0.0,0.0,0.0,3.0,-3.0,5.0,False,5170.0,2.0,False,
2026-05-14,PTIE,0.0,0.0,0.0,0.0,3.0,-3.0,5.0,False,5171.0,2.0,False,
2026-05-14,PTIX,0.0,0.0,0.0,0.0,3.0,-3.0,5.0,False,5172.0,2.0,False,
2026-05-14,PTLA,0.0,0.0,0.0,0.0,3.0,-3.0,5.0,False,5173.0,2.0,False,
2026-05-14,PTLE,0.0,0.0,0.0,-0.0006913602284855285,3.0,-9.913602284855285,5.0,False,6692.0,2.0,True,
2026-05-14,PTLO,0.0,0.0,0.0,0.0008122573069003755,3.0,5.122573069003755,5.0,True,1498.0,4.0,False,
2026-05-14,PTMN,0.0,0.0,0.0,0.0,3.0,-3.0,5.0,False,5174.0,2.0,False,
2026-05-14,PTNM,0.0,0.0,0.0,0.0,3.0,-3.0,5.0,False,5175.0,2.0,False,
2026-05-14,PTOC,0.0,0.0,0.0,0.0,3.0,-3.0,5.0,False,5176.0,2.0,False,
2026-05-14,PTON,0.0,0.0,0.0,0.0030592986502136496,3.0,27.592986502136498,5.0,True,485.0,5.0,True,
2026-05-14,PTOR,0.0,0.0,0.0,0.00026128822248655884,3.0,-0.3871177751344117,5.0,False,1839.0,3.0,True,
2026-05-14,PTPI,0.0,0.0,0.0,0.0,3.0,-3.0,5.0,False,5177.0,2.0,False,
2026-05-14,PTRA,0.0,0.0,0.0,0.0,3.0,-3.0,5.0,False,5178.0,2.0,False,
2026-05-14,PTRN,0.0,0.0,0.0,0.0038689116253024835,3.0,35.689116253024835,5.0,True,319.0,5.0,True,
2026-05-14,PTRS,0.0,0.0,0.0,0.0,3.0,-3.0,5.0,False,5179.0,2.0,False,
2026-05-14,PTRY,0.0,0.0,0.0,0.0,3.0,-3.0,5.0,False,5180.0,2.0,False,
2026-05-14,PTSI,0.0,0.0,0.0,0.0,3.0,-3.0,5.0,False,5181.0,2.0,False,
2026-05-14,PTSX,0.0,0.0,0.0,0.0,3.0,-3.0,5.0,False,5182.0,2.0,False,
2026-05-14,PTVCA,0.0,0.0,0.0,0.0,3.0,-3.0,5.0,False,5183.0,2.0,False,
2026-05-14,PTVCB,0.0,0.0,0.0,0.0,3.0,-3.0,5.0,False,5184.0,2.0,False,
2026-05-14,PTVE,0.0,0.0,0.0,0.0,3.0,-3.0,5.0,False,5185.0,2.0,False,
2026-05-14,PTWO,0.0,0.0,0.0,0.0,3.0,-3.0,5.0,False,5186.0,2.0,False,
2026-05-14,PTX,0.0,0.0,0.0,0.0,3.0,-3.0,5.0,False,5187.0,2.0,False,
2026-05-14,PUB,0.0,0.0,0.0,0.0,3.0,-3.0,5.0,False,5188.0,2.0,False,
2026-05-14,PUBM,0.0,0.0,0.0,0.0010698973404437344,3.0,7.698973404437345,5.0,True,1321.0,4.0,True,
2026-05-14,PUCK,0.0,0.0,0.0,0.0,3.0,-3.0,5.0,False,5189.0,2.0,False,
2026-05-14,PULB,0.0,0.0,0.0,0.0,3.0,-3.0,5.0,False,5190.0,2.0,False,
2026-05-14,PULM,0.0,0.0,0.0,-0.007364277681510785,3.0,-76.64277681510785,5.0,False,7428.0,1.0,False,
2026-05-14,PURE,0.0,0.0,0.0,0.0,3.0,-3.0,5.0,False,5191.0,2.0,False,
2026-05-14,PURR,-0.00078125,0.0,-0.00078125,-0.00748963675570971,3.0,71.89636755709711,5.0,True,7429.0,1.0,True,"SHORT because predicted alpha is in the bottom decile. Net alpha after estimated 3.0 bps trading cost is 71.90 bps versus threshold 5.00 bps. Main contributors were intraday_return, volume_z_60, overnight_return. Price filter passed; liquidity filter passed."
2026-05-14,PVAC,0.0,0.0,0.0,0.0,3.0,-3.0,5.0,False,5192.0,2.0,False,
2026-05-14,PVBC,0.0,0.0,0.0,0.0,3.0,-3.0,5.0,False,5193.0,2.0,False,
2026-05-14,PVLA,0.00078125,0.0,0.00078125,0.005735317686498905,3.0,54.353176864989045,5.0,True,117.0,5.0,True,"BUY because predicted alpha is in the top decile. Net alpha after estimated 3.0 bps trading cost is 54.35 bps versus threshold 5.00 bps. Main contributors were mom_252, parkinson_vol_20, intraday_return. Price filter passed; liquidity filter passed."
2026-05-14,PVTB,0.0,0.0,0.0,0.0,3.0,-3.0,5.0,False,5194.0,2.0,False,
2026-05-14,PVTB.P,0.0,0.0,0.0,0.0,3.0,-3.0,5.0,False,5195.0,2.0,False,
2026-05-14,PWAV,0.0,0.0,0.0,0.0,3.0,-3.0,5.0,False,5196.0,2.0,False,
2026-05-14,PWAVD,0.0,0.0,0.0,0.0,3.0,-3.0,5.0,False,5197.0,2.0,False,
2026-05-14,PWFL,0.0,0.0,0.0,0.0,3.0,-3.0,5.0,False,5198.0,2.0,False,
2026-05-14,PWM,0.0,0.0,0.0,0.0,3.0,-3.0,5.0,False,5199.0,2.0,False,
2026-05-14,PWOD,0.0,0.0,0.0,0.0,3.0,-3.0,5.0,False,5200.0,2.0,False,
2026-05-14,PWP,0.0,0.0,0.0,-0.0003927618037192379,3.0,-6.92761803719238,5.0,False,6576.0,2.0,True,
2026-05-14,PWUP,0.0,0.0,0.0,0.0,3.0,-3.0,5.0,False,5201.0,2.0,False,
2026-05-14,PWX,0.0,0.0,0.0,0.0,3.0,-3.0,5.0,False,5202.0,2.0,False,
2026-05-14,PXLW,-0.00078125,0.0,-0.00078125,-0.0052781762267454105,3.0,49.781762267454106,5.0,True,7345.0,1.0,True,"SHORT because predicted alpha is in the bottom decile. Net alpha after estimated 3.0 bps trading cost is 49.78 bps versus threshold 5.00 bps. Main contributors were volume_z_60, intraday_return, hl_range_20. Price filter passed; liquidity filter passed."
2026-05-14,PXMD,0.0,0.0,0.0,0.0,3.0,-3.0,5.0,False,5203.0,2.0,False,
2026-05-14,PXS,0.0,0.0,0.0,0.002072679386743537,3.0,17.72679386743537,5.0,True,807.0,4.0,False,
2026-05-14,PYCR,0.0,0.0,0.0,0.0,3.0,-3.0,5.0,False,5204.0,2.0,False,
2026-05-14,PYDS,0.0,0.0,0.0,0.0,3.0,-3.0,5.0,False,5205.0,2.0,False,
2026-05-14,PYPD,0.0,0.0,0.0,-0.0015389483561990816,3.0,-18.389483561990815,5.0,False,6924.0,1.0,False,
2026-05-14,PYPL,0.0,0.0,0.0,0.002597115960774826,3.0,22.971159607748262,5.0,True,608.0,5.0,True,
2026-05-14,PYR,0.0,0.0,0.0,0.0,3.0,-3.0,5.0,False,5206.0,2.0,False,
2026-05-14,PYXS,0.0,0.0,0.0,0.003905229119754826,3.0,36.05229119754826,5.0,True,315.0,5.0,False,
2026-05-14,PZRX,0.0,0.0,0.0,0.0,3.0,-3.0,5.0,False,5207.0,2.0,False,
2026-05-14,PZZA,0.0,0.0,0.0,0.0007216622191763799,3.0,4.2166221917638,5.0,False,1554.0,3.0,True,
2026-05-14,PZZI,0.0,0.0,0.0,0.0,3.0,-3.0,5.0,False,5208.0,2.0,False,
2026-05-14,QADA,0.0,0.0,0.0,0.0,3.0,-3.0,5.0,False,5209.0,2.0,False,
2026-05-14,QADB,0.0,0.0,0.0,0.0,3.0,-3.0,5.0,False,5210.0,2.0,False,
2026-05-14,QBAK,0.0,0.0,0.0,0.0,3.0,-3.0,5.0,False,5211.0,2.0,False,
2026-05-14,QCCO,0.0,0.0,0.0,0.0,3.0,-3.0,5.0,False,5212.0,2.0,False,
2026-05-14,QCLS,-0.00078125,0.0,-0.00078125,-0.0041060645613230085,3.0,38.060645613230086,5.0,True,7279.0,1.0,True,"SHORT because predicted alpha is in the bottom decile. Net alpha after estimated 3.0 bps trading cost is 38.06 bps versus threshold 5.00 bps. Main contributors were intraday_return, volume_z_60, mom_10. Price filter passed; liquidity filter passed."
2026-05-14,QCOM,0.004457310267857143,0.004464285714285714,-6.975446428571404e-06,0.005565813081148665,3.0,52.65813081148665,5.0,True,127.0,5.0,True,"SELL because predicted alpha is in the top decile. Net alpha after estimated 3.0 bps trading cost is 52.66 bps versus threshold 5.00 bps. Main contributors were intraday_return, mom_21, close_to_low_20. Price filter passed; liquidity filter passed."
2026-05-14,QCOR,0.0,0.0,0.0,0.0,3.0,-3.0,5.0,False,5213.0,2.0,False,
2026-05-14,QCRH,0.0,0.0,0.0,0.001023474312274411,3.0,7.234743122744112,5.0,True,1355.0,4.0,True,
2026-05-14,QDEL,0.0,0.0,0.0,-0.0011701911707101072,3.0,-14.701911707101072,5.0,False,6836.0,1.0,True,
2026-05-14,QDRO,0.0,0.0,0.0,0.0,3.0,-3.0,5.0,False,5214.0,2.0,False,
2026-05-14,QELL,0.0,0.0,0.0,0.0,3.0,-3.0,5.0,False,5215.0,2.0,False,
2026-05-14,QETA,0.0,0.0,0.0,0.0,3.0,-3.0,5.0,False,5216.0,2.0,False,
2026-05-14,QIPT,0.0,0.0,0.0,0.0,3.0,-3.0,5.0,False,5217.0,2.0,False,
2026-05-14,QKLS,0.0,0.0,0.0,0.0,3.0,-3.0,5.0,False,5218.0,2.0,False,
2026-05-14,QLGC,0.0,0.0,0.0,0.0,3.0,-3.0,5.0,False,5219.0,2.0,False,
2026-05-14,QLGN,0.0,0.0,0.0,0.0,3.0,-3.0,5.0,False,5220.0,2.0,False,
2026-05-14,QLI,0.0,0.0,0.0,0.0,3.0,-3.0,5.0,False,5221.0,2.0,False,
2026-05-14,QLIK,0.0,0.0,0.0,0.0,3.0,-3.0,5.0,False,5222.0,2.0,False,
2026-05-14,QLYS,0.0,0.0,0.0,0.00016258350162645007,3.0,-1.3741649837354994,5.0,False,1903.0,3.0,True,
2026-05-14,QMCO,0.0,0.0,0.0,0.0010368872349394414,3.0,7.3688723493944135,5.0,True,1342.0,4.0,True,
2026-05-14,QMMM,0.0,0.0,0.0,0.0,3.0,-3.0,5.0,False,5223.0,2.0,False,
2026-05-14,QNCX,0.0,0.0,0.0,-0.0037810823678906843,3.0,-40.81082367890684,5.0,False,7254.0,1.0,False,
2026-05-14,QNST,0.0,0.0,0.0,-2.755601915325589e-05,3.0,-3.2755601915325587,5.0,False,6392.0,2.0,True,
2026-05-14,QNTM,0.0,0.0,0.0,-0.00010604515091585439,3.0,-4.060451509158543,5.0,False,6427.0,2.0,True,
2026-05-14,QOMO,0.0,0.0,0.0,0.0,3.0,-3.0,5.0,False,5224.0,2.0,False,
2026-05-14,QPAC,0.0,0.0,0.0,0.0,3.0,-3.0,5.0,False,5225.0,2.0,False,
2026-05-14,QQQQ,0.0,0.0,0.0,0.0,3.0,-3.0,5.0,False,5226.0,2.0,False,
2026-05-14,QRHC,0.0,0.0,0.0,0.0009986088697324072,3.0,6.986088697324073,5.0,True,1376.0,4.0,False,
2026-05-14,QRTAV,0.0,0.0,0.0,0.0,3.0,-3.0,5.0,False,5227.0,2.0,False,
2026-05-14,QRTBV,0.0,0.0,0.0,0.0,3.0,-3.0,5.0,False,5228.0,2.0,False,
2026-05-14,QRTEA,0.0,0.0,0.0,0.0,3.0,-3.0,5.0,False,5229.0,2.0,False,
2026-05-14,QRTEB,0.0,0.0,0.0,0.0,3.0,-3.0,5.0,False,5230.0,2.0,False,
2026-05-14,QRVO,0.0,0.0,0.0,0.003647774528856639,3.0,33.47774528856639,5.0,True,359.0,5.0,True,
2026-05-14,QS,0.0,0.0,0.0,0.0013535332173730758,3.0,10.535332173730758,5.0,True,1164.0,4.0,True,
2026-05-14,QSEA,-0.00078125,0.0,-0.00078125,-0.006125111532782456,3.0,58.251115327824564,5.0,True,7390.0,1.0,True,"SHORT because predicted alpha is in the bottom decile. Net alpha after estimated 3.0 bps trading cost is 58.25 bps versus threshold 5.00 bps. Main contributors were volume_z_60, hl_range_20, volatility_20. Price filter passed; liquidity filter passed."
2026-05-14,QSFT,0.0,0.0,0.0,0.0,3.0,-3.0,5.0,False,5231.0,2.0,False,
2026-05-14,QSI,0.0,0.0,0.0,0.00014327627749123904,3.0,-1.5672372250876097,5.0,False,1912.0,3.0,False,
2026-05-14,QSII,0.0,0.0,0.0,0.0,3.0,-3.0,5.0,False,5232.0,2.0,False,
2026-05-14,QTEK,0.0,0.0,0.0,0.0,3.0,-3.0,5.0,False,5233.0,2.0,False,
2026-05-14,QTET,0.0,0.0,0.0,0.0,3.0,-3.0,5.0,False,5234.0,2.0,False,
2026-05-14,QTET.R,0.0,0.0,0.0,0.0,3.0,-3.0,5.0,False,5235.0,2.0,False,
2026-05-14,QTET.U,0.0,0.0,0.0,0.0,3.0,-3.0,5.0,False,5236.0,2.0,False,
2026-05-14,QTI,0.0,0.0,0.0,-0.0024568460367788035,3.0,-27.568460367788035,5.0,False,7109.0,1.0,True,
2026-05-14,QTNA,0.0,0.0,0.0,0.0,3.0,-3.0,5.0,False,5237.0,2.0,False,
2026-05-14,QTNT,0.0,0.0,0.0,0.0,3.0,-3.0,5.0,False,5238.0,2.0,False,
2026-05-14,QTNT.U,0.0,0.0,0.0,0.0,3.0,-3.0,5.0,False,5239.0,2.0,False,
2026-05-14,QTNT.W,0.0,0.0,0.0,0.0,3.0,-3.0,5.0,False,5240.0,2.0,False,
2026-05-14,QTRH,0.0,0.0,0.0,0.0,3.0,-3.0,5.0,False,5241.0,2.0,False,
2026-05-14,QTRX,0.0,0.0,0.0,0.00028694383710816784,3.0,-0.13056162891832157,5.0,False,1829.0,3.0,False,
2026-05-14,QTTB,0.0,0.0,0.0,0.0025056567709761447,3.0,22.056567709761445,5.0,True,637.0,5.0,True,
2026-05-14,QTWW,0.0,0.0,0.0,0.0,3.0,-3.0,5.0,False,5242.0,2.0,False,
2026-05-14,QUBT,0.003676060267857143,0.004464285714285714,-0.0007882254464285712,0.0016837744553345297,3.0,13.837744553345296,5.0,True,974.0,4.0,True,"SELL because predicted alpha is in the top decile. Net alpha after estimated 3.0 bps trading cost is 13.84 bps versus threshold 5.00 bps. Main contributors were mom_5, hl_range_20, close_to_low_20. Price filter passed; liquidity filter passed."
2026-05-14,QUCY,0.0,0.0,0.0,-0.032409395146833275,3.0,-327.09395146833276,5.0,False,7577.0,1.0,False,
2026-05-14,QUIK,0.00078125,0.0,0.00078125,0.009779465116599988,3.0,94.79465116599988,5.0,True,14.0,5.0,True,"BUY because predicted alpha is in the top decile. Net alpha after estimated 3.0 bps trading cost is 94.79 bps versus threshold 5.00 bps. Main contributors were intraday_return, mom_63, mom_21. Price filter passed; liquidity filter passed."
2026-05-14,QUMS,0.0,0.0,0.0,-0.000733681060053273,3.0,-10.33681060053273,5.0,False,6705.0,2.0,True,
2026-05-14,QUMU,0.0,0.0,0.0,0.0,3.0,-3.0,5.0,False,5243.0,2.0,False,
2026-05-14,QURE,0.004457310267857143,0.004464285714285714,-6.975446428571404e-06,0.007300811534785419,3.0,70.00811534785419,5.0,True,57.0,5.0,True,"SELL because predicted alpha is in the top decile. Net alpha after estimated 3.0 bps trading cost is 70.01 bps versus threshold 5.00 bps. Main contributors were intraday_return, mom_21, mom_5. Price filter passed; liquidity filter passed."
2026-05-14,QVCA,0.0,0.0,0.0,0.0,3.0,-3.0,5.0,False,5244.0,2.0,False,
2026-05-14,QVCB,0.0,0.0,0.0,0.0,3.0,-3.0,5.0,False,5245.0,2.0,False,
2026-05-14,QVCGA,0.0,0.0,0.0,0.0,3.0,-3.0,5.0,False,5246.0,2.0,False,
2026-05-14,QVCGB,0.0,0.0,0.0,0.0,3.0,-3.0,5.0,False,5247.0,2.0,False,
2026-05-14,QXL,0.0,0.0,0.0,0.004109442628879773,3.0,38.094426288797735,5.0,True,284.0,5.0,False,
2026-05-14,RAAC,0.0,0.0,0.0,0.0,3.0,-3.0,5.0,False,5248.0,2.0,False,
2026-05-14,RAAQ,0.0,0.0,0.0,0.001345382727305111,3.0,10.453827273051111,5.0,True,1168.0,4.0,True,
2026-05-14,RACA,0.0,0.0,0.0,0.0,3.0,-3.0,5.0,False,5249.0,2.0,False,
2026-05-14,RACB,0.0,0.0,0.0,0.0,3.0,-3.0,5.0,False,5250.0,2.0,False,
2026-05-14,RACY,0.0,0.0,0.0,0.0,3.0,-3.0,5.0,False,5251.0,2.0,False,
2026-05-14,RADA,0.0,0.0,0.0,0.0,3.0,-3.0,5.0,False,5252.0,2.0,False,
2026-05-14,RADB,0.0,0.0,0.0,0.0,3.0,-3.0,5.0,False,5253.0,2.0,False,
2026-05-14,RADI,0.0,0.0,0.0,0.0,3.0,-3.0,5.0,False,5254.0,2.0,False,
2026-05-14,RAIL,0.0,0.0,0.0,0.0009880840660983123,3.0,6.880840660983123,5.0,True,1384.0,4.0,True,
2026-05-14,RAIN,0.0,0.0,0.0,-0.0024302492207984093,3.0,-27.30249220798409,5.0,False,7103.0,1.0,False,
2026-05-14,RAM,0.0,0.0,0.0,0.0,3.0,-3.0,5.0,False,5255.0,2.0,False,
2026-05-14,RAND,0.0,0.0,0.0,0.0014162614559614112,3.0,11.162614559614113,5.0,True,1127.0,4.0,True,
2026-05-14,RANG,0.0,0.0,0.0,-0.003539472721437769,3.0,-38.39472721437769,5.0,False,7232.0,1.0,True,
2026-05-14,RANI,0.0,0.0,0.0,0.0011855476755122725,3.0,8.855476755122725,5.0,True,1256.0,4.0,False,
2026-05-14,RAPP,0.0,0.0,0.0,0.0024221130763860564,3.0,21.221130763860565,5.0,True,672.0,5.0,True,
2026-05-14,RAPT,0.0,0.0,0.0,0.0,3.0,-3.0,5.0,False,5256.0,2.0,False,
2026-05-14,RARE,0.0,0.0,0.0,0.0018759920699215674,3.0,15.759920699215673,5.0,True,878.0,4.0,True,
2026-05-14,RARX,0.0,0.0,0.0,0.0,3.0,-3.0,5.0,False,5257.0,2.0,False,
2026-05-14,RAVE,0.0,0.0,0.0,-0.0029101412053628957,3.0,-32.10141205362896,5.0,False,7170.0,1.0,False,
2026-05-14,RAVN,0.0,0.0,0.0,0.0,3.0,-3.0,5.0,False,5258.0,2.0,False,
2026-05-14,RAY,0.0,0.0,0.0,0.001255336892779685,3.0,9.55336892779685,5.0,True,1217.0,4.0,False,
2026-05-14,RAYA,0.0,0.0,0.0,-0.006399393835968697,3.0,-66.99393835968696,5.0,False,7398.0,1.0,False,
2026-05-14,RBB,0.0,0.0,0.0,0.0015582589286234597,3.0,12.582589286234597,5.0,True,1033.0,4.0,True,
2026-05-14,RBBN,0.0,0.0,0.0,0.0029635850071118896,3.0,26.635850071118895,5.0,True,510.0,5.0,False,
2026-05-14,RBCAA,0.0,0.0,0.0,-0.001618712958297511,3.0,-19.18712958297511,5.0,False,6936.0,1.0,True,
2026-05-14,RBCN,0.0,0.0,0.0,0.0,3.0,-3.0,5.0,False,5259.0,2.0,False,
2026-05-14,RBIO,0.0,0.0,0.0,0.0,3.0,-3.0,5.0,False,5260.0,2.0,False,
2026-05-14,RBKB,0.0,0.0,0.0,-0.0006618978068296437,3.0,-9.618978068296437,5.0,False,6682.0,2.0,True,
2026-05-14,RBNC,0.0,0.0,0.0,0.0,3.0,-3.0,5.0,False,5261.0,2.0,False,
2026-05-14,RBNE,0.0,0.0,0.0,-0.002727847591815445,3.0,-30.27847591815445,5.0,False,7146.0,1.0,False,
2026-05-14,RBNEV,0.0,0.0,0.0,0.0,3.0,-3.0,5.0,False,5262.0,2.0,False,
2026-05-14,RBPA.A,0.0,0.0,0.0,0.0,3.0,-3.0,5.0,False,5263.0,2.0,False,
2026-05-14,RBPAA,0.0,0.0,0.0,0.0,3.0,-3.0,5.0,False,5264.0,2.0,False,
2026-05-14,RBZ,0.0,0.0,0.0,0.0,3.0,-3.0,5.0,False,5265.0,2.0,False,
2026-05-14,RCAC,0.0,0.0,0.0,0.0,3.0,-3.0,5.0,False,5266.0,2.0,False,
2026-05-14,RCAT,0.0,0.0,0.0,0.0010964473050231538,3.0,7.964473050231538,5.0,True,1312.0,4.0,True,
2026-05-14,RCHG,0.0,0.0,0.0,0.0,3.0,-3.0,5.0,False,5267.0,2.0,False,
2026-05-14,RCKT,0.0,0.0,0.0,0.0005985774257845083,3.0,2.985774257845083,5.0,False,1637.0,3.0,False,
2026-05-14,RCKY,0.0,0.0,0.0,-0.0003495119948696042,3.0,-6.495119948696042,5.0,False,6555.0,2.0,True,
2026-05-14,RCLF,0.0,0.0,0.0,0.0,3.0,-3.0,5.0,False,5268.0,2.0,False,
2026-05-14,RCM,0.0,0.0,0.0,0.0,3.0,-3.0,5.0,False,5269.0,2.0,False,
2026-05-14,RCMT,0.0,0.0,0.0,0.0016881529316654543,3.0,13.881529316654543,5.0,True,969.0,4.0,True,
2026-05-14,RCNI,0.0,0.0,0.0,0.0,3.0,-3.0,5.0,False,5270.0,2.0,False,
2026-05-14,RCON,0.0,0.0,0.0,0.00543961744889675,3.0,51.3961744889675,5.0,True,141.0,5.0,False,
2026-05-14,RCPI,0.0,0.0,0.0,0.0,3.0,-3.0,5.0,False,5271.0,2.0,False,
2026-05-14,RCPT,0.0,0.0,0.0,0.0,3.0,-3.0,5.0,False,5272.0,2.0,False,
2026-05-14,RCRT,0.0,0.0,0.0,0.0,3.0,-3.0,5.0,False,5273.0,2.0,False,
2026-05-14,RCT,0.0,0.0,0.0,0.0015811889429176956,3.0,12.811889429176956,5.0,True,1021.0,4.0,False,
2026-05-14,RDA,0.0,0.0,0.0,0.0,3.0,-3.0,5.0,False,5274.0,2.0,False,
2026-05-14,RDAC,0.0,0.0,0.0,-0.020541375115604835,3.0,-208.41375115604836,5.0,False,7545.0,1.0,True,
2026-05-14,RDAG,0.0,0.0,0.0,0.00035035853413627367,3.0,0.5035853413627369,5.0,False,1796.0,3.0,True,
2026-05-14,RDBX,0.0,0.0,0.0,0.0,3.0,-3.0,5.0,False,5275.0,2.0,False,
2026-05-14,RDCM,0.0,0.0,0.0,0.0009749194717394961,3.0,6.7491947173949605,5.0,True,1391.0,4.0,True,
2026-05-14,RDEN,0.0,0.0,0.0,0.0,3.0,-3.0,5.0,False,5276.0,2.0,False,
2026-05-14,RDFN,0.0,0.0,0.0,0.0,3.0,-3.0,5.0,False,5277.0,2.0,False,
2026-05-14,RDGT,0.0,0.0,0.0,-0.007595979260468878,3.0,-78.95979260468879,5.0,False,7434.0,1.0,False,
2026-05-14,RDI,0.0,0.0,0.0,0.006097203259806398,3.0,57.972032598063976,5.0,True,101.0,5.0,False,
2026-05-14,RDIB,0.0,0.0,0.0,0.0,3.0,-3.0,5.0,False,5278.0,2.0,False,
2026-05-14,RDNT,0.0,0.0,0.0,0.00021231380797187923,3.0,-0.8768619202812076,5.0,False,1873.0,3.0,True,
2026-05-14,RDNW,0.0,0.0,0.0,0.003913534461898401,3.0,36.135344618984014,5.0,True,313.0,5.0,True,
2026-05-14,RDUS,0.0,0.0,0.0,0.0,3.0,-3.0,5.0,False,5279.0,2.0,False,
2026-05-14,RDVT,0.0,0.0,0.0,0.000723123408735282,3.0,4.231234087352821,5.0,False,1553.0,3.0,True,
2026-05-14,RDWR,-0.003676060267857143,-0.004464285714285714,0.0007882254464285712,0.000246455699664781,3.0,-5.46455699664781,5.0,False,1848.0,3.0,True,"COVER because predicted alpha is in the bottom decile. Net alpha after estimated 3.0 bps trading cost is -5.46 bps versus threshold 5.00 bps. Main contributors were hl_range_20, intraday_return, volatility_20. Price filter passed; liquidity filter passed."
2026-05-14,RDZN,0.0,0.0,0.0,0.0028534181672351796,3.0,25.534181672351796,5.0,True,536.0,5.0,False,
2026-05-14,REAL,0.0,0.0,0.0,0.0009047540606403494,3.0,6.047540606403494,5.0,True,1435.0,4.0,True,
2026-05-14,REAX,0.0,0.0,0.0,-0.0011769750484761678,3.0,-14.769750484761678,5.0,False,6839.0,1.0,False,
2026-05-14,REBN,0.0,0.0,0.0,-0.0016457966132593536,3.0,-19.457966132593537,5.0,False,6943.0,1.0,False,
2026-05-14,RECT,0.0,0.0,0.0,-0.0006348799966675346,3.0,-9.348799966675347,5.0,False,6673.0,2.0,False,
2026-05-14,REDF,0.0,0.0,0.0,0.0,3.0,-3.0,5.0,False,5280.0,2.0,False,
2026-05-14,REDX,0.0,0.0,0.0,0.0,3.0,-3.0,5.0,False,5281.0,2.0,False,
2026-05-14,REE,0.0,0.0,0.0,-0.0001392919978159199,3.0,-4.392919978159199,5.0,False,6447.0,2.0,False,
2026-05-14,REFI,0.0,0.0,0.0,0.0010428610880139732,3.0,7.428610880139733,5.0,True,1339.0,4.0,True,
2026-05-14,REFR,0.0,0.0,0.0,-0.003667451746493369,3.0,-39.674517464933686,5.0,False,7244.0,1.0,False,
2026-05-14,REG,0.0,0.0,0.0,0.0002215238590057307,3.0,-0.7847614099426932,5.0,False,1867.0,3.0,True,
2026-05-14,REGI,0.0,0.0,0.0,0.0,3.0,-3.0,5.0,False,5282.0,2.0,False,
2026-05-14,REGN,0.0,0.0,0.0,0.00048447684933065026,3.0,1.8447684933065025,5.0,False,1717.0,3.0,True,
2026-05-14,REIS,0.0,0.0,0.0,0.0,3.0,-3.0,5.0,False,5283.0,2.0,False,
2026-05-14,REKR,0.0,0.0,0.0,-0.0008649367029868593,3.0,-11.649367029868593,5.0,False,6750.0,2.0,False,
2026-05-14,RELI,0.0,0.0,0.0,0.0,3.0,-3.0,5.0,False,5284.0,2.0,False,
2026-05-14,RELL,-0.004457310267857143,-0.004464285714285714,6.975446428571404e-06,-0.0024459853368848433,3.0,21.45985336884843,5.0,True,7105.0,1.0,True,"COVER because predicted alpha is in the bottom decile. Net alpha after estimated 3.0 bps trading cost is 21.46 bps versus threshold 5.00 bps. Main contributors were volume_z_60, intraday_return, mom_10. Price filter passed; liquidity filter passed."
2026-05-14,RELV,0.0,0.0,0.0,0.0,3.0,-3.0,5.0,False,5285.0,2.0,False,
2026-05-14,RELY,0.0,0.0,0.0,0.0024821225669405134,3.0,21.821225669405134,5.0,True,648.0,5.0,True,
2026-05-14,REMY,0.0,0.0,0.0,0.0,3.0,-3.0,5.0,False,5286.0,2.0,False,
2026-05-14,RENB,0.0,0.0,0.0,0.0,3.0,-3.0,5.0,False,5287.0,2.0,False,
2026-05-14,RENE,0.0,0.0,0.0,0.0,3.0,-3.0,5.0,False,5288.0,2.0,False,
2026-05-14,RENO,0.0,0.0,0.0,0.0,3.0,-3.0,5.0,False,5289.0,2.0,False,
2026-05-14,RENT,0.0,0.0,0.0,0.0012578324800984126,3.0,9.578324800984126,5.0,True,1216.0,4.0,False,
2026-05-14,RENX,0.0,0.0,0.0,-0.00030005358865272964,3.0,-6.000535886527296,5.0,False,6531.0,2.0,False,
2026-05-14,REPH,0.0,0.0,0.0,0.0,3.0,-3.0,5.0,False,5290.0,2.0,False,
2026-05-14,REPHV,0.0,0.0,0.0,0.0,3.0,-3.0,5.0,False,5291.0,2.0,False,
2026-05-14,REPL,0.0,-0.004464285714285714,0.004464285714285714,0.003813995502774481,3.0,35.13995502774481,5.0,True,334.0,5.0,False,"COVER because predicted alpha is in the cost-adjusted no-position band. Net alpha after estimated 3.0 bps trading cost is 35.14 bps versus threshold 5.00 bps. Main contributors were mom_5, close_to_low_20, hl_range_20. Price filter failed; liquidity filter passed."
2026-05-14,RESN,0.0,0.0,0.0,0.0,3.0,-3.0,5.0,False,5292.0,2.0,False,
2026-05-14,RETA,0.0,0.0,0.0,0.0,3.0,-3.0,5.0,False,5293.0,2.0,False,
2026-05-14,RETO,0.0,0.0,0.0,-0.02449733027596261,3.0,-247.9733027596261,5.0,False,7559.0,1.0,False,
2026-05-14,REUN,0.0,0.0,0.0,0.0,3.0,-3.0,5.0,False,5294.0,2.0,False,
2026-05-14,REVB,0.0,0.0,0.0,-0.00013195350526377475,3.0,-4.319535052637748,5.0,False,6439.0,2.0,False,
2026-05-14,REVE,0.0,0.0,0.0,0.0,3.0,-3.0,5.0,False,5295.0,2.0,False,
2026-05-14,REVH,0.0,0.0,0.0,0.0,3.0,-3.0,5.0,False,5296.0,2.0,False,
2026-05-14,REXI,0.0,0.0,0.0,0.0,3.0,-3.0,5.0,False,5297.0,2.0,False,
2026-05-14,REXN,0.0,0.0,0.0,0.0,3.0,-3.0,5.0,False,5298.0,2.0,False,
2026-05-14,REXX,0.0,0.0,0.0,0.0,3.0,-3.0,5.0,False,5299.0,2.0,False,
2026-05-14,REYN,0.0,0.0,0.0,0.000570199906856113,3.0,2.70199906856113,5.0,False,1659.0,3.0,True,
2026-05-14,RFAC,0.0,0.0,0.0,0.0,3.0,-3.0,5.0,False,5300.0,2.0,False,
2026-05-14,RFAI,0.0,0.0,0.0,0.0,3.0,-3.0,5.0,False,5301.0,2.0,False,
2026-05-14,RFAM,0.0,0.0,0.0,-0.0004486861303095377,3.0,-7.486861303095377,5.0,False,6605.0,2.0,True,
2026-05-14,RFIL,0.00078125,0.0,0.00078125,0.007808145495044271,3.0,75.0814549504427,5.0,True,43.0,5.0,True,"BUY because predicted alpha is in the top decile. Net alpha after estimated 3.0 bps trading cost is 75.08 bps versus threshold 5.00 bps. Main contributors were mom_5, intraday_return, mom_252. Price filter passed; liquidity filter passed."
2026-05-14,RFMD,0.0,0.0,0.0,0.0,3.0,-3.0,5.0,False,5302.0,2.0,False,
2026-05-14,RGC,0.0,0.0,0.0,-0.00022422415187073417,3.0,-5.242241518707342,5.0,False,6488.0,2.0,True,
2026-05-14,RGCO,0.0,0.0,0.0,0.0022652333782253817,3.0,19.652333782253816,5.0,True,748.0,5.0,True,
2026-05-14,RGDO,0.0,0.0,0.0,0.0,3.0,-3.0,5.0,False,5303.0,2.0,False,
2026-05-14,RGDX,0.0,0.0,0.0,0.0,3.0,-3.0,5.0,False,5304.0,2.0,False,
2026-05-14,RGEN,0.0,0.0,0.0,-0.0007443429865084001,3.0,-10.443429865084001,5.0,False,6707.0,2.0,True,
2026-05-14,RGF,0.0,0.0,0.0,0.0,3.0,-3.0,5.0,False,5305.0,2.0,False,
2026-05-14,RGLD,0.0,0.0,0.0,0.0024142213928546315,3.0,21.142213928546315,5.0,True,675.0,5.0,True,
2026-05-14,RGLS,0.0,0.0,0.0,0.0,3.0,-3.0,5.0,False,5306.0,2.0,False,
2026-05-14,RGNX,0.0,0.0,0.0,-0.0013797477923237396,3.0,-16.797477923237395,5.0,False,6885.0,1.0,True,
2026-05-14,RGP,0.0,0.0,0.0,0.0022606618192738707,3.0,19.606618192738708,5.0,True,751.0,5.0,False,
2026-05-14,RGS,0.0,0.0,0.0,0.00040976646887708906,3.0,1.097664688770891,5.0,False,1766.0,3.0,True,
2026-05-14,RGSE,0.0,0.0,0.0,0.0,3.0,-3.0,5.0,False,5307.0,2.0,False,
2026-05-14,RGTI,0.003676060267857143,0.004464285714285714,-0.0007882254464285712,0.0012860830752969817,3.0,9.860830752969816,5.0,True,1193.0,4.0,True,"SELL because predicted alpha is in the top decile. Net alpha after estimated 3.0 bps trading cost is 9.86 bps versus threshold 5.00 bps. Main contributors were current_ratio, mom_5, hl_range_20. Price filter passed; liquidity filter passed."
2026-05-14,RHDM,0.0,0.0,0.0,0.0,3.0,-3.0,5.0,False,5308.0,2.0,False,
2026-05-14,RHLDV,0.0,0.0,0.0,0.0,3.0,-3.0,5.0,False,5309.0,2.0,False,
2026-05-14,RIBB,0.0,0.0,0.0,0.0,3.0,-3.0,5.0,False,5310.0,2.0,False,
2026-05-14,RIBT,0.0,0.0,0.0,0.0,3.0,-3.0,5.0,False,5311.0,2.0,False,
2026-05-14,RIBT.W,0.0,0.0,0.0,0.0,3.0,-3.0,5.0,False,5312.0,2.0,False,
2026-05-14,RICK,0.0,0.0,0.0,-0.00013229885571218867,3.0,-4.322988557121887,5.0,False,6440.0,2.0,True,
2026-05-14,RICO,0.0,0.0,0.0,0.0,3.0,-3.0,5.0,False,5313.0,2.0,False,
2026-05-14,RIDE,0.0,0.0,0.0,0.0,3.0,-3.0,5.0,False,5314.0,2.0,False,
2026-05-14,RIGL,-0.003676060267857143,-0.004464285714285714,0.0007882254464285712,0.0037158355189847833,3.0,-40.15835518984783,5.0,False,349.0,5.0,True,"COVER because predicted alpha is in the bottom decile. Net alpha after estimated 3.0 bps trading cost is -40.16 bps versus threshold 5.00 bps. Main contributors were gross_margin, close_to_high_20, mom_10. Price filter passed; liquidity filter passed."
2026-05-14,RILY,0.003676060267857143,0.004464285714285714,-0.0007882254464285712,0.0009977027525033808,3.0,6.977027525033808,5.0,True,1378.0,4.0,True,"SELL because predicted alpha is in the top decile. Net alpha after estimated 3.0 bps trading cost is 6.98 bps versus threshold 5.00 bps. Main contributors were mom_1, sales_to_price, mom_252. Price filter passed; liquidity filter passed."
2026-05-14,RILYG,0.0,0.0,0.0,0.005186399501841641,3.0,48.863995018416404,5.0,True,170.0,5.0,True,
2026-05-14,RILYH,0.0,0.0,0.0,0.0,3.0,-3.0,5.0,False,5315.0,2.0,False,
2026-05-14,RILYI,0.0,0.0,0.0,0.0,3.0,-3.0,5.0,False,5316.0,2.0,False,
2026-05-14,RILYK,0.0,0.0,0.0,0.0,3.0,-3.0,5.0,False,5317.0,2.0,False,
2026-05-14,RILYL,0.0,0.0,0.0,0.00769744632409191,3.0,73.97446324091909,5.0,True,48.0,5.0,True,
2026-05-14,RILYN,0.0,0.0,0.0,0.0045422859185205505,3.0,42.4228591852055,5.0,True,229.0,5.0,True,
2026-05-14,RILYT,0.00078125,0.0,0.00078125,0.0049992169481389535,3.0,46.99216948138954,5.0,True,187.0,5.0,True,"BUY because predicted alpha is in the top decile. Net alpha after estimated 3.0 bps trading cost is 46.99 bps versus threshold 5.00 bps. Main contributors were parkinson_vol_20, mom_252, debt_to_equity. Price filter passed; liquidity filter passed."
2026-05-14,RILYZ,0.0,0.0,0.0,0.003437581245198352,3.0,31.37581245198352,5.0,True,405.0,5.0,True,
2026-05-14,RIME,0.0,0.0,0.0,-0.006756585694803531,3.0,-70.56585694803532,5.0,False,7410.0,1.0,False,
2026-05-14,RIMM,0.0,0.0,0.0,0.0,3.0,-3.0,5.0,False,5318.0,2.0,False,
2026-05-14,RINO,0.0,0.0,0.0,0.0,3.0,-3.0,5.0,False,5319.0,2.0,False,
2026-05-14,RIOT,0.004457310267857143,0.004464285714285714,-6.975446428571404e-06,0.006496561754534486,3.0,61.965617545344855,5.0,True,83.0,5.0,True,"SELL because predicted alpha is in the top decile. Net alpha after estimated 3.0 bps trading cost is 61.97 bps versus threshold 5.00 bps. Main contributors were parkinson_vol_20, close_to_low_20, mom_21. Price filter passed; liquidity filter passed."
2026-05-14,RITR,0.0,0.0,0.0,0.001016744605572992,3.0,7.167446055729918,5.0,True,1362.0,4.0,False,
2026-05-14,RITT,0.0,0.0,0.0,0.0,3.0,-3.0,5.0,False,5320.0,2.0,False,
2026-05-14,RITT.W,0.0,0.0,0.0,0.0,3.0,-3.0,5.0,False,5321.0,2.0,False,
2026-05-14,RIVE,0.0,0.0,0.0,0.0,3.0,-3.0,5.0,False,5322.0,2.0,False,
2026-05-14,RIVN,0.0,0.0,0.0,0.0017670631298903779,3.0,14.670631298903778,5.0,True,938.0,4.0,True,
2026-05-14,RIVR,0.0,0.0,0.0,0.0,3.0,-3.0,5.0,False,5323.0,2.0,False,
2026-05-14,RJET,0.0,0.0,0.0,0.0016539695030571451,3.0,13.539695030571451,5.0,True,986.0,4.0,True,
2026-05-14,RKDA,0.0,0.0,0.0,-0.006601049045167408,3.0,-69.01049045167409,5.0,False,7405.0,1.0,False,
2026-05-14,RKLB,0.004457310267857143,0.004464285714285714,-6.975446428571404e-06,0.00832950628423051,3.0,80.2950628423051,5.0,True,33.0,5.0,True,"SELL because predicted alpha is in the top decile. Net alpha after estimated 3.0 bps trading cost is 80.30 bps versus threshold 5.00 bps. Main contributors were mom_5, mom_252, mom_21. Price filter passed; liquidity filter passed."
2026-05-14,RLAY,0.00078125,0.0,0.00078125,0.005291388023200442,3.0,49.913880232004416,5.0,True,162.0,5.0,True,"BUY because predicted alpha is in the top decile. Net alpha after estimated 3.0 bps trading cost is 49.91 bps versus threshold 5.00 bps. Main contributors were mom_252, intraday_return, parkinson_vol_20. Price filter passed; liquidity filter passed."
2026-05-14,RLJE,0.0,0.0,0.0,0.0,3.0,-3.0,5.0,False,5324.0,2.0,False,
2026-05-14,RLMD,0.0,0.0,0.0,0.0034229476994087544,3.0,31.22947699408754,5.0,True,407.0,5.0,True,
2026-05-14,RLOC,0.0,0.0,0.0,0.0,3.0,-3.0,5.0,False,5325.0,2.0,False,
2026-05-14,RLOG,0.0,0.0,0.0,0.0,3.0,-3.0,5.0,False,5326.0,2.0,False,
2026-05-14,RLYB,0.003676060267857143,0.004464285714285714,-0.0007882254464285712,0.00779249334478016,3.0,74.9249334478016,5.0,True,45.0,5.0,True,"SELL because predicted alpha is in the top decile. Net alpha after estimated 3.0 bps trading cost is 74.92 bps versus threshold 5.00 bps. Main contributors were mom_63, mom_252, mom_21. Price filter passed; liquidity filter failed."
2026-05-14,RLYP,0.0,0.0,0.0,0.0,3.0,-3.0,5.0,False,5327.0,2.0,False,
2026-05-14,RMBI,0.0,0.0,0.0,0.0006668834720632393,3.0,3.6688347206323924,5.0,False,1597.0,3.0,True,
2026-05-14,RMBL,0.0,0.0,0.0,0.0,3.0,-3.0,5.0,False,5328.0,2.0,False,
2026-05-14,RMBS,0.00078125,0.0,0.00078125,0.005573091547106567,3.0,52.73091547106567,5.0,True,126.0,5.0,True,"BUY because predicted alpha is in the top decile. Net alpha after estimated 3.0 bps trading cost is 52.73 bps versus threshold 5.00 bps. Main contributors were intraday_return, parkinson_vol_20, volatility_20. Price filter passed; liquidity filter passed."
2026-05-14,RMCF,0.0,0.0,0.0,0.0014848769452651517,3.0,11.848769452651517,5.0,True,1078.0,4.0,False,
2026-05-14,RMCO,0.0,0.0,0.0,0.002060159485674096,3.0,17.601594856740963,5.0,True,810.0,4.0,False,
2026-05-14,RMGB,0.0,0.0,0.0,0.0,3.0,-3.0,5.0,False,5329.0,2.0,False,
2026-05-14,RMGC,0.0,0.0,0.0,0.0,3.0,-3.0,5.0,False,5330.0,2.0,False,
2026-05-14,RMGN,0.0,0.0,0.0,0.0,3.0,-3.0,5.0,False,5331.0,2.0,False,
2026-05-14,RMIX,0.0,0.0,0.0,0.004329164846972573,3.0,40.29164846972573,5.0,True,252.0,5.0,True,
2026-05-14,RMNI,0.0,0.0,0.0,-0.0010535916145923054,3.0,-13.535916145923053,5.0,False,6811.0,2.0,False,
2026-05-14,RMR,0.0,0.0,0.0,0.0025857520919796767,3.0,22.857520919796766,5.0,True,614.0,5.0,True,
2026-05-14,RMRM,0.0,0.0,0.0,0.0,3.0,-3.0,5.0,False,5332.0,2.0,False,
2026-05-14,RMSG,0.0,0.0,0.0,-0.010114937746503332,3.0,-104.14937746503333,5.0,False,7477.0,1.0,False,
2026-05-14,RMTI,0.0,0.0,0.0,0.003841216796212603,3.0,35.41216796212603,5.0,True,327.0,5.0,False,
2026-05-14,RNA,0.0,0.0,0.0,0.0008694813360557776,3.0,5.6948133605577755,5.0,True,1460.0,4.0,True,
2026-05-14,RNAC,0.0,0.0,0.0,0.00208829200868804,3.0,17.8829200868804,5.0,True,802.0,4.0,True,
2026-05-14,RNAM,0.0,0.0,0.0,0.0,3.0,-3.0,5.0,False,5333.0,2.0,False,
2026-05-14,RNAZ,0.0,0.0,0.0,-9.28026174836054e-05,3.0,-3.928026174836054,5.0,False,6418.0,2.0,True,
2026-05-14,RNBW,0.0,0.0,0.0,0.0,3.0,-3.0,5.0,False,5334.0,2.0,False,
2026-05-14,RNDB,0.0,0.0,0.0,0.0,3.0,-3.0,5.0,False,5335.0,2.0,False,
2026-05-14,RNER,0.0,0.0,0.0,0.0,3.0,-3.0,5.0,False,5336.0,2.0,False,
2026-05-14,RNET,0.0,0.0,0.0,0.0,3.0,-3.0,5.0,False,5337.0,2.0,False,
2026-05-14,RNGT,0.0,0.0,0.0,0.00020164056216452186,3.0,-0.9835943783547814,5.0,False,1879.0,3.0,True,
2026-05-14,RNTX,0.0,0.0,0.0,-0.0015444774042853897,3.0,-18.444774042853897,5.0,False,6927.0,1.0,False,
2026-05-14,RNVA,0.0,0.0,0.0,0.0,3.0,-3.0,5.0,False,5338.0,2.0,False,
2026-05-14,RNVA.W,0.0,0.0,0.0,0.0,3.0,-3.0,5.0,False,5339.0,2.0,False,
2026-05-14,RNVA.Z,0.0,0.0,0.0,0.0,3.0,-3.0,5.0,False,5340.0,2.0,False,
2026-05-14,RNW,0.0,0.0,0.0,0.0007572828118041245,3.0,4.572828118041246,5.0,False,1530.0,3.0,True,
2026-05-14,RNWK,0.0,0.0,0.0,0.0,3.0,-3.0,5.0,False,5341.0,2.0,False,
2026-05-14,RNXT,0.0,0.0,0.0,0.0019975995974767205,3.0,16.975995974767205,5.0,True,830.0,4.0,False,
2026-05-14,ROAD,0.0,0.0,0.0,0.0030195642154478477,3.0,27.195642154478477,5.0,True,501.0,5.0,True,
2026-05-14,ROC,0.0,0.0,0.0,0.003323250184382109,3.0,30.23250184382109,5.0,True,427.0,5.0,True,
2026-05-14,ROCC,0.0,0.0,0.0,0.0,3.0,-3.0,5.0,False,5342.0,2.0,False,
2026-05-14,ROCG,0.0,0.0,0.0,0.0,3.0,-3.0,5.0,False,5343.0,2.0,False,
2026-05-14,ROCH,0.0,0.0,0.0,0.0,3.0,-3.0,5.0,False,5344.0,2.0,False,
2026-05-14,ROCK,0.0,0.0,0.0,0.0012623048477587205,3.0,9.623048477587206,5.0,True,1212.0,4.0,True,
2026-05-14,ROCL,0.0,0.0,0.0,0.0,3.0,-3.0,5.0,False,5345.0,2.0,False,
2026-05-14,ROCR,0.0,0.0,0.0,0.0,3.0,-3.0,5.0,False,5346.0,2.0,False,
2026-05-14,ROI,0.0,0.0,0.0,0.0,3.0,-3.0,5.0,False,5347.0,2.0,False,
2026-05-14,ROIA,0.0,0.0,0.0,0.0,3.0,-3.0,5.0,False,5348.0,2.0,False,
2026-05-14,ROIA.K,0.0,0.0,0.0,0.0,3.0,-3.0,5.0,False,5349.0,2.0,False,
2026-05-14,ROIAK,0.0,0.0,0.0,0.0,3.0,-3.0,5.0,False,5350.0,2.0,False,
2026-05-14,ROIC,0.0,0.0,0.0,0.0,3.0,-3.0,5.0,False,5351.0,2.0,False,
2026-05-14,ROIC.U,0.0,0.0,0.0,0.0,3.0,-3.0,5.0,False,5352.0,2.0,False,
2026-05-14,ROIC.W,0.0,0.0,0.0,0.0,3.0,-3.0,5.0,False,5353.0,2.0,False,
2026-05-14,ROIQ,0.0,0.0,0.0,0.0,3.0,-3.0,5.0,False,5354.0,2.0,False,
2026-05-14,ROIQ.U,0.0,0.0,0.0,0.0,3.0,-3.0,5.0,False,5355.0,2.0,False,
2026-05-14,ROIQ.W,0.0,0.0,0.0,0.0,3.0,-3.0,5.0,False,5356.0,2.0,False,
2026-05-14,ROIV,0.0,0.0,0.0,0.003524163856502472,3.0,32.24163856502472,5.0,True,387.0,5.0,True,
2026-05-14,ROKA,0.0,0.0,0.0,0.0,3.0,-3.0,5.0,False,5357.0,2.0,False,
2026-05-14,ROKU,0.0,0.0,0.0,0.003799178950375381,3.0,34.991789503753814,5.0,True,339.0,5.0,True,
2026-05-14,ROMA,0.0,0.0,0.0,0.005775834011274835,3.0,54.75834011274835,5.0,True,115.0,5.0,True,
2026-05-14,ROOT,0.0,0.0,0.0,0.0030146302844502753,3.0,27.146302844502753,5.0,True,503.0,5.0,True,
2026-05-14,ROP,0.0,0.0,0.0,8.374984414157382e-05,3.0,-2.1625015585842617,5.0,False,1948.0,3.0,True,
2026-05-14,ROSE,0.0,0.0,0.0,0.0,3.0,-3.0,5.0,False,5358.0,2.0,False,
2026-05-14,ROSG,0.0,0.0,0.0,0.0,3.0,-3.0,5.0,False,5359.0,2.0,False,
2026-05-14,ROST,0.0,0.0,0.0,0.0005915210462869672,3.0,2.9152104628696724,5.0,False,1644.0,3.0,True,
2026-05-14,ROVI,0.0,0.0,0.0,0.0,3.0,-3.0,5.0,False,5360.0,2.0,False,
2026-05-14,ROVR,0.0,0.0,0.0,0.0,3.0,-3.0,5.0,False,5361.0,2.0,False,
2026-05-14,ROYL,0.0,0.0,0.0,0.0,3.0,-3.0,5.0,False,5362.0,2.0,False,
2026-05-14,RP,0.0,0.0,0.0,0.0,3.0,-3.0,5.0,False,5363.0,2.0,False,
2026-05-14,RPAY,0.0,0.0,0.0,0.0022761845111907214,3.0,19.761845111907213,5.0,True,741.0,5.0,False,
2026-05-14,RPD,0.0,0.0,0.0,-0.0003857848592101307,3.0,-6.857848592101307,5.0,False,6572.0,2.0,True,
2026-05-14,RPGL,0.0,0.0,0.0,-0.022597868262632326,3.0,-228.97868262632326,5.0,False,7551.0,1.0,False,
2026-05-14,RPHM,0.0,0.0,0.0,0.0,3.0,-3.0,5.0,False,5364.0,2.0,False,
2026-05-14,RPID,0.0,0.0,0.0,0.0011080089052886931,3.0,8.080089052886931,5.0,True,1300.0,4.0,False,
2026-05-14,RPRX,0.0,0.0,0.0,0.0011123084699029998,3.0,8.123084699029997,5.0,True,1296.0,4.0,True,
2026-05-14,RPRX.W,0.0,0.0,0.0,0.0,3.0,-3.0,5.0,False,5365.0,2.0,False,
2026-05-14,RPRX.Z,0.0,0.0,0.0,0.0,3.0,-3.0,5.0,False,5366.0,2.0,False,
2026-05-14,RPRXD,0.0,0.0,0.0,0.0,3.0,-3.0,5.0,False,5367.0,2.0,False,
2026-05-14,RPTP,0.0,0.0,0.0,0.0,3.0,-3.0,5.0,False,5368.0,2.0,False,
2026-05-14,RPTX,0.0,0.0,0.0,0.0,3.0,-3.0,5.0,False,5369.0,2.0,False,
2026-05-14,RPXC,0.0,0.0,0.0,0.0,3.0,-3.0,5.0,False,5370.0,2.0,False,
2026-05-14,RR,0.0,0.0,0.0,7.224754435249854e-05,3.0,-2.2775245564750146,5.0,False,1952.0,3.0,False,
2026-05-14,RRBI,0.0,0.0,0.0,0.0008656133414750823,3.0,5.656133414750823,5.0,True,1463.0,4.0,True,
2026-05-14,RRGB,0.0,0.0,0.0,0.0021398644657143126,3.0,18.398644657143127,5.0,True,791.0,4.0,False,
2026-05-14,RRI,0.0,0.0,0.0,0.0,3.0,-3.0,5.0,False,5371.0,2.0,False,
2026-05-14,RRM,0.0,0.0,0.0,0.0,3.0,-3.0,5.0,False,5372.0,2.0,False,
2026-05-14,RRR,0.0,0.0,0.0,-0.00036554710423387454,3.0,-6.655471042338745,5.0,False,6563.0,2.0,True,
2026-05-14,RRST,0.0,0.0,0.0,0.0,3.0,-3.0,5.0,False,5373.0,2.0,False,
2026-05-14,RSLS,0.0,0.0,0.0,0.0,3.0,-3.0,5.0,False,5374.0,2.0,False,
2026-05-14,RSSS,0.0,0.0,0.0,-0.0028702964621063706,3.0,-31.702964621063707,5.0,False,7164.0,1.0,False,
2026-05-14,RSTI,0.0,0.0,0.0,0.0,3.0,-3.0,5.0,False,5375.0,2.0,False,
2026-05-14,RSTN,0.0,0.0,0.0,0.0,3.0,-3.0,5.0,False,5376.0,2.0,False,
2026-05-14,RSVA,0.0,0.0,0.0,0.0,3.0,-3.0,5.0,False,5377.0,2.0,False,
2026-05-14,RSVR,0.0,0.0,0.0,0.000468204659075296,3.0,1.68204659075296,5.0,False,1731.0,3.0,True,
2026-05-14,RSYS,0.0,0.0,0.0,0.0,3.0,-3.0,5.0,False,5378.0,2.0,False,
2026-05-14,RTAC,0.0,0.0,0.0,0.00107296930163378,3.0,7.7296930163378,5.0,True,1317.0,4.0,True,
2026-05-14,RTC,0.0,0.0,0.0,0.0,3.0,-3.0,5.0,False,5379.0,2.0,False,
2026-05-14,RTGN,0.0,0.0,0.0,0.0,3.0,-3.0,5.0,False,5380.0,2.0,False,
2026-05-14,RTIX,0.0,0.0,0.0,0.0,3.0,-3.0,5.0,False,5381.0,2.0,False,
2026-05-14,RTK,0.0,0.0,0.0,0.0,3.0,-3.0,5.0,False,5382.0,2.0,False,
2026-05-14,RTL,0.0,0.0,0.0,0.0,3.0,-3.0,5.0,False,5383.0,2.0,False,
2026-05-14,RTLPO,0.0,0.0,0.0,0.0,3.0,-3.0,5.0,False,5384.0,2.0,False,
2026-05-14,RTNB,0.0,0.0,0.0,0.0,3.0,-3.0,5.0,False,5385.0,2.0,False,
2026-05-14,RTPY,0.0,0.0,0.0,0.0,3.0,-3.0,5.0,False,5386.0,2.0,False,
2026-05-14,RTRX,0.0,0.0,0.0,0.0,3.0,-3.0,5.0,False,5387.0,2.0,False,
2026-05-14,RTTR,0.0,0.0,0.0,0.0,3.0,-3.0,5.0,False,5388.0,2.0,False,
2026-05-14,RUBI,0.0,0.0,0.0,-0.00041691176202275637,3.0,-7.1691176202275635,5.0,False,6588.0,2.0,False,
2026-05-14,RUBY,0.0,0.0,0.0,0.0,3.0,-3.0,5.0,False,5389.0,2.0,False,
2026-05-14,RUDR,0.0,0.0,0.0,0.0,3.0,-3.0,5.0,False,5390.0,2.0,False,
2026-05-14,RUM,0.0,0.0,0.0,0.003445861844492416,3.0,31.458618444924156,5.0,True,403.0,5.0,True,
2026-05-14,RUN,0.0,0.0,0.0,0.001901956109410944,3.0,16.01956109410944,5.0,True,867.0,4.0,True,
2026-05-14,RUSHA,0.0,0.0,0.0,0.001945443739854606,3.0,16.45443739854606,5.0,True,854.0,4.0,True,
2026-05-14,RUSHB,0.0,0.0,0.0,0.0014185795495268473,3.0,11.185795495268474,5.0,True,1124.0,4.0,True,
2026-05-14,RUTH,0.0,0.0,0.0,0.0,3.0,-3.0,5.0,False,5391.0,2.0,False,
2026-05-14,RVAC,0.0,0.0,0.0,0.0,3.0,-3.0,5.0,False,5392.0,2.0,False,
2026-05-14,RVBD,0.0,0.0,0.0,0.0,3.0,-3.0,5.0,False,5393.0,2.0,False,
2026-05-14,RVEN,0.0,0.0,0.0,0.0,3.0,-3.0,5.0,False,5394.0,2.0,False,
2026-05-14,RVLP,0.0,0.0,0.0,0.0,3.0,-3.0,5.0,False,5395.0,2.0,False,
2026-05-14,RVLT,0.0,0.0,0.0,0.0,3.0,-3.0,5.0,False,5396.0,2.0,False,
2026-05-14,RVMD,0.0,0.0,0.0,0.00019571649984232743,3.0,-1.0428350015767256,5.0,False,1887.0,3.0,True,
2026-05-14,RVNC,0.0,0.0,0.0,0.0,3.0,-3.0,5.0,False,5397.0,2.0,False,
2026-05-14,RVPH,0.0,0.0,0.0,0.0,3.0,-3.0,5.0,False,5398.0,2.0,False,
2026-05-14,RVSB,0.0,0.0,0.0,0.0012206114152960188,3.0,9.206114152960188,5.0,True,1235.0,4.0,True,
2026-05-14,RVSN,0.0,0.0,0.0,0.0034210048573231518,3.0,31.210048573231518,5.0,True,408.0,5.0,True,
2026-05-14,RVYL,0.0,0.0,0.0,0.0,3.0,-3.0,5.0,False,5399.0,2.0,False,
2026-05-14,RWAY,-0.00078125,0.0,-0.00078125,-0.002454045836066496,3.0,21.54045836066496,5.0,True,7108.0,1.0,True,"SHORT because predicted alpha is in the bottom decile. Net alpha after estimated 3.0 bps trading cost is 21.54 bps versus threshold 5.00 bps. Main contributors were intraday_return, volume_z_60, hl_range_20. Price filter passed; liquidity filter passed."
2026-05-14,RWAYI,0.0,0.0,0.0,8.217826824497574e-05,3.0,-2.1782173175502426,5.0,False,1949.0,3.0,True,
2026-05-14,RWAYL,0.0,0.0,0.0,0.0006050582767820963,3.0,3.0505827678209627,5.0,False,1634.0,3.0,True,
2026-05-14,RWAYZ,0.0,0.0,0.0,0.0,3.0,-3.0,5.0,False,5400.0,2.0,False,
2026-05-14,RWLK,0.0,0.0,0.0,0.0,3.0,-3.0,5.0,False,5401.0,2.0,False,
2026-05-14,RWOD,0.0,0.0,0.0,0.0,3.0,-3.0,5.0,False,5402.0,2.0,False,
2026-05-14,RXDX,0.0,0.0,0.0,0.0,3.0,-3.0,5.0,False,5403.0,2.0,False,
2026-05-14,RXII,0.0,0.0,0.0,0.0,3.0,-3.0,5.0,False,5404.0,2.0,False,
2026-05-14,RXRA,0.0,0.0,0.0,0.0,3.0,-3.0,5.0,False,5405.0,2.0,False,
2026-05-14,RXRX,0.0,0.0,0.0,0.002346841002613623,3.0,20.46841002613623,5.0,True,710.0,5.0,False,
2026-05-14,RXST,0.0,0.0,0.0,0.0006766751733678024,3.0,3.7667517336780234,5.0,False,1585.0,3.0,True,
2026-05-14,RXT,0.0028948102678571425,0.004464285714285714,-0.0015694754464285715,-0.003921273362117153,3.0,-42.21273362117154,5.0,False,7267.0,1.0,True,"SELL because predicted alpha is in the top decile. Net alpha after estimated 3.0 bps trading cost is -42.21 bps versus threshold 5.00 bps. Main contributors were mom_5, hl_range_20, close_to_low_20. Price filter passed; liquidity filter passed."
2026-05-14,RYET,0.0,0.0,0.0,0.0014789825696828489,3.0,11.789825696828489,5.0,True,1083.0,4.0,False,
2026-05-14,RYM,0.0,0.0,0.0,-0.0001050028915331633,3.0,-4.050028915331633,5.0,False,6426.0,2.0,True,
2026-05-14,RYOJ,0.0,0.0,0.0,0.0007827262314135733,3.0,4.827262314135733,5.0,False,1520.0,3.0,False,
2026-05-14,RYTM,0.0,0.0,0.0,0.0010576237491423362,3.0,7.5762374914233614,5.0,True,1329.0,4.0,True,
2026-05-14,RYZB,0.0,0.0,0.0,0.0,3.0,-3.0,5.0,False,5406.0,2.0,False,
2026-05-14,RZLT,0.0,0.0,0.0,0.0010611673683515576,3.0,7.611673683515576,5.0,True,1326.0,4.0,False,
2026-05-14,RZLV,0.0,0.0,0.0,0.0022585474094997484,3.0,19.585474094997483,5.0,True,752.0,5.0,False,
2026-05-14,SAAQ,0.0,0.0,0.0,-0.00021590371947717828,3.0,-5.159037194771782,5.0,False,6483.0,2.0,True,
2026-05-14,SAAS,0.0,0.0,0.0,0.0,3.0,-3.0,5.0,False,5407.0,2.0,False,
2026-05-14,SABR,0.0,0.0,0.0,0.0018728025641642776,3.0,15.728025641642777,5.0,True,880.0,4.0,False,
2026-05-14,SABS,0.0,0.0,0.0,-0.0021141002865830085,3.0,-24.141002865830085,5.0,False,7044.0,1.0,False,
2026-05-14,SAEX,0.0,0.0,0.0,0.0,3.0,-3.0,5.0,False,5408.0,2.0,False,
2026-05-14,SAFM,0.0,0.0,0.0,0.0,3.0,-3.0,5.0,False,5409.0,2.0,False,
2026-05-14,SAFT,0.0,0.0,0.0,-0.001108109627428182,3.0,-14.08109627428182,5.0,False,6819.0,2.0,True,
2026-05-14,SAFX,0.0,0.0,0.0,-0.010229235265042965,3.0,-105.29235265042965,5.0,False,7483.0,1.0,False,
2026-05-14,SAG,0.0,0.0,0.0,0.0,3.0,-3.0,5.0,False,5410.0,2.0,False,
2026-05-14,SAGA,0.0,0.0,0.0,0.0,3.0,-3.0,5.0,False,5411.0,2.0,False,
2026-05-14,SAGE,0.0,0.0,0.0,0.0,3.0,-3.0,5.0,False,5412.0,2.0,False,
2026-05-14,SAGT,0.0,0.0,0.0,-0.001226913920603031,3.0,-15.269139206030308,5.0,False,6853.0,1.0,False,
2026-05-14,SAI,0.0,0.0,0.0,0.0,3.0,-3.0,5.0,False,5413.0,2.0,False,
2026-05-14,SAIA,0.0,0.0,0.0,6.993817919469444e-06,3.0,-2.9300618208053058,5.0,False,1986.0,3.0,True,
2026-05-14,SAIC,0.0,0.0,0.0,0.000973350193529763,3.0,6.73350193529763,5.0,True,1392.0,4.0,True,
2026-05-14,SAIH,0.0,0.0,0.0,0.0025219268396792574,3.0,22.219268396792575,5.0,True,634.0,5.0,True,
2026-05-14,SAII,0.0,0.0,0.0,0.0,3.0,-3.0,5.0,False,5414.0,2.0,False,
2026-05-14,SAIL,-0.00078125,0.0,-0.00078125,-0.003641818910647134,3.0,33.41818910647134,5.0,True,7238.0,1.0,True,"SHORT because predicted alpha is in the bottom decile. Net alpha after estimated 3.0 bps trading cost is 33.42 bps versus threshold 5.00 bps. Main contributors were intraday_return, volume_z_60, mom_10. Price filter passed; liquidity filter passed."
2026-05-14,SAJA,0.0,0.0,0.0,0.0,3.0,-3.0,5.0,False,5415.0,2.0,False,
2026-05-14,SAL,0.0,0.0,0.0,0.0,3.0,-3.0,5.0,False,5416.0,2.0,False,
2026-05-14,SALE,0.0,0.0,0.0,0.0,3.0,-3.0,5.0,False,5417.0,2.0,False,
2026-05-14,SALM,0.0,0.0,0.0,0.0,3.0,-3.0,5.0,False,5418.0,2.0,False,
2026-05-14,SAMA,0.0,0.0,0.0,0.0,3.0,-3.0,5.0,False,5419.0,2.0,False,
2026-05-14,SAMG,0.0,0.0,0.0,-0.00011378531394682083,3.0,-4.137853139468208,5.0,False,6432.0,2.0,True,
2026-05-14,SANA,0.0,0.0,0.0,-0.00592001804646655,3.0,-62.2001804646655,5.0,False,7380.0,1.0,False,
2026-05-14,SANB,0.0,0.0,0.0,0.0,3.0,-3.0,5.0,False,5420.0,2.0,False,
2026-05-14,SANG,0.0,0.0,0.0,-0.0023590075269268483,3.0,-26.590075269268482,5.0,False,7096.0,1.0,False,
2026-05-14,SANM,0.004457310267857143,0.004464285714285714,-6.975446428571404e-06,0.005914013466787909,3.0,56.14013466787909,5.0,True,111.0,5.0,True,"SELL because predicted alpha is in the top decile. Net alpha after estimated 3.0 bps trading cost is 56.14 bps versus threshold 5.00 bps. Main contributors were mom_21, parkinson_vol_20, mom_63. Price filter passed; liquidity filter passed."
2026-05-14,SANW,0.0,0.0,0.0,0.0,3.0,-3.0,5.0,False,5421.0,2.0,False,
2026-05-14,SANW.Z,0.0,0.0,0.0,0.0,3.0,-3.0,5.0,False,5422.0,2.0,False,
2026-05-14,SAPE,0.0,0.0,0.0,0.0,3.0,-3.0,5.0,False,5423.0,2.0,False,
2026-05-14,SAQN,0.0,0.0,0.0,0.0,3.0,-3.0,5.0,False,5424.0,2.0,False,
2026-05-14,SASI,0.0,0.0,0.0,0.0,3.0,-3.0,5.0,False,5425.0,2.0,False,
2026-05-14,SASR,0.0,0.0,0.0,0.0,3.0,-3.0,5.0,False,5426.0,2.0,False,
2026-05-14,SATC,0.0,0.0,0.0,0.0,3.0,-3.0,5.0,False,5427.0,2.0,False,
2026-05-14,SATL,0.0,0.0,0.0,0.002000017405555054,3.0,17.00017405555054,5.0,True,829.0,4.0,True,
2026-05-14,SATS,0.00078125,0.0,0.00078125,0.006351365568042338,3.0,60.51365568042338,5.0,True,87.0,5.0,True,"BUY because predicted alpha is in the top decile. Net alpha after estimated 3.0 bps trading cost is 60.51 bps versus threshold 5.00 bps. Main contributors were mom_252, parkinson_vol_20, mom_5. Price filter passed; liquidity filter passed."
2026-05-14,SATSV,0.0,0.0,0.0,0.0,3.0,-3.0,5.0,False,5428.0,2.0,False,
2026-05-14,SAUC,0.0,0.0,0.0,0.0,3.0,-3.0,5.0,False,5429.0,2.0,False,
2026-05-14,SAVA,0.0,0.0,0.0,0.0,3.0,-3.0,5.0,False,5430.0,2.0,False,
2026-05-14,SBAC,0.0,0.0,0.0,0.0011569079371691955,3.0,8.569079371691956,5.0,True,1273.0,4.0,True,
2026-05-14,SBBP,0.0,0.0,0.0,0.0,3.0,-3.0,5.0,False,5431.0,2.0,False,
2026-05-14,SBBX,0.0,0.0,0.0,0.0,3.0,-3.0,5.0,False,5432.0,2.0,False,
2026-05-14,SBC,0.0,0.0,0.0,0.0018299693058566899,3.0,15.299693058566898,5.0,True,904.0,4.0,False,
2026-05-14,SBCF,0.0,0.0,0.0,-8.35276173541887e-05,3.0,-3.835276173541887,5.0,False,6415.0,2.0,True,
2026-05-14,SBCP,0.0,0.0,0.0,0.0,3.0,-3.0,5.0,False,5433.0,2.0,False,
2026-05-14,SBEA,0.0,0.0,0.0,0.0,3.0,-3.0,5.0,False,5434.0,2.0,False,
2026-05-14,SBET,0.0,0.0,0.0,-0.0001603562881112502,3.0,-4.603562881112502,5.0,False,6456.0,2.0,True,
2026-05-14,SBFG,0.0,0.0,0.0,0.001906222304311057,3.0,16.06222304311057,5.0,True,865.0,4.0,True,
2026-05-14,SBFG.P,0.0,0.0,0.0,0.0,3.0,-3.0,5.0,False,5435.0,2.0,False,
2026-05-14,SBFM,0.0,0.0,0.0,-0.0012517813813491612,3.0,-15.517813813491612,5.0,False,6859.0,1.0,False,
2026-05-14,SBGI,0.0,0.0,0.0,0.0004493020785227292,3.0,1.4930207852272916,5.0,False,1743.0,3.0,True,
2026-05-14,SBIB,0.0,0.0,0.0,0.0,3.0,-3.0,5.0,False,5436.0,2.0,False,
2026-05-14,SBIG,0.0,0.0,0.0,0.0,3.0,-3.0,5.0,False,5437.0,2.0,False,
2026-05-14,SBLK,0.0,0.0,0.0,0.002621537717798161,3.0,23.21537717798161,5.0,True,601.0,5.0,True,
2026-05-14,SBLK.L,0.0,0.0,0.0,0.0,3.0,-3.0,5.0,False,5438.0,2.0,False,
2026-05-14,SBLKL,0.0,0.0,0.0,0.0,3.0,-3.0,5.0,False,5439.0,2.0,False,
2026-05-14,SBLKZ,0.0,0.0,0.0,0.0,3.0,-3.0,5.0,False,5440.0,2.0,False,
2026-05-14,SBLX,0.0,0.0,0.0,0.0,3.0,-3.0,5.0,False,5441.0,2.0,False,
2026-05-14,SBNY,0.0,0.0,0.0,0.0,3.0,-3.0,5.0,False,5442.0,2.0,False,
2026-05-14,SBNY.W,0.0,0.0,0.0,0.0,3.0,-3.0,5.0,False,5443.0,2.0,False,
2026-05-14,SBOT,0.0,0.0,0.0,0.0,3.0,-3.0,5.0,False,5444.0,2.0,False,
2026-05-14,SBPH,0.0,0.0,0.0,0.0,3.0,-3.0,5.0,False,5445.0,2.0,False,
2026-05-14,SBRA,0.0,0.0,0.0,0.001996668547242484,3.0,16.96668547242484,5.0,True,831.0,4.0,True,
2026-05-14,SBRA.P,0.0,0.0,0.0,0.0,3.0,-3.0,5.0,False,5446.0,2.0,False,
2026-05-14,SBSA,0.0,0.0,0.0,0.0,3.0,-3.0,5.0,False,5447.0,2.0,False,
2026-05-14,SBT,0.0,0.0,0.0,0.0,3.0,-3.0,5.0,False,5448.0,2.0,False,
2026-05-14,SBUX,0.0,0.0,0.0,0.0011120686627442095,3.0,8.120686627442094,5.0,True,1297.0,4.0,True,
2026-05-14,SCAC,0.0,0.0,0.0,0.0,3.0,-3.0,5.0,False,5449.0,2.0,False,
2026-05-14,SCAC.U,0.0,0.0,0.0,0.0,3.0,-3.0,5.0,False,5450.0,2.0,False,
2026-05-14,SCAI,0.0,0.0,0.0,0.0,3.0,-3.0,5.0,False,5451.0,2.0,False,
2026-05-14,SCAQ,0.0,0.0,0.0,0.0,3.0,-3.0,5.0,False,5452.0,2.0,False,
2026-05-14,SCBT,0.0,0.0,0.0,0.0,3.0,-3.0,5.0,False,5453.0,2.0,False,
2026-05-14,SCHL,0.0,0.0,0.0,0.001955928683308518,3.0,16.559286833085178,5.0,True,847.0,4.0,True,
2026-05-14,SCHN,0.0,0.0,0.0,0.0,3.0,-3.0,5.0,False,5454.0,2.0,False,
2026-05-14,SCII,0.0,0.0,0.0,-0.00018580973649965152,3.0,-4.858097364996516,5.0,False,6469.0,2.0,True,
2026-05-14,SCKT,0.0,0.0,0.0,0.0035291930682630206,3.0,32.29193068263021,5.0,True,383.0,5.0,False,
2026-05-14,SCLE,0.0,0.0,0.0,0.0,3.0,-3.0,5.0,False,5455.0,2.0,False,
2026-05-14,SCLN,0.0,0.0,0.0,0.0,3.0,-3.0,5.0,False,5456.0,2.0,False,
2026-05-14,SCLX,0.0,0.0,0.0,-0.005238520279542356,3.0,-55.38520279542356,5.0,False,7342.0,1.0,True,
2026-05-14,SCMA,0.0,0.0,0.0,0.0,3.0,-3.0,5.0,False,5457.0,2.0,False,
2026-05-14,SCMP,0.0,0.0,0.0,0.0,3.0,-3.0,5.0,False,5458.0,2.0,False,
2026-05-14,SCNX,0.0,0.0,0.0,-0.0008489215069878494,3.0,-11.489215069878494,5.0,False,6745.0,2.0,False,
2026-05-14,SCOA,0.0,0.0,0.0,0.0,3.0,-3.0,5.0,False,5459.0,2.0,False,
2026-05-14,SCOB,0.0,0.0,0.0,0.0,3.0,-3.0,5.0,False,5460.0,2.0,False,
2026-05-14,SCOK,0.0,0.0,0.0,0.0,3.0,-3.0,5.0,False,5461.0,2.0,False,
2026-05-14,SCON,0.0,0.0,0.0,0.0,3.0,-3.0,5.0,False,5462.0,2.0,False,
2026-05-14,SCOR,0.0,0.0,0.0,0.005340150655347472,3.0,50.40150655347472,5.0,True,153.0,5.0,True,
2026-05-14,SCPH,0.0,0.0,0.0,0.0,3.0,-3.0,5.0,False,5463.0,2.0,False,
2026-05-14,SCPL,0.0,0.0,0.0,0.0,3.0,-3.0,5.0,False,5464.0,2.0,False,
2026-05-14,SCPQ,0.0,0.0,0.0,0.0,3.0,-3.0,5.0,False,5465.0,2.0,False,
2026-05-14,SCPS,0.0,0.0,0.0,0.0,3.0,-3.0,5.0,False,5466.0,2.0,False,
2026-05-14,SCR,0.0,0.0,0.0,0.0,3.0,-3.0,5.0,False,5467.0,2.0,False,
2026-05-14,SCRM,0.0,0.0,0.0,0.0,3.0,-3.0,5.0,False,5468.0,2.0,False,
2026-05-14,SCSC,0.0,0.0,0.0,0.0009906849910046116,3.0,6.906849910046116,5.0,True,1382.0,4.0,True,
2026-05-14,SCSS,0.0,0.0,0.0,0.0,3.0,-3.0,5.0,False,5469.0,2.0,False,
2026-05-14,SCTL,0.0,0.0,0.0,0.0,3.0,-3.0,5.0,False,5470.0,2.0,False,
2026-05-14,SCTY,0.0,0.0,0.0,0.0,3.0,-3.0,5.0,False,5471.0,2.0,False,
2026-05-14,SCVL,0.0,0.0,0.0,0.0018784166037191204,3.0,15.784166037191206,5.0,True,875.0,4.0,True,
2026-05-14,SCWO,0.0,0.0,0.0,0.002834224955439166,3.0,25.34224955439166,5.0,True,544.0,5.0,False,
2026-05-14,SCWX,0.0,0.0,0.0,0.0,3.0,-3.0,5.0,False,5472.0,2.0,False,
2026-05-14,SCYX,0.0,0.0,0.0,-0.0014953749145661976,3.0,-17.953749145661973,5.0,False,6911.0,1.0,False,
2026-05-14,SCZM,0.0,0.0,0.0,0.004391298722995641,3.0,40.91298722995641,5.0,True,242.0,5.0,True,
2026-05-14,SDA,0.0,0.0,0.0,0.0014710784747180945,3.0,11.710784747180945,5.0,True,1088.0,4.0,False,
2026-05-14,SDAC,0.0,0.0,0.0,0.0,3.0,-3.0,5.0,False,5473.0,2.0,False,
2026-05-14,SDC,0.0,0.0,0.0,0.0,3.0,-3.0,5.0,False,5474.0,2.0,False,
2026-05-14,SDGR,0.0,0.0,0.0,0.0011062266064226162,3.0,8.062266064226161,5.0,True,1302.0,4.0,True,
2026-05-14,SDHI,0.0,0.0,0.0,0.00038211872399419606,3.0,0.8211872399419606,5.0,False,1781.0,3.0,True,
2026-05-14,SDIG,0.0,0.0,0.0,0.0,3.0,-3.0,5.0,False,5475.0,2.0,False,
2026-05-14,SDM,0.0,0.0,0.0,0.0,3.0,-3.0,5.0,False,5476.0,2.0,False,
2026-05-14,SDOT,0.0,0.0,0.0,-0.014063540126819374,3.0,-143.63540126819373,5.0,False,7514.0,1.0,False,
2026-05-14,SDST,0.0,0.0,0.0,-0.0010195361835287518,3.0,-13.195361835287517,5.0,False,6799.0,2.0,False,
2026-05-14,SEAC,0.0,0.0,0.0,0.0,3.0,-3.0,5.0,False,5477.0,2.0,False,
2026-05-14,SEAT,-0.003676060267857143,-0.004464285714285714,0.0007882254464285712,-0.002314615369796622,3.0,20.14615369796622,5.0,True,7089.0,1.0,True,"COVER because predicted alpha is in the bottom decile. Net alpha after estimated 3.0 bps trading cost is 20.15 bps versus threshold 5.00 bps. Main contributors were parkinson_vol_20, mom_10, intraday_return. Price filter passed; liquidity filter passed."
2026-05-14,SEDG,0.0,0.0,0.0,-0.0011195021314410372,3.0,-14.195021314410372,5.0,False,6824.0,1.0,True,
2026-05-14,SEED,0.0,0.0,0.0,0.002844153946799651,3.0,25.44153946799651,5.0,True,540.0,5.0,False,
2026-05-14,SEEL,0.0,0.0,0.0,0.0,3.0,-3.0,5.0,False,5478.0,2.0,False,
2026-05-14,SEER,0.0,0.0,0.0,0.001976815533918222,3.0,16.76815533918222,5.0,True,839.0,4.0,False,
2026-05-14,SEGG,0.0,0.0,0.0,-0.011039980538758083,3.0,-113.39980538758083,5.0,False,7494.0,1.0,False,
2026-05-14,SEIC,0.0,0.0,0.0,0.00386308081171769,3.0,35.6308081171769,5.0,True,320.0,5.0,True,
2026-05-14,SEII,0.0,0.0,0.0,0.0,3.0,-3.0,5.0,False,5479.0,2.0,False,
2026-05-14,SELB,0.0,0.0,0.0,0.0,3.0,-3.0,5.0,False,5480.0,2.0,False,
2026-05-14,SELF,0.0,0.0,0.0,0.0021669334620699403,3.0,18.669334620699402,5.0,True,785.0,4.0,True,
2026-05-14,SELX,0.0,0.0,0.0,-0.006008760220969269,3.0,-63.08760220969269,5.0,False,7384.0,1.0,False,
2026-05-14,SENEA,0.0,0.0,0.0,0.0016938272270120296,3.0,13.938272270120297,5.0,True,965.0,4.0,True,
2026-05-14,SENEB,0.0,0.0,0.0,0.0,3.0,-3.0,5.0,False,5481.0,2.0,False,
2026-05-14,SENS,0.0,0.0,0.0,-0.0004716319446955928,3.0,-7.716319446955928,5.0,False,6617.0,2.0,True,
2026-05-14,SEPA,0.0,0.0,0.0,0.0,3.0,-3.0,5.0,False,5482.0,2.0,False,
2026-05-14,SEPN,-0.00078125,0.0,-0.00078125,-0.002951462490017388,3.0,26.514624900173878,5.0,True,7174.0,1.0,True,"SHORT because predicted alpha is in the bottom decile. Net alpha after estimated 3.0 bps trading cost is 26.51 bps versus threshold 5.00 bps. Main contributors were intraday_return, volume_z_60, mom_10. Price filter passed; liquidity filter passed."
2026-05-14,SERA,0.0,0.0,0.0,-0.006017629239212684,3.0,-63.17629239212685,5.0,False,7386.0,1.0,False,
2026-05-14,SERV,0.0,0.0,0.0,0.004445564295187963,3.0,41.45564295187963,5.0,True,238.0,5.0,True,
2026-05-14,SESN,0.0,0.0,0.0,0.0,3.0,-3.0,5.0,False,5483.0,2.0,False,
2026-05-14,SEV,0.0,0.0,0.0,0.003843915578260442,3.0,35.439155782604416,5.0,True,323.0,5.0,False,
2026-05-14,SEVN,0.0,0.0,0.0,0.00032436427384399804,3.0,0.24364273843998063,5.0,False,1808.0,3.0,True,
2026-05-14,SEVR.R,0.0,0.0,0.0,0.0,3.0,-3.0,5.0,False,5484.0,2.0,False,
2026-05-14,SEZL,0.003676060267857143,0.004464285714285714,-0.0007882254464285712,0.003028332156537133,3.0,27.28332156537133,5.0,True,498.0,5.0,True,"SELL because predicted alpha is in the top decile. Net alpha after estimated 3.0 bps trading cost is 27.28 bps versus threshold 5.00 bps. Main contributors were mom_21, mom_63, volume_z_60. Price filter passed; liquidity filter passed."
2026-05-14,SFBC,0.0,0.0,0.0,0.0006839186467408851,3.0,3.839186467408851,5.0,False,1581.0,3.0,True,
2026-05-14,SFD,0.0,0.0,0.0,0.0018053603692348586,3.0,15.053603692348585,5.0,True,914.0,4.0,True,
2026-05-14,SFE,0.0,0.0,0.0,0.0,3.0,-3.0,5.0,False,5485.0,2.0,False,
2026-05-14,SFHG,0.0,0.0,0.0,-0.0010634495726075536,3.0,-13.634495726075535,5.0,False,6812.0,2.0,False,
2026-05-14,SFIX,0.0,0.0,0.0,0.002379734364802062,3.0,20.797343648020618,5.0,True,693.0,5.0,False,
2026-05-14,SFLY,0.0,0.0,0.0,0.0,3.0,-3.0,5.0,False,5486.0,2.0,False,
2026-05-14,SFM,0.0,0.0,0.0,0.004033522847653761,3.0,37.33522847653761,5.0,True,298.0,5.0,True,
2026-05-14,SFNC,0.0,0.0,0.0,0.0008597114806049339,3.0,5.597114806049339,5.0,True,1467.0,4.0,True,
2026-05-14,SFR,0.0,0.0,0.0,0.0,3.0,-3.0,5.0,False,5487.0,2.0,False,
2026-05-14,SFST,0.0,0.0,0.0,0.0009799714867811682,3.0,6.799714867811682,5.0,True,1387.0,4.0,True,
2026-05-14,SFT,0.0,0.0,0.0,0.0,3.0,-3.0,5.0,False,5488.0,2.0,False,
2026-05-14,SFWL,0.0,0.0,0.0,0.006082954042449271,3.0,57.82954042449271,5.0,True,104.0,5.0,False,
2026-05-14,SFXE,0.0,0.0,0.0,0.0,3.0,-3.0,5.0,False,5489.0,2.0,False,
2026-05-14,SGA,0.0,0.0,0.0,-0.00028269963061334624,3.0,-5.826996306133463,5.0,False,6517.0,2.0,True,
2026-05-14,SGAM,0.0,0.0,0.0,0.0,3.0,-3.0,5.0,False,5490.0,2.0,False,
2026-05-14,SGBK,0.0,0.0,0.0,0.0,3.0,-3.0,5.0,False,5491.0,2.0,False,
2026-05-14,SGBX,0.0,0.0,0.0,0.0,3.0,-3.0,5.0,False,5492.0,2.0,False,
2026-05-14,SGBXV,0.0,0.0,0.0,0.0,3.0,-3.0,5.0,False,5493.0,2.0,False,
2026-05-14,SGC,0.0,0.0,0.0,0.0011885459449678091,3.0,8.885459449678091,5.0,True,1251.0,4.0,True,
2026-05-14,SGD,0.0,0.0,0.0,0.0,3.0,-3.0,5.0,False,5494.0,2.0,False,
2026-05-14,SGDVV,0.0,0.0,0.0,0.0,3.0,-3.0,5.0,False,5495.0,2.0,False,
2026-05-14,SGEN,0.0,0.0,0.0,0.0,3.0,-3.0,5.0,False,5496.0,2.0,False,
2026-05-14,SGH,0.0,0.0,0.0,0.0,3.0,-3.0,5.0,False,5497.0,2.0,False,
2026-05-14,SGHL,0.0,0.0,0.0,0.0,3.0,-3.0,5.0,False,5498.0,2.0,False,
2026-05-14,SGHT,0.0,0.0,0.0,-0.0021605371994635175,3.0,-24.605371994635174,5.0,False,7052.0,1.0,True,
2026-05-14,SGII,0.0,0.0,0.0,0.0,3.0,-3.0,5.0,False,5499.0,2.0,False,
2026-05-14,SGLB,0.0,0.0,0.0,0.0,3.0,-3.0,5.0,False,5500.0,2.0,False,
2026-05-14,SGLY,0.0,0.0,0.0,0.0024966837519770314,3.0,21.966837519770316,5.0,True,644.0,5.0,False,
2026-05-14,SGMA,0.0,0.0,0.0,0.0,3.0,-3.0,5.0,False,5501.0,2.0,False,
2026-05-14,SGML,0.0,0.0,0.0,-0.00011951958321181717,3.0,-4.195195832118172,5.0,False,6434.0,2.0,True,
2026-05-14,SGMO,0.0,0.0,0.0,0.0,3.0,-3.0,5.0,False,5502.0,2.0,False,
2026-05-14,SGMT,0.0,0.0,0.0,0.004621980688544226,3.0,43.21980688544226,5.0,True,220.0,5.0,True,
2026-05-14,SGNL,0.0,0.0,0.0,0.0,3.0,-3.0,5.0,False,5503.0,2.0,False,
2026-05-14,SGNT,0.0,0.0,0.0,0.0,3.0,-3.0,5.0,False,5504.0,2.0,False,
2026-05-14,SGOC,0.0,0.0,0.0,0.0,3.0,-3.0,5.0,False,5505.0,2.0,False,
2026-05-14,SGP,0.0,0.0,0.0,0.00011226789457737777,3.0,-1.8773210542262224,5.0,False,1932.0,3.0,True,
2026-05-14,SGRP,0.0,0.0,0.0,0.002186578709367405,3.0,18.865787093674047,5.0,True,779.0,4.0,False,
2026-05-14,SGRY,0.0,0.0,0.0,-0.0015504422806464791,3.0,-18.50442280646479,5.0,False,6928.0,1.0,True,
2026-05-14,SGTX,0.0,0.0,0.0,0.0,3.0,-3.0,5.0,False,5506.0,2.0,False,
2026-05-14,SGYP,0.0,0.0,0.0,0.0,3.0,-3.0,5.0,False,5507.0,2.0,False,
2026-05-14,SGYP.U,0.0,0.0,0.0,0.0,3.0,-3.0,5.0,False,5508.0,2.0,False,
2026-05-14,SGYP.W,0.0,0.0,0.0,0.0,3.0,-3.0,5.0,False,5509.0,2.0,False,
2026-05-14,SHAC,0.0,0.0,0.0,0.0,3.0,-3.0,5.0,False,5510.0,2.0,False,
2026-05-14,SHAZ,0.0,0.0,0.0,0.00036431349162844694,3.0,0.6431349162844695,5.0,False,1791.0,3.0,True,
2026-05-14,SHBI,0.0,0.0,0.0,0.0007863619002306688,3.0,4.863619002306688,5.0,False,1516.0,4.0,True,
2026-05-14,SHC,0.0,0.0,0.0,0.00048772571421953345,3.0,1.8772571421953348,5.0,False,1712.0,3.0,True,
2026-05-14,SHCA,0.0,0.0,0.0,0.0,3.0,-3.0,5.0,False,5511.0,2.0,False,
2026-05-14,SHCR,0.0,0.0,0.0,0.0,3.0,-3.0,5.0,False,5512.0,2.0,False,
2026-05-14,SHEN,0.0,0.0,0.0,0.001482017374712134,3.0,11.82017374712134,5.0,True,1081.0,4.0,True,
2026-05-14,SHFL,0.0,0.0,0.0,0.0,3.0,-3.0,5.0,False,5513.0,2.0,False,
2026-05-14,SHFS,0.0,0.0,0.0,-0.005956405401497168,3.0,-62.564054014971674,5.0,False,7381.0,1.0,False,
2026-05-14,SHIM,-0.00078125,0.0,-0.00078125,-0.006941531666280951,3.0,66.41531666280952,5.0,True,7415.0,1.0,True,"SHORT because predicted alpha is in the bottom decile. Net alpha after estimated 3.0 bps trading cost is 66.42 bps versus threshold 5.00 bps. Main contributors were intraday_return, parkinson_vol_20, book_to_market. Price filter passed; liquidity filter passed."
2026-05-14,SHIP,0.0,0.0,0.0,0.0026427386474290604,3.0,23.427386474290604,5.0,True,593.0,5.0,True,
2026-05-14,SHLD.R,0.0,0.0,0.0,0.0,3.0,-3.0,5.0,False,5514.0,2.0,False,
2026-05-14,SHLD.W,0.0,0.0,0.0,0.0,3.0,-3.0,5.0,False,5515.0,2.0,False,
2026-05-14,SHLD.Z,0.0,0.0,0.0,0.0,3.0,-3.0,5.0,False,5516.0,2.0,False,
2026-05-14,SHLM,0.0,0.0,0.0,0.0,3.0,-3.0,5.0,False,5517.0,2.0,False,
2026-05-14,SHLO,0.0,0.0,0.0,0.0,3.0,-3.0,5.0,False,5518.0,2.0,False,
2026-05-14,SHLS,0.0,0.0,0.0,0.00383322544536079,3.0,35.3322544536079,5.0,True,330.0,5.0,True,
2026-05-14,SHMD,0.0,0.0,0.0,-0.0014272193064581427,3.0,-17.272193064581426,5.0,False,6901.0,1.0,True,
2026-05-14,SHOO,0.0,0.0,0.0,0.0018543222854217967,3.0,15.543222854217966,5.0,True,895.0,4.0,True,
2026-05-14,SHOP,0.0,0.0,0.0,-0.0014163706514921147,3.0,-17.163706514921145,5.0,False,6896.0,1.0,True,
2026-05-14,SHOR,0.0,0.0,0.0,0.0,3.0,-3.0,5.0,False,5519.0,2.0,False,
2026-05-14,SHOS,0.0,0.0,0.0,0.0,3.0,-3.0,5.0,False,5520.0,2.0,False,
2026-05-14,SHOT,0.0,0.0,0.0,0.0,3.0,-3.0,5.0,False,5521.0,2.0,False,
2026-05-14,SHPGY,0.0,0.0,0.0,0.0,3.0,-3.0,5.0,False,5522.0,2.0,False,
2026-05-14,SHPH,0.0,0.0,0.0,-0.005216004626546583,3.0,-55.16004626546582,5.0,False,7340.0,1.0,False,
2026-05-14,SHPW,0.0,0.0,0.0,0.0,3.0,-3.0,5.0,False,5523.0,2.0,False,
2026-05-14,SHQA,0.0,0.0,0.0,0.0,3.0,-3.0,5.0,False,5524.0,2.0,False,
2026-05-14,SHSP,0.0,0.0,0.0,0.0,3.0,-3.0,5.0,False,5525.0,2.0,False,
2026-05-14,SHUA,0.0,0.0,0.0,0.0,3.0,-3.0,5.0,False,5526.0,2.0,False,
2026-05-14,SHYF,0.0,0.0,0.0,0.0,3.0,-3.0,5.0,False,5527.0,2.0,False,
2026-05-14,SIAL,0.0,0.0,0.0,0.0,3.0,-3.0,5.0,False,5528.0,2.0,False,
2026-05-14,SIBC,0.0,0.0,0.0,0.0,3.0,-3.0,5.0,False,5529.0,2.0,False,
2026-05-14,SIBN,0.0,0.0,0.0,0.00031212924103218246,3.0,0.12129241032182447,5.0,False,1817.0,3.0,True,
2026-05-14,SIC,0.0,0.0,0.0,0.0,3.0,-3.0,5.0,False,5530.0,2.0,False,
2026-05-14,SIDU,0.0,0.0,0.0,-0.0022913371910708966,3.0,-25.913371910708968,5.0,False,7085.0,1.0,False,
2026-05-14,SIEB,0.0,0.0,0.0,0.0008844777489851406,3.0,5.844777489851406,5.0,True,1448.0,4.0,False,
2026-05-14,SIEN,0.0,0.0,0.0,0.0,3.0,-3.0,5.0,False,5531.0,2.0,False,
2026-05-14,SIER,0.0,0.0,0.0,0.0,3.0,-3.0,5.0,False,5532.0,2.0,False,
2026-05-14,SIGA,0.0,0.0,0.0,0.00047798124178609374,3.0,1.7798124178609376,5.0,False,1723.0,3.0,False,
2026-05-14,SIGI,0.0,0.0,0.0,0.001825087284064925,3.0,15.25087284064925,5.0,True,905.0,4.0,True,
2026-05-14,SIGM,0.0,0.0,0.0,0.0,3.0,-3.0,5.0,False,5533.0,2.0,False,
2026-05-14,SILC,0.0,0.0,0.0,0.002427303133474593,3.0,21.27303133474593,5.0,True,671.0,5.0,True,
2026-05-14,SILK,0.0,0.0,0.0,0.0,3.0,-3.0,5.0,False,5534.0,2.0,False,
2026-05-14,SILO,0.0,0.0,0.0,-0.000433842227458549,3.0,-7.33842227458549,5.0,False,6598.0,2.0,False,
2026-05-14,SIMA,0.0,0.0,0.0,-0.000358512652687484,3.0,-6.58512652687484,5.0,False,6561.0,2.0,True,
2026-05-14,SIMG,0.0,0.0,0.0,0.0,3.0,-3.0,5.0,False,5535.0,2.0,False,
2026-05-14,SINA,0.0,0.0,0.0,0.0,3.0,-3.0,5.0,False,5536.0,2.0,False,
2026-05-14,SINO,0.0,0.0,0.0,0.0,3.0,-3.0,5.0,False,5537.0,2.0,False,
2026-05-14,SINT,0.0,0.0,0.0,0.00045478629170155944,3.0,1.5478629170155944,5.0,False,1740.0,3.0,False,
2026-05-14,SION,0.0,0.0,0.0,0.001689678246178771,3.0,13.896782461787708,5.0,True,967.0,4.0,True,
2026-05-14,SIOX,0.0,0.0,0.0,0.0,3.0,-3.0,5.0,False,5538.0,2.0,False,
2026-05-14,SIR,0.0,0.0,0.0,0.0,3.0,-3.0,5.0,False,5539.0,2.0,False,
2026-05-14,SIRI,0.0,0.0,0.0,0.003213387099441071,3.0,29.133870994410714,5.0,True,454.0,5.0,True,
2026-05-14,SIRO,0.0,0.0,0.0,0.0,3.0,-3.0,5.0,False,5540.0,2.0,False,
2026-05-14,SIRVV,0.0,0.0,0.0,0.0,3.0,-3.0,5.0,False,5541.0,2.0,False,
2026-05-14,SISI,0.0,0.0,0.0,0.0,3.0,-3.0,5.0,False,5542.0,2.0,False,
2026-05-14,SITM,0.004457310267857143,0.004464285714285714,-6.975446428571404e-06,0.005235536006881587,3.0,49.35536006881587,5.0,True,165.0,5.0,True,"SELL because predicted alpha is in the top decile. Net alpha after estimated 3.0 bps trading cost is 49.36 bps versus threshold 5.00 bps. Main contributors were mom_21, close_to_low_20, mom_252. Price filter passed; liquidity filter passed."
2026-05-14,SITO,0.0,0.0,0.0,0.0,3.0,-3.0,5.0,False,5543.0,2.0,False,
2026-05-14,SIVB,0.0,0.0,0.0,0.0,3.0,-3.0,5.0,False,5544.0,2.0,False,
2026-05-14,SJ,0.0,0.0,0.0,-0.005608236743404002,3.0,-59.08236743404002,5.0,False,7360.0,1.0,False,
2026-05-14,SJA,0.0,0.0,0.0,0.0,3.0,-3.0,5.0,False,5545.0,2.0,False,
2026-05-14,SJW,0.0,0.0,0.0,0.0,3.0,-3.0,5.0,False,5546.0,2.0,False,
2026-05-14,SKBI,0.0,0.0,0.0,0.0,3.0,-3.0,5.0,False,5547.0,2.0,False,
2026-05-14,SKBL,0.0,0.0,0.0,-0.005177900058290376,3.0,-54.77900058290376,5.0,False,7339.0,1.0,False,
2026-05-14,SKGR,0.0,0.0,0.0,0.0,3.0,-3.0,5.0,False,5548.0,2.0,False,
2026-05-14,SKIN,0.0,0.0,0.0,-0.008029096647990897,3.0,-83.29096647990896,5.0,False,7447.0,1.0,False,
2026-05-14,SKIS,0.0,0.0,0.0,0.0,3.0,-3.0,5.0,False,5549.0,2.0,False,
2026-05-14,SKK,0.0,0.0,0.0,-0.024472887415553396,3.0,-247.72887415553396,5.0,False,7558.0,1.0,False,
2026-05-14,SKLN,0.0,0.0,0.0,0.0,3.0,-3.0,5.0,False,5550.0,2.0,False,
2026-05-14,SKLN.U,0.0,0.0,0.0,0.0,3.0,-3.0,5.0,False,5551.0,2.0,False,
2026-05-14,SKLN.W,0.0,0.0,0.0,0.0,3.0,-3.0,5.0,False,5552.0,2.0,False,
2026-05-14,SKUL,0.0,0.0,0.0,0.0,3.0,-3.0,5.0,False,5553.0,2.0,False,
2026-05-14,SKWD,0.0,0.0,0.0,0.00045078811459561705,3.0,1.50788114595617,5.0,False,1741.0,3.0,True,
2026-05-14,SKYA,0.0,0.0,0.0,0.0,3.0,-3.0,5.0,False,5554.0,2.0,False,
2026-05-14,SKYE,0.0,0.0,0.0,-0.007122529671639037,3.0,-74.22529671639036,5.0,False,7422.0,1.0,False,
2026-05-14,SKYQ,0.0,0.0,0.0,-0.0036840798705493408,3.0,-39.840798705493405,5.0,False,7247.0,1.0,False,
2026-05-14,SKYT,0.0,0.0,0.0,0.0034460252850245098,3.0,31.460252850245098,5.0,True,402.0,5.0,True,
2026-05-14,SKYW,0.0,0.0,0.0,-0.0019662276500938074,3.0,-22.662276500938074,5.0,False,7008.0,1.0,True,
2026-05-14,SKYX,0.0,0.0,0.0,-0.004303292862650679,3.0,-46.032928626506795,5.0,False,7291.0,1.0,False,
2026-05-14,SLAB,0.0,0.0,0.0,0.0002732712118396577,3.0,-0.2672878816034232,5.0,False,1835.0,3.0,True,
2026-05-14,SLAC,0.0,0.0,0.0,0.0,3.0,-3.0,5.0,False,5555.0,2.0,False,
2026-05-14,SLAM,0.0,0.0,0.0,0.0,3.0,-3.0,5.0,False,5556.0,2.0,False,
2026-05-14,SLCR,0.0,0.0,0.0,0.0,3.0,-3.0,5.0,False,5557.0,2.0,False,
2026-05-14,SLCT,0.0,0.0,0.0,0.0,3.0,-3.0,5.0,False,5558.0,2.0,False,
2026-05-14,SLDB,0.0,0.0,0.0,0.0003763028919042372,3.0,0.7630289190423722,5.0,False,1784.0,3.0,True,
2026-05-14,SLDE,0.0,0.0,0.0,0.0014938876962955424,3.0,11.938876962955424,5.0,True,1073.0,4.0,True,
2026-05-14,SLDP,0.0,0.0,0.0,0.0035310431320350662,3.0,32.31043132035066,5.0,True,382.0,5.0,False,
2026-05-14,SLE,0.0,0.0,0.0,0.00025303090566868025,3.0,-0.4696909433131973,5.0,False,1844.0,3.0,False,
2026-05-14,SLGB,0.0,0.0,0.0,0.00033273576620755727,3.0,0.3273576620755727,5.0,False,1803.0,3.0,False,
2026-05-14,SLGC,0.0,0.0,0.0,0.0,3.0,-3.0,5.0,False,5559.0,2.0,False,
2026-05-14,SLGG,0.0,0.0,0.0,0.0,3.0,-3.0,5.0,False,5560.0,2.0,False,
2026-05-14,SLGL,0.0,0.0,0.0,0.007551108089831919,3.0,72.5110808983192,5.0,True,50.0,5.0,True,
2026-05-14,SLHG,0.0,0.0,0.0,0.0,3.0,-3.0,5.0,False,5561.0,2.0,False,
2026-05-14,SLM,0.0,0.0,0.0,0.0008349949325048644,3.0,5.3499493250486445,5.0,True,1480.0,4.0,True,
2026-05-14,SLMA.P,0.0,0.0,0.0,0.0,3.0,-3.0,5.0,False,5562.0,2.0,False,
2026-05-14,SLMT,0.00078125,0.0,0.00078125,0.00846443304619388,3.0,81.64433046193881,5.0,True,32.0,5.0,True,"BUY because predicted alpha is in the top decile. Net alpha after estimated 3.0 bps trading cost is 81.64 bps versus threshold 5.00 bps. Main contributors were mom_5, volatility_20, close_to_low_20. Price filter passed; liquidity filter passed."
2026-05-14,SLNA,0.0,0.0,0.0,0.0,3.0,-3.0,5.0,False,5563.0,2.0,False,
2026-05-14,SLNG,0.0,0.0,0.0,0.0017161185897967448,3.0,14.16118589796745,5.0,True,953.0,4.0,False,
2026-05-14,SLNH,0.0,0.0,0.0,0.0038346622730831303,3.0,35.3466227308313,5.0,True,329.0,5.0,False,
2026-05-14,SLNO,0.0,0.0,0.0,-0.00017203382166481522,3.0,-4.720338216648152,5.0,False,6461.0,2.0,True,
2026-05-14,SLP,0.0,0.0,0.0,-0.0010502070004200074,3.0,-13.502070004200075,5.0,False,6809.0,2.0,True,
2026-05-14,SLRC,0.0,0.0,0.0,0.00034403655356423556,3.0,0.4403655356423557,5.0,False,1800.0,3.0,True,
2026-05-14,SLRN,0.0,0.0,0.0,0.0,3.0,-3.0,5.0,False,5564.0,2.0,False,
2026-05-14,SLRX,0.0,0.0,0.0,0.0,3.0,-3.0,5.0,False,5565.0,2.0,False,
2026-05-14,SLS,-0.003676060267857143,-0.004464285714285714,0.0007882254464285712,-0.0019687199534544958,3.0,16.68719953454496,5.0,True,7009.0,1.0,True,"COVER because predicted alpha is in the bottom decile. Net alpha after estimated 3.0 bps trading cost is 16.69 bps versus threshold 5.00 bps. Main contributors were intraday_return, mom_126, operating_margin. Price filter passed; liquidity filter passed."
2026-05-14,SLSN,0.0,0.0,0.0,0.0034934868097923613,3.0,31.934868097923612,5.0,True,392.0,5.0,False,
2026-05-14,SLTC,0.0,0.0,0.0,0.0,3.0,-3.0,5.0,False,5566.0,2.0,False,
2026-05-14,SLTD,0.0,0.0,0.0,0.0,3.0,-3.0,5.0,False,5567.0,2.0,False,
2026-05-14,SLXN,0.0,0.0,0.0,-0.0025401499658968085,3.0,-28.401499658968085,5.0,False,7119.0,1.0,False,
2026-05-14,SLXP,0.0,0.0,0.0,0.0,3.0,-3.0,5.0,False,5568.0,2.0,False,
2026-05-14,SMAC,0.0,0.0,0.0,0.0,3.0,-3.0,5.0,False,5569.0,2.0,False,
2026-05-14,SMAC.R,0.0,0.0,0.0,0.0,3.0,-3.0,5.0,False,5570.0,2.0,False,
2026-05-14,SMAC.U,0.0,0.0,0.0,0.0,3.0,-3.0,5.0,False,5571.0,2.0,False,
2026-05-14,SMBC,0.0,0.0,0.0,0.0011862610166432995,3.0,8.862610166432994,5.0,True,1255.0,4.0,True,
2026-05-14,SMBL,0.0,0.0,0.0,0.0,3.0,-3.0,5.0,False,5572.0,2.0,False,
2026-05-14,SMCI,0.0,0.0,0.0,0.0005272880219638402,3.0,2.2728802196384024,5.0,False,1685.0,3.0,True,
2026-05-14,SMEC,0.0,0.0,0.0,0.0,3.0,-3.0,5.0,False,5573.0,2.0,False,
2026-05-14,SMED,0.0,0.0,0.0,0.0,3.0,-3.0,5.0,False,5574.0,2.0,False,
2026-05-14,SMFL,0.0,0.0,0.0,0.0,3.0,-3.0,5.0,False,5575.0,2.0,False,
2026-05-14,SMFR,0.0,0.0,0.0,0.0,3.0,-3.0,5.0,False,5576.0,2.0,False,
2026-05-14,SMID,0.0,0.0,0.0,-0.00042732774092446444,3.0,-7.273277409244645,5.0,False,6596.0,2.0,True,
2026-05-14,SMIH,0.0,0.0,0.0,0.0,3.0,-3.0,5.0,False,5577.0,2.0,False,
2026-05-14,SMIT,0.0,0.0,0.0,0.0,3.0,-3.0,5.0,False,5578.0,2.0,False,
2026-05-14,SMLR,0.0,0.0,0.0,0.0,3.0,-3.0,5.0,False,5579.0,2.0,False,
2026-05-14,SMMC,0.0,0.0,0.0,0.0,3.0,-3.0,5.0,False,5580.0,2.0,False,
2026-05-14,SMMF,0.0,0.0,0.0,0.0,3.0,-3.0,5.0,False,5581.0,2.0,False,
2026-05-14,SMMT,0.0,0.0,0.0,0.0024917934750928374,3.0,21.917934750928374,5.0,True,646.0,5.0,True,
2026-05-14,SMOD,0.0,0.0,0.0,0.0,3.0,-3.0,5.0,False,5582.0,2.0,False,
2026-05-14,SMPL,0.0,0.0,0.0,-0.00024208862752337878,3.0,-5.420886275233787,5.0,False,6497.0,2.0,True,
2026-05-14,SMSA,0.0,0.0,0.0,0.0,3.0,-3.0,5.0,False,5583.0,2.0,False,
2026-05-14,SMSH,0.0,0.0,0.0,0.0,3.0,-3.0,5.0,False,5584.0,2.0,False,
2026-05-14,SMSI,0.0,0.0,0.0,0.00250276081591316,3.0,22.0276081591316,5.0,True,640.0,5.0,False,
2026-05-14,SMT,0.0,0.0,0.0,0.0,3.0,-3.0,5.0,False,5585.0,2.0,False,
2026-05-14,SMTC,0.004457310267857143,0.004464285714285714,-6.975446428571404e-06,0.0060594467276715,3.0,57.594467276715,5.0,True,106.0,5.0,True,"SELL because predicted alpha is in the top decile. Net alpha after estimated 3.0 bps trading cost is 57.59 bps versus threshold 5.00 bps. Main contributors were mom_5, mom_21, parkinson_vol_20. Price filter passed; liquidity filter passed."
2026-05-14,SMTI,0.0,0.0,0.0,0.0015054248141300095,3.0,12.054248141300095,5.0,True,1067.0,4.0,True,
2026-05-14,SMTK,0.0,0.0,0.0,-0.014794855232423652,3.0,-150.94855232423652,5.0,False,7519.0,1.0,False,
2026-05-14,SMTP,0.0,0.0,0.0,0.0,3.0,-3.0,5.0,False,5586.0,2.0,False,
2026-05-14,SMTX,0.0,0.0,0.0,0.0,3.0,-3.0,5.0,False,5587.0,2.0,False,
2026-05-14,SMX,-0.004457310267857143,-0.004464285714285714,6.975446428571404e-06,-0.04069715829725918,3.0,403.9715829725918,5.0,True,7580.0,1.0,True,"COVER because predicted alpha is in the bottom decile. Net alpha after estimated 3.0 bps trading cost is 403.97 bps versus threshold 5.00 bps. Main contributors were parkinson_vol_20, intraday_return, mom_5. Price filter passed; liquidity filter passed."
2026-05-14,SMXT,0.0,0.0,0.0,0.0007887145970001357,3.0,4.887145970001357,5.0,False,1513.0,4.0,False,
2026-05-14,SNAK,0.0,0.0,0.0,0.0,3.0,-3.0,5.0,False,5588.0,2.0,False,
2026-05-14,SNAL,0.0,0.0,0.0,0.010381396464929391,3.0,100.81396464929391,5.0,True,9.0,5.0,False,
2026-05-14,SNAX,0.0,0.0,0.0,0.0,3.0,-3.0,5.0,False,5589.0,2.0,False,
2026-05-14,SNBC,0.0,0.0,0.0,0.0,3.0,-3.0,5.0,False,5590.0,2.0,False,
2026-05-14,SNBP,0.0,0.0,0.0,0.0,3.0,-3.0,5.0,False,5591.0,2.0,False,
2026-05-14,SNBR,0.0,0.0,0.0,-0.0030644909137487715,3.0,-33.644909137487716,5.0,False,7183.0,1.0,False,
2026-05-14,SNC,0.0,0.0,0.0,0.0,3.0,-3.0,5.0,False,5592.0,2.0,False,
2026-05-14,SNCA,0.0,0.0,0.0,0.0,3.0,-3.0,5.0,False,5593.0,2.0,False,
2026-05-14,SNCE,0.0,0.0,0.0,0.0,3.0,-3.0,5.0,False,5594.0,2.0,False,
2026-05-14,SNCR,0.0,0.0,0.0,0.0,3.0,-3.0,5.0,False,5595.0,2.0,False,
2026-05-14,SNCY,0.0,0.0,0.0,0.0,3.0,-3.0,5.0,False,5596.0,2.0,False,
2026-05-14,SND,0.0,0.0,0.0,0.0007266584546220218,3.0,4.266584546220218,5.0,False,1550.0,3.0,False,
2026-05-14,SNDK,0.004457310267857143,0.004464285714285714,-6.975446428571404e-06,0.009134531786927337,3.0,88.34531786927337,5.0,True,23.0,5.0,True,"SELL because predicted alpha is in the top decile. Net alpha after estimated 3.0 bps trading cost is 88.35 bps versus threshold 5.00 bps. Main contributors were mom_252, mom_21, mom_63. Price filter passed; liquidity filter passed."
2026-05-14,SNDKV,0.0,0.0,0.0,0.0,3.0,-3.0,5.0,False,5597.0,2.0,False,
2026-05-14,SNDL,0.0,0.0,0.0,-0.0006348576261014228,3.0,-9.348576261014228,5.0,False,6672.0,2.0,False,
2026-05-14,SNDX,0.0,0.0,0.0,0.0014894709070971774,3.0,11.894709070971775,5.0,True,1076.0,4.0,True,
2026-05-14,SNES,0.0,0.0,0.0,-0.00141632413347949,3.0,-17.1632413347949,5.0,False,6895.0,1.0,False,
2026-05-14,SNEX,0.0,0.0,0.0,0.0006956806454375926,3.0,3.9568064543759265,5.0,False,1576.0,3.0,True,
2026-05-14,SNFCA,0.0,0.0,0.0,0.0003404081504470042,3.0,0.4040815044700419,5.0,False,1802.0,3.0,True,
2026-05-14,SNGX,0.0,0.0,0.0,-0.008090828161957771,3.0,-83.9082816195777,5.0,False,7449.0,1.0,False,
2026-05-14,SNH,0.0,0.0,0.0,0.0,3.0,-3.0,5.0,False,5598.0,2.0,False,
2026-05-14,SNHN.I,0.0,0.0,0.0,0.0,3.0,-3.0,5.0,False,5599.0,2.0,False,
2026-05-14,SNHN.L,0.0,0.0,0.0,0.0,3.0,-3.0,5.0,False,5600.0,2.0,False,
2026-05-14,SNHNI,0.0,0.0,0.0,0.0,3.0,-3.0,5.0,False,5601.0,2.0,False,
2026-05-14,SNHNL,0.0,0.0,0.0,0.0,3.0,-3.0,5.0,False,5602.0,2.0,False,
2026-05-14,SNHVV,0.0,0.0,0.0,0.0,3.0,-3.0,5.0,False,5603.0,2.0,False,
2026-05-14,SNHY,0.0,0.0,0.0,0.0,3.0,-3.0,5.0,False,5604.0,2.0,False,
2026-05-14,SNI,0.0,0.0,0.0,0.0,3.0,-3.0,5.0,False,5605.0,2.0,False,
2026-05-14,SNIC,0.0,0.0,0.0,0.0,3.0,-3.0,5.0,False,5606.0,2.0,False,
2026-05-14,SNMX,0.0,0.0,0.0,0.0,3.0,-3.0,5.0,False,5607.0,2.0,False,
2026-05-14,SNNA,0.0,0.0,0.0,0.0,3.0,-3.0,5.0,False,5608.0,2.0,False,
2026-05-14,SNOA,0.0,0.0,0.0,-0.0005833682557772481,3.0,-8.83368255777248,5.0,False,6655.0,2.0,False,
2026-05-14,SNPO,0.0,0.0,0.0,0.0,3.0,-3.0,5.0,False,5609.0,2.0,False,
2026-05-14,SNPS,0.0,0.0,0.0,0.0021257364159218252,3.0,18.257364159218252,5.0,True,796.0,4.0,True,
2026-05-14,SNRH,0.0,0.0,0.0,0.0,3.0,-3.0,5.0,False,5610.0,2.0,False,
2026-05-14,SNSE,0.0,0.0,0.0,-0.006221014079059039,3.0,-65.2101407905904,5.0,False,7392.0,1.0,True,
2026-05-14,SNSS,0.0,0.0,0.0,0.0,3.0,-3.0,5.0,False,5611.0,2.0,False,
2026-05-14,SNSSD,0.0,0.0,0.0,0.0,3.0,-3.0,5.0,False,5612.0,2.0,False,
2026-05-14,SNT,0.0,0.0,0.0,0.0029730476326632646,3.0,26.730476326632647,5.0,True,509.0,5.0,False,
2026-05-14,SNTA,0.0,0.0,0.0,0.0,3.0,-3.0,5.0,False,5613.0,2.0,False,
2026-05-14,SNTG,0.0,0.0,0.0,0.0007860395656578837,3.0,4.860395656578837,5.0,False,1517.0,3.0,False,
2026-05-14,SNTI,0.0,0.0,0.0,-0.004913161114083105,3.0,-52.13161114083105,5.0,False,7325.0,1.0,False,
2026-05-14,SNTS,0.0,0.0,0.0,0.0,3.0,-3.0,5.0,False,5614.0,2.0,False,
2026-05-14,SNWL,0.0,0.0,0.0,0.0,3.0,-3.0,5.0,False,5615.0,2.0,False,
2026-05-14,SNWV,-0.003676060267857143,-0.004464285714285714,0.0007882254464285712,0.0018645812082801994,3.0,-21.645812082801996,5.0,False,886.0,4.0,True,"COVER because predicted alpha is in the bottom decile. Net alpha after estimated 3.0 bps trading cost is -21.65 bps versus threshold 5.00 bps. Main contributors were mom_1, volume_z_60, debt_to_equity. Price filter passed; liquidity filter passed."
2026-05-14,SNYR,0.0,0.0,0.0,-0.002345490490663477,3.0,-26.45490490663477,5.0,False,7092.0,1.0,False,
2026-05-14,SOBR,0.0,0.0,0.0,-0.006635618651868306,3.0,-69.35618651868306,5.0,False,7406.0,1.0,False,
2026-05-14,SOCA,0.0,0.0,0.0,-0.0006992579130738683,3.0,-9.992579130738683,5.0,False,6697.0,2.0,True,
2026-05-14,SOCB,0.0,0.0,0.0,0.0,3.0,-3.0,5.0,False,5616.0,2.0,False,
2026-05-14,SODA,0.0,0.0,0.0,0.0,3.0,-3.0,5.0,False,5617.0,2.0,False,
2026-05-14,SODR,0.0,0.0,0.0,0.0,3.0,-3.0,5.0,False,5618.0,2.0,False,
2026-05-14,SOFI,0.0,0.0,0.0,0.0005426173400370982,3.0,2.426173400370982,5.0,False,1674.0,3.0,True,
2026-05-14,SOFO,0.0,0.0,0.0,0.0,3.0,-3.0,5.0,False,5619.0,2.0,False,
2026-05-14,SOHO,0.0,0.0,0.0,0.0,3.0,-3.0,5.0,False,5620.0,2.0,False,
2026-05-14,SOHO.L,0.0,0.0,0.0,0.0,3.0,-3.0,5.0,False,5621.0,2.0,False,
2026-05-14,SOHO.M,0.0,0.0,0.0,0.0,3.0,-3.0,5.0,False,5622.0,2.0,False,
2026-05-14,SOHOK,0.0,0.0,0.0,0.0,3.0,-3.0,5.0,False,5623.0,2.0,False,
2026-05-14,SOHOM,0.0,0.0,0.0,0.0,3.0,-3.0,5.0,False,5624.0,2.0,False,
2026-05-14,SOHU,0.0,0.0,0.0,0.002650160936188388,3.0,23.50160936188388,5.0,True,591.0,5.0,True,
2026-05-14,SOLF,0.0,0.0,0.0,0.0,3.0,-3.0,5.0,False,5625.0,2.0,False,
2026-05-14,SOLO,0.0,0.0,0.0,0.0,3.0,-3.0,5.0,False,5626.0,2.0,False,
2026-05-14,SOLS,0.0,0.0,0.0,0.0023336124693484343,3.0,20.336124693484344,5.0,True,717.0,5.0,True,
2026-05-14,SOLSV,0.0,0.0,0.0,0.0,3.0,-3.0,5.0,False,5627.0,2.0,False,
2026-05-14,SOLY,0.0,0.0,0.0,0.0,3.0,-3.0,5.0,False,5628.0,2.0,False,
2026-05-14,SOMX,0.0,0.0,0.0,0.0,3.0,-3.0,5.0,False,5629.0,2.0,False,
2026-05-14,SONA,0.0,0.0,0.0,0.0,3.0,-3.0,5.0,False,5630.0,2.0,False,
2026-05-14,SONC,0.0,0.0,0.0,0.0,3.0,-3.0,5.0,False,5631.0,2.0,False,
2026-05-14,SOND,0.0,0.0,0.0,0.0,3.0,-3.0,5.0,False,5632.0,2.0,False,
2026-05-14,SONE,0.0,0.0,0.0,0.0,3.0,-3.0,5.0,False,5633.0,2.0,False,
2026-05-14,SONG,0.0,0.0,0.0,0.0,3.0,-3.0,5.0,False,5634.0,2.0,False,
2026-05-14,SONM,0.0,0.0,0.0,0.0024377463335814287,3.0,21.377463335814287,5.0,True,666.0,5.0,True,
2026-05-14,SONN,0.0,0.0,0.0,0.0,3.0,-3.0,5.0,False,5635.0,2.0,False,
2026-05-14,SONO,0.0,0.0,0.0,0.001493872759334154,3.0,11.93872759334154,5.0,True,1074.0,4.0,True,
2026-05-14,SONS,0.0,0.0,0.0,0.0,3.0,-3.0,5.0,False,5636.0,2.0,False,
2026-05-14,SOPA,0.0,0.0,0.0,-0.005013505370697823,3.0,-53.135053706978226,5.0,False,7330.0,1.0,False,
2026-05-14,SOPH,0.0,0.0,0.0,-0.0014536788385546978,3.0,-17.536788385546977,5.0,False,6909.0,1.0,False,
2026-05-14,SORA,0.0,0.0,0.0,0.0022665908057915483,3.0,19.665908057915484,5.0,True,747.0,5.0,False,
2026-05-14,SORL,0.0,0.0,0.0,0.0,3.0,-3.0,5.0,False,5637.0,2.0,False,
2026-05-14,SORN,0.0,0.0,0.0,0.0,3.0,-3.0,5.0,False,5638.0,2.0,False,
2026-05-14,SOTK,0.0,0.0,0.0,0.005460815340324842,3.0,51.60815340324842,5.0,True,140.0,5.0,True,
2026-05-14,SOUN,0.0,0.0,0.0,0.0006183027960240518,3.0,3.1830279602405183,5.0,False,1629.0,3.0,True,
2026-05-14,SOVO,0.0,0.0,0.0,0.0,3.0,-3.0,5.0,False,5639.0,2.0,False,
2026-05-14,SOWG,0.0,0.0,0.0,1.9529270965476953e-05,3.0,-2.8047072903452306,5.0,False,1977.0,3.0,False,
2026-05-14,SP,0.0,0.0,0.0,0.0,3.0,-3.0,5.0,False,5640.0,2.0,False,
2026-05-14,SPAI,0.0,0.0,0.0,0.0006492148198487003,3.0,3.492148198487003,5.0,False,1609.0,3.0,False,
2026-05-14,SPAN,0.0,0.0,0.0,0.0,3.0,-3.0,5.0,False,5641.0,2.0,False,
2026-05-14,SPAR,0.0,0.0,0.0,0.0,3.0,-3.0,5.0,False,5642.0,2.0,False,
2026-05-14,SPCB,0.0,0.0,0.0,0.0033011481143154888,3.0,30.01148114315489,5.0,True,432.0,5.0,True,
2026-05-14,SPCH.A,0.0,0.0,0.0,0.0,3.0,-3.0,5.0,False,5643.0,2.0,False,
2026-05-14,SPCH.B,0.0,0.0,0.0,0.0,3.0,-3.0,5.0,False,5644.0,2.0,False,
2026-05-14,SPCM,0.0,0.0,0.0,0.0,3.0,-3.0,5.0,False,5645.0,2.0,False,
2026-05-14,SPDC,0.0,0.0,0.0,0.0,3.0,-3.0,5.0,False,5646.0,2.0,False,
2026-05-14,SPEC,0.0,0.0,0.0,0.0,3.0,-3.0,5.0,False,5647.0,2.0,False,
2026-05-14,SPEG,0.0,0.0,0.0,0.00044371229846105163,3.0,1.4371229846105162,5.0,False,1748.0,3.0,True,
2026-05-14,SPEL,0.0,0.0,0.0,0.0,3.0,-3.0,5.0,False,5648.0,2.0,False,
2026-05-14,SPEX,0.0,0.0,0.0,0.0,3.0,-3.0,5.0,False,5649.0,2.0,False,
2026-05-14,SPFI,0.0,0.0,0.0,-0.000996364044628142,3.0,-12.963640446281419,5.0,False,6792.0,2.0,True,
2026-05-14,SPGC,0.0,0.0,0.0,0.0,3.0,-3.0,5.0,False,5650.0,2.0,False,
2026-05-14,SPHA,0.0,0.0,0.0,0.0,3.0,-3.0,5.0,False,5651.0,2.0,False,
2026-05-14,SPHL,0.0,0.0,0.0,0.002076747909665666,3.0,17.76747909665666,5.0,True,806.0,4.0,False,
2026-05-14,SPHS,0.0,0.0,0.0,0.0,3.0,-3.0,5.0,False,5652.0,2.0,False,
2026-05-14,SPI,0.0,0.0,0.0,0.0,3.0,-3.0,5.0,False,5653.0,2.0,False,
2026-05-14,SPK,0.0,0.0,0.0,0.0,3.0,-3.0,5.0,False,5654.0,2.0,False,
2026-05-14,SPKB,0.0,0.0,0.0,0.0,3.0,-3.0,5.0,False,5655.0,2.0,False,
2026-05-14,SPKE,0.0,0.0,0.0,0.0,3.0,-3.0,5.0,False,5656.0,2.0,False,
2026-05-14,SPKL,0.0,0.0,0.0,-0.0028168165744345774,3.0,-31.168165744345774,5.0,False,7157.0,1.0,True,
2026-05-14,SPLK,0.0,0.0,0.0,0.0,3.0,-3.0,5.0,False,5657.0,2.0,False,
2026-05-14,SPNC,0.0,0.0,0.0,0.0,3.0,-3.0,5.0,False,5658.0,2.0,False,
2026-05-14,SPNE,0.0,0.0,0.0,0.0,3.0,-3.0,5.0,False,5659.0,2.0,False,
2026-05-14,SPNE.V,0.0,0.0,0.0,0.0,3.0,-3.0,5.0,False,5660.0,2.0,False,
2026-05-14,SPNS,0.0,0.0,0.0,0.0,3.0,-3.0,5.0,False,5661.0,2.0,False,
2026-05-14,SPOK,0.0,0.0,0.0,0.00011501224313855061,3.0,-1.849877568614494,5.0,False,1930.0,3.0,True,
2026-05-14,SPPI,0.0,0.0,0.0,0.0,3.0,-3.0,5.0,False,5662.0,2.0,False,
2026-05-14,SPPL,0.0,0.0,0.0,0.002362189652857595,3.0,20.62189652857595,5.0,True,700.0,5.0,False,
2026-05-14,SPPR,0.0,0.0,0.0,0.0,3.0,-3.0,5.0,False,5663.0,2.0,False,
2026-05-14,SPPR.O,0.0,0.0,0.0,0.0,3.0,-3.0,5.0,False,5664.0,2.0,False,
2026-05-14,SPPR.P,0.0,0.0,0.0,0.0,3.0,-3.0,5.0,False,5665.0,2.0,False,
2026-05-14,SPPR.R,0.0,0.0,0.0,0.0,3.0,-3.0,5.0,False,5666.0,2.0,False,
2026-05-14,SPRB,0.0,0.0,0.0,0.0015623820275383609,3.0,12.62382027538361,5.0,True,1029.0,4.0,True,
2026-05-14,SPRC,0.0,0.0,0.0,-0.0005089653725957096,3.0,-8.089653725957096,5.0,False,6633.0,2.0,False,
2026-05-14,SPRD,0.0,0.0,0.0,0.0,3.0,-3.0,5.0,False,5667.0,2.0,False,
2026-05-14,SPRO,0.0,0.0,0.0,-0.005787765775870153,3.0,-60.87765775870153,5.0,False,7371.0,1.0,False,
2026-05-14,SPRT,0.0,0.0,0.0,0.0,3.0,-3.0,5.0,False,5668.0,2.0,False,
2026-05-14,SPRY,0.0,0.0,0.0,-0.0015345952473969312,3.0,-18.345952473969312,5.0,False,6923.0,1.0,True,
2026-05-14,SPSC,0.0,0.0,0.0,0.00044077167156502756,3.0,1.4077167156502757,5.0,False,1750.0,3.0,True,
2026-05-14,SPT,0.0,0.0,0.0,-0.0011645718027852,3.0,-14.645718027852,5.0,False,6834.0,1.0,True,
2026-05-14,SPTK,0.0,0.0,0.0,0.0,3.0,-3.0,5.0,False,5669.0,2.0,False,
2026-05-14,SPTN,0.0,0.0,0.0,0.0,3.0,-3.0,5.0,False,5670.0,2.0,False,
2026-05-14,SPTX,0.0,0.0,0.0,0.0006956020428347178,3.0,3.956020428347178,5.0,False,1577.0,3.0,True,
2026-05-14,SPU,0.0,0.0,0.0,0.0,3.0,-3.0,5.0,False,5671.0,2.0,False,
2026-05-14,SPWH,0.0,0.0,0.0,0.000565583698476517,3.0,2.6558369847651697,5.0,False,1664.0,3.0,False,
2026-05-14,SPWR,0.0,0.0,0.0,0.002756555668318877,3.0,24.56555668318877,5.0,True,563.0,5.0,False,
2026-05-14,SPWRA,0.0,0.0,0.0,0.0,3.0,-3.0,5.0,False,5672.0,2.0,False,
2026-05-14,SPWRB,0.0,0.0,0.0,0.0,3.0,-3.0,5.0,False,5673.0,2.0,False,
2026-05-14,SPWRV,0.0,0.0,0.0,0.0,3.0,-3.0,5.0,False,5674.0,2.0,False,
2026-05-14,SQBG,0.0,0.0,0.0,0.0,3.0,-3.0,5.0,False,5675.0,2.0,False,
2026-05-14,SQBK,0.0,0.0,0.0,0.0,3.0,-3.0,5.0,False,5676.0,2.0,False,
2026-05-14,SQFT,0.0,0.0,0.0,-0.0025007487356303155,3.0,-28.007487356303155,5.0,False,7114.0,1.0,False,
2026-05-14,SQI,0.0,0.0,0.0,0.0,3.0,-3.0,5.0,False,5677.0,2.0,False,
2026-05-14,SQL,0.0,0.0,0.0,0.0,3.0,-3.0,5.0,False,5678.0,2.0,False,
2026-05-14,SQNM,0.0,0.0,0.0,0.0,3.0,-3.0,5.0,False,5679.0,2.0,False,
2026-05-14,SRAC,0.0,0.0,0.0,0.0,3.0,-3.0,5.0,False,5680.0,2.0,False,
2026-05-14,SRAD,0.0,0.0,0.0,-0.0016746710592284197,3.0,-19.746710592284195,5.0,False,6947.0,1.0,True,
2026-05-14,SRAQ,0.0,0.0,0.0,0.0,3.0,-3.0,5.0,False,5681.0,2.0,False,
2026-05-14,SRAQ.U,0.0,0.0,0.0,0.0,3.0,-3.0,5.0,False,5682.0,2.0,False,
2026-05-14,SRAX,0.0,0.0,0.0,0.0,3.0,-3.0,5.0,False,5683.0,2.0,False,
2026-05-14,SRBK,0.0,0.0,0.0,0.0008906979547191531,3.0,5.906979547191531,5.0,True,1444.0,4.0,True,
2026-05-14,SRCE,0.0,0.0,0.0,0.0008480709453460734,3.0,5.480709453460733,5.0,True,1475.0,4.0,True,
2026-05-14,SRCL,0.0,0.0,0.0,0.0,3.0,-3.0,5.0,False,5684.0,2.0,False,
2026-05-14,SRDX,0.0,0.0,0.0,0.0,3.0,-3.0,5.0,False,5685.0,2.0,False,
2026-05-14,SREV,0.0,0.0,0.0,0.0,3.0,-3.0,5.0,False,5686.0,2.0,False,
2026-05-14,SRGA,0.0,0.0,0.0,0.0,3.0,-3.0,5.0,False,5687.0,2.0,False,
2026-05-14,SRM,0.0,0.0,0.0,0.0,3.0,-3.0,5.0,False,5688.0,2.0,False,
2026-05-14,SRNE,0.0,0.0,0.0,0.0,3.0,-3.0,5.0,False,5689.0,2.0,False,
2026-05-14,SRNG,0.0,0.0,0.0,0.0,3.0,-3.0,5.0,False,5690.0,2.0,False,
2026-05-14,SRPT,-0.003676060267857143,-0.004464285714285714,0.0007882254464285712,-0.0007529890208604797,3.0,4.529890208604797,5.0,False,6708.0,2.0,True,"COVER because predicted alpha is in the bottom decile. Net alpha after estimated 3.0 bps trading cost is 4.53 bps versus threshold 5.00 bps. Main contributors were mom_5, overnight_return, price_kurt_63. Price filter passed; liquidity filter passed."
2026-05-14,SRRA,0.0,0.0,0.0,0.0,3.0,-3.0,5.0,False,5691.0,2.0,False,
2026-05-14,SRRK,0.0,0.0,0.0,-0.0016471382265295872,3.0,-19.471382265295873,5.0,False,6944.0,1.0,True,
2026-05-14,SRSA,0.0,0.0,0.0,0.0,3.0,-3.0,5.0,False,5692.0,2.0,False,
2026-05-14,SRSC,0.0,0.0,0.0,0.0,3.0,-3.0,5.0,False,5693.0,2.0,False,
2026-05-14,SRSC.V,0.0,0.0,0.0,0.0,3.0,-3.0,5.0,False,5694.0,2.0,False,
2026-05-14,SRTA,0.0,0.0,0.0,0.002352913601470669,3.0,20.52913601470669,5.0,True,706.0,5.0,True,
2026-05-14,SRTS,0.0,0.0,0.0,-0.0022978206546410275,3.0,-25.978206546410274,5.0,False,7087.0,1.0,False,
2026-05-14,SRTS.U,0.0,0.0,0.0,0.0,3.0,-3.0,5.0,False,5695.0,2.0,False,
2026-05-14,SRTS.W,0.0,0.0,0.0,0.0,3.0,-3.0,5.0,False,5696.0,2.0,False,
2026-05-14,SRUN,0.0,0.0,0.0,0.0,3.0,-3.0,5.0,False,5697.0,2.0,False,
2026-05-14,SRVA,0.0,0.0,0.0,0.0,3.0,-3.0,5.0,False,5698.0,2.0,False,
2026-05-14,SRZN,0.0,0.0,0.0,9.107340753485051e-05,3.0,-2.089265924651495,5.0,False,1942.0,3.0,True,
2026-05-14,SSAA,0.0,0.0,0.0,0.0,3.0,-3.0,5.0,False,5699.0,2.0,False,
2026-05-14,SSAC,0.0,0.0,0.0,0.00040130667176186416,3.0,1.0130667176186412,5.0,False,1770.0,3.0,True,
2026-05-14,SSBI,0.0,0.0,0.0,0.0007456911272135298,3.0,4.456911272135298,5.0,False,1541.0,3.0,True,
2026-05-14,SSBK,0.0,0.0,0.0,0.0,3.0,-3.0,5.0,False,5700.0,2.0,False,
2026-05-14,SSC,0.0,0.0,0.0,0.0,3.0,-3.0,5.0,False,5701.0,2.0,False,
2026-05-14,SSEA,0.0,0.0,0.0,-0.00016286262058648254,3.0,-4.628626205864825,5.0,False,6458.0,2.0,True,
2026-05-14,SSFN,0.0,0.0,0.0,0.0,3.0,-3.0,5.0,False,5702.0,2.0,False,
2026-05-14,SSH,0.0,0.0,0.0,0.0,3.0,-3.0,5.0,False,5703.0,2.0,False,
2026-05-14,SSIC,0.0,0.0,0.0,0.0,3.0,-3.0,5.0,False,5704.0,2.0,False,
2026-05-14,SSII,0.0,0.0,0.0,0.0008300744351369356,3.0,5.300744351369357,5.0,True,1482.0,4.0,False,
2026-05-14,SSKN,0.0,0.0,0.0,0.0,3.0,-3.0,5.0,False,5705.0,2.0,False,
2026-05-14,SSLJ,0.0,0.0,0.0,0.0,3.0,-3.0,5.0,False,5706.0,2.0,False,
2026-05-14,SSM,0.0,0.0,0.0,-0.016899462876456786,3.0,-171.99462876456786,5.0,False,7529.0,1.0,False,
2026-05-14,SSNC,0.0,0.0,0.0,0.00040046040624057275,3.0,1.0046040624057273,5.0,False,1772.0,3.0,True,
2026-05-14,SSNT,0.0,0.0,0.0,0.0,3.0,-3.0,5.0,False,5707.0,2.0,False,
2026-05-14,SSP,0.0,0.0,0.0,-0.0020967172900888016,3.0,-23.967172900888016,5.0,False,7040.0,1.0,False,
2026-05-14,SSPK,0.0,0.0,0.0,0.0,3.0,-3.0,5.0,False,5708.0,2.0,False,
2026-05-14,SSRG,0.0,0.0,0.0,0.0,3.0,-3.0,5.0,False,5709.0,2.0,False,
2026-05-14,SSRI,0.0,0.0,0.0,0.0,3.0,-3.0,5.0,False,5710.0,2.0,False,
2026-05-14,SSRM,0.004457310267857143,0.004464285714285714,-6.975446428571404e-06,0.0053411418508376605,3.0,50.411418508376606,5.0,True,152.0,5.0,True,"SELL because predicted alpha is in the top decile. Net alpha after estimated 3.0 bps trading cost is 50.41 bps versus threshold 5.00 bps. Main contributors were parkinson_vol_20, volume_z_60, mom_252. Price filter passed; liquidity filter passed."
2026-05-14,SSSS,0.0,0.0,0.0,0.0037061386728140986,3.0,34.06138672814099,5.0,True,352.0,5.0,True,
2026-05-14,SSSSL,0.0,0.0,0.0,0.0006976629486967148,3.0,3.9766294869671475,5.0,False,1574.0,3.0,True,
2026-05-14,SSTI,0.0,0.0,0.0,-0.0030613545499978286,3.0,-33.61354549997829,5.0,False,7182.0,1.0,True,
2026-05-14,SSYS,0.0,0.0,0.0,0.00040252504798223964,3.0,1.0252504798223967,5.0,False,1769.0,3.0,True,
2026-05-14,STAA,0.00078125,0.0,0.00078125,0.007466042638767185,3.0,71.66042638767185,5.0,True,51.0,5.0,True,"BUY because predicted alpha is in the top decile. Net alpha after estimated 3.0 bps trading cost is 71.66 bps versus threshold 5.00 bps. Main contributors were intraday_return, mom_5, parkinson_vol_20. Price filter passed; liquidity filter passed."
2026-05-14,STAB,0.0,0.0,0.0,0.0,3.0,-3.0,5.0,False,5711.0,2.0,False,
2026-05-14,STAF,0.0,0.0,0.0,0.0,3.0,-3.0,5.0,False,5712.0,2.0,False,
2026-05-14,STAI,0.0,0.0,0.0,0.0,3.0,-3.0,5.0,False,5713.0,2.0,False,
2026-05-14,STAK,0.0,0.0,0.0,-0.011195964261596789,3.0,-114.95964261596788,5.0,False,7497.0,1.0,False,
2026-05-14,STAY,0.0,0.0,0.0,0.0,3.0,-3.0,5.0,False,5714.0,2.0,False,
2026-05-14,STB,0.0,0.0,0.0,0.0,3.0,-3.0,5.0,False,5715.0,2.0,False,
2026-05-14,STBA,0.0,0.0,0.0,-0.00013624489815369166,3.0,-4.362448981536916,5.0,False,6445.0,2.0,True,
2026-05-14,STBX,0.0,0.0,0.0,0.0,3.0,-3.0,5.0,False,5716.0,2.0,False,
2026-05-14,STBZ,0.0,0.0,0.0,0.0,3.0,-3.0,5.0,False,5717.0,2.0,False,
2026-05-14,STCK,0.0,0.0,0.0,0.0,3.0,-3.0,5.0,False,5718.0,2.0,False,
2026-05-14,STCN,0.0,0.0,0.0,0.0,3.0,-3.0,5.0,False,5719.0,2.0,False,
2026-05-14,STDY,0.0,0.0,0.0,0.0,3.0,-3.0,5.0,False,5720.0,2.0,False,
2026-05-14,STEI,0.0,0.0,0.0,0.0,3.0,-3.0,5.0,False,5721.0,2.0,False,
2026-05-14,STEP,0.0,0.0,0.0,0.002552999781836887,3.0,22.529997818368873,5.0,True,622.0,5.0,True,
2026-05-14,STER,0.0,0.0,0.0,0.0,3.0,-3.0,5.0,False,5722.0,2.0,False,
2026-05-14,STEX,0.0,0.0,0.0,-0.010028530621960418,3.0,-103.28530621960418,5.0,False,7476.0,1.0,False,
2026-05-14,STFC,0.0,0.0,0.0,0.0,3.0,-3.0,5.0,False,5723.0,2.0,False,
2026-05-14,STFS,-0.004457310267857143,-0.004464285714285714,6.975446428571404e-06,-0.019270504122399473,3.0,189.70504122399473,5.0,True,7540.0,1.0,True,"COVER because predicted alpha is in the bottom decile. Net alpha after estimated 3.0 bps trading cost is 189.71 bps versus threshold 5.00 bps. Main contributors were parkinson_vol_20, mom_10, volatility_10. Price filter passed; liquidity filter passed."
2026-05-14,STGW,0.0,0.0,0.0,0.0006716891811149398,3.0,3.7168918111493987,5.0,False,1591.0,3.0,True,
2026-05-14,STHO,0.0,0.0,0.0,0.0030385856763269887,3.0,27.385856763269885,5.0,True,496.0,5.0,True,
2026-05-14,STI,0.0,0.0,0.0,-0.003644968842355609,3.0,-39.44968842355609,5.0,False,7239.0,1.0,True,
2026-05-14,STIM,0.0,0.0,0.0,0.0016486938373989329,3.0,13.486938373989329,5.0,True,990.0,4.0,False,
2026-05-14,STIX,0.0,0.0,0.0,0.0,3.0,-3.0,5.0,False,5724.0,2.0,False,
2026-05-14,STKE,0.0,0.0,0.0,0.001853379073935926,3.0,15.533790739359262,5.0,True,896.0,4.0,False,
2026-05-14,STKL,0.0,0.0,0.0,0.0,3.0,-3.0,5.0,False,5725.0,2.0,False,
2026-05-14,STKS,0.0,0.0,0.0,0.0026403214783294075,3.0,23.403214783294075,5.0,True,595.0,5.0,False,
2026-05-14,STLD,0.0,0.0,0.0,0.0035614460698599375,3.0,32.61446069859937,5.0,True,377.0,5.0,True,
2026-05-14,STLR.U,0.0,0.0,0.0,0.0,3.0,-3.0,5.0,False,5726.0,2.0,False,
2026-05-14,STLR.W,0.0,0.0,0.0,0.0,3.0,-3.0,5.0,False,5727.0,2.0,False,
2026-05-14,STLY,0.0,0.0,0.0,0.0,3.0,-3.0,5.0,False,5728.0,2.0,False,
2026-05-14,STML,0.0,0.0,0.0,0.0,3.0,-3.0,5.0,False,5729.0,2.0,False,
2026-05-14,STMP,0.0,0.0,0.0,0.0,3.0,-3.0,5.0,False,5730.0,2.0,False,
2026-05-14,STND,0.0,0.0,0.0,0.0,3.0,-3.0,5.0,False,5731.0,2.0,False,
2026-05-14,STNE,0.0,0.0,0.0,-0.0014241902749796424,3.0,-17.241902749796424,5.0,False,6900.0,1.0,True,
2026-05-14,STNL,0.0,0.0,0.0,0.0,3.0,-3.0,5.0,False,5732.0,2.0,False,
2026-05-14,STNR,0.0,0.0,0.0,0.0,3.0,-3.0,5.0,False,5733.0,2.0,False,
2026-05-14,STOK,0.0,0.0,0.0,0.003825726063838525,3.0,35.25726063838525,5.0,True,332.0,5.0,True,
2026-05-14,STRA,0.0,0.0,0.0,0.0015435629925511496,3.0,12.435629925511495,5.0,True,1041.0,4.0,True,
2026-05-14,STRL,0.004457310267857143,0.004464285714285714,-6.975446428571404e-06,0.005320675326212751,3.0,50.206753262127506,5.0,True,158.0,5.0,True,"SELL because predicted alpha is in the top decile. Net alpha after estimated 3.0 bps trading cost is 50.21 bps versus threshold 5.00 bps. Main contributors were mom_21, close_to_low_20, mom_252. Price filter passed; liquidity filter passed."
2026-05-14,STRM,0.0,0.0,0.0,0.0,3.0,-3.0,5.0,False,5734.0,2.0,False,
2026-05-14,STRO,0.003676060267857143,0.004464285714285714,-0.0007882254464285712,0.004876287555793641,3.0,45.76287555793641,5.0,True,197.0,5.0,True,"SELL because predicted alpha is in the top decile. Net alpha after estimated 3.0 bps trading cost is 45.76 bps versus threshold 5.00 bps. Main contributors were mom_63, mom_252, intraday_return. Price filter passed; liquidity filter passed."
2026-05-14,STRR,0.0,0.0,0.0,0.0030260751428589842,3.0,27.260751428589842,5.0,True,499.0,5.0,True,
2026-05-14,STRS,0.0,0.0,0.0,0.0017740946189047566,3.0,14.740946189047566,5.0,True,932.0,4.0,True,
2026-05-14,STRT,0.0,0.0,0.0,-0.001993384975551621,3.0,-22.933849755516214,5.0,False,7016.0,1.0,True,
2026-05-14,STRZ,0.0,0.0,0.0,-0.0013748803362758435,3.0,-16.748803362758437,5.0,False,6884.0,1.0,True,
2026-05-14,STRZ.A,0.0,0.0,0.0,0.0,3.0,-3.0,5.0,False,5735.0,2.0,False,
2026-05-14,STRZ.B,0.0,0.0,0.0,0.0,3.0,-3.0,5.0,False,5736.0,2.0,False,
2026-05-14,STRZA,0.0,0.0,0.0,0.0,3.0,-3.0,5.0,False,5737.0,2.0,False,
2026-05-14,STRZB,0.0,0.0,0.0,0.0,3.0,-3.0,5.0,False,5738.0,2.0,False,
2026-05-14,STSA,0.0,0.0,0.0,0.0,3.0,-3.0,5.0,False,5739.0,2.0,False,
2026-05-14,STSAD,0.0,0.0,0.0,0.0,3.0,-3.0,5.0,False,5740.0,2.0,False,
2026-05-14,STSI,0.0,0.0,0.0,0.0,3.0,-3.0,5.0,False,5741.0,2.0,False,
2026-05-14,STSS,0.0,0.0,0.0,0.00012098626159363712,3.0,-1.7901373840636288,5.0,False,1925.0,3.0,False,
2026-05-14,STTK,0.00078125,0.0,0.00078125,0.005758690795191359,3.0,54.586907951913595,5.0,True,116.0,5.0,True,"BUY because predicted alpha is in the top decile. Net alpha after estimated 3.0 bps trading cost is 54.59 bps versus threshold 5.00 bps. Main contributors were mom_252, mom_63, volume_z_60. Price filter passed; liquidity filter passed."
2026-05-14,STWO,0.0,0.0,0.0,0.0,3.0,-3.0,5.0,False,5742.0,2.0,False,
2026-05-14,STX,0.004457310267857143,0.004464285714285714,-6.975446428571404e-06,0.009249787588599618,3.0,89.49787588599618,5.0,True,20.0,5.0,True,"SELL because predicted alpha is in the top decile. Net alpha after estimated 3.0 bps trading cost is 89.50 bps versus threshold 5.00 bps. Main contributors were mom_252, mom_21, parkinson_vol_20. Price filter passed; liquidity filter passed."
2026-05-14,STXB,0.0,0.0,0.0,0.0,3.0,-3.0,5.0,False,5743.0,2.0,False,
2026-05-14,STXS.W,0.0,0.0,0.0,0.0,3.0,-3.0,5.0,False,5744.0,2.0,False,
2026-05-14,SUBK,0.0,0.0,0.0,0.0,3.0,-3.0,5.0,False,5745.0,2.0,False,
2026-05-14,SUGP,0.0,0.0,0.0,-0.0014088315131876332,3.0,-17.08831513187633,5.0,False,6889.0,1.0,False,
2026-05-14,SUIG,0.0,0.0,0.0,0.0016407002674791922,3.0,13.407002674791922,5.0,True,993.0,4.0,False,
2026-05-14,SUMA,0.0,0.0,0.0,-0.00194460390241548,3.0,-22.4460390241548,5.0,False,7005.0,1.0,True,
2026-05-14,SUMO,0.0,0.0,0.0,0.0,3.0,-3.0,5.0,False,5746.0,2.0,False,
2026-05-14,SUMR,0.0,0.0,0.0,0.0,3.0,-3.0,5.0,False,5747.0,2.0,False,
2026-05-14,SUNE,0.0,0.0,0.0,-0.0070154680780838835,3.0,-73.15468078083883,5.0,False,7418.0,1.0,False,
2026-05-14,SUNH,0.0,0.0,0.0,0.0,3.0,-3.0,5.0,False,5748.0,2.0,False,
2026-05-14,SUNS,-0.00078125,0.0,-0.00078125,-0.004324984255362196,3.0,40.24984255362196,5.0,True,7293.0,1.0,True,"SHORT because predicted alpha is in the bottom decile. Net alpha after estimated 3.0 bps trading cost is 40.25 bps versus threshold 5.00 bps. Main contributors were volume_z_60, overnight_return, hl_range_20. Price filter passed; liquidity filter passed."
2026-05-14,SUNSV,0.0,0.0,0.0,0.0,3.0,-3.0,5.0,False,5749.0,2.0,False,
2026-05-14,SUNW,0.0,0.0,0.0,0.0,3.0,-3.0,5.0,False,5750.0,2.0,False,
2026-05-14,SUPN,0.0,0.0,0.0,0.0013342168302669535,3.0,10.342168302669535,5.0,True,1173.0,4.0,True,
2026-05-14,SUPX,0.0,0.0,0.0,0.0002472456215927752,3.0,-0.5275437840722481,5.0,False,1847.0,3.0,True,
2026-05-14,SURF,0.0,0.0,0.0,0.0,3.0,-3.0,5.0,False,5751.0,2.0,False,
2026-05-14,SURG,0.0,0.0,0.0,-0.00032027190490838754,3.0,-6.202719049083875,5.0,False,6544.0,2.0,False,
2026-05-14,SUSQ,0.0,0.0,0.0,0.0,3.0,-3.0,5.0,False,5752.0,2.0,False,
2026-05-14,SUTR,0.0,0.0,0.0,0.0,3.0,-3.0,5.0,False,5753.0,2.0,False,
2026-05-14,SUUN,0.0,0.0,0.0,-0.001233857760547452,3.0,-15.33857760547452,5.0,False,6854.0,1.0,False,
2026-05-14,SV,0.0,0.0,0.0,0.0,3.0,-3.0,5.0,False,5754.0,2.0,False,
2026-05-14,SVA,0.0,0.0,0.0,0.0,3.0,-3.0,5.0,False,5755.0,2.0,False,
2026-05-14,SVAC,0.0,0.0,0.0,0.0023874235678491267,3.0,20.874235678491267,5.0,True,689.0,5.0,True,
2026-05-14,SVAQ,0.0,0.0,0.0,0.0,3.0,-3.0,5.0,False,5756.0,2.0,False,
2026-05-14,SVBI,0.0,0.0,0.0,0.0,3.0,-3.0,5.0,False,5757.0,2.0,False,
2026-05-14,SVC,0.0,0.0,0.0,0.0005229637416284018,3.0,2.2296374162840182,5.0,False,1688.0,3.0,False,
2026-05-14,SVCC,0.0,0.0,0.0,0.0,3.0,-3.0,5.0,False,5758.0,2.0,False,
2026-05-14,SVCO,0.0,0.0,0.0,0.0034763217207346066,3.0,31.763217207346067,5.0,True,397.0,5.0,True,
2026-05-14,SVFA,0.0,0.0,0.0,0.0,3.0,-3.0,5.0,False,5759.0,2.0,False,
2026-05-14,SVFB,0.0,0.0,0.0,0.0,3.0,-3.0,5.0,False,5760.0,2.0,False,
2026-05-14,SVFC,0.0,0.0,0.0,0.0,3.0,-3.0,5.0,False,5761.0,2.0,False,
2026-05-14,SVFD,0.0,0.0,0.0,0.0,3.0,-3.0,5.0,False,5762.0,2.0,False,
2026-05-14,SVII,0.0,0.0,0.0,0.0,3.0,-3.0,5.0,False,5763.0,2.0,False,
2026-05-14,SVIV,0.0,0.0,0.0,0.0001207142709574332,3.0,-1.7928572904256679,5.0,False,1926.0,3.0,True,
2026-05-14,SVMH,0.0,0.0,0.0,0.0,3.0,-3.0,5.0,False,5764.0,2.0,False,
2026-05-14,SVMK,0.0,0.0,0.0,0.0,3.0,-3.0,5.0,False,5765.0,2.0,False,
2026-05-14,SVNA,0.0,0.0,0.0,0.0,3.0,-3.0,5.0,False,5766.0,2.0,False,
2026-05-14,SVNT,0.0,0.0,0.0,0.0,3.0,-3.0,5.0,False,5767.0,2.0,False,
2026-05-14,SVOK,0.0,0.0,0.0,0.0,3.0,-3.0,5.0,False,5768.0,2.0,False,
2026-05-14,SVRA,0.0,0.0,0.0,0.0016304420298219183,3.0,13.304420298219185,5.0,True,998.0,4.0,True,
2026-05-14,SVRN,0.0,0.0,0.0,0.002543998431948748,3.0,22.43998431948748,5.0,True,627.0,5.0,True,
2026-05-14,SVVC,0.0,0.0,0.0,0.0,3.0,-3.0,5.0,False,5769.0,2.0,False,
2026-05-14,SWAG,0.0,0.0,0.0,0.0037319860716571672,3.0,34.319860716571675,5.0,True,346.0,5.0,False,
2026-05-14,SWAV,0.0,0.0,0.0,0.0,3.0,-3.0,5.0,False,5770.0,2.0,False,
2026-05-14,SWBI,0.0,0.0,0.0,-0.0003379116747950485,3.0,-6.379116747950485,5.0,False,6550.0,2.0,True,
2026-05-14,SWBIV,0.0,0.0,0.0,0.0,3.0,-3.0,5.0,False,5771.0,2.0,False,
2026-05-14,SWET,0.0,0.0,0.0,0.0,3.0,-3.0,5.0,False,5772.0,2.0,False,
2026-05-14,SWHC,0.0,0.0,0.0,0.0,3.0,-3.0,5.0,False,5773.0,2.0,False,
2026-05-14,SWIM,0.0,0.0,0.0,0.00018368768368794337,3.0,-1.1631231631205663,5.0,False,1892.0,3.0,False,
2026-05-14,SWIN,0.0,0.0,0.0,0.0,3.0,-3.0,5.0,False,5774.0,2.0,False,
2026-05-14,SWIR,0.0,0.0,0.0,0.0,3.0,-3.0,5.0,False,5775.0,2.0,False,
2026-05-14,SWKH,0.0,0.0,0.0,0.0,3.0,-3.0,5.0,False,5776.0,2.0,False,
2026-05-14,SWKHL,0.0,0.0,0.0,0.0011333039368418647,3.0,8.333039368418648,5.0,True,1282.0,4.0,True,
2026-05-14,SWKS,0.0,0.0,0.0,0.0022330689475690254,3.0,19.330689475690253,5.0,True,762.0,4.0,True,
2026-05-14,SWMR,0.003676060267857143,0.004464285714285714,-0.0007882254464285712,0.0028412127150402805,3.0,25.412127150402807,5.0,True,541.0,5.0,True,"SELL because predicted alpha is in the top decile. Net alpha after estimated 3.0 bps trading cost is 25.41 bps versus threshold 5.00 bps. Main contributors were intraday_return, hl_range_20, volume_z_60. Price filter passed; liquidity filter passed."
2026-05-14,SWSH,0.0,0.0,0.0,0.0,3.0,-3.0,5.0,False,5777.0,2.0,False,
2026-05-14,SWSI,0.0,0.0,0.0,0.0,3.0,-3.0,5.0,False,5778.0,2.0,False,
2026-05-14,SWSS,0.0,0.0,0.0,0.0,3.0,-3.0,5.0,False,5779.0,2.0,False,
2026-05-14,SWTX,0.0,0.0,0.0,0.0,3.0,-3.0,5.0,False,5780.0,2.0,False,
2026-05-14,SWVL,0.0,0.0,0.0,0.0031717565957487537,3.0,28.717565957487537,5.0,True,466.0,5.0,False,
2026-05-14,SXBU.U,0.0,0.0,0.0,0.0,3.0,-3.0,5.0,False,5781.0,2.0,False,
2026-05-14,SXCI,0.0,0.0,0.0,0.0,3.0,-3.0,5.0,False,5782.0,2.0,False,
2026-05-14,SXCL,0.0,0.0,0.0,0.0,3.0,-3.0,5.0,False,5783.0,2.0,False,
2026-05-14,SXTC,0.0,0.0,0.0,0.001581633738922979,3.0,12.81633738922979,5.0,True,1019.0,4.0,False,
2026-05-14,SXTP,0.0,0.0,0.0,-0.002721102948289862,3.0,-30.21102948289862,5.0,False,7145.0,1.0,False,
2026-05-14,SYBT,0.0,0.0,0.0,0.00137769309992943,3.0,10.776930999294299,5.0,True,1149.0,4.0,True,
2026-05-14,SYBX,0.0,0.0,0.0,0.0,3.0,-3.0,5.0,False,5784.0,2.0,False,
2026-05-14,SYKE,0.0,0.0,0.0,0.0,3.0,-3.0,5.0,False,5785.0,2.0,False,
2026-05-14,SYM,0.0,0.0,0.0,0.00011910294481072307,3.0,-1.8089705518927695,5.0,False,1927.0,3.0,True,
2026-05-14,SYMC,0.0,0.0,0.0,0.0,3.0,-3.0,5.0,False,5786.0,2.0,False,
2026-05-14,SYMX,0.0,0.0,0.0,0.0,3.0,-3.0,5.0,False,5787.0,2.0,False,
2026-05-14,SYNA,0.00078125,0.0,0.00078125,0.006222366018437332,3.0,59.22366018437332,5.0,True,97.0,5.0,True,"BUY because predicted alpha is in the top decile. Net alpha after estimated 3.0 bps trading cost is 59.22 bps versus threshold 5.00 bps. Main contributors were mom_5, mom_21, close_to_low_20. Price filter passed; liquidity filter passed."
2026-05-14,SYNC,0.0,0.0,0.0,0.0,3.0,-3.0,5.0,False,5788.0,2.0,False,
2026-05-14,SYNH,0.0,0.0,0.0,0.0,3.0,-3.0,5.0,False,5789.0,2.0,False,
2026-05-14,SYNM,0.0,0.0,0.0,0.0,3.0,-3.0,5.0,False,5790.0,2.0,False,
2026-05-14,SYNT,0.0,0.0,0.0,0.0,3.0,-3.0,5.0,False,5791.0,2.0,False,
2026-05-14,SYPR,0.0,0.0,0.0,0.001979900982944899,3.0,16.799009829448988,5.0,True,837.0,4.0,False,
2026-05-14,SYRA,0.0,0.0,0.0,0.0,3.0,-3.0,5.0,False,5792.0,2.0,False,
2026-05-14,SYRE,0.0,0.0,0.0,0.0038943106155345437,3.0,35.94310615534544,5.0,True,317.0,5.0,True,
2026-05-14,SYRS,0.0,0.0,0.0,0.0,3.0,-3.0,5.0,False,5793.0,2.0,False,
2026-05-14,SYRX,0.0,0.0,0.0,0.0,3.0,-3.0,5.0,False,5794.0,2.0,False,
2026-05-14,SYTA,0.0,0.0,0.0,0.0,3.0,-3.0,5.0,False,5795.0,2.0,False,
2026-05-14,SYUT,0.0,0.0,0.0,0.0,3.0,-3.0,5.0,False,5796.0,2.0,False,
2026-05-14,SZMK,0.0,0.0,0.0,0.0,3.0,-3.0,5.0,False,5797.0,2.0,False,
2026-05-14,SZYM,0.0,0.0,0.0,0.0,3.0,-3.0,5.0,False,5798.0,2.0,False,
2026-05-14,SZZL,0.0,0.0,0.0,0.0005876621232984002,3.0,2.876621232984002,5.0,False,1647.0,3.0,True,
2026-05-14,TA,0.0,0.0,0.0,0.0,3.0,-3.0,5.0,False,5799.0,2.0,False,
2026-05-14,TACH,0.0,0.0,0.0,0.0,3.0,-3.0,5.0,False,5800.0,2.0,False,
2026-05-14,TACO,0.0,0.0,0.0,0.0007108653865495968,3.0,4.108653865495968,5.0,False,1563.0,3.0,True,
2026-05-14,TACO.U,0.0,0.0,0.0,0.0,3.0,-3.0,5.0,False,5801.0,2.0,False,
2026-05-14,TACT,0.0,0.0,0.0,0.0007608962493800974,3.0,4.6089624938009734,5.0,False,1528.0,3.0,False,
2026-05-14,TAG,0.0,0.0,0.0,0.0,3.0,-3.0,5.0,False,5802.0,2.0,False,
2026-05-14,TAIT,0.0,0.0,0.0,0.0,3.0,-3.0,5.0,False,5803.0,2.0,False,
2026-05-14,TALK,0.0,0.0,0.0,0.0009178462314107785,3.0,6.178462314107785,5.0,True,1426.0,4.0,True,
2026-05-14,TALS,0.0,0.0,0.0,0.0,3.0,-3.0,5.0,False,5804.0,2.0,False,
2026-05-14,TANH,0.0,0.0,0.0,-0.0032208022542340297,3.0,-35.208022542340295,5.0,False,7200.0,1.0,False,
2026-05-14,TANN.I,0.0,0.0,0.0,0.0,3.0,-3.0,5.0,False,5805.0,2.0,False,
2026-05-14,TANN.L,0.0,0.0,0.0,0.0,3.0,-3.0,5.0,False,5806.0,2.0,False,
2026-05-14,TANN.Z,0.0,0.0,0.0,0.0,3.0,-3.0,5.0,False,5807.0,2.0,False,
2026-05-14,TANNI,0.0,0.0,0.0,0.0,3.0,-3.0,5.0,False,5808.0,2.0,False,
2026-05-14,TAOP,0.0,0.0,0.0,0.004741007930897439,3.0,44.41007930897439,5.0,True,209.0,5.0,False,
2026-05-14,TAOX,0.0,0.0,0.0,0.0030904483803067383,3.0,27.904483803067382,5.0,True,476.0,5.0,True,
2026-05-14,TARA,0.0,0.0,0.0,-0.001348631077608528,3.0,-16.48631077608528,5.0,False,6880.0,1.0,True,
2026-05-14,TARS,-0.003676060267857143,-0.004464285714285714,0.0007882254464285712,0.0017884003814942803,3.0,-20.8840038149428,5.0,False,924.0,4.0,True,"COVER because predicted alpha is in the bottom decile. Net alpha after estimated 3.0 bps trading cost is -20.88 bps versus threshold 5.00 bps. Main contributors were volatility_20, close_to_high_20, mom_21. Price filter passed; liquidity filter passed."
2026-05-14,TASK,0.0,0.0,0.0,-0.002259871976362286,3.0,-25.598719763622857,5.0,False,7075.0,1.0,True,
2026-05-14,TASR,0.0,0.0,0.0,0.0,3.0,-3.0,5.0,False,5809.0,2.0,False,
2026-05-14,TAST,0.0,0.0,0.0,0.0,3.0,-3.0,5.0,False,5810.0,2.0,False,
2026-05-14,TATT,0.0,0.0,0.0,0.00043557239509412165,3.0,1.3557239509412167,5.0,False,1754.0,3.0,True,
2026-05-14,TAVI,0.0,0.0,0.0,-0.00022056107469442372,3.0,-5.205610746944237,5.0,False,6487.0,2.0,True,
2026-05-14,TAXI.L,0.0,0.0,0.0,0.0,3.0,-3.0,5.0,False,5811.0,2.0,False,
2026-05-14,TAYC,0.0,0.0,0.0,0.0,3.0,-3.0,5.0,False,5812.0,2.0,False,
2026-05-14,TAYC.O,0.0,0.0,0.0,0.0,3.0,-3.0,5.0,False,5813.0,2.0,False,
2026-05-14,TAYC.P,0.0,0.0,0.0,0.0,3.0,-3.0,5.0,False,5814.0,2.0,False,
2026-05-14,TAYD,0.0,0.0,0.0,0.0016128742241800777,3.0,13.128742241800776,5.0,True,1004.0,4.0,True,
2026-05-14,TBBK,0.0,0.0,0.0,-0.001431597632910996,3.0,-17.315976329109958,5.0,False,6903.0,1.0,True,
2026-05-14,TBCH,0.0,0.0,0.0,-0.00013531627153660886,3.0,-4.353162715366088,5.0,False,6444.0,2.0,True,
2026-05-14,TBCP,0.0,0.0,0.0,0.0,3.0,-3.0,5.0,False,5815.0,2.0,False,
2026-05-14,TBH,0.0,0.0,0.0,-0.005597004297077216,3.0,-58.97004297077216,5.0,False,7358.0,1.0,False,
2026-05-14,TBHC,0.0,0.0,0.0,0.0,3.0,-3.0,5.0,False,5816.0,2.0,False,
2026-05-14,TBIO,0.0,0.0,0.0,0.0,3.0,-3.0,5.0,False,5817.0,2.0,False,
2026-05-14,TBLA,0.0,0.0,0.0,0.0023833808708353236,3.0,20.833808708353235,5.0,True,690.0,5.0,False,
2026-05-14,TBLD,0.0,0.0,0.0,0.0009444612043918634,3.0,6.444612043918633,5.0,True,1407.0,4.0,True,
2026-05-14,TBLT,0.0,0.0,0.0,0.0,3.0,-3.0,5.0,False,5818.0,2.0,False,
2026-05-14,TBMC,0.0,0.0,0.0,0.0,3.0,-3.0,5.0,False,5819.0,2.0,False,
2026-05-14,TBNK,0.0,0.0,0.0,0.0,3.0,-3.0,5.0,False,5820.0,2.0,False,
2026-05-14,TBPH,0.0,0.0,0.0,0.0015619572376070164,3.0,12.619572376070163,5.0,True,1030.0,4.0,True,
2026-05-14,TBRA,0.0,0.0,0.0,0.0,3.0,-3.0,5.0,False,5821.0,2.0,False,
2026-05-14,TBRG,0.0,0.0,0.0,0.0019285336210031394,3.0,16.285336210031392,5.0,True,861.0,4.0,True,
2026-05-14,TBSA,0.0,0.0,0.0,0.0,3.0,-3.0,5.0,False,5822.0,2.0,False,
2026-05-14,TBSI,0.0,0.0,0.0,0.0,3.0,-3.0,5.0,False,5823.0,2.0,False,
2026-05-14,TCAC,0.0,0.0,0.0,0.0,3.0,-3.0,5.0,False,5824.0,2.0,False,
2026-05-14,TCBC,0.0,0.0,0.0,0.0,3.0,-3.0,5.0,False,5825.0,2.0,False,
2026-05-14,TCBI,0.0,0.0,0.0,0.0011714783743203853,3.0,8.714783743203853,5.0,True,1264.0,4.0,True,
2026-05-14,TCBI.L,0.0,0.0,0.0,0.0,3.0,-3.0,5.0,False,5826.0,2.0,False,
2026-05-14,TCBI.W,0.0,0.0,0.0,0.0,3.0,-3.0,5.0,False,5827.0,2.0,False,
2026-05-14,TCBIL,0.0,0.0,0.0,0.0,3.0,-3.0,5.0,False,5828.0,2.0,False,
2026-05-14,TCBK,0.0,0.0,0.0,0.0014457218244527323,3.0,11.457218244527322,5.0,True,1107.0,4.0,True,
2026-05-14,TCBS,0.0,0.0,0.0,-0.0015197227557214033,3.0,-18.197227557214035,5.0,False,6918.0,1.0,True,
2026-05-14,TCCO,0.0,0.0,0.0,0.0,3.0,-3.0,5.0,False,5829.0,2.0,False,
2026-05-14,TCDA,0.0,0.0,0.0,0.0,3.0,-3.0,5.0,False,5830.0,2.0,False,
2026-05-14,TCF,0.0,0.0,0.0,0.0,3.0,-3.0,5.0,False,5831.0,2.0,False,
2026-05-14,TCFC,0.0,0.0,0.0,0.0,3.0,-3.0,5.0,False,5832.0,2.0,False,
2026-05-14,TCJH,0.0,0.0,0.0,0.0,3.0,-3.0,5.0,False,5833.0,2.0,False,
2026-05-14,TCMD,0.0,0.0,0.0,0.0005974583348376317,3.0,2.974583348376317,5.0,False,1640.0,3.0,True,
2026-05-14,TCON,0.0,0.0,0.0,0.0,3.0,-3.0,5.0,False,5834.0,2.0,False,
2026-05-14,TCPC,0.0,0.0,0.0,0.0016845519059037603,3.0,13.845519059037603,5.0,True,972.0,4.0,False,
2026-05-14,TCRD,0.0,0.0,0.0,0.0,3.0,-3.0,5.0,False,5835.0,2.0,False,
2026-05-14,TCRR,0.0,0.0,0.0,0.0,3.0,-3.0,5.0,False,5836.0,2.0,False,
2026-05-14,TCRT,0.0,0.0,0.0,-0.0006191491184087714,3.0,-9.191491184087713,5.0,False,6669.0,2.0,False,
2026-05-14,TCRX,0.0,0.0,0.0,-0.0016668679744092749,3.0,-19.66867974409275,5.0,False,6946.0,1.0,False,
2026-05-14,TCVA,0.0,0.0,0.0,0.0,3.0,-3.0,5.0,False,5837.0,2.0,False,
2026-05-14,TCX,0.0,0.0,0.0,0.0001873166644681625,3.0,-1.1268333553183751,5.0,False,1891.0,3.0,True,
2026-05-14,TDAC,0.0,0.0,0.0,-0.0012607560408973905,3.0,-15.607560408973905,5.0,False,6861.0,1.0,True,
2026-05-14,TDIC,0.0,-0.004464285714285714,0.004464285714285714,-0.021043425548804756,3.0,-213.43425548804757,5.0,False,7549.0,1.0,False,"COVER because predicted alpha is in the cost-adjusted no-position band. Net alpha after estimated 3.0 bps trading cost is -213.43 bps versus threshold 5.00 bps. Main contributors were intraday_return, hl_range_20, volatility_20. Price filter failed; liquidity filter passed."
2026-05-14,TDUP,0.0,0.0,0.0,-0.0004208554232818622,3.0,-7.208554232818622,5.0,False,6591.0,2.0,False,
2026-05-14,TDWD,0.0,0.0,0.0,0.0,3.0,-3.0,5.0,False,5838.0,2.0,False,
2026-05-14,TEAD,0.0,0.0,0.0,0.003268476899508941,3.0,29.684768995089414,5.0,True,439.0,5.0,False,
2026-05-14,TEAM,0.0,0.0,0.0,-0.00017425857205185136,3.0,-4.742585720518513,5.0,False,6464.0,2.0,True,
2026-05-14,TEAR,0.0,0.0,0.0,0.0,3.0,-3.0,5.0,False,5839.0,2.0,False,
2026-05-14,TECD,0.0,0.0,0.0,0.0,3.0,-3.0,5.0,False,5840.0,2.0,False,
2026-05-14,TECH,0.0,0.0,0.0,-0.0009588942402812346,3.0,-12.588942402812346,5.0,False,6779.0,2.0,True,
2026-05-14,TECU,0.0,0.0,0.0,0.0,3.0,-3.0,5.0,False,5841.0,2.0,False,
2026-05-14,TECX,0.0,0.0,0.0,0.0009730208436132608,3.0,6.730208436132608,5.0,True,1393.0,4.0,True,
2026-05-14,TEKK,0.0,0.0,0.0,0.0,3.0,-3.0,5.0,False,5842.0,2.0,False,
2026-05-14,TELA,0.0,0.0,0.0,-0.0021847429009456223,3.0,-24.847429009456224,5.0,False,7061.0,1.0,False,
2026-05-14,TELK,0.0,0.0,0.0,0.0,3.0,-3.0,5.0,False,5843.0,2.0,False,
2026-05-14,TELO,0.0,0.0,0.0,-0.0003111579190194977,3.0,-6.111579190194977,5.0,False,6538.0,2.0,False,
2026-05-14,TEM,-0.00078125,0.0,-0.00078125,-0.0029302690093611044,3.0,26.302690093611044,5.0,True,7171.0,1.0,True,"SHORT because predicted alpha is in the bottom decile. Net alpha after estimated 3.0 bps trading cost is 26.30 bps versus threshold 5.00 bps. Main contributors were earnings_yield, book_to_market, mom_5. Price filter passed; liquidity filter passed."
2026-05-14,TENB,0.0,0.0,0.0,0.001003394041255305,3.0,7.033940412553051,5.0,True,1372.0,4.0,True,
2026-05-14,TENK,0.0,0.0,0.0,0.0,3.0,-3.0,5.0,False,5844.0,2.0,False,
2026-05-14,TENX,0.0,0.0,0.0,0.0016859563264062629,3.0,13.85956326406263,5.0,True,971.0,4.0,True,
2026-05-14,TER,0.0,0.0,0.0,0.004579472077062324,3.0,42.794720770623236,5.0,True,225.0,5.0,True,
2026-05-14,TERN,0.0,0.0,0.0,0.0,3.0,-3.0,5.0,False,5845.0,2.0,False,
2026-05-14,TERP,0.0,0.0,0.0,0.0,3.0,-3.0,5.0,False,5846.0,2.0,False,
2026-05-14,TESO,0.0,0.0,0.0,0.0,3.0,-3.0,5.0,False,5847.0,2.0,False,
2026-05-14,TESS,0.0,0.0,0.0,0.0,3.0,-3.0,5.0,False,5848.0,2.0,False,
2026-05-14,TETC,0.0,0.0,0.0,0.0,3.0,-3.0,5.0,False,5849.0,2.0,False,
2026-05-14,TETE,0.0,0.0,0.0,0.0,3.0,-3.0,5.0,False,5850.0,2.0,False,
2026-05-14,TEUM,0.0,0.0,0.0,0.0,3.0,-3.0,5.0,False,5851.0,2.0,False,
2026-05-14,TFCF,0.0,0.0,0.0,0.0,3.0,-3.0,5.0,False,5852.0,2.0,False,
2026-05-14,TFCFA,0.0,0.0,0.0,0.0,3.0,-3.0,5.0,False,5853.0,2.0,False,
2026-05-14,TFFP,0.0,0.0,0.0,0.0,3.0,-3.0,5.0,False,5854.0,2.0,False,
2026-05-14,TFM,0.0,0.0,0.0,0.0,3.0,-3.0,5.0,False,5855.0,2.0,False,
2026-05-14,TFSC,0.0,0.0,0.0,0.0,3.0,-3.0,5.0,False,5856.0,2.0,False,
2026-05-14,TFSC.R,0.0,0.0,0.0,0.0,3.0,-3.0,5.0,False,5857.0,2.0,False,
2026-05-14,TFSC.U,0.0,0.0,0.0,0.0,3.0,-3.0,5.0,False,5858.0,2.0,False,
2026-05-14,TFSC.W,0.0,0.0,0.0,0.0,3.0,-3.0,5.0,False,5859.0,2.0,False,
2026-05-14,TFSL,0.0,0.0,0.0,-0.0008525462209174627,3.0,-11.525462209174627,5.0,False,6747.0,2.0,True,
2026-05-14,TGA,0.0,0.0,0.0,0.0,3.0,-3.0,5.0,False,5860.0,2.0,False,
2026-05-14,TGAA,0.0,0.0,0.0,0.0,3.0,-3.0,5.0,False,5861.0,2.0,False,
2026-05-14,TGAN,0.0,0.0,0.0,0.0,3.0,-3.0,5.0,False,5862.0,2.0,False,
2026-05-14,TGHL,0.0,0.0,0.0,0.0038434318600057337,3.0,35.43431860005734,5.0,True,324.0,5.0,False,
2026-05-14,TGL,0.0,0.0,0.0,0.00025225605015531265,3.0,-0.4774394984468735,5.0,False,1845.0,3.0,False,
2026-05-14,TGTX,0.0,0.0,0.0,0.003066997189353951,3.0,27.66997189353951,5.0,True,481.0,5.0,True,
2026-05-14,TGVC,0.0,0.0,0.0,0.0,3.0,-3.0,5.0,False,5863.0,2.0,False,
2026-05-14,TH,0.0,0.0,0.0,0.00221314924875866,3.0,19.131492487586602,5.0,True,769.0,4.0,True,
2026-05-14,THAC,0.0,0.0,0.0,0.0,3.0,-3.0,5.0,False,5864.0,2.0,False,
2026-05-14,THAR,0.0,0.0,0.0,0.0,3.0,-3.0,5.0,False,5865.0,2.0,False,
2026-05-14,THBR,0.0,0.0,0.0,0.0,3.0,-3.0,5.0,False,5866.0,2.0,False,
2026-05-14,THCA,0.0,0.0,0.0,0.0,3.0,-3.0,5.0,False,5867.0,2.0,False,
2026-05-14,THCB,0.0,0.0,0.0,0.0,3.0,-3.0,5.0,False,5868.0,2.0,False,
2026-05-14,THCH,0.0,0.0,0.0,0.005404298439300919,3.0,51.042984393009185,5.0,True,146.0,5.0,False,
2026-05-14,THCP,0.0,0.0,0.0,0.0,3.0,-3.0,5.0,False,5869.0,2.0,False,
2026-05-14,THFF,0.0,0.0,0.0,0.0009616005819143824,3.0,6.616005819143824,5.0,True,1400.0,4.0,True,
2026-05-14,THH,0.0,0.0,0.0,0.0009129942616267306,3.0,6.129942616267305,5.0,True,1428.0,4.0,False,
2026-05-14,THLD,0.0,0.0,0.0,0.0,3.0,-3.0,5.0,False,5870.0,2.0,False,
2026-05-14,THMA,0.0,0.0,0.0,0.0,3.0,-3.0,5.0,False,5871.0,2.0,False,
2026-05-14,THMO,0.0,0.0,0.0,0.0,3.0,-3.0,5.0,False,5872.0,2.0,False,
2026-05-14,THOR,0.0,0.0,0.0,0.0,3.0,-3.0,5.0,False,5873.0,2.0,False,
2026-05-14,THQI,0.0,0.0,0.0,0.0,3.0,-3.0,5.0,False,5874.0,2.0,False,
2026-05-14,THRD,0.0,0.0,0.0,0.0,3.0,-3.0,5.0,False,5875.0,2.0,False,
2026-05-14,THRM,0.0,0.0,0.0,0.001119060254076101,3.0,8.19060254076101,5.0,True,1291.0,4.0,True,
2026-05-14,THRN,0.0,0.0,0.0,0.0,3.0,-3.0,5.0,False,5876.0,2.0,False,
2026-05-14,THRX,0.0,0.0,0.0,0.0,3.0,-3.0,5.0,False,5877.0,2.0,False,
2026-05-14,THRX.V,0.0,0.0,0.0,0.0,3.0,-3.0,5.0,False,5878.0,2.0,False,
2026-05-14,THRY,0.0,0.0,0.0,-0.0006133833111203687,3.0,-9.133833111203687,5.0,False,6665.0,2.0,False,
2026-05-14,THST,0.0,0.0,0.0,0.0,3.0,-3.0,5.0,False,5879.0,2.0,False,
2026-05-14,THTI,0.0,0.0,0.0,0.0,3.0,-3.0,5.0,False,5880.0,2.0,False,
2026-05-14,THTX,0.0,0.0,0.0,0.0,3.0,-3.0,5.0,False,5881.0,2.0,False,
2026-05-14,TIBR,0.0,0.0,0.0,0.0,3.0,-3.0,5.0,False,5882.0,2.0,False,
2026-05-14,TIBX,0.0,0.0,0.0,0.0,3.0,-3.0,5.0,False,5883.0,2.0,False,
2026-05-14,TICC,0.0,0.0,0.0,0.0,3.0,-3.0,5.0,False,5884.0,2.0,False,
2026-05-14,TICCL,0.0,0.0,0.0,0.0,3.0,-3.0,5.0,False,5885.0,2.0,False,
2026-05-14,TIG,0.0,0.0,0.0,0.0,3.0,-3.0,5.0,False,5886.0,2.0,False,
2026-05-14,TIGO,0.0,0.0,0.0,0.0033901220106412975,3.0,30.90122010641298,5.0,True,413.0,5.0,True,
2026-05-14,TIGR,-0.003676060267857143,-0.004464285714285714,0.0007882254464285712,0.0014536887147553051,3.0,-17.536887147553053,5.0,False,1100.0,4.0,True,"COVER because predicted alpha is in the bottom decile. Net alpha after estimated 3.0 bps trading cost is -17.54 bps versus threshold 5.00 bps. Main contributors were hl_range_20, mom_1, mom_21. Price filter passed; liquidity filter passed."
2026-05-14,TIL,0.0,0.0,0.0,0.0003930844628596677,3.0,0.9308446285966769,5.0,False,1776.0,3.0,True,
2026-05-14,TILE,0.0,0.0,0.0,0.0023923487590424477,3.0,20.923487590424475,5.0,True,685.0,5.0,True,
2026-05-14,TIO,0.0,0.0,0.0,0.0,3.0,-3.0,5.0,False,5887.0,2.0,False,
2026-05-14,TIOA,0.0,0.0,0.0,0.0,3.0,-3.0,5.0,False,5888.0,2.0,False,
2026-05-14,TIPT,0.0,0.0,0.0,-0.0011466033718643904,3.0,-14.466033718643903,5.0,False,6829.0,1.0,True,
2026-05-14,TIRX,0.0,0.0,0.0,0.0,3.0,-3.0,5.0,False,5889.0,2.0,False,
2026-05-14,TISA,0.0,0.0,0.0,0.0,3.0,-3.0,5.0,False,5890.0,2.0,False,
2026-05-14,TITN,0.0,0.0,0.0,0.0001497032315665856,3.0,-1.502967684334144,5.0,False,1909.0,3.0,True,
2026-05-14,TIVC,0.0,0.0,0.0,0.0,3.0,-3.0,5.0,False,5891.0,2.0,False,
2026-05-14,TIVO,0.0,0.0,0.0,0.0,3.0,-3.0,5.0,False,5892.0,2.0,False,
2026-05-14,TJGC,0.0,0.0,0.0,0.001228196748835451,3.0,9.28196748835451,5.0,True,1229.0,4.0,False,
2026-05-14,TKAI,0.0,0.0,0.0,0.0,3.0,-3.0,5.0,False,5893.0,2.0,False,
2026-05-14,TKKS,0.0,0.0,0.0,0.0,3.0,-3.0,5.0,False,5894.0,2.0,False,
2026-05-14,TKLC,0.0,0.0,0.0,0.0,3.0,-3.0,5.0,False,5895.0,2.0,False,
2026-05-14,TKMR,0.0,0.0,0.0,0.0,3.0,-3.0,5.0,False,5896.0,2.0,False,
2026-05-14,TKNO,0.0,0.0,0.0,0.007023155430325634,3.0,67.23155430325635,5.0,True,66.0,5.0,False,
2026-05-14,TLAB,0.0,0.0,0.0,0.0,3.0,-3.0,5.0,False,5897.0,2.0,False,
2026-05-14,TLCR,0.0,0.0,0.0,0.0,3.0,-3.0,5.0,False,5898.0,2.0,False,
2026-05-14,TLEO,0.0,0.0,0.0,0.0,3.0,-3.0,5.0,False,5899.0,2.0,False,
2026-05-14,TLF,0.0,0.0,0.0,-0.00035273047182263293,3.0,-6.527304718226329,5.0,False,6557.0,2.0,False,
2026-05-14,TLGT,0.0,0.0,0.0,0.0,3.0,-3.0,5.0,False,5900.0,2.0,False,
2026-05-14,TLGY,0.0,0.0,0.0,0.0,3.0,-3.0,5.0,False,5901.0,2.0,False,
2026-05-14,TLIH,0.0,0.0,0.0,-0.008935441914565018,3.0,-92.35441914565018,5.0,False,7461.0,1.0,False,
2026-05-14,TLIS,0.0,0.0,0.0,0.0,3.0,-3.0,5.0,False,5902.0,2.0,False,
2026-05-14,TLMD,0.0,0.0,0.0,0.0,3.0,-3.0,5.0,False,5903.0,2.0,False,
2026-05-14,TLMR,0.0,0.0,0.0,0.0,3.0,-3.0,5.0,False,5904.0,2.0,False,
2026-05-14,TLN,0.0,0.0,0.0,0.0008820549341861912,3.0,5.820549341861913,5.0,True,1452.0,4.0,True,
2026-05-14,TLNC,0.0,0.0,0.0,0.0,3.0,-3.0,5.0,False,5905.0,2.0,False,
2026-05-14,TLOG,0.0,0.0,0.0,0.0,3.0,-3.0,5.0,False,5906.0,2.0,False,
2026-05-14,TLPH,0.0,0.0,0.0,0.004445581457049013,3.0,41.455814570490126,5.0,True,237.0,5.0,False,
2026-05-14,TLRY,0.0,0.0,0.0,0.0011015293573812448,3.0,8.015293573812448,5.0,True,1308.0,4.0,True,
2026-05-14,TLS,0.0,0.0,0.0,0.0013280362970425252,3.0,10.280362970425251,5.0,True,1176.0,4.0,False,
2026-05-14,TLSA,0.0,0.0,0.0,0.0016491544730219709,3.0,13.491544730219708,5.0,True,989.0,4.0,False,
2026-05-14,TLSI,0.0,0.0,0.0,-0.007784088055728402,3.0,-80.84088055728402,5.0,False,7439.0,1.0,False,
2026-05-14,TMC,0.0,0.0,0.0,-0.00023425628839392329,3.0,-5.342562883939233,5.0,False,6491.0,2.0,True,
2026-05-14,TMCI,0.0,0.0,0.0,0.002537841058419991,3.0,22.37841058419991,5.0,True,628.0,5.0,False,
2026-05-14,TMCR,0.0,0.0,0.0,-0.00024577831817530846,3.0,-5.457783181753085,5.0,False,6499.0,2.0,True,
2026-05-14,TMCX,0.0,0.0,0.0,0.0,3.0,-3.0,5.0,False,5907.0,2.0,False,
2026-05-14,TMDI,0.0,0.0,0.0,0.0,3.0,-3.0,5.0,False,5908.0,2.0,False,
2026-05-14,TMDX,0.0,0.0,0.0,0.001068642747593224,3.0,7.6864274759322395,5.0,True,1322.0,4.0,True,
2026-05-14,TMKR,0.0,0.0,0.0,0.0,3.0,-3.0,5.0,False,5909.0,2.0,False,
2026-05-14,TMNG,0.0,0.0,0.0,0.0,3.0,-3.0,5.0,False,5910.0,2.0,False,
2026-05-14,TMPM,0.0,0.0,0.0,0.0,3.0,-3.0,5.0,False,5911.0,2.0,False,
2026-05-14,TMPO,0.0,0.0,0.0,0.0,3.0,-3.0,5.0,False,5912.0,2.0,False,
2026-05-14,TMSR,0.0,0.0,0.0,0.0,3.0,-3.0,5.0,False,5913.0,2.0,False,
2026-05-14,TMTC,0.0,0.0,0.0,0.0,3.0,-3.0,5.0,False,5914.0,2.0,False,
2026-05-14,TMTS,0.0,0.0,0.0,0.0,3.0,-3.0,5.0,False,5915.0,2.0,False,
2026-05-14,TMUS,0.0,0.0,0.0,0.0007271029054699178,3.0,4.271029054699178,5.0,False,1549.0,3.0,True,
2026-05-14,TMUSI,0.0,0.0,0.0,0.0017783276122883057,3.0,14.783276122883056,5.0,True,929.0,4.0,True,
2026-05-14,TMUSL,0.0,0.0,0.0,0.0011055252566127358,3.0,8.055252566127358,5.0,True,1303.0,4.0,True,
2026-05-14,TMUSZ,0.0,0.0,0.0,0.0019464384902903903,3.0,16.4643849029039,5.0,True,853.0,4.0,True,
2026-05-14,TNAV,0.0,0.0,0.0,0.0,3.0,-3.0,5.0,False,5916.0,2.0,False,
2026-05-14,TNDM,0.0,0.0,0.0,-0.0020626468964864077,3.0,-23.626468964864078,5.0,False,7033.0,1.0,True,
2026-05-14,TNFA,0.0,0.0,0.0,0.0,3.0,-3.0,5.0,False,5917.0,2.0,False,
2026-05-14,TNGO,0.0,0.0,0.0,0.0,3.0,-3.0,5.0,False,5918.0,2.0,False,
2026-05-14,TNGX,0.0,0.0,0.0,0.003934638300285913,3.0,36.346383002859135,5.0,True,311.0,5.0,True,
2026-05-14,TNMG,0.0,0.0,0.0,-0.0028705265756569587,3.0,-31.705265756569588,5.0,False,7165.0,1.0,False,
2026-05-14,TNON,0.0,0.0,0.0,-0.004139534282352542,3.0,-44.39534282352542,5.0,False,7280.0,1.0,False,
2026-05-14,TNT,0.0,0.0,0.0,0.0,3.0,-3.0,5.0,False,5919.0,2.0,False,
2026-05-14,TNTR,0.0,0.0,0.0,0.0,3.0,-3.0,5.0,False,5920.0,2.0,False,
2026-05-14,TNXP,0.0,0.0,0.0,-0.0008986825178845489,3.0,-11.98682517884549,5.0,False,6765.0,2.0,True,
2026-05-14,TNYA,0.0,0.0,0.0,0.003046136020596795,3.0,27.461360205967953,5.0,True,492.0,5.0,False,
2026-05-14,TOAC,0.0,0.0,0.0,0.0,3.0,-3.0,5.0,False,5921.0,2.0,False,
2026-05-14,TOCA,0.0,0.0,0.0,0.0,3.0,-3.0,5.0,False,5922.0,2.0,False,
2026-05-14,TOI,0.0,0.0,0.0,0.0034914873746525765,3.0,31.914873746525764,5.0,True,393.0,5.0,False,
2026-05-14,TOMZ,0.0,0.0,0.0,0.0035718678830099285,3.0,32.718678830099286,5.0,True,376.0,5.0,False,
2026-05-14,TONX,0.0,0.0,0.0,0.00048128608189916566,3.0,1.8128608189916564,5.0,False,1719.0,3.0,False,
2026-05-14,TOP,0.0,0.0,0.0,-0.00022964998458913522,3.0,-5.296499845891352,5.0,False,6490.0,2.0,False,
2026-05-14,TOR,0.0,0.0,0.0,0.0,3.0,-3.0,5.0,False,5923.0,2.0,False,
2026-05-14,TORC,0.0,0.0,0.0,0.0,3.0,-3.0,5.0,False,5924.0,2.0,False,
2026-05-14,TORM,0.0,0.0,0.0,0.0,3.0,-3.0,5.0,False,5925.0,2.0,False,
2026-05-14,TORO,0.0,0.0,0.0,-0.00017565366038743008,3.0,-4.7565366038743,5.0,False,6466.0,2.0,True,
2026-05-14,TOROV,0.0,0.0,0.0,0.0,3.0,-3.0,5.0,False,5926.0,2.0,False,
2026-05-14,TOTA,0.0,0.0,0.0,0.0,3.0,-3.0,5.0,False,5927.0,2.0,False,
2026-05-14,TOWN,0.0,0.0,0.0,-0.0008362149578002866,3.0,-11.362149578002866,5.0,False,6738.0,2.0,True,
2026-05-14,TOYO,0.00078125,0.0,0.00078125,0.005542181039001555,3.0,52.42181039001555,5.0,True,130.0,5.0,True,"BUY because predicted alpha is in the top decile. Net alpha after estimated 3.0 bps trading cost is 52.42 bps versus threshold 5.00 bps. Main contributors were mom_5, mom_252, hl_range_20. Price filter passed; liquidity filter passed."
2026-05-14,TPBA,0.0,0.0,0.0,0.0,3.0,-3.0,5.0,False,5928.0,2.0,False,
2026-05-14,TPCO,0.0,0.0,0.0,0.0,3.0,-3.0,5.0,False,5929.0,2.0,False,
2026-05-14,TPCS,0.0,0.0,0.0,0.004554218844085382,3.0,42.54218844085382,5.0,True,228.0,5.0,False,
2026-05-14,TPG,0.0,0.0,0.0,0.0023489247229404545,3.0,20.489247229404544,5.0,True,708.0,5.0,True,
2026-05-14,TPGXL,0.0,0.0,0.0,0.0012366787094261061,3.0,9.366787094261062,5.0,True,1224.0,4.0,True,
2026-05-14,TPIC,0.0,0.0,0.0,0.0,3.0,-3.0,5.0,False,5930.0,2.0,False,
2026-05-14,TPIV,0.0,0.0,0.0,0.0,3.0,-3.0,5.0,False,5931.0,2.0,False,
2026-05-14,TPNL,0.0,0.0,0.0,0.0,3.0,-3.0,5.0,False,5932.0,2.0,False,
2026-05-14,TPST,0.0,0.0,0.0,-0.00391364529187471,3.0,-42.136452918747096,5.0,False,7266.0,1.0,False,
2026-05-14,TPTX,0.0,0.0,0.0,0.0,3.0,-3.0,5.0,False,5933.0,2.0,False,
2026-05-14,TQNT,0.0,0.0,0.0,0.0,3.0,-3.0,5.0,False,5934.0,2.0,False,
2026-05-14,TRAW,0.0,0.0,0.0,0.001002758782906267,3.0,7.02758782906267,5.0,True,1373.0,4.0,False,
2026-05-14,TRAX,-0.004457310267857143,-0.004464285714285714,6.975446428571404e-06,-0.0023348341074312497,3.0,20.348341074312497,5.0,True,7090.0,1.0,True,"COVER because predicted alpha is in the bottom decile. Net alpha after estimated 3.0 bps trading cost is 20.35 bps versus threshold 5.00 bps. Main contributors were parkinson_vol_20, mom_21, volume_z_20. Price filter passed; liquidity filter passed."
2026-05-14,TRAXV,0.0,0.0,0.0,0.0,3.0,-3.0,5.0,False,5935.0,2.0,False,
2026-05-14,TRCB,0.0,0.0,0.0,0.0,3.0,-3.0,5.0,False,5936.0,2.0,False,
2026-05-14,TRCH,0.0,0.0,0.0,0.0,3.0,-3.0,5.0,False,5937.0,2.0,False,
2026-05-14,TRDA,-0.003676060267857143,-0.004464285714285714,0.0007882254464285712,0.00037246176825656653,3.0,-6.724617682565665,5.0,False,1787.0,3.0,True,"COVER because predicted alpha is in the bottom decile. Net alpha after estimated 3.0 bps trading cost is -6.72 bps versus threshold 5.00 bps. Main contributors were volatility_10, mom_21, price_kurt_63. Price filter passed; liquidity filter passed."
2026-05-14,TREE,0.0,0.0,0.0,0.001735200057456521,3.0,14.35200057456521,5.0,True,946.0,4.0,True,
2026-05-14,TRGS,0.0,0.0,0.0,0.0,3.0,-3.0,5.0,False,5938.0,2.0,False,
2026-05-14,TRGT,0.0,0.0,0.0,0.0,3.0,-3.0,5.0,False,5939.0,2.0,False,
2026-05-14,TRHC,0.0,0.0,0.0,0.0,3.0,-3.0,5.0,False,5940.0,2.0,False,
2026-05-14,TRI,0.0,0.0,0.0,0.0015815810300883457,3.0,12.815810300883458,5.0,True,1020.0,4.0,True,
2026-05-14,TRID,0.0,0.0,0.0,0.0,3.0,-3.0,5.0,False,5941.0,2.0,False,
2026-05-14,TRIN,0.0,0.0,0.0,0.0017847634489588503,3.0,14.847634489588504,5.0,True,925.0,4.0,True,
2026-05-14,TRINI,0.0,0.0,0.0,-5.3882857559160724e-05,3.0,-3.5388285755916074,5.0,False,6409.0,2.0,True,
2026-05-14,TRINL,0.0,0.0,0.0,0.0,3.0,-3.0,5.0,False,5942.0,2.0,False,
2026-05-14,TRINZ,0.0,0.0,0.0,0.000829815124620532,3.0,5.29815124620532,5.0,True,1484.0,4.0,True,
2026-05-14,TRIP,-0.003676060267857143,-0.004464285714285714,0.0007882254464285712,-0.0011753717240845058,3.0,8.753717240845058,5.0,True,6837.0,1.0,True,"COVER because predicted alpha is in the bottom decile. Net alpha after estimated 3.0 bps trading cost is 8.75 bps versus threshold 5.00 bps. Main contributors were mom_5, hl_range_20, volume_z_60. Price filter passed; liquidity filter passed."
2026-05-14,TRIT,0.0,0.0,0.0,0.0,3.0,-3.0,5.0,False,5943.0,2.0,False,
2026-05-14,TRIV,0.0,0.0,0.0,0.0,3.0,-3.0,5.0,False,5944.0,2.0,False,
2026-05-14,TRKA,0.0,0.0,0.0,0.0,3.0,-3.0,5.0,False,5945.0,2.0,False,
2026-05-14,TRLG,0.0,0.0,0.0,0.0,3.0,-3.0,5.0,False,5946.0,2.0,False,
2026-05-14,TRMA,0.0,0.0,0.0,0.0,3.0,-3.0,5.0,False,5947.0,2.0,False,
2026-05-14,TRMB,-0.00078125,0.0,-0.00078125,-0.0033295828039445093,3.0,30.29582803944509,5.0,True,7210.0,1.0,True,"SHORT because predicted alpha is in the bottom decile. Net alpha after estimated 3.0 bps trading cost is 30.30 bps versus threshold 5.00 bps. Main contributors were volume_z_60, hl_range_20, mom_5. Price filter passed; liquidity filter passed."
2026-05-14,TRMD,0.0,0.0,0.0,0.0022751622670741526,3.0,19.751622670741526,5.0,True,742.0,5.0,True,
2026-05-14,TRMK,0.0,0.0,0.0,0.0012855520552391285,3.0,9.855520552391285,5.0,True,1194.0,4.0,True,
2026-05-14,TRML,0.0,0.0,0.0,0.0,3.0,-3.0,5.0,False,5948.0,2.0,False,
2026-05-14,TRMT,0.0,0.0,0.0,0.0,3.0,-3.0,5.0,False,5949.0,2.0,False,
2026-05-14,TRNC,0.0,0.0,0.0,0.0,3.0,-3.0,5.0,False,5950.0,2.0,False,
2026-05-14,TRNR,0.0,0.0,0.0,-0.004194623376764126,3.0,-44.94623376764126,5.0,False,7284.0,1.0,False,
2026-05-14,TRNS,0.0,0.0,0.0,0.0007361674679386491,3.0,4.361674679386491,5.0,False,1545.0,3.0,True,
2026-05-14,TRNX,0.0,0.0,0.0,0.0,3.0,-3.0,5.0,False,5951.0,2.0,False,
2026-05-14,TRON,0.0,0.0,0.0,-0.00030244601245017056,3.0,-6.024460124501706,5.0,False,6533.0,2.0,False,
2026-05-14,TROO,0.0,0.0,0.0,0.006983895658585183,3.0,66.83895658585183,5.0,True,67.0,5.0,False,
2026-05-14,TROV,0.0,0.0,0.0,0.0,3.0,-3.0,5.0,False,5952.0,2.0,False,
2026-05-14,TROV.U,0.0,0.0,0.0,0.0,3.0,-3.0,5.0,False,5953.0,2.0,False,
2026-05-14,TROV.W,0.0,0.0,0.0,0.0,3.0,-3.0,5.0,False,5954.0,2.0,False,
2026-05-14,TROW,0.0,0.0,0.0,0.001448057865071927,3.0,11.48057865071927,5.0,True,1106.0,4.0,True,
2026-05-14,TRS,0.0,0.0,0.0,0.0022487636717139314,3.0,19.487636717139313,5.0,True,757.0,5.0,True,
2026-05-14,TRSG,0.0,0.0,0.0,0.0,3.0,-3.0,5.0,False,5955.0,2.0,False,
2026-05-14,TRST,0.0,0.0,0.0,0.001930945676998586,3.0,16.30945676998586,5.0,True,860.0,4.0,True,
2026-05-14,TRSV.V,0.0,0.0,0.0,0.0,3.0,-3.0,5.0,False,5956.0,2.0,False,
2026-05-14,TRTL.W,0.0,0.0,0.0,0.0,3.0,-3.0,5.0,False,5957.0,2.0,False,
2026-05-14,TRUE,0.0,0.0,0.0,0.0,3.0,-3.0,5.0,False,5958.0,2.0,False,
2026-05-14,TRUG,0.0,0.0,0.0,-0.0071222337621827635,3.0,-74.22233762182763,5.0,False,7421.0,1.0,False,
2026-05-14,TRUP,0.0,0.0,0.0,0.0012241826120370754,3.0,9.241826120370755,5.0,True,1232.0,4.0,True,
2026-05-14,TRVI,0.0,0.0,0.0,0.0029997766425324678,3.0,26.997766425324677,5.0,True,507.0,5.0,True,
2026-05-14,TRVN,0.0,0.0,0.0,0.0,3.0,-3.0,5.0,False,5959.0,2.0,False,
2026-05-14,TSAT,0.0,0.0,0.0,0.0030325007134358005,3.0,27.325007134358003,5.0,True,497.0,5.0,True,
2026-05-14,TSBK,0.0,0.0,0.0,0.0013845536679624598,3.0,10.845536679624598,5.0,True,1144.0,4.0,True,
2026-05-14,TSBX,0.0,0.0,0.0,0.0,3.0,-3.0,5.0,False,5960.0,2.0,False,
2026-05-14,TSC,0.0,0.0,0.0,0.0,3.0,-3.0,5.0,False,5961.0,2.0,False,
2026-05-14,TSCAP,0.0,0.0,0.0,0.0,3.0,-3.0,5.0,False,5962.0,2.0,False,
2026-05-14,TSCO,0.0,0.0,0.0,-0.0006613728945827051,3.0,-9.613728945827052,5.0,False,6681.0,2.0,True,
2026-05-14,TSEM,0.00078125,0.0,0.00078125,0.007803602648498229,3.0,75.03602648498229,5.0,True,44.0,5.0,True,"BUY because predicted alpha is in the top decile. Net alpha after estimated 3.0 bps trading cost is 75.04 bps versus threshold 5.00 bps. Main contributors were mom_5, mom_252, mom_63. Price filter passed; liquidity filter passed."
2026-05-14,TSFG,0.0,0.0,0.0,0.0,3.0,-3.0,5.0,False,5963.0,2.0,False,
2026-05-14,TSG,0.0,0.0,0.0,0.0,3.0,-3.0,5.0,False,5964.0,2.0,False,
2026-05-14,TSHA,0.00078125,0.0,0.00078125,0.0050406664730243125,3.0,47.40666473024312,5.0,True,183.0,5.0,True,"BUY because predicted alpha is in the top decile. Net alpha after estimated 3.0 bps trading cost is 47.41 bps versus threshold 5.00 bps. Main contributors were intraday_return, parkinson_vol_20, volume_z_60. Price filter passed; liquidity filter passed."
2026-05-14,TSIA,0.0,0.0,0.0,0.0,3.0,-3.0,5.0,False,5965.0,2.0,False,
2026-05-14,TSIB,0.0,0.0,0.0,0.0,3.0,-3.0,5.0,False,5966.0,2.0,False,
2026-05-14,TSLA,0.0,0.0,0.0,0.0047071564852171075,3.0,44.07156485217107,5.0,True,212.0,5.0,True,
2026-05-14,TSP,0.0,0.0,0.0,0.0,3.0,-3.0,5.0,False,5967.0,2.0,False,
2026-05-14,TSPT,0.0,0.0,0.0,0.0,3.0,-3.0,5.0,False,5968.0,2.0,False,
2026-05-14,TSRA,0.0,0.0,0.0,0.0,3.0,-3.0,5.0,False,5969.0,2.0,False,
2026-05-14,TSRE,0.0,0.0,0.0,0.0,3.0,-3.0,5.0,False,5970.0,2.0,False,
2026-05-14,TSRI,0.0,0.0,0.0,0.0,3.0,-3.0,5.0,False,5971.0,2.0,False,
2026-05-14,TSRO,0.0,0.0,0.0,0.0,3.0,-3.0,5.0,False,5972.0,2.0,False,
2026-05-14,TSSI,0.0,0.0,0.0,0.0016566505345963628,3.0,13.566505345963627,5.0,True,985.0,4.0,True,
2026-05-14,TST,0.0,0.0,0.0,0.0,3.0,-3.0,5.0,False,5973.0,2.0,False,
2026-05-14,TSTC,0.0,0.0,0.0,0.0,3.0,-3.0,5.0,False,5974.0,2.0,False,
2026-05-14,TSTR,0.0,0.0,0.0,0.0,3.0,-3.0,5.0,False,5975.0,2.0,False,
2026-05-14,TSVT,0.0,0.0,0.0,0.0,3.0,-3.0,5.0,False,5976.0,2.0,False,
2026-05-14,TSVTV,0.0,0.0,0.0,0.0,3.0,-3.0,5.0,False,5977.0,2.0,False,
2026-05-14,TSYS,0.0,0.0,0.0,0.0,3.0,-3.0,5.0,False,5978.0,2.0,False,
2026-05-14,TTAN,0.0,0.0,0.0,-0.0014979527718440764,3.0,-17.979527718440764,5.0,False,6913.0,1.0,True,
2026-05-14,TTCF,0.0,0.0,0.0,0.0,3.0,-3.0,5.0,False,5979.0,2.0,False,
2026-05-14,TTD,0.0,0.0,0.0,-0.0002766200399436534,3.0,-5.766200399436534,5.0,False,6512.0,2.0,True,
2026-05-14,TTEC,0.0,0.0,0.0,0.001795194905373213,3.0,14.951949053732129,5.0,True,919.0,4.0,False,
2026-05-14,TTEK,0.0,0.0,0.0,-0.0022399327915330054,3.0,-25.399327915330055,5.0,False,7067.0,1.0,True,
2026-05-14,TTGT,0.0,-0.004464285714285714,0.004464285714285714,0.00025116340145776205,3.0,-0.48836598542237963,5.0,False,1846.0,3.0,False,"COVER because predicted alpha is in the cost-adjusted no-position band. Net alpha after estimated 3.0 bps trading cost is -0.49 bps versus threshold 5.00 bps. Main contributors were intraday_return, hl_range_20, mom_10. Price filter failed; liquidity filter passed."
2026-05-14,TTHI,0.0,0.0,0.0,0.0,3.0,-3.0,5.0,False,5980.0,2.0,False,
2026-05-14,TTMI,0.004457310267857143,0.004464285714285714,-6.975446428571404e-06,0.0078106970856129275,3.0,75.10697085612928,5.0,True,42.0,5.0,True,"SELL because predicted alpha is in the top decile. Net alpha after estimated 3.0 bps trading cost is 75.11 bps versus threshold 5.00 bps. Main contributors were mom_252, mom_21, mom_5. Price filter passed; liquidity filter passed."
2026-05-14,TTNP,0.0,0.0,0.0,0.0,3.0,-3.0,5.0,False,5981.0,2.0,False,
2026-05-14,TTOO,0.0,0.0,0.0,0.0,3.0,-3.0,5.0,False,5982.0,2.0,False,
2026-05-14,TTPH,0.0,0.0,0.0,0.0,3.0,-3.0,5.0,False,5983.0,2.0,False,
2026-05-14,TTRX,0.0,0.0,0.0,0.0024042651549080222,3.0,21.042651549080222,5.0,True,679.0,5.0,False,
2026-05-14,TTSH,0.0,0.0,0.0,0.0,3.0,-3.0,5.0,False,5984.0,2.0,False,
2026-05-14,TTWO,0.0,0.0,0.0,-0.0020143554873684275,3.0,-23.143554873684277,5.0,False,7025.0,1.0,True,
2026-05-14,TUBE,0.0,0.0,0.0,0.0,3.0,-3.0,5.0,False,5985.0,2.0,False,
2026-05-14,TUEM,0.0,0.0,0.0,0.0,3.0,-3.0,5.0,False,5986.0,2.0,False,
2026-05-14,TUES,0.0,0.0,0.0,0.0,3.0,-3.0,5.0,False,5987.0,2.0,False,
2026-05-14,TUGC,0.0,0.0,0.0,0.0,3.0,-3.0,5.0,False,5988.0,2.0,False,
2026-05-14,TULP,0.0,0.0,0.0,0.0015285648312981844,3.0,12.285648312981845,5.0,True,1056.0,4.0,False,
2026-05-14,TURN,0.0,0.0,0.0,0.0,3.0,-3.0,5.0,False,5989.0,2.0,False,
2026-05-14,TUSK,0.0,0.0,0.0,0.0048443326887862926,3.0,45.44332688786292,5.0,True,201.0,5.0,False,
2026-05-14,TVA,0.0,0.0,0.0,0.001123870176980274,3.0,8.238701769802741,5.0,True,1288.0,4.0,True,
2026-05-14,TVAC,0.0,0.0,0.0,0.0,3.0,-3.0,5.0,False,5990.0,2.0,False,
2026-05-14,TVAI,0.0,0.0,0.0,0.0,3.0,-3.0,5.0,False,5991.0,2.0,False,
2026-05-14,TVGN,-0.00078125,0.0,-0.00078125,-0.013894996880857989,3.0,135.94996880857988,5.0,True,7512.0,1.0,True,"SHORT because predicted alpha is in the bottom decile. Net alpha after estimated 3.0 bps trading cost is 135.95 bps versus threshold 5.00 bps. Main contributors were intraday_return, parkinson_vol_20, volume_z_60. Price filter passed; liquidity filter passed."
2026-05-14,TVIA,0.0,0.0,0.0,0.0,3.0,-3.0,5.0,False,5992.0,2.0,False,
2026-05-14,TVRD,0.0,0.0,0.0,-9.016841274647248e-05,3.0,-3.901684127464725,5.0,False,6417.0,2.0,False,
2026-05-14,TVTX,0.0,0.0,0.0,0.0018556507425831748,3.0,15.556507425831747,5.0,True,893.0,4.0,True,
2026-05-14,TVTY,0.0,0.0,0.0,0.0,3.0,-3.0,5.0,False,5993.0,2.0,False,
2026-05-14,TW,0.0,0.0,0.0,0.0015988428346116843,3.0,12.988428346116843,5.0,True,1010.0,4.0,True,
2026-05-14,TWAV,0.0,0.0,0.0,-0.001116176832776611,3.0,-14.161768327766111,5.0,False,6823.0,1.0,False,
2026-05-14,TWCB,0.0,0.0,0.0,0.0,3.0,-3.0,5.0,False,5994.0,2.0,False,
2026-05-14,TWCT,0.0,0.0,0.0,0.0,3.0,-3.0,5.0,False,5995.0,2.0,False,
2026-05-14,TWER,0.0,0.0,0.0,0.0,3.0,-3.0,5.0,False,5996.0,2.0,False,
2026-05-14,TWFG,0.0,0.0,0.0,0.0032644405053717973,3.0,29.644405053717975,5.0,True,441.0,5.0,True,
2026-05-14,TWG,0.0,0.0,0.0,9.356342315160757e-05,3.0,-2.064365768483924,5.0,False,1941.0,3.0,False,
2026-05-14,TWGP,0.0,0.0,0.0,0.0,3.0,-3.0,5.0,False,5997.0,2.0,False,
2026-05-14,TWIN,0.0,0.0,0.0,0.0024098048812402264,3.0,21.098048812402265,5.0,True,677.0,5.0,True,
2026-05-14,TWKS,0.0,0.0,0.0,0.0,3.0,-3.0,5.0,False,5998.0,2.0,False,
2026-05-14,TWLV,0.0,0.0,0.0,0.0,3.0,-3.0,5.0,False,5999.0,2.0,False,
2026-05-14,TWMC,0.0,0.0,0.0,0.0,3.0,-3.0,5.0,False,6000.0,2.0,False,
2026-05-14,TWNK,0.0,0.0,0.0,0.0,3.0,-3.0,5.0,False,6001.0,2.0,False,
2026-05-14,TWNP,0.0,0.0,0.0,0.0,3.0,-3.0,5.0,False,6002.0,2.0,False,
2026-05-14,TWNPV,0.0,0.0,0.0,0.0,3.0,-3.0,5.0,False,6003.0,2.0,False,
2026-05-14,TWOU,0.0,0.0,0.0,0.0,3.0,-3.0,5.0,False,6004.0,2.0,False,
2026-05-14,TWST,0.0,0.0,0.0,0.0018992439022627566,3.0,15.992439022627565,5.0,True,868.0,4.0,True,
2026-05-14,TWTC,0.0,0.0,0.0,0.0,3.0,-3.0,5.0,False,6005.0,2.0,False,
2026-05-14,TXAC,0.0,0.0,0.0,0.0,3.0,-3.0,5.0,False,6006.0,2.0,False,
2026-05-14,TXG,0.0,0.0,0.0,0.0005569400722997145,3.0,2.5694007229971456,5.0,False,1666.0,3.0,True,
2026-05-14,TXMD,0.0,0.0,0.0,0.0006325373605332658,3.0,3.3253736053326577,5.0,False,1616.0,3.0,False,
2026-05-14,TXN,0.0,0.0,0.0,0.003119712562353166,3.0,28.197125623531658,5.0,True,472.0,5.0,True,
2026-05-14,TXRH,0.0,0.0,0.0,0.0021345578143593612,3.0,18.345578143593613,5.0,True,793.0,4.0,True,
2026-05-14,TYDE,0.0,0.0,0.0,0.0,3.0,-3.0,5.0,False,6007.0,2.0,False,
2026-05-14,TYDEV,0.0,0.0,0.0,0.0,3.0,-3.0,5.0,False,6008.0,2.0,False,
2026-05-14,TYGO,0.0,0.0,0.0,0.0014341621402735197,3.0,11.341621402735196,5.0,True,1118.0,4.0,False,
2026-05-14,TYHT,0.0,0.0,0.0,0.0,3.0,-3.0,5.0,False,6009.0,2.0,False,
2026-05-14,TYME,0.0,0.0,0.0,0.0,3.0,-3.0,5.0,False,6010.0,2.0,False,
2026-05-14,TYPE,0.0,0.0,0.0,0.0,3.0,-3.0,5.0,False,6011.0,2.0,False,
2026-05-14,TYRA,0.0,0.0,0.0,0.002343942792983966,3.0,20.439427929839663,5.0,True,712.0,5.0,True,
2026-05-14,TZAC,0.0,0.0,0.0,0.0,3.0,-3.0,5.0,False,6012.0,2.0,False,
2026-05-14,TZOO,0.0,0.0,0.0,0.003912494233981852,3.0,36.12494233981852,5.0,True,314.0,5.0,True,
2026-05-14,TZPS,0.0,0.0,0.0,0.0,3.0,-3.0,5.0,False,6013.0,2.0,False,
2026-05-14,TZUP,0.0,0.0,0.0,0.0,3.0,-3.0,5.0,False,6014.0,2.0,False,
2026-05-14,UAL,0.0,0.0,0.0,0.0019141250774632043,3.0,16.14125077463204,5.0,True,863.0,4.0,True,
2026-05-14,UAUA,0.0,0.0,0.0,0.0,3.0,-3.0,5.0,False,6015.0,2.0,False,
2026-05-14,UBCP,0.0,0.0,0.0,0.0019586010978925716,3.0,16.586010978925717,5.0,True,846.0,4.0,True,
2026-05-14,UBFO,0.0,0.0,0.0,0.0,3.0,-3.0,5.0,False,6016.0,2.0,False,
2026-05-14,UBIC,0.0,0.0,0.0,0.0,3.0,-3.0,5.0,False,6017.0,2.0,False,
2026-05-14,UBNK,0.0,0.0,0.0,0.0,3.0,-3.0,5.0,False,6018.0,2.0,False,
2026-05-14,UBNT,0.0,0.0,0.0,0.0,3.0,-3.0,5.0,False,6019.0,2.0,False,
2026-05-14,UBOH,0.0,0.0,0.0,0.0,3.0,-3.0,5.0,False,6020.0,2.0,False,
2026-05-14,UBSH,0.0,0.0,0.0,0.0,3.0,-3.0,5.0,False,6021.0,2.0,False,
2026-05-14,UBSI,0.0,0.0,0.0,0.001019892269507586,3.0,7.198922695075861,5.0,True,1360.0,4.0,True,
2026-05-14,UBX,0.0,0.0,0.0,0.0,3.0,-3.0,5.0,False,6022.0,2.0,False,
2026-05-14,UBXG,0.0,0.0,0.0,-0.025490879141264293,3.0,-257.9087914126429,5.0,False,7563.0,1.0,False,
2026-05-14,UCAR,0.0,0.0,0.0,-0.011094183284859088,3.0,-113.94183284859088,5.0,False,7495.0,1.0,False,
2026-05-14,UCBA,0.0,0.0,0.0,0.0,3.0,-3.0,5.0,False,6023.0,2.0,False,
2026-05-14,UCBI,0.0,0.0,0.0,0.0,3.0,-3.0,5.0,False,6024.0,2.0,False,
2026-05-14,UCBIO,0.0,0.0,0.0,0.0,3.0,-3.0,5.0,False,6025.0,2.0,False,
2026-05-14,UCFC,0.0,0.0,0.0,0.0,3.0,-3.0,5.0,False,6026.0,2.0,False,
2026-05-14,UCFI,0.0,0.0,0.0,0.0,3.0,-3.0,5.0,False,6027.0,2.0,False,
2026-05-14,UCTT,0.0,0.0,0.0,0.0033342644637421957,3.0,30.342644637421955,5.0,True,422.0,5.0,True,
2026-05-14,UDF,0.0,0.0,0.0,0.0,3.0,-3.0,5.0,False,6028.0,2.0,False,
2026-05-14,UDFD.V,0.0,0.0,0.0,0.0,3.0,-3.0,5.0,False,6029.0,2.0,False,
2026-05-14,UDMY,0.0,0.0,0.0,0.0,3.0,-3.0,5.0,False,6030.0,2.0,False,
2026-05-14,UEIC,0.0,0.0,0.0,-0.0020001676569288075,3.0,-23.001676569288076,5.0,False,7017.0,1.0,False,
2026-05-14,UFCS,0.0,0.0,0.0,0.0014897889769448613,3.0,11.897889769448613,5.0,True,1075.0,4.0,True,
2026-05-14,UFG,0.0,0.0,0.0,0.0007170132763638691,3.0,4.170132763638692,5.0,False,1558.0,3.0,False,
2026-05-14,UFPI,0.0,0.0,0.0,-0.0006671794025744527,3.0,-9.671794025744527,5.0,False,6685.0,2.0,True,
2026-05-14,UFPT,0.0,0.0,0.0,0.001672425851842987,3.0,13.72425851842987,5.0,True,978.0,4.0,True,
2026-05-14,UG,0.0,0.0,0.0,0.0014409404379581016,3.0,11.409404379581016,5.0,True,1115.0,4.0,True,
2026-05-14,UGRO,0.0,0.0,0.0,-0.005851250395266734,3.0,-61.51250395266734,5.0,False,7374.0,1.0,True,
2026-05-14,UHG,0.0,0.0,0.0,0.0,3.0,-3.0,5.0,False,6031.0,2.0,False,
2026-05-14,UIHC,0.0,0.0,0.0,0.0,3.0,-3.0,5.0,False,6032.0,2.0,False,
2026-05-14,UK,0.0,0.0,0.0,-0.023534909633165717,3.0,-238.34909633165717,5.0,False,7553.0,1.0,False,
2026-05-14,ULBI,0.0,0.0,0.0,0.00012193126228793247,3.0,-1.7806873771206753,5.0,False,1923.0,3.0,True,
2026-05-14,ULCC,0.0,0.0,0.0,-0.0010868178338072037,3.0,-13.868178338072038,5.0,False,6816.0,2.0,False,
2026-05-14,ULH,0.0,0.0,0.0,-0.003327292204670775,3.0,-36.27292204670775,5.0,False,7208.0,1.0,True,
2026-05-14,ULTA,0.0,0.0,0.0,-3.1033988093560707e-05,3.0,-3.310339880935607,5.0,False,6396.0,2.0,True,
2026-05-14,ULY,0.0,0.0,0.0,0.0,3.0,-3.0,5.0,False,6033.0,2.0,False,
2026-05-14,UMBF,0.0,0.0,0.0,-0.0002579546927819958,3.0,-5.579546927819958,5.0,False,6506.0,2.0,True,
2026-05-14,UMPQ,0.0,0.0,0.0,0.0,3.0,-3.0,5.0,False,6034.0,2.0,False,
2026-05-14,UMRX,0.0,0.0,0.0,0.0,3.0,-3.0,5.0,False,6035.0,2.0,False,
2026-05-14,UNAM,0.0,0.0,0.0,0.0,3.0,-3.0,5.0,False,6036.0,2.0,False,
2026-05-14,UNB,0.0,0.0,0.0,-0.0005564693989936263,3.0,-8.564693989936263,5.0,False,6645.0,2.0,True,
2026-05-14,UNCY,0.0,0.0,0.0,0.0014208254041207246,3.0,11.208254041207246,5.0,True,1123.0,4.0,True,
2026-05-14,UNIS,0.0,0.0,0.0,0.0,3.0,-3.0,5.0,False,6037.0,2.0,False,
2026-05-14,UNIT,0.0,0.0,0.0,0.0017019798234087465,3.0,14.019798234087464,5.0,True,959.0,4.0,True,
2026-05-14,UNTD,0.0,0.0,0.0,0.0,3.0,-3.0,5.0,False,6038.0,2.0,False,
2026-05-14,UNTK,0.0,0.0,0.0,0.0,3.0,-3.0,5.0,False,6039.0,2.0,False,
2026-05-14,UNTY,0.0,0.0,0.0,0.0012167125764646779,3.0,9.167125764646778,5.0,True,1237.0,4.0,True,
2026-05-14,UNXL,0.0,0.0,0.0,0.0,3.0,-3.0,5.0,False,6040.0,2.0,False,
2026-05-14,UOKA,0.0,0.0,0.0,0.0,3.0,-3.0,5.0,False,6041.0,2.0,False,
2026-05-14,UONE,0.0,0.0,0.0,-0.005663506485282765,3.0,-59.63506485282765,5.0,False,7364.0,1.0,True,
2026-05-14,UONEK,0.0,0.0,0.0,-0.0004971725539751936,3.0,-7.971725539751936,5.0,False,6628.0,2.0,True,
2026-05-14,UPB,0.0,0.0,0.0,0.0037685671824126466,3.0,34.685671824126466,5.0,True,342.0,5.0,True,
2026-05-14,UPBD,0.0,0.0,0.0,0.0010240805789844016,3.0,7.240805789844016,5.0,True,1354.0,4.0,True,
2026-05-14,UPC,0.0,0.0,0.0,0.0004246564741655335,3.0,1.2465647416553347,5.0,False,1760.0,3.0,False,
2026-05-14,UPI,0.0,0.0,0.0,0.0,3.0,-3.0,5.0,False,6042.0,2.0,False,
2026-05-14,UPIP,0.0,0.0,0.0,0.0,3.0,-3.0,5.0,False,6043.0,2.0,False,
2026-05-14,UPL,0.0,0.0,0.0,0.0,3.0,-3.0,5.0,False,6044.0,2.0,False,
2026-05-14,UPLD,0.0,0.0,0.0,-0.009663352842182588,3.0,-99.63352842182587,5.0,False,7472.0,1.0,False,
2026-05-14,UPST,0.0,0.0,0.0,-0.0019227560256939579,3.0,-22.22756025693958,5.0,False,7000.0,1.0,True,
2026-05-14,UPTD,0.0,0.0,0.0,0.0,3.0,-3.0,5.0,False,6045.0,2.0,False,
2026-05-14,UPWK,-0.003676060267857143,-0.004464285714285714,0.0007882254464285712,-0.00030560244220496235,3.0,0.056024422049623546,5.0,False,6536.0,2.0,True,"COVER because predicted alpha is in the bottom decile. Net alpha after estimated 3.0 bps trading cost is 0.06 bps versus threshold 5.00 bps. Main contributors were mom_5, mom_21, mom_63. Price filter passed; liquidity filter passed."
2026-05-14,UPXI,0.0,0.0,0.0,-0.0017799188914874172,3.0,-20.799188914874172,5.0,False,6966.0,1.0,False,
2026-05-14,URBN,0.0,0.0,0.0,0.0011079316178368313,3.0,8.079316178368313,5.0,True,1301.0,4.0,True,
2026-05-14,UREE,0.0,0.0,0.0,0.0,3.0,-3.0,5.0,False,6046.0,2.0,False,
2026-05-14,URGN,0.004457310267857143,0.004464285714285714,-6.975446428571404e-06,0.0068473021919730655,3.0,65.47302191973066,5.0,True,70.0,5.0,True,"SELL because predicted alpha is in the top decile. Net alpha after estimated 3.0 bps trading cost is 65.47 bps versus threshold 5.00 bps. Main contributors were intraday_return, mom_5, mom_21. Price filter passed; liquidity filter passed."
2026-05-14,UROV,0.0,0.0,0.0,0.0,3.0,-3.0,5.0,False,6047.0,2.0,False,
2026-05-14,UROY,0.0,0.0,0.0,0.0036368518953647493,3.0,33.368518953647495,5.0,True,361.0,5.0,False,
2026-05-14,URRE,0.0,0.0,0.0,0.0,3.0,-3.0,5.0,False,6048.0,2.0,False,
2026-05-14,USAK,0.0,0.0,0.0,0.0,3.0,-3.0,5.0,False,6049.0,2.0,False,
2026-05-14,USAP,0.0,0.0,0.0,0.0,3.0,-3.0,5.0,False,6050.0,2.0,False,
2026-05-14,USAR,0.0,0.0,0.0,0.004722775324064442,3.0,44.227753240644425,5.0,True,211.0,5.0,True,
2026-05-14,USAT,0.0,0.0,0.0,0.0,3.0,-3.0,5.0,False,6051.0,2.0,False,
2026-05-14,USAT.P,0.0,0.0,0.0,0.0,3.0,-3.0,5.0,False,6052.0,2.0,False,
2026-05-14,USAU,0.0,0.0,0.0,0.0034501794799376238,3.0,31.501794799376235,5.0,True,400.0,5.0,True,
2026-05-14,USBI,0.0,0.0,0.0,0.0,3.0,-3.0,5.0,False,6053.0,2.0,False,
2026-05-14,USCB,0.0,0.0,0.0,-0.0010529793325743796,3.0,-13.529793325743796,5.0,False,6810.0,2.0,True,
2026-05-14,USCR,0.0,0.0,0.0,0.0,3.0,-3.0,5.0,False,6054.0,2.0,False,
2026-05-14,USCT,0.0,0.0,0.0,0.0,3.0,-3.0,5.0,False,6055.0,2.0,False,
2026-05-14,USEA,0.0,0.0,0.0,0.003499623948539268,3.0,31.996239485392678,5.0,True,390.0,5.0,False,
2026-05-14,USEG,0.0,0.0,0.0,6.264774839857723e-05,3.0,-2.3735225160142277,5.0,False,1958.0,3.0,False,
2026-05-14,USGO,0.0,0.0,0.0,-0.0002836901171884488,3.0,-5.836901171884488,5.0,False,6518.0,2.0,True,
2026-05-14,USIO,0.0,0.0,0.0,-0.006652536047131131,3.0,-69.52536047131132,5.0,False,7407.0,1.0,False,
2026-05-14,USLM,0.0,0.0,0.0,0.001402273420412969,3.0,11.02273420412969,5.0,True,1134.0,4.0,True,
2026-05-14,USMO,0.0,0.0,0.0,0.0,3.0,-3.0,5.0,False,6056.0,2.0,False,
2026-05-14,USTR,0.0,0.0,0.0,0.0,3.0,-3.0,5.0,False,6057.0,2.0,False,
2026-05-14,USWS,0.0,0.0,0.0,0.0,3.0,-3.0,5.0,False,6058.0,2.0,False,
2026-05-14,UTAA,0.0,0.0,0.0,0.0,3.0,-3.0,5.0,False,6059.0,2.0,False,
2026-05-14,UTEK,0.0,0.0,0.0,0.0,3.0,-3.0,5.0,False,6060.0,2.0,False,
2026-05-14,UTHR,0.0,0.0,0.0,0.001978193154783918,3.0,16.78193154783918,5.0,True,838.0,4.0,True,
2026-05-14,UTIW,0.0,0.0,0.0,0.0,3.0,-3.0,5.0,False,6061.0,2.0,False,
2026-05-14,UTMD,0.0,0.0,0.0,0.0025576861463810553,3.0,22.576861463810552,5.0,True,619.0,5.0,True,
2026-05-14,UTME,0.0,0.0,0.0,0.0,3.0,-3.0,5.0,False,6062.0,2.0,False,
2026-05-14,UTRS,0.0,0.0,0.0,0.0,3.0,-3.0,5.0,False,6063.0,2.0,False,
2026-05-14,UTSI,0.0,0.0,0.0,0.005666144521426443,3.0,53.66144521426443,5.0,True,120.0,5.0,False,
2026-05-14,UVSP,0.0,0.0,0.0,-0.0002373687161743178,3.0,-5.373687161743177,5.0,False,6493.0,2.0,True,
2026-05-14,UYSC,0.0,0.0,0.0,0.0002765160667691463,3.0,-0.23483933230853715,5.0,False,1834.0,3.0,True,
2026-05-14,VA,0.0,0.0,0.0,0.0,3.0,-3.0,5.0,False,6064.0,2.0,False,
2026-05-14,VABK,0.0,0.0,0.0,0.0018960804781172254,3.0,15.960804781172254,5.0,True,869.0,4.0,True,
2026-05-14,VACH,0.0,0.0,0.0,-0.010276123149471102,3.0,-105.76123149471103,5.0,False,7484.0,1.0,True,
2026-05-14,VACQ,0.0,0.0,0.0,0.0,3.0,-3.0,5.0,False,6065.0,2.0,False,
2026-05-14,VALU,0.0,0.0,0.0,0.0011827477899202512,3.0,8.827477899202512,5.0,True,1257.0,4.0,True,
2026-05-14,VANI,0.0,0.0,0.0,-0.0019183019207908074,3.0,-22.183019207908075,5.0,False,6998.0,1.0,False,
2026-05-14,VAPE,0.0,0.0,0.0,0.0,3.0,-3.0,5.0,False,6066.0,2.0,False,
2026-05-14,VAQC,0.0,0.0,0.0,0.0,3.0,-3.0,5.0,False,6067.0,2.0,False,
2026-05-14,VASC,0.0,0.0,0.0,0.0,3.0,-3.0,5.0,False,6068.0,2.0,False,
2026-05-14,VAXX,0.0,0.0,0.0,0.0,3.0,-3.0,5.0,False,6069.0,2.0,False,
2026-05-14,VBAY,0.0,0.0,0.0,0.0,3.0,-3.0,5.0,False,6070.0,2.0,False,
2026-05-14,VBFC,0.0,0.0,0.0,0.0,3.0,-3.0,5.0,False,6071.0,2.0,False,
2026-05-14,VBIO,0.0,0.0,0.0,0.0008653885253084919,3.0,5.653885253084919,5.0,True,1464.0,4.0,False,
2026-05-14,VBIV,0.0,0.0,0.0,0.0,3.0,-3.0,5.0,False,6072.0,2.0,False,
2026-05-14,VBIX,0.0,0.0,0.0,0.0,3.0,-3.0,5.0,False,6073.0,2.0,False,
2026-05-14,VBLT,0.0,0.0,0.0,0.0,3.0,-3.0,5.0,False,6074.0,2.0,False,
2026-05-14,VBLX,0.0,0.0,0.0,0.0,3.0,-3.0,5.0,False,6075.0,2.0,False,
2026-05-14,VBNK,0.0,0.0,0.0,0.0007959394094125272,3.0,4.959394094125272,5.0,False,1509.0,4.0,True,
2026-05-14,VBOC,0.0,0.0,0.0,0.0,3.0,-3.0,5.0,False,6076.0,2.0,False,
2026-05-14,VBTX,0.0,0.0,0.0,0.0,3.0,-3.0,5.0,False,6077.0,2.0,False,
2026-05-14,VC,0.0,0.0,0.0,0.004617460424563548,3.0,43.17460424563548,5.0,True,221.0,5.0,True,
2026-05-14,VCEL,0.0,0.0,0.0,0.001290886665874797,3.0,9.90886665874797,5.0,True,1192.0,4.0,True,
2026-05-14,VCIC,0.0,0.0,0.0,0.0,3.0,-3.0,5.0,False,6078.0,2.0,False,
2026-05-14,VCIG,0.0,0.0,0.0,-0.00012630944265403182,3.0,-4.263094426540318,5.0,False,6436.0,2.0,False,
2026-05-14,VCKA,0.0,0.0,0.0,0.0,3.0,-3.0,5.0,False,6079.0,2.0,False,
2026-05-14,VCLK,0.0,0.0,0.0,0.0,3.0,-3.0,5.0,False,6080.0,2.0,False,
2026-05-14,VCNX,0.0,0.0,0.0,0.0,3.0,-3.0,5.0,False,6081.0,2.0,False,
2026-05-14,VCSA,0.0,0.0,0.0,0.0,3.0,-3.0,5.0,False,6082.0,2.0,False,
2026-05-14,VCTR,0.0,0.0,0.0,0.0036429601816344846,3.0,33.42960181634484,5.0,True,360.0,5.0,True,
2026-05-14,VCVC,0.0,0.0,0.0,0.0,3.0,-3.0,5.0,False,6083.0,2.0,False,
2026-05-14,VCXA,0.0,0.0,0.0,0.0,3.0,-3.0,5.0,False,6084.0,2.0,False,
2026-05-14,VCYT,0.0,0.0,0.0,-0.0007027819623453081,3.0,-10.02781962345308,5.0,False,6700.0,2.0,True,
2026-05-14,VDSI,0.0,0.0,0.0,0.0,3.0,-3.0,5.0,False,6085.0,2.0,False,
2026-05-14,VEAC,0.0,0.0,0.0,0.0,3.0,-3.0,5.0,False,6086.0,2.0,False,
2026-05-14,VECO,0.004457310267857143,0.004464285714285714,-6.975446428571404e-06,0.006234871146057606,3.0,59.348711460576055,5.0,True,94.0,5.0,True,"SELL because predicted alpha is in the top decile. Net alpha after estimated 3.0 bps trading cost is 59.35 bps versus threshold 5.00 bps. Main contributors were intraday_return, parkinson_vol_20, mom_21. Price filter passed; liquidity filter passed."
2026-05-14,VECT,0.0,0.0,0.0,0.0,3.0,-3.0,5.0,False,6087.0,2.0,False,
2026-05-14,VEDU,0.0,0.0,0.0,0.0,3.0,-3.0,5.0,False,6088.0,2.0,False,
2026-05-14,VEEA,0.0,0.0,0.0,-0.0034963038242569653,3.0,-37.96303824256965,5.0,False,7229.0,1.0,False,
2026-05-14,VEEE,0.0,0.0,0.0,-0.006447458295032322,3.0,-67.47458295032322,5.0,False,7399.0,1.0,True,
2026-05-14,VELO,-0.0028948102678571425,-0.004464285714285714,0.0015694754464285715,0.007641591443350482,3.0,-79.41591443350482,5.0,False,49.0,5.0,True,"COVER because predicted alpha is in the bottom decile. Net alpha after estimated 3.0 bps trading cost is -79.42 bps versus threshold 5.00 bps. Main contributors were parkinson_vol_20, mom_126, mom_10. Price filter passed; liquidity filter passed."
2026-05-14,VENA,0.0,0.0,0.0,0.0,3.0,-3.0,5.0,False,6089.0,2.0,False,
2026-05-14,VERA,-0.003676060267857143,-0.004464285714285714,0.0007882254464285712,0.000479239194119376,3.0,-7.7923919411937606,5.0,False,1722.0,3.0,True,"COVER because predicted alpha is in the bottom decile. Net alpha after estimated 3.0 bps trading cost is -7.79 bps versus threshold 5.00 bps. Main contributors were operating_margin, hl_range_20, mom_10. Price filter passed; liquidity filter passed."
2026-05-14,VERB,0.0,0.0,0.0,0.0,3.0,-3.0,5.0,False,6090.0,2.0,False,
2026-05-14,VERI,0.0,0.0,0.0,-0.0015108809371248643,3.0,-18.108809371248643,5.0,False,6917.0,1.0,False,
2026-05-14,VERO,0.0,0.0,0.0,0.0,3.0,-3.0,5.0,False,6091.0,2.0,False,
2026-05-14,VERU,0.0,0.0,0.0,-0.0017754719921525984,3.0,-20.754719921525982,5.0,False,6962.0,1.0,False,
2026-05-14,VERV,0.0,0.0,0.0,0.0,3.0,-3.0,5.0,False,6092.0,2.0,False,
2026-05-14,VERX,0.0,0.0,0.0,0.0007918472651766265,3.0,4.9184726517662645,5.0,False,1511.0,4.0,True,
2026-05-14,VERY,0.0,0.0,0.0,0.0,3.0,-3.0,5.0,False,6093.0,2.0,False,
2026-05-14,VEV,0.0,0.0,0.0,0.0,3.0,-3.0,5.0,False,6094.0,2.0,False,
2026-05-14,VFF,0.0,0.0,0.0,0.0028996122574412838,3.0,25.996122574412837,5.0,True,525.0,5.0,False,
2026-05-14,VFS,0.0,0.0,0.0,0.0022607797347925333,3.0,19.607797347925334,5.0,True,750.0,5.0,False,
2026-05-14,VGAS,0.0,0.0,0.0,0.00398689421060244,3.0,36.868942106024406,5.0,True,306.0,5.0,False,
2026-05-14,VGFC,0.0,0.0,0.0,0.0,3.0,-3.0,5.0,False,6095.0,2.0,False,
2026-05-14,VGGL,0.0,0.0,0.0,0.0,3.0,-3.0,5.0,False,6096.0,2.0,False,
2026-05-14,VHC,0.0,0.0,0.0,0.0025565151248055033,3.0,22.56515124805503,5.0,True,620.0,5.0,True,
2026-05-14,VHCP,0.0,0.0,0.0,-0.0016950079963862366,3.0,-19.95007996386237,5.0,False,6948.0,1.0,True,
2026-05-14,VHNA,0.0,0.0,0.0,0.0,3.0,-3.0,5.0,False,6097.0,2.0,False,
2026-05-14,VHUB,0.0,0.0,0.0,-0.006923408317411955,3.0,-72.23408317411955,5.0,False,7414.0,1.0,False,
2026-05-14,VIAB,0.0,0.0,0.0,0.0,3.0,-3.0,5.0,False,6098.0,2.0,False,
2026-05-14,VIAS,0.0,0.0,0.0,0.0,3.0,-3.0,5.0,False,6099.0,2.0,False,
2026-05-14,VIAV,0.004457310267857143,0.004464285714285714,-6.975446428571404e-06,0.007368643099955771,3.0,70.68643099955771,5.0,True,53.0,5.0,True,"SELL because predicted alpha is in the top decile. Net alpha after estimated 3.0 bps trading cost is 70.69 bps versus threshold 5.00 bps. Main contributors were mom_252, mom_63, mom_21. Price filter passed; liquidity filter passed."
2026-05-14,VICL,0.0,0.0,0.0,0.0,3.0,-3.0,5.0,False,6100.0,2.0,False,
2026-05-14,VICR,0.004457310267857143,0.004464285714285714,-6.975446428571404e-06,0.009172256169785559,3.0,88.7225616978556,5.0,True,22.0,5.0,True,"SELL because predicted alpha is in the top decile. Net alpha after estimated 3.0 bps trading cost is 88.72 bps versus threshold 5.00 bps. Main contributors were intraday_return, mom_252, mom_21. Price filter passed; liquidity filter passed."
2026-05-14,VIDE,0.0,0.0,0.0,0.0,3.0,-3.0,5.0,False,6101.0,2.0,False,
2026-05-14,VIE,0.0,0.0,0.0,0.0,3.0,-3.0,5.0,False,6102.0,2.0,False,
2026-05-14,VIEW,0.0,0.0,0.0,0.0,3.0,-3.0,5.0,False,6103.0,2.0,False,
2026-05-14,VIGL,0.0,0.0,0.0,0.0,3.0,-3.0,5.0,False,6104.0,2.0,False,
2026-05-14,VIH,0.0,0.0,0.0,0.0,3.0,-3.0,5.0,False,6105.0,2.0,False,
2026-05-14,VII,0.0,0.0,0.0,0.0,3.0,-3.0,5.0,False,6106.0,2.0,False,
2026-05-14,VIMC,0.0,0.0,0.0,0.0,3.0,-3.0,5.0,False,6107.0,2.0,False,
2026-05-14,VINC,0.0,0.0,0.0,0.0,3.0,-3.0,5.0,False,6108.0,2.0,False,
2026-05-14,VINO,0.0,0.0,0.0,0.0,3.0,-3.0,5.0,False,6109.0,2.0,False,
2026-05-14,VINP,-0.003676060267857143,-0.004464285714285714,0.0007882254464285712,0.0018056643339925708,3.0,-21.056643339925706,5.0,False,913.0,4.0,True,"COVER because predicted alpha is in the bottom decile. Net alpha after estimated 3.0 bps trading cost is -21.06 bps versus threshold 5.00 bps. Main contributors were hl_range_20, volatility_20, close_to_low_20. Price filter passed; liquidity filter failed."
2026-05-14,VIR,0.0,0.0,0.0,0.0038008078142218304,3.0,35.0080781422183,5.0,True,336.0,5.0,True,
2026-05-14,VIRC,0.0,0.0,0.0,0.0012930169860764778,3.0,9.930169860764778,5.0,True,1191.0,4.0,True,
2026-05-14,VIRI,0.0,0.0,0.0,0.0,3.0,-3.0,5.0,False,6110.0,2.0,False,
2026-05-14,VIRX,0.0,0.0,0.0,0.0,3.0,-3.0,5.0,False,6111.0,2.0,False,
2026-05-14,VISL,0.0,0.0,0.0,0.0,3.0,-3.0,5.0,False,6112.0,2.0,False,
2026-05-14,VISN,0.0,0.0,0.0,0.0014610564319169537,3.0,11.610564319169537,5.0,True,1093.0,4.0,True,
2026-05-14,VITA,0.0,0.0,0.0,0.0,3.0,-3.0,5.0,False,6113.0,2.0,False,
2026-05-14,VITC,0.0,0.0,0.0,0.0,3.0,-3.0,5.0,False,6114.0,2.0,False,
2026-05-14,VITL,0.0,0.0,0.0,0.00023749795422426612,3.0,-0.6250204577573388,5.0,False,1856.0,3.0,True,
2026-05-14,VIVE,0.0,0.0,0.0,0.0,3.0,-3.0,5.0,False,6115.0,2.0,False,
2026-05-14,VIVK,0.0,0.0,0.0,-0.007248162896527264,3.0,-75.48162896527263,5.0,False,7426.0,1.0,False,
2026-05-14,VIVO,0.0,0.0,0.0,-0.0036648573792228177,3.0,-39.64857379222818,5.0,False,7243.0,1.0,False,
2026-05-14,VIVS,0.0,0.0,0.0,1.3654464441854755e-05,3.0,-2.8634553555814524,5.0,False,1978.0,3.0,False,
2026-05-14,VKTX,0.0,0.0,0.0,0.0008824681407196305,3.0,5.824681407196305,5.0,True,1451.0,4.0,True,
2026-05-14,VKTX.W,0.0,0.0,0.0,0.0,3.0,-3.0,5.0,False,6116.0,2.0,False,
2026-05-14,VLAT,0.0,0.0,0.0,0.0,3.0,-3.0,5.0,False,6117.0,2.0,False,
2026-05-14,VLCC.F,0.0,0.0,0.0,0.0,3.0,-3.0,5.0,False,6118.0,2.0,False,
2026-05-14,VLCN,0.0,0.0,0.0,0.0,3.0,-3.0,5.0,False,6119.0,2.0,False,
2026-05-14,VLDR,0.0,0.0,0.0,0.0,3.0,-3.0,5.0,False,6120.0,2.0,False,
2026-05-14,VLGEA,0.0,0.0,0.0,0.002087330526517808,3.0,17.873305265178082,5.0,True,803.0,4.0,True,
2026-05-14,VLNC,0.0,0.0,0.0,0.0,3.0,-3.0,5.0,False,6121.0,2.0,False,
2026-05-14,VLNS,0.0,0.0,0.0,0.0,3.0,-3.0,5.0,False,6122.0,2.0,False,
2026-05-14,VLON,0.0,0.0,0.0,0.0,3.0,-3.0,5.0,False,6123.0,2.0,False,
2026-05-14,VLRX,0.0,0.0,0.0,0.0,3.0,-3.0,5.0,False,6124.0,2.0,False,
2026-05-14,VLTC,0.0,0.0,0.0,0.0,3.0,-3.0,5.0,False,6125.0,2.0,False,
2026-05-14,VLTR,0.0,0.0,0.0,0.0,3.0,-3.0,5.0,False,6126.0,2.0,False,
2026-05-14,VLY,0.0,0.0,0.0,0.0019415687860499854,3.0,16.415687860499855,5.0,True,856.0,4.0,True,
2026-05-14,VLYW.W,0.0,0.0,0.0,0.0,3.0,-3.0,5.0,False,6127.0,2.0,False,
2026-05-14,VMAC,0.0,0.0,0.0,0.0,3.0,-3.0,5.0,False,6128.0,2.0,False,
2026-05-14,VMAR,0.0,0.0,0.0,0.002532389236410925,3.0,22.323892364109252,5.0,True,630.0,5.0,False,
2026-05-14,VMCA,0.0,0.0,0.0,0.0,3.0,-3.0,5.0,False,6129.0,2.0,False,
2026-05-14,VMD,0.0,0.0,0.0,0.0015508579382009073,3.0,12.508579382009072,5.0,True,1037.0,4.0,True,
2026-05-14,VMED,0.0,0.0,0.0,0.0,3.0,-3.0,5.0,False,6130.0,2.0,False,
2026-05-14,VMEO,0.0,0.0,0.0,0.0,3.0,-3.0,5.0,False,6131.0,2.0,False,
2026-05-14,VMET,0.00078125,0.0,0.00078125,0.005402952814651231,3.0,51.02952814651231,5.0,True,147.0,5.0,True,"BUY because predicted alpha is in the top decile. Net alpha after estimated 3.0 bps trading cost is 51.03 bps versus threshold 5.00 bps. Main contributors were intraday_return, parkinson_vol_20, volume_z_60. Price filter passed; liquidity filter passed."
2026-05-14,VMGA,0.0,0.0,0.0,0.0,3.0,-3.0,5.0,False,6132.0,2.0,False,
2026-05-14,VNCE,0.0,0.0,0.0,0.003177187462103639,3.0,28.77187462103639,5.0,True,463.0,5.0,False,
2026-05-14,VNDA,0.0,0.0,0.0,1.2496387543277705e-05,3.0,-2.875036124567223,5.0,False,1980.0,3.0,True,
2026-05-14,VNME,0.0,0.0,0.0,-0.0004374736688923511,3.0,-7.374736688923511,5.0,False,6599.0,2.0,True,
2026-05-14,VNOM,0.0,0.0,0.0,0.0036579632068877016,3.0,33.57963206887702,5.0,True,356.0,5.0,True,
2026-05-14,VNR,0.0,0.0,0.0,0.0,3.0,-3.0,5.0,False,6133.0,2.0,False,
2026-05-14,VOCS,0.0,0.0,0.0,0.0,3.0,-3.0,5.0,False,6134.0,2.0,False,
2026-05-14,VOLC,0.0,0.0,0.0,0.0,3.0,-3.0,5.0,False,6135.0,2.0,False,
2026-05-14,VOR,0.0,0.0,0.0,0.0023132685501433695,3.0,20.132685501433695,5.0,True,725.0,5.0,True,
2026-05-14,VORB,0.0,0.0,0.0,0.0,3.0,-3.0,5.0,False,6136.0,2.0,False,
2026-05-14,VOSO,0.0,0.0,0.0,0.0,3.0,-3.0,5.0,False,6137.0,2.0,False,
2026-05-14,VOXR,0.0,0.0,0.0,0.0024073688038754974,3.0,21.073688038754973,5.0,True,678.0,5.0,True,
2026-05-14,VOXX,0.0,0.0,0.0,0.0,3.0,-3.0,5.0,False,6138.0,2.0,False,
2026-05-14,VPCB,0.0,0.0,0.0,0.0,3.0,-3.0,5.0,False,6139.0,2.0,False,
2026-05-14,VPCO,0.0,0.0,0.0,0.0,3.0,-3.0,5.0,False,6140.0,2.0,False,
2026-05-14,VPCO.U,0.0,0.0,0.0,0.0,3.0,-3.0,5.0,False,6141.0,2.0,False,
2026-05-14,VPFG,0.0,0.0,0.0,0.0,3.0,-3.0,5.0,False,6142.0,2.0,False,
2026-05-14,VPHM,0.0,0.0,0.0,0.0,3.0,-3.0,5.0,False,6143.0,2.0,False,
2026-05-14,VPRT,0.0,0.0,0.0,0.0,3.0,-3.0,5.0,False,6144.0,2.0,False,
2026-05-14,VQS,0.0,0.0,0.0,0.0,3.0,-3.0,5.0,False,6145.0,2.0,False,
2026-05-14,VRA,0.0,0.0,0.0,-0.00044700539431414383,3.0,-7.470053943141438,5.0,False,6603.0,2.0,False,
2026-05-14,VRAR,0.0,0.0,0.0,0.0,3.0,-3.0,5.0,False,6146.0,2.0,False,
2026-05-14,VRAX,0.0,0.0,0.0,-0.004517440838673036,3.0,-48.174408386730356,5.0,False,7305.0,1.0,False,
2026-05-14,VRAY,0.0,0.0,0.0,0.0,3.0,-3.0,5.0,False,6147.0,2.0,False,
2026-05-14,VRCA,-0.003676060267857143,-0.004464285714285714,0.0007882254464285712,0.0023050313585971124,3.0,-26.050313585971125,5.0,False,729.0,5.0,True,"COVER because predicted alpha is in the bottom decile. Net alpha after estimated 3.0 bps trading cost is -26.05 bps versus threshold 5.00 bps. Main contributors were mom_5, mom_126, mom_1. Price filter passed; liquidity filter failed."
2026-05-14,VRDN,0.0,0.0,0.0,0.002461009445005429,3.0,21.610094450054287,5.0,True,654.0,5.0,True,
2026-05-14,VREX,-0.003676060267857143,-0.004464285714285714,0.0007882254464285712,-0.001251679224259923,3.0,9.51679224259923,5.0,True,6858.0,1.0,True,"COVER because predicted alpha is in the bottom decile. Net alpha after estimated 3.0 bps trading cost is 9.52 bps versus threshold 5.00 bps. Main contributors were mom_5, volume_z_60, mom_21. Price filter passed; liquidity filter passed."
2026-05-14,VRGY,0.0,0.0,0.0,0.0,3.0,-3.0,5.0,False,6148.0,2.0,False,
2026-05-14,VRM,0.0,0.0,0.0,-0.0011843291659218806,3.0,-14.843291659218806,5.0,False,6841.0,1.0,True,
2026-05-14,VRME,0.0,0.0,0.0,3.751074587816e-05,3.0,-2.6248925412184,5.0,False,1967.0,3.0,False,
2026-05-14,VRML,0.0,0.0,0.0,0.0,3.0,-3.0,5.0,False,6149.0,2.0,False,
2026-05-14,VRNG,0.0,0.0,0.0,0.0,3.0,-3.0,5.0,False,6150.0,2.0,False,
2026-05-14,VRNG.W,0.0,0.0,0.0,0.0,3.0,-3.0,5.0,False,6151.0,2.0,False,
2026-05-14,VRNS,0.0,0.0,0.0,0.0013692249960519098,3.0,10.6922499605191,5.0,True,1155.0,4.0,True,
2026-05-14,VRNT,0.0,0.0,0.0,0.0,3.0,-3.0,5.0,False,6152.0,2.0,False,
2026-05-14,VRNTV,0.0,0.0,0.0,0.0,3.0,-3.0,5.0,False,6153.0,2.0,False,
2026-05-14,VRPX,0.0,0.0,0.0,0.0,3.0,-3.0,5.0,False,6154.0,2.0,False,
2026-05-14,VRRM,0.0,0.0,0.0,-0.0021842100857701885,3.0,-24.842100857701887,5.0,False,7059.0,1.0,True,
2026-05-14,VRSK,0.0,0.0,0.0,-0.0008524967099909493,3.0,-11.524967099909492,5.0,False,6746.0,2.0,True,
2026-05-14,VRSN,0.0,0.0,0.0,0.002296016659003549,3.0,19.960166590035488,5.0,True,732.0,5.0,True,
2026-05-14,VRTA,0.0,0.0,0.0,0.0,3.0,-3.0,5.0,False,6155.0,2.0,False,
2026-05-14,VRTB,0.0,0.0,0.0,0.0,3.0,-3.0,5.0,False,6156.0,2.0,False,
2026-05-14,VRTU,0.0,0.0,0.0,0.0,3.0,-3.0,5.0,False,6157.0,2.0,False,
2026-05-14,VRTX,0.0,0.0,0.0,0.0011129740162193415,3.0,8.129740162193414,5.0,True,1295.0,4.0,True,
2026-05-14,VS,0.0,0.0,0.0,-0.004031303280298279,3.0,-43.3130328029828,5.0,False,7273.0,1.0,False,
2026-05-14,VSAC,0.0,0.0,0.0,0.0,3.0,-3.0,5.0,False,6158.0,2.0,False,
2026-05-14,VSAI,0.0,0.0,0.0,0.0,3.0,-3.0,5.0,False,6159.0,2.0,False,
2026-05-14,VSAR,0.0,0.0,0.0,0.0,3.0,-3.0,5.0,False,6160.0,2.0,False,
2026-05-14,VSAT,0.004457310267857143,0.004464285714285714,-6.975446428571404e-06,0.005679421517053599,3.0,53.79421517053599,5.0,True,119.0,5.0,True,"SELL because predicted alpha is in the top decile. Net alpha after estimated 3.0 bps trading cost is 53.79 bps versus threshold 5.00 bps. Main contributors were mom_252, parkinson_vol_20, mom_5. Price filter passed; liquidity filter passed."
2026-05-14,VSCI,0.0,0.0,0.0,0.0,3.0,-3.0,5.0,False,6161.0,2.0,False,
2026-05-14,VSCP,0.0,0.0,0.0,0.0,3.0,-3.0,5.0,False,6162.0,2.0,False,
2026-05-14,VSEA,0.0,0.0,0.0,0.0,3.0,-3.0,5.0,False,6163.0,2.0,False,
2026-05-14,VSEC,0.0,0.0,0.0,0.0013051943322491583,3.0,10.051943322491583,5.0,True,1188.0,4.0,True,
2026-05-14,VSEE,0.0,0.0,0.0,0.00012944848796438081,3.0,-1.7055151203561918,5.0,False,1918.0,3.0,False,
2026-05-14,VSME,0.0,0.0,0.0,-0.0017600775305119019,3.0,-20.60077530511902,5.0,False,6959.0,1.0,False,
2026-05-14,VSNT,0.0,0.0,0.0,-0.0014499502784804134,3.0,-17.499502784804136,5.0,False,6907.0,1.0,True,
2026-05-14,VSNTV,0.0,0.0,0.0,0.0,3.0,-3.0,5.0,False,6164.0,2.0,False,
2026-05-14,VSPR,0.0,0.0,0.0,0.0,3.0,-3.0,5.0,False,6165.0,2.0,False,
2026-05-14,VSTA,0.0,0.0,0.0,0.0,3.0,-3.0,5.0,False,6166.0,2.0,False,
2026-05-14,VSTD,0.0,0.0,0.0,0.0027404507186406584,3.0,24.404507186406583,5.0,True,570.0,5.0,False,
2026-05-14,VSTE,0.0,0.0,0.0,0.0,3.0,-3.0,5.0,False,6167.0,2.0,False,
2026-05-14,VSTM,0.0,0.0,0.0,-0.00011111547125579048,3.0,-4.111154712557905,5.0,False,6429.0,2.0,False,
2026-05-14,VTAE,0.0,0.0,0.0,0.0,3.0,-3.0,5.0,False,6168.0,2.0,False,
2026-05-14,VTAQ,0.0,0.0,0.0,0.0,3.0,-3.0,5.0,False,6169.0,2.0,False,
2026-05-14,VTGN,0.0,0.0,0.0,0.0022391650980490858,3.0,19.39165098049086,5.0,True,761.0,4.0,False,
2026-05-14,VTIQ,0.0,0.0,0.0,0.0,3.0,-3.0,5.0,False,6170.0,2.0,False,
2026-05-14,VTIX,0.0,0.0,0.0,-0.004034310206790253,3.0,-43.34310206790253,5.0,False,7274.0,1.0,False,
2026-05-14,VTL,0.0,0.0,0.0,0.0,3.0,-3.0,5.0,False,6171.0,2.0,False,
2026-05-14,VTNR,0.0,0.0,0.0,0.0,3.0,-3.0,5.0,False,6172.0,2.0,False,
2026-05-14,VTROD,0.0,0.0,0.0,0.0,3.0,-3.0,5.0,False,6173.0,2.0,False,
2026-05-14,VTRS,0.0,0.0,0.0,0.0026923351290305546,3.0,23.923351290305547,5.0,True,581.0,5.0,True,
2026-05-14,VTRU,0.0,0.0,0.0,0.0,3.0,-3.0,5.0,False,6174.0,2.0,False,
2026-05-14,VTSI,0.0,0.0,0.0,-0.0018855760831182754,3.0,-21.855760831182753,5.0,False,6986.0,1.0,False,
2026-05-14,VTSS,0.0,0.0,0.0,0.0,3.0,-3.0,5.0,False,6175.0,2.0,False,
2026-05-14,VTUS,0.0,0.0,0.0,0.0,3.0,-3.0,5.0,False,6176.0,2.0,False,
2026-05-14,VTVT,-0.00078125,0.0,-0.00078125,-0.009175464574987151,3.0,88.75464574987151,5.0,True,7466.0,1.0,True,"SHORT because predicted alpha is in the bottom decile. Net alpha after estimated 3.0 bps trading cost is 88.75 bps versus threshold 5.00 bps. Main contributors were intraday_return, volume_z_60, operating_margin. Price filter passed; liquidity filter passed."
2026-05-14,VTYX,0.0,0.0,0.0,0.0,3.0,-3.0,5.0,False,6177.0,2.0,False,
2026-05-14,VUZI,0.0,0.0,0.0,0.0018127534662628236,3.0,15.127534662628236,5.0,True,911.0,4.0,False,
2026-05-14,VVOS,0.0,0.0,0.0,0.0005398162582452883,3.0,2.3981625824528825,5.0,False,1677.0,3.0,False,
2026-05-14,VVPR,0.0,0.0,0.0,0.0,3.0,-3.0,5.0,False,6178.0,2.0,False,
2026-05-14,VVTV,0.0,0.0,0.0,0.0,3.0,-3.0,5.0,False,6179.0,2.0,False,
2026-05-14,VVUS,0.0,0.0,0.0,0.0,3.0,-3.0,5.0,False,6180.0,2.0,False,
2026-05-14,VWAV,0.0,0.0,0.0,8.73124143467496e-05,3.0,-2.126875856532504,5.0,False,1946.0,3.0,True,
2026-05-14,VWE,0.0,0.0,0.0,0.0,3.0,-3.0,5.0,False,6181.0,2.0,False,
2026-05-14,VWR,0.0,0.0,0.0,0.0,3.0,-3.0,5.0,False,6182.0,2.0,False,
2026-05-14,VWTR,0.0,0.0,0.0,0.0,3.0,-3.0,5.0,False,6183.0,2.0,False,
2026-05-14,VXDN,0.0,0.0,0.0,0.0,3.0,-3.0,5.0,False,6184.0,2.0,False,
2026-05-14,VXRT,0.0,0.0,0.0,0.0,3.0,-3.0,5.0,False,6185.0,2.0,False,
2026-05-14,VXUP,0.0,0.0,0.0,0.0,3.0,-3.0,5.0,False,6186.0,2.0,False,
2026-05-14,VYFC,0.0,0.0,0.0,0.0,3.0,-3.0,5.0,False,6187.0,2.0,False,
2026-05-14,VYGR,0.0,0.0,0.0,0.002704284935880721,3.0,24.04284935880721,5.0,True,577.0,5.0,False,
2026-05-14,VYNE,0.0,0.0,0.0,-0.0007999861054509343,3.0,-10.999861054509342,5.0,False,6722.0,2.0,False,
2026-05-14,VYNT,0.0,0.0,0.0,0.0,3.0,-3.0,5.0,False,6188.0,2.0,False,
2026-05-14,WABC,0.0,0.0,0.0,-0.00040698759802463983,3.0,-7.069875980246398,5.0,False,6582.0,2.0,True,
2026-05-14,WAFD,0.0,0.0,0.0,0.0004965959119168303,3.0,1.9659591191683035,5.0,False,1707.0,3.0,True,
2026-05-14,WAFD.W,0.0,0.0,0.0,0.0,3.0,-3.0,5.0,False,6189.0,2.0,False,
2026-05-14,WAFDP,0.0,0.0,0.0,0.0010352800409121992,3.0,7.352800409121992,5.0,True,1344.0,4.0,True,
2026-05-14,WAFU,0.0,0.0,0.0,-0.00320331492665352,3.0,-35.0331492665352,5.0,False,7197.0,1.0,False,
2026-05-14,WAI,0.0,0.0,0.0,-0.006494069850081773,3.0,-67.94069850081773,5.0,False,7400.0,1.0,False,
2026-05-14,WALD,0.0,0.0,0.0,0.00044532431572908825,3.0,1.4532431572908822,5.0,False,1747.0,3.0,False,
2026-05-14,WASH,0.0,0.0,0.0,0.00048768163649185185,3.0,1.8768163649185183,5.0,False,1713.0,3.0,True,
2026-05-14,WATG,0.0,0.0,0.0,0.0,3.0,-3.0,5.0,False,6190.0,2.0,False,
2026-05-14,WATT,0.003676060267857143,0.004464285714285714,-0.0007882254464285712,-0.002245401124887896,3.0,-25.454011248878963,5.0,False,7069.0,1.0,True,"SELL because predicted alpha is in the top decile. Net alpha after estimated 3.0 bps trading cost is -25.45 bps versus threshold 5.00 bps. Main contributors were hl_range_20, mom_63, mom_1. Price filter passed; liquidity filter passed."
2026-05-14,WAVD,0.0,0.0,0.0,0.0,3.0,-3.0,5.0,False,6191.0,2.0,False,
2026-05-14,WAVS,0.0,0.0,0.0,0.0,3.0,-3.0,5.0,False,6192.0,2.0,False,
2026-05-14,WAVX,0.0,0.0,0.0,0.0,3.0,-3.0,5.0,False,6193.0,2.0,False,
2026-05-14,WAY,0.0,0.0,0.0,-0.00013803224223797513,3.0,-4.380322422379751,5.0,False,6446.0,2.0,True,
2026-05-14,WAYN,0.0,0.0,0.0,0.0,3.0,-3.0,5.0,False,6194.0,2.0,False,
2026-05-14,WBA,0.0,0.0,0.0,0.0,3.0,-3.0,5.0,False,6195.0,2.0,False,
2026-05-14,WBB,0.0,0.0,0.0,0.0,3.0,-3.0,5.0,False,6196.0,2.0,False,
2026-05-14,WBD,0.0,0.0,0.0,0.0029028058745504365,3.0,26.028058745504364,5.0,True,524.0,5.0,True,
2026-05-14,WBKC,0.0,0.0,0.0,0.0,3.0,-3.0,5.0,False,6197.0,2.0,False,
2026-05-14,WBMD,0.0,0.0,0.0,0.0,3.0,-3.0,5.0,False,6198.0,2.0,False,
2026-05-14,WBSN,0.0,0.0,0.0,0.0,3.0,-3.0,5.0,False,6199.0,2.0,False,
2026-05-14,WBTN,-0.003676060267857143,-0.004464285714285714,0.0007882254464285712,0.0009842710509060982,3.0,-12.842710509060982,5.0,False,1385.0,4.0,True,"COVER because predicted alpha is in the bottom decile. Net alpha after estimated 3.0 bps trading cost is -12.84 bps versus threshold 5.00 bps. Main contributors were volume_z_60, mom_1, sales_to_price. Price filter passed; liquidity filter passed."
2026-05-14,WBUY,0.0,0.0,0.0,-0.0037394863404038334,3.0,-40.39486340403833,5.0,False,7248.0,1.0,False,
2026-05-14,WCFB,0.0,0.0,0.0,0.0,3.0,-3.0,5.0,False,6200.0,2.0,False,
2026-05-14,WCGC,0.0,0.0,0.0,0.0,3.0,-3.0,5.0,False,6201.0,2.0,False,
2026-05-14,WCRX,0.0,0.0,0.0,0.0,3.0,-3.0,5.0,False,6202.0,2.0,False,
2026-05-14,WCST,0.0,0.0,0.0,0.0,3.0,-3.0,5.0,False,6203.0,2.0,False,
2026-05-14,WCT,0.0,0.0,0.0,-0.004890362346868022,3.0,-51.903623468680216,5.0,False,7324.0,1.0,False,
2026-05-14,WDAY,0.0,0.0,0.0,0.0004083306007924299,3.0,1.0833060079242989,5.0,False,1767.0,3.0,True,
2026-05-14,WDC,0.004457310267857143,0.004464285714285714,-6.975446428571404e-06,0.008093427548810433,3.0,77.93427548810433,5.0,True,37.0,5.0,True,"SELL because predicted alpha is in the top decile. Net alpha after estimated 3.0 bps trading cost is 77.93 bps versus threshold 5.00 bps. Main contributors were mom_252, parkinson_vol_20, mom_21. Price filter passed; liquidity filter passed."
2026-05-14,WDCVV,0.0,0.0,0.0,0.0,3.0,-3.0,5.0,False,6204.0,2.0,False,
2026-05-14,WDFC,0.0,0.0,0.0,-0.00013507185826348348,3.0,-4.350718582634835,5.0,False,6443.0,2.0,True,
2026-05-14,WEB,0.0,0.0,0.0,0.0,3.0,-3.0,5.0,False,6205.0,2.0,False,
2026-05-14,WEBK,0.0,0.0,0.0,0.0,3.0,-3.0,5.0,False,6206.0,2.0,False,
2026-05-14,WEJO,0.0,0.0,0.0,0.0,3.0,-3.0,5.0,False,6207.0,2.0,False,
2026-05-14,WEN,0.0,0.0,0.0,0.0011719202789225037,3.0,8.719202789225037,5.0,True,1263.0,4.0,True,
2026-05-14,WENA,0.0,0.0,0.0,0.0,3.0,-3.0,5.0,False,6208.0,2.0,False,
2026-05-14,WENN,0.0,0.0,0.0,0.0,3.0,-3.0,5.0,False,6209.0,2.0,False,
2026-05-14,WERN,-0.00078125,0.0,-0.00078125,-0.004776157281173319,3.0,44.76157281173319,5.0,True,7316.0,1.0,True,"SHORT because predicted alpha is in the bottom decile. Net alpha after estimated 3.0 bps trading cost is 44.76 bps versus threshold 5.00 bps. Main contributors were volume_z_60, intraday_return, hl_range_20. Price filter passed; liquidity filter passed."
2026-05-14,WEST,0.004457310267857143,0.004464285714285714,-6.975446428571404e-06,0.0066421481040644555,3.0,63.42148104064455,5.0,True,77.0,5.0,True,"SELL because predicted alpha is in the top decile. Net alpha after estimated 3.0 bps trading cost is 63.42 bps versus threshold 5.00 bps. Main contributors were mom_5, mom_21, close_to_low_20. Price filter passed; liquidity filter passed."
2026-05-14,WETG,0.0,0.0,0.0,0.0,3.0,-3.0,5.0,False,6210.0,2.0,False,
2026-05-14,WETH,0.0,0.0,0.0,0.004045778079856517,3.0,37.457780798565175,5.0,True,295.0,5.0,False,
2026-05-14,WETO,0.0,0.0,0.0,0.005117758742429007,3.0,48.177587424290074,5.0,True,177.0,5.0,False,
2026-05-14,WEYS,0.0,0.0,0.0,0.00106202401343245,3.0,7.620240134324499,5.0,True,1325.0,4.0,True,
2026-05-14,WFBI,0.0,0.0,0.0,0.0,3.0,-3.0,5.0,False,6211.0,2.0,False,
2026-05-14,WFCF,0.0,0.0,0.0,-0.011403009740276701,3.0,-117.03009740276701,5.0,False,7499.0,1.0,True,
2026-05-14,WFD,0.0,0.0,0.0,0.0,3.0,-3.0,5.0,False,6212.0,2.0,False,
2026-05-14,WFF,0.0,0.0,0.0,0.005465873061183308,3.0,51.65873061183308,5.0,True,138.0,5.0,False,
2026-05-14,WFM,0.0,0.0,0.0,0.0,3.0,-3.0,5.0,False,6213.0,2.0,False,
2026-05-14,WFMI,0.0,0.0,0.0,0.0,3.0,-3.0,5.0,False,6214.0,2.0,False,
2026-05-14,WFRD,0.0,0.0,0.0,0.004172188710782783,3.0,38.721887107827826,5.0,True,276.0,5.0,True,
2026-05-14,WGBS,0.0,0.0,0.0,0.0,3.0,-3.0,5.0,False,6215.0,2.0,False,
2026-05-14,WGRX,0.0,0.0,0.0,-0.008551003106972576,3.0,-88.51003106972577,5.0,False,7455.0,1.0,False,
2026-05-14,WGS,0.0,0.0,0.0,-0.0005577385063925891,3.0,-8.577385063925892,5.0,False,6646.0,2.0,True,
2026-05-14,WHF,0.0,0.0,0.0,0.0009061694564143109,3.0,6.06169456414311,5.0,True,1433.0,4.0,True,
2026-05-14,WHFB.L,0.0,0.0,0.0,0.0,3.0,-3.0,5.0,False,6216.0,2.0,False,
2026-05-14,WHFBL,0.0,0.0,0.0,0.0,3.0,-3.0,5.0,False,6217.0,2.0,False,
2026-05-14,WHFBZ,0.0,0.0,0.0,0.0,3.0,-3.0,5.0,False,6218.0,2.0,False,
2026-05-14,WHFCL,0.0,0.0,0.0,-0.0001520948559460963,3.0,-4.5209485594609635,5.0,False,6452.0,2.0,True,
2026-05-14,WHLM,0.0,0.0,0.0,0.0,3.0,-3.0,5.0,False,6219.0,2.0,False,
2026-05-14,WHLR,0.0,0.0,0.0,-0.006310495363318547,3.0,-66.10495363318547,5.0,False,7395.0,1.0,False,
2026-05-14,WHLR.W,0.0,0.0,0.0,0.0,3.0,-3.0,5.0,False,6220.0,2.0,False,
2026-05-14,WHLRL,0.0,0.0,0.0,0.0,3.0,-3.0,5.0,False,6221.0,2.0,False,
2026-05-14,WHWK,0.0,0.0,0.0,0.004581349119952841,3.0,42.813491199528414,5.0,True,224.0,5.0,True,
2026-05-14,WIBC,0.0,0.0,0.0,0.0,3.0,-3.0,5.0,False,6222.0,2.0,False,
2026-05-14,WIFI,0.0,0.0,0.0,0.0,3.0,-3.0,5.0,False,6223.0,2.0,False,
2026-05-14,WILC,0.0,0.0,0.0,0.0035258557153723903,3.0,32.258557153723906,5.0,True,385.0,5.0,True,
2026-05-14,WILN,0.0,0.0,0.0,0.0,3.0,-3.0,5.0,False,6224.0,2.0,False,
2026-05-14,WIMI,0.0,0.0,0.0,-0.003476392977481489,3.0,-37.76392977481489,5.0,False,7227.0,1.0,False,
2026-05-14,WIN,0.0,0.0,0.0,0.0,3.0,-3.0,5.0,False,6225.0,2.0,False,
2026-05-14,WINA,0.0,0.0,0.0,0.002500288961965529,3.0,22.002889619655292,5.0,True,641.0,5.0,True,
2026-05-14,WING,0.0,0.0,0.0,-0.0009894718598319008,3.0,-12.894718598319008,5.0,False,6789.0,2.0,True,
2026-05-14,WINR,0.0,0.0,0.0,0.0,3.0,-3.0,5.0,False,6226.0,2.0,False,
2026-05-14,WINS,0.0,0.0,0.0,0.0,3.0,-3.0,5.0,False,6227.0,2.0,False,
2026-05-14,WINT,0.0,0.0,0.0,0.0,3.0,-3.0,5.0,False,6228.0,2.0,False,
2026-05-14,WINV,0.0,0.0,0.0,0.0,3.0,-3.0,5.0,False,6229.0,2.0,False,
2026-05-14,WINV.V,0.0,0.0,0.0,0.0,3.0,-3.0,5.0,False,6230.0,2.0,False,
2026-05-14,WIRE,0.0,0.0,0.0,0.0,3.0,-3.0,5.0,False,6231.0,2.0,False,
2026-05-14,WISA,0.0,0.0,0.0,0.0,3.0,-3.0,5.0,False,6232.0,2.0,False,
2026-05-14,WISH,0.0,0.0,0.0,0.0,3.0,-3.0,5.0,False,6233.0,2.0,False,
2026-05-14,WIX,-0.003676060267857143,-0.004464285714285714,0.0007882254464285712,-0.0017617495743534478,3.0,14.617495743534477,5.0,True,6960.0,1.0,True,"COVER because predicted alpha is in the bottom decile. Net alpha after estimated 3.0 bps trading cost is 14.62 bps versus threshold 5.00 bps. Main contributors were mom_5, volume_z_60, volatility_10. Price filter passed; liquidity filter passed."
2026-05-14,WKHS,0.0,0.0,0.0,-0.0013190525570256528,3.0,-16.19052557025653,5.0,False,6876.0,1.0,False,
2026-05-14,WKME,0.0,0.0,0.0,0.0,3.0,-3.0,5.0,False,6234.0,2.0,False,
2026-05-14,WKSP,0.0,0.0,0.0,0.000969836101273625,3.0,6.69836101273625,5.0,True,1395.0,4.0,False,
2026-05-14,WLAC,0.0,0.0,0.0,0.0,3.0,-3.0,5.0,False,6235.0,2.0,False,
2026-05-14,WLB,0.0,0.0,0.0,0.0,3.0,-3.0,5.0,False,6236.0,2.0,False,
2026-05-14,WLBP.Z,0.0,0.0,0.0,0.0,3.0,-3.0,5.0,False,6237.0,2.0,False,
2026-05-14,WLDN,0.0,0.0,0.0,0.00399315994454294,3.0,36.9315994454294,5.0,True,304.0,5.0,True,
2026-05-14,WLDS,0.0,0.0,0.0,-0.018320650868134655,3.0,-186.20650868134655,5.0,False,7536.0,1.0,False,
2026-05-14,WLFC,-0.00078125,0.0,-0.00078125,-0.003673427099148128,3.0,33.73427099148128,5.0,True,7245.0,1.0,True,"SHORT because predicted alpha is in the bottom decile. Net alpha after estimated 3.0 bps trading cost is 33.73 bps versus threshold 5.00 bps. Main contributors were volume_z_60, mom_1, mom_5. Price filter passed; liquidity filter passed."
2026-05-14,WLGS,0.0,0.0,0.0,0.0,3.0,-3.0,5.0,False,6238.0,2.0,False,
2026-05-14,WLII,0.0,0.0,0.0,-0.0020471657368633382,3.0,-23.471657368633384,5.0,False,7029.0,1.0,True,
2026-05-14,WLRH,0.0,0.0,0.0,0.0,3.0,-3.0,5.0,False,6239.0,2.0,False,
2026-05-14,WLRH.U,0.0,0.0,0.0,0.0,3.0,-3.0,5.0,False,6240.0,2.0,False,
2026-05-14,WLRH.W,0.0,0.0,0.0,0.0,3.0,-3.0,5.0,False,6241.0,2.0,False,
2026-05-14,WLTH,0.0,0.0,0.0,0.0024291149819734128,3.0,21.291149819734127,5.0,True,669.0,5.0,True,
2026-05-14,WMAR,0.0,0.0,0.0,0.0,3.0,-3.0,5.0,False,6242.0,2.0,False,
2026-05-14,WMG,0.0,0.0,0.0,0.0018829593676692844,3.0,15.829593676692845,5.0,True,871.0,4.0,True,
2026-05-14,WMGI,0.0,0.0,0.0,0.0,3.0,-3.0,5.0,False,6243.0,2.0,False,
2026-05-14,WMGI.Z,0.0,0.0,0.0,0.0,3.0,-3.0,5.0,False,6244.0,2.0,False,
2026-05-14,WMIH,0.0,0.0,0.0,0.0,3.0,-3.0,5.0,False,6245.0,2.0,False,
2026-05-14,WMPN,0.0,0.0,0.0,0.0,3.0,-3.0,5.0,False,6246.0,2.0,False,
2026-05-14,WMT,0.0,0.0,0.0,0.0021799693045395896,3.0,18.799693045395898,5.0,True,781.0,4.0,True,
2026-05-14,WNEB,0.0,0.0,0.0,0.0017723748393876936,3.0,14.723748393876935,5.0,True,934.0,4.0,True,
2026-05-14,WNW,0.0,0.0,0.0,-0.010322278950609234,3.0,-106.22278950609234,5.0,False,7485.0,1.0,False,
2026-05-14,WOK,0.0,0.0,0.0,-0.012828975490514694,3.0,-131.28975490514694,5.0,False,7506.0,1.0,False,
2026-05-14,WOOF,0.0,0.0,0.0,0.0007133784114707032,3.0,4.133784114707032,5.0,False,1562.0,3.0,False,
2026-05-14,WORX,0.0,0.0,0.0,0.0,3.0,-3.0,5.0,False,6247.0,2.0,False,
2026-05-14,WOWO,0.0,0.0,0.0,0.0,3.0,-3.0,5.0,False,6248.0,2.0,False,
2026-05-14,WPCS,0.0,0.0,0.0,0.0,3.0,-3.0,5.0,False,6249.0,2.0,False,
2026-05-14,WPRT,0.0,0.0,0.0,0.0007751295432804656,3.0,4.751295432804656,5.0,False,1525.0,3.0,False,
2026-05-14,WRAP,0.0,0.0,0.0,-0.003379361339789756,3.0,-36.79361339789756,5.0,False,7214.0,1.0,False,
2026-05-14,WRES,0.0,0.0,0.0,0.0,3.0,-3.0,5.0,False,6250.0,2.0,False,
2026-05-14,WRLD,0.0,0.0,0.0,0.0007460184735035172,3.0,4.460184735035172,5.0,False,1539.0,3.0,True,
2026-05-14,WRLS,0.0,0.0,0.0,0.0,3.0,-3.0,5.0,False,6251.0,2.0,False,
2026-05-14,WSBC,0.0,0.0,0.0,0.0005966072102350251,3.0,2.9660721023502514,5.0,False,1642.0,3.0,True,
2026-05-14,WSBCO,0.0,0.0,0.0,0.0010003777746463156,3.0,7.003777746463156,5.0,True,1374.0,4.0,True,
2026-05-14,WSBF,0.0,0.0,0.0,0.0014432154584729684,3.0,11.432154584729684,5.0,True,1110.0,4.0,True,
2026-05-14,WSBK,0.0,0.0,0.0,-0.0003312550110039117,3.0,-6.312550110039117,5.0,False,6548.0,2.0,True,
2026-05-14,WSC,0.003676060267857143,0.004464285714285714,-0.0007882254464285712,0.0033861149773624756,3.0,30.861149773624753,5.0,True,415.0,5.0,True,"SELL because predicted alpha is in the top decile. Net alpha after estimated 3.0 bps trading cost is 30.86 bps versus threshold 5.00 bps. Main contributors were parkinson_vol_20, mom_5, mom_21. Price filter passed; liquidity filter passed."
2026-05-14,WSCI,0.0,0.0,0.0,0.0,3.0,-3.0,5.0,False,6252.0,2.0,False,
2026-05-14,WSFS,0.0,0.0,0.0,-0.0006249663794616991,3.0,-9.24966379461699,5.0,False,6671.0,2.0,True,
2026-05-14,WSFS.L,0.0,0.0,0.0,0.0,3.0,-3.0,5.0,False,6253.0,2.0,False,
2026-05-14,WSFSL,0.0,0.0,0.0,0.0,3.0,-3.0,5.0,False,6254.0,2.0,False,
2026-05-14,WSHP,-0.003676060267857143,-0.004464285714285714,0.0007882254464285712,-0.0004494135281436773,3.0,1.4941352814367725,5.0,False,6607.0,2.0,True,"COVER because predicted alpha is in the bottom decile. Net alpha after estimated 3.0 bps trading cost is 1.49 bps versus threshold 5.00 bps. Main contributors were parkinson_vol_20, volatility_63, mom_63. Price filter passed; liquidity filter failed."
2026-05-14,WSTC,0.0,0.0,0.0,0.0,3.0,-3.0,5.0,False,6255.0,2.0,False,
2026-05-14,WSTL,0.0,0.0,0.0,0.0,3.0,-3.0,5.0,False,6256.0,2.0,False,
2026-05-14,WSTN,0.0,0.0,0.0,0.0,3.0,-3.0,5.0,False,6257.0,2.0,False,
2026-05-14,WTBA,0.0,0.0,0.0,0.00015107319527703892,3.0,-1.4892680472296107,5.0,False,1908.0,3.0,True,
2026-05-14,WTER,0.0,0.0,0.0,0.0,3.0,-3.0,5.0,False,6258.0,2.0,False,
2026-05-14,WTF,0.0,0.0,0.0,0.00010626645917033613,3.0,-1.9373354082966388,5.0,False,1933.0,3.0,False,
2026-05-14,WTFC,0.0,0.0,0.0,-2.330766865180989e-06,3.0,-3.02330766865181,5.0,False,6381.0,2.0,True,
2026-05-14,WTFC.W,0.0,0.0,0.0,0.0,3.0,-3.0,5.0,False,6259.0,2.0,False,
2026-05-14,WTG,0.0,0.0,0.0,-0.00037962116481154475,3.0,-6.796211648115447,5.0,False,6568.0,2.0,True,
2026-05-14,WTMA,0.0,0.0,0.0,0.0,3.0,-3.0,5.0,False,6260.0,2.0,False,
2026-05-14,WTNY,0.0,0.0,0.0,0.0,3.0,-3.0,5.0,False,6261.0,2.0,False,
2026-05-14,WTO,0.0,0.0,0.0,-0.009231264358229935,3.0,-95.31264358229934,5.0,False,7468.0,1.0,False,
2026-05-14,WTRH,0.0,0.0,0.0,0.0,3.0,-3.0,5.0,False,6262.0,2.0,False,
2026-05-14,WTSL,0.0,0.0,0.0,0.0,3.0,-3.0,5.0,False,6263.0,2.0,False,
2026-05-14,WTSLA,0.0,0.0,0.0,0.0,3.0,-3.0,5.0,False,6264.0,2.0,False,
2026-05-14,WTW,0.0,0.0,0.0,-0.0020389234602678523,3.0,-23.389234602678524,5.0,False,7028.0,1.0,True,
2026-05-14,WULF,0.0,0.0,0.0,0.00430669099209863,3.0,40.0669099209863,5.0,True,254.0,5.0,True,
2026-05-14,WVE,-0.004457310267857143,-0.004464285714285714,6.975446428571404e-06,-0.0024501346208983615,3.0,21.501346208983616,5.0,True,7107.0,1.0,True,"COVER because predicted alpha is in the bottom decile. Net alpha after estimated 3.0 bps trading cost is 21.50 bps versus threshold 5.00 bps. Main contributors were price_kurt_63, mom_63, hl_range_20. Price filter passed; liquidity filter passed."
2026-05-14,WVFC,0.0,0.0,0.0,0.0,3.0,-3.0,5.0,False,6265.0,2.0,False,
2026-05-14,WVVI,0.0,0.0,0.0,0.003743163162873069,3.0,34.43163162873069,5.0,True,345.0,5.0,False,
2026-05-14,WW,0.0,0.0,0.0,-0.00011186160751551103,3.0,-4.11861607515511,5.0,False,6431.0,2.0,True,
2026-05-14,WWAC,0.0,0.0,0.0,0.0,3.0,-3.0,5.0,False,6266.0,2.0,False,
2026-05-14,WWD,0.0,0.0,0.0,0.002769885990530292,3.0,24.69885990530292,5.0,True,557.0,5.0,True,
2026-05-14,WWWW,0.0,0.0,0.0,0.0,3.0,-3.0,5.0,False,6267.0,2.0,False,
2026-05-14,WXM,0.0,0.0,0.0,-0.01075527289581273,3.0,-110.55272895812729,5.0,False,7491.0,1.0,False,
2026-05-14,WYFI,-0.00078125,0.0,-0.00078125,-0.0035810266882561276,3.0,32.81026688256128,5.0,True,7234.0,1.0,True,"SHORT because predicted alpha is in the bottom decile. Net alpha after estimated 3.0 bps trading cost is 32.81 bps versus threshold 5.00 bps. Main contributors were intraday_return, volume_z_60, mom_10. Price filter passed; liquidity filter passed."
2026-05-14,WYIG,0.0,0.0,0.0,0.0,3.0,-3.0,5.0,False,6268.0,2.0,False,
2026-05-14,WYIG.W,0.0,0.0,0.0,0.0,3.0,-3.0,5.0,False,6269.0,2.0,False,
2026-05-14,WYNN,0.0,0.0,0.0,0.0006297396287957373,3.0,3.2973962879573726,5.0,False,1619.0,3.0,True,
2026-05-14,WYTC,0.0,0.0,0.0,0.0,3.0,-3.0,5.0,False,6270.0,2.0,False,
2026-05-14,XAGE,0.0,0.0,0.0,0.0,3.0,-3.0,5.0,False,6271.0,2.0,False,
2026-05-14,XAIR,0.0,0.0,0.0,0.004330028784520939,3.0,40.30028784520939,5.0,True,251.0,5.0,False,
2026-05-14,XBIO,0.0,0.0,0.0,0.002376713436232634,3.0,20.767134362326342,5.0,True,695.0,5.0,False,
2026-05-14,XBIT,0.0,0.0,0.0,-0.004552704432998145,3.0,-48.52704432998144,5.0,False,7308.0,1.0,False,
2026-05-14,XBKS,0.0,0.0,0.0,0.0,3.0,-3.0,5.0,False,6272.0,2.0,False,
2026-05-14,XBP,0.0,0.0,0.0,-0.005768929289566502,3.0,-60.68929289566502,5.0,False,7369.0,1.0,False,
2026-05-14,XCBE,0.0,0.0,0.0,-0.0007532099395815865,3.0,-10.532099395815866,5.0,False,6709.0,2.0,True,
2026-05-14,XCRA,0.0,0.0,0.0,0.0,3.0,-3.0,5.0,False,6273.0,2.0,False,
2026-05-14,XCUR,0.0,0.0,0.0,-0.002780267736126355,3.0,-30.80267736126355,5.0,False,7151.0,1.0,False,
2026-05-14,XE,0.0,0.0,0.0,0.002504945560207084,3.0,22.04945560207084,5.0,True,638.0,5.0,True,
2026-05-14,XEL,0.0,0.0,0.0,0.0007500415143176926,3.0,4.500415143176926,5.0,False,1536.0,3.0,True,
2026-05-14,XELA,0.0,0.0,0.0,0.0,3.0,-3.0,5.0,False,6274.0,2.0,False,
2026-05-14,XELB,0.0,0.0,0.0,-0.00715781937452367,3.0,-74.5781937452367,5.0,False,7424.0,1.0,False,
2026-05-14,XELLL,0.0,0.0,0.0,0.0010062990685222313,3.0,7.062990685222314,5.0,True,1369.0,4.0,True,
2026-05-14,XENE,-0.003676060267857143,-0.004464285714285714,0.0007882254464285712,-0.0001712268347013013,3.0,-1.2877316529869869,5.0,False,6460.0,2.0,True,"COVER because predicted alpha is in the bottom decile. Net alpha after estimated 3.0 bps trading cost is -1.29 bps versus threshold 5.00 bps. Main contributors were price_kurt_63, hl_range_20, volatility_20. Price filter passed; liquidity filter passed."
2026-05-14,XENT,0.0,0.0,0.0,0.0,3.0,-3.0,5.0,False,6275.0,2.0,False,
2026-05-14,XERS,0.0,0.0,0.0,0.000727979177834488,3.0,4.2797917783448804,5.0,False,1548.0,3.0,True,
2026-05-14,XFIN,0.0,0.0,0.0,0.0,3.0,-3.0,5.0,False,6276.0,2.0,False,
2026-05-14,XFOR,0.0,0.0,0.0,0.004066258609327539,3.0,37.66258609327539,5.0,True,293.0,5.0,False,
2026-05-14,XGN,0.0,0.0,0.0,-0.00141044422567935,3.0,-17.1044422567935,5.0,False,6890.0,1.0,False,
2026-05-14,XGTI,0.0,0.0,0.0,0.0,3.0,-3.0,5.0,False,6277.0,2.0,False,
2026-05-14,XGTI.W,0.0,0.0,0.0,0.0,3.0,-3.0,5.0,False,6278.0,2.0,False,
2026-05-14,XHLD,0.0,0.0,0.0,-0.003760193185981311,3.0,-40.60193185981311,5.0,False,7250.0,1.0,False,
2026-05-14,XING,0.0,0.0,0.0,0.0,3.0,-3.0,5.0,False,6279.0,2.0,False,
2026-05-14,XLNX,0.0,0.0,0.0,0.0,3.0,-3.0,5.0,False,6280.0,2.0,False,
2026-05-14,XLO,-0.00078125,0.0,-0.00078125,-0.00945995336529941,3.0,91.59953365299411,5.0,True,7469.0,1.0,True,"SHORT because predicted alpha is in the bottom decile. Net alpha after estimated 3.0 bps trading cost is 91.60 bps versus threshold 5.00 bps. Main contributors were intraday_return, volume_z_60, close_to_high_20. Price filter passed; liquidity filter passed."
2026-05-14,XLRN,0.0,0.0,0.0,0.0,3.0,-3.0,5.0,False,6281.0,2.0,False,
2026-05-14,XM,0.0,0.0,0.0,0.0,3.0,-3.0,5.0,False,6282.0,2.0,False,
2026-05-14,XMTR,0.004457310267857143,0.004464285714285714,-6.975446428571404e-06,0.007084316661881202,3.0,67.84316661881202,5.0,True,64.0,5.0,True,"SELL because predicted alpha is in the top decile. Net alpha after estimated 3.0 bps trading cost is 67.84 bps versus threshold 5.00 bps. Main contributors were mom_21, close_to_low_20, mom_5. Price filter passed; liquidity filter passed."
2026-05-14,XNCR,0.0,0.0,0.0,0.0033955863197220756,3.0,30.955863197220758,5.0,True,410.0,5.0,True,
2026-05-14,XNDU,-0.004457310267857143,-0.004464285714285714,6.975446428571404e-06,-0.007976192079629144,3.0,76.76192079629143,5.0,True,7444.0,1.0,True,"COVER because predicted alpha is in the bottom decile. Net alpha after estimated 3.0 bps trading cost is 76.76 bps versus threshold 5.00 bps. Main contributors were parkinson_vol_20, volatility_10, volatility_63. Price filter passed; liquidity filter passed."
2026-05-14,XNPT,0.0,0.0,0.0,0.0,3.0,-3.0,5.0,False,6283.0,2.0,False,
2026-05-14,XOG,0.0,0.0,0.0,0.0,3.0,-3.0,5.0,False,6284.0,2.0,False,
2026-05-14,XOMA,0.0,0.0,0.0,0.0030016711469236456,3.0,27.016711469236455,5.0,True,506.0,5.0,True,
2026-05-14,XOMAD,0.0,0.0,0.0,0.0,3.0,-3.0,5.0,False,6285.0,2.0,False,
2026-05-14,XOMAO,0.0,0.0,0.0,0.0002709860457294957,3.0,-0.29013954270504305,5.0,False,1836.0,3.0,True,
2026-05-14,XON,0.0,0.0,0.0,0.0,3.0,-3.0,5.0,False,6286.0,2.0,False,
2026-05-14,XOOM,0.0,0.0,0.0,0.0,3.0,-3.0,5.0,False,6287.0,2.0,False,
2026-05-14,XOS,0.0,0.0,0.0,0.0009659020130013695,3.0,6.659020130013696,5.0,True,1396.0,4.0,False,
2026-05-14,XP,0.0,0.0,0.0,4.247551041537852e-05,3.0,-2.5752448958462146,5.0,False,1966.0,3.0,True,
2026-05-14,XPAX,0.0,0.0,0.0,0.0,3.0,-3.0,5.0,False,6288.0,2.0,False,
2026-05-14,XPDB,0.0,0.0,0.0,0.0,3.0,-3.0,5.0,False,6289.0,2.0,False,
2026-05-14,XPDI,0.0,0.0,0.0,0.0,3.0,-3.0,5.0,False,6290.0,2.0,False,
2026-05-14,XPEL,0.0,0.0,0.0,0.0007698351072091706,3.0,4.6983510720917065,5.0,False,1527.0,3.0,True,
2026-05-14,XPLR,0.0,0.0,0.0,0.0,3.0,-3.0,5.0,False,6291.0,2.0,False,
2026-05-14,XPON,0.0,0.0,0.0,0.002607329892887666,3.0,23.07329892887666,5.0,True,605.0,5.0,False,
2026-05-14,XRAY,0.0,0.0,0.0,0.0004589243027921995,3.0,1.5892430279219951,5.0,False,1735.0,3.0,True,
2026-05-14,XRDC,0.0,0.0,0.0,0.0,3.0,-3.0,5.0,False,6292.0,2.0,False,
2026-05-14,XRPN,0.0,0.0,0.0,0.00105020758913177,3.0,7.502075891317698,5.0,True,1334.0,4.0,True,
2026-05-14,XRSC,0.0,0.0,0.0,0.0,3.0,-3.0,5.0,False,6293.0,2.0,False,
2026-05-14,XRTX,0.0,0.0,0.0,-0.0010123622932596476,3.0,-13.123622932596476,5.0,False,6797.0,2.0,False,
2026-05-14,XRX,0.0,0.0,0.0,0.004094984928257159,3.0,37.94984928257159,5.0,True,287.0,5.0,False,
2026-05-14,XSLL,0.0,0.0,0.0,0.0,3.0,-3.0,5.0,False,6294.0,2.0,False,
2026-05-14,XSPA,0.0,0.0,0.0,0.0,3.0,-3.0,5.0,False,6295.0,2.0,False,
2026-05-14,XSPL,0.0,0.0,0.0,0.0,3.0,-3.0,5.0,False,6296.0,2.0,False,
2026-05-14,XTEX,0.0,0.0,0.0,0.0,3.0,-3.0,5.0,False,6297.0,2.0,False,
2026-05-14,XTIA,0.0,0.0,0.0,0.0019195909066609556,3.0,16.195909066609556,5.0,True,862.0,4.0,False,
2026-05-14,XTKG,0.0,0.0,0.0,0.0,3.0,-3.0,5.0,False,6298.0,2.0,False,
2026-05-14,XTXI,0.0,0.0,0.0,0.0,3.0,-3.0,5.0,False,6299.0,2.0,False,
2026-05-14,XWEL,0.0,0.0,0.0,0.0011994299601264845,3.0,8.994299601264846,5.0,True,1246.0,4.0,False,
2026-05-14,XWES,0.0,0.0,0.0,0.0,3.0,-3.0,5.0,False,6300.0,2.0,False,
2026-05-14,XWIN,0.0,0.0,0.0,0.0015462803447309718,3.0,12.462803447309717,5.0,True,1040.0,4.0,True,
2026-05-14,XXIA,0.0,0.0,0.0,0.0,3.0,-3.0,5.0,False,6301.0,2.0,False,
2026-05-14,XXII,0.0,0.0,0.0,-0.006667652018099951,3.0,-69.6765201809995,5.0,False,7408.0,1.0,False,
2026-05-14,XYN,0.0,0.0,0.0,0.0,3.0,-3.0,5.0,False,6302.0,2.0,False,
2026-05-14,YAAS,0.0,0.0,0.0,-0.007661367454990202,3.0,-79.61367454990203,5.0,False,7436.0,1.0,False,
2026-05-14,YAYO,0.0,0.0,0.0,0.0,3.0,-3.0,5.0,False,6303.0,2.0,False,
2026-05-14,YCB,0.0,0.0,0.0,0.0,3.0,-3.0,5.0,False,6304.0,2.0,False,
2026-05-14,YDDL,0.0,0.0,0.0,0.0001994362309134987,3.0,-1.0056376908650129,5.0,False,1883.0,3.0,False,
2026-05-14,YDES,0.0,0.0,0.0,1.0926506532124049e-05,3.0,-2.8907349346787594,5.0,False,1981.0,3.0,True,
2026-05-14,YDKG,0.0,0.0,0.0,0.0018517008177984027,3.0,15.517008177984028,5.0,True,899.0,4.0,False,
2026-05-14,YDLE,0.0,0.0,0.0,0.0,3.0,-3.0,5.0,False,6305.0,2.0,False,
2026-05-14,YECO,0.0,0.0,0.0,0.0,3.0,-3.0,5.0,False,6306.0,2.0,False,
2026-05-14,YELL,0.0,0.0,0.0,0.0,3.0,-3.0,5.0,False,6307.0,2.0,False,
2026-05-14,YERR,0.0,0.0,0.0,0.0,3.0,-3.0,5.0,False,6308.0,2.0,False,
2026-05-14,YGF,0.0,0.0,0.0,0.0,3.0,-3.0,5.0,False,6309.0,2.0,False,
2026-05-14,YGMZ,0.0,0.0,0.0,0.0,3.0,-3.0,5.0,False,6310.0,2.0,False,
2026-05-14,YGTY,0.0,0.0,0.0,0.0,3.0,-3.0,5.0,False,6311.0,2.0,False,
2026-05-14,YGYI,0.0,0.0,0.0,0.0,3.0,-3.0,5.0,False,6312.0,2.0,False,
2026-05-14,YHC,0.0,0.0,0.0,0.0017893880750158634,3.0,14.893880750158633,5.0,True,923.0,4.0,False,
2026-05-14,YHGJ,0.0,0.0,0.0,-0.0017798017427792289,3.0,-20.79801742779229,5.0,False,6965.0,1.0,False,
2026-05-14,YHNA,0.0,0.0,0.0,0.0,3.0,-3.0,5.0,False,6313.0,2.0,False,
2026-05-14,YHOO,0.0,0.0,0.0,0.0,3.0,-3.0,5.0,False,6314.0,2.0,False,
2026-05-14,YIBO,0.0,0.0,0.0,0.0023482246197975513,3.0,20.482246197975513,5.0,True,709.0,5.0,False,
2026-05-14,YMAB,0.0,0.0,0.0,0.0,3.0,-3.0,5.0,False,6315.0,2.0,False,
2026-05-14,YMAT,0.0,0.0,0.0,-0.020086245188569062,3.0,-203.86245188569063,5.0,False,7543.0,1.0,False,
2026-05-14,YMTX,0.0,0.0,0.0,0.0,3.0,-3.0,5.0,False,6316.0,2.0,False,
2026-05-14,YNDX,0.0,0.0,0.0,0.0,3.0,-3.0,5.0,False,6317.0,2.0,False,
2026-05-14,YOD,0.0,0.0,0.0,0.0,3.0,-3.0,5.0,False,6318.0,2.0,False,
2026-05-14,YOGA,0.0,0.0,0.0,0.0,3.0,-3.0,5.0,False,6319.0,2.0,False,
2026-05-14,YONG,0.0,0.0,0.0,0.0,3.0,-3.0,5.0,False,6320.0,2.0,False,
2026-05-14,YOOV,0.0,0.0,0.0,-0.005440535272169235,3.0,-57.405352721692346,5.0,False,7355.0,1.0,False,
2026-05-14,YORK,0.0,0.0,0.0,0.0,3.0,-3.0,5.0,False,6321.0,2.0,False,
2026-05-14,YORW,0.0,0.0,0.0,0.0010364961877142869,3.0,7.364961877142868,5.0,True,1343.0,4.0,True,
2026-05-14,YOSH,0.0,0.0,0.0,0.0,3.0,-3.0,5.0,False,6322.0,2.0,False,
2026-05-14,YOTA,0.0,0.0,0.0,0.0,3.0,-3.0,5.0,False,6323.0,2.0,False,
2026-05-14,YPRO,0.0,0.0,0.0,0.0,3.0,-3.0,5.0,False,6324.0,2.0,False,
2026-05-14,YRCW,0.0,0.0,0.0,0.0,3.0,-3.0,5.0,False,6325.0,2.0,False,
2026-05-14,YRIV,0.0,0.0,0.0,0.0,3.0,-3.0,5.0,False,6326.0,2.0,False,
2026-05-14,YS,0.0,0.0,0.0,0.0,3.0,-3.0,5.0,False,6327.0,2.0,False,
2026-05-14,YSWY,0.0,0.0,0.0,0.0018689613397453273,3.0,15.689613397453272,5.0,True,883.0,4.0,True,
2026-05-14,YSXT,0.0,0.0,0.0,0.0033708172913100107,3.0,30.708172913100107,5.0,True,419.0,5.0,False,
2026-05-14,YTEN,0.0,0.0,0.0,0.0,3.0,-3.0,5.0,False,6328.0,2.0,False,
2026-05-14,YTRA,0.0,0.0,0.0,0.002707386613161551,3.0,24.07386613161551,5.0,True,575.0,5.0,False,
2026-05-14,YVR,0.0,0.0,0.0,0.0,3.0,-3.0,5.0,False,6329.0,2.0,False,
2026-05-14,YYAI,0.0,0.0,0.0,-0.002394514606122707,3.0,-26.94514606122707,5.0,False,7100.0,1.0,False,
2026-05-14,YYGH,0.0,0.0,0.0,-0.006029561393632943,3.0,-63.29561393632943,5.0,False,7387.0,1.0,False,
2026-05-14,Z,0.0,0.0,0.0,0.0012370461134067138,3.0,9.370461134067138,5.0,True,1223.0,4.0,True,
2026-05-14,ZAGG,0.0,0.0,0.0,0.0,3.0,-3.0,5.0,False,6330.0,2.0,False,
2026-05-14,ZAIS,0.0,0.0,0.0,0.0,3.0,-3.0,5.0,False,6331.0,2.0,False,
2026-05-14,ZANE,0.0,0.0,0.0,0.0,3.0,-3.0,5.0,False,6332.0,2.0,False,
2026-05-14,ZAPP,0.0,0.0,0.0,0.0,3.0,-3.0,5.0,False,6333.0,2.0,False,
2026-05-14,ZAVV.V,0.0,0.0,0.0,0.0,3.0,-3.0,5.0,False,6334.0,2.0,False,
2026-05-14,ZAZA,0.0,0.0,0.0,0.0,3.0,-3.0,5.0,False,6335.0,2.0,False,
2026-05-14,ZBAI,0.0,0.0,0.0,-0.0021463551057137537,3.0,-24.463551057137536,5.0,False,7048.0,1.0,True,
2026-05-14,ZBAO,0.0,0.0,0.0,-0.0019885871892371,3.0,-22.885871892371,5.0,False,7013.0,1.0,False,
2026-05-14,ZBIO,0.00078125,0.0,0.00078125,0.005067060346796809,3.0,47.67060346796809,5.0,True,181.0,5.0,True,"BUY because predicted alpha is in the top decile. Net alpha after estimated 3.0 bps trading cost is 47.67 bps versus threshold 5.00 bps. Main contributors were intraday_return, parkinson_vol_20, mom_126. Price filter passed; liquidity filter passed."
2026-05-14,ZBRA,0.0,0.0,0.0,-0.0006074708800030457,3.0,-9.074708800030457,5.0,False,6663.0,2.0,True,
2026-05-14,ZCAR,0.0,0.0,0.0,0.0,3.0,-3.0,5.0,False,6336.0,2.0,False,
2026-05-14,ZCMD,0.0,0.0,0.0,0.0005040614931391997,3.0,2.040614931391997,5.0,False,1701.0,3.0,False,
2026-05-14,ZD,0.0,0.0,0.0,-0.00040952953727609926,3.0,-7.095295372760993,5.0,False,6585.0,2.0,True,
2026-05-14,ZDAI,0.0,0.0,0.0,-0.024453975611977125,3.0,-247.53975611977125,5.0,False,7557.0,1.0,False,
2026-05-14,ZDVSV,0.0,0.0,0.0,0.0,3.0,-3.0,5.0,False,6337.0,2.0,False,
2026-05-14,ZENA,0.0,0.0,0.0,-0.001322989227500206,3.0,-16.229892275002058,5.0,False,6877.0,1.0,False,
2026-05-14,ZENV,0.0,0.0,0.0,0.0,3.0,-3.0,5.0,False,6338.0,2.0,False,
2026-05-14,ZEO,0.0,0.0,0.0,-0.0008657366355963374,3.0,-11.657366355963374,5.0,False,6751.0,2.0,False,
2026-05-14,ZEST,0.0,0.0,0.0,0.0,3.0,-3.0,5.0,False,6339.0,2.0,False,
2026-05-14,ZEUS,0.0,0.0,0.0,0.0,3.0,-3.0,5.0,False,6340.0,2.0,False,
2026-05-14,ZFGN,0.0,0.0,0.0,0.0,3.0,-3.0,5.0,False,6341.0,2.0,False,
2026-05-14,ZFOX,0.0,0.0,0.0,0.0,3.0,-3.0,5.0,False,6342.0,2.0,False,
2026-05-14,ZG,0.0,0.0,0.0,0.0003038265705828218,3.0,0.03826570582821809,5.0,False,1821.0,3.0,True,
2026-05-14,ZGM,0.0,0.0,0.0,0.0,3.0,-3.0,5.0,False,6343.0,2.0,False,
2026-05-14,ZGNX,0.0,0.0,0.0,0.0,3.0,-3.0,5.0,False,6344.0,2.0,False,
2026-05-14,ZGYH,0.0,0.0,0.0,0.0,3.0,-3.0,5.0,False,6345.0,2.0,False,
2026-05-14,ZHNE,0.0,0.0,0.0,0.0,3.0,-3.0,5.0,False,6346.0,2.0,False,
2026-05-14,ZI,0.0,0.0,0.0,0.0,3.0,-3.0,5.0,False,6347.0,2.0,False,
2026-05-14,ZIGO,0.0,0.0,0.0,0.0,3.0,-3.0,5.0,False,6348.0,2.0,False,
2026-05-14,ZIMV,0.0,0.0,0.0,0.0,3.0,-3.0,5.0,False,6349.0,2.0,False,
2026-05-14,ZINC,0.0,0.0,0.0,0.0,3.0,-3.0,5.0,False,6350.0,2.0,False,
2026-05-14,ZING,0.0,0.0,0.0,0.0,3.0,-3.0,5.0,False,6351.0,2.0,False,
2026-05-14,ZION,0.0,0.0,0.0,0.0006606122884275702,3.0,3.6061228842757025,5.0,False,1601.0,3.0,True,
2026-05-14,ZION.W,0.0,0.0,0.0,0.0,3.0,-3.0,5.0,False,6352.0,2.0,False,
2026-05-14,ZION.Z,0.0,0.0,0.0,0.0,3.0,-3.0,5.0,False,6353.0,2.0,False,
2026-05-14,ZIONL,0.0,0.0,0.0,0.0,3.0,-3.0,5.0,False,6354.0,2.0,False,
2026-05-14,ZIOP,0.0,0.0,0.0,0.0,3.0,-3.0,5.0,False,6355.0,2.0,False,
2026-05-14,ZIPR,0.0,0.0,0.0,0.0,3.0,-3.0,5.0,False,6356.0,2.0,False,
2026-05-14,ZIVO,0.0,0.0,0.0,0.0,3.0,-3.0,5.0,False,6357.0,2.0,False,
2026-05-14,ZIXI,0.0,0.0,0.0,0.0,3.0,-3.0,5.0,False,6358.0,2.0,False,
2026-05-14,ZJK,0.0,0.0,0.0,-0.0008056979310409776,3.0,-11.056979310409776,5.0,False,6725.0,2.0,False,
2026-05-14,ZJYL,0.0,0.0,0.0,0.0030719065159144202,3.0,27.719065159144204,5.0,True,479.0,5.0,False,
2026-05-14,ZKIN,0.0,0.0,0.0,0.003387615848436434,3.0,30.87615848436434,5.0,True,414.0,5.0,False,
2026-05-14,ZKP,0.0,0.0,0.0,-0.0018990528638893624,3.0,-21.990528638893625,5.0,False,6991.0,1.0,True,
2026-05-14,ZLCS,0.0,0.0,0.0,0.0,3.0,-3.0,5.0,False,6359.0,2.0,False,
2026-05-14,ZLS,0.0,0.0,0.0,0.0,3.0,-3.0,5.0,False,6360.0,2.0,False,
2026-05-14,ZLTQ,0.0,0.0,0.0,0.0,3.0,-3.0,5.0,False,6361.0,2.0,False,
2026-05-14,ZM,0.0,0.0,0.0,0.002699763586425108,3.0,23.99763586425108,5.0,True,580.0,5.0,True,
2026-05-14,ZN,0.0,0.0,0.0,0.0,3.0,-3.0,5.0,False,6362.0,2.0,False,
2026-05-14,ZNB,0.0,0.0,0.0,-0.0001736137269170518,3.0,-4.736137269170518,5.0,False,6463.0,2.0,False,
2026-05-14,ZNGA,0.0,0.0,0.0,0.0,3.0,-3.0,5.0,False,6363.0,2.0,False,
2026-05-14,ZNTE,0.0,0.0,0.0,0.0,3.0,-3.0,5.0,False,6364.0,2.0,False,
2026-05-14,ZNTL,0.0,0.0,0.0,0.0012482019869793437,3.0,9.482019869793437,5.0,True,1218.0,4.0,False,
2026-05-14,ZNWA.A,0.0,0.0,0.0,0.0,3.0,-3.0,5.0,False,6365.0,2.0,False,
2026-05-14,ZOOM,0.0,0.0,0.0,0.0,3.0,-3.0,5.0,False,6366.0,2.0,False,
2026-05-14,ZOOZ,0.0,0.0,0.0,0.0006699410414308608,3.0,3.6994104143086073,5.0,False,1592.0,3.0,False,
2026-05-14,ZPTA,0.0,0.0,0.0,0.0,3.0,-3.0,5.0,False,6367.0,2.0,False,
2026-05-14,ZRAN,0.0,0.0,0.0,0.0,3.0,-3.0,5.0,False,6368.0,2.0,False,
2026-05-14,ZS,0.0,0.0,0.0,0.0012470746412166184,3.0,9.470746412166184,5.0,True,1219.0,4.0,True,
2026-05-14,ZSAN,0.0,0.0,0.0,0.0,3.0,-3.0,5.0,False,6369.0,2.0,False,
2026-05-14,ZSPC,0.0,0.0,0.0,0.0,3.0,-3.0,5.0,False,6370.0,2.0,False,
2026-05-14,ZSPH,0.0,0.0,0.0,0.0,3.0,-3.0,5.0,False,6371.0,2.0,False,
2026-05-14,ZSQR,-0.004457310267857143,-0.004464285714285714,6.975446428571404e-06,-0.007125354128915261,3.0,68.25354128915261,5.0,True,7423.0,1.0,True,"COVER because predicted alpha is in the bottom decile. Net alpha after estimated 3.0 bps trading cost is 68.25 bps versus threshold 5.00 bps. Main contributors were parkinson_vol_20, volume_z_60, mom_5. Price filter passed; liquidity filter passed."
2026-05-14,ZSTK,0.0,0.0,0.0,-0.0018450569207025466,3.0,-21.450569207025467,5.0,False,6982.0,1.0,False,
2026-05-14,ZT,0.0,0.0,0.0,0.0,3.0,-3.0,5.0,False,6372.0,2.0,False,
2026-05-14,ZTEK,0.0,0.0,0.0,0.00926529473104809,3.0,89.6529473104809,5.0,True,19.0,5.0,False,
2026-05-14,ZTG,0.0,0.0,0.0,0.0,3.0,-3.0,5.0,False,6373.0,2.0,False,
2026-05-14,ZU,0.0,0.0,0.0,0.0,3.0,-3.0,5.0,False,6374.0,2.0,False,
2026-05-14,ZUMZ,0.0,0.0,0.0,0.0016472640543557589,3.0,13.472640543557588,5.0,True,991.0,4.0,True,
2026-05-14,ZURA,0.0,0.0,0.0,0.002753813650763389,3.0,24.53813650763389,5.0,True,564.0,5.0,False,
2026-05-14,ZVO,0.0,0.0,0.0,0.0,3.0,-3.0,5.0,False,6375.0,2.0,False,
2026-05-14,ZVRA,0.0,0.0,0.0,0.000244198546025713,3.0,-0.5580145397428704,5.0,False,1851.0,3.0,True,
2026-05-14,ZVSA,0.0,0.0,0.0,0.0,3.0,-3.0,5.0,False,6376.0,2.0,False,
2026-05-14,ZWRK,0.0,0.0,0.0,0.0,3.0,-3.0,5.0,False,6377.0,2.0,False,
2026-05-14,ZY,0.0,0.0,0.0,0.0,3.0,-3.0,5.0,False,6378.0,2.0,False,
2026-05-14,ZYBT,0.0,0.0,0.0,-0.003478496455922513,3.0,-37.78496455922513,5.0,False,7228.0,1.0,False,
2026-05-14,ZYME,0.0,0.0,0.0,0.0023355092008594705,3.0,20.355092008594706,5.0,True,716.0,5.0,True,
2026-05-14,ZYNE,0.0,0.0,0.0,0.0,3.0,-3.0,5.0,False,6379.0,2.0,False,
2026-05-14,ZYXI,0.0,0.0,0.0,0.0,3.0,-3.0,5.0,False,6380.0,2.0,False,
