submitted_at,ticker,paper_side,quantity,limit_price,notional,dry_run,order_status,order_id,error,transaction_cost_bps,slippage_bps,estimated_transaction_cost,estimated_slippage_cost,estimated_total_cost,risk_ok,risk_reason,company_name,final_close_model_side,target_weight,current_weight,order_weight_delta,estimated_order_value,alpha_score,net_alpha_after_cost_bps,alpha_rank,quantile_bucket,top_positive_factor_contributors,top_negative_factor_contributors,residual_score,outlier_flag,price_flag,liquidity_flag,risk_flag,signal_price,reason_text,final_close_target_direction,final_close_has_nonzero_target,paper_signed_notional
2026-05-14T17:13:00.563471+00:00,DGXX,BUY,549,8.68,4765.32,False,Cancelled,1412,,1.0,2.0,0.4765319999999999,0.953064,1.429596,True,,Digi Power X Inc. Subordinate Voting Shares,SELL,0.0044573102678571,0.0044642857142857,-6.975446428571404e-06,-0.6975446428571404,0.0135232208750632,132.23220875063222,1.0,5.0,intraday_return;close_to_low_20;mom_21,parkinson_vol_20;volume_z_60;mom_10,,False,True,True,True,7.22,"SELL because predicted alpha is in the top decile. Net alpha after estimated 3.0 bps trading cost is 132.23 bps versus threshold 5.00 bps. Main contributors were intraday_return, close_to_low_20, mom_21. Price filter passed; liquidity filter passed.",LONG,True,4765.32
2026-05-14T17:13:00.563471+00:00,WYFI,BUY,68,30.16,2050.88,False,Cancelled,2423,,1.0,2.0,0.205088,0.410176,0.615264,True,,"WhiteFiber, Inc. Ordinary Shares",SHORT,-0.00078125,0.0,-0.00078125,-78.125,-0.0035810266882561,32.81026688256128,7234.0,1.0,mom_5;close_to_low_20;mom_21,intraday_return;volume_z_60;mom_10,,False,True,True,True,29.99,"SHORT because predicted alpha is in the bottom decile. Net alpha after estimated 3.0 bps trading cost is 32.81 bps versus threshold 5.00 bps. Main contributors were intraday_return, volume_z_60, mom_10. Price filter passed; liquidity filter passed.",SHORT,True,2050.88
2026-05-14T17:13:00.563471+00:00,HTCO,SELL,637,7.46,4752.02,False,Inactive,1610,,1.0,2.0,0.4752019999999999,0.950404,1.425606,True,,High-Trend International Group Class A Ordinary Shares,COVER,-0.0044573102678571,-0.0044642857142857,6.975446428571404e-06,0.6975446428571404,-0.0180840335457354,177.8403354573547,7535.0,1.0,intraday_return;hl_range_20;volatility_20,parkinson_vol_20;overnight_return;volatility_10,,False,True,True,True,7.22,"COVER because predicted alpha is in the bottom decile. Net alpha after estimated 3.0 bps trading cost is 177.84 bps versus threshold 5.00 bps. Main contributors were parkinson_vol_20, overnight_return, volatility_10. Price filter passed; liquidity filter passed.",SHORT,True,-4752.02
2026-05-14T17:13:00.563471+00:00,KXIN,SELL,693,5.74,3977.82,False,Inactive,1712,,1.0,2.0,0.397782,0.795564,1.193346,True,,Kaixin Holdings Ordinary Shares,COVER,-0.0036760602678571,-0.0044642857142857,0.0007882254464285,78.82254464285712,0.0014833241569414,-17.833241569414653,1080.0,4.0,mom_5;mom_126;hl_range_20,dist_52w_high;volatility_10;mom_63,,False,True,True,True,5.66,"COVER because predicted alpha is in the bottom decile. Net alpha after estimated 3.0 bps trading cost is -17.83 bps versus threshold 5.00 bps. Main contributors were dist_52w_high, volatility_10, mom_63. Price filter passed; liquidity filter passed.",SHORT,True,-3977.82
2026-05-14T17:13:00.563471+00:00,PHOE,SELL,282,14.08,3970.56,False,Inactive,1997,,1.0,2.0,0.397056,0.794112,1.191168,True,,Phoenix Asia Holdings Limited Ordinary Shares,COVER,-0.0036760602678571,-0.0044642857142857,0.0007882254464285,78.82254464285712,-0.0232875687931627,229.87568793162717,7552.0,1.0,hl_range_20;volatility_20;intraday_return,parkinson_vol_20;volatility_10;mom_5,,False,True,False,True,14.18,"COVER because predicted alpha is in the bottom decile. Net alpha after estimated 3.0 bps trading cost is 229.88 bps versus threshold 5.00 bps. Main contributors were parkinson_vol_20, volatility_10, mom_5. Price filter passed; liquidity filter failed.",SHORT,True,-3970.56
2026-05-14T17:13:00.563471+00:00,PSIG,SELL,107,7.24,774.6800000000001,False,Inactive,2048,,1.0,2.0,0.077468,0.154936,0.232404,True,,PS International Group Ltd. Ordinary Shares,,0.0,0.0,0.0,0.0,-0.0015439803465125,-18.4398034651254,6926.0,1.0,parkinson_vol_20;mom_252;volume_z_20,volume_z_60;mom_126;hl_range_20,,False,True,True,True,7.15,,FLAT,False,-774.6800000000001
2026-05-14T17:13:00.563471+00:00,SMX,SELL,433,10.98,4754.34,False,Inactive,2198,,1.0,2.0,0.475434,0.950868,1.4263020000000002,True,,SMX (Security Matters) Public Limited Company Ordinary Shares,COVER,-0.0044573102678571,-0.0044642857142857,6.975446428571404e-06,0.6975446428571404,-0.0406971582972591,403.9715829725918,7580.0,1.0,hl_range_20;volatility_20;close_to_high_20,parkinson_vol_20;intraday_return;mom_5,,False,True,True,True,9.65,"COVER because predicted alpha is in the bottom decile. Net alpha after estimated 3.0 bps trading cost is 403.97 bps versus threshold 5.00 bps. Main contributors were parkinson_vol_20, intraday_return, mom_5. Price filter passed; liquidity filter passed.",SHORT,True,-4754.34
2026-05-14T17:13:00.563471+00:00,STFS,SELL,459,10.36,4755.24,False,Inactive,2225,,1.0,2.0,0.475524,0.951048,1.426572,True,,Star Fashion Culture Holdings Limited Class A Ordinary Shares,COVER,-0.0044573102678571,-0.0044642857142857,6.975446428571404e-06,0.6975446428571404,-0.0192705041223994,189.70504122399475,7540.0,1.0,close_to_low_20;mom_5;hl_range_20,parkinson_vol_20;mom_10;volatility_10,,False,True,True,True,10.81,"COVER because predicted alpha is in the bottom decile. Net alpha after estimated 3.0 bps trading cost is 189.71 bps versus threshold 5.00 bps. Main contributors were parkinson_vol_20, mom_10, volatility_10. Price filter passed; liquidity filter passed.",SHORT,True,-4755.24
2026-05-14T17:13:00.563471+00:00,ERNA,SELL,465,10.21,4747.650000000001,False,PreSubmitted,1454,,1.0,2.0,0.474765,0.94953,1.424295,True,,Ernexa Therapeutics Inc. Common Stock,COVER,-0.0044573102678571,-0.0044642857142857,6.975446428571404e-06,0.6975446428571404,-0.0040063778231221,37.0637782312216,7270.0,1.0,intraday_return;hl_range_20;close_to_low_20,parkinson_vol_20;mom_10;volatility_10,,False,True,True,True,9.56,"COVER because predicted alpha is in the bottom decile. Net alpha after estimated 3.0 bps trading cost is 37.06 bps versus threshold 5.00 bps. Main contributors were parkinson_vol_20, mom_10, volatility_10. Price filter passed; liquidity filter passed.",SHORT,True,-4747.650000000001
2026-05-14T17:13:00.563471+00:00,IPST,SELL,101,7.65,772.6500000000001,False,PreSubmitted,1664,,1.0,2.0,0.077265,0.15453,0.231795,True,,"IP Strategy Holdings, Inc. Common Stock",SHORT,-0.00078125,0.0,-0.00078125,-78.125,-0.0139073977032508,136.07397703250882,7513.0,1.0,hl_range_20;mom_5;mom_1,parkinson_vol_20;intraday_return;overnight_return,,False,True,True,True,8.06,"SHORT because predicted alpha is in the bottom decile. Net alpha after estimated 3.0 bps trading cost is 136.07 bps versus threshold 5.00 bps. Main contributors were parkinson_vol_20, intraday_return, overnight_return. Price filter passed; liquidity filter passed.",SHORT,True,-772.6500000000001
2026-05-14T17:13:00.563471+00:00,ZVRA,SELL,65,11.85,770.25,False,PreSubmitted,2450,,1.0,2.0,0.077025,0.15405,0.2310749999999999,True,,"Zevra Therapeutics, Inc. Common Stock",,0.0,0.0,0.0,0.0,0.0002441985460257,-0.5580145397428704,1851.0,3.0,parkinson_vol_20;volume_z_20;mom_5,intraday_return;volume_z_60;mom_10,,False,True,True,True,11.66,,FLAT,False,-770.25
2026-05-14T17:13:00.563471+00:00,ACHV,BUY,690,5.78,3988.2,False,Submitted,1010,,1.0,2.0,0.39882,0.79764,1.19646,True,,"Achieve Life Sciences, Inc.",SELL,0.0044573102678571,0.0044642857142857,-6.975446428571404e-06,-0.6975446428571404,0.0072956975117314,69.95697511731463,58.0,5.0,mom_5;mom_21;intraday_return,mom_10;roa;mom_1,,False,True,True,True,5.79,"SELL because predicted alpha is in the top decile. Net alpha after estimated 3.0 bps trading cost is 69.96 bps versus threshold 5.00 bps. Main contributors were mom_5, mom_21, intraday_return. Price filter passed; liquidity filter passed.",LONG,True,3988.2
2026-05-14T17:13:00.563471+00:00,ADV,SELL,70,34.86,2440.2,False,Submitted,1031,,1.0,2.0,0.24402,0.48804,0.7320599999999999,True,,Advantage Solutions Inc. Class A Common Stock,,0.0,0.0,0.0,0.0,0.0020362223105677,17.36222310567752,814.0,4.0,mom_63;hl_range_20;intraday_return,mom_5;parkinson_vol_20;mom_1,,False,True,True,True,34.06,,FLAT,False,-2440.2
2026-05-14T17:13:00.563471+00:00,AEI,SELL,852,1.89,1610.28,False,Submitted,1034,,1.0,2.0,0.161028,0.322056,0.483084,True,,Alset Inc. Common Stock (TX),,0.0,0.0,0.0,0.0,0.0051517934009535,48.51793400953536,175.0,5.0,amihud_20;mom_5;volume_z_60,mom_10;mom_63;intraday_return,,False,False,False,True,1.82,,FLAT,False,-1610.28
2026-05-14T17:13:00.563471+00:00,AEYE,SELL,109,7.09,772.81,False,Submitted,1040,,1.0,2.0,0.0772809999999999,0.1545619999999999,0.2318429999999999,True,,"AudioEye, Inc. Common Stock",SHORT,-0.00078125,0.0,-0.00078125,-78.125,-0.0038255851690274,35.25585169027407,7257.0,1.0,overnight_return;parkinson_vol_20;volume_z_20,intraday_return;mom_5;sales_to_price,,False,True,True,True,7.16,"SHORT because predicted alpha is in the bottom decile. Net alpha after estimated 3.0 bps trading cost is 35.26 bps versus threshold 5.00 bps. Main contributors were intraday_return, mom_5, sales_to_price. Price filter passed; liquidity filter passed.",SHORT,True,-772.81
2026-05-14T17:13:00.563471+00:00,AGEN,BUY,138,3.53,487.14,False,Submitted,1046,,1.0,2.0,0.048714,0.097428,0.146142,True,,Agenus Inc.,,0.0,0.0,0.0,0.0,-0.0006140621193669,-9.140621193669835,6666.0,2.0,volume_z_60;hl_range_20;parkinson_vol_20,intraday_return;mom_21;gross_margin,,False,False,True,True,3.58,,FLAT,False,487.14
2026-05-14T17:13:00.563471+00:00,AGPU,BUY,728,5.96,4338.88,False,Submitted,1052,,1.0,2.0,0.433888,0.867776,1.301664,True,,Axe Compute Inc. Common Stock,SELL,0.0044573102678571,0.0044642857142857,-6.975446428571404e-06,-0.6975446428571404,0.0112650207057878,109.65020705787818,6.0,5.0,intraday_return;hl_range_20;volatility_20,parkinson_vol_20;mom_1;volatility_63,,False,True,True,True,5.6,"SELL because predicted alpha is in the top decile. Net alpha after estimated 3.0 bps trading cost is 109.65 bps versus threshold 5.00 bps. Main contributors were intraday_return, hl_range_20, volatility_20. Price filter passed; liquidity filter passed.",LONG,True,4338.88
2026-05-14T17:13:00.563471+00:00,AIRO,SELL,175,6.69,1170.75,False,Submitted,1058,,1.0,2.0,0.117075,0.23415,0.351225,True,,"AIRO Group Holdings, Inc. Common Stock",SHORT,-0.00078125,0.0,-0.00078125,-78.125,-0.0078116066797069,75.1160667970698,7441.0,1.0,overnight_return;volume_z_20;parkinson_vol_20,volume_z_60;intraday_return;mom_1,,False,True,True,True,6.615,"SHORT because predicted alpha is in the bottom decile. Net alpha after estimated 3.0 bps trading cost is 75.12 bps versus threshold 5.00 bps. Main contributors were volume_z_60, intraday_return, mom_1. Price filter passed; liquidity filter passed.",SHORT,True,-1170.75
2026-05-14T17:13:00.563471+00:00,AKAN,SELL,210,22.63,4752.3,False,Submitted,1064,,1.0,2.0,0.47523,0.95046,1.42569,True,,Akanda Corp. Common Shares,COVER,-0.0044573102678571,-0.0044642857142857,6.975446428571404e-06,0.6975446428571404,-0.0183940377281346,180.94037728134697,7538.0,1.0,hl_range_20;volatility_20;close_to_low_20,parkinson_vol_20;intraday_return;mom_5,,False,True,True,True,24.9,"COVER because predicted alpha is in the bottom decile. Net alpha after estimated 3.0 bps trading cost is 180.94 bps versus threshold 5.00 bps. Main contributors were parkinson_vol_20, intraday_return, mom_5. Price filter passed; liquidity filter passed.",SHORT,True,-4752.3
2026-05-14T17:13:00.563471+00:00,AKTS,BUY,24,19.73,473.52,False,Submitted,1070,,1.0,2.0,0.047352,0.094704,0.142056,True,,"Aktis Oncology, Inc. Common stock",,0.0,0.0,0.0,0.0,0.0023068772690311,20.06877269031115,728.0,5.0,volume_z_60;parkinson_vol_20;intraday_return,roa;volume_z_20;close_to_low_20,,False,True,True,True,19.5,,FLAT,False,473.52
2026-05-14T17:13:00.563471+00:00,ALAB,BUY,3,223.71,671.13,False,Submitted,1073,,1.0,2.0,0.067113,0.134226,0.201339,True,,"Astera Labs, Inc. Common Stock",BUY,0.00078125,0.0,0.00078125,78.125,0.0055926621910842,52.92662191084249,125.0,5.0,mom_5;mom_63;mom_21,intraday_return;mom_10;close_to_high_20,,False,True,True,True,228.64,"BUY because predicted alpha is in the top decile. Net alpha after estimated 3.0 bps trading cost is 52.93 bps versus threshold 5.00 bps. Main contributors were mom_5, mom_63, mom_21. Price filter passed; liquidity filter passed.",LONG,True,671.13
2026-05-14T17:13:00.563471+00:00,ALDX,BUY,278,1.68,467.04,False,Submitted,1076,,1.0,2.0,0.0467039999999999,0.0934079999999999,0.140112,True,,"Aldeyra Therapeutics, Inc.",,0.0,0.0,0.0,0.0,-0.0031322926224835,-34.32292622483576,7190.0,1.0,intraday_return;parkinson_vol_20;volume_z_60,price_kurt_63;volatility_63;mom_63,,False,False,True,True,1.66,,FLAT,False,467.04
2026-05-14T17:13:00.563471+00:00,ALHC,BUY,25,16.53,413.25,False,Submitted,1082,,1.0,2.0,0.041325,0.08265,0.123975,True,,"Alignment Healthcare, Inc. Common Stock",COVER,-0.0036760602678571,-0.0044642857142857,0.0007882254464285,78.82254464285712,0.0034843689603877,-37.843689603877095,394.0,5.0,intraday_return;parkinson_vol_20;mom_10,mom_1;volume_z_60;mom_5,,False,True,True,True,16.56,"COVER because predicted alpha is in the bottom decile. Net alpha after estimated 3.0 bps trading cost is -37.84 bps versus threshold 5.00 bps. Main contributors were mom_1, volume_z_60, mom_5. Price filter passed; liquidity filter passed.",SHORT,True,413.25
2026-05-14T17:13:00.563471+00:00,ANAB,BUY,64,61.75,3952.0,False,Submitted,1100,,1.0,2.0,0.3952,0.7904,1.1856,True,,"AnaptysBio, Inc. Common Stock",SELL,0.0036760602678571,0.0044642857142857,-0.0007882254464285,-78.82254464285712,0.0043668116710827,40.66811671082752,246.0,5.0,mom_21;mom_252;hl_range_20,mom_126;mom_5;price_kurt_63,,False,True,True,True,62.19,"SELL because predicted alpha is in the top decile. Net alpha after estimated 3.0 bps trading cost is 40.67 bps versus threshold 5.00 bps. Main contributors were mom_21, mom_252, hl_range_20. Price filter passed; liquidity filter passed.",LONG,True,3952.0
2026-05-14T17:13:00.563471+00:00,ANNA,BUY,802,3.74,2999.48,False,Submitted,1103,,1.0,2.0,0.299948,0.599896,0.899844,True,,"AleAnna, Inc. Class A Common Stock",,0.0,0.0,0.0,0.0,0.0025867157212,22.86715721200064,612.0,5.0,mom_5;hl_range_20;sales_to_price,book_to_market;parkinson_vol_20;volatility_63,,False,False,True,True,3.69,,FLAT,False,2999.48
2026-05-14T17:13:00.563471+00:00,APLS,BUY,71,41.04,2913.84,False,Submitted,1109,,1.0,2.0,0.291384,0.5827680000000001,0.874152,True,,"Apellis Pharmaceuticals, Inc. Common Stock",COVER,0.0,-0.0044642857142857,0.0044642857142857,446.4285714285714,0.0,-3.0,2258.0,2.0,,,,False,False,False,True,,COVER because predicted alpha is in the cost-adjusted no-position band. Net alpha after estimated 3.0 bps trading cost is -3.00 bps versus threshold 5.00 bps. Main contributors were the cross-sectional factor mix. Price filter failed; liquidity filter failed.,FLAT,False,2913.84
2026-05-14T17:13:00.563471+00:00,ASBP,BUY,474,5.17,2450.58,False,Submitted,1130,,1.0,2.0,0.245058,0.490116,0.735174,True,,"Aspire Biopharma Holdings, Inc. Common Stock",SHORT,-0.00078125,0.0,-0.00078125,-78.125,-0.0258982034915116,255.98203491511617,7565.0,1.0,hl_range_20;mom_5;mom_63,parkinson_vol_20;intraday_return;volatility_63,,False,True,True,True,5.87,"SHORT because predicted alpha is in the bottom decile. Net alpha after estimated 3.0 bps trading cost is 255.98 bps versus threshold 5.00 bps. Main contributors were parkinson_vol_20, intraday_return, volatility_63. Price filter passed; liquidity filter passed.",SHORT,True,2450.58
2026-05-14T17:13:00.563471+00:00,ATEX,BUY,18,55.64,1001.52,False,Submitted,1151,,1.0,2.0,0.100152,0.200304,0.300456,True,,Anterix Inc. Common Stock,SELL,0.0036760602678571,0.0044642857142857,-0.0007882254464285,-78.82254464285712,0.0038002405417083,35.00240541708318,338.0,5.0,parkinson_vol_20;mom_21;mom_63,mom_126;mom_10;close_to_high_20,,False,True,True,True,56.62,"SELL because predicted alpha is in the top decile. Net alpha after estimated 3.0 bps trading cost is 35.00 bps versus threshold 5.00 bps. Main contributors were parkinson_vol_20, mom_21, mom_63. Price filter passed; liquidity filter passed.",LONG,True,1001.52
2026-05-14T17:13:00.563471+00:00,AVAV,BUY,24,165.04,3960.96,False,Submitted,1166,,1.0,2.0,0.396096,0.792192,1.188288,True,,"AeroVironment, Inc.",,0.0,0.0,0.0,0.0,0.0017968806443329,14.968806443329914,918.0,4.0,parkinson_vol_20;volume_z_60;mom_10,intraday_return;mom_21;mom_63,,False,True,True,True,165.27,,FLAT,False,3960.96
2026-05-14T17:13:00.563471+00:00,AVNW,BUY,113,16.21,1831.73,False,Submitted,1169,,1.0,2.0,0.183173,0.366346,0.549519,True,,"Aviat Networks, Inc.",SHORT,-0.00078125,0.0,-0.00078125,-78.125,-0.0024139570795473,21.139570795473727,7102.0,1.0,parkinson_vol_20;mom_10;volatility_20,intraday_return;volatility_10;price_kurt_63,,False,True,True,True,16.37,"SHORT because predicted alpha is in the bottom decile. Net alpha after estimated 3.0 bps trading cost is 21.14 bps versus threshold 5.00 bps. Main contributors were intraday_return, volatility_10, price_kurt_63. Price filter passed; liquidity filter passed.",SHORT,True,1831.73
2026-05-14T17:13:00.563471+00:00,AXGN,BUY,40,40.15,1606.0,False,Submitted,1178,,1.0,2.0,0.1606,0.3212,0.4818,True,,"Axogen, Inc. Common Stock",SELL,0.0036760602678571,0.0044642857142857,-0.0007882254464285,-78.82254464285712,0.0036023922861968,33.02392286196838,368.0,5.0,parkinson_vol_20;mom_252;volume_z_60,mom_126;hl_range_20;intraday_return,,False,True,True,True,40.95,"SELL because predicted alpha is in the top decile. Net alpha after estimated 3.0 bps trading cost is 33.02 bps versus threshold 5.00 bps. Main contributors were parkinson_vol_20, mom_252, volume_z_60. Price filter passed; liquidity filter passed.",LONG,True,1606.0
2026-05-14T17:13:00.563471+00:00,BAND,BUY,91,51.9,4722.9,False,Submitted,1187,,1.0,2.0,0.47229,0.94458,1.41687,True,,Bandwidth Inc. Class A Common Stock,SELL,0.0044573102678571,0.0044642857142857,-6.975446428571404e-06,-0.6975446428571404,0.0080994118346354,77.99411834635451,36.0,5.0,close_to_low_20;mom_21;mom_63,mom_126;mom_10;intraday_return,,False,True,True,True,52.1,"SELL because predicted alpha is in the top decile. Net alpha after estimated 3.0 bps trading cost is 77.99 bps versus threshold 5.00 bps. Main contributors were close_to_low_20, mom_21, mom_63. Price filter passed; liquidity filter passed.",LONG,True,4722.9
2026-05-14T17:13:00.563471+00:00,BELFA,BUY,16,240.63,3850.08,False,Submitted,1199,,1.0,2.0,0.385008,0.770016,1.155024,True,,Bel Fuse Inc,SELL,0.0036760602678571,0.0044642857142857,-0.0007882254464285,-78.82254464285712,0.0036125235031926,33.12523503192693,364.0,5.0,parkinson_vol_20;volume_z_60;mom_252,mom_126;mom_5;hl_range_20,,False,True,True,True,242.2,"SELL because predicted alpha is in the top decile. Net alpha after estimated 3.0 bps trading cost is 33.13 bps versus threshold 5.00 bps. Main contributors were parkinson_vol_20, volume_z_60, mom_252. Price filter passed; liquidity filter passed.",LONG,True,3850.08
2026-05-14T17:13:00.563471+00:00,BGDE,SELL,585,6.8,3978.0,False,Submitted,1205,,1.0,2.0,0.3978,0.7956,1.1934,True,,"Big Digital Energy, Inc. Common Stock",COVER,-0.0036760602678571,-0.0044642857142857,0.0007882254464285,78.82254464285712,-0.0101449198870826,98.44919887082672,7478.0,1.0,hl_range_20;volatility_20;close_to_low_20,parkinson_vol_20;mom_10;intraday_return,,False,True,False,True,6.3,"COVER because predicted alpha is in the bottom decile. Net alpha after estimated 3.0 bps trading cost is 98.45 bps versus threshold 5.00 bps. Main contributors were parkinson_vol_20, mom_10, intraday_return. Price filter passed; liquidity filter failed.",SHORT,True,-3978.0
2026-05-14T17:13:00.563471+00:00,BIOA,BUY,42,18.35,770.7,False,Submitted,1211,,1.0,2.0,0.07707,0.15414,0.23121,True,,"BioAge Labs, Inc. Common Stock",,0.0,0.0,0.0,0.0,0.0040891314804905,37.89131480490513,288.0,5.0,mom_252;intraday_return;parkinson_vol_20,mom_126;mom_10;mom_1,,False,True,True,True,18.715,,FLAT,False,770.7
2026-05-14T17:13:00.563471+00:00,BJRI,SELL,59,42.15,2486.85,False,Submitted,1214,,1.0,2.0,0.248685,0.49737,0.7460549999999999,True,,"BJ's Restaurants, Inc.",,0.0,0.0,0.0,0.0,0.0016055791881867,13.055791881867194,1006.0,4.0,parkinson_vol_20;dist_52w_high;mom_5,hl_range_20;volatility_20;close_to_high_20,,False,True,True,True,41.72,,FLAT,False,-2486.85
2026-05-14T17:13:00.563471+00:00,BKR,BUY,12,64.54,774.48,False,Submitted,1220,,1.0,2.0,0.077448,0.154896,0.232344,True,,Baker Hughes Company,,0.0,0.0,0.0,0.0,0.0036124376449919,33.12437644991915,365.0,5.0,parkinson_vol_20;dist_52w_high;overnight_return,hl_range_20;volatility_20;mom_126,,False,True,True,True,64.61,,FLAT,False,774.48
2026-05-14T17:13:00.563471+00:00,BNZI,SELL,184,5.74,1056.16,False,Submitted,1232,,1.0,2.0,0.105616,0.211232,0.316848,True,,"Banzai International, Inc. Class A Common Stock",COVER,-0.0044573102678571,-0.0044642857142857,6.975446428571404e-06,0.6975446428571404,-0.0199383570069339,196.3835700693396,7542.0,1.0,hl_range_20;mom_1;volatility_20,parkinson_vol_20;intraday_return;volatility_10,,False,True,True,True,6.53,"COVER because predicted alpha is in the bottom decile. Net alpha after estimated 3.0 bps trading cost is 196.38 bps versus threshold 5.00 bps. Main contributors were parkinson_vol_20, intraday_return, volatility_10. Price filter passed; liquidity filter passed.",SHORT,True,-1056.16
2026-05-14T17:13:00.563471+00:00,BRCB,SELL,103,7.5,772.5,False,Submitted,1235,,1.0,2.0,0.07725,0.1545,0.23175,True,,"Black Rock Coffee Bar, Inc. Class A Common Stock",SHORT,-0.00078125,0.0,-0.00078125,-78.125,-0.0036284718276815,33.284718276815205,7237.0,1.0,intraday_return;mom_10;close_to_high_20,mom_5;volume_z_60;mom_21,,False,True,True,True,7.16,"SHORT because predicted alpha is in the bottom decile. Net alpha after estimated 3.0 bps trading cost is 33.28 bps versus threshold 5.00 bps. Main contributors were mom_5, volume_z_60, mom_21. Price filter passed; liquidity filter passed.",SHORT,True,-772.5
2026-05-14T17:13:00.563471+00:00,BZAI,BUY,1796,1.72,3089.12,False,Submitted,1247,,1.0,2.0,0.3089119999999999,0.6178239999999999,0.926736,True,,"Blaize Holdings, Inc. Common Stock",,0.0,0.0,0.0,0.0,-0.0020167189008652,-23.167189008652247,7026.0,1.0,hl_range_20;volatility_20;close_to_high_20,parkinson_vol_20;intraday_return;roa,,False,False,True,True,1.77,,FLAT,False,3089.12
2026-05-14T17:13:00.563471+00:00,CABA,BUY,806,3.56,2869.36,False,Submitted,1250,,1.0,2.0,0.286936,0.573872,0.860808,True,,"Cabaletta Bio, Inc. Common Stock",,0.0,0.0,0.0,0.0,-0.0026338523643146,-29.33852364314692,7132.0,1.0,net_margin;hl_range_20;mom_252,operating_margin;intraday_return;mom_5,,False,False,True,True,3.61,,FLAT,False,2869.36
2026-05-14T17:13:00.563471+00:00,CAEP,BUY,39,11.86,462.54,False,Submitted,1253,,1.0,2.0,0.0462539999999999,0.0925079999999999,0.138762,True,,"Cantor Equity Partners III, Inc. Class A Ordinary Shares",,0.0,0.0,0.0,0.0,-0.0009686287215446,-12.68628721544648,6781.0,2.0,parkinson_vol_20;mom_5;volume_z_60,intraday_return;hl_range_20;price_kurt_63,,False,True,False,True,12.49,,FLAT,False,462.54
2026-05-14T17:13:00.563471+00:00,CELC,SELL,5,132.81,664.05,False,Submitted,1274,,1.0,2.0,0.0664049999999999,0.1328099999999999,0.1992149999999999,True,,Celcuity Inc. Common Stock,,0.0,0.0,0.0,0.0,-0.0018972307269648,-21.972307269648216,6990.0,1.0,mom_252;net_margin;mom_1,volume_z_60;intraday_return;operating_margin,,False,True,True,True,134.72,,FLAT,False,-664.05
2026-05-14T17:13:00.563471+00:00,CENX,SELL,26,62.1,1614.6,False,Submitted,1280,,1.0,2.0,0.16146,0.32292,0.48438,True,,Century Aluminum Co,BUY,0.00078125,0.0,0.00078125,78.125,0.0052922194724847,49.92219472484789,161.0,5.0,intraday_return;parkinson_vol_20;mom_252,mom_126;mom_1;hl_range_20,,False,True,True,True,61.44,"BUY because predicted alpha is in the top decile. Net alpha after estimated 3.0 bps trading cost is 49.92 bps versus threshold 5.00 bps. Main contributors were intraday_return, parkinson_vol_20, mom_252. Price filter passed; liquidity filter passed.",LONG,True,-1614.6
2026-05-14T17:13:00.563471+00:00,CEPS,BUY,241,10.18,2453.38,False,Submitted,1283,,1.0,2.0,0.245338,0.490676,0.736014,True,,"Cantor Equity Partners VI, Inc. Class A Ordinary Shares",,0.0,0.0,0.0,0.0,-0.0003757408457443,-6.757408457443516,6567.0,2.0,parkinson_vol_20;volume_z_60;volatility_10,hl_range_20;volatility_20;close_to_high_20,,False,True,False,True,10.17,,FLAT,False,2453.38
2026-05-14T17:13:00.563471+00:00,CGON,BUY,68,69.05,4695.4,False,Submitted,1298,,1.0,2.0,0.4695399999999999,0.93908,1.40862,True,,"CG Oncology, Inc. Common stock",SELL,0.0044573102678571,0.0044642857142857,-6.975446428571404e-06,-0.6975446428571404,0.0066354600736651,63.354600736651776,79.0,5.0,intraday_return;parkinson_vol_20;mom_252,mom_126;mom_1;hl_range_20,,False,True,True,True,69.535,"SELL because predicted alpha is in the top decile. Net alpha after estimated 3.0 bps trading cost is 63.35 bps versus threshold 5.00 bps. Main contributors were intraday_return, parkinson_vol_20, mom_252. Price filter passed; liquidity filter passed.",LONG,True,4695.4
2026-05-14T17:13:00.563471+00:00,CHMG,SELL,4,67.34,269.36,False,Submitted,1301,,1.0,2.0,0.026936,0.053872,0.080808,True,,Chemung Financial Corp,SHORT,-0.00078125,0.0,-0.00078125,-78.125,-0.0028569709436564,25.56970943656476,7162.0,1.0,parkinson_vol_20;volume_z_20;dist_52w_high,volume_z_60;hl_range_20;volatility_20,,False,True,True,True,66.8,"SHORT because predicted alpha is in the bottom decile. Net alpha after estimated 3.0 bps trading cost is 25.57 bps versus threshold 5.00 bps. Main contributors were volume_z_60, hl_range_20, volatility_20. Price filter passed; liquidity filter passed.",SHORT,True,-269.36
2026-05-14T17:13:00.563471+00:00,CHRN,SELL,251,18.93,4751.43,False,Submitted,1304,,1.0,2.0,0.475143,0.950286,1.425429,True,,ChronoScale Corporation Common Stock,COVER,-0.0036760602678571,-0.0044642857142857,0.0007882254464285,78.82254464285712,-0.0022831666723224,19.831666723224448,7082.0,1.0,mom_21;mom_5;hl_range_20,intraday_return;volume_z_60;parkinson_vol_20,,False,True,True,True,17.92,"COVER because predicted alpha is in the bottom decile. Net alpha after estimated 3.0 bps trading cost is 19.83 bps versus threshold 5.00 bps. Main contributors were intraday_return, volume_z_60, parkinson_vol_20. Price filter passed; liquidity filter passed.",SHORT,True,-4751.43
2026-05-14T17:13:00.563471+00:00,CLMT,BUY,126,31.51,3970.26,False,Submitted,1319,,1.0,2.0,0.397026,0.7940520000000001,1.191078,True,,"Calumet, Inc. Common Stock",,0.0,0.0,0.0,0.0,0.003814378933926,35.143789339260685,333.0,5.0,parkinson_vol_20;volume_z_60;mom_252,mom_5;hl_range_20;mom_126,,False,True,True,True,31.33,,FLAT,False,3970.26
2026-05-14T17:13:00.563471+00:00,CLNN,SELL,166,6.45,1070.7,False,Submitted,1322,,1.0,2.0,0.10707,0.21414,0.32121,True,,Clene Inc. Common Stock,COVER,-0.0044573102678571,-0.0044642857142857,6.975446428571404e-06,0.6975446428571404,-0.0053449166077602,50.44916607760253,7350.0,1.0,hl_range_20;mom_1;volatility_20,intraday_return;parkinson_vol_20;volatility_10,,False,True,True,True,7.05,"COVER because predicted alpha is in the bottom decile. Net alpha after estimated 3.0 bps trading cost is 50.45 bps versus threshold 5.00 bps. Main contributors were intraday_return, parkinson_vol_20, volatility_10. Price filter passed; liquidity filter passed.",SHORT,True,-1070.7
2026-05-14T17:13:00.563471+00:00,CMPX,BUY,1565,1.99,3114.35,False,Submitted,1328,,1.0,2.0,0.311435,0.62287,0.934305,True,,"Compass Therapeutics, Inc. Common Stock",,0.0,0.0,0.0,0.0,-0.0019584472705255,-22.584472705255063,7006.0,1.0,volatility_20;close_to_high_20;hl_range_20,parkinson_vol_20;operating_margin;mom_21,,False,False,True,True,1.98,,FLAT,False,3114.35
2026-05-14T17:13:00.563471+00:00,COLA,SELL,134,10.99,1472.66,False,Submitted,1337,,1.0,2.0,0.147266,0.294532,0.441798,True,,Columbus Acquisition Corp Ordinary Shares,,0.0,0.0,0.0,0.0,-0.0012735266460051,-15.735266460051466,6866.0,1.0,parkinson_vol_20;current_ratio;dist_52w_high,hl_range_20;volatility_20;price_kurt_63,,False,True,True,True,10.96,,FLAT,False,-1472.66
2026-05-14T17:13:00.563471+00:00,COYA,BUY,110,4.92,541.2,False,Submitted,1349,,1.0,2.0,0.05412,0.10824,0.16236,True,,"Coya Therapeutics, Inc. Common Stock",SHORT,-0.00078125,0.0,-0.00078125,-78.125,-0.0058812249183028,55.81224918302864,7379.0,1.0,mom_5;mom_1;close_to_low_20,intraday_return;volume_z_60;mom_10,,False,True,True,True,5.26,"SHORT because predicted alpha is in the bottom decile. Net alpha after estimated 3.0 bps trading cost is 55.81 bps versus threshold 5.00 bps. Main contributors were intraday_return, volume_z_60, mom_10. Price filter passed; liquidity filter passed.",SHORT,True,541.2
2026-05-14T17:13:00.563471+00:00,CRMD,SELL,95,8.15,774.25,False,Submitted,1361,,1.0,2.0,0.077425,0.15485,0.2322749999999999,True,,CorMedix Inc.,,0.0,0.0,0.0,0.0,-0.0009987537066215,-12.9875370662158,6793.0,2.0,intraday_return;parkinson_vol_20;volume_z_20,volume_z_60;overnight_return;hl_range_20,,False,True,True,True,7.93,,FLAT,False,-774.25
2026-05-14T17:13:00.563471+00:00,CSCO,SELL,6,115.46,692.76,False,Submitted,1370,,1.0,2.0,0.069276,0.138552,0.207828,True,,"Cisco Systems, Inc. Common Stock (DE)",,0.0,0.0,0.0,0.0,0.0001174623335613,-1.8253766643869869,1928.0,3.0,mom_5;parkinson_vol_20;mom_1,volume_z_60;overnight_return;hl_range_20,,False,True,True,True,115.53,,FLAT,False,-692.76
2026-05-14T17:13:00.563471+00:00,CSGS,BUY,5,80.71,403.55,False,Submitted,1373,,1.0,2.0,0.0403549999999999,0.0807099999999999,0.1210649999999999,True,,CSG Systems International,,0.0,0.0,0.0,0.0,0.0,-3.0,2997.0,2.0,,,,False,False,False,True,,,FLAT,False,403.55
2026-05-14T17:13:00.563471+00:00,CVV,SELL,67,7.3,489.1,False,Submitted,1388,,1.0,2.0,0.0489099999999999,0.0978199999999999,0.1467299999999999,True,,CVD Equipment Corp.,,0.0,0.0,0.0,0.0,0.0041508183788382,38.508183788382446,280.0,5.0,hl_range_20;mom_21;close_to_low_20,parkinson_vol_20;mom_126;volatility_10,,False,True,True,True,6.85,,FLAT,False,-489.1
2026-05-14T17:13:00.563471+00:00,DARE,BUY,1113,2.98,3316.74,False,Submitted,1394,,1.0,2.0,0.3316739999999999,0.6633479999999999,0.995022,True,,"Dare Bioscience, Inc. Common Stock",,0.0,0.0,0.0,0.0,-0.0013372477949633,-16.372477949633492,6878.0,1.0,hl_range_20;mom_21;revenue_growth_yoy,parkinson_vol_20;mom_10;volatility_10,,False,False,True,True,2.86,,FLAT,False,3316.74
2026-05-14T17:13:00.563471+00:00,DOMH,BUY,627,3.92,2457.84,False,Submitted,1421,,1.0,2.0,0.245784,0.491568,0.737352,True,,Dominari Holdings Inc. Common Stock,,0.0,0.0,0.0,0.0,0.0043615154191215,40.615154191215126,248.0,5.0,mom_5;intraday_return;close_to_low_20,mom_10;mom_1;mom_252,,False,False,False,True,3.85,,FLAT,False,2457.84
2026-05-14T17:13:00.563471+00:00,DPRO,SELL,88,5.6,492.8,False,Submitted,1433,,1.0,2.0,0.04928,0.09856,0.14784,True,,Draganfly Inc. Common Shares,,0.0,0.0,0.0,0.0,0.0018657332138378,15.657332138378116,885.0,4.0,parkinson_vol_20;mom_252;mom_5,intraday_return;mom_63;dist_52w_high,,False,True,True,True,5.63,,FLAT,False,-492.8
2026-05-14T17:13:00.563471+00:00,EIKN,BUY,41,12.87,527.67,False,Submitted,1442,,1.0,2.0,0.0527669999999999,0.1055339999999999,0.1583009999999999,True,,"Eikon Therapeutics, Inc. Common Stock",,0.0,0.0,0.0,0.0,0.0028352670383403,25.352670383403115,543.0,5.0,mom_5;close_to_low_20;hl_range_20,intraday_return;mom_10;parkinson_vol_20,,False,True,True,True,13.18,,FLAT,False,527.67
2026-05-14T17:13:00.563471+00:00,ENGN,BUY,2033,1.72,3496.76,False,Submitted,1445,,1.0,2.0,0.349676,0.699352,1.0490279999999998,True,,enGene Therapeutics Inc. Common Stock,,0.0,0.0,0.0,0.0,-0.0108985563324134,-111.98556332413452,7493.0,1.0,volatility_20;close_to_high_20;mom_1,intraday_return;volatility_10;operating_margin,,False,False,True,True,1.81,,FLAT,False,3496.76
2026-05-14T17:13:00.563471+00:00,ENPH,SELL,98,48.39,4742.22,False,Submitted,1448,,1.0,2.0,0.474222,0.948444,1.422666,True,,"Enphase Energy, Inc.",COVER,-0.0044573102678571,-0.0044642857142857,6.975446428571404e-06,0.6975446428571404,-0.0048451909718534,45.4519097185345,7320.0,1.0,mom_5;mom_1;mom_21,intraday_return;volume_z_60;mom_10,,False,True,True,True,48.01,"COVER because predicted alpha is in the bottom decile. Net alpha after estimated 3.0 bps trading cost is 45.45 bps versus threshold 5.00 bps. Main contributors were intraday_return, volume_z_60, mom_10. Price filter passed; liquidity filter passed.",SHORT,True,-4742.22
2026-05-14T17:13:00.563471+00:00,ESOA,BUY,228,17.45,3978.6,False,Submitted,1457,,1.0,2.0,0.39786,0.79572,1.19358,True,,Energy Services of America Corporation Common Stock,SELL,0.0036760602678571,0.0044642857142857,-0.0007882254464285,-78.82254464285712,0.0022709914859185,19.709914859185908,745.0,5.0,parkinson_vol_20;mom_252;mom_1,intraday_return;mom_126;overnight_return,,False,True,True,True,17.42,"SELL because predicted alpha is in the top decile. Net alpha after estimated 3.0 bps trading cost is 19.71 bps versus threshold 5.00 bps. Main contributors were parkinson_vol_20, mom_252, mom_1. Price filter passed; liquidity filter passed.",LONG,True,3978.6
2026-05-14T17:13:00.563471+00:00,EZGO,BUY,91793,0.0257,2359.0801,False,Submitted,1466,,1.0,2.0,0.23590801,0.47181602,0.7077240300000001,True,,EZGO Technologies Ltd. Ordinary Shares,,0.0,0.0,0.0,0.0,-0.0284753211959123,-287.7532119591237,7573.0,1.0,hl_range_20;volatility_20;intraday_return,parkinson_vol_20;mom_5;volatility_10,,False,False,True,True,0.0267,,FLAT,False,2359.0801
2026-05-14T17:13:00.563471+00:00,FABC,SELL,393,4.64,1823.52,False,Submitted,1472,,1.0,2.0,0.182352,0.364704,0.547056,True,,"Fabric.AI, Inc. Common Stock",,0.0,0.0,0.0,0.0,-0.0037720736704555,-40.72073670455588,7252.0,1.0,hl_range_20;intraday_return;close_to_low_20,parkinson_vol_20;mom_10;mom_1,,False,False,True,True,4.2,,FLAT,False,-1823.52
2026-05-14T17:13:00.563471+00:00,FCEL,BUY,38,19.94,757.72,False,Submitted,1478,,1.0,2.0,0.075772,0.151544,0.227316,True,,FuelCell Energy Inc  NEW (DE),SELL,0.0044573102678571,0.0044642857142857,-6.975446428571404e-06,-0.6975446428571404,0.0060833741259457,57.83374125945752,103.0,5.0,mom_5;close_to_low_20;mom_21,intraday_return;parkinson_vol_20;mom_10,,False,True,True,True,21.6,"SELL because predicted alpha is in the top decile. Net alpha after estimated 3.0 bps trading cost is 57.83 bps versus threshold 5.00 bps. Main contributors were mom_5, close_to_low_20, mom_21. Price filter passed; liquidity filter passed.",LONG,True,757.72
2026-05-14T17:13:00.563471+00:00,FLXS,BUY,71,56.06,3980.26,False,Submitted,1502,,1.0,2.0,0.398026,0.7960520000000001,1.1940780000000002,True,,Flexsteel Industries,,0.0,0.0,0.0,0.0,0.0016839573375904,13.839573375904465,973.0,4.0,parkinson_vol_20;mom_21;dist_52w_high,intraday_return;mom_126;close_to_high_20,,False,True,True,True,55.99,,FLAT,False,3980.26
2026-05-14T17:13:00.563471+00:00,FMAO,SELL,28,26.92,753.76,False,Submitted,1508,,1.0,2.0,0.075376,0.150752,0.226128,True,,"Farmers & Merchants Bancorp, Inc.",,0.0,0.0,0.0,0.0,-0.0007683458964171,-10.683458964171574,6714.0,2.0,parkinson_vol_20;dist_52w_high;volatility_10,hl_range_20;volatility_20;volume_z_60,,False,True,True,True,26.73,,FLAT,False,-753.76
2026-05-14T17:13:00.563471+00:00,FRMI,SELL,103,7.48,770.44,False,Submitted,1520,,1.0,2.0,0.077044,0.154088,0.231132,True,,Fermi Inc. Common Stock,COVER,-0.0044573102678571,-0.0044642857142857,6.975446428571404e-06,0.6975446428571404,-0.0063282679201352,60.28267920135269,7397.0,1.0,mom_5;mom_1;hl_range_20,intraday_return;volume_z_60;parkinson_vol_20,,False,True,True,True,7.37,"COVER because predicted alpha is in the bottom decile. Net alpha after estimated 3.0 bps trading cost is 60.28 bps versus threshold 5.00 bps. Main contributors were intraday_return, volume_z_60, parkinson_vol_20. Price filter passed; liquidity filter passed.",SHORT,True,-770.44
2026-05-14T17:13:00.563471+00:00,FSEA,BUY,28,16.66,466.48,False,Submitted,1526,,1.0,2.0,0.046648,0.093296,0.139944,True,,"First Seacoast Bancorp, Inc. Common Stock",,0.0,0.0,0.0,0.0,-0.000249288070198,-5.492880701980406,6503.0,2.0,parkinson_vol_20;mom_21;close_to_low_20,hl_range_20;mom_10;price_kurt_63,,False,True,False,True,16.675,,FLAT,False,466.48
2026-05-14T17:13:00.563471+00:00,GELS,BUY,1107,0.4266,472.2462,False,Submitted,1544,,1.0,2.0,0.04722462,0.09444924,0.14167386,True,,Gelteq Limited Ordinary Shares,,0.0,0.0,0.0,0.0,-0.0010684564686961,-13.684564686961664,6814.0,2.0,hl_range_20;mom_10;close_to_high_20,parkinson_vol_20;mom_21;intraday_return,,False,False,False,True,0.4513,,FLAT,False,472.2462
2026-05-14T17:13:00.563471+00:00,GH,BUY,24,98.36,2360.64,False,Submitted,1550,,1.0,2.0,0.236064,0.472128,0.7081919999999999,True,,"Guardant Health, Inc. Common Stock",SELL,0.0044573102678571,0.0044642857142857,-6.975446428571404e-06,-0.6975446428571404,0.0051760154218121,48.76015421812187,172.0,5.0,parkinson_vol_20;debt_to_equity;mom_5,close_to_high_20;mom_10;volatility_20,,False,True,True,True,98.66,"SELL because predicted alpha is in the top decile. Net alpha after estimated 3.0 bps trading cost is 48.76 bps versus threshold 5.00 bps. Main contributors were parkinson_vol_20, debt_to_equity, mom_5. Price filter passed; liquidity filter passed.",LONG,True,2360.64
2026-05-14T17:13:00.563471+00:00,GLUE,BUY,102,18.68,1905.36,False,Submitted,1556,,1.0,2.0,0.1905359999999999,0.3810719999999999,0.5716079999999999,True,,"Monte Rosa Therapeutics, Inc. Common Stock",BUY,0.00078125,0.0,0.00078125,78.125,0.0053301208546612,50.30120854661234,157.0,5.0,mom_252;parkinson_vol_20;intraday_return,close_to_low_20;mom_5;mom_126,,False,True,True,True,18.68,"BUY because predicted alpha is in the top decile. Net alpha after estimated 3.0 bps trading cost is 50.30 bps versus threshold 5.00 bps. Main contributors were mom_252, parkinson_vol_20, intraday_return. Price filter passed; liquidity filter passed.",LONG,True,1905.36
2026-05-14T17:13:00.563471+00:00,GMM,BUY,396,1.39,550.4399999999999,False,Submitted,1559,,1.0,2.0,0.0550439999999999,0.1100879999999999,0.165132,True,,Global Mofy AI Limited Class A Ordinary Shares,,0.0,0.0,0.0,0.0,-0.0087242895828354,-90.24289582835492,7457.0,1.0,mom_5;mom_1;hl_range_20,intraday_return;parkinson_vol_20;volume_z_60,,False,False,True,True,1.51,,FLAT,False,550.4399999999999
2026-05-14T17:13:00.563471+00:00,GPRE,BUY,92,16.72,1538.2399999999998,False,Submitted,1562,,1.0,2.0,0.153824,0.307648,0.461472,True,,"Green Plains, Inc.",SELL,0.0036760602678571,0.0044642857142857,-0.0007882254464285,-78.82254464285712,0.0039943043129327,36.94304312932757,303.0,5.0,parkinson_vol_20;mom_252;intraday_return,volume_z_60;mom_126;hl_range_20,,False,True,True,True,16.68,"SELL because predicted alpha is in the top decile. Net alpha after estimated 3.0 bps trading cost is 36.94 bps versus threshold 5.00 bps. Main contributors were parkinson_vol_20, mom_252, intraday_return. Price filter passed; liquidity filter passed.",LONG,True,1538.2399999999998
2026-05-14T17:13:00.563471+00:00,GSHD,BUY,108,36.91,3986.28,False,Submitted,1574,,1.0,2.0,0.398628,0.797256,1.195884,True,,"Goosehead Insurance, Inc. Class A Common Stock",SELL,0.0036760602678571,0.0044642857142857,-0.0007882254464285,-78.82254464285712,0.0007828770314563,4.828770314563453,1519.0,3.0,parkinson_vol_20;mom_10;close_to_high_20,mom_5;mom_252;mom_63,,False,True,True,True,36.85,"SELL because predicted alpha is in the top decile. Net alpha after estimated 3.0 bps trading cost is 4.83 bps versus threshold 5.00 bps. Main contributors were parkinson_vol_20, mom_10, close_to_high_20. Price filter passed; liquidity filter passed.",LONG,True,3986.28
2026-05-14T17:13:00.563471+00:00,GTX,BUY,24,32.0,768.0,False,Submitted,1580,,1.0,2.0,0.0768,0.1536,0.2304,True,,Garrett Motion Inc. Common Stock,BUY,0.00078125,0.0,0.00078125,78.125,0.0065443766577967,62.44376657796772,82.0,5.0,mom_21;mom_5;parkinson_vol_20,mom_126;mom_10;hl_range_20,,False,True,True,True,31.87,"BUY because predicted alpha is in the top decile. Net alpha after estimated 3.0 bps trading cost is 62.44 bps versus threshold 5.00 bps. Main contributors were mom_21, mom_5, parkinson_vol_20. Price filter passed; liquidity filter passed.",LONG,True,768.0
2026-05-14T17:13:00.563471+00:00,GV,BUY,1756,0.3071,539.2676,False,Submitted,1583,,1.0,2.0,0.05392676,0.10785352,0.16178028,True,,Visionary Holdings Inc. Common Shares,,0.0,0.0,0.0,0.0,-0.0057303463157225,-60.303463157225,7368.0,1.0,mom_5;hl_range_20;close_to_low_20,parkinson_vol_20;mom_10;intraday_return,,False,False,False,True,0.303,,FLAT,False,539.2676
2026-05-14T17:13:00.563471+00:00,HPK,BUY,69,6.81,469.89,False,Submitted,1604,,1.0,2.0,0.0469889999999999,0.0939779999999999,0.1409669999999999,True,,"HighPeak Energy, Inc. Common Stock",BUY,0.00078125,0.0,0.00078125,78.125,0.0052100166471185,49.10016647118546,167.0,5.0,mom_5;volume_z_60;parkinson_vol_20,intraday_return;volatility_10;mom_252,,False,True,True,True,6.79,"BUY because predicted alpha is in the top decile. Net alpha after estimated 3.0 bps trading cost is 49.10 bps versus threshold 5.00 bps. Main contributors were mom_5, volume_z_60, parkinson_vol_20. Price filter passed; liquidity filter passed.",LONG,True,469.89
2026-05-14T17:13:00.563471+00:00,HROW,SELL,158,30.09,4754.22,False,Submitted,1607,,1.0,2.0,0.475422,0.950844,1.426266,True,,"Harrow, Inc. Common Stock",COVER,-0.0044573102678571,-0.0044642857142857,6.975446428571404e-06,0.6975446428571404,-0.0042403240480585,39.40324048058512,7287.0,1.0,parkinson_vol_20;mom_10;overnight_return,intraday_return;mom_5;mom_21,,False,True,True,True,30.86,"COVER because predicted alpha is in the bottom decile. Net alpha after estimated 3.0 bps trading cost is 39.40 bps versus threshold 5.00 bps. Main contributors were intraday_return, mom_5, mom_21. Price filter passed; liquidity filter passed.",SHORT,True,-4754.22
2026-05-14T17:13:00.563471+00:00,HUHU,SELL,81,9.48,767.88,False,Submitted,1613,,1.0,2.0,0.076788,0.153576,0.2303639999999999,True,,HUHUTECH International Group Inc. Ordinary Shares,,0.0,0.0,0.0,0.0,-0.0021506955280914,-24.50695528091497,7049.0,1.0,intraday_return;parkinson_vol_20;volume_z_20,volume_z_60;mom_5;mom_1,,False,True,True,True,9.31,,FLAT,False,-767.88
2026-05-14T17:13:00.563471+00:00,IMVT,BUY,26,28.81,749.06,False,Submitted,1637,,1.0,2.0,0.074906,0.149812,0.224718,True,,"Immunovant, Inc. Common Stock",,0.0,0.0,0.0,0.0,0.0033030384091434,30.030384091434897,430.0,5.0,parkinson_vol_20;intraday_return;mom_5,hl_range_20;close_to_high_20;mom_126,,False,True,True,True,28.96,,FLAT,False,749.06
2026-05-14T17:13:00.563471+00:00,IMXI,SELL,314,15.12,4747.679999999999,False,Submitted,1640,,1.0,2.0,0.4747679999999999,0.9495359999999998,1.4243039999999998,True,,"International Money Express, Inc.",COVER,-0.0036760602678571,-0.0044642857142857,0.0007882254464285,78.82254464285712,-0.0021715210858749,18.71521085874934,7055.0,1.0,parkinson_vol_20;book_to_market;volatility_63,hl_range_20;price_kurt_63;volatility_20,,False,True,True,True,15.23,"COVER because predicted alpha is in the bottom decile. Net alpha after estimated 3.0 bps trading cost is 18.72 bps versus threshold 5.00 bps. Main contributors were hl_range_20, price_kurt_63, volatility_20. Price filter passed; liquidity filter passed.",SHORT,True,-4747.679999999999
2026-05-14T17:13:00.563471+00:00,INDV,SELL,56,38.08,2132.48,False,Submitted,1646,,1.0,2.0,0.213248,0.426496,0.639744,True,,"Indivior Pharmaceuticals, Inc. Common Stock",BUY,0.00078125,0.0,0.00078125,78.125,0.0049777024684976,46.77702468497659,189.0,5.0,parkinson_vol_20;mom_252;intraday_return,hl_range_20;volatility_20;gross_margin,,False,True,True,True,37.83,"BUY because predicted alpha is in the top decile. Net alpha after estimated 3.0 bps trading cost is 46.78 bps versus threshold 5.00 bps. Main contributors were parkinson_vol_20, mom_252, intraday_return. Price filter passed; liquidity filter passed.",LONG,True,-2132.48
2026-05-14T17:13:00.563471+00:00,INOD,BUY,52,91.44,4754.88,False,Submitted,1649,,1.0,2.0,0.475488,0.950976,1.4264640000000002,True,,Innodata Inc.,SELL,0.0044573102678571,0.0044642857142857,-6.975446428571404e-06,-0.6975446428571404,0.0095883651268186,92.88365126818644,15.0,5.0,mom_5;close_to_low_20;mom_21,mom_10;parkinson_vol_20;volatility_10,,False,True,True,True,90.15,"SELL because predicted alpha is in the top decile. Net alpha after estimated 3.0 bps trading cost is 92.88 bps versus threshold 5.00 bps. Main contributors were mom_5, close_to_low_20, mom_21. Price filter passed; liquidity filter passed.",LONG,True,4754.88
2026-05-14T17:13:00.563471+00:00,IRWD,SELL,715,3.69,2638.35,False,Submitted,1676,,1.0,2.0,0.263835,0.52767,0.7915049999999999,True,,"Ironwood Pharmaceuticals, Inc. - Class A",,0.0,0.0,0.0,0.0,0.0029605821244771,26.605821244771644,512.0,5.0,mom_252;volume_z_60;mom_10,mom_5;mom_21;close_to_low_20,,False,False,True,True,3.67,,FLAT,False,-2638.35
2026-05-14T17:13:00.563471+00:00,ISSC,SELL,115,16.84,1936.6,False,Submitted,1679,,1.0,2.0,0.19366,0.38732,0.58098,True,,Innovative Solutions & Support,,0.0,0.0,0.0,0.0,-0.0005874218951842,-8.874218951842058,6657.0,2.0,intraday_return;volume_z_20;overnight_return,volume_z_60;mom_1;mom_5,,False,True,True,True,17.41,,FLAT,False,-1936.6
2026-05-14T17:13:00.563471+00:00,JBHT,SELL,3,255.56,766.6800000000001,False,Submitted,1685,,1.0,2.0,0.076668,0.153336,0.230004,True,,JB Hunt Transport Services Inc,SHORT,-0.00078125,0.0,-0.00078125,-78.125,-0.004008706668754,37.08706668754073,7271.0,1.0,parkinson_vol_20;volume_z_20;mom_1,volume_z_60;intraday_return;hl_range_20,,False,True,True,True,254.66,"SHORT because predicted alpha is in the bottom decile. Net alpha after estimated 3.0 bps trading cost is 37.09 bps versus threshold 5.00 bps. Main contributors were volume_z_60, intraday_return, hl_range_20. Price filter passed; liquidity filter passed.",SHORT,True,-766.6800000000001
2026-05-14T17:13:00.563471+00:00,JBIO,BUY,66,24.35,1607.1,False,Submitted,1688,,1.0,2.0,0.16071,0.32142,0.48213,True,,"Jade Biosciences, Inc. Common Stock",SELL,0.0044573102678571,0.0044642857142857,-6.975446428571404e-06,-0.6975446428571404,0.0062414536552831,59.41453655283103,93.0,5.0,intraday_return;volume_z_60;mom_252,mom_126;mom_1;volume_z_20,,False,True,True,True,24.13,"SELL because predicted alpha is in the top decile. Net alpha after estimated 3.0 bps trading cost is 59.41 bps versus threshold 5.00 bps. Main contributors were intraday_return, volume_z_60, mom_252. Price filter passed; liquidity filter passed.",LONG,True,1607.1
2026-05-14T17:13:00.563471+00:00,KEEL,SELL,116,4.58,531.28,False,Submitted,1700,,1.0,2.0,0.0531279999999999,0.1062559999999999,0.1593839999999999,True,,Keel Infrastructure Corp. Common Stock,,0.0,0.0,0.0,0.0,-0.0030450897866173,-33.450897866173705,7181.0,1.0,mom_21;close_to_low_20;mom_5,intraday_return;mom_10;volume_z_60,,False,False,True,True,4.61,,FLAT,False,-531.28
2026-05-14T17:13:00.563471+00:00,KMTS,SELL,22,21.92,482.24,False,Submitted,1703,,1.0,2.0,0.048224,0.096448,0.144672,True,,"Kestra Medical Technologies, Ltd. Common Stock",,0.0,0.0,0.0,0.0,0.0010086082900517,7.08608290051723,1365.0,4.0,hl_range_20;mom_5;mom_1,intraday_return;mom_63;mom_10,,False,True,True,True,22.07,,FLAT,False,-482.24
2026-05-14T17:13:00.563471+00:00,KOPN,BUY,293,5.31,1555.83,False,Submitted,1706,,1.0,2.0,0.155583,0.311166,0.4667489999999999,True,,Kopin Corp,SELL,0.0036760602678571,0.0044642857142857,-0.0007882254464285,-78.82254464285712,0.0032647131395925,29.64713139592503,440.0,5.0,mom_21;hl_range_20;close_to_low_20,intraday_return;parkinson_vol_20;mom_126,,False,True,True,True,5.52,"SELL because predicted alpha is in the top decile. Net alpha after estimated 3.0 bps trading cost is 29.65 bps versus threshold 5.00 bps. Main contributors were mom_21, hl_range_20, close_to_low_20. Price filter passed; liquidity filter passed.",LONG,True,1555.83
2026-05-14T17:13:00.563471+00:00,LBRX,BUY,125,31.73,3966.25,False,Submitted,1724,,1.0,2.0,0.396625,0.79325,1.189875,True,,LB Pharmaceuticals Inc Common Stock,,0.0,0.0,0.0,0.0,0.0049384619463895,46.38461946389576,193.0,5.0,intraday_return;parkinson_vol_20;volume_z_60,mom_126;mom_1;close_to_high_20,,False,True,True,True,31.41,,FLAT,False,3966.25
2026-05-14T17:13:00.563471+00:00,LFUS,BUY,1,452.1,452.1,False,Submitted,1733,,1.0,2.0,0.04521,0.09042,0.13563,True,,Littelfuse Inc,,0.0,0.0,0.0,0.0,0.0030198750212962,27.198750212962448,500.0,5.0,intraday_return;parkinson_vol_20;volume_z_20,volume_z_60;mom_126;hl_range_20,,False,True,True,True,459.99,,FLAT,False,452.1
2026-05-14T17:13:00.563471+00:00,LGND,BUY,3,217.32,651.96,False,Submitted,1742,,1.0,2.0,0.065196,0.130392,0.195588,True,,Ligand Pharmaceuticals Inc.,,0.0,0.0,0.0,0.0,0.0044463703137955,41.46370313795542,235.0,5.0,parkinson_vol_20;intraday_return;mom_5,hl_range_20;volatility_20;mom_1,,False,True,True,True,218.98,,FLAT,False,651.96
2026-05-14T17:13:00.563471+00:00,LIEN,SELL,79,9.76,771.04,False,Submitted,1745,,1.0,2.0,0.0771039999999999,0.1542079999999999,0.2313119999999999,True,,"Chicago Atlantic BDC, Inc. Common Stock",SHORT,-0.00078125,0.0,-0.00078125,-78.125,-0.0043287949725986,40.28794972598643,7295.0,1.0,parkinson_vol_20;sales_to_price;mom_1,volume_z_60;intraday_return;book_to_market,,False,True,True,True,9.83,"SHORT because predicted alpha is in the bottom decile. Net alpha after estimated 3.0 bps trading cost is 40.29 bps versus threshold 5.00 bps. Main contributors were volume_z_60, intraday_return, book_to_market. Price filter passed; liquidity filter passed.",SHORT,True,-771.04
2026-05-14T17:13:00.563471+00:00,LIFE,SELL,114,23.08,2631.12,False,Submitted,1748,,1.0,2.0,0.263112,0.526224,0.789336,True,,Ethos Technologies Inc. Class A Common Stock,SELL,0.0036760602678571,0.0044642857142857,-0.0007882254464285,-78.82254464285712,0.0006409438942204,3.4094389422049334,1611.0,3.0,overnight_return;mom_63;mom_21,mom_5;parkinson_vol_20;mom_1,,False,True,True,True,22.47,"SELL because predicted alpha is in the top decile. Net alpha after estimated 3.0 bps trading cost is 3.41 bps versus threshold 5.00 bps. Main contributors were overnight_return, mom_63, mom_21. Price filter passed; liquidity filter passed.",LONG,True,-2631.12
2026-05-14T17:13:00.563471+00:00,LIND,SELL,128,19.51,2497.28,False,Submitted,1754,,1.0,2.0,0.249728,0.499456,0.7491840000000001,True,,Lindblad Expeditions Holdings Inc. Common Stock,,0.0,0.0,0.0,0.0,-0.0009014034025227,-12.014034025227552,6767.0,2.0,parkinson_vol_20;dist_52w_high;mom_252,mom_5;mom_126;overnight_return,,False,True,True,True,19.36,,FLAT,False,-2497.28
2026-05-14T17:13:00.563471+00:00,LINK,BUY,728,3.45,2511.6,False,Submitted,1757,,1.0,2.0,0.25116,0.50232,0.7534799999999999,True,,"Interlink Electronics, Inc. Common Stock",,0.0,0.0,0.0,0.0,-0.0029405066061133,-32.40506606113384,7172.0,1.0,hl_range_20;overnight_return;volume_z_60,intraday_return;parkinson_vol_20;mom_10,,False,False,False,True,3.7,,FLAT,False,2511.6
2026-05-14T17:13:00.563471+00:00,LLYVA,SELL,7,97.81,684.6700000000001,False,Submitted,1763,,1.0,2.0,0.068467,0.136934,0.205401,True,,"Liberty Live Holdings, Inc. Series A Liberty Live Group Common Stock",SHORT,-0.00078125,0.0,-0.00078125,-78.125,-0.0043924161648706,40.92416164870675,7300.0,1.0,parkinson_vol_20;volume_z_20;dist_52w_high,volume_z_60;hl_range_20;volatility_20,,False,True,True,True,97.14,"SHORT because predicted alpha is in the bottom decile. Net alpha after estimated 3.0 bps trading cost is 40.92 bps versus threshold 5.00 bps. Main contributors were volume_z_60, hl_range_20, volatility_20. Price filter passed; liquidity filter passed.",SHORT,True,-684.6700000000001
2026-05-14T17:13:00.563471+00:00,LMRI,SELL,104,7.41,770.64,False,Submitted,1769,,1.0,2.0,0.077064,0.154128,0.2311919999999999,True,,"Lumexa Imaging Holdings, Inc. Common Stock",COVER,-0.0044573102678571,-0.0044642857142857,6.975446428571404e-06,0.6975446428571404,-0.0025541093700236,22.541093700236413,7120.0,1.0,intraday_return;mom_10;volume_z_20,volume_z_60;mom_5;mom_1,,False,True,True,True,7.21,"COVER because predicted alpha is in the bottom decile. Net alpha after estimated 3.0 bps trading cost is 22.54 bps versus threshold 5.00 bps. Main contributors were volume_z_60, mom_5, mom_1. Price filter passed; liquidity filter passed.",SHORT,True,-770.64
2026-05-14T17:13:00.563471+00:00,LOVE,BUY,233,15.13,3525.29,False,Submitted,1772,,1.0,2.0,0.352529,0.705058,1.0575869999999998,True,,The Lovesac Company Common Stock,,0.0,0.0,0.0,0.0,0.0018552058147381,15.55205814738149,894.0,4.0,parkinson_vol_20;sales_to_price;volume_z_60,book_to_market;hl_range_20;volatility_20,,False,True,True,True,15.32,,FLAT,False,3525.29
2026-05-14T17:13:00.563471+00:00,LQDA,BUY,123,58.82,7234.86,False,Submitted,1775,,1.0,2.0,0.723486,1.446972,2.170458,True,,Liquidia Corporation Common Stock,SELL,0.0044573102678571,0.0044642857142857,-6.975446428571404e-06,-0.6975446428571404,0.0076994154201464,73.9941542014642,47.0,5.0,mom_5;close_to_low_20;mom_21,mom_10;mom_126;intraday_return,,False,True,True,True,59.3,"SELL because predicted alpha is in the top decile. Net alpha after estimated 3.0 bps trading cost is 73.99 bps versus threshold 5.00 bps. Main contributors were mom_5, close_to_low_20, mom_21. Price filter passed; liquidity filter passed.",LONG,True,7234.86
2026-05-14T17:13:00.563471+00:00,LWAY,SELL,31,25.02,775.62,False,Submitted,1781,,1.0,2.0,0.077562,0.155124,0.232686,True,,Lifeway Foods Inc,SHORT,-0.00078125,0.0,-0.00078125,-78.125,-0.0034418410615791,31.41841061579144,7224.0,1.0,parkinson_vol_20;overnight_return;volume_z_20,volume_z_60;hl_range_20;mom_1,,False,True,True,True,26.0,"SHORT because predicted alpha is in the bottom decile. Net alpha after estimated 3.0 bps trading cost is 31.42 bps versus threshold 5.00 bps. Main contributors were volume_z_60, hl_range_20, mom_1. Price filter passed; liquidity filter passed.",SHORT,True,-775.62
2026-05-14T17:13:00.563471+00:00,MBBC,BUY,31,14.97,464.07,False,Submitted,1793,,1.0,2.0,0.046407,0.092814,0.1392209999999999,True,,"Marathon Bancorp, Inc. Common Stock",,0.0,0.0,0.0,0.0,0.0020953992112798,17.95399211279899,801.0,4.0,parkinson_vol_20;overnight_return;volume_z_60,hl_range_20;mom_1;mom_126,,False,True,False,True,14.96,,FLAT,False,464.07
2026-05-14T17:13:00.563471+00:00,MBX,SELL,12,37.45,449.4,False,Submitted,1796,,1.0,2.0,0.04494,0.08988,0.13482,True,,"MBX Biosciences, Inc. Common Stock",,0.0,0.0,0.0,0.0,0.0029031468941265,26.03146894126528,523.0,5.0,intraday_return;net_margin;mom_252,operating_margin;volume_z_60;mom_1,,False,True,True,True,35.36,,FLAT,False,-449.4
2026-05-14T17:13:00.563471+00:00,MMED,BUY,151,11.17,1686.67,False,Submitted,1820,,1.0,2.0,0.168667,0.337334,0.506001,True,,"MiniMed Group, Inc. Common Stock",,0.0,0.0,0.0,0.0,0.0025142897191076,22.14289719107699,636.0,5.0,parkinson_vol_20;intraday_return;volume_z_60,mom_21;close_to_low_20;mom_5,,False,True,True,True,11.08,,FLAT,False,1686.67
2026-05-14T17:13:00.563471+00:00,MNPR,SELL,7,59.08,413.56,False,Submitted,1823,,1.0,2.0,0.041356,0.082712,0.1240679999999999,True,,Monopar Therapeutics Inc. Common Stock,SHORT,-0.00078125,0.0,-0.00078125,-78.125,-0.003087791793624,27.87791793624006,7186.0,1.0,net_margin;volume_z_20;parkinson_vol_20,volume_z_60;operating_margin;mom_10,,False,True,True,True,60.99,"SHORT because predicted alpha is in the bottom decile. Net alpha after estimated 3.0 bps trading cost is 27.88 bps versus threshold 5.00 bps. Main contributors were volume_z_60, operating_margin, mom_10. Price filter passed; liquidity filter passed.",SHORT,True,-413.56
2026-05-14T17:13:00.563471+00:00,MNTS,SELL,285,6.39,1821.15,False,Submitted,1826,,1.0,2.0,0.182115,0.36423,0.546345,True,,Momentus Inc. Class A Common Stock,COVER,-0.0036760602678571,-0.0044642857142857,0.0007882254464285,78.82254464285712,-0.0012777192485885,9.777192485885918,6868.0,1.0,hl_range_20;mom_5;intraday_return,parkinson_vol_20;mom_1;mom_10,,False,True,True,True,5.56,"COVER because predicted alpha is in the bottom decile. Net alpha after estimated 3.0 bps trading cost is 9.78 bps versus threshold 5.00 bps. Main contributors were parkinson_vol_20, mom_1, mom_10. Price filter passed; liquidity filter passed.",SHORT,True,-1821.15
2026-05-14T17:13:00.563471+00:00,MOVE,SELL,224,21.24,4757.759999999999,False,Submitted,1829,,1.0,2.0,0.4757759999999999,0.9515519999999998,1.4273279999999997,True,,"Corvex, Inc. Common Stock",COVER,-0.0036760602678571,-0.0044642857142857,0.0007882254464285,78.82254464285712,0.0041000109796241,-44.00010979624118,285.0,5.0,mom_5;gross_margin;mom_63,intraday_return;parkinson_vol_20;roa,,False,True,True,True,20.92,"COVER because predicted alpha is in the bottom decile. Net alpha after estimated 3.0 bps trading cost is -44.00 bps versus threshold 5.00 bps. Main contributors were intraday_return, parkinson_vol_20, roa. Price filter passed; liquidity filter passed.",SHORT,True,-4757.759999999999
2026-05-14T17:13:00.563471+00:00,MPLT,BUY,26,29.32,762.32,False,Submitted,1832,,1.0,2.0,0.076232,0.152464,0.228696,True,,"MapLight Therapeutics, Inc. Common Stock",,0.0,0.0,0.0,0.0,0.0038291924581978,35.29192458197897,331.0,5.0,intraday_return;hl_range_20;mom_63,mom_126;mom_1;volume_z_60,,False,True,True,True,29.29,,FLAT,False,762.32
2026-05-14T17:13:00.563471+00:00,MRLN,BUY,313,7.04,2203.52,False,Submitted,1838,,1.0,2.0,0.220352,0.440704,0.661056,True,,"Merlin, Inc. Common Stock",COVER,-0.0036760602678571,-0.0044642857142857,0.0007882254464285,78.82254464285712,-0.0021769073326305,18.769073326305364,7057.0,1.0,intraday_return;hl_range_20;close_to_high_20,parkinson_vol_20;volume_z_60;mom_21,,False,True,True,True,7.06,"COVER because predicted alpha is in the bottom decile. Net alpha after estimated 3.0 bps trading cost is 18.77 bps versus threshold 5.00 bps. Main contributors were parkinson_vol_20, volume_z_60, mom_21. Price filter passed; liquidity filter passed.",SHORT,True,2203.52
2026-05-14T17:13:00.563471+00:00,MSTR,BUY,19,189.47,3599.93,False,Submitted,1847,,1.0,2.0,0.359993,0.719986,1.079979,True,,Strategy Inc Common Stock Class A,SELL,0.0036760602678571,0.0044642857142857,-0.0007882254464285,-78.82254464285712,0.0012608092421461,9.608092421461585,1214.0,4.0,parkinson_vol_20;mom_21;mom_63,intraday_return;mom_10;mom_252,,False,True,True,True,186.97,"SELL because predicted alpha is in the top decile. Net alpha after estimated 3.0 bps trading cost is 9.61 bps versus threshold 5.00 bps. Main contributors were parkinson_vol_20, mom_21, mom_63. Price filter passed; liquidity filter passed.",LONG,True,3599.93
2026-05-14T17:13:00.563471+00:00,MTCH,BUY,21,35.81,752.01,False,Submitted,1850,,1.0,2.0,0.075201,0.150402,0.225603,True,,"Match Group, Inc",,0.0,0.0,0.0,0.0,0.0042594853439226,39.59485343922624,264.0,5.0,parkinson_vol_20;debt_to_equity;volume_z_60,hl_range_20;volatility_20;close_to_low_20,,False,True,True,True,35.73,,FLAT,False,752.01
2026-05-14T17:13:00.563471+00:00,NEGG,SELL,100,22.49,2249.0,False,Submitted,1877,,1.0,2.0,0.2249,0.4498,0.6747,True,,"Newegg Commerce, Inc. Common Shares",,0.0,0.0,0.0,0.0,0.0014020705153956,11.020705153956625,1135.0,4.0,intraday_return;mom_252;mom_10,mom_5;mom_21;volume_z_60,,False,True,True,True,22.25,,FLAT,False,-2249.0
2026-05-14T17:13:00.563471+00:00,NEO,BUY,475,8.4,3990.0,False,Submitted,1880,,1.0,2.0,0.399,0.798,1.197,True,,"NeoGenomics, Inc.",,0.0,0.0,0.0,0.0,0.0008931943040989,5.931943040989514,1442.0,4.0,volume_z_60;parkinson_vol_20;mom_10,mom_5;mom_63;volume_z_20,,False,True,True,True,8.36,,FLAT,False,3990.0
2026-05-14T17:13:00.563471+00:00,NKLR,SELL,79,6.06,478.74,False,Submitted,1892,,1.0,2.0,0.0478739999999999,0.0957479999999999,0.1436219999999999,True,,Terra Innovatum Global N.V. Ordinary shares,,0.0,0.0,0.0,0.0,-0.0006799703528465,-9.799703528465091,6690.0,2.0,hl_range_20;mom_1;mom_5,intraday_return;parkinson_vol_20;dist_52w_high,,False,True,True,True,6.34,,FLAT,False,-478.74
2026-05-14T17:13:00.563471+00:00,NKSH,SELL,112,35.26,3949.12,False,Submitted,1895,,1.0,2.0,0.394912,0.789824,1.184736,True,,National Bankshares Inc/VA,,0.0,0.0,0.0,0.0,-0.0008450173703427,-11.45017370342713,6743.0,2.0,parkinson_vol_20;volume_z_60;volatility_63,book_to_market;hl_range_20;mom_5,,False,True,False,True,35.15,,FLAT,False,-3949.12
2026-05-14T17:13:00.563471+00:00,NNBR,SELL,1235,2.35,2902.25,False,Submitted,1901,,1.0,2.0,0.290225,0.58045,0.8706750000000001,True,,NN Inc,,0.0,0.0,0.0,0.0,-0.0005579103960488,-8.579103960488016,6647.0,2.0,hl_range_20;volume_z_60;mom_21,mom_5;intraday_return;parkinson_vol_20,,False,False,True,True,2.33,,FLAT,False,-2902.25
2026-05-14T17:13:00.563471+00:00,NRXP,BUY,165,3.2,528.0,False,Submitted,1907,,1.0,2.0,0.0528,0.1056,0.1583999999999999,True,,"NRX Pharmaceuticals, Inc. Common Stock",,0.0,0.0,0.0,0.0,-0.0005247359017684,-8.247359017684476,6636.0,2.0,revenue_growth_yoy;mom_1;mom_63,intraday_return;roa;volume_z_60,,False,False,True,True,3.21,,FLAT,False,528.0
2026-05-14T17:13:00.563471+00:00,NUCL,BUY,440,10.81,4756.400000000001,False,Submitted,1919,,1.0,2.0,0.47564,0.95128,1.4269200000000002,True,,Eagle Nuclear Energy Corp. Common stock,,0.0,0.0,0.0,0.0,0.004493828082321,41.93828082321005,233.0,5.0,hl_range_20;intraday_return;mom_5,parkinson_vol_20;overnight_return;volatility_63,,False,True,True,True,10.86,,FLAT,False,4756.400000000001
2026-05-14T17:13:00.563471+00:00,NVMI,SELL,1,552.97,552.97,False,Submitted,1925,,1.0,2.0,0.055297,0.110594,0.165891,True,,Nova Ltd. Ordinary Shares,SHORT,-0.00078125,0.0,-0.00078125,-78.125,-0.0030659112665165,27.6591126651654,7184.0,1.0,parkinson_vol_20;mom_1;mom_5,intraday_return;volume_z_60;mom_126,,False,True,True,True,556.11,"SHORT because predicted alpha is in the bottom decile. Net alpha after estimated 3.0 bps trading cost is 27.66 bps versus threshold 5.00 bps. Main contributors were intraday_return, volume_z_60, mom_126. Price filter passed; liquidity filter passed.",SHORT,True,-552.97
2026-05-14T17:13:00.563471+00:00,OPRT,BUY,310,5.37,1664.7,False,Submitted,1958,,1.0,2.0,0.16647,0.33294,0.49941,True,,Oportun Financial Corporation Common Stock,,0.0,0.0,0.0,0.0,0.0016136576224771,13.13657622477166,1003.0,4.0,parkinson_vol_20;volume_z_60;mom_10,mom_5;close_to_low_20;mom_252,,False,True,True,True,5.38,,FLAT,False,1664.7
2026-05-14T17:13:00.563471+00:00,OPTX,SELL,104,7.4,769.6,False,Submitted,1964,,1.0,2.0,0.07696,0.15392,0.23088,True,,"Syntec Optics Holdings, Inc. Class A Common Stock",SHORT,-0.00078125,0.0,-0.00078125,-78.125,-0.0077233992367942,74.23399236794232,7437.0,1.0,hl_range_20;mom_252;mom_1,intraday_return;mom_126;parkinson_vol_20,,False,True,True,True,7.64,"SHORT because predicted alpha is in the bottom decile. Net alpha after estimated 3.0 bps trading cost is 74.23 bps versus threshold 5.00 bps. Main contributors were intraday_return, mom_126, parkinson_vol_20. Price filter passed; liquidity filter passed.",SHORT,True,-769.6
2026-05-14T17:13:00.563471+00:00,ORMP,BUY,551,4.72,2600.72,False,Submitted,1970,,1.0,2.0,0.2600719999999999,0.5201439999999999,0.7802159999999999,True,,Oramed Pharmaceuticals Inc.,,0.0,0.0,0.0,0.0,0.0042103075699054,39.10307569905482,271.0,5.0,mom_5;parkinson_vol_20;volume_z_60,intraday_return;mom_126;mom_10,,False,False,False,True,4.73,,FLAT,False,2600.72
2026-05-14T17:13:00.563471+00:00,PAHC,SELL,130,36.35,4725.5,False,Submitted,1976,,1.0,2.0,0.47255,0.9451,1.41765,True,,Phibro Animal Health Corporation Class A,COVER,-0.0044573102678571,-0.0044642857142857,6.975446428571404e-06,0.6975446428571404,-0.0033804176222295,30.80417622229512,7215.0,1.0,mom_10;parkinson_vol_20;close_to_high_20,mom_5;volume_z_60;intraday_return,,False,True,True,True,36.15,"COVER because predicted alpha is in the bottom decile. Net alpha after estimated 3.0 bps trading cost is 30.80 bps versus threshold 5.00 bps. Main contributors were mom_5, volume_z_60, intraday_return. Price filter passed; liquidity filter passed.",SHORT,True,-4725.5
2026-05-14T17:13:00.563471+00:00,PENG,BUY,353,47.19,16658.07,False,Submitted,1988,,1.0,2.0,1.665807,3.331614,4.997421,True,,"Penguin Solutions, Inc. Ordinary Shares",SELL,0.0044573102678571,0.0044642857142857,-6.975446428571404e-06,-0.6975446428571404,0.00669275797407,63.927579740700736,74.0,5.0,mom_5;mom_21;close_to_low_20,mom_10;intraday_return;mom_126,,False,True,True,True,49.44,"SELL because predicted alpha is in the top decile. Net alpha after estimated 3.0 bps trading cost is 63.93 bps versus threshold 5.00 bps. Main contributors were mom_5, mom_21, close_to_low_20. Price filter passed; liquidity filter passed.",LONG,True,16658.07
2026-05-14T17:13:00.563471+00:00,PFIS,SELL,5,57.74,288.7,False,Submitted,1994,,1.0,2.0,0.02887,0.05774,0.0866099999999999,True,,Peoples Financial Services Corp.,,0.0,0.0,0.0,0.0,-0.0014340970989214,-17.340970989214284,6904.0,1.0,parkinson_vol_20;dist_52w_high;volatility_10,volume_z_60;hl_range_20;book_to_market,,False,True,True,True,57.72,,FLAT,False,-288.7
2026-05-14T17:13:00.563471+00:00,PHVS,BUY,78,31.73,2474.94,False,Submitted,2000,,1.0,2.0,0.247494,0.494988,0.742482,True,,Pharvaris N.V. Ordinary Shares,,0.0,0.0,0.0,0.0,0.004609375727699,43.09375727699058,222.0,5.0,intraday_return;parkinson_vol_20;mom_5,volume_z_60;mom_1;mom_126,,False,True,True,True,30.7,,FLAT,False,2474.94
2026-05-14T17:13:00.563471+00:00,PICS,SELL,200,11.85,2370.0,False,Submitted,2003,,1.0,2.0,0.237,0.474,0.711,True,,PicS N.V. Class A Common Shares,,0.0,0.0,0.0,0.0,0.0018633668552356,15.633668552356152,887.0,4.0,intraday_return;volume_z_60;parkinson_vol_20,mom_5;mom_1;close_to_low_20,,False,True,True,True,11.55,,FLAT,False,-2370.0
2026-05-14T17:13:00.563471+00:00,PLAB,SELL,9,52.49,472.41,False,Submitted,2006,,1.0,2.0,0.047241,0.094482,0.141723,True,,Photronics Inc,,0.0,0.0,0.0,0.0,0.0032540488246307,29.540488246307675,446.0,5.0,parkinson_vol_20;volume_z_60;mom_252,mom_126;hl_range_20;close_to_high_20,,False,True,True,True,52.01,,FLAT,False,-472.41
2026-05-14T17:13:00.563471+00:00,PLSE,SELL,8,27.05,216.4,False,Submitted,2009,,1.0,2.0,0.02164,0.04328,0.06492,True,,"Pulse Biosciences, Inc Common Stock (DE)",SELL,0.0036760602678571,0.0044642857142857,-0.0007882254464285,-78.82254464285712,0.0010466226234536,7.466226234536483,1336.0,4.0,mom_5;gross_margin;mom_1,intraday_return;volume_z_60;operating_margin,,False,True,True,True,27.1,"SELL because predicted alpha is in the top decile. Net alpha after estimated 3.0 bps trading cost is 7.47 bps versus threshold 5.00 bps. Main contributors were mom_5, gross_margin, mom_1. Price filter passed; liquidity filter passed.",LONG,True,-216.4
2026-05-14T17:13:00.563471+00:00,PMTR,BUY,237,10.33,2448.21,False,Submitted,2012,,1.0,2.0,0.244821,0.489642,0.7344630000000001,True,,Perimeter Acquisition Corp. I Class A Ordinary Shares,,0.0,0.0,0.0,0.0,0.0004066599755414,1.0665997554140656,1768.0,3.0,parkinson_vol_20;volume_z_60;volatility_10,hl_range_20;volatility_20;close_to_high_20,,False,True,False,True,10.34,,FLAT,False,2448.21
2026-05-14T17:13:00.563471+00:00,PNRG,BUY,15,254.92,3823.8,False,Submitted,2015,,1.0,2.0,0.38238,0.76476,1.14714,True,,PrimeEnergy Resources Corporation Common Stock,,0.0,0.0,0.0,0.0,0.004230244086862,39.30244086862079,267.0,5.0,mom_5;mom_21;parkinson_vol_20,mom_126;close_to_high_20;mom_10,,False,True,True,True,253.36,,FLAT,False,3823.8
2026-05-14T17:13:00.563471+00:00,PNTG,SELL,69,36.9,2546.1,False,Submitted,2018,,1.0,2.0,0.25461,0.50922,0.76383,True,,"The Pennant Group, Inc. Common Stock",,0.0,0.0,0.0,0.0,0.0007170895339565,4.170895339565734,1557.0,3.0,parkinson_vol_20;mom_21;dist_52w_high,intraday_return;mom_10;hl_range_20,,False,True,True,True,36.9,,FLAT,False,-2546.1
2026-05-14T17:13:00.563471+00:00,POET,BUY,178,19.31,3437.18,False,Submitted,2021,,1.0,2.0,0.3437179999999999,0.6874359999999999,1.031154,True,,POET Technologies Inc. Common Shares,SELL,0.0028948102678571,0.0044642857142857,-0.0015694754464285,-156.94754464285714,-0.005582393265653,-58.8239326565301,7357.0,1.0,mom_5;hl_range_20;close_to_low_20,parkinson_vol_20;intraday_return;mom_126,,False,True,True,True,20.57,"SELL because predicted alpha is in the top decile. Net alpha after estimated 3.0 bps trading cost is -58.82 bps versus threshold 5.00 bps. Main contributors were mom_5, hl_range_20, close_to_low_20. Price filter passed; liquidity filter passed.",LONG,True,3437.18
2026-05-14T17:13:00.563471+00:00,POLE,BUY,44,10.72,471.68,False,Submitted,2024,,1.0,2.0,0.047168,0.094336,0.141504,True,,Andretti Acquisition Corp. II Class A Ordinary Shares,,0.0,0.0,0.0,0.0,0.0004580056827893,1.5800568278939018,1737.0,3.0,parkinson_vol_20;volume_z_60;volatility_10,hl_range_20;volatility_20;close_to_high_20,,False,True,False,True,10.71,,FLAT,False,471.68
2026-05-14T17:13:00.563471+00:00,PPTA,BUY,151,31.36,4735.36,False,Submitted,2033,,1.0,2.0,0.4735359999999999,0.947072,1.420608,True,,Perpetua Resources Corp. Common Shares,SELL,0.0044573102678571,0.0044642857142857,-6.975446428571404e-06,-0.6975446428571404,0.0063247474343971,60.24747434397168,88.0,5.0,parkinson_vol_20;intraday_return;mom_5,mom_10;mom_126;hl_range_20,,False,True,True,True,31.1,"SELL because predicted alpha is in the top decile. Net alpha after estimated 3.0 bps trading cost is 60.25 bps versus threshold 5.00 bps. Main contributors were parkinson_vol_20, intraday_return, mom_5. Price filter passed; liquidity filter passed.",LONG,True,4735.36
2026-05-14T17:13:00.563471+00:00,PRAA,SELL,52,14.71,764.9200000000001,False,Submitted,2036,,1.0,2.0,0.076492,0.152984,0.229476,True,,"PRA Group, Inc.",SHORT,-0.00078125,0.0,-0.00078125,-78.125,-0.0027113201574061,24.11320157406121,7142.0,1.0,mom_10;close_to_high_20;volume_z_20,mom_5;volume_z_60;mom_21,,False,True,True,True,14.72,"SHORT because predicted alpha is in the bottom decile. Net alpha after estimated 3.0 bps trading cost is 24.11 bps versus threshold 5.00 bps. Main contributors were mom_5, volume_z_60, mom_21. Price filter passed; liquidity filter passed.",SHORT,True,-764.9200000000001
2026-05-14T17:13:00.563471+00:00,PRE,BUY,229,17.39,3982.31,False,Submitted,2039,,1.0,2.0,0.398231,0.796462,1.194693,True,,Prenetics Global Limited Class A Ordinary Share,,0.0,0.0,0.0,0.0,0.0015329052295722,12.329052295722107,1050.0,4.0,mom_5;mom_252;parkinson_vol_20,volume_z_60;intraday_return;mom_126,,False,True,True,True,17.59,,FLAT,False,3982.31
2026-05-14T17:13:00.563471+00:00,PRTA,SELL,176,9.77,1719.52,False,Submitted,2042,,1.0,2.0,0.171952,0.343904,0.515856,True,,Prothena Corporation plc Ordinary Shares,COVER,-0.0044573102678571,-0.0044642857142857,6.975446428571404e-06,0.6975446428571404,-0.0060141771614828,57.1417716148287,7385.0,1.0,parkinson_vol_20;mom_10;dist_52w_high,earnings_yield;book_to_market;intraday_return,,False,True,True,True,9.86,"COVER because predicted alpha is in the bottom decile. Net alpha after estimated 3.0 bps trading cost is 57.14 bps versus threshold 5.00 bps. Main contributors were earnings_yield, book_to_market, intraday_return. Price filter passed; liquidity filter passed.",SHORT,True,-1719.52
2026-05-14T17:13:00.563471+00:00,PRTH,BUY,663,6.02,3991.26,False,Submitted,2045,,1.0,2.0,0.399126,0.798252,1.197378,True,,"Priority Technology Holdings, Inc.",SELL,0.0036760602678571,0.0044642857142857,-0.0007882254464285,-78.82254464285712,0.0025324119328903,22.3241193289034,629.0,5.0,parkinson_vol_20;mom_5;debt_to_equity,intraday_return;hl_range_20;mom_10,,False,True,True,True,5.98,"SELL because predicted alpha is in the top decile. Net alpha after estimated 3.0 bps trading cost is 22.32 bps versus threshold 5.00 bps. Main contributors were parkinson_vol_20, mom_5, debt_to_equity. Price filter passed; liquidity filter passed.",LONG,True,3991.26
2026-05-14T17:13:00.563471+00:00,PYXS,SELL,183,2.25,411.75,False,Submitted,2060,,1.0,2.0,0.041175,0.08235,0.123525,True,,"Pyxis Oncology, Inc. Common Stock",,0.0,0.0,0.0,0.0,0.0039052291197548,36.05229119754826,315.0,5.0,intraday_return;hl_range_20;volatility_20,parkinson_vol_20;mom_1;volume_z_60,,False,False,True,True,2.21,,FLAT,False,-411.75
2026-05-14T17:13:00.563471+00:00,QMCO,SELL,53,8.83,467.99,False,Submitted,2069,,1.0,2.0,0.046799,0.093598,0.140397,True,,Quantum Corporation,,0.0,0.0,0.0,0.0,0.0010368872349394,7.368872349394413,1342.0,4.0,hl_range_20;mom_63;mom_21,mom_10;volatility_10;intraday_return,,False,True,True,True,8.8,,FLAT,False,-467.99
2026-05-14T17:13:00.563471+00:00,QNTM,SELL,113,6.84,772.92,False,Submitted,2072,,1.0,2.0,0.077292,0.154584,0.231876,True,,Quantum Biopharma Ltd. Class B Subordinate Voting Shares,,0.0,0.0,0.0,0.0,-0.0001060451509158,-4.060451509158543,6427.0,2.0,mom_5;close_to_low_20;hl_range_20,intraday_return;parkinson_vol_20;mom_10,,False,True,True,True,6.87,,FLAT,False,-772.92
2026-05-14T17:13:00.563471+00:00,QSEA,SELL,74,10.42,771.08,False,Submitted,2075,,1.0,2.0,0.077108,0.154216,0.231324,True,,Quartzsea Acquisition Corporation Ordinary Shares,SHORT,-0.00078125,0.0,-0.00078125,-78.125,-0.0061251115327824,58.25111532782456,7390.0,1.0,parkinson_vol_20;volume_z_20;volatility_10,volume_z_60;hl_range_20;volatility_20,,False,True,True,True,10.43,"SHORT because predicted alpha is in the bottom decile. Net alpha after estimated 3.0 bps trading cost is 58.25 bps versus threshold 5.00 bps. Main contributors were volume_z_60, hl_range_20, volatility_20. Price filter passed; liquidity filter passed.",SHORT,True,-771.08
2026-05-14T17:13:00.563471+00:00,QTI,SELL,602,6.6,3973.2,False,Submitted,2078,,1.0,2.0,0.39732,0.79464,1.19196,True,,"QT Imaging Holdings, Inc. Common Stock",,0.0,0.0,0.0,0.0,-0.0024568460367788,-27.568460367788035,7109.0,1.0,parkinson_vol_20;mom_1;operating_margin,intraday_return;overnight_return;roa,,False,True,False,True,6.71005,,FLAT,False,-3973.2
2026-05-14T17:13:00.563471+00:00,QURE,BUY,91,27.17,2472.4700000000003,False,Submitted,2084,,1.0,2.0,0.247247,0.494494,0.7417410000000001,True,,uniQure N.V.,SELL,0.0044573102678571,0.0044642857142857,-6.975446428571404e-06,-0.6975446428571404,0.0073008115347854,70.00811534785419,57.0,5.0,intraday_return;mom_21;mom_5,mom_10;mom_1;volatility_63,,False,True,True,True,27.75,"SELL because predicted alpha is in the top decile. Net alpha after estimated 3.0 bps trading cost is 70.01 bps versus threshold 5.00 bps. Main contributors were intraday_return, mom_21, mom_5. Price filter passed; liquidity filter passed.",LONG,True,2472.4700000000003
2026-05-14T17:13:00.563471+00:00,RBCAA,SELL,10,76.68,766.8000000000001,False,Submitted,2087,,1.0,2.0,0.07668,0.15336,0.23004,True,,Republic Bancorp Inc/KY,,0.0,0.0,0.0,0.0,-0.0016187129582975,-19.18712958297511,6936.0,1.0,parkinson_vol_20;volume_z_20;volatility_10,volume_z_60;hl_range_20;close_to_high_20,,False,True,True,True,76.67,,FLAT,False,-766.8000000000001
2026-05-14T17:13:00.563471+00:00,RDVT,SELL,51,46.09,2350.59,False,Submitted,2090,,1.0,2.0,0.235059,0.470118,0.705177,True,,"Red Violet, Inc. Common Stock",,0.0,0.0,0.0,0.0,0.0007231234087352,4.231234087352821,1553.0,3.0,parkinson_vol_20;intraday_return;mom_21,volume_z_60;mom_10;mom_5,,False,True,True,True,45.39,,FLAT,False,-2350.59
2026-05-14T17:13:00.563471+00:00,RDZN,BUY,1673,1.88,3145.24,False,Submitted,2093,,1.0,2.0,0.3145239999999999,0.6290479999999999,0.943572,True,,"Roadzen, Inc. Ordinary Shares",,0.0,0.0,0.0,0.0,0.0028534181672351,25.5341816723518,536.0,5.0,hl_range_20;mom_21;close_to_low_20,parkinson_vol_20;roa;volume_z_20,,False,False,False,True,1.85,,FLAT,False,3145.24
2026-05-14T17:13:00.563471+00:00,RGNX,SELL,122,6.31,769.8199999999999,False,Submitted,2099,,1.0,2.0,0.076982,0.153964,0.2309459999999999,True,,REGENXBIO Inc.,,0.0,0.0,0.0,0.0,-0.0013797477923237,-16.797477923237395,6885.0,1.0,intraday_return;overnight_return;volatility_20,volume_z_60;mom_5;mom_1,,False,True,True,True,6.245,,FLAT,False,-769.8199999999999
2026-05-14T17:13:00.563471+00:00,RILY,BUY,466,9.16,4268.56,False,Submitted,2105,,1.0,2.0,0.426856,0.853712,1.2805680000000002,True,,"BRC Group Holdings, Inc. Common Stock",SELL,0.0036760602678571,0.0044642857142857,-0.0007882254464285,-78.82254464285712,0.0009977027525033,6.977027525033808,1378.0,4.0,mom_1;sales_to_price;mom_252,intraday_return;volume_z_60;mom_126,,False,True,True,True,9.34,"SELL because predicted alpha is in the top decile. Net alpha after estimated 3.0 bps trading cost is 6.98 bps versus threshold 5.00 bps. Main contributors were mom_1, sales_to_price, mom_252. Price filter passed; liquidity filter passed.",LONG,True,4268.56
2026-05-14T17:13:00.563471+00:00,ROOT,BUY,29,56.17,1628.93,False,Submitted,2120,,1.0,2.0,0.162893,0.325786,0.488679,True,,"Root, Inc. Class A Common Stock",,0.0,0.0,0.0,0.0,0.0030146302844502,27.146302844502756,503.0,5.0,sales_to_price;parkinson_vol_20;intraday_return,book_to_market;mom_252;dist_52w_high,,False,True,True,True,56.54,,FLAT,False,1628.93
2026-05-14T17:13:00.563471+00:00,RVMD,SELL,26,149.12,3877.12,False,Submitted,2123,,1.0,2.0,0.387712,0.775424,1.163136,True,,"Revolution Medicines, Inc. Common Stock",,0.0,0.0,0.0,0.0,0.0001957164998423,-1.0428350015767256,1887.0,3.0,parkinson_vol_20;mom_252;net_margin,operating_margin;mom_126;price_kurt_63,,False,True,True,True,149.47,,FLAT,False,-3877.12
2026-05-14T17:13:00.563471+00:00,RXT,SELL,114,6.79,774.0600000000001,False,Submitted,2126,,1.0,2.0,0.077406,0.154812,0.232218,True,,"Rackspace Technology, Inc. Common Stock",SELL,0.0028948102678571,0.0044642857142857,-0.0015694754464285,-156.94754464285714,-0.0039212733621171,-42.21273362117154,7267.0,1.0,mom_5;hl_range_20;close_to_low_20,parkinson_vol_20;intraday_return;mom_126,,False,True,True,True,7.29,"SELL because predicted alpha is in the top decile. Net alpha after estimated 3.0 bps trading cost is -42.21 bps versus threshold 5.00 bps. Main contributors were mom_5, hl_range_20, close_to_low_20. Price filter passed; liquidity filter passed.",LONG,True,-774.0600000000001
2026-05-14T17:13:00.563471+00:00,SCZM,BUY,80,9.67,773.6,False,Submitted,2150,,1.0,2.0,0.07736,0.15472,0.23208,True,,Santacruz Silver Mining Ltd. Common Shares,,0.0,0.0,0.0,0.0,0.0043912987229956,40.91298722995641,242.0,5.0,volume_z_60;intraday_return;parkinson_vol_20,mom_10;mom_1;volume_z_20,,False,True,True,True,9.7,,FLAT,False,773.6
2026-05-14T17:13:00.563471+00:00,SEAT,SELL,417,9.53,3974.01,False,Submitted,2153,,1.0,2.0,0.3974009999999999,0.7948019999999999,1.192203,True,,Vivid Seats Inc. Class A Common Stock,COVER,-0.0036760602678571,-0.0044642857142857,0.0007882254464285,78.82254464285712,-0.0023146153697966,20.14615369796622,7089.0,1.0,hl_range_20;close_to_low_20;mom_21,parkinson_vol_20;mom_10;intraday_return,,False,True,True,True,9.25,"COVER because predicted alpha is in the bottom decile. Net alpha after estimated 3.0 bps trading cost is 20.15 bps versus threshold 5.00 bps. Main contributors were parkinson_vol_20, mom_10, intraday_return. Price filter passed; liquidity filter passed.",SHORT,True,-3974.01
2026-05-14T17:13:00.563471+00:00,SEIC,BUY,8,91.94,735.52,False,Submitted,2156,,1.0,2.0,0.0735519999999999,0.1471039999999999,0.2206559999999999,True,,SEI Investments Co,,0.0,0.0,0.0,0.0,0.0038630808117176,35.6308081171769,320.0,5.0,parkinson_vol_20;intraday_return;volume_z_60,hl_range_20;volatility_20;close_to_high_20,,False,True,True,True,91.7,,FLAT,False,735.52
2026-05-14T17:13:00.563471+00:00,SEPN,SELL,98,26.56,2602.88,False,Submitted,2159,,1.0,2.0,0.2602879999999999,0.5205759999999999,0.7808639999999999,True,,"Septerna, Inc. Common Stock",SHORT,-0.00078125,0.0,-0.00078125,-78.125,-0.0029514624900173,26.51462490017388,7174.0,1.0,mom_1;mom_5;mom_252,intraday_return;volume_z_60;mom_10,,False,True,True,True,28.32,"SHORT because predicted alpha is in the bottom decile. Net alpha after estimated 3.0 bps trading cost is 26.51 bps versus threshold 5.00 bps. Main contributors were intraday_return, volume_z_60, mom_10. Price filter passed; liquidity filter passed.",SHORT,True,-2602.88
2026-05-14T17:13:00.563471+00:00,SERV,SELL,54,8.99,485.46,False,Submitted,2162,,1.0,2.0,0.048546,0.097092,0.145638,True,,Serve Robotics Inc. Common Stock,,0.0,0.0,0.0,0.0,0.0044455642951879,41.45564295187963,238.0,5.0,gross_margin;parkinson_vol_20;mom_10,volume_z_60;close_to_low_20;mom_21,,False,True,True,True,8.74,,FLAT,False,-485.46
2026-05-14T17:13:00.563471+00:00,SEZL,BUY,38,103.95,3950.1,False,Submitted,2165,,1.0,2.0,0.39501,0.79002,1.1850299999999998,True,,Sezzle Inc. Common Stock,SELL,0.0036760602678571,0.0044642857142857,-0.0007882254464285,-78.82254464285712,0.0030283321565371,27.28332156537133,498.0,5.0,mom_21;mom_63;volume_z_60,mom_10;mom_126;close_to_high_20,,False,True,True,True,103.44,"SELL because predicted alpha is in the top decile. Net alpha after estimated 3.0 bps trading cost is 27.28 bps versus threshold 5.00 bps. Main contributors were mom_21, mom_63, volume_z_60. Price filter passed; liquidity filter passed.",LONG,True,3950.1
2026-05-14T17:13:00.563471+00:00,SHOO,SELL,63,39.86,2511.18,False,Submitted,2180,,1.0,2.0,0.251118,0.502236,0.7533540000000001,True,,Steven Madden Ltd,,0.0,0.0,0.0,0.0,0.0018543222854217,15.543222854217966,895.0,4.0,parkinson_vol_20;volume_z_60;dist_52w_high,hl_range_20;close_to_high_20;intraday_return,,False,True,True,True,39.49,,FLAT,False,-2511.18
2026-05-14T17:13:00.563471+00:00,SIBN,BUY,34,14.9,506.6,False,Submitted,2183,,1.0,2.0,0.05066,0.10132,0.15198,True,,"SI-BONE, Inc. Common Stock",,0.0,0.0,0.0,0.0,0.0003121292410321,0.1212924103218244,1817.0,3.0,mom_5;parkinson_vol_20;mom_1,mom_10;intraday_return;close_to_high_20,,False,True,True,True,14.6,,FLAT,False,506.6
2026-05-14T17:13:00.563471+00:00,SKIN,BUY,3745,0.6938,2598.281,False,Submitted,2189,,1.0,2.0,0.2598281,0.5196562,0.7794843,True,,SkinHealth Systems Inc. Class A Common Stock,,0.0,0.0,0.0,0.0,-0.0080290966479908,-83.29096647990896,7447.0,1.0,hl_range_20;volatility_20;mom_10,parkinson_vol_20;mom_5;intraday_return,,False,False,False,True,0.6769,,FLAT,False,2598.281
2026-05-14T17:13:00.563471+00:00,SMTC,BUY,5,138.82,694.0999999999999,False,Submitted,2195,,1.0,2.0,0.0694099999999999,0.1388199999999999,0.2082299999999999,True,,Semtech Corp,SELL,0.0044573102678571,0.0044642857142857,-6.975446428571404e-06,-0.6975446428571404,0.0060594467276715,57.594467276715,106.0,5.0,mom_5;mom_21;parkinson_vol_20,mom_10;mom_126;volume_z_60,,False,True,True,True,141.16,"SELL because predicted alpha is in the top decile. Net alpha after estimated 3.0 bps trading cost is 57.59 bps versus threshold 5.00 bps. Main contributors were mom_5, mom_21, parkinson_vol_20. Price filter passed; liquidity filter passed.",LONG,True,694.0999999999999
2026-05-14T17:13:00.563471+00:00,SOBR,BUY,1591,1.49,2370.59,False,Submitted,2207,,1.0,2.0,0.237059,0.474118,0.7111770000000001,True,,"SOBR Safe, Inc. Common Stock",,0.0,0.0,0.0,0.0,-0.0066356186518683,-69.35618651868306,7406.0,1.0,intraday_return;hl_range_20;volatility_20,parkinson_vol_20;volatility_10;mom_10,,False,False,True,True,1.52,,FLAT,False,2370.59
2026-05-14T17:13:00.563471+00:00,SRRK,BUY,9,50.01,450.09,False,Submitted,2219,,1.0,2.0,0.045009,0.090018,0.135027,True,,Scholar Rock Holding Corporation Common Stock,,0.0,0.0,0.0,0.0,-0.0016471382265295,-19.471382265295876,6944.0,1.0,parkinson_vol_20;net_margin;mom_5,operating_margin;volume_z_60;mom_126,,False,True,True,True,51.28,,FLAT,False,450.09
2026-05-14T17:13:00.563471+00:00,STEX,BUY,2730,0.9778,2669.394,False,Submitted,2222,,1.0,2.0,0.2669394,0.5338788000000001,0.8008182000000001,True,,Streamex Corp. Common Stock,,0.0,0.0,0.0,0.0,-0.0100285306219604,-103.28530621960418,7476.0,1.0,hl_range_20;volatility_20;volume_z_60,parkinson_vol_20;intraday_return;volatility_10,,False,False,False,True,0.956,,FLAT,False,2669.394
2026-05-14T17:13:00.563471+00:00,STOK,SELL,90,30.35,2731.5,False,Submitted,2231,,1.0,2.0,0.27315,0.5463,0.81945,True,,"Stoke Therapeutics, Inc. Common Stock",,0.0,0.0,0.0,0.0,0.0038257260638385,35.25726063838525,332.0,5.0,parkinson_vol_20;mom_252;intraday_return,hl_range_20;volatility_20;mom_21,,False,True,True,True,31.36,,FLAT,False,-2731.5
2026-05-14T17:13:00.563471+00:00,STRO,BUY,100,39.72,3972.0,False,Submitted,2234,,1.0,2.0,0.3972,0.7944,1.1916,True,,"Sutro Biopharma, Inc.",SELL,0.0036760602678571,0.0044642857142857,-0.0007882254464285,-78.82254464285712,0.0048762875557936,45.76287555793641,197.0,5.0,mom_63;mom_252;intraday_return,mom_126;mom_1;volume_z_20,,False,True,True,True,38.42,"SELL because predicted alpha is in the top decile. Net alpha after estimated 3.0 bps trading cost is 45.76 bps versus threshold 5.00 bps. Main contributors were mom_63, mom_252, intraday_return. Price filter passed; liquidity filter passed.",LONG,True,3972.0
2026-05-14T17:13:00.563471+00:00,STRZ,SELL,23,21.72,499.56,False,Submitted,2237,,1.0,2.0,0.0499559999999999,0.0999119999999999,0.1498679999999999,True,,Starz Entertainment Corp. Common Shares,,0.0,0.0,0.0,0.0,-0.0013748803362758,-16.748803362758437,6884.0,1.0,mom_63;mom_1;mom_5,intraday_return;volume_z_60;mom_126,,False,True,True,True,21.93,,FLAT,False,-499.56
2026-05-14T17:13:00.563471+00:00,STTK,BUY,602,6.63,3991.26,False,Submitted,2240,,1.0,2.0,0.399126,0.798252,1.197378,True,,"Shattuck Labs, Inc. Common Stock",BUY,0.00078125,0.0,0.00078125,78.125,0.0057586907951913,54.5869079519136,116.0,5.0,mom_252;mom_63;volume_z_60,mom_126;mom_21;mom_1,,False,True,True,True,6.67,"BUY because predicted alpha is in the top decile. Net alpha after estimated 3.0 bps trading cost is 54.59 bps versus threshold 5.00 bps. Main contributors were mom_252, mom_63, volume_z_60. Price filter passed; liquidity filter passed.",LONG,True,3991.26
2026-05-14T17:13:00.563471+00:00,SWMR,BUY,133,29.76,3958.08,False,Submitted,2252,,1.0,2.0,0.395808,0.7916160000000001,1.187424,True,,"Swarmer, Inc Common Stock",SELL,0.0036760602678571,0.0044642857142857,-0.0007882254464285,-78.82254464285712,0.0028412127150402,25.412127150402807,541.0,5.0,intraday_return;hl_range_20;volume_z_60,parkinson_vol_20;volatility_63;mom_21,,False,True,True,True,29.53,"SELL because predicted alpha is in the top decile. Net alpha after estimated 3.0 bps trading cost is 25.41 bps versus threshold 5.00 bps. Main contributors were intraday_return, hl_range_20, volume_z_60. Price filter passed; liquidity filter passed.",LONG,True,3958.08
2026-05-14T17:13:00.563471+00:00,SYNA,BUY,6,129.03,774.1800000000001,False,Submitted,2255,,1.0,2.0,0.077418,0.154836,0.232254,True,,Synaptics Inc,BUY,0.00078125,0.0,0.00078125,78.125,0.0062223660184373,59.22366018437332,97.0,5.0,mom_5;mom_21;close_to_low_20,mom_10;mom_126;close_to_high_20,,False,True,True,True,129.78,"BUY because predicted alpha is in the top decile. Net alpha after estimated 3.0 bps trading cost is 59.22 bps versus threshold 5.00 bps. Main contributors were mom_5, mom_21, close_to_low_20. Price filter passed; liquidity filter passed.",LONG,True,774.1800000000001
2026-05-14T17:13:00.563471+00:00,TCMD,SELL,104,23.32,2425.28,False,Submitted,2264,,1.0,2.0,0.242528,0.485056,0.727584,True,,"Tactile Systems Technology, Inc.",,0.0,0.0,0.0,0.0,0.0005974583348376,2.974583348376317,1640.0,3.0,parkinson_vol_20;intraday_return;mom_252,mom_5;hl_range_20;sales_to_price,,False,True,True,True,23.04,,FLAT,False,-2425.28
2026-05-14T17:13:00.563471+00:00,TH,BUY,140,18.0,2520.0,False,Submitted,2270,,1.0,2.0,0.252,0.504,0.756,True,,Target Hospitality Corp. Common Stock,,0.0,0.0,0.0,0.0,0.0022131492487586,19.1314924875866,769.0,4.0,mom_63;mom_5;parkinson_vol_20,intraday_return;mom_126;mom_10,,False,True,True,True,18.34,,FLAT,False,2520.0
2026-05-14T17:13:00.563471+00:00,TIGO,BUY,5,81.07,405.35,False,Submitted,2273,,1.0,2.0,0.0405349999999999,0.0810699999999999,0.1216049999999999,True,,Millicom International Cellular S.A. Common Stock,,0.0,0.0,0.0,0.0,0.0033901220106412,30.90122010641298,413.0,5.0,parkinson_vol_20;intraday_return;volume_z_60,hl_range_20;mom_126;volatility_20,,False,True,True,True,81.66,,FLAT,False,405.35
2026-05-14T17:13:00.563471+00:00,TORO,SELL,142,5.44,772.48,False,Submitted,2291,,1.0,2.0,0.077248,0.154496,0.231744,True,,Toro Corp. Common Stock,,0.0,0.0,0.0,0.0,-0.0001756536603874,-4.7565366038743,6466.0,2.0,hl_range_20;volatility_20;mom_10,parkinson_vol_20;price_kurt_63;volatility_10,,False,True,True,True,5.27,,FLAT,False,-772.48
2026-05-14T17:13:00.563471+00:00,TPG,SELL,55,43.77,2407.3500000000004,False,Submitted,2297,,1.0,2.0,0.240735,0.48147,0.7222050000000001,True,,TPG Inc. Class A Common Stock,,0.0,0.0,0.0,0.0,0.0023489247229404,20.489247229404544,708.0,5.0,parkinson_vol_20;volume_z_60;volatility_10,hl_range_20;volatility_20;close_to_low_20,,False,True,True,True,43.25,,FLAT,False,-2407.3500000000004
2026-05-14T17:13:00.563471+00:00,TRUP,BUY,54,22.48,1213.92,False,Submitted,2303,,1.0,2.0,0.121392,0.242784,0.364176,True,,"Trupanion, Inc.",,0.0,0.0,0.0,0.0,0.001224182612037,9.241826120370757,1232.0,4.0,sales_to_price;parkinson_vol_20;intraday_return,mom_5;book_to_market;mom_21,,False,True,True,True,22.36,,FLAT,False,1213.92
2026-05-14T17:13:00.563471+00:00,TSHA,SELL,427,6.39,2728.53,False,Submitted,2309,,1.0,2.0,0.2728529999999999,0.5457059999999999,0.8185589999999998,True,,"Taysha Gene Therapies, Inc. Common Stock",BUY,0.00078125,0.0,0.00078125,78.125,0.0050406664730243,47.40666473024312,183.0,5.0,intraday_return;parkinson_vol_20;volume_z_60,mom_1;mom_126;mom_5,,False,True,True,True,6.3,"BUY because predicted alpha is in the top decile. Net alpha after estimated 3.0 bps trading cost is 47.41 bps versus threshold 5.00 bps. Main contributors were intraday_return, parkinson_vol_20, volume_z_60. Price filter passed; liquidity filter passed.",LONG,True,-2728.53
2026-05-14T17:13:00.563471+00:00,TVGN,SELL,85,9.05,769.2500000000001,False,Submitted,2318,,1.0,2.0,0.076925,0.15385,0.230775,True,,Tevogen Bio Holdings Inc. Common Stock,SHORT,-0.00078125,0.0,-0.00078125,-78.125,-0.0138949968808579,135.94996880857988,7512.0,1.0,mom_1;hl_range_20;mom_5,intraday_return;parkinson_vol_20;volume_z_60,,False,True,True,True,9.42,"SHORT because predicted alpha is in the bottom decile. Net alpha after estimated 3.0 bps trading cost is 135.95 bps versus threshold 5.00 bps. Main contributors were intraday_return, parkinson_vol_20, volume_z_60. Price filter passed; liquidity filter passed.",SHORT,True,-769.2500000000001
2026-05-14T17:13:00.563471+00:00,ULCC,SELL,620,4.9,3038.0,False,Submitted,2330,,1.0,2.0,0.3038,0.6076,0.9114,True,,"Frontier Group Holdings, Inc. Common Stock",,0.0,0.0,0.0,0.0,-0.0010868178338072,-13.868178338072038,6816.0,2.0,hl_range_20;close_to_low_20;mom_21,mom_10;mom_5;intraday_return,,False,False,True,True,4.85,,FLAT,False,-3038.0
2026-05-14T17:13:00.563471+00:00,UNB,BUY,20,23.78,475.6,False,Submitted,2333,,1.0,2.0,0.04756,0.09512,0.14268,True,,"Union Bankshares, Inc",,0.0,0.0,0.0,0.0,-0.0005564693989936,-8.564693989936263,6645.0,2.0,parkinson_vol_20;volume_z_60;volatility_63,hl_range_20;volatility_20;close_to_low_20,,False,True,False,True,23.94,,FLAT,False,475.6
2026-05-14T17:13:00.563471+00:00,URGN,BUY,26,29.36,763.36,False,Submitted,2339,,1.0,2.0,0.076336,0.152672,0.229008,True,,UroGen Pharma Ltd. Ordinary Shares,SELL,0.0044573102678571,0.0044642857142857,-6.975446428571404e-06,-0.6975446428571404,0.006847302191973,65.47302191973066,70.0,5.0,intraday_return;mom_5;mom_21,mom_10;mom_1;gross_margin,,False,True,True,True,29.68,"SELL because predicted alpha is in the top decile. Net alpha after estimated 3.0 bps trading cost is 65.47 bps versus threshold 5.00 bps. Main contributors were intraday_return, mom_5, mom_21. Price filter passed; liquidity filter passed.",LONG,True,763.36
2026-05-14T17:13:00.563471+00:00,USAR,SELL,83,24.87,2064.21,False,Submitted,2342,,1.0,2.0,0.206421,0.412842,0.619263,True,,"USA Rare Earth, Inc. Class A Common Stock",,0.0,0.0,0.0,0.0,0.0047227753240644,44.227753240644425,211.0,5.0,intraday_return;hl_range_20;mom_21,parkinson_vol_20;volume_z_60;mom_5,,False,True,True,True,24.83,,FLAT,False,-2064.21
2026-05-14T17:13:00.563471+00:00,VC,BUY,30,115.79,3473.7000000000003,False,Submitted,2345,,1.0,2.0,0.34737,0.69474,1.04211,True,,VISTEON CORPORATION,,0.0,0.0,0.0,0.0,0.0046174604245635,43.17460424563548,221.0,5.0,parkinson_vol_20;sales_to_price;mom_21,book_to_market;hl_range_20;close_to_high_20,,False,True,True,True,115.62,,FLAT,False,3473.7000000000003
2026-05-14T17:13:00.563471+00:00,VHCP,BUY,246,9.97,2452.6200000000003,False,Submitted,2351,,1.0,2.0,0.245262,0.490524,0.735786,True,,Vine Hill Capital Investment Corp. II Class A Ordinary Shares,,0.0,0.0,0.0,0.0,-0.0016950079963862,-19.95007996386237,6948.0,1.0,parkinson_vol_20;volatility_10;volatility_63,hl_range_20;volatility_20;price_kurt_63,,False,True,False,True,9.94,,FLAT,False,2452.6200000000003
2026-05-14T17:13:00.563471+00:00,VRAX,SELL,16922,0.135,2284.4700000000003,False,Submitted,2363,,1.0,2.0,0.228447,0.4568940000000001,0.6853410000000001,True,,Virax Biolabs Group Limited Ordinary Shares,,0.0,0.0,0.0,0.0,-0.004517440838673,-48.17440838673036,7305.0,1.0,hl_range_20;overnight_return;volume_z_60,parkinson_vol_20;intraday_return;volatility_10,,False,False,False,True,0.14,,FLAT,False,-2284.4700000000003
2026-05-14T17:13:00.563471+00:00,VREX,BUY,296,9.97,2951.1200000000003,False,Submitted,2366,,1.0,2.0,0.295112,0.5902240000000001,0.8853360000000001,True,,Varex Imaging Corporation Common Stock,COVER,-0.0036760602678571,-0.0044642857142857,0.0007882254464285,78.82254464285712,-0.0012516792242599,9.51679224259923,6858.0,1.0,intraday_return;parkinson_vol_20;mom_10,mom_5;volume_z_60;mom_21,,False,True,True,True,10.02,"COVER because predicted alpha is in the bottom decile. Net alpha after estimated 3.0 bps trading cost is 9.52 bps versus threshold 5.00 bps. Main contributors were mom_5, volume_z_60, mom_21. Price filter passed; liquidity filter passed.",SHORT,True,2951.1200000000003
2026-05-14T17:13:00.563471+00:00,VSEC,SELL,13,179.11,2328.4300000000003,False,Submitted,2372,,1.0,2.0,0.232843,0.465686,0.6985290000000001,True,,VSE Corp,,0.0,0.0,0.0,0.0,0.0013051943322491,10.051943322491583,1188.0,4.0,parkinson_vol_20;intraday_return;volume_z_60,mom_5;mom_21;mom_63,,False,True,True,True,179.1,,FLAT,False,-2328.4300000000003
2026-05-14T17:13:00.563471+00:00,VTGN,BUY,765,0.6761,517.2165,False,Submitted,2375,,1.0,2.0,0.05172165,0.1034433,0.15516495,True,,"Vistagen Therapeutics, Inc. Common Stock",,0.0,0.0,0.0,0.0,0.002239165098049,19.39165098049086,761.0,4.0,mom_5;mom_126;volume_z_60,dist_52w_high;mom_252;roa,,False,False,False,True,0.6506,,FLAT,False,517.2165
2026-05-14T17:13:00.563471+00:00,VTSI,BUY,136,3.46,470.56,False,Submitted,2378,,1.0,2.0,0.047056,0.094112,0.141168,True,,"VirTra, Inc. Common Stock",,0.0,0.0,0.0,0.0,-0.0018855760831182,-21.855760831182756,6986.0,1.0,parkinson_vol_20;intraday_return;mom_10,mom_5;gross_margin;mom_21,,False,False,False,True,3.46,,FLAT,False,470.56
2026-05-14T17:13:00.563471+00:00,VTVT,SELL,21,36.94,775.74,False,Submitted,2381,,1.0,2.0,0.077574,0.155148,0.232722,True,,vTv Therapeutics Inc. Class A Common Stock,SHORT,-0.00078125,0.0,-0.00078125,-78.125,-0.0091754645749871,88.75464574987151,7466.0,1.0,mom_1;mom_5;net_margin,intraday_return;volume_z_60;operating_margin,,False,True,True,True,38.43,"SHORT because predicted alpha is in the bottom decile. Net alpha after estimated 3.0 bps trading cost is 88.75 bps versus threshold 5.00 bps. Main contributors were intraday_return, volume_z_60, operating_margin. Price filter passed; liquidity filter passed.",SHORT,True,-775.74
2026-05-14T17:13:00.563471+00:00,WATT,SELL,94,27.4,2575.6,False,Submitted,2384,,1.0,2.0,0.25756,0.51512,0.77268,True,,Energous Corporation,SELL,0.0036760602678571,0.0044642857142857,-0.0007882254464285,-78.82254464285712,-0.0022454011248878,-25.454011248878963,7069.0,1.0,hl_range_20;mom_63;mom_1,intraday_return;parkinson_vol_20;mom_126,,False,True,True,True,26.39,"SELL because predicted alpha is in the top decile. Net alpha after estimated 3.0 bps trading cost is -25.45 bps versus threshold 5.00 bps. Main contributors were hl_range_20, mom_63, mom_1. Price filter passed; liquidity filter passed.",LONG,True,-2575.6
2026-05-14T17:13:00.563471+00:00,WERN,SELL,20,37.76,755.1999999999999,False,Submitted,2396,,1.0,2.0,0.0755199999999999,0.1510399999999999,0.2265599999999999,True,,Werner Enterprises Inc,SHORT,-0.00078125,0.0,-0.00078125,-78.125,-0.0047761572811733,44.76157281173319,7316.0,1.0,parkinson_vol_20;volume_z_20;mom_1,volume_z_60;intraday_return;hl_range_20,,False,True,True,True,37.15,"SHORT because predicted alpha is in the bottom decile. Net alpha after estimated 3.0 bps trading cost is 44.76 bps versus threshold 5.00 bps. Main contributors were volume_z_60, intraday_return, hl_range_20. Price filter passed; liquidity filter passed.",SHORT,True,-755.1999999999999
2026-05-14T17:13:00.563471+00:00,WEST,BUY,561,8.49,4762.89,False,Submitted,2399,,1.0,2.0,0.476289,0.952578,1.428867,True,,Westrock Coffee Company Common Stock,SELL,0.0044573102678571,0.0044642857142857,-6.975446428571404e-06,-0.6975446428571404,0.0066421481040644,63.42148104064455,77.0,5.0,mom_5;mom_21;close_to_low_20,mom_10;mom_126;volatility_10,,False,True,True,True,8.36,"SELL because predicted alpha is in the top decile. Net alpha after estimated 3.0 bps trading cost is 63.42 bps versus threshold 5.00 bps. Main contributors were mom_5, mom_21, close_to_low_20. Price filter passed; liquidity filter passed.",LONG,True,4762.89
2026-05-14T17:13:00.563471+00:00,WGS,BUY,43,39.86,1713.98,False,Submitted,2402,,1.0,2.0,0.171398,0.342796,0.514194,True,,GeneDx Holdings Corp. Class A Common Stock,,0.0,0.0,0.0,0.0,-0.0005577385063925,-8.577385063925892,6646.0,2.0,volatility_20;mom_10;close_to_high_20,volatility_10;mom_21;price_kurt_63,,False,True,True,True,38.85,,FLAT,False,1713.98
2026-05-14T17:13:00.563471+00:00,WINA,BUY,11,359.99,3959.89,False,Submitted,2405,,1.0,2.0,0.395989,0.7919780000000001,1.187967,True,,Winmark Corp,,0.0,0.0,0.0,0.0,0.0025002889619655,22.00288961965529,641.0,5.0,parkinson_vol_20;volume_z_60;volatility_10,hl_range_20;intraday_return;volatility_20,,False,True,True,True,361.83,,FLAT,False,3959.89
2026-05-14T17:13:00.563471+00:00,WLDN,BUY,43,91.72,3943.96,False,Submitted,2411,,1.0,2.0,0.394396,0.788792,1.183188,True,,"Willdan Group, Inc.",,0.0,0.0,0.0,0.0,0.0039931599445429,36.9315994454294,304.0,5.0,mom_5;parkinson_vol_20;close_to_low_20,mom_10;close_to_high_20;price_kurt_63,,False,True,True,True,91.66,,FLAT,False,3943.96
2026-05-14T17:13:00.563471+00:00,WLFC,SELL,4,187.34,749.36,False,Submitted,2414,,1.0,2.0,0.074936,0.149872,0.224808,True,,Willis Lease Finance Corp,SHORT,-0.00078125,0.0,-0.00078125,-78.125,-0.0036734270991481,33.73427099148128,7245.0,1.0,intraday_return;parkinson_vol_20;volume_z_20,volume_z_60;mom_1;mom_5,,False,True,True,True,189.84,"SHORT because predicted alpha is in the bottom decile. Net alpha after estimated 3.0 bps trading cost is 33.73 bps versus threshold 5.00 bps. Main contributors were volume_z_60, mom_1, mom_5. Price filter passed; liquidity filter passed.",SHORT,True,-749.36
2026-05-14T17:13:00.563471+00:00,WSC,BUY,150,26.45,3967.5,False,Submitted,2417,,1.0,2.0,0.39675,0.7935,1.19025,True,,WillScot Holdings Corporation Class A Common Stock,SELL,0.0036760602678571,0.0044642857142857,-0.0007882254464285,-78.82254464285712,0.0033861149773624,30.861149773624756,415.0,5.0,parkinson_vol_20;mom_5;mom_21,mom_10;mom_126;hl_range_20,,False,True,True,True,26.13,"SELL because predicted alpha is in the top decile. Net alpha after estimated 3.0 bps trading cost is 30.86 bps versus threshold 5.00 bps. Main contributors were parkinson_vol_20, mom_5, mom_21. Price filter passed; liquidity filter passed.",LONG,True,3967.5
2026-05-14T17:13:00.563471+00:00,XEL,BUY,5,79.84,399.2000000000001,False,Submitted,2426,,1.0,2.0,0.03992,0.07984,0.11976,True,,"Xcel Energy, Inc.",,0.0,0.0,0.0,0.0,0.0007500415143176,4.500415143176926,1536.0,3.0,parkinson_vol_20;volatility_10;dist_52w_high,hl_range_20;volatility_20;volume_z_60,,False,True,True,True,80.03,,FLAT,False,399.2000000000001
2026-05-14T17:13:00.563471+00:00,XENE,SELL,71,55.49,3939.79,False,Submitted,2429,,1.0,2.0,0.393979,0.787958,1.181937,True,,Xenon Pharmaceuticals Inc,COVER,-0.0036760602678571,-0.0044642857142857,0.0007882254464285,78.82254464285712,-0.0001712268347013,-1.2877316529869869,6460.0,2.0,parkinson_vol_20;intraday_return;volume_z_20,price_kurt_63;hl_range_20;volatility_20,,False,True,True,True,56.0,"COVER because predicted alpha is in the bottom decile. Net alpha after estimated 3.0 bps trading cost is -1.29 bps versus threshold 5.00 bps. Main contributors were price_kurt_63, hl_range_20, volatility_20. Price filter passed; liquidity filter passed.",SHORT,True,-3939.79
2026-05-14T17:13:00.563471+00:00,XNDU,SELL,105,15.26,1602.3,False,Submitted,2438,,1.0,2.0,0.1602299999999999,0.3204599999999999,0.4806899999999999,True,,Xanadu Quantum Technologies Limited Class B Subordinate Voting Shares,COVER,-0.0044573102678571,-0.0044642857142857,6.975446428571404e-06,0.6975446428571404,-0.0079761920796291,76.76192079629143,7444.0,1.0,hl_range_20;volatility_20;close_to_high_20,parkinson_vol_20;volatility_10;volatility_63,,False,True,True,True,15.13,"COVER because predicted alpha is in the bottom decile. Net alpha after estimated 3.0 bps trading cost is 76.76 bps versus threshold 5.00 bps. Main contributors were parkinson_vol_20, volatility_10, volatility_63. Price filter passed; liquidity filter passed.",SHORT,True,-1602.3
2026-05-14T17:13:00.563471+00:00,XOS,BUY,247,2.07,511.29,False,Submitted,2441,,1.0,2.0,0.0511289999999999,0.1022579999999999,0.153387,True,,"Xos, Inc. Common Stock",,0.0,0.0,0.0,0.0,0.0009659020130013,6.659020130013696,1396.0,4.0,parkinson_vol_20;mom_5;overnight_return,volatility_20;mom_10;mom_1,,False,False,False,True,1.98,,FLAT,False,511.29
2026-05-14T17:13:00.563471+00:00,ZSQR,SELL,379,10.49,3975.71,False,Submitted,2447,,1.0,2.0,0.397571,0.795142,1.192713,True,,Z Squared Inc. Common Stock,COVER,-0.0044573102678571,-0.0044642857142857,6.975446428571404e-06,0.6975446428571404,-0.0071253541289152,68.25354128915261,7423.0,1.0,intraday_return;hl_range_20;mom_10,parkinson_vol_20;volume_z_60;mom_5,,False,True,True,True,9.84,"COVER because predicted alpha is in the bottom decile. Net alpha after estimated 3.0 bps trading cost is 68.25 bps versus threshold 5.00 bps. Main contributors were parkinson_vol_20, volume_z_60, mom_5. Price filter passed; liquidity filter passed.",SHORT,True,-3975.71
