date,ticker,residual,residual_zscore
2026-04-01,AAL,-0.0236040102177454,-0.5895334278711657
2026-04-01,AAON,-0.0337897444275287,-0.7916637400430644
2026-04-01,ABSI,-0.0340974483232709,-0.7977699551888655
2026-04-01,ACHV,0.0407417635490334,0.6873731819566317
2026-04-01,ACIC,-0.0038753320349612,-0.1980286234364591
2026-04-01,ADAM,0.0075248586759738,0.0282019123070714
2026-04-01,ADEA,-0.0118514180211521,-0.3563096778105439
2026-04-01,ADTN,-0.0072766367633766,-0.2655256513763812
2026-04-01,ADTX,-0.0990921929770698,-2.0875550365418523
2026-04-01,ADUR,-0.0079363431083596,-0.2786171621802984
2026-04-01,ADV,0.1160994971130536,2.182806097851094
2026-04-01,AEI,0.0060013389586913,-0.0020315013783711
2026-04-01,AEIS,-0.0165151255549769,-0.4488583974487428
2026-04-01,AEYE,-0.0366547453872371,-0.8485181136632238
2026-04-01,AFBI,0.0321184536170424,0.5162483231482989
2026-04-01,AGEN,-0.0377687731759973,-0.870625384486566
2026-04-01,AGH,-0.0073102809945514,-0.2661933027022546
2026-04-01,AGPU,0.2050446479003889,3.947873860718159
2026-04-01,AIOT,0.0141434955935715,0.1595451339887768
2026-04-01,AIRO,0.0448563558688639,0.7690250111658232
2026-04-01,AKAM,0.009328803852998,0.064000215528324
2026-04-01,AKAN,-0.0113928316028847,-0.3472092817101679
2026-04-01,AKBA,-0.0304041693191567,-0.7244788577908515
2026-04-01,AKTS,0.0122111229900902,0.1211982588858556
2026-04-01,ALAB,0.0899861301696923,1.6646006446741184
2026-04-01,ALDX,0.0006680943524437,-0.1078668172179016
2026-04-01,ALGT,-0.0052966455888907,-0.2262338118335791
2026-04-01,ALHC,0.069560811351174,1.2592713886807494
2026-04-01,ALKS,-0.0018240074139233,-0.1573212107476389
2026-04-01,AMD,0.0306813049733536,0.4877288960747716
2026-04-01,AMPH,0.0101017564797097,0.079339036718186
2026-04-01,AMRX,-0.0185766013468659,-0.4897672545588282
2026-04-01,AMSC,-0.02829554500344,-0.6826343640694563
2026-04-01,ANAB,0.0043277512038641,-0.0352429330104049
2026-04-01,ANNA,0.0923567924043991,1.711645137264075
2026-04-01,APLD,-0.0041896005627665,-0.2042651101072064
2026-04-01,APLS,0.0136625236628643,0.1500005096644546
2026-04-01,APPF,0.0180776001514699,0.2376152824952142
2026-04-01,ARAI,-0.1706412791556263,-3.5074074327485896
2026-04-01,ARCB,0.0109534796672362,0.0962410165100221
2026-04-01,ARHS,-0.0161347192158256,-0.4413094421646969
2026-04-01,ARTV,-0.0054998956217104,-0.2302671973251562
2026-04-01,ARWR,-0.0311595219398945,-0.7394684165094505
2026-04-01,ASBP,0.0205292169109043,0.2862662732538741
2026-04-01,ASO,-0.0047285936176488,-0.2149611318370112
2026-04-01,ASPI,0.0166184272404765,0.208658795909438
2026-04-01,ASRT,-0.0528803367968291,-1.1705060812703507
2026-04-01,ASST,-0.0604328006698402,-1.3203805870131438
2026-04-01,ASTI,0.0966917214974378,1.7976694289619048
2026-04-01,ASYS,0.0166739684840231,0.2097609814431724
2026-04-01,ATEX,0.0155038520674818,0.1865406625460043
2026-04-01,ATII,,
2026-04-01,ATOM,-0.0073805995548649,-0.2675887359871706
2026-04-01,AUUD,-0.0315117480899346,-0.7464581513873072
2026-04-01,AVAH,0.0188708106194101,0.2533561094400977
2026-04-01,AVAV,-0.008623883229627,-0.2922610190177367
2026-04-01,AVNW,0.0072936713937852,0.0236141274153289
2026-04-01,AVR,0.0367482608347701,0.608124309595713
2026-04-01,AVTX,0.0908776294653605,1.682291959529101
2026-04-01,AXGN,0.0309482272785395,0.493025822910056
2026-04-01,AXIN,0.0061352775051975,0.000626435659799
2026-04-01,AXTI,0.0760644188425386,1.3883319144512327
2026-04-01,BAND,0.0021131927094064,-0.0791896324420206
2026-04-01,BCAR,0.0113113559577044,0.1033428753276006
2026-04-01,BDTX,0.0251281742918764,0.3775300616009423
2026-04-01,BEAM,0.0174947735405433,0.2260494078726928
2026-04-01,BELFA,-0.0018760653324618,-0.1583542716059419
2026-04-01,BELFB,0.0023232554994017,-0.0750210515186481
2026-04-01,BGDE,-0.1141947530388393,-2.3872570626312672
2026-04-01,BHAV,,
2026-04-01,BIOA,-0.0252479053165109,-0.6221556250194249
2026-04-01,BJRI,0.0217630899483252,0.3107518073447626
2026-04-01,BKNG,0.0038692281489551,-0.0443420716996672
2026-04-01,BKR,-0.0004598528583901,-0.1302503113424887
2026-04-01,BL,-0.0043958146820904,-0.2083573162707206
2026-04-01,BLMN,0.0092558872394838,0.0625532253017386
2026-04-01,BLNK,0.0107583255889806,0.0923682907990434
2026-04-01,BNZI,0.0088500765611525,0.0545001348318345
2026-04-01,BRCB,-0.0082242199044198,-0.2843299194009617
2026-04-01,BTBT,-0.0220432492404917,-0.5585609817950652
2026-04-01,BWEN,-0.0158992406987127,-0.4366365000680856
2026-04-01,BYND,-0.0379385559661667,-0.8739946308925253
2026-04-01,BZAI,-0.0538423197180071,-1.189596105038592
2026-04-01,CABA,0.0989327945407066,1.8421422950809587
2026-04-01,CAEP,0.0114264551360233,0.1056269554307294
2026-04-01,CAR,0.1106045374792461,2.073761635932317
2026-04-01,CBRL,0.0137784229979048,0.1523004684391247
2026-04-01,CCRN,-0.0066934039050227,-0.2539517149963461
2026-04-01,CDNA,0.0278558507005636,0.4316593047793387
2026-04-01,CDNL,0.018498650416513,0.2459707942099699
2026-04-01,CDW,0.0110502731506893,0.0981618301326451
2026-04-01,CELC,0.0012817748406281,-0.0956886643134821
2026-04-01,CELH,-0.0147586715958935,-0.4140025314156305
2026-04-01,CENX,-0.0141668356865231,-0.4022578722038604
2026-04-01,CEPS,0.010957033436673,0.0963115391165267
2026-04-01,CEVA,0.0083041544488551,0.0436666097557305
2026-04-01,CGCT,0.0074644542729202,0.02700322003862
2026-04-01,CGEM,0.0279582861256928,0.4336920796419448
2026-04-01,CGNT,0.0251827450536111,0.3786129884550814
2026-04-01,CGON,0.0024048682823472,-0.0734014905764277
2026-04-01,CHMG,-0.0048406898713497,-0.2171856205471219
2026-04-01,CHRN,-0.1130570250131944,-2.364679473598026
2026-04-01,CHRW,0.0071232433673272,0.0202320766489036
2026-04-01,CHTR,0.0180231669746015,0.2365350859373308
2026-04-01,CLBT,0.0090906364150964,0.059273913272568
2026-04-01,CLFD,0.0075623883894534,0.0289466688994898
2026-04-01,CLMT,0.0092533777711949,0.0625034262790894
2026-04-01,CLNN,0.0325931171123384,0.5256677600297978
2026-04-01,CLPT,0.0222348567062161,0.320113760060279
2026-04-01,CMPX,0.0039189695258513,-0.0433549813404636
2026-04-01,COAG,,
2026-04-01,COCO,-0.0137979227559554,-0.3949369973131452
2026-04-01,COLA,0.0014056329629283,-0.0932307677681838
2026-04-01,COLB,-0.0073893473500292,-0.267762331187179
2026-04-01,COLL,-0.0251387195456601,-0.619988893246119
2026-04-01,COLM,0.0052205661529605,-0.017525509734304
2026-04-01,COYA,-0.0272253389584059,-0.6613967117298511
2026-04-01,CPSH,0.012694533057882,0.1307912667041781
2026-04-01,CRAC,0.0208637059025697,0.2929040239462545
2026-04-01,CRDO,0.0398571645634973,0.6698187999738763
2026-04-01,CRMD,0.004593415566472,-0.0299709693560511
2026-04-01,CRML,0.0034723884302925,-0.0522171383923007
2026-04-01,CRWD,0.0093862976556392,0.0651411485270125
2026-04-01,CSCO,0.0103941710272011,0.0851418431286708
2026-04-01,CSGS,0.0137798455582099,0.1523286983686154
2026-04-01,CTSH,0.0234207543953205,0.3436472496610945
2026-04-01,CUE,-0.1146860843011101,-2.3970072622120906
2026-04-01,CVGI,-0.0007206048787935,-0.1354247922584507
2026-04-01,CVRX,-0.0194529573183216,-0.5071580584454942
2026-04-01,CVV,0.0200963085395169,0.2776754439186339
2026-04-01,CXDO,-0.0072825116564534,-0.2656422354092188
2026-04-01,DARE,-0.0745954572745832,-1.6014307441977405
2026-04-01,DASH,0.0320612732496965,0.5151136101012391
2026-04-01,DAVE,-0.0144744341030667,-0.4083619941727807
2026-04-01,DCBO,-0.0235116358077418,-0.5877003083388708
2026-04-01,DDOG,0.0072830694712655,0.023403738074276
2026-04-01,DFDV,0.0099572591828232,0.076471567066404
2026-04-01,DGXX,0.0116009993698794,0.1090906900767055
2026-04-01,DIBS,-0.0168358526447346,-0.4552230507412303
2026-04-01,DJCO,0.0339869426179259,0.5533274631749052
2026-04-01,DOMH,-0.0645858679885594,-1.402795931485547
2026-04-01,DOMO,0.0112949530331471,0.1030173682808803
2026-04-01,DOO,0.0078611681752832,0.0348757899757528
2026-04-01,DOX,0.0217467696077112,0.3104279391311297
2026-04-01,DPRO,0.1011325388174056,1.885795014481436
2026-04-01,DRTS,-0.0144640276341541,-0.408155483501427
2026-04-01,DSGN,0.0267552243796791,0.4098179787400916
2026-04-01,EIKN,-0.0406374215160955,-0.9275521383712813
2026-04-01,ENGN,-0.0129302047403565,-0.3777176089256356
2026-04-01,ENPH,-0.0983996437530609,-2.073811776806205
2026-04-01,ERII,-0.0087236566173952,-0.2942409672080862
2026-04-01,ERNA,-0.0424278237280761,-0.9630816888747004
2026-04-01,ESOA,-0.003342873143261,-0.1874622685933614
2026-04-01,ESPR,-0.002541375000956,-0.1715569772935254
2026-04-01,EYE,-0.0214116538150017,-0.546027316779732
2026-04-01,EZGO,-0.0127346622153428,-0.3738371747016663
2026-04-01,FA,0.0031959011370811,-0.0577038771719859
2026-04-01,FABC,-0.040404053990235,-0.9229210877389512
2026-04-01,FACT,0.0004777824866698,-0.111643451876398
2026-04-01,FCEL,0.0024478413312424,-0.0725487139764052
2026-04-01,FDMT,-0.0471338600749809,-1.0564704006063024
2026-04-01,FEIM,0.0487413240745956,0.8461200756971756
2026-04-01,FENC,-0.0038827044386173,-0.1981749247458955
2026-04-01,FFAI,-0.0680176872199373,-1.4708985030105013
2026-04-01,FGMC,0.0142861410812317,0.1623758555015144
2026-04-01,FLNC,-0.001797346811586,-0.1567921457080305
2026-04-01,FLWS,0.0278924605258373,0.4323858066945396
2026-04-01,FLXS,0.0032629985288616,-0.0563723662109507
2026-04-01,FLYW,0.0122411652121341,0.1217944303149357
2026-04-01,FMAO,-0.0015361026633391,-0.1516078987847699
2026-04-01,FNKO,0.0112735965074548,0.1025935597349106
2026-04-01,FOSL,0.0386135424316778,0.64513980044853
2026-04-01,FOXF,-0.0141390247018387,-0.4017059784571465
2026-04-01,FRMI,-0.0241557814536075,-0.6004830255982653
2026-04-01,FROG,0.0407615815502478,0.6877664593276682
2026-04-01,FSEA,0.0091800782404983,0.0610488372709131
2026-04-01,FTRE,-0.0020568280837101,-0.1619414093209407
2026-04-01,FWRD,0.0160200877382586,0.1967850764624972
2026-04-01,FWRG,-0.019537660327635,-0.508838943236105
2026-04-01,GALT,-0.0060368294065228,-0.2409223539691932
2026-04-01,GDRX,0.0140529802720967,0.1577489070492907
2026-04-01,GELS,-0.0520997367465409,-1.1550155011514818
2026-04-01,GFS,-0.0145599027671592,-0.4100580729627952
2026-04-01,GH,0.0177561054953528,0.2312353972690579
2026-04-01,GLSI,-0.0015703339302716,-0.1522871995134754
2026-04-01,GLUE,0.0055586930374189,-0.0108155670535272
2026-04-01,GMM,0.0594965135895942,1.0595509162591212
2026-04-01,GPRE,0.0405967964278257,0.6844963888987265
2026-04-01,GPRO,0.0640509006171691,1.1499302303738714
2026-04-01,GRAL,0.0100142874179703,0.0776032611333701
2026-04-01,GRPN,0.02217972774391,0.3190197560217738
2026-04-01,GSHD,0.0135140821192945,0.1470547685992469
2026-04-01,GSIT,0.0061470345565834,0.000859747900027
2026-04-01,GTX,-0.0065268146403999,-0.2506458423543563
2026-04-01,GV,,
2026-04-01,HCKT,0.0364932375570877,0.6030635124388884
2026-04-01,HCSG,0.0334601488291522,0.5428735291941056
2026-04-01,HELE,0.0180168402493816,0.2364095355432821
2026-04-01,HLMN,-0.023615851282806,-0.5897684073167169
2026-04-01,HOOD,-0.0265622226895116,-0.6482375328550363
2026-04-01,HOVR,0.0227611453287974,0.3305576692948939
2026-04-01,HPK,0.083882219310389,1.5434718794766749
2026-04-01,HROW,-0.004297670093126,-0.2064096906998218
2026-04-01,HTCO,0.1180380936310275,2.2212764831255365
2026-04-01,HUHU,-0.0119807440491844,-0.3588760819479113
2026-04-01,HUT,-0.0023998517424758,-0.1687485258037238
2026-04-01,HYMC,0.0150011829917637,0.1765654702720427
2026-04-01,IEAG,0.0178763481232555,0.2336215463098419
2026-04-01,IKT,-0.0129423746377528,-0.3779591138686428
2026-04-01,IMDX,0.1076840143582308,2.015805455455012
2026-04-01,IMSR,0.0035587545366285,-0.0505032503528891
2026-04-01,IMUX,-0.0046236411192305,-0.2128784070346944
2026-04-01,IMVT,-0.0300716684178097,-0.7178805596610857
2026-04-01,IMXI,0.0250610427376908,0.3761978727057041
2026-04-01,INDI,-0.0007224479097847,-0.1354613661982306
2026-04-01,INDV,-0.0026030514457971,-0.1727809125339911
2026-04-01,INOD,-0.0348900762562154,-0.8134992220460701
2026-04-01,INSM,-0.007721431612113,-0.2743523613391436
2026-04-01,INTC,0.050078639490456,0.8726583670871599
2026-04-01,IPCX,0.0163877391755545,0.2040809177107085
2026-04-01,IPSC,-0.049670769538021,-1.106813978315567
2026-04-01,IPST,-0.115764390019287,-2.41840564812545
2026-04-01,IPWR,0.0268856452099536,0.4124061086278494
2026-04-01,IREN,0.0034035738066926,-0.0535827268775055
2026-04-01,IRHO,0.0304452364954282,0.4830442465292183
2026-04-01,IRWD,-0.0814874221665201,-1.7381980097078635
2026-04-01,ISSC,0.0055835612407186,-0.0103220711903332
2026-04-01,JACK,0.0189170496835016,0.2542736983214547
2026-04-01,JBHT,0.0113131167098104,0.1033778164880025
2026-04-01,JBIO,-0.0258876222959831,-0.6348504578217758
2026-04-01,JBLU,-0.0045312402115878,-0.2110447616712759
2026-04-01,KALU,0.0152884907900898,0.1822669360445639
2026-04-01,KALV,0.0002171893415969,-0.1168147799985136
2026-04-01,KEEL,-0.0341257579619149,-0.798331744450076
2026-04-01,KMTS,-0.0105369470268324,-0.3302247214440656
2026-04-01,KOPN,0.0671686512577454,1.211800282868323
2026-04-01,KROS,0.0290559090350922,0.4554738046265639
2026-04-01,KXIN,0.0015020063434723,-0.0913182908575151
2026-04-01,LASR,0.0173577811900657,0.223330869768625
2026-04-01,LBRDA,0.025937576941615,0.3935922135180112
2026-04-01,LBRDK,0.0253274427591084,0.3814844351058913
2026-04-01,LBRX,0.028994367517003,0.4542525469335287
2026-04-01,LBTYB,0.0079815734622812,0.0372651668971209
2026-04-01,LE,-0.0042170303815193,-0.2048094398249406
2026-04-01,LFUS,-0.0008099979203025,-0.137198748167182
2026-04-01,LGIH,-0.0058670205899096,-0.2375525910827229
2026-04-01,LGN,-0.0194546059454788,-0.507190774547749
2026-04-01,LGND,-0.0115660008941972,-0.3506457313750292
2026-04-01,LIEN,0.0301359912709223,0.4769074445589668
2026-04-01,LIFE,0.058352432002398,1.0368472442795411
2026-04-01,LINC,-0.0111072760076254,-0.341542587447052
2026-04-01,LIND,-0.0389730550275222,-0.8945236977134984
2026-04-01,LINK,-0.0174013695007377,-0.4664454227654874
2026-04-01,LITE,0.0666794134791054,1.2020916273226276
2026-04-01,LLYVA,0.0227203795261397,0.3297486942865705
2026-04-01,LMB,0.0013838962681406,-0.0936621205614649
2026-04-01,LMRI,-0.0153912148444975,-0.4265550054611189
2026-04-01,LOVE,-0.0015965945168833,-0.1528083264602739
2026-04-01,LQDA,-0.0041434177234909,-0.2033486369765031
2026-04-01,LRMR,0.029344251250348,0.4611957978360465
2026-04-01,LWAY,-0.0371301999508864,-0.857953248862578
2026-04-01,LWLG,0.0822304591067679,1.510693603633743
2026-04-01,LXRX,-0.0350635618686165,-0.8169419489295467
2026-04-01,MASI,0.0207182545222595,0.290017621031903
2026-04-01,MBBC,0.053852415199662,0.9475468774741564
2026-04-01,MBX,0.0289222690266912,0.4528217919134484
2026-04-01,MCW,0.0097856856136975,0.0730667836336572
2026-04-01,MDAI,0.0094885804897967,0.0671708953054259
2026-04-01,MDB,0.0082529323349134,0.042650134981511
2026-04-01,MELI,0.0047436714500347,-0.0269892237082007
2026-04-01,MGNX,0.0527121109472104,0.924918164632072
2026-04-01,MKSI,-0.0166345738977337,-0.4512287843361853
2026-04-01,MLTX,0.0549443108517648,0.9692149481770702
2026-04-01,MMED,-0.0639669186121131,-1.3905132203816637
2026-04-01,MNPR,-0.0247523541284522,-0.6123216833244576
2026-04-01,MNTS,-0.1244784180616883,-2.591330758108536
2026-04-01,MOVE,-0.035152138338538,-0.8186997004227211
2026-04-01,MPLT,0.0160356388362794,0.1970936794785211
2026-04-01,MRAM,0.0255217909667285,0.3853411687558395
2026-04-01,MRLN,0.0465341940103298,0.8023207893908908
2026-04-01,MRVI,0.021596256431148,0.3074410876447169
2026-04-01,MSFT,0.0040037596575362,-0.0416723676541471
2026-04-01,MSTR,-0.0374768285861813,-0.8648319041285454
2026-04-01,MTCH,0.0122100910936371,0.1211777814663686
2026-04-01,MTSI,0.0281706382099323,0.4379060903547355
2026-04-01,MU,-0.0150405721613943,-0.4195966936166597
2026-04-01,MWH,-0.001369642098777,-0.1483045801249392
2026-04-01,MXL,0.0164974004093009,0.2062570847845591
2026-04-01,MYRG,-0.0079410892422785,-0.2787113466063657
2026-04-01,NAMS,0.0038552143465073,-0.0446201679276996
2026-04-01,NAUT,-0.0532231426695336,-1.1773088759081276
2026-04-01,NB,0.0089080803424064,0.0556511880765511
2026-04-01,NEGG,-0.0339603059971656,-0.7950484409006747
2026-04-01,NEO,0.03382544723474,0.5501226758178649
2026-04-01,NERV,-0.0571883715362106,-1.255996669261758
2026-04-01,NESR,0.0290719416064215,0.4557919622164794
2026-04-01,NEXT,0.0616734890977201,1.1027518019277662
2026-04-01,NKLR,-0.0100924882551046,-0.3214046807453198
2026-04-01,NKSH,-0.0078948942227922,-0.2777946317660574
2026-04-01,NKTR,0.0242609714432143,0.3603208964189109
2026-04-01,NNBR,-0.0139047901774871,-0.397057722714997
2026-04-01,NNE,0.0351862994981854,0.5771280430466549
2026-04-01,NRXP,0.011456836156137,0.1062298501217946
2026-04-01,NSIT,-0.003441244533316,-0.1894143949075842
2026-04-01,NSTS,0.0083180656177194,0.0439426692765557
2026-04-01,NUAI,0.0077099836497232,0.031875615936492
2026-04-01,NUCL,-0.0779888078419706,-1.6687699261720643
2026-04-01,NVAX,-0.0511330902922808,-1.1358329321255032
2026-04-01,NVMI,-0.0144481729034953,-0.407840855062134
2026-04-01,NVTS,0.0112912951569089,0.1029447797319658
2026-04-01,NXT,-0.0746055721638573,-1.601631468630997
2026-04-01,ODD,0.0291154849894227,0.4566560567842121
2026-04-01,ODFL,-0.00574414923144,-0.235114276324757
2026-04-01,OLPX,0.0210615254419222,0.2968296442716518
2026-04-01,OMEX,0.0863517122793158,1.5924776138140233
2026-04-01,ON,-0.003225454517387,-0.1851321603248851
2026-04-01,ONDS,0.0705753646126151,1.2794046420355385
2026-04-01,ONEW,0.0118956473070555,0.1149378168812731
2026-04-01,OPEN,0.0450296954341469,0.772464839824296
2026-04-01,OPRT,0.0028371989470524,-0.0648221255136316
2026-04-01,OPRX,-0.0054349906654715,-0.2289791940456793
2026-04-01,OPTX,0.0622649918276408,1.1144898493759874
2026-04-01,ORBS,-0.016998212539063,-0.4584449938480194
2026-04-01,ORMP,-0.0069308103072563,-0.2586629149164262
2026-04-01,OTLK,0.0607191733533673,1.0838139290809268
2026-04-01,PAHC,0.0023357019991983,-0.0747740575526243
2026-04-01,PALI,-0.0060007083650362,-0.2402055517003249
2026-04-01,PANW,0.014608390126884,0.1687707111744834
2026-04-01,PCT,0.0509952498479183,0.8908479971990374
2026-04-01,PENG,0.1354437493194358,2.566682179503845
2026-04-01,PEPG,-0.008209066586948,-0.2840292101218911
2026-04-01,PFIS,0.0033162703643885,-0.0553152158354097
2026-04-01,PHOE,0.0072501483624803,0.0227504367158528
2026-04-01,PHVS,-0.0256152771570421,-0.6294459178231026
2026-04-01,PICS,-0.0473564677382433,-1.0608879276632988
2026-04-01,PLAB,-0.016375294472031,-0.4460835262548674
2026-04-01,PLSE,-0.0316844906803955,-0.7498861334076619
2026-04-01,PMTR,0.0070941188888732,0.0196541173383134
2026-04-01,PNRG,0.0166652810206408,0.2095885834943078
2026-04-01,PNTG,-0.0251466331025252,-0.6201459334443596
2026-04-01,POET,0.0753307510404362,1.3737726790721092
2026-04-01,POLE,0.0081870197366292,0.0413421355979759
2026-04-01,POWI,-0.0053819477368027,-0.2279265862012653
2026-04-01,POWL,-0.0267754057434662,-0.6524680337063357
2026-04-01,PPTA,-0.0185639532588243,-0.4895162601845809
2026-04-01,PRAA,-0.0001197010562831,-0.1235001852809133
2026-04-01,PRE,-0.0124690154272169,-0.368565559803276
2026-04-01,PRTA,-0.0150673283372276,-0.4201276552599091
2026-04-01,PRTH,0.0171625275461653,0.2194561682320013
2026-04-01,PSIG,0.0295468882765855,0.4652170185480151
2026-04-01,PTEN,0.0148412582491721,0.1733918514166647
2026-04-01,PTON,0.0612300919197454,1.09395282797515
2026-04-01,PURR,-0.0572381902168805,-1.256985293671978
2026-04-01,PYXS,0.0025554523383103,-0.0704132325271758
2026-04-01,QCOM,-0.0003137620534514,-0.1273512193968787
2026-04-01,QDEL,0.0342301634078479,0.5581540464315553
2026-04-01,QMCO,0.1299832304146386,2.458321174973893
2026-04-01,QNTM,-0.0936356481027078,-1.979272894467556
2026-04-01,QSEA,0.0323414011799109,0.5206725953266647
2026-04-01,QTI,0.0862203115495613,1.589870038358208
2026-04-01,QTRX,0.0774901556536062,1.4166248799616885
2026-04-01,QURE,-0.0091048662673981,-0.3018058637556524
2026-04-01,RBCAA,0.0121620270007671,0.1202239758892767
2026-04-01,RDVT,-0.0088171134043202,-0.2960955659170903
2026-04-01,RDZN,-0.027581943104472,-0.6684733255390846
2026-04-01,RFIL,0.0009820849947337,-0.1016358450328853
2026-04-01,RGNX,-0.015603371109596,-0.4307651302503956
2026-04-01,RGTI,0.0272409085043406,0.4194561139704883
2026-04-01,RILY,0.000383627465478,-0.1135119066616975
2026-04-01,RIOT,0.0066320355196365,0.0104843261627745
2026-04-01,RKLB,0.0230682410162011,0.3366518148796013
2026-04-01,RLAY,0.1603485093226533,3.0609034904410057
2026-04-01,RMBS,0.0274432065006075,0.4234706068185238
2026-04-01,ROOT,-0.0015913431626099,-0.1527041162132014
2026-04-01,RVMD,0.0108995487560322,0.0951707871389356
2026-04-01,RXT,-0.0369114691029526,-0.8536126550807352
2026-04-01,RZLT,-0.0216444522204003,-0.5506470735284551
2026-04-01,SABR,0.0022735182067412,-0.0760080608284327
2026-04-01,SAIA,-0.0028877937396559,-0.1784314672766176
2026-04-01,SAIL,-0.0293558304718074,-0.7036751480029867
2026-04-01,SANM,-0.0062486911193338,-0.2451266335297805
2026-04-01,SATL,0.1348364601956301,2.5546308597221485
2026-04-01,SCVL,0.0016253781172039,-0.0888700456329706
2026-04-01,SCZM,-0.0510212568014873,-1.1336136578012574
2026-04-01,SEAT,0.025041772441512,0.3758154642408816
2026-04-01,SEIC,-0.0057169364511371,-0.2345742536160937
2026-04-01,SEPN,0.025079732796092,0.3765687666698841
2026-04-01,SERV,-0.0343587952909804,-0.802956242508004
2026-04-01,SEZL,-0.0088449500696613,-0.2966479692823588
2026-04-01,SFIX,0.0184960650371418,0.2459194887735004
2026-04-01,SGHT,-0.0384966438241824,-0.8850695785238605
2026-04-01,SGML,0.2076157619250112,3.998896209203089
2026-04-01,SHMD,0.0312092645283512,0.4982059640472806
2026-04-01,SHOO,0.0031113402410549,-0.0593819418023079
2026-04-01,SIBN,0.013627055324951,0.1492966599402243
2026-04-01,SITM,-0.0264790811579599,-0.6465876347346969
2026-04-01,SKIN,-0.0341509177981976,-0.7988310276099605
2026-04-01,SLNO,0.0735680150967638,1.3387921504982434
2026-04-01,SMTC,0.0355538965741543,0.5844228055241316
2026-04-01,SMX,0.0230085154912255,0.3354665945744844
2026-04-01,SNDK,0.0008485290475466,-0.1042861895972878
2026-04-01,SNEX,0.0563658347883596,0.9974243115028631
2026-04-01,SOBR,-0.0383215871618646,-0.8815956750159452
2026-04-01,SOLS,-0.0211036261087651,-0.5399146757921643
2026-04-01,SPPL,0.0572481758170653,1.0149338855699983
2026-04-01,SPT,0.0141780872319401,0.1602315860910967
2026-04-01,SRRK,0.0186712860773696,0.2493966542709391
2026-04-01,STEX,0.0260563608822263,0.3959494157090633
2026-04-01,STFS,-0.0202933615589587,-0.5238354199406935
2026-04-01,STKE,-0.0526959441317111,-1.166846909904313
2026-04-01,STOK,0.0138692635218334,0.1541031488430485
2026-04-01,STRO,-0.0612552114125243,-1.3367008774044429
2026-04-01,STRZ,0.0094478196911532,0.0663620195990202
2026-04-01,STTK,0.0069992006169403,0.0177705162604271
2026-04-01,STX,0.0119946781552675,0.1169030297811442
2026-04-01,SUNS,-0.0160916248603007,-0.4404542583011009
2026-04-01,SWIM,-0.0413722977470193,-0.9421353543579766
2026-04-01,SWMR,0.4210657267137815,8.234693759702196
2026-04-01,SYNA,0.0260911665752359,0.3966401156084008
2026-04-01,TACT,0.0490551952543624,0.8523486772139017
2026-04-01,TBLA,0.0112923390464791,0.1029654951482887
2026-04-01,TCMD,-0.050254746558736,-1.1184026821897517
2026-04-01,TENB,0.0250251189183541,0.3754849842022947
2026-04-01,TH,0.064927794603404,1.167331710868923
2026-04-01,TIGO,0.0336484027693555,0.5466093254476866
2026-04-01,TILE,-0.0008854076873444,-0.1386952136589239
2026-04-01,TLS,-0.006154217394639,-0.2432518542481589
2026-04-01,TMCI,0.0385843268134061,0.644560032518213
2026-04-01,TNDM,-0.0153107468763139,-0.4249581627403303
2026-04-01,TNGX,-0.0070390667148424,-0.2608112039851684
2026-04-01,TORO,0.0637388774625177,1.1437383019025813
2026-04-01,TOYO,0.0997139303387233,1.8576435068198336
2026-04-01,TPG,-0.017283221170525,-0.4641008339143919
2026-04-01,TRDA,-0.0267429340628108,-0.6518236510027973
2026-04-01,TRUP,0.0163489058099339,0.2033102908561389
2026-04-01,TSEM,0.036028700892915,0.5938450369700958
2026-04-01,TSHA,0.0104089109297824,0.0854343484158488
2026-04-01,TSLA,-0.0515127452338121,-1.14336697633565
2026-04-01,TTMI,-0.007119087495852,-0.2623991725216116
2026-04-01,TVGN,0.0119149187539185,0.1153202481807934
2026-04-01,TZOO,0.0228735703893765,0.3327886829972704
2026-04-01,UAL,-0.02392327451434,-0.5958690528351508
2026-04-01,UFPT,-0.0104547500886007,-0.3285935682603915
2026-04-01,ULCC,-0.0315243803384651,-0.7467088314351391
2026-04-01,UNB,0.0118900089462088,0.1148259267008877
2026-04-01,URBN,0.0145084553177758,0.166787559666125
2026-04-01,URGN,0.0057191381956648,-0.0076316208347483
2026-04-01,USAR,0.0513760141964138,0.8984040569822782
2026-04-01,VC,-0.0087993148318179,-0.295742363001915
2026-04-01,VECO,-0.0185061357063349,-0.4883689025476158
2026-04-01,VHCP,,
2026-04-01,VIAV,0.0262927591454462,0.400640609663019
2026-04-01,VICR,-0.0479531882398295,-1.0727295189301451
2026-04-01,VNCE,-0.0325534490218529,-0.7671301353819585
2026-04-01,VRAX,-0.0752675069501452,-1.6147672016311063
2026-04-01,VREX,-0.0109006126394713,-0.3374414661867544
2026-04-01,VSAT,0.1709917068516823,3.272111911428812
2026-04-01,VSEC,-0.041701810390896,-0.948674352156232
2026-04-01,VTGN,-0.0196012738911042,-0.5101013195339307
2026-04-01,VTSI,0.0270319666419992,0.4153097772419798
2026-04-01,VTVT,0.0102258641236856,0.081801884884365
2026-04-01,WATT,0.0165219198113135,0.206743658877403
2026-04-01,WAY,-0.0049261257427663,-0.2188810485844582
2026-04-01,WDC,-0.0151788572007791,-0.4223408844235157
2026-04-01,WEN,0.0022872613674656,-0.0757353353370512
2026-04-01,WERN,0.0241224377116863,0.3575717704527922
2026-04-01,WEST,0.0265210694543873,0.4051713025976532
2026-04-01,WGS,-0.0016878992877565,-0.1546202195903382
2026-04-01,WINA,0.0047659603010847,-0.0265469136765529
2026-04-01,WIX,-0.0890887184498974,-1.8890415678673125
2026-04-01,WLDN,0.0140128663726719,0.1569528687032895
2026-04-01,WLFC,-0.0035877120122784,-0.1923209617427228
2026-04-01,WSC,-0.0135455655194802,-0.3899291062827084
2026-04-01,WVE,0.0396370061158549,0.6654498762583444
2026-04-01,WYFI,-0.0197720840160791,-0.5134909528359788
2026-04-01,XEL,0.0141779161416213,0.1602281908975021
2026-04-01,XENE,0.0018048016926486,-0.0853094831277364
2026-04-01,XLO,-0.007356894257934,-0.267118317363428
2026-04-01,XMTR,0.0112735833286978,0.1025932982097015
2026-04-01,XNDU,0.1087469117520775,2.036898071617975
2026-04-01,XOS,-0.012093913958966,-0.3611218767744305
2026-04-01,ZD,0.0246549792461414,0.3681397652960632
2026-04-01,ZSQR,0.0626524949421268,1.1221796362765135
2026-04-01,ZVRA,-0.0068692745443036,-0.2574417714309199
2026-04-02,AAL,0.0058231127266851,0.0061841552582391
2026-04-02,AAON,-0.0106841846340225,-0.3051413412275622
2026-04-02,ABSI,-0.0259945490048197,-0.5938928360944736
2026-04-02,ACHV,0.0160289636031195,0.1986651848136289
2026-04-02,ACIC,0.0132637221500528,0.1465130881095208
2026-04-02,ADAM,0.006487643490529,0.0187171196474456
2026-04-02,ADEA,0.0240188468334976,0.3493533507324149
2026-04-02,ADTN,0.0016675843501347,-0.0721885732824029
2026-04-02,ADTX,-0.2289453867787918,-4.421519427627711
2026-04-02,ADUR,0.012745817424028,0.1367454718584317
2026-04-02,ADV,0.0940337870084249,1.66982608076679
2026-04-02,AEI,0.0561985152081786,0.956257740626225
2026-04-02,AEIS,-0.0035544212556312,-0.1706749246421645
2026-04-02,AEYE,-0.059101222227568,-1.2182804177102828
2026-04-02,AFBI,0.0171994827369922,0.2207410245187075
2026-04-02,AGEN,0.1311588176518744,2.3699993644100545
2026-04-02,AGH,-0.0331667307861921,-0.7291592582822213
2026-04-02,AGPU,0.132570954265318,2.396632078577581
2026-04-02,AIOT,0.0456679140450236,0.7576519626012364
2026-04-02,AIRO,0.0044343047986111,-0.0200085829158615
2026-04-02,AKAM,-0.0278079808990895,-0.628093927435481
2026-04-02,AKAN,0.0367835232509088,0.5900934995462571
2026-04-02,AKBA,-0.0495236996531261,-1.0376495787887334
2026-04-02,AKTS,-0.0592027482298259,-1.2201951850018928
2026-04-02,ALAB,0.0179220124652822,0.2343678418874349
2026-04-02,ALDX,-0.0517164918897697,-1.0790053571966662
2026-04-02,ALGT,-0.0204128359190845,-0.4886224481147835
2026-04-02,ALHC,-0.0106064358097635,-0.3036750084424489
2026-04-02,ALKS,-0.016141736912805,-0.408070072422136
2026-04-02,AMD,0.0224100246060339,0.3190111712842657
2026-04-02,AMPH,0.0058405510218555,0.006513039253187
2026-04-02,AMRX,-0.0106289084583162,-0.3040988396920563
2026-04-02,AMSC,0.0107100397138956,0.0983509671437889
2026-04-02,ANAB,0.089868608903232,1.591271359590107
2026-04-02,ANNA,-0.0125660294146604,-0.3406326907706952
2026-04-02,APLD,0.0218607785553487,0.3086524616974719
2026-04-02,APLS,0.0850407545930897,1.5002186507654744
2026-04-02,APPF,0.0058097451929227,0.0059320452977512
2026-04-02,ARAI,-0.1917490257465914,-3.7200008620641447
2026-04-02,ARCB,0.0243326488330971,0.355271615920761
2026-04-02,ARHS,0.0151035359242825,0.1812117382996395
2026-04-02,ARTV,0.0854354544754678,1.5076626395759467
2026-04-02,ARWR,0.0114179846944255,0.1117027180532216
2026-04-02,ASBP,0.094514412171044,1.6788906092662956
2026-04-02,ASO,0.0227590451563761,0.3255936537915287
2026-04-02,ASPI,-0.0145077421672622,-0.3772531425337719
2026-04-02,ASRT,0.0031678080980827,-0.0438945471336138
2026-04-02,ASST,0.0419210409263538,0.68698641945086
2026-04-02,ASTI,-0.0080959449880803,-0.2563274757479713
2026-04-02,ASYS,0.0110665129858633,0.1050740070184696
2026-04-02,ATEX,-0.0094557481288761,-0.2819731873796571
2026-04-02,ATII,,
2026-04-02,ATOM,0.0092587666201696,0.0709801440121843
2026-04-02,AUUD,-0.0813308067547562,-1.637527511185023
2026-04-02,AVAH,0.0075006341990793,0.0378219935940186
2026-04-02,AVAV,0.0246130149064024,0.3605592838570813
2026-04-02,AVNW,0.0201229957531709,0.2758781024640649
2026-04-02,AVR,-0.0630221293684306,-1.292228220044621
2026-04-02,AVTX,-0.0870545976211155,-1.7454774677594889
2026-04-02,AXGN,-0.0531168251392708,-1.1054154614445135
2026-04-02,AXIN,0.0010467656815818,-0.0838971331993609
2026-04-02,AXTI,-0.1933686623959161,-3.7505470001120265
2026-04-02,BAND,0.0082127577101524,0.0512525510498847
2026-04-02,BCAR,4.506581278596218e-05,-0.102789063366254
2026-04-02,BDTX,0.0515719686734199,0.8690016704486236
2026-04-02,BEAM,-0.014073259266595,-0.3690588511359096
2026-04-02,BELFA,0.0475527709474669,0.7932001203726354
2026-04-02,BELFB,0.0139409978212883,0.1592864198062672
2026-04-02,BGDE,0.4967948018199781,9.26584680792696
2026-04-02,BHAV,,
2026-04-02,BIOA,0.0211399717103974,0.2950581376860204
2026-04-02,BJRI,0.0214435879179702,0.3007843001521271
2026-04-02,BKNG,0.0463899944540084,0.7712703058658911
2026-04-02,BKR,-0.0018797026402808,-0.1390899478282717
2026-04-02,BL,-0.0074950838807934,-0.2449953128591889
2026-04-02,BLMN,0.033995203900788,0.5375061566839665
2026-04-02,BLNK,0.0078528238206635,0.0444642443756541
2026-04-02,BNZI,-0.0652140862518943,-1.3335682437994576
2026-04-02,BRCB,0.0404711226615267,0.6596411482173264
2026-04-02,BTBT,-0.010358187082691,-0.2989930695084734
2026-04-02,BWEN,0.0208362053113013,0.2893291426271813
2026-04-02,BYND,-0.0162087753338815,-0.4093344083863595
2026-04-02,BZAI,0.0664823200194595,1.1502089713259207
2026-04-02,CABA,0.0197489567239074,0.2688237746752107
2026-04-02,CAEP,0.004050074752123,-0.0272551119735147
2026-04-02,CAR,0.1333137330447721,2.4106407904363207
2026-04-02,CBRL,0.0146605928232779,0.1728578886159564
2026-04-02,CCRN,0.0187301078339539,0.2496084161838925
2026-04-02,CDNA,-0.0303140235367512,-0.6753575679537471
2026-04-02,CDNL,-0.0273677261902232,-0.6197907804803485
2026-04-02,CDW,0.0057866256797519,0.0054960142649819
2026-04-02,CELC,0.0180360167980828,0.2365179488816402
2026-04-02,CELH,0.0525444925158046,0.8873433445251683
2026-04-02,CENX,0.0372554821219731,0.5989945829061977
2026-04-02,CEPS,-0.0066954261938194,-0.2299138721499148
2026-04-02,CEVA,-0.0036212550399491,-0.1719354011835479
2026-04-02,CGCT,0.0010652657624316,-0.0835482240636168
2026-04-02,CGEM,0.0477304220279005,0.7965505968079167
2026-04-02,CGNT,0.0429930959546335,0.707205238840018
2026-04-02,CGON,-0.0024114414214948,-0.1491184725737137
2026-04-02,CHMG,0.0176820616599787,0.2298424006864371
2026-04-02,CHRN,0.0234371865598372,0.3383833130862503
2026-04-02,CHRW,-0.0065229239735154,-0.2266605025517604
2026-04-02,CHTR,-0.005491427354845,-0.207206609530158
2026-04-02,CLBT,0.0058741446633699,0.0071466109938976
2026-04-02,CLFD,0.0022476248291554,-0.0612490847539648
2026-04-02,CLMT,0.0139612999712095,0.1596693157319799
2026-04-02,CLNN,0.1297883673859593,2.3441528493735784
2026-04-02,CLPT,0.0035508467945452,-0.0366704867835932
2026-04-02,CMPX,0.0137659327689137,0.1559847155262216
2026-04-02,COAG,,
2026-04-02,COCO,0.0234180315233094,0.3380220515709985
2026-04-02,COLA,,
2026-04-02,COLB,0.0117685990015512,0.1183152586076036
2026-04-02,COLL,0.0076995967172771,0.0415744009933937
2026-04-02,COLM,0.0167051582019157,0.2114181276237791
2026-04-02,COYA,0.0023424132098709,-0.0594613881345533
2026-04-02,CPSH,0.1603794111868429,2.921095984959081
2026-04-02,CRAC,0.0033046199554881,-0.0413142931707052
2026-04-02,CRDO,0.0148340059932446,0.1761284386071122
2026-04-02,CRMD,0.0116385699100994,0.115862926734659
2026-04-02,CRML,-0.0215969306627239,-0.510954322066921
2026-04-02,CRWD,-0.0035504135707393,-0.1705993402226513
2026-04-02,CSCO,0.0151537724559258,0.1821591927989324
2026-04-02,CSGS,0.0030728537450074,-0.0456853739702956
2026-04-02,CTSH,-0.0046467374507977,-0.1912758670222996
2026-04-02,CUE,-0.0385623123505962,-0.8309192298064586
2026-04-02,CVGI,0.1898000906612004,3.47596620048607
2026-04-02,CVRX,-0.0082588305985765,-0.2593994773270318
2026-04-02,CVV,-0.0513208416872646,-1.071543445471322
2026-04-02,CXDO,0.0116969299494717,0.1169635895406589
2026-04-02,DARE,0.0536583397931973,0.9083503603355848
2026-04-02,DASH,-0.0081174241481286,-0.2567325699326827
2026-04-02,DAVE,0.0011851534737824,-0.0812871573097289
2026-04-02,DCBO,0.0129550299029211,0.1406911921928491
2026-04-02,DDOG,-0.0342443347355952,-0.749482729607185
2026-04-02,DFDV,0.0230951831085007,0.3319331721600532
2026-04-02,DGXX,-0.0111369312081055,-0.3136800831474938
2026-04-02,DIBS,0.0378166482400748,0.6095781034251206
2026-04-02,DJCO,-0.0012561072920919,-0.1273290200919566
2026-04-02,DOMH,0.0359223673816814,0.5738522110615031
2026-04-02,DOMO,-0.0361126734953348,-0.7847193573403297
2026-04-02,DOO,0.0068890968917523,0.0262884789511959
2026-04-02,DOX,-0.0082258176793833,-0.258776857934307
2026-04-02,DPRO,-0.034764570199962,-0.7592943032824137
2026-04-02,DRTS,-0.0145927766763548,-0.3788568823939801
2026-04-02,DSGN,0.1192925106647976,2.1462023470377183
2026-04-02,EIKN,-0.0607722677603695,-1.2497961206616417
2026-04-02,ENGN,0.0785362460772083,1.3775444601421765
2026-04-02,ENPH,-0.0448015424141493,-0.9485903030766598
2026-04-02,ERII,0.0246995577396347,0.3621914705157825
2026-04-02,ERNA,0.0339558743562471,0.536764406552907
2026-04-02,ESOA,-0.0109350234287117,-0.3098721285023103
2026-04-02,ESPR,-0.0307285899334005,-0.683176236657831
2026-04-02,EYE,0.0419061612399709,0.6867057904872272
2026-04-02,EZGO,-0.0360462793880706,-0.783467173051401
2026-04-02,FA,-0.0066174681146627,-0.2284435928444552
2026-04-02,FABC,0.0937303809109431,1.6641038809498665
2026-04-02,FACT,0.0088523885327185,0.0633159057621481
2026-04-02,FCEL,0.0078412882986672,0.044246685920491
2026-04-02,FDMT,0.0501223389849374,0.8416618417276839
2026-04-02,FEIM,0.1168140979236179,2.099459802799004
2026-04-02,FENC,0.0017828036354206,-0.0700155524412215
2026-04-02,FFAI,-0.0531384786330408,-1.1058238435407033
2026-04-02,FGMC,0.001316551426766,-0.0788090088850689
2026-04-02,FLNC,-0.0056083352726093,-0.2094114777618108
2026-04-02,FLWS,-0.011407205497986,-0.3187774213516672
2026-04-02,FLXS,-0.007613010031981,-0.2472193848417137
2026-04-02,FLYW,0.0070815596974831,0.0299183026128094
2026-04-02,FMAO,-0.007936172266793,-0.2533141828573952
2026-04-02,FNKO,0.0368364534759104,0.5910917567544285
2026-04-02,FOSL,0.0431655639177521,0.7104579623520818
2026-04-02,FOXF,-0.050436325025607,-1.054861575458126
2026-04-02,FRMI,-0.0480872674278756,-1.0105586525200412
2026-04-02,FROG,-0.0101812698340877,-0.2956564330467442
2026-04-02,FSEA,0.0104147730384357,0.0927822757750797
2026-04-02,FTRE,-0.0521607766529841,-1.0873845104563655
2026-04-02,FWRD,-0.0094832472137124,-0.2824918165684631
2026-04-02,FWRG,0.0515395508220738,0.8683902739586477
2026-04-02,GALT,-0.035936855790283,-0.7814034581279894
2026-04-02,GDRX,0.0054628042651336,-0.0006112157967194
2026-04-02,GELS,0.008735850605579,0.0611180155058975
2026-04-02,GFS,-0.0069183238504703,-0.2341176931695536
2026-04-02,GH,-0.0286405164830944,-0.6437954410369359
2026-04-02,GLSI,-0.0272507013746745,-0.6175837075715774
2026-04-02,GLUE,0.0071465369772768,0.0311437657186131
2026-04-02,GMM,-0.0114735144365356,-0.3200279993696382
2026-04-02,GPRE,-0.0563640199740423,-1.1666571366885603
2026-04-02,GPRO,0.0205119052787379,0.283212885892841
2026-04-02,GRAL,-0.0408714008580219,-0.8744683408629492
2026-04-02,GRPN,0.0492509207347489,0.8252270060632773
2026-04-02,GSHD,0.0439765545734076,0.7257531413871594
2026-04-02,GSIT,0.0069042458938964,0.0265741871753056
2026-04-02,GTX,-0.0043710824616488,-0.1860770495247825
2026-04-02,GV,-0.1113985270331519,-2.20460083271792
2026-04-02,HCKT,0.0015876512983689,-0.0736961003162245
2026-04-02,HCSG,0.0205368029794677,0.2836824533133405
2026-04-02,HELE,0.0650548614729201,1.1232872874788653
2026-04-02,HLMN,0.0157790771235024,0.1939523580781592
2026-04-02,HOOD,0.0134782256555812,0.1505585965230003
2026-04-02,HOVR,-0.0019813780503956,-0.1410075329327689
2026-04-02,HPK,0.0057668865657494,0.0051237371239861
2026-04-02,HROW,-0.0072420266638365,-0.240222686426958
2026-04-02,HTCO,-0.3176537567061834,-6.094547828741299
2026-04-02,HUHU,0.0371918296092716,0.5977941047366744
2026-04-02,HUT,0.0368103170668176,0.5905988274541698
2026-04-02,HYMC,0.0096768598168156,0.0788653277087587
2026-04-02,IEAG,0.0013793485007313,-0.0776246641796393
2026-04-02,IKT,-0.0009683134233427,-0.121901264892783
2026-04-02,IMDX,-0.0769729029012917,-1.5553380072843646
2026-04-02,IMSR,-0.0050546122893929,-0.1989683338056252
2026-04-02,IMUX,-0.0051873995696834,-0.2014726847638764
2026-04-02,IMVT,0.0254315221531116,0.3759962248287467
2026-04-02,IMXI,-0.0057610771308858,-0.2122921694839631
2026-04-02,INDI,-0.0560876275449114,-1.1614444111682152
2026-04-02,INDV,-0.0024186595838368,-0.1492546061833373
2026-04-02,INOD,0.0101002153784725,0.086849758929861
2026-04-02,INSM,0.0149338867911145,0.1780121775564229
2026-04-02,INTC,0.0197804970500274,0.2694186211527451
2026-04-02,IPCX,0.0048679199688865,-0.0118306568011308
2026-04-02,IPSC,0.0325603991828093,0.5104459249922465
2026-04-02,IPST,-0.0123057494888757,-0.3357238449827055
2026-04-02,IPWR,0.0184674580763946,0.2446548756746723
2026-04-02,IREN,0.0093224622189473,0.0721814347795409
2026-04-02,IRHO,-0.0023362492611141,-0.1477003581391794
2026-04-02,IRWD,-0.003041464002465,-0.1610006170902762
2026-04-02,ISSC,-0.0290386500587152,-0.6513041888585418
2026-04-02,JACK,0.0546743604275537,0.9275123782915804
2026-04-02,JBHT,0.0094432810283295,0.0744600619220593
2026-04-02,JBIO,0.0492430146963347,0.8250778991997649
2026-04-02,JBLU,0.0104790426303964,0.093994391979743
2026-04-02,KALU,0.0011329402792223,-0.0822718914163677
2026-04-02,KALV,0.0194198994689896,0.2626177973416113
2026-04-02,KEEL,0.0980754456835529,1.7460512414436336
2026-04-02,KMTS,-0.032976569958253,-0.7255728496244847
2026-04-02,KOPN,0.0066230854759758,0.021271538002119
2026-04-02,KROS,0.0008471874733081,-0.0876611524340567
2026-04-02,KXIN,0.0078225621820896,0.0438935137801112
2026-04-02,LASR,-0.0405217677602476,-0.8678743057902217
2026-04-02,LBRDA,0.003816943441496,-0.0316519383855771
2026-04-02,LBRDK,0.0016118422956212,-0.0732398612320488
2026-04-02,LBRX,0.0533410398233704,0.9023661238804752
2026-04-02,LBTYB,0.0194410221598587,0.2630161685636372
2026-04-02,LE,-0.0632567594073699,-1.2966533122791106
2026-04-02,LFUS,-0.0252110502299775,-0.5791161503812579
2026-04-02,LGIH,0.0131611674649965,0.1445789199931767
2026-04-02,LGN,-0.061639207500567,-1.2661464922059686
2026-04-02,LGND,0.0171342801388875,0.2195113119386555
2026-04-02,LIEN,0.0060306640294794,0.0100985460259563
2026-04-02,LIFE,0.0301874451670961,0.4656923186969858
2026-04-02,LINC,0.0164933492898332,0.2074234388947103
2026-04-02,LIND,0.0206135481615492,0.2851298575365956
2026-04-02,LINK,-0.0412361321000764,-0.8813471249870408
2026-04-02,LITE,-0.0587023736297799,-1.2107581846629385
2026-04-02,LLYVA,0.0176667071944648,0.2295528174497053
2026-04-02,LMB,-0.0048808413087991,-0.1956910355522493
2026-04-02,LMRI,-0.0347435058909056,-0.7588970331338367
2026-04-02,LOVE,0.0471361790994088,0.7853432519165462
2026-04-02,LQDA,0.0073371500399362,0.0347387034647744
2026-04-02,LRMR,0.0517551337875297,0.8724561408469625
2026-04-02,LWAY,0.0408839677758446,0.6674273537589254
2026-04-02,LWLG,0.0290285244983547,0.4438352245464687
2026-04-02,LXRX,-0.0079101897858815,-0.2528241566227572
2026-04-02,MASI,-0.0052555919063345,-0.2027587834268221
2026-04-02,MBBC,0.0033146954772162,-0.041124270132056
2026-04-02,MBX,-0.0367755786711914,-0.7972216633500233
2026-04-02,MCW,0.0053535190063221,-0.0026723216649072
2026-04-02,MDAI,0.1403752192973009,2.543819509245196
2026-04-02,MDB,0.0131657624566416,0.1446655809422099
2026-04-02,MELI,-0.0037694788849521,-0.1747308837588136
2026-04-02,MGNX,0.0471612472710514,0.7858160343964459
2026-04-02,MKSI,0.0059886176256539,0.0093055562796404
2026-04-02,MLTX,-0.0056926382896137,-0.2110014217757003
2026-04-02,MMED,-0.0591318006714516,-1.2188571232130547
2026-04-02,MNPR,-0.0312020644781195,-0.6921059054271664
2026-04-02,MNTS,0.047322294368527,0.7888533618573619
2026-04-02,MOVE,-0.0942276451367236,-1.8807602175831228
2026-04-02,MPLT,0.0650906052616889,1.1239614107191267
2026-04-02,MRAM,0.0057944326628216,0.0056432529574907
2026-04-02,MRLN,-0.1450347462358092,-2.838975583129734
2026-04-02,MRVI,-0.0034115888247642,-0.1679811234412614
2026-04-02,MSFT,-0.0015686965740712,-0.1332244135825959
2026-04-02,MSTR,0.0565609081357493,0.9630924244411202
2026-04-02,MTCH,0.0162875745058865,0.2035425530430419
2026-04-02,MTSI,-0.016773276532617,-0.4199808280953466
2026-04-02,MU,0.0342902461750665,0.5430706158753728
2026-04-02,MWH,-0.0347706138912395,-0.759408286519432
2026-04-02,MXL,0.0225137989640164,0.3209683422744907
2026-04-02,MYRG,0.0063002238830374,0.0151824100533493
2026-04-02,NAMS,0.0385695406828541,0.6237775576681043
2026-04-02,NAUT,0.0354314247263284,0.5645930959814273
2026-04-02,NB,0.0713344241331172,1.2417190283132578
2026-04-02,NEGG,0.0290127492613632,0.4435377056140085
2026-04-02,NEO,0.0040511755270441,-0.0272343515006548
2026-04-02,NERV,-0.0022245569868375,-0.1455938562701597
2026-04-02,NESR,-0.0591971714393503,-1.2200900074537049
2026-04-02,NEXT,0.0625626949751537,1.076285349167074
2026-04-02,NKLR,1.1136329725706072e-05,-0.1034289690351483
2026-04-02,NKSH,0.018884467719445,0.2525196236903619
2026-04-02,NKTR,-0.0529581335252741,-1.102422558097825
2026-04-02,NNBR,0.0190281640467058,0.2552297178656889
2026-04-02,NNE,0.0039037124988995,-0.030015485168224
2026-04-02,NRXP,0.0408559434913677,0.6668988193727211
2026-04-02,NSIT,0.0230292558147265,0.3306897919132618
2026-04-02,NSTS,0.0127795132634233,0.137380971037977
2026-04-02,NUAI,-0.0786214194902523,-1.586428817264251
2026-04-02,NUCL,0.0106433114489942,0.0970924806849743
2026-04-02,NVAX,0.0159516281930336,0.197206648966432
2026-04-02,NVMI,0.0019679671015061,-0.0665233933826896
2026-04-02,NVTS,0.008886572841235,0.0639606174062389
2026-04-02,NXT,-0.0430002977801361,-0.9146190618902402
2026-04-02,ODD,0.0959141858390186,1.7052901598788173
2026-04-02,ODFL,0.0181028946306475,0.2377792561672688
2026-04-02,OLPX,0.0312056722179395,0.4848959493829923
2026-04-02,OMEX,0.0547070800126386,0.928129465440905
2026-04-02,ON,0.0239669079715775,0.348373790503938
2026-04-02,ONDS,-0.0102484809452585,-0.296924025923845
2026-04-02,ONEW,-0.0040507233559491,-0.1800351181621654
2026-04-02,OPEN,-0.0495302718960652,-1.0377735304418318
2026-04-02,OPRT,0.0208904206255939,0.2903516364534229
2026-04-02,OPRX,0.0358806054931113,0.5730645872361625
2026-04-02,OPTX,0.0631287875168385,1.0869617813985804
2026-04-02,ORBS,-0.046188028103239,-0.9747392441234084
2026-04-02,ORMP,0.0023798843895319,-0.0587546865251415
2026-04-02,OTLK,-0.0606598932329201,-1.247676751585887
2026-04-02,PAHC,-0.0196316357511441,-0.4738891138308972
2026-04-02,PALI,0.0320484674103725,0.5007909578744846
2026-04-02,PANW,-0.0092984006264038,-0.2790056338027409
2026-04-02,PCT,0.011615108050249,0.1154204390877231
2026-04-02,PENG,-0.0030231573141276,-0.1606553553123414
2026-04-02,PEPG,0.0934662548288146,1.6591224971499214
2026-04-02,PFIS,0.0104397321694715,0.093253001763217
2026-04-02,PHOE,0.0182262038368811,0.2401048518727978
2026-04-02,PHVS,-0.0077310929834723,-0.2494464140577156
2026-04-02,PICS,0.0268293264977075,0.4023586342566622
2026-04-02,PLAB,-0.000679506483318,-0.1164544033001782
2026-04-02,PLSE,0.00936241040834,0.072934852472615
2026-04-02,PMTR,0.0027296864198963,-0.0521574654055792
2026-04-02,PNRG,0.0141667673645165,0.1635444042358807
2026-04-02,PNTG,0.0008459203465144,-0.0876850502817492
2026-04-02,POET,0.0034598408551902,-0.0383868470474057
2026-04-02,POLE,-0.0001938849046255,-0.10729564303876
2026-04-02,POWI,-0.0220028010813209,-0.5186089857479297
2026-04-02,POWL,0.0200706644557114,0.2748911409519954
2026-04-02,PPTA,-0.0057079403533942,-0.2112900167225058
2026-04-02,PRAA,0.012605910659001,0.1341068483374519
2026-04-02,PRE,0.0132621533393877,0.1464835005429705
2026-04-02,PRTA,0.0216505705869187,0.3046879665589441
2026-04-02,PRTH,0.0158949668863217,0.1961380240390358
2026-04-02,PSIG,0.0371954614600785,0.5978626009738789
2026-04-02,PTEN,-0.0071176099302126,-0.2378762028978736
2026-04-02,PTON,0.0203119277271039,0.2794413350939412
2026-04-02,PURR,0.0060737178138145,0.0109105348385908
2026-04-02,PYXS,-0.0262708369981986,-0.5991035919700232
2026-04-02,QCOM,-0.0141092197856602,-0.3697370618815712
2026-04-02,QDEL,-0.0742508409741296,-1.504000270862652
2026-04-02,QMCO,0.0929730181483992,1.649820117053416
2026-04-02,QNTM,-0.0593958760869576,-1.2238375514470423
2026-04-02,QSEA,0.0012427005015351,-0.0802018277978835
2026-04-02,QTI,0.0099041130865429,0.0831512950285369
2026-04-02,QTRX,-0.0503761662650414,-1.053726989002706
2026-04-02,QURE,0.0350327029246716,0.5570732542927446
2026-04-02,RBCAA,0.0056304892669577,0.0025513016829967
2026-04-02,RDVT,0.0262125635411354,0.3907265645439121
2026-04-02,RDZN,0.0161262171668129,0.2004993744656513
2026-04-02,RFIL,0.0047565283630759,-0.0139314881017099
2026-04-02,RGNX,0.0398085757298489,0.6471455986465833
2026-04-02,RGTI,0.0084932525035144,0.0565426466298528
2026-04-02,RILY,0.0651788383280661,1.1256254749566632
2026-04-02,RIOT,0.0480139486484616,0.8018978722573334
2026-04-02,RKLB,0.0155117555276204,0.18891070730149
2026-04-02,RLAY,0.0219474461101769,0.3102870005893636
2026-04-02,RMBS,-0.0047301722500367,-0.1928494365612539
2026-04-02,ROOT,0.0371276275473759,0.5965832621403154
2026-04-02,RVMD,-0.02394696766449,-0.5552757164386206
2026-04-02,RXT,-0.0388427773213288,-0.8362087629354893
2026-04-02,RZLT,0.0284490956760571,0.4329072717848398
2026-04-02,SABR,-0.0225943498799002,-0.5297655196970685
2026-04-02,SAIA,0.042303241312162,0.6941946693701977
2026-04-02,SAIL,0.0100989585699456,0.0868260556833464
2026-04-02,SANM,-0.0053736736346219,-0.2049857895733557
2026-04-02,SATL,0.0470656862414547,0.7840137657189157
2026-04-02,SCVL,-0.0084510792830214,-0.2630252626888461
2026-04-02,SCZM,0.0388488935046311,0.6290461158114526
2026-04-02,SEAT,0.0647968317627395,1.1184208804665787
2026-04-02,SEIC,-0.0223686039048074,-0.5255079797594443
2026-04-02,SEPN,-0.0052849095395834,-0.2033117102038432
2026-04-02,SERV,0.0013981618845688,-0.0772698461900075
2026-04-02,SEZL,0.0734561851644155,1.2817351673612811
2026-04-02,SFIX,-0.0673191057798441,-1.3732686402563128
2026-04-02,SGHT,0.0138652260686342,0.1578573743363046
2026-04-02,SGML,0.0518275815010141,0.8738224953674458
2026-04-02,SHMD,-0.0303200685600909,-0.6754715763132845
2026-04-02,SHOO,0.0313452583385989,0.4875285255926044
2026-04-02,SIBN,0.0086369926330684,0.0592535669107733
2026-04-02,SITM,0.0469260136731084,0.7813795591170908
2026-04-02,SKIN,-0.0201603588460744,-0.483860763122469
2026-04-02,SLNO,0.3369196412879404,6.250621926423402
2026-04-02,SMTC,-0.0025981502489865,-0.1526397769488
2026-04-02,SMX,0.4586619840686943,8.546666789574639
2026-04-02,SNDK,0.0240862793151548,0.350625118628301
2026-04-02,SNEX,0.0073086546244387,0.0342012836083628
2026-04-02,SOBR,0.002316995072793,-0.0599407709173677
2026-04-02,SOLS,0.0124558896299315,0.131277471102778
2026-04-02,SPPL,-0.0686003501333099,-1.397432743303965
2026-04-02,SPT,0.0134602825580639,0.1502201920209806
2026-04-02,SRRK,-0.0143349392206729,-0.3739941012767116
2026-04-02,STEX,-0.0237325404584581,-0.5512316470237903
2026-04-02,STFS,-0.0411530028938376,-0.8797793188926066
2026-04-02,STKE,0.0118631179577719,0.1200978739158356
2026-04-02,STOK,0.0055365433619929,0.000779494047447
2026-04-02,STRO,0.0093675011418918,0.0730308630499894
2026-04-02,STRZ,0.0599299981107059,1.0266330262876309
2026-04-02,STTK,0.0607201179367555,1.0415345841715808
2026-04-02,STX,0.0552102639253705,0.9376194490543224
2026-04-02,SUNS,-0.0053452818382709,-0.2044503239606665
2026-04-02,SWIM,0.0065323222170112,0.01955975465913
2026-04-02,SWMR,-0.147091123817307,-2.877758598758079
2026-04-02,SYNA,0.0119878741189363,0.1224507590045001
2026-04-02,TACT,-0.0618840674213704,-1.2707645186913354
2026-04-02,TBLA,0.0209278631292535,0.2910577972371526
2026-04-02,TCMD,-0.0052586305045365,-0.2028160909965099
2026-04-02,TENB,0.0468180103861573,0.7793426310726381
2026-04-02,TH,0.0183451079543834,0.242347368173722
2026-04-02,TIGO,0.0177737074648318,0.2315708287309118
2026-04-02,TILE,-0.0244256327844322,-0.5643032787863576
2026-04-02,TLS,-0.008635819037521,-0.2665094306015867
2026-04-02,TMCI,-0.0115219329764692,-0.3209411667800599
2026-04-02,TNDM,0.0208496889861444,0.289583442993452
2026-04-02,TNGX,-0.0610215625246627,-1.2544977877225152
2026-04-02,TORO,0.0115890522066949,0.114929029243121
2026-04-02,TOYO,0.096857248795446,1.7230762054507585
2026-04-02,TPG,-0.0181305047860051,-0.4455779776830422
2026-04-02,TRDA,0.0602063507390739,1.0318450011707283
2026-04-02,TRUP,-2.9126674721702966e-05,-0.1041883240994992
2026-04-02,TSEM,-0.0149387415285196,-0.3853817348282271
2026-04-02,TSHA,0.0769310404163163,1.3472704886725313
2026-04-02,TSLA,-0.0198036603105765,-0.4771334748066995
2026-04-02,TTMI,-0.0167050105590609,-0.4186933406498831
2026-04-02,TVGN,0.1067640339842152,1.909916894757849
2026-04-02,TZOO,0.0043231283658068,-0.02210535608133
2026-04-02,UAL,-0.0145860003002696,-0.3787290808161082
2026-04-02,UFPT,-0.0019230828092355,-0.1399080922126832
2026-04-02,ULCC,-0.0063057867053564,-0.222565321715187
2026-04-02,UNB,-0.0221720631800988,-0.5218012470725296
2026-04-02,URBN,0.024168618773821,0.3521780301855035
2026-04-02,URGN,-0.0296479554538605,-0.6627956099258456
2026-04-02,USAR,-0.0374581040179533,-0.8100940032492602
2026-04-02,VC,0.0016964455885992,-0.0716442540520745
2026-04-02,VECO,0.0200546735969581,0.2745895554209512
2026-04-02,VHCP,,
2026-04-02,VIAV,-0.0195780493030246,-0.4728784803394669
2026-04-02,VICR,0.0176524834824182,0.2292845600773443
2026-04-02,VNCE,-0.026349967565711,-0.6005959842544586
2026-04-02,VRAX,-0.1243524555227225,-2.448910251172853
2026-04-02,VREX,-0.0059162658779241,-0.215219009212175
2026-04-02,VSAT,-0.0270422009453854,-0.6136514164007376
2026-04-02,VSEC,0.0263449577374342,0.3932235019888427
2026-04-02,VTGN,-0.0928139236870187,-1.854097613608372
2026-04-02,VTSI,-0.0302833424116442,-0.6747789258963618
2026-04-02,VTVT,-0.0290294594412031,-0.6511308549991321
2026-04-02,WATT,0.0151503666087119,0.1820949589603062
2026-04-02,WAY,-0.0086869307328134,-0.2674733905742851
2026-04-02,WDC,0.02533453403081,0.3741670413670956
2026-04-02,WEN,0.0235617961888844,0.3407334345981076
2026-04-02,WERN,0.0133795977951649,0.1486984878122611
2026-04-02,WEST,0.0710336114344241,1.2360457396625797
2026-04-02,WGS,0.0070947913793415,0.0301678504239314
2026-04-02,WINA,-0.0341746956439448,-0.7481693453317861
2026-04-02,WIX,0.0310651976109183,0.482246616435333
2026-04-02,WLDN,-0.0160307547655411,-0.4059769634568704
2026-04-02,WLFC,0.0081397962106186,0.0498765065908586
2026-04-02,WSC,0.0325993059767126,0.5111797021008754
2026-04-02,WVE,0.0196957474293717,0.267820254251666
2026-04-02,WYFI,0.0353784479182387,0.5635939602222317
2026-04-02,XEL,-0.0090754315972167,-0.2748004667062872
2026-04-02,XENE,0.0211163209035432,0.2946120865229939
2026-04-02,XLO,-0.0067354069189758,-0.2306679034632909
2026-04-02,XMTR,0.0155919011407832,0.19042224321581
2026-04-02,XNDU,-0.0054640108727633,-0.2066895382186351
2026-04-02,XOS,-0.0259535749786228,-0.5931200712517476
2026-04-02,ZD,-0.0209965813505475,-0.4996318115678308
2026-04-02,ZSQR,-0.0344238959408029,-0.7528692307490334
2026-04-02,ZVRA,0.0413711495912533,0.6766155398833236
2026-04-06,AAL,-0.0126420831225337,-0.1491095269539019
2026-04-06,AAON,0.0018388901313072,0.1073081514567362
2026-04-06,ABSI,-0.0183229228643623,-0.2497013665000601
2026-04-06,ACHV,-0.0069929912011146,-0.0490798528272431
2026-04-06,ACIC,0.0130541490813329,0.3058991309668259
2026-04-06,ADAM,-0.0072354171012651,-0.0533725398872593
2026-04-06,ADEA,-0.0155470927567415,-0.2005491514257268
2026-04-06,ADTN,0.0056428902770773,0.1746663924363853
2026-04-06,ADTX,-0.1141574276482179,-1.9466633591473017
2026-04-06,ADUR,-0.02575339512504,-0.3812743217965731
2026-04-06,ADV,0.0080761525757405,0.2177526863373751
2026-04-06,AEI,0.0581424191446951,1.1042867345163745
2026-04-06,AEIS,0.0116962141083712,0.2818538871081594
2026-04-06,AEYE,0.0097142097674934,0.2467581140009973
2026-04-06,AFBI,-0.0172531172354269,-0.2307580903187113
2026-04-06,AGEN,0.065782672003368,1.2395743195529327
2026-04-06,AGH,0.0296380367473227,0.5995535628751237
2026-04-06,AGPU,0.0713778822986797,1.3386499002472474
2026-04-06,AIOT,-0.0325686280996325,-0.5019531039847187
2026-04-06,AIRO,0.0016739326041501,0.1043872133810604
2026-04-06,AKAM,-0.0235732227939292,-0.3426695458689434
2026-04-06,AKAN,0.0047513515181874,0.1588797257006389
2026-04-06,AKBA,0.0386753404089337,0.7595790241049197
2026-04-06,AKTS,0.0077484777028509,0.2119504775557531
2026-04-06,ALAB,0.0142906387526202,0.3277939169962198
2026-04-06,ALDX,0.0322173453629144,0.6452259300234545
2026-04-06,ALGT,-0.0080175272284488,-0.0672215305288728
2026-04-06,ALHC,0.1660185397326382,3.0144721835344064
2026-04-06,ALKS,-0.0338944133546551,-0.5254290659387102
2026-04-06,AMD,-0.0039194884264682,0.0053433155778527
2026-04-06,AMPH,-0.0084696925552897,-0.0752281182998687
2026-04-06,AMRX,0.0117189390309634,0.2822562821537829
2026-04-06,AMSC,-0.0364676885803254,-0.5709945985663585
2026-04-06,ANAB,-0.0180614721733694,-0.2450718034155847
2026-04-06,ANNA,-0.0044262556054779,-0.0036301188217936
2026-04-06,APLD,0.0266162679677495,0.5460464593421209
2026-04-06,APLS,0.009395595561677,0.2411163443815119
2026-04-06,APPF,-0.0077481946762704,-0.0624524016492466
2026-04-06,ARAI,-0.010024139141285,-0.1027530351550625
2026-04-06,ARCB,0.0011811965432151,0.0956622309783314
2026-04-06,ARHS,-0.0241657692434021,-0.3531618920849689
2026-04-06,ARTV,-0.1017674108481695,-1.727270692118204
2026-04-06,ARWR,-0.0088130485199491,-0.0813079955141345
2026-04-06,ASBP,-0.0334014934327681,-0.5167008278709351
2026-04-06,ASO,-0.0273984126447273,-0.4104029974697475
2026-04-06,ASPI,-0.0231919198357899,-0.3359177331569589
2026-04-06,ASRT,-0.0462984576888174,-0.7450701215027694
2026-04-06,ASST,-0.0795356572203145,-1.3336082944102468
2026-04-06,ASTI,-0.0369138782258176,-0.5788953736746638
2026-04-06,ASYS,-0.0110568720375312,-0.1210398565607655
2026-04-06,ATEX,0.0119489875711779,0.2863298006645577
2026-04-06,ATII,,
2026-04-06,ATOM,-0.0194484736665219,-0.2696317343395598
2026-04-06,AUUD,-0.0478105380426844,-0.7718448504600269
2026-04-06,AVAH,-0.0098623951207422,-0.0998889993256066
2026-04-06,AVAV,-0.0088165546228109,-0.0813700788244437
2026-04-06,AVNW,-0.0020454487083833,0.0385273361085985
2026-04-06,AVR,-0.002813992819291,0.0249185618072685
2026-04-06,AVTX,-0.0196977292481152,-0.2740453560238686
2026-04-06,AXGN,-0.0476047522827979,-0.7682009581694269
2026-04-06,AXIN,0.001963083211432,0.1095072647844138
2026-04-06,AXTI,0.0878017724389666,1.6294712218822878
2026-04-06,BAND,-0.024004328516768,-0.3503032267453669
2026-04-06,BCAR,0.0048445599891529,0.1605301879530192
2026-04-06,BDTX,-0.0227458001463436,-0.3280181967752612
2026-04-06,BEAM,0.01788206001632,0.3913879784235661
2026-04-06,BELFA,0.0020055948545409,0.1102600275055593
2026-04-06,BELFB,0.0167673257659239,0.371649141570484
2026-04-06,BGDE,0.1177846173202443,2.1603838436954854
2026-04-06,BHAV,,
2026-04-06,BIOA,-0.0108962554544524,-0.1181957845066721
2026-04-06,BJRI,0.0050607503570744,0.1643583168546763
2026-04-06,BKNG,-0.0025831920898067,0.0290053994936893
2026-04-06,BKR,0.0052553717594193,0.1678045194878507
2026-04-06,BL,-0.0249493304135717,-0.3670365766538616
2026-04-06,BLMN,-0.0271549876232443,-0.4060926187554455
2026-04-06,BLNK,0.0049740882830989,0.1628237730484337
2026-04-06,BNZI,-0.2317733520352826,-4.02931358898961
2026-04-06,BRCB,-0.0014247366232022,0.0495184172364749
2026-04-06,BTBT,-0.0269097305052746,-0.4017497987183468
2026-04-06,BWEN,-0.0233295497640007,-0.3383547756162618
2026-04-06,BYND,0.0273000388703867,0.5581541363846488
2026-04-06,BZAI,0.0317525799310527,0.6369962295085462
2026-04-06,CABA,0.0185135239212943,0.40256944431507
2026-04-06,CAEP,-0.0124296937266669,-0.1453487026741708
2026-04-06,CAR,0.166493362031347,3.022879963133077
2026-04-06,CBRL,-0.0302839882023078,-0.4614984986065243
2026-04-06,CCRN,0.0590284332934977,1.1199755758043497
2026-04-06,CDNA,-0.0058789961179149,-0.0293541045651812
2026-04-06,CDNL,0.0009745490003378,0.0920030789127194
2026-04-06,CDW,0.0071718690878959,0.2017403459709098
2026-04-06,CELC,0.0192019991639269,0.4147604221081027
2026-04-06,CELH,-0.0423851870352729,-0.6757770043631314
2026-04-06,CENX,0.014752560085047,0.3359732564365312
2026-04-06,CEPS,,
2026-04-06,CEVA,-0.011345507665805,-0.1261507891211121
2026-04-06,CGCT,-0.0094021308903874,-0.0917390025447116
2026-04-06,CGEM,-0.0211992039021001,-0.300632287593893
2026-04-06,CGNT,0.0088805291652853,0.2319959539716298
2026-04-06,CGON,0.0401227239617616,0.7852081530232701
2026-04-06,CHMG,0.0244143988519334,0.5070574938254643
2026-04-06,CHRN,-0.0644043052215294,-1.0656742210071677
2026-04-06,CHRW,-0.0194919941217389,-0.2704023603116197
2026-04-06,CHTR,0.0151172869598198,0.342431552909001
2026-04-06,CLBT,0.0084878817297535,0.2250432621816458
2026-04-06,CLFD,-0.0177093274680544,-0.2388363020981916
2026-04-06,CLMT,-0.0280929181802536,-0.4227007549437317
2026-04-06,CLNN,0.0652830451406536,1.23072732025509
2026-04-06,CLPT,-0.0219049255821644,-0.3131286517286821
2026-04-06,CMPX,-0.034506229264971,-0.5362626206030214
2026-04-06,COAG,,
2026-04-06,COCO,-0.006189354003415,-0.0348496777619106
2026-04-06,COLA,,
2026-04-06,COLB,-0.0236076246700625,-0.3432787072185589
2026-04-06,COLL,0.0026899820997992,0.1223786182581827
2026-04-06,COLM,0.0033293264474,0.1336996248261135
2026-04-06,COYA,-0.0057821848880319,-0.0276398474931227
2026-04-06,CPSH,0.0234975251350892,0.4908222155918978
2026-04-06,CRAC,-0.0076573626586572,-0.0608440197626513
2026-04-06,CRDO,0.0592940776891032,1.1246793977098222
2026-04-06,CRMD,-0.0116147842279247,-0.1309189265728408
2026-04-06,CRML,-0.0411684147603016,-0.6542313584708687
2026-04-06,CRWD,0.0565266201373031,1.075675437265081
2026-04-06,CSCO,-0.0111515160680583,-0.1227157385721311
2026-04-06,CSGS,-0.0157359054224,-0.2038924975209086
2026-04-06,CTSH,-0.0146763209377665,-0.1851302093192099
2026-04-06,CUE,0.0972590157901457,1.79693264465859
2026-04-06,CVGI,-0.0505470922484833,-0.8203015987735217
2026-04-06,CVRX,-0.0632138510756667,-1.0445945958338063
2026-04-06,CVV,-0.0160803951102266,-0.2099924498128227
2026-04-06,CXDO,0.0194036481580284,0.4183310638056572
2026-04-06,DARE,-0.0135413667839184,-0.1650333343280865
2026-04-06,DASH,0.009521003919345,0.2433369768875473
2026-04-06,DAVE,-0.0389918766688769,-0.6156909347995945
2026-04-06,DCBO,-0.0022110071764027,0.0355957570450513
2026-04-06,DDOG,-0.0009342280113857,0.0582039577231299
2026-04-06,DFDV,-0.0403667594790174,-0.6400362776217289
2026-04-06,DGXX,-0.0054912238177141,-0.0224877378350943
2026-04-06,DIBS,-0.0468816980429488,-0.7553976827060258
2026-04-06,DJCO,0.0044207589993765,0.1530258535411184
2026-04-06,DOMH,-0.0224394133262903,-0.3225929400803884
2026-04-06,DOMO,0.0070135874205705,0.1989376187674882
2026-04-06,DOO,-0.010459115079373,-0.1104552467574094
2026-04-06,DOX,0.0049899211013646,0.1631041281344654
2026-04-06,DPRO,-0.028499308705289,-0.429896798547363
2026-04-06,DRTS,0.035970297721712,0.7116802569640377
2026-04-06,DSGN,-0.0264449137528181,-0.3935191894587341
2026-04-06,EIKN,-0.0568051406605734,-0.9311141952116724
2026-04-06,ENGN,0.018936612485334,0.4100611636526762
2026-04-06,ENPH,-0.0344113110909834,-0.534581884274997
2026-04-06,ERII,-0.0156724728365685,-0.2027692832100077
2026-04-06,ERNA,0.0401580746488152,0.785834115169986
2026-04-06,ESOA,0.0170274780928398,0.376255714245648
2026-04-06,ESPR,-0.0805706296515102,-1.3519347717384065
2026-04-06,EYE,-0.014048910854896,-0.1740205253193176
2026-04-06,EZGO,-0.0091313732239852,-0.0869446388639194
2026-04-06,FA,0.0097620266613677,0.2476048179276691
2026-04-06,FABC,-0.0676319007401673,-1.122825942457809
2026-04-06,FACT,0.0040194395078831,0.1459196038087414
2026-04-06,FCEL,-0.0542876345982631,-0.8865361790406191
2026-04-06,FDMT,0.0378410245722832,0.7448056158439522
2026-04-06,FEIM,0.0127844779389788,0.3011240065988257
2026-04-06,FENC,-0.0067170424514087,-0.0441935695284931
2026-04-06,FFAI,0.0445062014886738,0.862827323441798
2026-04-06,FGMC,-0.0244798055627313,-0.3587226000931588
2026-04-06,FLNC,0.0068332521134878,0.1957443830666106
2026-04-06,FLWS,0.0100098159463659,0.2519924755857901
2026-04-06,FLXS,0.0052977753517443,0.1685553689307481
2026-04-06,FLYW,-0.017736560390363,-0.2393185212551715
2026-04-06,FMAO,0.011574623773544,0.279700861145951
2026-04-06,FNKO,0.0812243291618205,1.5130030325251882
2026-04-06,FOSL,-0.0112752881638046,-0.1249073974397339
2026-04-06,FOXF,-0.043678978850798,-0.6986864516681067
2026-04-06,FRMI,-0.0312320596965947,-0.4782862025315954
2026-04-06,FROG,-0.0201862369825084,-0.2826954665477247
2026-04-06,FSEA,-0.0040178459266452,0.003601678368283
2026-04-06,FTRE,0.0640664602084345,1.2091849916808528
2026-04-06,FWRD,0.0181062312761814,0.3953574266790403
2026-04-06,FWRG,-0.0402071986434165,-0.6372108999131421
2026-04-06,GALT,-0.1578425784648976,-2.7202056312774165
2026-04-06,GDRX,-0.0011162420965152,0.0549809955417338
2026-04-06,GELS,-0.0534955041255402,-0.8725097560058245
2026-04-06,GFS,0.0080930453942086,0.2180518110728102
2026-04-06,GH,0.0259979076023349,0.5350970206171578
2026-04-06,GLSI,0.0141945025363293,0.3260916125336425
2026-04-06,GLUE,-0.0008834789330502,0.059102582464725
2026-04-06,GMM,-0.0772960339173628,-1.2939508074588837
2026-04-06,GPRE,-0.0230750851446458,-0.3338489163905817
2026-04-06,GPRO,-0.0440481775919083,-0.7052239324304934
2026-04-06,GRAL,-0.0641145834186625,-1.0605440553219043
2026-04-06,GRPN,0.0014318851972573,0.1001012283817924
2026-04-06,GSHD,0.0139604596156224,0.3219473646765306
2026-04-06,GSIT,-0.0486460603479498,-0.7866396219177842
2026-04-06,GTX,-0.011694907257553,-0.1323376821277595
2026-04-06,GV,-0.1608076583503078,-2.772708932484558
2026-04-06,HCKT,-0.0015455474999271,0.0473791933049391
2026-04-06,HCSG,0.01502251195484,0.3407533517050992
2026-04-06,HELE,0.0481983172499467,0.9282044037894744
2026-04-06,HLMN,-0.0355357036968475,-0.5544917436859513
2026-04-06,HOOD,0.0033439187869737,0.1339580144916749
2026-04-06,HOVR,-0.0554178465831809,-0.9065490834362288
2026-04-06,HPK,0.0031961882538706,0.1313421184697272
2026-04-06,HROW,-0.0052967348276019,-0.0190438798535337
2026-04-06,HTCO,0.2237866221057541,4.037383924941006
2026-04-06,HUHU,-0.0123485202151694,-0.1439113460130011
2026-04-06,HUT,0.0551279180824397,1.0509083220022215
2026-04-06,HYMC,0.0245158804125923,0.5088544494395315
2026-04-06,IEAG,-0.0077617115730616,-0.0626917482203463
2026-04-06,IKT,-0.0067368673904346,-0.044544613947299
2026-04-06,IMDX,-0.0606989990187962,-1.0000635747024824
2026-04-06,IMSR,-0.0200107882549857,-0.2795887585521465
2026-04-06,IMUX,-0.0164714293039205,-0.2169165755859003
2026-04-06,IMVT,-0.0083480372001334,-0.0730739410088415
2026-04-06,IMXI,-0.003106048908287,0.0197470624202253
2026-04-06,INDI,-0.02123006565767,-0.3011787632745112
2026-04-06,INDV,-0.0010581675905672,0.0560093331906609
2026-04-06,INOD,0.0055773947284377,0.173506648803551
2026-04-06,INSM,-0.008903223962244,-0.0829047512816922
2026-04-06,INTC,0.0321421728606153,0.6438948345106067
2026-04-06,IPCX,-0.0078217311036066,-0.0637545268341787
2026-04-06,IPSC,0.0189283378982989,0.4099146437772409
2026-04-06,IPST,0.6313642195148189,11.254447271984846
2026-04-06,IPWR,-0.1025412378796126,-1.7409730122189204
2026-04-06,IREN,0.0215523595700503,0.4563787545365931
2026-04-06,IRHO,,
2026-04-06,IRWD,-0.0023665428236842,0.0328416542035572
2026-04-06,ISSC,-0.023297259602179,-0.337783006841837
2026-04-06,JACK,0.0433650171740473,0.8426201296665077
2026-04-06,JBHT,-0.0052109869628227,-0.017525524144293
2026-04-06,JBIO,0.0091697160358884,0.2371166474973369
2026-04-06,JBLU,-0.0101512911822292,-0.1050045434323417
2026-04-06,KALU,0.0096127301003552,0.2449611919159042
2026-04-06,KALV,0.0030120759782632,0.1280820031825431
2026-04-06,KEEL,-0.0561124571879374,-0.9188487013934554
2026-04-06,KMTS,0.0188659040652915,0.4088091145953679
2026-04-06,KOPN,-0.0335934914832113,-0.5201005782531096
2026-04-06,KROS,0.0300042223700069,0.6060376897076305
2026-04-06,KXIN,-0.0324781300072505,-0.5003506349833329
2026-04-06,LASR,-0.0039631156901181,0.0045707983261167
2026-04-06,LBRDA,0.0153451660152962,0.3464666558913342
2026-04-06,LBRDK,0.014417885239213,0.3300470976427204
2026-04-06,LBRX,-0.0430066475176106,-0.6867813375188955
2026-04-06,LBTYB,-0.0151527382160544,-0.193566231561079
2026-04-06,LE,-0.0615048130173499,-1.0143322948442814
2026-04-06,LFUS,0.0140527399905222,0.3235813929341558
2026-04-06,LGIH,-0.0516106725738109,-0.8391346421776595
2026-04-06,LGN,-0.0113473353938187,-0.1261831530904262
2026-04-06,LGND,0.0116327463827821,0.2807300505700833
2026-04-06,LIEN,-0.0103894589094693,-0.1092218301174796
2026-04-06,LIFE,0.0313404799595035,0.6296990875191637
2026-04-06,LINC,-0.044748736888864,-0.717628885147793
2026-04-06,LIND,-0.0215682328639197,-0.3071667620382094
2026-04-06,LINK,-0.0204388477254442,-0.2871684987887044
2026-04-06,LITE,0.0434414109364656,0.8439728502924614
2026-04-06,LLYVA,-0.0070885939907474,-0.0507727117903479
2026-04-06,LMB,0.0033478833020321,0.134028215004409
2026-04-06,LMRI,0.0124344990955261,0.2949268566588403
2026-04-06,LOVE,0.0324139867994897,0.6487079018330909
2026-04-06,LQDA,-0.015426794906822,-0.1984190117691274
2026-04-06,LRMR,0.0061820702978462,0.1842137679302463
2026-04-06,LWAY,0.0121750015739545,0.2903318787614081
2026-04-06,LWLG,0.0653927713612841,1.232670265819704
2026-04-06,LXRX,0.0040276547187548,0.1460650722978037
2026-04-06,MASI,-0.0049416445527387,-0.0127562207086313
2026-04-06,MBBC,,
2026-04-06,MBX,-0.0270518127717186,-0.4042656796792641
2026-04-06,MCW,-0.0100666751595257,-0.1035062294918612
2026-04-06,MDAI,-0.0129362697918072,-0.1543187529798161
2026-04-06,MDB,-0.0104852082924857,-0.1109172848408552
2026-04-06,MELI,0.006116265749399,0.1830485527719879
2026-04-06,MGNX,0.0428749649842185,0.8339426711412236
2026-04-06,MKSI,-0.0014930326941004,0.0483090841593875
2026-04-06,MLTX,0.0054517855142103,0.1712824596876277
2026-04-06,MMED,-0.0024694069462091,0.031020217271989
2026-04-06,MNPR,0.0117153359743849,0.2821924820633582
2026-04-06,MNTS,-0.0656736584616613,-1.088150929251298
2026-04-06,MOVE,0.5758189254541701,10.2708949167666
2026-04-06,MPLT,0.0822038770463588,1.5303480955981232
2026-04-06,MRAM,-0.0223384220844989,-0.3208046666469649
2026-04-06,MRLN,-0.0994882372278185,-1.68691287927091
2026-04-06,MRVI,-0.0187937266061326,-0.2580379886549125
2026-04-06,MSFT,-0.0170438457691821,-0.2270524758830334
2026-04-06,MSTR,-0.0193519783791788,-0.2679230717293631
2026-04-06,MTCH,0.0023983619021266,0.1172148372916631
2026-04-06,MTSI,0.0047800523084833,0.1593879367087826
2026-04-06,MU,-0.0056841462147146,-0.0259038558186811
2026-04-06,MWH,-0.0242517952346645,-0.3546851726391006
2026-04-06,MXL,-0.0045815085882344,-0.0063792164623272
2026-04-06,MYRG,0.0072442524391944,0.2030220533927924
2026-04-06,NAMS,-0.0085110007495338,-0.0759595712955855
2026-04-06,NAUT,-0.0891837829775034,-1.504449712615065
2026-04-06,NB,-0.0553091228797562,-0.904623889657352
2026-04-06,NEGG,-0.071264966217145,-1.1871574068414863
2026-04-06,NEO,0.0160343232726006,0.3586697102634553
2026-04-06,NERV,-0.0375490083618137,-0.5901417582999199
2026-04-06,NESR,0.0111563106358743,0.2722937013004283
2026-04-06,NEXT,0.0324647539862003,0.6496068472235411
2026-04-06,NKLR,-0.0520961161782215,-0.8477304954991378
2026-04-06,NKSH,-0.0001688949636834,0.0717558730442025
2026-04-06,NKTR,0.0379134031486413,0.7460872387149476
2026-04-06,NNBR,-0.008907961377042,-0.0829886376947717
2026-04-06,NNE,-0.0421231339217499,-0.6711367740545755
2026-04-06,NRXP,-0.0218600282072324,-0.3123336443458908
2026-04-06,NSIT,0.0408547002790696,0.7981694136129831
2026-04-06,NSTS,-0.0227923053566192,-0.3288416744410128
2026-04-06,NUAI,0.0457972272599292,0.8856877918116158
2026-04-06,NUCL,-0.0073425319354101,-0.0552692450750486
2026-04-06,NVAX,0.01870741706791,0.4060027515689005
2026-04-06,NVMI,-0.0066418610371768,-0.0428623162101522
2026-04-06,NVTS,-0.0322458184779013,-0.4962370452418451
2026-04-06,NXT,0.0071819373296822,0.2019186264731417
2026-04-06,ODD,0.0112599782965295,0.2741293666528528
2026-04-06,ODFL,-0.013213390132456,-0.1592257818889871
2026-04-06,OLPX,-0.0093533042999682,-0.0908744197062164
2026-04-06,OMEX,-0.1127309668281998,-1.9214047135161636
2026-04-06,ON,0.0007761081955601,0.0884892453069878
2026-04-06,ONDS,0.0162438690396322,0.3623801818015998
2026-04-06,ONEW,0.0003555295903681,0.0810419703454172
2026-04-06,OPEN,0.0336784325605976,0.6710977123006617
2026-04-06,OPRT,0.0117907074088155,0.2835271001098368
2026-04-06,OPRX,-0.0130390426130144,-0.1561385732194997
2026-04-06,OPTX,-0.0552581636981071,-0.9037215445716243
2026-04-06,ORBS,-0.0521592602822012,-0.8488486016004306
2026-04-06,ORMP,0.0171982633074825,0.3792798444251524
2026-04-06,OTLK,0.048297352497397,0.9299580420143982
2026-04-06,PAHC,0.0060973393366506,0.1827134187493977
2026-04-06,PALI,-0.0079084270684503,-0.0652896707532439
2026-04-06,PANW,0.0440361601940274,0.8545042021006003
2026-04-06,PCT,-0.0010838009777426,0.0555554373430485
2026-04-06,PENG,0.018526016883325,0.4027906598552305
2026-04-06,PEPG,-0.0475238050778751,-0.7667676087669886
2026-04-06,PFIS,0.0140499728936924,0.323532395361091
2026-04-06,PHOE,-0.0357573215700989,-0.5584159785807531
2026-04-06,PHVS,-0.0255775368914023,-0.3781603625889748
2026-04-06,PICS,-0.0128759647897012,-0.1532509194602377
2026-04-06,PLAB,-0.0146533754295371,-0.1847239083167151
2026-04-06,PLSE,-0.1287381199682522,-2.204846784307026
2026-04-06,PMTR,-0.0069904722923539,-0.0490352499731928
2026-04-06,PNRG,0.0209106419646768,0.4450157241876862
2026-04-06,PNTG,0.0220881288615333,0.4658657355203707
2026-04-06,POET,-0.0225904921827787,-0.3252681255778426
2026-04-06,POLE,-0.0046408540679285,-0.0074300595141424
2026-04-06,POWI,0.0040035739285573,0.1456386686156409
2026-04-06,POWL,0.0707100015898005,1.3268235942508158
2026-04-06,PPTA,0.0247100560550477,0.5122927589073768
2026-04-06,PRAA,0.0192758617206193,0.4160683221350236
2026-04-06,PRE,-0.0506982696854575,-0.8229785298566396
2026-04-06,PRTA,0.0568416527326089,1.0812537865442344
2026-04-06,PRTH,-0.0035035894021238,0.012707728204425
2026-04-06,PSIG,0.0313457441067011,0.6297923008950574
2026-04-06,PTEN,0.0473919801681155,0.9139264213006446
2026-04-06,PTON,0.0327271448537844,0.6542530582152105
2026-04-06,PURR,-0.0094819358553821,-0.0931521260614029
2026-04-06,PYXS,-0.0032352445488899,0.0174593676884232
2026-04-06,QCOM,-0.0165676422058918,-0.2186202379381587
2026-04-06,QDEL,-0.063067861265926,-1.0420095231712774
2026-04-06,QMCO,0.004628417348738,0.1567029041724881
2026-04-06,QNTM,0.0759666833482969,1.4199047780241283
2026-04-06,QSEA,-0.0160767472011282,-0.2099278555092722
2026-04-06,QTI,0.0427481407120971,0.8316969667363169
2026-04-06,QTRX,-0.006746324463739,-0.0447120723590222
2026-04-06,QURE,-0.0247326650638002,-0.3632000371473949
2026-04-06,RBCAA,-0.0040365359621422,0.0032707299280414
2026-04-06,RDVT,0.0288047322875019,0.5847980632791421
2026-04-06,RDZN,-0.0841369035593815,-1.4150835435787412
2026-04-06,RFIL,0.0407407292854955,0.7961513049495567
2026-04-06,RGNX,0.0087250450546244,0.2292427637000542
2026-04-06,RGTI,-0.0074221742911965,-0.0566794892358473
2026-04-06,RILY,-0.0320380655599604,-0.4925583200644953
2026-04-06,RIOT,0.0499473506979821,0.959174911665307
2026-04-06,RKLB,-0.0219669352782102,-0.3142266706270176
2026-04-06,RLAY,0.071597836786109,1.3425446812149318
2026-04-06,RMBS,-0.004113853173775,0.0019016575901151
2026-04-06,ROOT,0.0015491735296586,0.1021780778705526
2026-04-06,RVMD,-0.0118662570001822,-0.1353718085245887
2026-04-06,RXT,-0.0240580227555351,-0.3512540020701576
2026-04-06,RZLT,0.0109427587493709,0.2685122925513385
2026-04-06,SABR,0.0599751707442369,1.13673965753612
2026-04-06,SAIA,0.0134830880001498,0.3134944437828234
2026-04-06,SAIL,-0.0162363678311987,-0.2127542920112707
2026-04-06,SANM,0.0111256112796406,0.2717501012594535
2026-04-06,SATL,-0.0116089543589298,-0.1308156958405627
2026-04-06,SCVL,0.0122666592510139,0.2919548807757136
2026-04-06,SCZM,-0.023609579123972,-0.3433133151503092
2026-04-06,SEAT,0.0128184686868757,0.3017258880131739
2026-04-06,SEIC,-0.0036477962928174,0.0101542260692924
2026-04-06,SEPN,-0.0034394823111156,0.0138428861221857
2026-04-06,SERV,-0.0162627792979819,-0.2132219654802601
2026-04-06,SEZL,-0.0205198072019344,-0.2886020654864026
2026-04-06,SFIX,-0.0179543989315902,-0.243175834712677
2026-04-06,SGHT,-0.0198156124733572,-0.2761327394068937
2026-04-06,SGML,0.0051433931720897,0.1658216907862549
2026-04-06,SHMD,0.0494655974154649,0.950644403659776
2026-04-06,SHOO,0.0011458226307782,0.0950358575748047
2026-04-06,SIBN,-0.0023039902144176,0.0339492865819549
2026-04-06,SITM,0.0278596520126235,0.5680633255133826
2026-04-06,SKIN,-0.0090317370515101,-0.0851803599315618
2026-04-06,SLNO,0.0602890631868546,1.1422978178887269
2026-04-06,SMTC,0.0097688405145532,0.2477254722776365
2026-04-06,SMX,-0.2565490843884014,-4.468022759951236
2026-04-06,SNDK,-0.0315524689391182,-0.4839597572484653
2026-04-06,SNEX,0.0207905692648558,0.4428895713118481
2026-04-06,SOBR,0.0177441070980515,0.3889452167105018
2026-04-06,SOLS,-0.0017376163038326,0.0439781900761337
2026-04-06,SPPL,0.041362614216272,0.8071631539042512
2026-04-06,SPT,-0.0237044406043675,-0.3449930475928207
2026-04-06,SRRK,0.0163858687320599,0.3648946006068193
2026-04-06,STEX,-0.0116179175074245,-0.1309744082204535
2026-04-06,STFS,0.0358577766623824,0.7096878225951704
2026-04-06,STKE,-0.0244062953431025,-0.3574209389736841
2026-04-06,STOK,0.0280948827216661,0.5722286057915965
2026-04-06,STRO,0.0391036042599232,0.7671623833510814
2026-04-06,STRZ,0.0247390909084512,0.5128068852421338
2026-04-06,STTK,-0.0090135762049352,-0.0848587819523014
2026-04-06,STX,0.0218359779897772,0.4614008463163413
2026-04-06,SUNS,-0.0025095349499406,0.0303096621611053
2026-04-06,SWIM,-0.0148878397103823,-0.1888756172875615
2026-04-06,SWMR,-0.0755312311950525,-1.2627010696840022
2026-04-06,SYNA,-0.0274697602188386,-0.4116663641643173
2026-04-06,TACT,0.0152285081259862,0.3444009697926998
2026-04-06,TBLA,-0.0021831119860782,0.0360897031228771
2026-04-06,TCMD,-0.0245742946334422,-0.3603957381980469
2026-04-06,TENB,-0.0069631335322524,-0.048551156723867
2026-04-06,TH,-0.0118379213144931,-0.1348700625014999
2026-04-06,TIGO,-0.0088269976463045,-0.0815549956662099
2026-04-06,TILE,-0.0072627091721453,-0.0538558064005977
2026-04-06,TLS,-0.0161830050172957,-0.2118093852971553
2026-04-06,TMCI,-0.0508753047766292,-0.8261133279313073
2026-04-06,TNDM,-0.034585234620675,-0.5376615852676548
2026-04-06,TNGX,-0.0213588620324743,-0.3034593881217577
2026-04-06,TORO,-0.0409426986607514,-0.6502345554099146
2026-04-06,TOYO,-0.0427048708225267,-0.6814377132889895
2026-04-06,TPG,0.0006399193616366,0.0860777206112386
2026-04-06,TRDA,-0.00533570618767,-0.0197339540286612
2026-04-06,TRUP,-0.0149649028113225,-0.1902401900333171
2026-04-06,TSEM,-0.0229667411277175,-0.3319304458013852
2026-04-06,TSHA,-0.0149922192873109,-0.1907238886931045
2026-04-06,TSLA,-0.0114073017695468,-0.1272449904805923
2026-04-06,TTMI,0.033345237976321,0.6651977648136003
2026-04-06,TVGN,-0.0071974029381625,-0.0526994150027214
2026-04-06,TZOO,0.0078600931794507,0.2139268765782999
2026-04-06,UAL,-0.0187032095612234,-0.2564351840570888
2026-04-06,UFPT,-0.0162475066870526,-0.2129515301048807
2026-04-06,ULCC,0.0090836512723165,0.2355926803936603
2026-04-06,UNB,-0.0152329472327805,-0.194986509707857
2026-04-06,URBN,-0.0303612464377137,-0.4628665266398366
2026-04-06,URGN,-0.0121846312719801,-0.1410093295812916
2026-04-06,USAR,-0.0410294049521618,-0.651769882183697
2026-04-06,VC,0.022486031035048,0.47291147407528
2026-04-06,VECO,-0.0032137970531774,0.0178391430641462
2026-04-06,VHCP,,
2026-04-06,VIAV,0.0504126743505198,0.9674144967126456
2026-04-06,VICR,0.0133979802082885,0.3119874219810984
2026-04-06,VNCE,-0.0144908978935375,-0.1818468839727992
2026-04-06,VRAX,-0.0868416331770548,-1.4629767671304337
2026-04-06,VREX,0.0109076427896728,0.2678904867719122
2026-04-06,VSAT,0.0281108724554214,0.5725117394136323
2026-04-06,VSEC,-0.0256320661224905,-0.3791259233006809
2026-04-06,VTGN,-0.0125389301007407,-0.1472829744214483
2026-04-06,VTSI,-0.0334771089881503,-0.5180397686191123
2026-04-06,VTVT,-0.0455531439582753,-0.7318726924955368
2026-04-06,WATT,-0.0734969652098006,-1.2266798885061665
2026-04-06,WAY,-0.0330081756490565,-0.509736266082921
2026-04-06,WDC,0.0282450457368779,0.574887574292457
2026-04-06,WEN,-0.044840899703233,-0.7192608317360534
2026-04-06,WERN,-0.0039519946048067,0.0047677217529449
2026-04-06,WEST,0.0114559217933527,0.277598979894612
2026-04-06,WGS,0.0120283109771243,0.2877343971125909
2026-04-06,WINA,0.023773278509502,0.4957050393387117
2026-04-06,WIX,-0.0268873172596449,-0.4013529226030964
2026-04-06,WLDN,-0.0202449291106859,-0.2837347405650476
2026-04-06,WLFC,0.0104179511146523,0.2592194119591431
2026-04-06,WSC,0.0116041532099879,0.2802237451679693
2026-04-06,WVE,-0.0052150327772238,-0.0175971642418069
2026-04-06,WYFI,0.0662023182439465,1.247005084935664
2026-04-06,XEL,-0.006125126535572,-0.0337123883058908
2026-04-06,XENE,0.0183108253088821,0.3989802168024786
2026-04-06,XLO,0.0061812286845434,0.1841988653041966
2026-04-06,XMTR,-0.0092365529212028,-0.0888070781698781
2026-04-06,XNDU,-0.0694831479985528,-1.155606372048987
2026-04-06,XOS,0.0290701127796144,0.5894972121892404
2026-04-06,ZD,0.0067962006415198,0.1950883047590837
2026-04-06,ZSQR,-0.1051078114647578,-1.7864198774700828
2026-04-06,ZVRA,-0.0083799184033037,-0.0736384682653029
2026-04-07,AAL,0.0459401022904609,0.4637474803933947
2026-04-07,AAON,0.0731012721362798,0.9230951630979392
2026-04-07,ABSI,0.0259978749437568,0.1264860158955473
2026-04-07,ACHV,0.0127351983144236,-0.0978113840591071
2026-04-07,ACIC,0.0201996101038211,0.0284261925134661
2026-04-07,ADAM,0.023859447038024,0.0903210823265942
2026-04-07,ADEA,0.0242473799708657,0.0968817752112199
2026-04-07,ADTN,0.0436753147758964,0.4254455625253945
2026-04-07,ADTX,-0.0002763907542418,-0.3178624098773225
2026-04-07,ADUR,0.0003503088164221,-0.3072637133863191
2026-04-07,ADV,0.0061905651820942,-0.208493732446603
2026-04-07,AEI,-0.0439522576119142,-1.0565054191832093
2026-04-07,AEIS,0.0668669753523597,0.8176611999350114
2026-04-07,AEYE,0.0294231340661209,0.1844137432155364
2026-04-07,AFBI,0.0202573989423946,0.0294035130499374
2026-04-07,AGEN,0.0389388602829605,0.3453429966964581
2026-04-07,AGH,-0.1838752821522568,-3.42287319510989
2026-04-07,AGPU,-0.0334599670059495,-0.8790605814434812
2026-04-07,AIOT,0.0414387068589771,0.3876202159152344
2026-04-07,AIRO,0.0069482949362134,-0.1956790632461695
2026-04-07,AKAM,0.014675441328799,-0.0649981386209969
2026-04-07,AKAN,-0.0320224726386795,-0.8547497837033774
2026-04-07,AKBA,0.0359984316801912,0.2956146870357404
2026-04-07,AKTS,0.0111294055816473,-0.1249684312294489
2026-04-07,ALAB,0.0403382714552471,0.3690097342777055
2026-04-07,ALDX,0.0337681348170471,0.2578960724972674
2026-04-07,ALGT,0.062899062453695,0.750556152342385
2026-04-07,ALHC,-0.0265181854448763,-0.7616616883906131
2026-04-07,ALKS,0.0580353722918943,0.6683017863523287
2026-04-07,AMD,0.0368461792162027,0.3099517302631072
2026-04-07,AMPH,0.0032440798366083,-0.2583244732893134
2026-04-07,AMRX,0.0347984168298519,0.2753201252093001
2026-04-07,AMSC,0.0452659940290759,0.4523470116537603
2026-04-07,ANAB,0.0561987221398663,0.6372404956913582
2026-04-07,ANNA,-0.1531619491885982,-2.903451594159908
2026-04-07,APLD,0.0771554411085278,0.9916589669865788
2026-04-07,APLS,0.0353423424267471,0.2845189544171652
2026-04-07,APPF,-0.0230768239248885,-0.7034616385205835
2026-04-07,ARAI,0.1274338567558208,1.841963789965148
2026-04-07,ARCB,0.0423271680035285,0.4026458046597318
2026-04-07,ARHS,0.0306011385569844,0.2043360674808521
2026-04-07,ARTV,-0.0730396148660748,-1.548428639962841
2026-04-07,ARWR,0.038141015052544,0.3318498975468605
2026-04-07,ASBP,0.1491868619118974,2.2098489939907737
2026-04-07,ASO,-0.0216256980471427,-0.6789203056899681
2026-04-07,ASPI,0.1029701694028459,1.4282357303938364
2026-04-07,ASRT,0.014806997198768,-0.0627732755403765
2026-04-07,ASST,0.0988444061319014,1.3584611290547268
2026-04-07,ASTI,-0.0436141225636043,-1.0507869044151046
2026-04-07,ASYS,0.069128255009855,0.8559037931853645
2026-04-07,ATEX,0.0118278216855013,-0.1131568700673205
2026-04-07,ATII,0.0077573190999756,-0.1819969068079292
2026-04-07,ATOM,0.0857780277620788,1.1374835106535557
2026-04-07,AUUD,-0.1786240786810598,-3.334065232875682
2026-04-07,AVAH,0.0121841557633118,-0.1071305746669357
2026-04-07,AVAV,-0.0112735391850671,-0.5038453655722573
2026-04-07,AVNW,0.0301472033107948,0.1966591483857334
2026-04-07,AVR,0.0104486948249892,-0.1364805608776898
2026-04-07,AVTX,-0.1017951499444644,-2.034740108804851
2026-04-07,AXGN,0.0849635885660015,1.123709775591866
2026-04-07,AXIN,0.0071174950998466,-0.1928175626731348
2026-04-07,AXTI,0.1402733483077317,2.059104315390003
2026-04-07,BAND,0.0112833485662753,-0.1223649589320881
2026-04-07,BCAR,0.0141870479180625,-0.0732578116300572
2026-04-07,BDTX,0.0306887484280711,0.205817719099474
2026-04-07,BEAM,0.0340369456491812,0.2624421812815203
2026-04-07,BELFA,0.0779824438746701,1.005645176210045
2026-04-07,BELFB,0.0754925948085885,0.9635370341351284
2026-04-07,BGDE,0.4780541017611648,7.771627275254846
2026-04-07,BHAV,,
2026-04-07,BIOA,0.0036697452240781,-0.2511256519406126
2026-04-07,BJRI,0.0252890217728984,0.1144979438331158
2026-04-07,BKNG,0.0361941410444589,0.2989245092367077
2026-04-07,BKR,0.0243608820786954,0.0988013144103648
2026-04-07,BL,-0.0663835243161981,-1.4358613320260618
2026-04-07,BLMN,0.0316410585797642,0.2219231175001821
2026-04-07,BLNK,0.0300593736377006,0.1951737794919224
2026-04-07,BNZI,0.0093828086410173,-0.1545067486823227
2026-04-07,BRCB,0.0503216749240789,0.5378483106329986
2026-04-07,BTBT,0.0064930968374787,-0.2033773396095312
2026-04-07,BWEN,-0.0113631347930391,-0.5053605998252753
2026-04-07,BYND,0.0374156163149997,0.3195820080922
2026-04-07,BZAI,0.0947763000940633,1.289661622550226
2026-04-07,CABA,0.000891073691202,-0.2981183380756014
2026-04-07,CAEP,0.0056373069233696,-0.2178503949366552
2026-04-07,CAR,0.0338978727067184,0.2600901900304131
2026-04-07,CBRL,0.0132921966075512,-0.0883914703856185
2026-04-07,CCRN,-0.0286619046410295,-0.7979161078693019
2026-04-07,CDNA,0.0103878915012937,-0.1375088621621639
2026-04-07,CDNL,0.0546307144559058,0.6107224664540774
2026-04-07,CDW,0.0190601883878868,0.0091563772658646
2026-04-07,CELC,-0.0121251463392109,-0.5182476823741893
2026-04-07,CELH,0.0323862585121264,0.2345258832877114
2026-04-07,CENX,-0.0167904587843034,-0.59714709918542
2026-04-07,CEPS,0.0032480425376071,-0.258257456384983
2026-04-07,CEVA,0.0704030167726623,0.8774624692317133
2026-04-07,CGCT,0.0035175381786522,-0.2536997661633998
2026-04-07,CGEM,0.005297418460728,-0.2235985633174237
2026-04-07,CGNT,-0.0058391903938382,-0.4119400633179979
2026-04-07,CGON,-0.0094743708510387,-0.4734179646273536
2026-04-07,CHMG,0.0507358951343112,0.5448535719961765
2026-04-07,CHRN,-0.0400236617135031,-0.9900652977723308
2026-04-07,CHRW,0.0220953000504036,0.0604859597853468
2026-04-07,CHTR,-0.0147064954529241,-0.5619032664438901
2026-04-07,CLBT,-0.0555874523460281,-1.2532789664667066
2026-04-07,CLFD,0.0215003135642781,0.050423592619511
2026-04-07,CLMT,-0.007567167527862,-0.4411634839875042
2026-04-07,CLNN,0.0264038612853829,0.1333520266857391
2026-04-07,CLPT,0.0065263155897744,-0.2028155465433272
2026-04-07,CMPX,0.0086135596280723,-0.1675162307305883
2026-04-07,COAG,,
2026-04-07,COCO,-0.0144231162405177,-0.5571107782968621
2026-04-07,COLA,,
2026-04-07,COLB,0.0415729383606457,0.3898903290800004
2026-04-07,COLL,0.0137064255224598,-0.0813860618096041
2026-04-07,COLM,0.0394599003546655,0.3541547876057795
2026-04-07,COYA,0.0315336913205983,0.2201073304049967
2026-04-07,CPSH,-0.0466832651588424,-1.102692015535693
2026-04-07,CRAC,0.0073927057802376,-0.1881632201315288
2026-04-07,CRDO,0.014771885771268,-0.0633670773887558
2026-04-07,CRMD,0.0220977895053974,0.060528061262901
2026-04-07,CRML,0.0770882801948294,0.9905231466131998
2026-04-07,CRWD,-0.0006858685087567,-0.3247874671824088
2026-04-07,CSCO,0.0342228888100635,0.265586838177777
2026-04-07,CSGS,0.0057416509539216,-0.2160857364587548
2026-04-07,CTSH,-0.0158486676877722,-0.5812195982626285
2026-04-07,CUE,0.4430594809412712,7.179800852755713
2026-04-07,CVGI,-0.0898591913755221,-1.83288006593394
2026-04-07,CVRX,-0.0620108098922242,-1.3619103111686033
2026-04-07,CVV,0.0136233479455632,-0.0827910636062428
2026-04-07,CXDO,-0.0052318822962915,-0.4016693139769601
2026-04-07,DARE,0.0745287427259083,0.9472364394566836
2026-04-07,DASH,0.0187610412016523,0.0040972223191368
2026-04-07,DAVE,0.0554887074732948,0.6252327804998827
2026-04-07,DCBO,-0.0162791112683747,-0.5884992280579272
2026-04-07,DDOG,-0.0120441166331502,-0.5168773140166952
2026-04-07,DFDV,0.0153981423625698,-0.0527758725317513
2026-04-07,DGXX,0.1044988014100916,1.4540878411174254
2026-04-07,DIBS,0.0140030709815286,-0.0763692158864871
2026-04-07,DJCO,0.0343896914443742,0.2684077919133685
2026-04-07,DOMH,0.0336121205898352,0.2552575714994999
2026-04-07,DOMO,-0.0315056371083401,-0.8460090996846702
2026-04-07,DOO,0.0325413097085145,0.2371480975798698
2026-04-07,DOX,-0.00810516670807,-0.4502620860774863
2026-04-07,DPRO,0.0281717792892643,0.1632509243732984
2026-04-07,DRTS,0.0037433267129367,-0.2498812472780361
2026-04-07,DSGN,0.0368647823820999,0.3102663456200444
2026-04-07,EIKN,0.0678896307039771,0.834956271120731
2026-04-07,ENGN,-0.0053608118590228,-0.4038497611450646
2026-04-07,ENPH,0.0073685644802534,-0.188571495999916
2026-04-07,ERII,0.0549177939628779,0.6155775337073712
2026-04-07,ERNA,0.031287738638976,0.2159477969607633
2026-04-07,ESOA,0.0571368689435105,0.6531063646041055
2026-04-07,ESPR,-0.002779102685465,-0.3601880877700723
2026-04-07,EYE,0.0501594357430853,0.5351045336802269
2026-04-07,EZGO,0.0318035081020344,0.2246704517289681
2026-04-07,FA,0.0025041073805224,-0.2708388323871625
2026-04-07,FABC,0.0001179074512701,-0.3111940679750919
2026-04-07,FACT,0.0118154733477807,-0.1133657042357077
2026-04-07,FCEL,0.0148905365598216,-0.0613604640844476
2026-04-07,FDMT,-0.0099068936811682,-0.4807327585358851
2026-04-07,FEIM,0.0138978674416035,-0.0781484103229293
2026-04-07,FENC,0.0264597851233495,0.134297806470768
2026-04-07,FFAI,-0.0377883680493565,-0.9522621777072368
2026-04-07,FGMC,0.0006110469957721,-0.3028541287050668
2026-04-07,FLNC,-0.0257864556672009,-0.749286728856503
2026-04-07,FLWS,0.0272518660905666,0.147693420830197
2026-04-07,FLXS,0.0374289507422222,0.3198075189328447
2026-04-07,FLYW,0.0083905356793163,-0.1712879951512743
2026-04-07,FMAO,0.0239962929897507,0.0926354108761367
2026-04-07,FNKO,0.0328224710487644,0.2419030772380738
2026-04-07,FOSL,0.0695653469173667,0.863295858990487
2026-04-07,FOXF,0.0671068018517324,0.8217171278410379
2026-04-07,FRMI,-0.043409429318914,-1.04732514749714
2026-04-07,FROG,-0.0522658287750789,-1.197103915878184
2026-04-07,FSEA,0.0182391475458825,-0.0047290043403527
2026-04-07,FTRE,0.0053216603596173,-0.2231885861278411
2026-04-07,FWRD,0.0433871139099931,0.4205715309333234
2026-04-07,FWRG,0.0165698740820646,-0.0329596329089144
2026-04-07,GALT,0.0034889131381888,-0.2541838707170266
2026-04-07,GDRX,0.0418976378296511,0.395381622330978
2026-04-07,GELS,0.0026361772569357,-0.2686052764678148
2026-04-07,GFS,0.0810969863434121,1.0583180866120152
2026-04-07,GH,-0.0096519609745532,-0.4764213555774006
2026-04-07,GLSI,0.0616289594093657,0.7290762641961659
2026-04-07,GLUE,-0.0030462595015897,-0.3647062239586906
2026-04-07,GMM,0.0419503556285653,0.3962731818221928
2026-04-07,GPRE,-0.0194656348526248,-0.6423894777274936
2026-04-07,GPRO,0.0387710042239434,0.342504227520641
2026-04-07,GRAL,0.0369282161561183,0.3113391328845814
2026-04-07,GRPN,-0.0023727270979142,-0.3533154940817757
2026-04-07,GSHD,0.0169747864937691,-0.0261117843416181
2026-04-07,GSIT,0.0352224726213367,0.2824917251905128
2026-04-07,GTX,0.041501897906234,0.3886888982028504
2026-04-07,GV,0.0670125662413712,0.8201234222129902
2026-04-07,HCKT,-0.0090476612989248,-0.4662014844439138
2026-04-07,HCSG,0.0143298030458181,-0.0708435475353598
2026-04-07,HELE,0.0195006349884386,0.0166051773899771
2026-04-07,HLMN,0.0544557934653731,0.607764215682343
2026-04-07,HOOD,0.0186206651733222,0.0017231933768358
2026-04-07,HOVR,0.1449143147807541,2.1375919949337634
2026-04-07,HPK,-0.0952801593732301,-1.9245590732041653
2026-04-07,HROW,0.0392108232913984,0.3499424148517306
2026-04-07,HTCO,0.0502449407149539,0.5365505873999487
2026-04-07,HUHU,0.0664274234829792,0.8102275314378692
2026-04-07,HUT,0.144498555647683,2.1305607074220854
2026-04-07,HYMC,-0.015191805901795,-0.5701108006313569
2026-04-07,IEAG,,
2026-04-07,IKT,-0.0035683667452558,-0.3735360628007829
2026-04-07,IMDX,-0.0718731685180332,-1.528701786148607
2026-04-07,IMSR,0.0346064287577789,0.2720732372249369
2026-04-07,IMUX,-0.0032967889898721,-0.3689431600164879
2026-04-07,IMVT,0.0022397199242389,-0.2753101333682823
2026-04-07,IMXI,0.0015165791691113,-0.2875398359923843
2026-04-07,INDI,-0.022015080304839,-0.6855055094486572
2026-04-07,INDV,0.0325518702399058,0.2373266965006912
2026-04-07,INOD,0.0147208964520118,-0.0642294049606517
2026-04-07,INSM,-0.022733699684997,-0.6976587469158186
2026-04-07,INTC,0.1027858406079356,1.425118375534734
2026-04-07,IPCX,0.0060669482074189,-0.2105843335209451
2026-04-07,IPSC,0.0044097385609636,-0.2386109397082337
2026-04-07,IPST,0.1140100262044541,1.6149409668764758
2026-04-07,IPWR,0.0482843418850648,0.5033930859250482
2026-04-07,IREN,-0.0019073834410815,-0.3454456367950395
2026-04-07,IRHO,0.0013660872640623,-0.2900849438887828
2026-04-07,IRWD,-0.0034818182185401,-0.3720723605591636
2026-04-07,ISSC,0.0548514099178751,0.6144548516795463
2026-04-07,JACK,0.0285422038114102,0.1695155163194685
2026-04-07,JBHT,0.0209283436308074,0.0407504796789464
2026-04-07,JBIO,0.0316267731969631,0.2216815241695757
2026-04-07,JBLU,0.1022047095809324,1.415290330862251
2026-04-07,KALU,0.0363905810330372,0.302246687701633
2026-04-07,KALV,-0.0347132954885781,-0.9002567794508248
2026-04-07,KEEL,0.0321986539823379,0.2313531294441772
2026-04-07,KMTS,0.0032358081742071,-0.2584643630281457
2026-04-07,KOPN,0.0804338845965296,1.047103759226382
2026-04-07,KROS,0.0370734908407461,0.3137960075375589
2026-04-07,KXIN,0.0353224788524836,0.2841830231277555
2026-04-07,LASR,0.0144104086219521,-0.0694803520316161
2026-04-07,LBRDA,-0.0019426355936739,-0.3460418185757066
2026-04-07,LBRDK,-0.0076978056265494,-0.4433728257885245
2026-04-07,LBRX,0.0284737287489511,0.1683574711600665
2026-04-07,LBTYB,0.0510811007571736,0.5506916637948192
2026-04-07,LE,0.0492946475026898,0.5204792993287337
2026-04-07,LFUS,0.0643396711592127,0.7749196195391194
2026-04-07,LGIH,0.064543669165911,0.7783696186439124
2026-04-07,LGN,0.0464406927286955,0.4722134286236225
2026-04-07,LGND,0.0153176939725558,-0.0541364097155333
2026-04-07,LIEN,0.0034790307470959,-0.2543510009796
2026-04-07,LIFE,0.0354380426369179,0.286137429248177
2026-04-07,LINC,-0.0284118394830013,-0.7936870245302026
2026-04-07,LIND,0.0965363571634562,1.31942757669884
2026-04-07,LINK,0.0745013373364788,0.9467729615505596
2026-04-07,LITE,0.0731260935412988,0.9235149408520512
2026-04-07,LLYVA,0.0310289760161607,0.2115716227445766
2026-04-07,LMB,0.0465291301495753,0.473709075702747
2026-04-07,LMRI,0.0469425792736381,0.4807012965140212
2026-04-07,LOVE,0.0189328184875735,0.0070023069924806
2026-04-07,LQDA,0.0188851125839634,0.0061955083015912
2026-04-07,LRMR,0.012196826682297,-0.1069162850282118
2026-04-07,LWAY,0.0201654591203783,0.0278486336234917
2026-04-07,LWLG,0.0273807066551429,0.1498723628681291
2026-04-07,LXRX,0.035568402742899,0.2883420696572404
2026-04-07,MASI,0.006523482093087,-0.2028634664283951
2026-04-07,MBBC,0.0102645608778203,-0.1395946204862937
2026-04-07,MBX,0.0344009942671069,0.2685989444101048
2026-04-07,MCW,0.0072840199887701,-0.1900013061468553
2026-04-07,MDAI,0.0284588859144924,0.1681064502485199
2026-04-07,MDB,-0.0267308048087469,-0.7652574912461776
2026-04-07,MELI,0.0135335993912295,-0.084308884476746
2026-04-07,MGNX,0.0403938078920586,0.3699489623632355
2026-04-07,MKSI,0.0600206985801875,0.7018774767631862
2026-04-07,MLTX,0.0933559186613301,1.2656402374852156
2026-04-07,MMED,0.0172763415819856,-0.0210119071358014
2026-04-07,MNPR,0.0847469620038109,1.1200462032965877
2026-04-07,MNTS,0.1227367424771706,1.762526542911942
2026-04-07,MOVE,-0.0777889656926633,-1.628749307626579
2026-04-07,MPLT,0.0199733600007411,0.0245998676109891
2026-04-07,MRAM,0.0417980697299128,0.3936977340395061
2026-04-07,MRLN,0.223513857096521,3.466861604060818
2026-04-07,MRVI,0.0732435478579376,0.9255013195123944
2026-04-07,MSFT,-0.001118470362451,-0.3321035975315876
2026-04-07,MSTR,0.0304101468818725,0.2011060304877273
2026-04-07,MTCH,0.0268122488542632,0.1402586468525206
2026-04-07,MTSI,0.032250218124396,0.2322251783765125
2026-04-07,MU,0.0490074653787813,0.5156224966254486
2026-04-07,MWH,0.0163415932162163,-0.0368203019201705
2026-04-07,MXL,0.0352188573291125,0.2824305836375201
2026-04-07,MYRG,0.0270653396157667,0.1445388989723847
2026-04-07,NAMS,0.0021277533278995,-0.2772037041113973
2026-04-07,NAUT,-0.0001775255230999,-0.3161904084472349
2026-04-07,NB,0.0573182397840005,0.6561736947582244
2026-04-07,NEGG,-0.0267832946251927,-0.7661451951148562
2026-04-07,NEO,0.0125895666402336,-0.1002742960929876
2026-04-07,NERV,0.0375334553040255,0.3215748923033182
2026-04-07,NESR,0.0993260709874211,1.3666070092387956
2026-04-07,NEXT,-0.0596276368955079,-1.321606266838415
2026-04-07,NKLR,0.0405416392804734,0.3724490758003519
2026-04-07,NKSH,0.0271692444442099,0.1462961296969126
2026-04-07,NKTR,-0.0298863340494271,-0.8186235668843369
2026-04-07,NNBR,0.0438809605039915,0.4289234277718037
2026-04-07,NNE,0.1167519350698397,1.6613119255152755
2026-04-07,NRXP,0.0241899440478162,0.0959104231558208
2026-04-07,NSIT,0.015158298760855,-0.0568320896713161
2026-04-07,NSTS,0.0205367364395676,0.0341276480097826
2026-04-07,NUAI,-0.0346116230018338,-0.8985373019229455
2026-04-07,NUCL,0.0291336544678657,0.1795180857971119
2026-04-07,NVAX,0.0474476183145459,0.4892424791815277
2026-04-07,NVMI,0.0603008840484799,0.7066159525474826
2026-04-07,NVTS,0.089376796382355,1.198345617687143
2026-04-07,NXT,0.0510607659103256,0.5503477623785388
2026-04-07,ODD,-0.0129501509497002,-0.5322000989379829
2026-04-07,ODFL,0.0342851701290651,0.2666401352088529
2026-04-07,OLPX,0.0386882371323688,0.3411044766286581
2026-04-07,OMEX,0.4821130419685772,7.840271769917441
2026-04-07,ON,0.064080604237635,0.7705382990449123
2026-04-07,ONDS,-0.0436187818897697,-1.0508657025923995
2026-04-07,ONEW,0.0314954108806909,0.2194599344546675
2026-04-07,OPEN,-0.0119030584895533,-0.5144917491917764
2026-04-07,OPRT,0.0267080978157782,0.1384972522420922
2026-04-07,OPRX,-0.0211216915616359,-0.6703965855225456
2026-04-07,OPTX,-0.0770464072371734,-1.6161912142992976
2026-04-07,ORBS,0.126733390562785,1.830117557847373
2026-04-07,ORMP,-0.0070823767106632,-0.4329647377721985
2026-04-07,OTLK,0.1636374867017714,2.4542368848121727
2026-04-07,PAHC,0.0549025706913958,0.6153200788732025
2026-04-07,PALI,-0.0226219048643989,-0.6957680812312538
2026-04-07,PANW,0.0163578976330071,-0.0365445628370149
2026-04-07,PCT,0.0117434310006533,-0.1145840790478918
2026-04-07,PENG,0.0734956817880158,0.929765389770414
2026-04-07,PEPG,-0.0063226168458708,-0.4201157354911707
2026-04-07,PFIS,0.0229630372271907,0.0751610663295922
2026-04-07,PHOE,0.0268500608539302,0.1408981205763715
2026-04-07,PHVS,-0.0124352023377838,-0.5234913263431915
2026-04-07,PICS,0.086791557778708,1.154624254853193
2026-04-07,PLAB,0.070822018123319,0.8845485888858652
2026-04-07,PLSE,-0.030050994874255,-0.8214082984973806
2026-04-07,PMTR,0.0046031322520688,-0.2353402799994252
2026-04-07,PNRG,-0.0516935440210482,-1.187425478715744
2026-04-07,PNTG,0.0105003928877991,-0.1356062470875678
2026-04-07,POET,0.0340593714461163,0.2628214446900332
2026-04-07,POLE,0.0079308540567319,-0.1790620965362535
2026-04-07,POWI,0.0449524282549593,0.4470440106220105
2026-04-07,POWL,0.0733406783740642,0.9271439835712656
2026-04-07,PPTA,0.0122058214012966,-0.1067641670100068
2026-04-07,PRAA,0.0247293260158525,0.1050324108506274
2026-04-07,PRE,0.0156000666857543,-0.0493609434081908
2026-04-07,PRTA,0.0448114124126457,0.4446591611932445
2026-04-07,PRTH,0.0342077414196255,0.2653306666381766
2026-04-07,PSIG,0.0212395488734164,0.046013559577545
2026-04-07,PTEN,-0.0828500765358271,-1.7143424374849383
2026-04-07,PTON,-0.0262606556821868,-0.7573063642131055
2026-04-07,PURR,0.1021246662681776,1.4139366443149242
2026-04-07,PYXS,0.0077293379610113,-0.1824701217473307
2026-04-07,QCOM,0.0178689014394374,-0.0109905789334695
2026-04-07,QDEL,0.0154237229938878,-0.0523432547989826
2026-04-07,QMCO,-0.0003317878682799,-0.3187992817464786
2026-04-07,QNTM,-0.0330239546343419,-0.8716867726692139
2026-04-07,QSEA,0.0110918067997361,-0.1256042990304844
2026-04-07,QTI,-0.0228695758479599,-0.6999566744699728
2026-04-07,QTRX,-0.0161344465451185,-0.5860526690262637
2026-04-07,QURE,-0.0774096149635713,-1.6223337563329552
2026-04-07,RBCAA,0.0204706321606861,0.0330096973657768
2026-04-07,RDVT,0.0244120327397611,0.0996663705829334
2026-04-07,RDZN,0.0008451258627494,-0.2988954043302894
2026-04-07,RFIL,0.0077033981272672,-0.1829088142847922
2026-04-07,RGNX,-0.0179643918981385,-0.6170005686254817
2026-04-07,RGTI,0.0397919415643585,0.359770243828787
2026-04-07,RILY,0.0473388681112398,0.4874033038379821
2026-04-07,RIOT,0.1271302477784525,1.836829177538876
2026-04-07,RKLB,0.0186135756541312,0.0016032959559835
2026-04-07,RLAY,0.0728204468025234,0.918345865956543
2026-04-07,RMBS,0.0931791429437234,1.262650619707261
2026-04-07,ROOT,0.0358938564522568,0.2938461185649184
2026-04-07,RVMD,-0.0014476929730483,-0.3376713858164902
2026-04-07,RXT,0.0621875784968283,0.7385235886228032
2026-04-07,RZLT,0.0924313831158512,1.2500045611574115
2026-04-07,SABR,0.0118550613538643,-0.1126961948235358
2026-04-07,SAIA,0.0601234964942387,0.7036159874339093
2026-04-07,SAIL,-0.0341837950290568,-0.8913019070924992
2026-04-07,SANM,0.0538932165343754,0.5982499565004388
2026-04-07,SATL,0.0140332958346623,-0.0758580554200625
2026-04-07,SCVL,0.0364577119687154,0.3033820010889648
2026-04-07,SCZM,0.0040866146437133,-0.2440755873452059
2026-04-07,SEAT,0.0394213922624821,0.3535035416171029
2026-04-07,SEIC,0.026447697264569,0.1340933775028253
2026-04-07,SEPN,-0.0285230170768458,-0.7955672517218523
2026-04-07,SERV,0.0369214246758643,0.3112242758760473
2026-04-07,SEZL,0.0381982833312714,0.3328184144139636
2026-04-07,SFIX,-0.00848693363942,-0.4567185000038481
2026-04-07,SGHT,-0.0048768121736613,-0.3956643944925025
2026-04-07,SGML,-0.010540367398018,-0.4914460188829533
2026-04-07,SHMD,-0.0131211856860727,-0.53509262566863
2026-04-07,SHOO,0.0508339866117544,0.546512487761306
2026-04-07,SIBN,0.0570788966057225,0.6521259407425757
2026-04-07,SITM,0.0559216462388483,0.6325546086773453
2026-04-07,SKIN,0.0522449407059975,0.5703744383794909
2026-04-07,SLNO,0.0303300750312591,0.1997518613102628
2026-04-07,SMTC,0.0334658632885621,0.2527840789069571
2026-04-07,SMX,-0.2367199351010058,-4.316578032314108
2026-04-07,SNDK,0.0724799795342775,0.912587908858476
2026-04-07,SNEX,0.0510793545835392,0.5506621326362898
2026-04-07,SOBR,-0.0014776963359354,-0.3381788004563511
2026-04-07,SOLS,0.0769898361901201,0.9888582689331862
2026-04-07,SPPL,0.0010830486537396,-0.2948716717987245
2026-04-07,SPT,-0.022505369189236,-0.6937972385671728
2026-04-07,SRRK,0.0042148732757664,-0.24190648690679
2026-04-07,STEX,-0.0071961966258163,-0.4348896517051392
2026-04-07,STFS,0.0138536365105265,-0.0788964405369953
2026-04-07,STKE,0.0073420376848359,-0.1890201151895087
2026-04-07,STOK,0.0153128707685849,-0.0542179793820763
2026-04-07,STRO,0.0488146243639031,0.5123611837358526
2026-04-07,STRZ,0.0386204380950457,0.3399578643560382
2026-04-07,STTK,0.0204420536609739,0.0325263799058706
2026-04-07,STX,0.032345892361848,0.2338432139588369
2026-04-07,SUNS,0.0460298398633014,0.4652651155457034
2026-04-07,SWIM,0.0911458386953948,1.228263529607502
2026-04-07,SWMR,-0.0807462863362797,-1.678763294224753
2026-04-07,SYNA,0.0327874281761995,0.2413104347856546
2026-04-07,TACT,0.0160273840736633,-0.0421341835510281
2026-04-07,TBLA,0.0231390587850226,0.0781379298135699
2026-04-07,TCMD,-0.0047144733366105,-0.3929189321639093
2026-04-07,TENB,-0.0206017489375399,-0.6616033545654992
2026-04-07,TH,0.0661342658324017,0.8052696710723436
2026-04-07,TIGO,-0.0143012775154752,-0.5550502508479466
2026-04-07,TILE,0.0456930825471572,0.459569900881433
2026-04-07,TLS,-0.0232525989476955,-0.7064343326225705
2026-04-07,TMCI,0.0427238700446058,0.4093548000501147
2026-04-07,TNDM,0.0444467264366021,0.4384916191116124
2026-04-07,TNGX,0.0002132848748916,-0.3095810520861752
2026-04-07,TORO,0.0454706491030721,0.4558081230317873
2026-04-07,TOYO,0.0520012592141927,0.5662533151283965
2026-04-07,TPG,-0.0004648532776014,-0.3210496740442689
2026-04-07,TRDA,0.0356253468018419,0.2893051033434813
2026-04-07,TRUP,-0.003512208812767,-0.3725863240266198
2026-04-07,TSEM,0.0534151444298592,0.5901648366539165
2026-04-07,TSHA,-0.0128444723528166,-0.5304128703736204
2026-04-07,TSLA,-0.0221346570286016,-0.6875277821002959
2026-04-07,TTMI,0.0464957520842824,0.4731445883469937
2026-04-07,TVGN,0.1675277830499479,2.520029287080291
2026-04-07,TZOO,0.0447947365509847,0.4443771402620934
2026-04-07,UAL,0.0676283812603338,0.8305380399758057
2026-04-07,UFPT,0.0558447264317276,0.6312537466248072
2026-04-07,ULCC,0.0434528820918269,0.4216837975290751
2026-04-07,UNB,0.0376866764532644,0.3241661569743087
2026-04-07,URBN,0.0468433230161576,0.4790226820756006
2026-04-07,URGN,0.0484617168996704,0.5063928389692381
2026-04-07,USAR,0.1258921156158329,1.8158899785643945
2026-04-07,VC,0.0404715969061468,0.3712645243793084
2026-04-07,VECO,0.0846113294688828,1.117752395961623
2026-04-07,VHCP,0.0044771623728435,-0.2374706732203795
2026-04-07,VIAV,0.0688051716392518,0.8504398312702693
2026-04-07,VICR,0.1041213530467227,1.4477044624913082
2026-04-07,VNCE,0.0641604464061025,0.7718885838550242
2026-04-07,VRAX,0.0738476375659385,0.9357176396889938
2026-04-07,VREX,0.0403966650237084,0.3699972819610272
2026-04-07,VSAT,0.0265986377108509,0.136646071095169
2026-04-07,VSEC,0.128005962132009,1.8516391935028675
2026-04-07,VTGN,0.0256621072871283,0.1208075382793414
2026-04-07,VTSI,0.0336716907472195,0.2562650175671087
2026-04-07,VTVT,0.0047514412567069,-0.232832089152291
2026-04-07,WATT,0.0100700957174954,-0.142883400802792
2026-04-07,WAY,-0.0142104286985101,-0.553513822417719
2026-04-07,WDC,0.0564770018832745,0.6419467419982641
2026-04-07,WEN,0.0129635515097933,-0.0939494918163694
2026-04-07,WERN,0.0260434210514595,0.1272562882788125
2026-04-07,WEST,0.0568400306975717,0.6480862582837921
2026-04-07,WGS,-0.0317359670521916,-0.8499044225505934
2026-04-07,WINA,0.0287023952493189,0.1722246619936105
2026-04-07,WIX,-0.085965273110072,-1.7670264100704856
2026-04-07,WLDN,0.0316395359430985,0.2218973667822295
2026-04-07,WLFC,0.0728363797662932,0.9186153230538556
2026-04-07,WSC,0.029132243210568,0.1794942187187409
2026-04-07,WVE,0.0025507793380908,-0.2700495197147692
2026-04-07,WYFI,0.0475564288863337,0.4910826754723441
2026-04-07,XEL,0.008303315511636,-0.1727630561348939
2026-04-07,XENE,0.0194734816796392,0.0161459626527045
2026-04-07,XLO,0.0357965878014942,0.2922011183833642
2026-04-07,XMTR,0.0398138184536079,0.3601402241513776
2026-04-07,XNDU,0.0028719592892004,-0.2646177482884717
2026-04-07,XOS,0.0471495927283216,0.4842022926506861
2026-04-07,ZD,0.018809105083349,0.0049100751087808
2026-04-07,ZSQR,0.033007658256337,0.2450349495082251
2026-04-07,ZVRA,-0.0022998605004066,-0.3520831796085155
2026-04-08,AAL,0.0010806761492339,-0.0064476490139938
2026-04-08,AAON,0.0321666084910379,0.5492132846477481
2026-04-08,ABSI,-0.0186178592959122,-0.3585589023251646
2026-04-08,ACHV,0.0160407701884446,0.2609639804682078
2026-04-08,ACIC,0.0153950941460795,0.2494225234323148
2026-04-08,ADAM,-0.0014089486374069,-0.050949683509898
2026-04-08,ADEA,0.0161275108672437,0.26251446980332
2026-04-08,ADTN,0.057758825231042,1.0066740708278896
2026-04-08,ADTX,0.0264408981329974,0.4468662316965007
2026-04-08,ADUR,-0.0055875306350708,-0.1256418223421519
2026-04-08,ADV,0.1252495265127992,2.213070124044374
2026-04-08,AEI,-0.0707273155012397,-1.2900152527180837
2026-04-08,AEIS,-0.010225510121559,-0.208545689706629
2026-04-08,AEYE,-0.0105062991977819,-0.2135647934780867
2026-04-08,AFBI,-0.0064906651812168,-0.1417853492473693
2026-04-08,AGEN,0.0606258458360184,1.0579220542781498
2026-04-08,AGH,0.0092420828518394,0.1394374677165856
2026-04-08,AGPU,0.1114974586366918,1.9672519580715515
2026-04-08,AIOT,-0.0783670485959332,-1.4265754555020016
2026-04-08,AIRO,-0.0755553363154399,-1.376316108161595
2026-04-08,AKAM,-0.0640465726437516,-1.1705969971249046
2026-04-08,AKAN,-0.0134511489462917,-0.2662039726012427
2026-04-08,AKBA,-0.006587907809237,-0.1435235608886766
2026-04-08,AKTS,0.039740886008797,0.6846034692191567
2026-04-08,ALAB,0.0377893266088242,0.6497193516587864
2026-04-08,ALDX,0.0296361602700138,0.5039815314026943
2026-04-08,ALGT,-0.0134028503432028,-0.2653406352371947
2026-04-08,ALHC,0.0293435830238203,0.4987517141335667
2026-04-08,ALKS,0.0039157329899787,0.044228982260593
2026-04-08,AMD,0.0178977042645022,0.2941566706891442
2026-04-08,AMPH,0.0281590752284853,0.4775786413671333
2026-04-08,AMRX,0.0050453364798872,0.0644206407564214
2026-04-08,AMSC,0.0904360790763485,1.5907798708899596
2026-04-08,ANAB,0.0340621025573595,0.5830952345619907
2026-04-08,ANNA,-0.0223268760287005,-0.4248575636632583
2026-04-08,APLD,-0.0809288913309632,-1.4723683855769032
2026-04-08,APLS,0.0058076697847064,0.0780473459573331
2026-04-08,APPF,-0.0194459786859398,-0.3733615335728482
2026-04-08,ARAI,0.5248916479789155,9.356671670322932
2026-04-08,ARCB,0.0013097905102992,-0.0023522305981959
2026-04-08,ARHS,0.0141208337923507,0.2266451239933758
2026-04-08,ARTV,0.0824834564429905,1.448626768678879
2026-04-08,ARWR,0.0152076917178281,0.2460727056720606
2026-04-08,ASBP,0.0094302035508099,0.142800124563473
2026-04-08,ASO,-0.0019632462828032,-0.0608577520143521
2026-04-08,ASPI,-0.0690037668880221,-1.259206827186514
2026-04-08,ASRT,-0.0358936076813753,-0.6673628452798536
2026-04-08,ASST,-0.0608265233265986,-1.113038626659048
2026-04-08,ASTI,-0.0902118931194685,-1.6383020106092063
2026-04-08,ASYS,0.0621688524948505,1.0855032929962152
2026-04-08,ATEX,-0.1079913356174416,-1.956109484092104
2026-04-08,ATII,,
2026-04-08,ATOM,0.0132214120223765,0.210567962949456
2026-04-08,AUUD,0.0840062740743981,1.4758471286011894
2026-04-08,AVAH,0.0004369833974438,-0.0179536547376825
2026-04-08,AVAV,-0.0362256756270555,-0.6732985586664415
2026-04-08,AVNW,-0.0056250349933885,-0.1263122126180499
2026-04-08,AVR,0.0093895755708296,0.1420738995611007
2026-04-08,AVTX,0.0116003512145585,0.1815915065868061
2026-04-08,AXGN,-0.0412443554890845,-0.7630074439339501
2026-04-08,AXIN,0.0009071678896857,-0.0095491085564797
2026-04-08,AXTI,0.1366250376080542,2.4164073457357613
2026-04-08,BAND,-0.038769969583985,-0.71877780439317
2026-04-08,BCAR,-0.0053740502656714,-0.1218258614735952
2026-04-08,BDTX,0.0390216618482378,0.6717473398235786
2026-04-08,BEAM,0.0305218778105819,0.5198137293931273
2026-04-08,BELFA,0.0142630420283501,0.2291870957226122
2026-04-08,BELFB,0.0055594735369104,0.0736108388818751
2026-04-08,BGDE,0.049792346713566,0.8642732947358698
2026-04-08,BHAV,,
2026-04-08,BIOA,-0.0483381589591717,-0.8898091565562457
2026-04-08,BJRI,0.0172549095470068,0.2826667173253829
2026-04-08,BKNG,-0.0084973498758051,-0.177654831259339
2026-04-08,BKR,-0.0004750325627761,-0.0342559368889162
2026-04-08,BL,-0.0165352607630597,-0.3213324607153962
2026-04-08,BLMN,0.0024361714954098,0.0177818256354553
2026-04-08,BLNK,0.0040565254679324,0.0467456473196331
2026-04-08,BNZI,0.0030347656627527,0.0284816943173064
2026-04-08,BRCB,0.0239031772823279,0.4015044802215556
2026-04-08,BTBT,0.0167182552898678,0.2730740243253283
2026-04-08,BWEN,0.0408236714636814,0.7039582555000029
2026-04-08,BYND,-0.0051228501063496,-0.1173356594899472
2026-04-08,BZAI,0.1301783774223503,2.3011733170953863
2026-04-08,CABA,0.0079210428029395,0.1158238813874041
2026-04-08,CAEP,-0.0055990343710572,-0.1258474515833306
2026-04-08,CAR,0.0628616224514695,1.097886553587375
2026-04-08,CBRL,0.0407603286756501,0.7028260033818663
2026-04-08,CCRN,0.0125207188026629,0.1980430740577405
2026-04-08,CDNA,-0.0689403139370791,-1.258072605906711
2026-04-08,CDNL,0.0303249302011045,0.5162932915512969
2026-04-08,CDW,0.0109806139037083,0.1705137042875013
2026-04-08,CELC,0.0475768525186145,0.824671343623296
2026-04-08,CELH,0.0182150964777524,0.2998300554090357
2026-04-08,CENX,-0.0022076267356302,-0.0652260517678692
2026-04-08,CEPS,-0.0066143408453741,-0.1439960513186866
2026-04-08,CEVA,-0.0232287164283316,-0.4409779577039737
2026-04-08,CGCT,-0.0036569179367768,-0.0911321270022236
2026-04-08,CGEM,-0.0153350528151219,-0.2998787477752015
2026-04-08,CGNT,-0.0303013478635016,-0.567401220274965
2026-04-08,CGON,-0.0199501756043212,-0.3823740517542758
2026-04-08,CHMG,0.0169554615588404,0.2773140855671303
2026-04-08,CHRN,-0.0846995653991216,-1.5397691715726116
2026-04-08,CHRW,-0.0104545598259463,-0.2126399523845292
2026-04-08,CHTR,0.0214558258079989,0.3577580810377899
2026-04-08,CLBT,-0.0605944679770683,-1.108890638084557
2026-04-08,CLFD,0.0149890251163432,0.2421640409228176
2026-04-08,CLMT,-0.052502901281613,-0.9642539112415096
2026-04-08,CLNN,-0.0098344882567804,-0.2015561752189824
2026-04-08,CLPT,-0.0113413957670032,-0.2284921417798535
2026-04-08,CMPX,-0.0122919059206478,-0.2454825075061167
2026-04-08,COAG,,
2026-04-08,COCO,-0.0017937997000329,-0.0578288949302966
2026-04-08,COLA,,
2026-04-08,COLB,0.0181016165324247,0.297801601776718
2026-04-08,COLL,0.0583944348368292,1.0180355903445857
2026-04-08,COLM,0.0180430186318491,0.2967541645055305
2026-04-08,COYA,0.1018653252585993,1.7950776070765284
2026-04-08,CPSH,0.0433461820651172,0.7490481238222253
2026-04-08,CRAC,0.0050409588104328,0.0643423899299846
2026-04-08,CRDO,-0.0146778988500044,-0.2881321229095988
2026-04-08,CRMD,0.0227216209816726,0.3803841654123664
2026-04-08,CRML,0.0069745676397064,0.098905641100864
2026-04-08,CRWD,-0.0623911192131593,-1.141005772748487
2026-04-08,CSCO,-0.0098315018804966,-0.2015027937531848
2026-04-08,CSGS,-0.0011899467848947,-0.0470350261496966
2026-04-08,CTSH,-0.0163529051817431,-0.3180728553267377
2026-04-08,CUE,0.0921789886240291,1.6219343730584466
2026-04-08,CVGI,0.0367116224082833,0.6304553927818497
2026-04-08,CVRX,-0.0291617891975181,-0.5470316130410467
2026-04-08,CVV,-0.015335003977055,-0.299877874794923
2026-04-08,CXDO,-0.047286163827452,-0.8710047471960395
2026-04-08,DARE,0.0007545570750872,-0.0122770263423873
2026-04-08,DASH,-0.0270519637906937,-0.509318491152702
2026-04-08,DAVE,0.0158162180991449,0.2569501126445242
2026-04-08,DCBO,-0.035165962096032,-0.6543561829452343
2026-04-08,DDOG,-0.0538266130784109,-0.9879152550551756
2026-04-08,DFDV,0.0547235151599457,0.9524179137497204
2026-04-08,DGXX,-0.0267693288642252,-0.5042663928144528
2026-04-08,DIBS,-0.0149128451337996,-0.2923317869241281
2026-04-08,DJCO,0.0165464371988872,0.2700027765401738
2026-04-08,DOMH,0.0058465873367941,0.0787429970670102
2026-04-08,DOMO,-0.0105447572964002,-0.2142522318585776
2026-04-08,DOO,0.0269360027377419,0.4557162248029526
2026-04-08,DOX,-0.0150671687440945,-0.2950903209272148
2026-04-08,DPRO,-0.0253962827433684,-0.4797231981279648
2026-04-08,DRTS,-0.0006020301150903,-0.0365260176996107
2026-04-08,DSGN,-0.0395943192757479,-0.73351305229734
2026-04-08,EIKN,-0.0607978157284364,-1.1125254784406635
2026-04-08,ENGN,-0.0091348149109684,-0.1890495165697491
2026-04-08,ENPH,-0.0345322621621307,-0.6430287988069276
2026-04-08,ERII,0.03089475494512,0.5264789068901498
2026-04-08,ERNA,-0.0486443931810123,-0.8952830922180792
2026-04-08,ESOA,-0.0031426595324637,-0.0819397597943809
2026-04-08,ESPR,-0.0555454610222045,-1.0186396561369635
2026-04-08,EYE,0.0164364498050728,0.2680367522541403
2026-04-08,EZGO,0.0311808485419048,0.5315928289484019
2026-04-08,FA,-0.0048234632515649,-0.11198412049068
2026-04-08,FABC,-0.0095642396486052,-0.1967254822776147
2026-04-08,FACT,-0.0037196774275554,-0.0922539526839735
2026-04-08,FCEL,0.016363200838351,0.2667274272259951
2026-04-08,FDMT,-0.0318956550279655,-0.595899455354706
2026-04-08,FEIM,-0.0762327796016313,-1.3884254045715914
2026-04-08,FENC,-0.0151931746793094,-0.2973426765856707
2026-04-08,FFAI,0.1860298125518943,3.299517527884776
2026-04-08,FGMC,-0.0065496737453204,-0.142840127127707
2026-04-08,FLNC,0.0286977709124304,0.4872078248643242
2026-04-08,FLWS,0.0445400321692707,0.7703881903266486
2026-04-08,FLXS,0.0111616036406056,0.173748895211865
2026-04-08,FLYW,-0.0121687219582025,-0.2432805946012079
2026-04-08,FMAO,0.0139788665284462,0.2241074596395068
2026-04-08,FNKO,-0.0015013490788342,-0.0526013410825164
2026-04-08,FOSL,-0.0016845949577141,-0.0558768605370561
2026-04-08,FOXF,-0.0131827025093476,-0.2614054934644298
2026-04-08,FRMI,0.0185533585806749,0.3058764893350175
2026-04-08,FROG,-0.0366438854577547,-0.6807740579513806
2026-04-08,FSEA,-0.015533888152684,-0.3034329287500519
2026-04-08,FTRE,-0.0215602614670653,-0.4111543310114891
2026-04-08,FWRD,0.0240008331418683,0.4032500783748662
2026-04-08,FWRG,0.0462520954336769,0.8009913152877285
2026-04-08,GALT,0.0897550515298043,1.5786065058384886
2026-04-08,GDRX,0.0197943347002552,0.3280589332030634
2026-04-08,GELS,0.1617583532386705,2.865665276164399
2026-04-08,GFS,0.0051260458161113,0.0658633198637539
2026-04-08,GH,-0.0592313307862477,-1.0845245654883735
2026-04-08,GLSI,0.0269895554286532,0.4566734789687498
2026-04-08,GLUE,0.0329944078472514,0.5640101952921056
2026-04-08,GMM,0.0108036598933049,0.1673506519603335
2026-04-08,GPRE,-0.0330214689597603,-0.616023375512289
2026-04-08,GPRO,-0.030280173068699,-0.567022720890719
2026-04-08,GRAL,-0.0723835760593718,-1.319620904496499
2026-04-08,GRPN,-0.0223265835762469,-0.424852336076657
2026-04-08,GSHD,-0.0584638052410404,-1.0708050490083865
2026-04-08,GSIT,0.013252314829763,0.2111203505251718
2026-04-08,GTX,0.0094677391094131,0.143471072544367
2026-04-08,GV,-0.0178864918346551,-0.3454857114713897
2026-04-08,HCKT,-0.0013270707519521,-0.0494861165890859
2026-04-08,HCSG,0.008146641026781,0.1198564488624228
2026-04-08,HELE,0.0491222171223701,0.8522947305987566
2026-04-08,HLMN,0.0282033244281116,0.4783695956582188
2026-04-08,HOOD,-0.0141142364398508,-0.2780566592673266
2026-04-08,HOVR,-0.1023838640313057,-1.855875948781862
2026-04-08,HPK,0.0051180122140495,0.0657197192545386
2026-04-08,HROW,0.0107877516949155,0.1670662929688543
2026-04-08,HTCO,0.019508811669798,0.3229552100159538
2026-04-08,HUHU,0.0115398558651253,0.180510152423816
2026-04-08,HUT,0.0071276654527721,0.1016422639826966
2026-04-08,HYMC,0.0351699375747961,0.6028977816872759
2026-04-08,IEAG,0.0023758434433602,0.0167034619126208
2026-04-08,IKT,-0.0242231134903754,-0.4587528017668854
2026-04-08,IMDX,0.06064059340344,1.058185666995073
2026-04-08,IMSR,0.0101822756696841,0.1562434111009214
2026-04-08,IMUX,0.0797555753754387,1.3998659039813883
2026-04-08,IMVT,0.0290317977799641,0.4931785539723025
2026-04-08,IMXI,0.0022146553488343,0.0138222252775229
2026-04-08,INDI,0.0057646597302867,0.0772785413825541
2026-04-08,INDV,0.0043921892323829,0.0527456359543693
2026-04-08,INOD,-0.085045448622465,-1.5459518329998982
2026-04-08,INSM,0.0065737278731514,0.0917406316527418
2026-04-08,INTC,0.0321570472946468,0.5490423782951515
2026-04-08,IPCX,-0.005574323251609,-0.1254057404082105
2026-04-08,IPSC,-0.0485657947237684,-0.8938781450652535
2026-04-08,IPST,-0.184223800692859,-3.3187645350451094
2026-04-08,IPWR,0.0007479242597528,-0.0123955878936692
2026-04-08,IREN,0.004853700740254,0.0609951525697802
2026-04-08,IRHO,0.0007517442054613,-0.0123273063772719
2026-04-08,IRWD,0.0310208251449676,0.5287324112786935
2026-04-08,ISSC,0.0842765595076002,1.4806784797897876
2026-04-08,JACK,0.076795842645958,1.3469606916245829
2026-04-08,JBHT,-0.0008686772041192,-0.0412923334986295
2026-04-08,JBIO,0.0812671789180513,1.4268858121050707
2026-04-08,JBLU,-0.031302515454182,-0.5852970875139615
2026-04-08,KALU,0.0158761874412598,0.258022064428509
2026-04-08,KALV,0.0181940442441839,0.2994537468064271
2026-04-08,KEEL,-0.0012367802059867,-0.0478721733905907
2026-04-08,KMTS,-0.0150627314438782,-0.2950110042011155
2026-04-08,KOPN,-0.0280499643819545,-0.5271577482879682
2026-04-08,KROS,0.0005103378257229,-0.0166424445845622
2026-04-08,KXIN,-0.0188370531551603,-0.3624769918051104
2026-04-08,LASR,0.0179416578622284,0.2949423410972817
2026-04-08,LBRDA,0.0131619259154366,0.2095046489925615
2026-04-08,LBRDK,0.0145012912465794,0.2334457996787891
2026-04-08,LBRX,-0.0020339556910439,-0.0621216824433853
2026-04-08,LBTYB,-0.025903564673535,-0.4887908608844403
2026-04-08,LE,0.0743279880104152,1.3028477985046596
2026-04-08,LFUS,0.0066410779414632,0.0929445138921059
2026-04-08,LGIH,0.0410825911392476,0.7085864438099607
2026-04-08,LGN,0.0255320813382508,0.4306211346170987
2026-04-08,LGND,-0.0141084764751144,-0.2779536999174785
2026-04-08,LIEN,0.0064327592885742,0.089220818688413
2026-04-08,LIFE,0.072455761970674,1.2693817644854894
2026-04-08,LINC,-0.0164361485311775,-0.3195608299114865
2026-04-08,LIND,-0.0179185503200583,-0.3460587567876773
2026-04-08,LINK,-0.0678423535397365,-1.2384465675816343
2026-04-08,LITE,-0.0384887690571895,-0.7137513459441421
2026-04-08,LLYVA,-0.0137766888866389,-0.2720229979149617
2026-04-08,LMB,0.0079925579139068,0.1171022137499041
2026-04-08,LMRI,-0.021083684832228,-0.4026355253033866
2026-04-08,LOVE,-0.0033333055009304,-0.0853475558248247
2026-04-08,LQDA,0.0416142325778274,0.7180895326955163
2026-04-08,LRMR,-0.0127338519836325,-0.2533822918614971
2026-04-08,LWAY,0.0350823508730451,0.6013321696948105
2026-04-08,LWLG,-0.0128710360913429,-0.2558344573148515
2026-04-08,LXRX,0.0424329144592495,0.7327234685093441
2026-04-08,MASI,0.002112094516255,0.0119889507480172
2026-04-08,MBBC,0.0139649266212936,0.2238582838471129
2026-04-08,MBX,0.0125063657161517,0.1977865126857325
2026-04-08,MCW,-0.0002201618741995,-0.0297001242074658
2026-04-08,MDAI,-0.0025804376015411,-0.0718900447134082
2026-04-08,MDB,-0.0677875409529226,-1.237466792780912
2026-04-08,MELI,0.0155268105673354,0.2517769540091071
2026-04-08,MGNX,-0.027920316114722,-0.5248402859572288
2026-04-08,MKSI,0.0008813386981883,-0.0100108052656333
2026-04-08,MLTX,0.0304766391605926,0.5190050886802068
2026-04-08,MMED,0.0165627887500094,0.2702950604602257
2026-04-08,MNPR,-0.0145815974152845,-0.2864107350952953
2026-04-08,MNTS,-0.0720065695391886,-1.3128819142452757
2026-04-08,MOVE,0.0286462201297596,0.4862863548014394
2026-04-08,MPLT,0.2157590564913417,3.830927661021944
2026-04-08,MRAM,0.0346495495777376,0.5935958480301988
2026-04-08,MRLN,0.2291814594403879,4.070853067557726
2026-04-08,MRVI,-0.0087241812006513,-0.1817094404105738
2026-04-08,MSFT,0.0104486291386202,0.1610044784417919
2026-04-08,MSTR,0.0200912353382383,0.3333660310855539
2026-04-08,MTCH,-0.0005190473526774,-0.0350427011069733
2026-04-08,MTSI,-0.0161181199706546,-0.3138760704862859
2026-04-08,MU,0.0088214201231512,0.1319181228885309
2026-04-08,MWH,0.0411902026865102,0.7105099998470527
2026-04-08,MXL,0.0279378152605994,0.4736236202023953
2026-04-08,MYRG,0.041188245645631,0.7104750177480705
2026-04-08,NAMS,0.0288197211912285,0.4893876856782824
2026-04-08,NAUT,-0.0740845442538334,-1.3500257051204902
2026-04-08,NB,0.0121888306661715,0.1921105747597842
2026-04-08,NEGG,0.0188537385907333,0.311245780981385
2026-04-08,NEO,-0.0270316459679837,-0.5089553101416618
2026-04-08,NERV,0.0744593464307929,1.3051958298169843
2026-04-08,NESR,-0.0401029865944734,-0.7426054788695396
2026-04-08,NEXT,-0.1220121687402354,-2.2067318279247856
2026-04-08,NKLR,0.0463378110141101,0.8025234809930767
2026-04-08,NKSH,0.0373636037297122,0.6421095566593156
2026-04-08,NKTR,0.0398782953697907,0.6870596610741769
2026-04-08,NNBR,-0.0018070340073281,-0.0580654581276668
2026-04-08,NNE,-0.0610835221346862,-1.1176324794694346
2026-04-08,NRXP,0.0086724926202381,0.1292560442863301
2026-04-08,NSIT,-0.0166893760485504,-0.3240872709133244
2026-04-08,NSTS,-0.005068710312953,-0.1163679108692448
2026-04-08,NUAI,0.0914437142981248,1.608791347012544
2026-04-08,NUCL,0.1574411312636927,2.788494948214636
2026-04-08,NVAX,0.013653075356153,0.2182839435556171
2026-04-08,NVMI,0.0201361608354666,0.3341690741939491
2026-04-08,NVTS,-0.0319243502670808,-0.5964123826551679
2026-04-08,NXT,-0.0419046781967713,-0.7748107100620784
2026-04-08,ODD,-0.0464211882529398,-0.8555433117774944
2026-04-08,ODFL,0.0060941130337778,0.0831675180490065
2026-04-08,OLPX,-0.0039775073658373,-0.0968626619437244
2026-04-08,OMEX,-0.0646412450587491,-1.1812267644970742
2026-04-08,ON,-0.0098006370496192,-0.2009510850074385
2026-04-08,ONDS,-0.0227390762452856,-0.4322256411165848
2026-04-08,ONEW,0.0128634778683952,0.2041698911784768
2026-04-08,OPEN,-0.0404744361242484,-0.7492451379363333
2026-04-08,OPRT,-0.0154703730810075,-0.3022975970623507
2026-04-08,OPRX,-0.0356486332924901,-0.6629839289213413
2026-04-08,OPTX,0.0328812379529164,0.5619872838202156
2026-04-08,ORBS,-0.058732427115462,-1.0756066640895074
2026-04-08,ORMP,-0.0026468142213748,-0.0730765265645731
2026-04-08,OTLK,-0.1057640893372686,-1.9162974644966253
2026-04-08,PAHC,-0.0105879911588181,-0.2150250370005562
2026-04-08,PALI,0.0536236124185844,0.9327571560319918
2026-04-08,PANW,-0.0284951484483507,-0.53511541194319
2026-04-08,PCT,-0.0051295093483509,-0.1174546934178086
2026-04-08,PENG,0.0324425171552053,0.554145151070505
2026-04-08,PEPG,-0.0167800750743046,-0.3257085156866393
2026-04-08,PFIS,0.0174478362720558,0.2861152818718891
2026-04-08,PHOE,0.0115931451081974,0.1814626974603934
2026-04-08,PHVS,-0.0210764936165076,-0.4025069823471259
2026-04-08,PICS,-0.009037873559641,-0.1873166902482883
2026-04-08,PLAB,0.0001520277017896,-0.0230472368171394
2026-04-08,PLSE,-0.0074611265130765,-0.1591323422155869
2026-04-08,PMTR,-0.007316217320178,-0.1565420908910705
2026-04-08,PNRG,-0.0179711390451965,-0.3469987800685982
2026-04-08,PNTG,0.0158993684211491,0.2584364243642786
2026-04-08,POET,-0.0265421183147104,-0.500205005023571
2026-04-08,POLE,-0.0050266198153286,-0.1156155433690166
2026-04-08,POWI,0.0015710119219848,0.0023171012369773
2026-04-08,POWL,0.0296878579956932,0.5049056280713513
2026-04-08,PPTA,-0.0007947107393224,-0.0399701831948602
2026-04-08,PRAA,0.0139602800933633,0.2237752271763457
2026-04-08,PRE,-0.1347914447076519,-2.43516134187655
2026-04-08,PRTA,0.0266993653228683,0.4514863318262143
2026-04-08,PRTH,-0.0163327459310766,-0.3177125087904299
2026-04-08,PSIG,-0.0185655064307413,-0.3576230950403497
2026-04-08,PTEN,-0.026540079286632,-0.5001685574036859
2026-04-08,PTON,0.0424512923588884,0.7330519734021618
2026-04-08,PURR,0.0380410855828335,0.6542195424530516
2026-04-08,PYXS,0.0936821480386029,1.6488033424224855
2026-04-08,QCOM,0.0117358096599634,0.1840128258323865
2026-04-08,QDEL,-0.0672837417480279,-1.2284613837266891
2026-04-08,QMCO,-0.007464786427052,-0.1591977631653065
2026-04-08,QNTM,-0.0871023248652717,-1.5827184887635943
2026-04-08,QSEA,-0.0066689423145364,-0.1449720523921114
2026-04-08,QTI,0.0438945306167363,0.7588498522958789
2026-04-08,QTRX,-0.0445441030422638,-0.8219904200945819
2026-04-08,QURE,0.0475559256495618,0.8242972759109756
2026-04-08,RBCAA,0.0310302086230357,0.5289001409168774
2026-04-08,RDVT,-0.015254609974036,-0.2984408322675465
2026-04-08,RDZN,0.0204641750849953,0.3400323277757752
2026-04-08,RFIL,-0.0036791309466913,-0.0915291844780244
2026-04-08,RGNX,0.0395117581720004,0.6805078099247084
2026-04-08,RGTI,-0.012819472680663,-0.2549127615263475
2026-04-08,RILY,-0.0517994047100194,-0.9516789124445816
2026-04-08,RIOT,0.0277451779857387,0.4701802295770093
2026-04-08,RKLB,-0.0397869118522852,-0.7369556439403503
2026-04-08,RLAY,0.0010689526431868,-0.0066572066442528
2026-04-08,RMBS,0.0322016851912331,0.5498402805430594
2026-04-08,ROOT,0.0115600485970776,0.180871097437992
2026-04-08,RVMD,-0.0278123853939319,-0.5229110246944298
2026-04-08,RXT,-0.0954100258815166,-1.731218615847166
2026-04-08,RZLT,0.006323892235315,0.0872748204859513
2026-04-08,SABR,-0.0112117436586676,-0.2261746107894083
2026-04-08,SAIA,0.0019420534881563,0.0089494679557625
2026-04-08,SAIL,-0.0904514329796237,-1.6425837847853677
2026-04-08,SANM,0.0045601139587445,0.0557472898603536
2026-04-08,SATL,0.0399245748777677,0.6878869071200455
2026-04-08,SCVL,0.0607017967222102,1.0592796761075265
2026-04-08,SCZM,0.0220920473847415,0.3691305395332084
2026-04-08,SEAT,-0.098667131870885,-1.789439374201384
2026-04-08,SEIC,-0.0027602537652131,-0.0751042580204055
2026-04-08,SEPN,0.0079083965449713,0.1155978295697304
2026-04-08,SERV,-0.0547949352363834,-1.0052240102975196
2026-04-08,SEZL,-0.007486109655412,-0.1595789157988816
2026-04-08,SFIX,0.0334523409892891,0.5721957486305561
2026-04-08,SGHT,0.0036311827412516,0.039142647543562
2026-04-08,SGML,-0.048060671106335,-0.8848490621414578
2026-04-08,SHMD,0.0815458685591529,1.431867388480957
2026-04-08,SHOO,0.0234774374899795,0.3938943828980423
2026-04-08,SIBN,-0.0173878729339663,-0.3365729003370253
2026-04-08,SITM,0.0157736545866287,0.2561892900047332
2026-04-08,SKIN,-0.0095543253275438,-0.196548263822751
2026-04-08,SLNO,0.0354398220964135,0.607721966582678
2026-04-08,SMTC,0.0150997432308297,0.2441431268383501
2026-04-08,SMX,0.1092022265760463,1.9262246928840276
2026-04-08,SNDK,0.0509669544269699,0.8852694035718458
2026-04-08,SNEX,0.0170946101897992,0.279801366866791
2026-04-08,SOBR,-0.0158685909134838,-0.3094157394478362
2026-04-08,SOLS,-0.0125189487578226,-0.2495408974394981
2026-04-08,SPPL,0.0077814948346176,0.113329461933751
2026-04-08,SPT,-0.0040528134080766,-0.09820875718967
2026-04-08,SRRK,-0.0243697878516909,-0.4613746054707814
2026-04-08,STEX,-0.0545138280912919,-1.000199221046129
2026-04-08,STFS,0.0234927799415857,0.3941686291677189
2026-04-08,STKE,0.0362164109547279,0.6216034897532725
2026-04-08,STOK,-0.0037477607873957,-0.092755942644501
2026-04-08,STRO,-0.0636159195350909,-1.1628990742892125
2026-04-08,STRZ,0.0350465722003582,0.6006926260436248
2026-04-08,STTK,0.0209380132497855,0.3485021833412081
2026-04-08,STX,-0.0131451678542237,-0.2607345616332238
2026-04-08,SUNS,-0.0131872679010151,-0.261487099824779
2026-04-08,SWIM,0.0165710258810308,0.2704422991488947
2026-04-08,SWMR,0.0810816056723031,1.423568690975766
2026-04-08,SYNA,-0.0299048644194325,-0.5603140800762919
2026-04-08,TACT,-0.024573784475288,-0.4650210444157492
2026-04-08,TBLA,-0.0026201514390016,-0.0725999294213828
2026-04-08,TCMD,-0.0074733629317538,-0.1593510681573455
2026-04-08,TENB,-0.0634885041604235,-1.160621524905393
2026-04-08,TH,0.0274411070056799,0.4647449618545834
2026-04-08,TIGO,0.019899841452449,0.3299448660355421
2026-04-08,TILE,0.0097728180198394,0.1489243570186448
2026-04-08,TLS,-0.0259304414963023,-0.489271283998939
2026-04-08,TMCI,0.1097707005034564,1.9363861623807053
2026-04-08,TNDM,0.0153511460863731,0.248636952016261
2026-04-08,TNGX,0.0067948026816381,0.0956923430938567
2026-04-08,TORO,-0.0006517779734673,-0.0374152604969458
2026-04-08,TOYO,0.0106003566824285,0.1637166077653624
2026-04-08,TPG,0.0236782269619654,0.3974834940189942
2026-04-08,TRDA,-0.0420736743778426,-0.7778315162173134
2026-04-08,TRUP,-0.0138143089818262,-0.2726954569870058
2026-04-08,TSEM,-0.0490800224053446,-0.9030699631042808
2026-04-08,TSHA,0.0143505188088274,0.2307507428726887
2026-04-08,TSLA,0.0189590518999864,0.3131282560219641
2026-04-08,TTMI,-0.0098209476613259,-0.201314137121819
2026-04-08,TVGN,0.0193852767165227,0.3207470231511678
2026-04-08,TZOO,0.0321676074898008,0.5492311417471986
2026-04-08,UAL,0.0174598916166397,0.2863307711148517
2026-04-08,UFPT,0.0115147195196773,0.1800608403354107
2026-04-08,ULCC,-0.0019023123529183,-0.0597685582272966
2026-04-08,UNB,-0.0130613671195705,-0.2592366237896059
2026-04-08,URBN,0.0063027667360374,0.0868972022590445
2026-04-08,URGN,0.0902776863459375,1.587948601378797
2026-04-08,USAR,-0.0160431981877399,-0.3125368438744457
2026-04-08,VC,-0.0063777205723915,-0.1397664647531903
2026-04-08,VECO,0.0078272704551022,0.1141477009924275
2026-04-08,VHCP,,
2026-04-08,VIAV,-0.0074937554210908,-0.1597155838340858
2026-04-08,VICR,-0.0187554067419965,-0.3610175624507038
2026-04-08,VNCE,0.015655787761583,0.2540824209125489
2026-04-08,VRAX,-0.0866698934598461,-1.574988778879347
2026-04-08,VREX,-0.0133052527828375,-0.2635960791814401
2026-04-08,VSAT,-0.0335414036883035,-0.6253172069962148
2026-04-08,VSEC,0.0191051096101848,0.3157390370892651
2026-04-08,VTGN,0.0046826100003394,0.0579369061824271
2026-04-08,VTSI,0.0849493803856342,1.4927051506698723
2026-04-08,VTVT,-0.0517952612110117,-0.9516048474140754
2026-04-08,WATT,0.2341491506842133,4.159650531450264
2026-04-08,WAY,-0.0244429198054236,-0.4626818388921492
2026-04-08,WDC,-0.0230972923634915,-0.4386287529971092
2026-04-08,WEN,0.0144947912966421,0.2333296130960229
2026-04-08,WERN,-0.0046524703430825,-0.1089276228398414
2026-04-08,WEST,-0.0134076204656763,-0.2654259011599971
2026-04-08,WGS,-0.0636190041898162,-1.1629542124818146
2026-04-08,WINA,0.0494682815149749,0.8584806304259673
2026-04-08,WIX,-0.0623521139403787,-1.1403085536317263
2026-04-08,WLDN,0.0357875802207381,0.613938141858553
2026-04-08,WLFC,0.0165922935977088,0.270822459511345
2026-04-08,WSC,-0.0044111024779557,-0.1046131730811008
2026-04-08,WVE,0.0073043492632753,0.1048004864875779
2026-04-08,WYFI,0.0089551458533721,0.1343084698561597
2026-04-08,XEL,0.0176510244789361,0.289747270370827
2026-04-08,XENE,0.0099979284254511,0.1529482047444839
2026-04-08,XLO,-0.018217884188141,-0.3514093486498286
2026-04-08,XMTR,-0.0870089447853078,-1.5810493201555045
2026-04-08,XNDU,0.0216492009881865,0.3612146617183562
2026-04-08,XOS,0.0089397752444609,0.1340337202747535
2026-04-08,ZD,0.0183634190365366,0.3024813206370131
2026-04-08,ZSQR,0.1552109712361426,2.748630845394818
2026-04-08,ZVRA,0.0146812480187302,0.2366625263618616
2026-04-09,AAL,-0.0012371534537558,0.1048138501063967
2026-04-09,AAON,0.0229808600096373,0.5484794087579125
2026-04-09,ABSI,0.0154744607495073,0.4109647927783284
2026-04-09,ACHV,0.0402832563337238,0.8654532738001134
2026-04-09,ACIC,-0.0144088119465244,-0.1364863387961505
2026-04-09,ADAM,-0.0138672902960041,-0.1265658510582465
2026-04-09,ADEA,-0.0043302259568423,0.0481498408099348
2026-04-09,ADTN,0.0318162322643156,0.710340346410424
2026-04-09,ADTX,-0.0247029198140958,-0.3250708040244185
2026-04-09,ADUR,0.0030249656462324,0.1828943852582115
2026-04-09,ADV,0.0199576884728972,0.4930959607812826
2026-04-09,AEI,0.0018319419575212,0.1610386074448661
2026-04-09,AEIS,0.0039409319160629,0.1996745678039249
2026-04-09,AEYE,0.0021414712139721,0.166709075449595
2026-04-09,AFBI,0.0076203086482333,0.2670794660560152
2026-04-09,AGEN,-0.1105752409250575,-1.8982217718354368
2026-04-09,AGH,-0.0161070316060019,-0.1675971305658362
2026-04-09,AGPU,-0.1807423595563095,-3.1836589086822458
2026-04-09,AIOT,-0.0057576671949678,0.0219996152634665
2026-04-09,AIRO,-0.0286456291785137,-0.3972998642406554
2026-04-09,AKAM,-0.1642217768438241,-2.8810075962836263
2026-04-09,AKAN,-0.0508872540074502,-0.8047586725348742
2026-04-09,AKBA,-0.0055129146623847,0.0264833962830774
2026-04-09,AKTS,-0.0321946311401326,-0.4623163421750248
2026-04-09,ALAB,0.1420082563428467,2.729019789116997
2026-04-09,ALDX,0.1018467868607513,1.993275677777192
2026-04-09,ALGT,-0.0136192713412313,-0.1220222303235489
2026-04-09,ALHC,-0.0405857067129861,-0.6160379196010343
2026-04-09,ALKS,-0.0337083139161058,-0.4900464826111272
2026-04-09,AMD,0.0238652637857612,0.564681377428903
2026-04-09,AMPH,-0.02299429193522,-0.2937693373060669
2026-04-09,AMRX,-0.0237803656491004,-0.3081699335373476
2026-04-09,AMSC,0.0545210485268302,1.126284660192187
2026-04-09,ANAB,0.0051653426171096,0.2221053447344891
2026-04-09,ANNA,-0.1641659191060097,-2.879984302011785
2026-04-09,APLD,0.0191042078057061,0.4774604926789979
2026-04-09,APLS,0.0440830503198084,0.9350641741386206
2026-04-09,APPF,-0.0300449007048541,-0.4229340304936948
2026-04-09,ARAI,-0.1829641797186904,-3.22436187901695
2026-04-09,ARCB,-0.0062114544207594,0.0136863915820913
2026-04-09,ARHS,0.025940938909795,0.6027070216410308
2026-04-09,ARTV,0.0233584803211499,0.555397281139091
2026-04-09,ARWR,-0.03085602093865,-0.43779347023282
2026-04-09,ASBP,-0.0996160746886779,-1.697453669283686
2026-04-09,ASO,0.0126477669300574,0.3591807480449047
2026-04-09,ASPI,0.0363080861995441,0.7926295436051695
2026-04-09,ASRT,0.0185899626017909,0.4680396999280245
2026-04-09,ASST,0.0987449050425654,1.936450284901073
2026-04-09,ASTI,-0.0423139481943751,-0.647698700675592
2026-04-09,ASYS,0.0541484056402989,1.1194579725003853
2026-04-09,ATEX,-0.0416405377960621,-0.6353620570850311
2026-04-09,ATII,,
2026-04-09,ATOM,0.1183471000698818,2.2955556599449847
2026-04-09,AUUD,0.0261406885973061,0.6063663662373183
2026-04-09,AVAH,-0.0585186684535675,-0.9445635231125517
2026-04-09,AVAV,0.0017860015063674,0.1601969944051885
2026-04-09,AVNW,0.0316479557065259,0.7072575785718239
2026-04-09,AVR,0.0467132521658921,0.9832485544625008
2026-04-09,AVTX,-0.0177210206211965,-0.1971648463145327
2026-04-09,AXGN,-0.0241332167481611,-0.3146340425866799
2026-04-09,AXIN,0.0042869882245355,0.2060141986599186
2026-04-09,AXTI,0.0012748775002038,0.1508333809082546
2026-04-09,BAND,-0.0780666391760827,-1.302675527807634
2026-04-09,BCAR,0.0091972346096532,0.2959681995883085
2026-04-09,BDTX,-0.0176465122157775,-0.1957998783181108
2026-04-09,BEAM,0.035923597293038,0.7855858409596918
2026-04-09,BELFA,-0.0029718464409343,0.0730348796962605
2026-04-09,BELFB,-0.0037072423236527,0.0595626836538619
2026-04-09,BGDE,-0.034612785523554,-0.5066160869516936
2026-04-09,BHAV,,
2026-04-09,BIOA,-0.1025001765228005,-1.7502894088202103
2026-04-09,BJRI,-0.0248992260878194,-0.3286670664812886
2026-04-09,BKNG,-0.0220674997175015,-0.2767908271714731
2026-04-09,BKR,-0.0129681947340312,-0.110094733995455
2026-04-09,BL,-0.0465961987137658,-0.7261480364083928
2026-04-09,BLMN,-0.0222130122637887,-0.2794565662601436
2026-04-09,BLNK,-0.035629827028309,-0.525247932543034
2026-04-09,BNZI,-0.0628181422064,-1.0233283824740071
2026-04-09,BRCB,-0.0500231802320827,-0.7889291423860034
2026-04-09,BTBT,0.0269299003341778,0.6208244499551575
2026-04-09,BWEN,0.0039348327481064,0.1995628331745419
2026-04-09,BYND,-0.0237652551894997,-0.3078931151884626
2026-04-09,BZAI,-0.0684912286322592,-1.127257346846401
2026-04-09,CABA,-0.0154879014677505,-0.1562548824049567
2026-04-09,CAEP,0.0031542265166138,0.1852623993133791
2026-04-09,CAR,0.0159038509627181,0.4188310716996622
2026-04-09,CBRL,-0.0332513281800923,-0.4816746633382272
2026-04-09,CCRN,0.0047197887166063,0.2139429527003551
2026-04-09,CDNA,-0.0262814734115738,-0.3539893552815256
2026-04-09,CDNL,0.0358381479978314,0.7840204396788836
2026-04-09,CDW,-0.0077891935928288,-0.0152172396856278
2026-04-09,CELC,-0.0552608334466314,-0.8848811222198641
2026-04-09,CELH,-0.0477414757579867,-0.7471291123501949
2026-04-09,CENX,0.0062544294955711,0.2420570364404602
2026-04-09,CEPS,0.0045922038743308,0.2116056428954376
2026-04-09,CEVA,0.0183397113966406,0.4634551851450895
2026-04-09,CGCT,0.0007009386042137,0.1403190205414881
2026-04-09,CGEM,-0.0393711229959403,-0.5937871695894086
2026-04-09,CGNT,-0.0460997878934605,-0.7170539633439644
2026-04-09,CGON,-0.0198139175874641,-0.2355059886688676
2026-04-09,CHMG,-0.0202994335705702,-0.2444004721162659
2026-04-09,CHRN,0.1373109877474159,2.642967467002381
2026-04-09,CHRW,-0.0348817328089073,-0.5115431074021725
2026-04-09,CHTR,-0.0186878339220555,-0.2148765287316594
2026-04-09,CLBT,-0.1060332855235825,-1.8150147332560076
2026-04-09,CLFD,0.0127724798062826,0.361465444433612
2026-04-09,CLMT,0.0077841017521724,0.2700800985840415
2026-04-09,CLNN,-0.0456868256417546,-0.7094886389468159
2026-04-09,CLPT,-0.0362117987865831,-0.5359094521447275
2026-04-09,CMPX,-0.0434857184810646,-0.6691651235777498
2026-04-09,COAG,,
2026-04-09,COCO,0.0411683389780698,0.8816676791001223
2026-04-09,COLA,,
2026-04-09,COLB,-0.0229201095946964,-0.2924103427047868
2026-04-09,COLL,0.0100334525160467,0.3112874199345712
2026-04-09,COLM,-0.0230623007100014,-0.2950152343364824
2026-04-09,COYA,-0.0684798704910881,-1.1270492696622203
2026-04-09,CPSH,-0.0177995890099435,-0.1986041917892746
2026-04-09,CRAC,0.0019691093887974,0.1635514669375703
2026-04-09,CRDO,0.0878429624266038,1.7367304991139985
2026-04-09,CRMD,-0.0219621067818865,-0.2748600653553475
2026-04-09,CRML,0.0108275486433919,0.3258349839820575
2026-04-09,CRWD,-0.0396674545954095,-0.5992158611219869
2026-04-09,CSCO,-0.0172394490285612,-0.1883426227246336
2026-04-09,CSGS,0.0052804612609876,0.2242142781333644
2026-04-09,CTSH,-0.013898738616625,-0.1271419733218666
2026-04-09,CUE,0.6932175927351406,12.826982552828934
2026-04-09,CVGI,-0.0022482234004969,0.0862914013748073
2026-04-09,CVRX,-0.0260920403208599,-0.350519007139813
2026-04-09,CVV,-0.0012498787824468,0.1045807265237679
2026-04-09,CXDO,-0.027033622313505,-0.367768460791928
2026-04-09,DARE,-0.011009473218682,-0.0742116390973657
2026-04-09,DASH,-0.0204049206540851,-0.2463329586890765
2026-04-09,DAVE,0.0140410680747924,0.3847055389895891
2026-04-09,DCBO,-0.077844496769401,-1.2986059564074195
2026-04-09,DDOG,-0.0215728680390436,-0.2677293473650693
2026-04-09,DFDV,0.0499735355904918,1.0429758095127015
2026-04-09,DGXX,-0.0099051697682484,-0.0539811851008809
2026-04-09,DIBS,-0.0102799618658404,-0.0608472455896024
2026-04-09,DJCO,-0.0479427885378561,-0.7508170922532306
2026-04-09,DOMH,0.0064528466522203,0.2456919695361847
2026-04-09,DOMO,-0.0843475936935554,-1.4177404235750524
2026-04-09,DOO,0.00047035725271,0.1360948506159026
2026-04-09,DOX,-0.0203967317687928,-0.2461829411670594
2026-04-09,DPRO,0.0636335703218375,1.2932228807451274
2026-04-09,DRTS,-0.0062725582288468,0.0125669911328422
2026-04-09,DSGN,-0.0345214486501693,-0.5049428272924349
2026-04-09,EIKN,-0.0028038987893772,0.0761116220874121
2026-04-09,ENGN,-0.0059516386919168,0.0184461251026639
2026-04-09,ENPH,0.0125809317130173,0.3579563501829362
2026-04-09,ERII,0.0016636139628253,0.157954897300086
2026-04-09,ERNA,-0.0705814697480991,-1.165549834947344
2026-04-09,ESOA,0.0167308727038399,0.433981821506057
2026-04-09,ESPR,0.0006055603434214,0.1385717240746844
2026-04-09,EYE,-0.0281996176916062,-0.3891290893832156
2026-04-09,EZGO,0.0281998553973149,0.6440895837119254
2026-04-09,FA,-0.0184892292569405,-0.2112381605462495
2026-04-09,FABC,0.0477077313288649,1.001467065822837
2026-04-09,FACT,0.005240810901207,0.2234878973734644
2026-04-09,FCEL,0.0176290382964031,0.4504359018536649
2026-04-09,FDMT,-0.0238087374818357,-0.3086896956160787
2026-04-09,FEIM,0.0267252624789083,0.6170755558306827
2026-04-09,FENC,-0.1051596037436332,-1.7990091878147692
2026-04-09,FFAI,0.2319889902184017,4.377435445632953
2026-04-09,FGMC,0.0064211877652749,0.2451119897709518
2026-04-09,FLNC,0.0050556022842908,0.2200949401180982
2026-04-09,FLWS,-0.0397822402941336,-0.6013186950817831
2026-04-09,FLXS,0.0066440156402839,0.2491941187118097
2026-04-09,FLYW,-0.0169104034041387,-0.1823146216665806
2026-04-09,FMAO,-0.0027403039702951,0.0772766569891421
2026-04-09,FNKO,-0.0375298780814352,-0.5600562050392832
2026-04-09,FOSL,-0.0412407852439689,-0.6280387297768323
2026-04-09,FOXF,0.0057161046128187,0.232195112372932
2026-04-09,FRMI,0.0148817961167826,0.4001073834467075
2026-04-09,FROG,-0.0191799043849357,-0.2238910879621109
2026-04-09,FSEA,-0.0507691503397887,-0.8025950545415554
2026-04-09,FTRE,-0.0244151096253307,-0.3197982217634051
2026-04-09,FWRD,0.0114532635662461,0.3372978630998804
2026-04-09,FWRG,-0.0171139801524409,-0.1860440766815629
2026-04-09,GALT,-0.0235594687639684,-0.3041231796574468
2026-04-09,GDRX,0.0067394532548302,0.2509425025186839
2026-04-09,GELS,-0.0770739750549547,-1.2844902673807503
2026-04-09,GFS,0.0046627626440729,0.2128982549440148
2026-04-09,GH,-0.097175255081263,-1.6527387055097913
2026-04-09,GLSI,0.0110135270603675,0.3292420437059822
2026-04-09,GLUE,-0.0348729979535571,-0.5113830878991469
2026-04-09,GMM,0.0261908186624476,0.6072847315437808
2026-04-09,GPRE,-0.0051756368744762,0.0326622077045576
2026-04-09,GPRO,0.0422577210105586,0.9016247779249136
2026-04-09,GRAL,-0.0401331764580716,-0.6077477231876575
2026-04-09,GRPN,0.0394059405185097,0.8493811541004876
2026-04-09,GSHD,-0.04749304568947,-0.7425779601551178
2026-04-09,GSIT,-0.0108105218412417,-0.0705669192631001
2026-04-09,GTX,0.0093339452048027,0.2984726900025304
2026-04-09,GV,-0.121282268967951,-2.0943707906361806
2026-04-09,HCKT,-0.029937369445408,-0.4209640953308964
2026-04-09,HCSG,0.0119927747677374,0.3471815201128804
2026-04-09,HELE,-0.0149545794156457,-0.1464846084497495
2026-04-09,HLMN,-0.0085930585780661,-0.0299437658020161
2026-04-09,HOOD,-0.0175938639411189,-0.1948353802917233
2026-04-09,HOVR,0.0641354451722434,1.302417052934976
2026-04-09,HPK,0.0079256779346336,0.2726737248605461
2026-04-09,HROW,-0.041766295906497,-0.6376659017998506
2026-04-09,HTCO,-0.0153892817858447,-0.1544482042340616
2026-04-09,HUHU,0.0062151225540532,0.2413369469833385
2026-04-09,HUT,0.0224876098274774,0.5394432374817797
2026-04-09,HYMC,-0.043476050158295,-0.6689880032772229
2026-04-09,IEAG,-0.0018474971382113,0.0936325667140702
2026-04-09,IKT,-0.0050722724431761,0.0345558080292404
2026-04-09,IMDX,0.0090500874876999,0.2932725156436253
2026-04-09,IMSR,0.0190341947004503,0.4761778770134638
2026-04-09,IMUX,-0.0657902883903516,-1.0777770637867845
2026-04-09,IMVT,-0.0360009900793175,-0.532047510164269
2026-04-09,IMXI,0.0120121224727543,0.3475359633197087
2026-04-09,INDI,0.0320727415631508,0.7150395072866472
2026-04-09,INDV,-0.0580849470539892,-0.9366178983678196
2026-04-09,INOD,-0.0064646791363076,0.0090474031259199
2026-04-09,INSM,-0.0272820980628617,-0.3723204498440573
2026-04-09,INTC,0.0009503676234112,0.1448884731645725
2026-04-09,IPCX,0.0029477268281644,0.1814793970545126
2026-04-09,IPSC,-0.0237194752799888,-0.3070544432156813
2026-04-09,IPST,0.2741848295797001,5.150448503508144
2026-04-09,IPWR,-0.063567524663277,-1.0370568076760385
2026-04-09,IREN,0.0469173721693235,0.9869879617219456
2026-04-09,IRHO,,
2026-04-09,IRWD,0.0120718931542131,0.3486309413541575
2026-04-09,ISSC,-0.0198704858080954,-0.2365422987380754
2026-04-09,JACK,-0.0560651924173007,-0.8996166979770482
2026-04-09,JBHT,0.0106456442339784,0.3225025586555286
2026-04-09,JBIO,-0.0138012456671295,-0.1253559364956887
2026-04-09,JBLU,-0.0436637965658173,-0.6724274519712323
2026-04-09,KALU,0.0038894589281934,0.1987316006215375
2026-04-09,KALV,-0.0238512946719311,-0.309469328493353
2026-04-09,KEEL,0.0134758337970448,0.3743506441925843
2026-04-09,KMTS,-0.0728175854990749,-1.2065146954783592
2026-04-09,KOPN,-0.0148311610564946,-0.1442236271622722
2026-04-09,KROS,-0.1165163662261518,-2.007061114901824
2026-04-09,KXIN,0.06668644397073,1.3491504610553686
2026-04-09,LASR,0.0287672796433531,0.6544845979640854
2026-04-09,LBRDA,-0.0051231555129846,0.033623647939949
2026-04-09,LBRDK,-0.0028239881376219,0.075743592235361
2026-04-09,LBRX,-0.0800260003831321,-1.3385703416345254
2026-04-09,LBTYB,0.0192692948060419,0.4804848289376588
2026-04-09,LE,-0.0353076999767115,-0.5193466773257212
2026-04-09,LFUS,0.014007009795207,0.3840816031881727
2026-04-09,LGIH,-0.0231391554635514,-0.2964231866121863
2026-04-09,LGN,0.0661586094895198,1.3394807174847143
2026-04-09,LGND,-0.0033428503079698,0.0662382182698812
2026-04-09,LIEN,-0.0034772045458548,0.063776895498775
2026-04-09,LIFE,-0.0124653099349478,-0.1008820598981376
2026-04-09,LINC,0.021023780366548,0.5126263923868888
2026-04-09,LIND,0.0040490258688838,0.2016548113130647
2026-04-09,LINK,0.0601011525382203,1.228510219166671
2026-04-09,LITE,-0.0095894461804525,-0.0481972391066866
2026-04-09,LLYVA,-0.0198025106589666,-0.235297017717886
2026-04-09,LMB,-0.0138917903386904,-0.1270146832938798
2026-04-09,LMRI,0.002400460239562,0.1714536640549588
2026-04-09,LOVE,-0.0074302291643806,-0.0086411365744357
2026-04-09,LQDA,-0.0552583543550193,-0.884835706126315
2026-04-09,LRMR,-0.0476491747718051,-0.745438190480808
2026-04-09,LWAY,0.0250828036933688,0.5869862838204098
2026-04-09,LWLG,0.2248141581790636,4.245995025477297
2026-04-09,LXRX,-0.0203609296439552,-0.245527058728932
2026-04-09,MASI,0.0070106081969114,0.2559099664703174
2026-04-09,MBBC,-0.0682476189499089,-1.122794502444392
2026-04-09,MBX,-0.050678195646694,-0.8009287962918913
2026-04-09,MCW,0.0004497894049326,0.1357180548193265
2026-04-09,MDAI,0.0349294462545727,0.7673733407258717
2026-04-09,MDB,-0.0088131370444853,-0.0339755265365883
2026-04-09,MELI,0.0060505331462974,0.238321726447167
2026-04-09,MGNX,0.0415325653023301,0.8883401783070772
2026-04-09,MKSI,0.0171074206249402,0.4408800480689639
2026-04-09,MLTX,-0.0589719614919275,-0.9528676934525688
2026-04-09,MMED,0.0142865517112615,0.3892027135773589
2026-04-09,MNPR,-0.0130361772796163,-0.1113401505161426
2026-04-09,MNTS,0.0313943577651187,0.7026117527481088
2026-04-09,MOVE,-0.0651723596597348,-1.066456824994684
2026-04-09,MPLT,-0.0915753284531927,-1.5501500031124733
2026-04-09,MRAM,0.0207460013490531,0.50753757768436
2026-04-09,MRLN,0.1076667412215714,2.099895211485956
2026-04-09,MRVI,-0.0258765877574279,-0.3465719913343065
2026-04-09,MSFT,7.475739372523726e-05,0.1288475991968605
2026-04-09,MSTR,-0.0070061294906839,-0.000871778491495
2026-04-09,MTCH,-0.0322738219000904,-0.4637670892732462
2026-04-09,MTSI,0.0356913891291685,0.7813318683990458
2026-04-09,MU,-0.014737824545178,-0.1425137348336348
2026-04-09,MWH,0.0587979428042647,1.2046358714407743
2026-04-09,MXL,0.0414251427883978,0.8863722353241582
2026-04-09,MYRG,0.016024726573278,0.4210454707199406
2026-04-09,NAMS,-0.0158537493284211,-0.1629570875933073
2026-04-09,NAUT,-0.0198195934514078,-0.2356099685163981
2026-04-09,NB,-0.0351340387300417,-0.5161652638651859
2026-04-09,NEGG,0.0155104991819754,0.4116250042898168
2026-04-09,NEO,-0.0361081327736714,-0.5340103269501227
2026-04-09,NERV,-0.0568355307613199,-0.913729027721459
2026-04-09,NESR,-0.0353797571485914,-0.5206667395787744
2026-04-09,NEXT,0.0302638552859416,0.6819013416840825
2026-04-09,NKLR,0.0246134200119758,0.5783873385129469
2026-04-09,NKSH,-0.0159943451738767,-0.1655327544378419
2026-04-09,NKTR,-0.0077431996727586,-0.0143746471140538
2026-04-09,NNBR,-0.0151383375682231,-0.1498509937043967
2026-04-09,NNE,-0.0236689637516151,-0.3061290896358708
2026-04-09,NRXP,-0.0192703265530998,-0.2255475905408084
2026-04-09,NSIT,-0.0220719577657755,-0.2768724970607466
2026-04-09,NSTS,-0.0184851907956318,-0.2111641773438149
2026-04-09,NUAI,-0.0080365362155771,-0.0197484702535607
2026-04-09,NUCL,0.0500638074625839,1.0446295587197862
2026-04-09,NVAX,-0.0557996689531553,-0.8947524007367642
2026-04-09,NVMI,0.0003234823782373,0.1334041541500955
2026-04-09,NVTS,-0.0048424908528332,0.0387653266093423
2026-04-09,NXT,0.035865538870953,0.7845222309196812
2026-04-09,ODD,0.0406376543570435,0.8719457219622555
2026-04-09,ODFL,-0.0086421152677451,-0.0308424672444328
2026-04-09,OLPX,0.0161878500785158,0.4240338364333338
2026-04-09,OMEX,-0.1841863765092213,-3.246752097879145
2026-04-09,ON,-0.0022070443787259,0.0870457866891256
2026-04-09,ONDS,-0.0320189458047252,-0.4590978481148816
2026-04-09,ONEW,-0.0118097721666727,-0.0888728366553395
2026-04-09,OPEN,-0.0074911687453952,-0.0097575284409986
2026-04-09,OPRT,0.010038716984721,0.3113838631642726
2026-04-09,OPRX,-0.0035887677648189,0.0617330962440793
2026-04-09,OPTX,0.0416224579919889,0.8899869810242558
2026-04-09,ORBS,-0.0463595532427532,-0.7218127739287579
2026-04-09,ORMP,-0.0055721202687091,0.0253987702279754
2026-04-09,OTLK,0.1229535465031572,2.3799441517305158
2026-04-09,PAHC,-0.0164349306478699,-0.173604126631452
2026-04-09,PALI,-0.0706487271118453,-1.1667819663897108
2026-04-09,PANW,-0.0641213380901174,-1.0472024764683712
2026-04-09,PCT,0.0696499650247041,1.4034411329956722
2026-04-09,PENG,0.0002257131034718,0.1316130551413625
2026-04-09,PEPG,0.0230418038020767,0.5495958777763089
2026-04-09,PFIS,-0.0165075705672371,-0.1749348646151924
2026-04-09,PHOE,,
2026-04-09,PHVS,-0.0136028483947188,-0.1217213676722762
2026-04-09,PICS,-0.0041995396528357,0.0505439683118803
2026-04-09,PLAB,0.0142521633133329,0.388572730123053
2026-04-09,PLSE,-0.0397851954115024,-0.6013728318011424
2026-04-09,PMTR,,
2026-04-09,PNRG,-0.0081175033706133,-0.0212317602899571
2026-04-09,PNTG,-0.0359844122832013,-0.5317438107222726
2026-04-09,POET,0.1479028974126696,2.8370075572816424
2026-04-09,POLE,0.0005555434114566,0.1376554313285527
2026-04-09,POWI,0.0024455782570551,0.1722802103968611
2026-04-09,POWL,-0.0028368256707107,0.0755084131073056
2026-04-09,PPTA,-0.0151062546742948,-0.1492632462791443
2026-04-09,PRAA,-0.0085388817563498,-0.0289512653267362
2026-04-09,PRE,0.0070354165464091,0.2563644467791889
2026-04-09,PRTA,0.0014377875900202,0.1538178369255746
2026-04-09,PRTH,-0.0628409265447248,-1.02374578360423
2026-04-09,PSIG,-0.0076914374066572,-0.0134263804553687
2026-04-09,PTEN,-0.0065227574476313,0.0079834287219952
2026-04-09,PTON,-0.0270651316986405,-0.368345701736154
2026-04-09,PURR,0.0599463484370115,1.2256742620330203
2026-04-09,PYXS,0.0726814450105341,1.458976788861383
2026-04-09,QCOM,0.0027301032069429,0.1774926082276361
2026-04-09,QDEL,-0.0090258948178245,-0.0378731747276205
2026-04-09,QMCO,0.0280200059981023,0.6407948054554266
2026-04-09,QNTM,0.0878613670966771,1.737067666249619
2026-04-09,QSEA,-0.0033785438442123,0.0655843251369371
2026-04-09,QTI,-0.0137567592491787,-0.1245409608370789
2026-04-09,QTRX,0.0151811409164323,0.4055912757554935
2026-04-09,QURE,-0.0588867628566599,-0.9513068841744065
2026-04-09,RBCAA,-0.0143333417120295,-0.1351037504265736
2026-04-09,RDVT,-0.061655941361764,-1.0020372684121486
2026-04-09,RDZN,-0.0152680073812303,-0.1522264994458179
2026-04-09,RFIL,0.0068544759245976,0.2530496777053313
2026-04-09,RGNX,-0.0210914653276959,-0.258910217621449
2026-04-09,RGTI,0.0159068559091056,0.4188861212692635
2026-04-09,RILY,-0.044258924986626,-0.6833299970411075
2026-04-09,RIOT,-0.0211862857242337,-0.2606472942097115
2026-04-09,RKLB,0.0066152489457208,0.2486671229021335
2026-04-09,RLAY,-0.0328902139775172,-0.47505917711494
2026-04-09,RMBS,0.0451778201749867,0.9551199759956438
2026-04-09,ROOT,-0.0570927925088457,-0.9184419731952156
2026-04-09,RVMD,0.010002510249553,0.310720568406033
2026-04-09,RXT,0.4816903753171041,8.951877717016155
2026-04-09,RZLT,0.0015139329796337,0.1552127939014088
2026-04-09,SABR,0.008389497065791,0.2811707295487815
2026-04-09,SAIA,-0.0058219333188338,0.0208222822922686
2026-04-09,SAIL,-0.0507562241501153,-0.8023582512557973
2026-04-09,SANM,0.0345491624131042,0.7604066734050237
2026-04-09,SATL,0.0203402688522826,0.5001046998756645
2026-04-09,SCVL,-0.0108276491795376,-0.07088068612613
2026-04-09,SCZM,-0.0183016322540393,-0.2078014488927805
2026-04-09,SEAT,-0.0542011888695273,-0.8654688032043695
2026-04-09,SEIC,0.0030557646302791,0.1834586119023007
2026-04-09,SEPN,-0.0792852271947832,-1.3249996352287492
2026-04-09,SERV,-0.0072120090705227,-0.0046434205769295
2026-04-09,SEZL,-0.1351172296000026,-2.3478224433499326
2026-04-09,SFIX,-0.0214264752517037,-0.26504748256737
2026-04-09,SGHT,-0.0139443522878377,-0.1279775998670125
2026-04-09,SGML,0.070765103434785,1.423870079673324
2026-04-09,SHMD,-0.0949676622528073,-1.6122963749696604
2026-04-09,SHOO,-0.0067691254692025,0.0034700525076547
2026-04-09,SIBN,-0.0551642644137783,-0.8831120112242823
2026-04-09,SITM,0.0251709538175724,0.5886011633463092
2026-04-09,SKIN,-0.023197487257691,-0.2974918047328751
2026-04-09,SLNO,-0.0172009459327072,-0.1876372594396681
2026-04-09,SMTC,-0.0480264159055217,-0.7523491164570322
2026-04-09,SMX,0.027292134377083,0.6274604512626587
2026-04-09,SNDK,-0.0106579211421364,-0.0677713276873699
2026-04-09,SNEX,-0.0077654261579388,-0.0147818285692638
2026-04-09,SOBR,-0.037997217718426,-0.568617704166324
2026-04-09,SOLS,-0.0080094368872223,-0.0192520200111917
2026-04-09,SPPL,-0.0090236773746013,-0.0378325519412839
2026-04-09,SPT,-0.0545881995269788,-0.8725587034475015
2026-04-09,SRRK,0.0282034747691175,0.6441558893407997
2026-04-09,STEX,0.0012853169933211,0.1510246287805416
2026-04-09,STFS,0.0102847715819033,0.3158914975531415
2026-04-09,STKE,-0.015861987611695,-0.1631080100691152
2026-04-09,STOK,-0.0446538991539373,-0.6905657860069516
2026-04-09,STRO,-0.0327778383492951,-0.4730004948060308
2026-04-09,STRZ,0.0094199158667522,0.3000476425402004
2026-04-09,STTK,-0.0706288477732772,-1.1664177838416754
2026-04-09,STX,-0.0045378532521604,0.0443461811865793
2026-04-09,SUNS,-0.0208214411545953,-0.2539634689630924
2026-04-09,SWIM,-0.0165926027860816,-0.1764926252025358
2026-04-09,SWMR,-0.0416700180896459,-0.6359021257798411
2026-04-09,SYNA,-0.0028143964996673,0.0759193076968257
2026-04-09,TACT,0.0204396506888937,0.5019253404548971
2026-04-09,TBLA,-0.0020883363743619,0.0892204759200216
2026-04-09,TCMD,-0.0095131675744647,-0.0467998416533452
2026-04-09,TENB,-0.0202541690408115,-0.2435712417207644
2026-04-09,TH,-0.0210674313962442,-0.2584699243810373
2026-04-09,TIGO,-0.0005558138149034,0.1172957546176731
2026-04-09,TILE,0.0102392536345792,0.3150576246362422
2026-04-09,TLS,-0.0221940654188892,-0.2791094666708347
2026-04-09,TMCI,0.2020583918936802,3.829117325049533
2026-04-09,TNDM,-0.0249198272009209,-0.3290444716869982
2026-04-09,TNGX,-0.0399958922452049,-0.6052327242969506
2026-04-09,TORO,-0.0217316083843397,-0.2706374151173141
2026-04-09,TOYO,0.0545514724518479,1.126842015885698
2026-04-09,TPG,-0.0090085534234492,-0.0375554864318838
2026-04-09,TRDA,-0.0434208439768721,-0.6679766452911915
2026-04-09,TRUP,-0.0419498082115574,-0.6410277832137456
2026-04-09,TSEM,0.0008356488378134,0.1427868650299077
2026-04-09,TSHA,-0.0411068822737637,-0.6255856740722023
2026-04-09,TSLA,0.0155786756176917,0.4128739728100742
2026-04-09,TTMI,0.1176710562845602,2.2831707736230347
2026-04-09,TVGN,-0.0316059193255993,-0.4515313470938032
2026-04-09,TZOO,-0.0128450770866499,-0.1078392616427023
2026-04-09,UAL,-0.0123780141913692,-0.0992828323272519
2026-04-09,UFPT,-0.0147180133049181,-0.1421507998228524
2026-04-09,ULCC,0.0048710215077102,0.2167134846786673
2026-04-09,UNB,0.0003428884006666,0.1337596657115763
2026-04-09,URBN,-0.0087921437756528,-0.0335909371746827
2026-04-09,URGN,0.0655738987184373,1.328769020123822
2026-04-09,USAR,-0.0477923194655339,-0.7480605513365882
2026-04-09,VC,-0.0273272881012072,-0.3731483155828531
2026-04-09,VECO,0.0215753256982194,0.5227305104669084
2026-04-09,VHCP,,
2026-04-09,VIAV,-0.0250093032898275,-0.3306836424237189
2026-04-09,VICR,-0.010917706136035,-0.0725304981544897
2026-04-09,VNCE,0.0378766068450762,0.8213642946824343
2026-04-09,VRAX,-0.2118001206880886,-3.7526262587014463
2026-04-09,VREX,0.013244931057997,0.3701205865592999
2026-04-09,VSAT,-0.0123854317453002,-0.0994187193277947
2026-04-09,VSEC,-0.0086696880028402,-0.0313475901331447
2026-04-09,VTGN,0.0090893330167524,0.293991480045803
2026-04-09,VTSI,0.077892773827024,1.5544465149055768
2026-04-09,VTVT,-0.0081125826011299,-0.0211416135095392
2026-04-09,WATT,-0.0676219001183778,-1.1113315517209723
2026-04-09,WAY,-0.005355326258591,0.0293703608688317
2026-04-09,WDC,-0.0003330288196001,0.1213770980172785
2026-04-09,WEN,-0.0234142700543674,-0.3014631899473922
2026-04-09,WERN,0.0216794296936674,0.5246376593487981
2026-04-09,WEST,0.0083022804945188,0.2795729523869323
2026-04-09,WGS,0.0033321430240422,0.1885217676666438
2026-04-09,WINA,-0.0220410654606746,-0.2763065608074982
2026-04-09,WIX,-0.0188682874779901,-0.2181823749285563
2026-04-09,WLDN,-0.0684803426897721,-1.127057920177393
2026-04-09,WLFC,0.0068396331541205,0.2527777633278115
2026-04-09,WSC,-0.0019234684463803,0.0922407988495731
2026-04-09,WVE,0.0128067321437545,0.3620929353078156
2026-04-09,WYFI,0.05922141227919,1.2123936845020555
2026-04-09,XEL,-0.0059118508347092,0.019175024767462
2026-04-09,XENE,-0.0087624083933333,-0.0330461953432182
2026-04-09,XLO,-0.0101986826483184,-0.0593582386773225
2026-04-09,XMTR,-0.0118165940150998,-0.0889978105388508
2026-04-09,XNDU,0.1712157535173463,3.2640909488685685
2026-04-09,XOS,-0.0415438113693373,-0.6335900626886247
2026-04-09,ZD,-0.0090552194312436,-0.0384103914161186
2026-04-09,ZSQR,-0.036547854242251,-0.5420658708659485
2026-04-09,ZVRA,-0.023923010134286,-0.310783130747105
2026-04-10,AAL,-0.0156282247895463,-0.616766547081938
2026-04-10,AAON,0.0061386734951318,-0.2394402960752867
2026-04-10,ABSI,0.0120384091152,-0.1371691734589002
2026-04-10,ACHV,0.0236485458995095,0.0640909844746519
2026-04-10,ACIC,0.0137789136982281,-0.106997760858687
2026-04-10,ADAM,0.0170795690864335,-0.0497813441139513
2026-04-10,ADEA,-0.0011733053771742,-0.3661924653206946
2026-04-10,ADTN,-0.0072457944242531,-0.4714582453342889
2026-04-10,ADTX,-0.0990485011312092,-2.062845805516984
2026-04-10,ADUR,0.0543334259468478,0.5960092485941166
2026-04-10,ADV,0.0952710551343126,1.3056575385978253
2026-04-10,AEI,-0.0020827862868025,-0.3819581944339564
2026-04-10,AEIS,-0.0006523700855019,-0.3571621221797926
2026-04-10,AEYE,0.0303178871035106,0.1797031162665905
2026-04-10,AFBI,0.0332563151807949,0.230640371347845
2026-04-10,AGEN,0.0293250369038961,0.1624921917364996
2026-04-10,AGH,0.018659424323089,-0.0223947663028132
2026-04-10,AGPU,-0.1227020777077081,-2.4728773706845164
2026-04-10,AIOT,0.0228798648034815,0.0507660011724575
2026-04-10,AIRO,-0.0256777446727286,-0.790973621160433
2026-04-10,AKAM,0.0114206015432033,-0.1478787845360616
2026-04-10,AKAN,0.1014507408531076,1.412781558482349
2026-04-10,AKBA,0.044127184979572,0.4190854356242421
2026-04-10,AKTS,0.0015953675386811,-0.3181978931064832
2026-04-10,ALAB,0.1177942855049386,1.696094704479639
2026-04-10,ALDX,-0.0020395406831684,-0.3812085377176726
2026-04-10,ALGT,-0.010450066087597,-0.5270038631859354
2026-04-10,ALHC,0.0224231289991353,0.0428485475003468
2026-04-10,ALKS,0.0127667449561057,-0.1245435697220476
2026-04-10,AMD,0.007377467443069,-0.2179659697826009
2026-04-10,AMPH,0.0539694146194537,0.589699161245279
2026-04-10,AMRX,0.0311072620756433,0.1933868251247772
2026-04-10,AMSC,-0.0013766938313556,-0.3697181767891184
2026-04-10,ANAB,-0.0181912498375731,-0.6611962411963647
2026-04-10,ANNA,0.0108994064007089,-0.1569136321559784
2026-04-10,APLD,0.0264591648366064,0.1128126853193515
2026-04-10,APLS,0.0243045845854767,0.0754633267649439
2026-04-10,APPF,0.0218638578935689,0.0331536581872362
2026-04-10,ARAI,0.062025437840495,0.7293492390957254
2026-04-10,ARCB,0.0059351488299468,-0.2429683687431183
2026-04-10,ARHS,0.0132665857364861,-0.1158788970941637
2026-04-10,ARTV,0.0523991379849956,0.5624786272135429
2026-04-10,ARWR,-0.0205851245786396,-0.7026937375145224
2026-04-10,ASBP,0.0586621084888775,0.671046377633843
2026-04-10,ASO,0.0125204156997512,-0.1288136542144678
2026-04-10,ASPI,0.119426562374851,1.7243900042450842
2026-04-10,ASRT,-0.002781273056054,-0.3940663685326488
2026-04-10,ASST,0.0862214196785521,1.148783326441352
2026-04-10,ASTI,0.0927110292202413,1.2612798340667053
2026-04-10,ASYS,0.1331095698624096,1.9615830967221428
2026-04-10,ATEX,-0.008202982034553,-0.4880509636803254
2026-04-10,ATII,0.0257415615285256,0.1003731285939584
2026-04-10,ATOM,0.0784805360229591,1.0145961505266488
2026-04-10,AUUD,0.0332266412436317,0.2301259776425052
2026-04-10,AVAH,0.0182212275335053,-0.0299908486501623
2026-04-10,AVAV,0.0679128093874499,0.8314060321694263
2026-04-10,AVNW,0.015640088803979,-0.0747345409945049
2026-04-10,AVR,0.0872414364106911,1.1664651791549736
2026-04-10,AVTX,-0.0420271221832919,-1.0743878789784944
2026-04-10,AXGN,0.042811277289159,0.3962743529885561
2026-04-10,AXIN,0.0247839638263762,0.0837733013609285
2026-04-10,AXTI,0.0186865713966259,-0.0219241754382123
2026-04-10,BAND,0.0401803265580134,0.3506671763029765
2026-04-10,BCAR,0.0318561859508937,0.2063693196649638
2026-04-10,BDTX,0.0668386556374056,0.8127857215395813
2026-04-10,BEAM,0.1020951535884327,1.4239523664836116
2026-04-10,BELFA,-0.0039992779316904,-0.4151803190561005
2026-04-10,BELFB,0.0094460656588253,-0.1821070982345224
2026-04-10,BGDE,0.1604713388598018,2.4358956782240906
2026-04-10,BHAV,,
2026-04-10,BIOA,-0.0276354129099822,-0.8249095364671006
2026-04-10,BJRI,-0.0109096154225573,-0.5349700890324198
2026-04-10,BKNG,0.0198676576060284,-0.0014502050230882
2026-04-10,BKR,-0.0061999661459212,-0.4533289529427551
2026-04-10,BL,0.0123618782269631,-0.1315618799593061
2026-04-10,BLMN,-0.0194098699849504,-0.682320857372603
2026-04-10,BLNK,0.0620509085408476,0.7297907702568874
2026-04-10,BNZI,0.240493288708021,3.823065404455813
2026-04-10,BRCB,-0.0733241653980071,-1.6169179091810129
2026-04-10,BTBT,0.0345794581571203,0.2535768766906425
2026-04-10,BWEN,-0.0076019923654299,-0.4776328886850671
2026-04-10,BYND,0.0911467931493337,1.2341640123907982
2026-04-10,BZAI,-0.1242670475015467,-2.5000059113486417
2026-04-10,CABA,0.0215289475740142,0.0273480328910508
2026-04-10,CAEP,0.0301961665991999,0.1775931077131653
2026-04-10,CAR,0.2161533403073793,3.4011356761318567
2026-04-10,CBRL,-0.0296450268320998,-0.8597459232267692
2026-04-10,CCRN,0.0286610654008822,0.1509823351308005
2026-04-10,CDNA,0.0416847891748341,0.3767468332003583
2026-04-10,CDNL,-0.0168824644868337,-0.6385086233599494
2026-04-10,CDW,0.0527897032731093,0.5692490238961518
2026-04-10,CELC,0.0066193779823089,-0.2311073485135159
2026-04-10,CELH,-0.0520339925799321,-1.247855629950231
2026-04-10,CENX,0.0081320397683183,-0.2048855601222091
2026-04-10,CEPS,0.0182588858815598,-0.0293380462570665
2026-04-10,CEVA,0.0160293428913121,-0.0679868738008831
2026-04-10,CGCT,0.0271990025425507,0.1256376723380032
2026-04-10,CGEM,-0.0224779763724968,-0.7355060685019886
2026-04-10,CGNT,0.0693484438933701,0.8562925630315635
2026-04-10,CGON,-0.0025413226979345,-0.3899068613822588
2026-04-10,CHMG,0.0245108738411313,0.0790393232363348
2026-04-10,CHRN,0.0578652350733446,0.6572326842689259
2026-04-10,CHRW,0.0039022879649537,-0.2782077381274978
2026-04-10,CHTR,0.0263714870680121,0.1112928030059573
2026-04-10,CLBT,0.0464145105170471,0.4587359158442368
2026-04-10,CLFD,0.0136912065842712,-0.108518151869991
2026-04-10,CLMT,-0.0240846525227705,-0.7633575832394512
2026-04-10,CLNN,0.0432306696817921,0.4035444636466452
2026-04-10,CLPT,0.1314801863714527,1.9333379532913184
2026-04-10,CMPX,-0.0052388596955976,-0.4366683020325529
2026-04-10,COAG,,
2026-04-10,COCO,-0.0513903581442729,-1.2366983136688834
2026-04-10,COLA,0.022204609419594,0.039060540011108
2026-04-10,COLB,0.0128215568375009,-0.1235934131380917
2026-04-10,COLL,0.0087474158034421,-0.1942180994093505
2026-04-10,COLM,0.0101608846142553,-0.1697158078874389
2026-04-10,COYA,0.0509748726385985,0.5377891792009617
2026-04-10,CPSH,0.040483523197462,0.3559230492245434
2026-04-10,CRAC,0.0222861517271049,0.0404740649327171
2026-04-10,CRDO,0.1147733435965167,1.6437270832455155
2026-04-10,CRMD,0.0172811004518936,-0.0462878250284661
2026-04-10,CRML,-0.0127025204926441,-0.5660498570204416
2026-04-10,CRWD,0.0425106162312493,0.3910624340315686
2026-04-10,CSCO,0.0050123032803327,-0.25896577209108
2026-04-10,CSGS,0.0166687728564298,-0.0569024414502711
2026-04-10,CTSH,0.0378393354287778,0.3100864102755051
2026-04-10,CUE,0.0090611670670028,-0.1887792634999044
2026-04-10,CVGI,0.0641753693953568,0.7666180131262417
2026-04-10,CVRX,0.0632350749216926,0.7503181350292445
2026-04-10,CVV,0.058332210373281,0.6653276382184162
2026-04-10,CXDO,0.0309729488943247,0.191058524210935
2026-04-10,DARE,-0.021956246853729,-0.7264619575413224
2026-04-10,DASH,0.0342442947289298,0.2477668637903348
2026-04-10,DAVE,0.0434424153334574,0.4072150460082139
2026-04-10,DCBO,0.0300195506849154,0.1745314946191229
2026-04-10,DDOG,0.0169376800387,-0.0522409716520583
2026-04-10,DFDV,-0.0102026354381736,-0.5227146861929602
2026-04-10,DGXX,0.042477301433749,0.3904849265025005
2026-04-10,DIBS,0.0284294742563048,0.1469677338216541
2026-04-10,DJCO,-0.0657250840061227,-1.485188856415031
2026-04-10,DOMH,0.0306453445500484,0.1853795470125046
2026-04-10,DOMO,0.0747118460741504,0.949266417691384
2026-04-10,DOO,0.0103710931176228,-0.1660718717846444
2026-04-10,DOX,0.0304886078788678,0.182662537921067
2026-04-10,DPRO,-0.0122336038423377,-0.5579212500236768
2026-04-10,DRTS,0.0498176426206405,0.5177287526524627
2026-04-10,DSGN,0.0206348886072667,0.0118496410811715
2026-04-10,EIKN,0.0724132032490328,0.9094197538138992
2026-04-10,ENGN,0.0261888933689435,0.1081275658175475
2026-04-10,ENPH,-0.0106934747488123,-0.5312233195548567
2026-04-10,ERII,0.0394527728378243,0.3380551305234394
2026-04-10,ERNA,-0.0218349507796523,-0.7243593064288575
2026-04-10,ESOA,0.0367847431577614,0.2918051952507941
2026-04-10,ESPR,0.0023688453125415,-0.3047897600399012
2026-04-10,EYE,-0.0404938857689957,-1.0478094321760612
2026-04-10,EZGO,0.0022181449102168,-0.3074021312234617
2026-04-10,FA,0.0596018744797984,0.6873370945536417
2026-04-10,FABC,0.0789724320710058,1.02312310228923
2026-04-10,FACT,0.0170032559984044,-0.0511042212199206
2026-04-10,FCEL,0.019286386339596,-0.0115264641626474
2026-04-10,FDMT,0.0232553922631281,0.0572757191233264
2026-04-10,FEIM,0.059779326480222,0.6904132010883328
2026-04-10,FENC,0.0029631162111764,-0.294488154026421
2026-04-10,FFAI,0.0732672336828051,0.9242242563942092
2026-04-10,FGMC,0.0306869181527751,0.1861002198181815
2026-04-10,FLNC,-0.0319959045553946,-0.900498072031096
2026-04-10,FLWS,-0.0186300436545971,-0.6688026729340051
2026-04-10,FLXS,0.0477693078533117,0.4822211452545445
2026-04-10,FLYW,0.0241210736216506,0.072282188915467
2026-04-10,FMAO,0.0015147562981609,-0.31959527810717
2026-04-10,FNKO,-0.0274462155368977,-0.8216298254787635
2026-04-10,FOSL,0.0042408778776059,-0.272338327580399
2026-04-10,FOXF,-0.01479893820268,-0.6023909757561597
2026-04-10,FRMI,0.0185162448557551,-0.0248767630909488
2026-04-10,FROG,0.0310495805774706,0.1923869241203585
2026-04-10,FSEA,0.0419067280505673,0.3805941137286993
2026-04-10,FTRE,0.0071475514934924,-0.2219515318119621
2026-04-10,FWRD,0.0032603275589814,-0.2893360353296192
2026-04-10,FWRG,-0.0373387065980798,-0.993114826070698
2026-04-10,GALT,-0.0015636809926865,-0.3729595740542963
2026-04-10,GDRX,-0.0201743284490618,-0.6955726419190728
2026-04-10,GELS,-0.0020779321559356,-0.381874048728954
2026-04-10,GFS,0.0054720520718239,-0.25099608869249
2026-04-10,GH,0.0255657528823416,0.0973255093837443
2026-04-10,GLSI,0.0517125573751613,0.5505768447852672
2026-04-10,GLUE,-0.0061729414256318,-0.452860483055225
2026-04-10,GMM,0.0229074703586971,0.0512445397552265
2026-04-10,GPRE,0.0197516283117361,-0.003461557217125
2026-04-10,GPRO,0.2033460751665111,3.179123459322188
2026-04-10,GRAL,0.028353469704781,0.1456502051544628
2026-04-10,GRPN,0.0060960886047742,-0.2401784994158832
2026-04-10,GSHD,0.0200918778871048,0.002436623359703
2026-04-10,GSIT,0.0767291406959292,0.984235948345526
2026-04-10,GTX,0.0029704067252235,-0.2943617739470301
2026-04-10,GV,-0.1654218384735915,-3.213418671648752
2026-04-10,HCKT,0.0344757701479946,0.251779459013301
2026-04-10,HCSG,-0.0076973154185944,-0.4792853009771009
2026-04-10,HELE,0.0030245808512807,-0.29342267276599
2026-04-10,HLMN,0.0352233636541231,0.2647388917838829
2026-04-10,HOOD,0.0195658491778795,-0.0066820134886887
2026-04-10,HOVR,-0.0217046980944345,-0.7221013936682049
2026-04-10,HPK,-0.0055835060651443,-0.4426427004444582
2026-04-10,HROW,0.0306215052925356,0.184966296693306
2026-04-10,HTCO,0.0456768579866557,0.4459488085495743
2026-04-10,HUHU,-0.0297362737387133,-0.8613276760671664
2026-04-10,HUT,0.0477581334746186,0.4820274389044509
2026-04-10,HYMC,0.0157359955465841,-0.0730720105246063
2026-04-10,IEAG,,
2026-04-10,IKT,0.0042356339864186,-0.2724292297280778
2026-04-10,IMDX,-0.0691176611248127,-1.5439987239811097
2026-04-10,IMSR,0.0238752119163457,0.0680202093575387
2026-04-10,IMUX,0.0234452531440553,0.06056693193078
2026-04-10,IMVT,0.0129141831617857,-0.1219877482780923
2026-04-10,IMXI,0.028211959593097,0.1431971464217524
2026-04-10,INDI,0.0069766199991103,-0.2249146062523649
2026-04-10,INDV,0.0232535764641101,0.0572442424918334
2026-04-10,INOD,0.0780434427620692,1.0070191977006258
2026-04-10,INSM,-0.0353321220869132,-0.9583309537419776
2026-04-10,INTC,0.0405118399949336,0.356413917096058
2026-04-10,IPCX,0.0292831040926026,0.1617652920986821
2026-04-10,IPSC,0.0043032993999107,-0.2712562588958601
2026-04-10,IPST,0.0370720865994959,0.296786255124508
2026-04-10,IPWR,0.020006802590425,0.0009618545465425
2026-04-10,IREN,0.0693636031422636,0.8565553465700475
2026-04-10,IRHO,0.0218376859471758,0.0326999710203774
2026-04-10,IRWD,-0.0025146871257114,-0.389445137324062
2026-04-10,ISSC,-0.0222174007822442,-0.7309890257296111
2026-04-10,JACK,-0.0227316594275257,-0.7399036301042929
2026-04-10,JBHT,0.0101615998678985,-0.169703409061838
2026-04-10,JBIO,0.0327584302485503,0.2220096030840538
2026-04-10,JBLU,-0.0018682716838961,-0.3782396126754425
2026-04-10,KALU,0.0103532369719516,-0.1663814056656525
2026-04-10,KALV,-0.001436974314418,-0.370763130846667
2026-04-10,KEEL,0.0917041385103407,1.2438255191812602
2026-04-10,KMTS,0.0263900740135964,0.1116150052050613
2026-04-10,KOPN,0.0417827906430919,0.3784456754574054
2026-04-10,KROS,-0.0145422454061925,-0.5979412406909111
2026-04-10,KXIN,-0.0411304977873766,-1.058845015799409
2026-04-10,LASR,0.0502538471075088,0.5252902987004887
2026-04-10,LBRDA,0.0437180951485274,0.4119939184841241
2026-04-10,LBRDK,0.0385864147164511,0.323036929138402
2026-04-10,LBRX,0.0324821399850136,0.2172201485661676
2026-04-10,LBTYB,0.0211414809717905,0.0206313515111282
2026-04-10,LE,0.0222911554215976,0.0405608033030367
2026-04-10,LFUS,0.0166363137053307,-0.0574651164641797
2026-04-10,LGIH,-0.0177881186391416,-0.6542080161503079
2026-04-10,LGN,0.0437213503076226,0.4120503462287556
2026-04-10,LGND,0.0324681047006709,0.2169768488018381
2026-04-10,LIEN,0.0522059332156971,0.5591294485514043
2026-04-10,LIFE,0.0317821736253199,0.2050863259663747
2026-04-10,LINC,-0.0172156524536007,-0.6442843919024609
2026-04-10,LIND,0.0096823694130384,-0.1780108044718603
2026-04-10,LINK,-0.0013598744133997,-0.3694266144434671
2026-04-10,LITE,-0.0528715669264613,-1.262374868473878
2026-04-10,LLYVA,0.0334944557758845,0.2347685064997833
2026-04-10,LMB,0.0314151939825274,0.1987247832697689
2026-04-10,LMRI,0.020685828233239,0.0127326726387439
2026-04-10,LOVE,0.037832426137592,0.3099666386430866
2026-04-10,LQDA,0.0032318702001071,-0.2898293398141228
2026-04-10,LRMR,0.0021927002982305,-0.3078432101463081
2026-04-10,LWAY,0.037043282496365,0.2962869398750024
2026-04-10,LWLG,0.0666022840846144,0.8086882524976972
2026-04-10,LXRX,-0.0076338914598671,-0.4781858551921495
2026-04-10,MASI,0.0294422770256702,0.1645245334619048
2026-04-10,MBBC,0.0447072300047263,0.4291404380363489
2026-04-10,MBX,0.0463247983966196,0.4571807683157256
2026-04-10,MCW,0.0306580324594855,0.1855994902142589
2026-04-10,MDAI,0.0668797781754228,0.8134985751992521
2026-04-10,MDB,0.0249965183487605,0.087457905387503
2026-04-10,MELI,0.0241643448182281,0.0730322892819789
2026-04-10,MGNX,-0.0290111157002147,-0.8487571591071711
2026-04-10,MKSI,0.0152023751050463,-0.0823222490304612
2026-04-10,MLTX,0.0131900524299961,-0.1172055916575028
2026-04-10,MMED,0.0236226881546273,0.0636427439486808
2026-04-10,MNPR,-0.0281459809387276,-0.8337601645010433
2026-04-10,MNTS,0.3888393760967104,6.394624855591768
2026-04-10,MOVE,0.2095452295393387,3.286584965703051
2026-04-10,MPLT,-0.0295550280487931,-0.8581858064358444
2026-04-10,MRAM,0.0780188923425748,1.006593619484229
2026-04-10,MRLN,0.0710154145539174,0.8851892749863931
2026-04-10,MRVI,-0.0090871298597527,-0.5033775471859374
2026-04-10,MSFT,0.0311849924535138,0.1947342707593195
2026-04-10,MSTR,0.0141605040209553,-0.1003829439926379
2026-04-10,MTCH,0.0540267560110479,0.5906931665479528
2026-04-10,MTSI,0.0241975551074309,0.0736079851737794
2026-04-10,MU,-0.0013754841180842,-0.3696972065724387
2026-04-10,MWH,0.0314596477755439,0.1994953837863232
2026-04-10,MXL,0.0362881681066485,0.2831971336000545
2026-04-10,MYRG,0.006965655419098,-0.2251046757705745
2026-04-10,NAMS,0.0371353705741817,0.2978832743049489
2026-04-10,NAUT,-0.0170752538199638,-0.6418506004920446
2026-04-10,NB,0.0438709587598364,0.4146437886041653
2026-04-10,NEGG,0.0668746163351386,0.8134090953929312
2026-04-10,NEO,0.0259699648360307,0.1043324691766769
2026-04-10,NERV,-0.0022179552639894,-0.3843013304539489
2026-04-10,NESR,0.0025040597185098,-0.302445836518101
2026-04-10,NEXT,-0.0111416832082242,-0.5389929528506767
2026-04-10,NKLR,0.0278959784318425,0.1377196555360247
2026-04-10,NKSH,0.0150836235677002,-0.0843807909413062
2026-04-10,NKTR,0.0294185734812304,0.1641136357105548
2026-04-10,NNBR,0.0298790436825292,0.1720958246510271
2026-04-10,NNE,0.0256503126293874,0.0987913412134144
2026-04-10,NRXP,0.0222398367874285,0.0396712016894036
2026-04-10,NSIT,0.0627163513171486,0.741326131186922
2026-04-10,NSTS,0.0519142414513811,0.5540730110912109
2026-04-10,NUAI,0.0353907405472598,0.2676403476902979
2026-04-10,NUCL,0.0072546045024716,-0.2200957823152357
2026-04-10,NVAX,-0.0158467574183537,-0.6205547807784487
2026-04-10,NVMI,0.0226903447795514,0.0474806970751531
2026-04-10,NVTS,0.0044120054907227,-0.269371853448137
2026-04-10,NXT,-0.0570713212746795,-1.3351770446331488
2026-04-10,ODD,-0.0122777323051648,-0.5586862109851993
2026-04-10,ODFL,0.0030166452873765,-0.293560234697803
2026-04-10,OLPX,0.0057227680300623,-0.2466499613135506
2026-04-10,OMEX,0.0964281243044158,1.3257151768704198
2026-04-10,ON,0.0349595777532038,0.2601661987083464
2026-04-10,ONDS,0.0030476605145369,-0.2930225899109563
2026-04-10,ONEW,-0.013745630870383,-0.5841320349711423
2026-04-10,OPEN,-0.0240829859520646,-0.7633286934606557
2026-04-10,OPRT,0.0399895165552943,0.3473595105970515
2026-04-10,OPRX,-0.0478374803701639,-1.17510965582446
2026-04-10,OPTX,0.2228327694524924,3.5169226810247003
2026-04-10,ORBS,0.1182329940497471,1.7036996580349053
2026-04-10,ORMP,0.0841175759444112,1.1123134785776356
2026-04-10,OTLK,0.0086670161705073,-0.1956118162210353
2026-04-10,PAHC,0.0281085409042722,0.1414043973755659
2026-04-10,PALI,0.0677508824094268,0.8285990498077144
2026-04-10,PANW,0.0229010352810563,0.0511329885507608
2026-04-10,PCT,0.0377812637888292,0.3090797462159295
2026-04-10,PENG,0.0639799379196042,0.7632302348075292
2026-04-10,PEPG,0.0145286820862073,-0.0940006268040569
2026-04-10,PFIS,0.014357007491158,-0.0969765827944708
2026-04-10,PHOE,0.2102545572066513,3.298881065309983
2026-04-10,PHVS,0.0455176589730106,0.4431891150830538
2026-04-10,PICS,0.05735645334034,0.648413021431138
2026-04-10,PLAB,0.0187331328884525,-0.0211170382465721
2026-04-10,PLSE,0.0096891075820876,-0.1778939992186403
2026-04-10,PMTR,0.0290599632490474,0.1578971756199832
2026-04-10,PNRG,-0.0127753428044921,-0.567312221991319
2026-04-10,PNTG,0.0258473363085637,0.1022067201640965
2026-04-10,POET,0.0384437024746365,0.3205630316417345
2026-04-10,POLE,0.0305969917650955,0.1845413579957042
2026-04-10,POWI,-0.0173550636124735,-0.6467010655707995
2026-04-10,POWL,-0.0104079454172629,-0.5262737070369435
2026-04-10,PPTA,0.0071058528762451,-0.222674371727522
2026-04-10,PRAA,0.0403538280545407,0.3536748013845326
2026-04-10,PRE,0.0072551001243215,-0.2200871907771986
2026-04-10,PRTA,-0.0139496335704407,-0.5876683943091283
2026-04-10,PRTH,0.0333103717129955,0.2315774340552144
2026-04-10,PSIG,0.0056415562032314,-0.2480577573970683
2026-04-10,PTEN,0.044221471806194,0.4207198850686826
2026-04-10,PTON,0.0131353426045771,-0.1181539791148511
2026-04-10,PURR,0.0733167689411146,0.9250829434274336
2026-04-10,PYXS,0.0035685463844557,-0.2839931034894977
2026-04-10,QCOM,0.0236096195728053,0.063416201842388
2026-04-10,QDEL,0.1423806010281881,2.1222951737024185
2026-04-10,QMCO,0.0522374863395751,0.5596764177054254
2026-04-10,QNTM,-0.0338482818190863,-0.9326087824877513
2026-04-10,QSEA,0.0343973799716155,0.2504205758604513
2026-04-10,QTI,-0.0107251989064618,-0.531773253556278
2026-04-10,QTRX,-0.0068505540309686,-0.4646068063330145
2026-04-10,QURE,0.133012767109935,1.959905034041799
2026-04-10,RBCAA,0.0045707321489955,-0.2666203481983938
2026-04-10,RDVT,0.0185296079833433,-0.024645115073458
2026-04-10,RDZN,0.0627222548381738,0.7414284679290278
2026-04-10,RFIL,0.034363563524401,0.2498343723011309
2026-04-10,RGNX,0.0186263447132524,-0.0229681968853975
2026-04-10,RGTI,0.0002304080368057,-0.3418592822893913
2026-04-10,RILY,0.0631809509183839,0.7493799027193006
2026-04-10,RIOT,0.033620241444434,0.2369489841279428
2026-04-10,RKLB,0.0152622249882036,-0.0812847593642922
2026-04-10,RLAY,0.0079615234608321,-0.2078414373536733
2026-04-10,RMBS,0.0228228409692052,0.0497775006831313
2026-04-10,ROOT,0.0254394365396887,0.0951358325914552
2026-04-10,RVMD,0.4161730843464871,6.868451007811981
2026-04-10,RXT,-0.0891675685772849,-1.891561170092091
2026-04-10,RZLT,-0.0273223072316088,-0.8194818916899527
2026-04-10,SABR,0.0541629845611314,0.5930546701214449
2026-04-10,SAIA,-0.0091996284889714,-0.5053276957763031
2026-04-10,SAIL,0.0484701416940603,0.4943700055216223
2026-04-10,SANM,0.0443561953646332,0.4230552998146571
2026-04-10,SATL,0.0124473581452593,-0.1300800970849044
2026-04-10,SCVL,-0.0043925745045778,-0.4219980621925138
2026-04-10,SCZM,0.0622655330575024,0.7335112573554321
2026-04-10,SEAT,0.0663347459884596,0.804050515622957
2026-04-10,SEIC,0.0306503441209261,0.1854662139005128
2026-04-10,SEPN,-0.0097386378018832,-0.5146713496418523
2026-04-10,SERV,0.0108264482664452,-0.1581783515901451
2026-04-10,SEZL,-0.0074459354294427,-0.4749276627116859
2026-04-10,SFIX,0.0423441894940433,0.3881774489502799
2026-04-10,SGHT,0.0601227638439319,0.6963666415468421
2026-04-10,SGML,0.1706843534066943,2.612936910284605
2026-04-10,SHMD,0.0499018138446625,0.5191878494878258
2026-04-10,SHOO,-0.0051151790792824,-0.4345243152014442
2026-04-10,SIBN,0.0803420719632523,1.04686562540904
2026-04-10,SITM,0.0609640501988943,0.7109502272368836
2026-04-10,SKIN,0.0247414668688423,0.0830366223239906
2026-04-10,SLNO,0.0110695732808626,-0.1539638122002756
2026-04-10,SMTC,0.064401144554116,0.7705317951043099
2026-04-10,SMX,-0.0282312715018399,-0.8352386649288263
2026-04-10,SNDK,0.1044065180431802,1.464019558097853
2026-04-10,SNEX,0.0741394099728432,0.9393433149496784
2026-04-10,SOBR,-0.0297160636613834,-0.8609773370977961
2026-04-10,SOLS,-0.0030200150118372,-0.3982049281912426
2026-04-10,SPPL,0.0036764087378883,-0.2821233241156435
2026-04-10,SPT,0.0347235365627676,0.2560744564534039
2026-04-10,SRRK,-0.0066875398391723,-0.4617809772669288
2026-04-10,STEX,0.0163598535185914,-0.0622575165779043
2026-04-10,STFS,-0.0041302648854173,-0.4174509602624944
2026-04-10,STKE,0.0342685572671104,0.2481874516229175
2026-04-10,STOK,0.003782013918169,-0.2802926725344651
2026-04-10,STRO,-0.0008261100288523,-0.3601738807049221
2026-04-10,STRZ,0.0796000297219649,1.0340024230670388
2026-04-10,STTK,-0.036063166431883,-0.9710035090321014
2026-04-10,STX,0.0092878393557066,-0.1848499298950375
2026-04-10,SUNS,-0.0037328831714737,-0.4105624017559062
2026-04-10,SWIM,0.0033027114223143,-0.2886013167654286
2026-04-10,SWMR,0.1374767679191798,2.0372878870240565
2026-04-10,SYNA,-0.0013407590467581,-0.3690952521364836
2026-04-10,TACT,0.0019892362728067,-0.3113702316320429
2026-04-10,TBLA,0.0255463213456013,0.0969886663106698
2026-04-10,TCMD,0.0324393757939559,0.2164788370720763
2026-04-10,TENB,0.0678145841707836,0.8297033112638442
2026-04-10,TH,0.0120366729661702,-0.1371992693685727
2026-04-10,TIGO,0.0073792692561606,-0.2179347355952595
2026-04-10,TILE,0.0160864305136879,-0.066997267553442
2026-04-10,TLS,0.0137279147137602,-0.1078818213877873
2026-04-10,TMCI,0.1224523641383562,1.7768418704127305
2026-04-10,TNDM,0.0379970220451213,0.3128198865384363
2026-04-10,TNGX,0.0659756171399012,0.7978250653873459
2026-04-10,TORO,0.014995601247422,-0.085906646011748
2026-04-10,TOYO,0.0390948936050994,0.3318513422100487
2026-04-10,TPG,0.020410942108884,0.0079675586845132
2026-04-10,TRDA,0.0209640983922597,0.017556448378267
2026-04-10,TRUP,0.0283461062182886,0.1455225601075571
2026-04-10,TSEM,0.0124914348374867,-0.1293160335597556
2026-04-10,TSHA,-0.031320172488993,-0.8887843476425481
2026-04-10,TSLA,0.0017317461062333,-0.3158337890003725
2026-04-10,TTMI,0.0171014136793908,-0.0494026710362556
2026-04-10,TVGN,-0.0500874929096902,-1.214113320248943
2026-04-10,TZOO,0.0303344634390032,0.1799904648104681
2026-04-10,UAL,-0.0192515556324907,-0.6795764993886184
2026-04-10,UFPT,0.0119175196918594,-0.1392647753356078
2026-04-10,ULCC,-0.0253796923045052,-0.7858069234879138
2026-04-10,UNB,0.0212024151988406,0.0216876381326819
2026-04-10,URBN,-0.0139842738900886,-0.5882688795861506
2026-04-10,URGN,-0.0613723249767473,-1.4097343647088938
2026-04-10,USAR,0.0082654883799092,-0.202572246408188
2026-04-10,VC,0.0023602293072284,-0.3049391173319203
2026-04-10,VECO,0.007056241181644,-0.2235343837735688
2026-04-10,VHCP,,
2026-04-10,VIAV,-0.0146834484244498,-0.6003889760004173
2026-04-10,VICR,-0.0075983147494214,-0.4775691377067237
2026-04-10,VNCE,-0.0190585531497502,-0.6762308273367237
2026-04-10,VRAX,0.5619907935664711,9.39618136382159
2026-04-10,VREX,0.0310197871641607,0.1918704593121028
2026-04-10,VSAT,-0.0051518926287623,-0.4351607396384599
2026-04-10,VSEC,-0.011780523720128,-0.5500671671091909
2026-04-10,VTGN,0.0220777521965963,0.0368614871308668
2026-04-10,VTSI,0.0620676463851607,0.7300809185344245
2026-04-10,VTVT,0.005451140042941,-0.2513585958975189
2026-04-10,WATT,-0.0642044889911326,-1.458829546567495
2026-04-10,WAY,0.0182936581477854,-0.028735273703885
2026-04-10,WDC,0.0060623119190411,-0.240764013715275
2026-04-10,WEN,-0.0349350523444449,-0.951447803218911
2026-04-10,WERN,-0.0115198330539298,-0.5455481295107919
2026-04-10,WEST,-0.0197048356552152,-0.6874340475516119
2026-04-10,WGS,-0.0011929870624659,-0.3665336446852264
2026-04-10,WINA,-0.0497519806748688,-1.208297260832653
2026-04-10,WIX,-0.0288562066816968,-0.8460718321285636
2026-04-10,WLDN,-0.0180867324129944,-0.6593844457138226
2026-04-10,WLFC,0.031525635392566,0.2006392702426374
2026-04-10,WSC,0.0257779587713795,0.1010040698982012
2026-04-10,WVE,-0.0173505834352628,-0.6466234023020764
2026-04-10,WYFI,0.0407815084208902,0.3610885829510776
2026-04-10,XEL,-0.0136948046517987,-0.5832509693153716
2026-04-10,XENE,0.0238950720382046,0.0683644818959389
2026-04-10,XLO,-0.0087053898094706,-0.496760134812884
2026-04-10,XMTR,0.0453633229280574,0.4405137205240423
2026-04-10,XNDU,0.2863663950075995,4.618269525671076
2026-04-10,XOS,-0.0298263473553272,-0.8628890900833956
2026-04-10,ZD,0.0243346779627832,0.0759849914086927
2026-04-10,ZSQR,0.0019857643981464,-0.3114304161118164
2026-04-10,ZVRA,0.0274847674103845,0.1305913678456919
2026-04-13,AAL,0.0689772758372991,1.0953911605879143
2026-04-13,AAON,-0.0004276826345788,-0.2335353916106945
2026-04-13,ABSI,0.026150282730648,0.2753643275869807
2026-04-13,ACHV,0.0050441664606113,-0.1287635465966428
2026-04-13,ACIC,0.0175554295556139,0.1107949819950611
2026-04-13,ADAM,0.0094194498901953,-0.0449881154028529
2026-04-13,ADEA,0.0222019648455952,0.1997641890739195
2026-04-13,ADTN,0.0324903315213778,0.3967599650996727
2026-04-13,ADTX,-0.1237859869026871,-2.595529830992256
2026-04-13,ADUR,-0.007911840133745,-0.3768377700064421
2026-04-13,ADV,-0.0329357454766372,-0.855981234422584
2026-04-13,AEI,-0.045989470525702,-1.1059265150588562
2026-04-13,AEIS,0.0140558703478442,0.0437874186365927
2026-04-13,AEYE,0.0437200298757121,0.6117798231160514
2026-04-13,AFBI,0.0070354541246144,-0.0906355063524945
2026-04-13,AGEN,0.137314119805833,2.4038660655910644
2026-04-13,AGH,0.0277072913696306,0.3051770407980256
2026-04-13,AGPU,0.0709337711621517,1.1328530169695814
2026-04-13,AIOT,0.0312214434189982,0.3724640195628071
2026-04-13,AIRO,0.0151046903641595,0.0638696260011216
2026-04-13,AKAM,-0.0587687979763824,-1.3506177870135958
2026-04-13,AKAN,-0.0064539348337537,-0.3489226309960998
2026-04-13,AKBA,0.0565100851740495,0.8566765057779401
2026-04-13,AKTS,0.0075634451591796,-0.0805258352194034
2026-04-13,ALAB,0.0255851339048002,0.2645431802633737
2026-04-13,ALDX,0.0081632061282675,-0.0690419543218138
2026-04-13,ALGT,0.0428170989797092,0.5944910174036331
2026-04-13,ALHC,0.0191876669096231,0.1420481317266058
2026-04-13,ALKS,0.0075923791367617,-0.0799718239222837
2026-04-13,AMD,0.0335472325935538,0.4169969039119185
2026-04-13,AMPH,0.0040698697365294,-0.1474188244739041
2026-04-13,AMRX,0.0174919277318134,0.1095790852980586
2026-04-13,AMSC,0.0398227353274196,0.5371566503485989
2026-04-13,ANAB,0.020596341115104,0.1690206218235401
2026-04-13,ANNA,-0.108823945869682,-2.30904520450981
2026-04-13,APLD,0.120508271675807,2.08207727262956
2026-04-13,APLS,0.0378854107178597,0.5000618638872676
2026-04-13,APPF,0.001342296408172,-0.1996448425989861
2026-04-13,ARAI,0.8341665323381902,15.746798535655689
2026-04-13,ARCB,0.0246462380465214,0.2465657379698021
2026-04-13,ARHS,0.0013989475342183,-0.1985601191545449
2026-04-13,ARTV,0.0430813911024689,0.5995515322026534
2026-04-13,ARWR,0.0334403218766908,0.4149498384935106
2026-04-13,ASBP,0.0892668733338753,1.483884799087069
2026-04-13,ASO,0.0271336564916142,0.2941934073884317
2026-04-13,ASPI,-0.0135376059211677,-0.4845567240403362
2026-04-13,ASRT,0.0301187934451719,0.3513511068795928
2026-04-13,ASST,0.0550464758893282,0.8286521501218714
2026-04-13,ASTI,-0.0416585356561539,-1.0230002447936355
2026-04-13,ASYS,-0.0412595307186827,-1.015360325866538
2026-04-13,ATEX,0.0639934375711396,0.9999634685384134
2026-04-13,ATII,0.0069111407796223,-0.0930157873668474
2026-04-13,ATOM,-0.0551385518251443,-1.2811079046130196
2026-04-13,AUUD,0.1425449896145421,2.5040237766961595
2026-04-13,AVAH,0.0312723318255291,0.3734384017413575
2026-04-13,AVAV,-0.0102597908535371,-0.4217949909815092
2026-04-13,AVNW,0.0066159058493727,-0.0986687773921093
2026-04-13,AVR,-0.0051956730783628,-0.3248301526894893
2026-04-13,AVTX,0.0262272701513191,0.2768384387998945
2026-04-13,AXGN,0.0209663828682219,0.1761059702189262
2026-04-13,AXIN,0.0001027382530252,-0.2233791950377436
2026-04-13,AXTI,-0.0082016440154327,-0.382386769412027
2026-04-13,BAND,0.0690904113810216,1.0975574154400265
2026-04-13,BCAR,0.0041107275879509,-0.1466365016425775
2026-04-13,BDTX,-0.0116205330139167,-0.4478497056220682
2026-04-13,BEAM,0.0068457067915652,-0.0942686800428178
2026-04-13,BELFA,0.0055283566541852,-0.1194925489803089
2026-04-13,BELFB,-0.0110938161278108,-0.4377644311568273
2026-04-13,BGDE,0.2846462543118178,5.224897730301778
2026-04-13,BHAV,,
2026-04-13,BIOA,-0.0039121552655251,-0.3002540858024087
2026-04-13,BJRI,0.0423639354606377,0.5858141008512545
2026-04-13,BKNG,0.0200436081038531,0.1584372054351319
2026-04-13,BKR,-0.0138802774710371,-0.491118003397474
2026-04-13,BL,-0.009970548742311,-0.4162567480362574
2026-04-13,BLMN,0.0888895954206149,1.4766608968252006
2026-04-13,BLNK,0.0624208132210485,0.969851754599172
2026-04-13,BNZI,0.0059230135819668,-0.1119358832623891
2026-04-13,BRCB,0.0496910878646116,0.7261102352490889
2026-04-13,BTBT,0.0418172896639923,0.5753472389756122
2026-04-13,BWEN,0.0435399064076694,0.6083309217028617
2026-04-13,BYND,0.0882696522753506,1.4647905791312694
2026-04-13,BZAI,-0.0647108561379443,-1.4643929269959586
2026-04-13,CABA,0.0144605235634285,0.0515354875708947
2026-04-13,CAEP,0.0029446289339493,-0.1689642934589739
2026-04-13,CAR,0.1015295443632732,1.7186834286179338
2026-04-13,CBRL,-0.0035604905549628,-0.2935206105345458
2026-04-13,CCRN,0.0127163309237268,0.0181386818947114
2026-04-13,CDNA,0.0501871755239812,0.7356090387534737
2026-04-13,CDNL,0.1389362381460352,2.4349254622187058
2026-04-13,CDW,-0.0098093280969712,-0.4131697870889143
2026-04-13,CELC,-0.0280311653199019,-0.7620711314389058
2026-04-13,CELH,0.0190019875224166,0.1384928487426872
2026-04-13,CENX,-0.0601982630161145,-1.3779883681444716
2026-04-13,CEPS,-0.0018833844956057,-0.2614083404287145
2026-04-13,CEVA,0.0259014046894389,0.2705989528284055
2026-04-13,CGCT,0.0040674150129488,-0.1474658261207074
2026-04-13,CGEM,0.0038463035178387,-0.1516995428942326
2026-04-13,CGNT,0.0981344817671071,1.6536767067675109
2026-04-13,CGON,-0.0180534575755848,-0.571023675414949
2026-04-13,CHMG,0.001468671902845,-0.1972250767189128
2026-04-13,CHRN,0.0338598222388741,0.4229821921212154
2026-04-13,CHRW,0.0210405216368306,0.1775255370671829
2026-04-13,CHTR,-0.0467684121824226,-1.120841245548162
2026-04-13,CLBT,0.0093108328314077,-0.0470678528830356
2026-04-13,CLFD,-0.0051991920897864,-0.3248975327127782
2026-04-13,CLMT,-0.0148988685037407,-0.5106214034281741
2026-04-13,CLNN,0.0174008555016593,0.1078352861879606
2026-04-13,CLPT,0.0341613381838232,0.4287554474328866
2026-04-13,CMPX,0.0329602467986983,0.4057576347628287
2026-04-13,COAG,,
2026-04-13,COCO,0.0261710753387027,0.2757624525847013
2026-04-13,COLA,0.0055048693430428,-0.1199422706155379
2026-04-13,COLB,-0.0014221873498391,-0.2525776005752252
2026-04-13,COLL,-0.0065318494538328,-0.3504144956943478
2026-04-13,COLM,0.0088991770492099,-0.0549500029681835
2026-04-13,COYA,-0.0015854859741437,-0.2557043494783865
2026-04-13,CPSH,0.0213909234755272,0.1842348315849786
2026-04-13,CRAC,-0.0003045703863077,-0.2311781085111776
2026-04-13,CRDO,0.1855020313566011,3.326540706780587
2026-04-13,CRMD,0.001476262519968,-0.1970797359123688
2026-04-13,CRML,-0.0570406291494557,-1.3175277961635123
2026-04-13,CRWD,-0.0117029796229772,-0.4494283462600218
2026-04-13,CSCO,0.0038237706812358,-0.1521309887954655
2026-04-13,CSGS,0.0024197095662551,-0.1790151500670757
2026-04-13,CTSH,-0.0076861370289261,-0.3725161357095346
2026-04-13,CUE,-0.0434038489114187,-1.0564185073773582
2026-04-13,CVGI,-0.0140610383868191,-0.4945791102963383
2026-04-13,CVRX,-0.0013080267963948,-0.250391719421687
2026-04-13,CVV,-0.0093570429927261,-0.404509689922532
2026-04-13,CXDO,0.0114629091565036,-0.0058611230794758
2026-04-13,DARE,-0.0092614844474388,-0.4026799894095171
2026-04-13,DASH,0.0182863191235088,0.1247896384992366
2026-04-13,DAVE,0.0863213498528741,1.4274855957705934
2026-04-13,DCBO,0.0185930895817466,0.1306635042338815
2026-04-13,DDOG,0.0031477620616481,-0.1650748162087369
2026-04-13,DFDV,-0.0156809608548009,-0.5255964616153574
2026-04-13,DGXX,0.0772573189039304,1.253932701810114
2026-04-13,DIBS,0.0340844559651092,0.4272833505670358
2026-04-13,DJCO,0.0276810535393051,0.3046746537905368
2026-04-13,DOMH,0.0204050325370808,0.1653575543050808
2026-04-13,DOMO,0.0040349182731873,-0.1480880551556314
2026-04-13,DOO,0.0219925941802257,0.1957552790106163
2026-04-13,DOX,-0.0014070309269407,-0.2522873940356713
2026-04-13,DPRO,0.0487923713919185,0.7089021249100548
2026-04-13,DRTS,0.0166651639784513,0.0937486845827633
2026-04-13,DSGN,0.0150285188577398,0.0624111374488498
2026-04-13,EIKN,0.0715647299065954,1.1449342550726618
2026-04-13,ENGN,0.0159003282422889,0.079104046213469
2026-04-13,ENPH,0.0231913860371344,0.2187090616261762
2026-04-13,ERII,-0.0046904993815273,-0.3151573749229109
2026-04-13,ERNA,0.0251208537819062,0.2556534093225587
2026-04-13,ESOA,0.0191530296550651,0.1413849173354328
2026-04-13,ESPR,-0.0848341843160153,-1.849702935434055
2026-04-13,EYE,0.0146701776903472,0.0555498251942388
2026-04-13,EZGO,-0.0211294894095455,-0.6299217782243458
2026-04-13,FA,0.0279051653723708,0.3089658193236672
2026-04-13,FABC,0.0395521827138302,0.5319762632425208
2026-04-13,FACT,0.0062372177259113,-0.1059196815544397
2026-04-13,FCEL,0.0630497348502544,0.9818939871817672
2026-04-13,FDMT,-0.0348888101200395,-0.893377402072901
2026-04-13,FEIM,-0.0306692503364658,-0.8125836784190997
2026-04-13,FENC,0.053728734191614,0.8034207838104686
2026-04-13,FFAI,-0.0898243423364321,-1.9452516345329207
2026-04-13,FGMC,0.005596233293806,-0.1181928858056296
2026-04-13,FLNC,0.0673937773911162,1.065071235659924
2026-04-13,FLWS,0.0319475078181156,0.386366286487788
2026-04-13,FLXS,-0.066925095978102,-1.506789928324242
2026-04-13,FLYW,0.0343985304067892,0.4332970688100152
2026-04-13,FMAO,0.0019982992831729,-0.1870840737706241
2026-04-13,FNKO,0.0308382926039335,0.3651276663274346
2026-04-13,FOSL,0.0284193826038105,0.3188117575318894
2026-04-13,FOXF,0.0253873154150696,0.2607554646691731
2026-04-13,FRMI,0.016424864355393,0.0891475644813103
2026-04-13,FROG,-0.02317832243016,-0.6691516641296748
2026-04-13,FSEA,0.0141889222093905,0.0463350197809678
2026-04-13,FTRE,0.0088055777990111,-0.0567421880165382
2026-04-13,FWRD,-0.0162815237820835,-0.5370956979509763
2026-04-13,FWRG,0.03837677008364,0.5094701327232973
2026-04-13,GALT,0.0320340810993447,0.3880239422903322
2026-04-13,GDRX,0.0376317887557315,0.4952056552371399
2026-04-13,GELS,-0.0194263186618075,-0.5973104363342109
2026-04-13,GFS,-0.0151463214462297,-0.5153594912094184
2026-04-13,GH,0.0398982745952158,0.5386030331563741
2026-04-13,GLSI,-0.0782757950029548,-1.724126638153895
2026-04-13,GLUE,-0.022368271083634,-0.6536412630467484
2026-04-13,GMM,0.0376463066945057,0.4954836364469114
2026-04-13,GPRE,-0.0194139722831886,-0.5970740349195085
2026-04-13,GPRO,-0.0480615321627431,-1.1456011692605694
2026-04-13,GRAL,0.0400873613503022,0.5422235584766971
2026-04-13,GRPN,0.0385007712588144,0.5118444364880603
2026-04-13,GSHD,-0.0356112698113443,-0.9072106481090212
2026-04-13,GSIT,0.0007166683619302,-0.2116240115338356
2026-04-13,GTX,-0.008189111898566,-0.3821468115873105
2026-04-13,GV,0.0262279240439472,0.2768509591629181
2026-04-13,HCKT,0.0327964451371275,0.4026212539890567
2026-04-13,HCSG,-0.0087981696126587,-0.3938087012548487
2026-04-13,HELE,0.0248463043144741,0.250396492739137
2026-04-13,HLMN,-0.0212049811768587,-0.6313672515199685
2026-04-13,HOOD,0.0908437319607884,1.5140775885434203
2026-04-13,HOVR,-0.0201087696778506,-0.6103776190796922
2026-04-13,HPK,-0.0590511419556557,-1.356023948463311
2026-04-13,HROW,0.0176516114450111,0.1126366179455015
2026-04-13,HTCO,0.0284328442894197,0.3190695142086069
2026-04-13,HUHU,0.0134148663638171,0.0315138400163587
2026-04-13,HUT,0.0129990716672903,0.0235524403607172
2026-04-13,HYMC,0.0200972072319646,0.1594634909641538
2026-04-13,IEAG,0.0026186894200463,-0.1752051973363524
2026-04-13,IKT,0.0011081333591841,-0.2041284630807975
2026-04-13,IMDX,0.1929652627476882,3.4694424039963034
2026-04-13,IMSR,0.059190848418684,0.9080062311230886
2026-04-13,IMUX,-0.042803745308502,-1.0449280659226725
2026-04-13,IMVT,0.0463738104770297,0.6625929001994356
2026-04-13,IMXI,0.006062062229624,-0.1092734590784768
2026-04-13,INDI,-0.0105626451523923,-0.4275938723303005
2026-04-13,INDV,0.0324792321876146,0.3965474413884808
2026-04-13,INOD,0.050906823385408,0.7493884454751195
2026-04-13,INSM,0.0090634661131589,-0.0518042896917142
2026-04-13,INTC,-0.0164230128083307,-0.5398048491119964
2026-04-13,IPCX,0.0041231714150508,-0.1463982343399494
2026-04-13,IPSC,0.0254593270696877,0.262134302752168
2026-04-13,IPST,0.0532698141832657,0.7946336452852532
2026-04-13,IPWR,-0.0052190535848983,-0.3252778292910318
2026-04-13,IREN,0.0681880799319652,1.08028008759578
2026-04-13,IRHO,-0.0016924225014097,-0.257751909099668
2026-04-13,IRWD,0.0933009000264076,1.5611260409524654
2026-04-13,ISSC,-0.0300726936669378,-0.8011611516215635
2026-04-13,JACK,0.0270686292579888,0.2929483030142862
2026-04-13,JBHT,0.0116560160510315,-0.0021636224224489
2026-04-13,JBIO,0.0598218795843499,0.9200888559064166
2026-04-13,JBLU,0.1619457245528244,2.8754979819879507
2026-04-13,KALU,-0.0050977498136076,-0.3229551738770767
2026-04-13,KALV,0.0394824142903082,0.5306403772688839
2026-04-13,KEEL,0.1989610504072382,3.5842463257557178
2026-04-13,KMTS,0.0469742919545682,0.6740905769818176
2026-04-13,KOPN,-0.0309924363776571,-0.818771860371735
2026-04-13,KROS,0.0382547501023443,0.5071337637287344
2026-04-13,KXIN,0.0934149855229693,1.5633104849596315
2026-04-13,LASR,-0.0681089869475643,-1.52945839724731
2026-04-13,LBRDA,-0.0596251716363148,-1.367015141328689
2026-04-13,LBRDK,-0.0602121506882298,-1.3782542813677996
2026-04-13,LBRX,0.0461257087066898,0.6578423890326309
2026-04-13,LBTYB,0.0497422915869037,0.7270906549139599
2026-04-13,LE,-0.0002429248919043,-0.2299977557505137
2026-04-13,LFUS,-6.108036115464485e-05,-0.2265159004104043
2026-04-13,LGIH,0.0186189470994817,0.1311586092328416
2026-04-13,LGN,0.0130235497942001,0.0240211335710395
2026-04-13,LGND,0.0838033409596737,1.3792721979021665
2026-04-13,LIEN,0.0274335974927121,0.2999365065736808
2026-04-13,LIFE,0.02042848158089,0.1658065432192416
2026-04-13,LINC,0.0028967987651919,-0.1698801182452331
2026-04-13,LIND,0.0348780596476534,0.4424788211627412
2026-04-13,LINK,-0.0098697021798256,-0.4143257955865255
2026-04-13,LITE,-0.0285856770082912,-0.7726886049224985
2026-04-13,LLYVA,0.0067273444419356,-0.096535014792764
2026-04-13,LMB,0.025249350384864,0.2581137889740648
2026-04-13,LMRI,0.0281749059957576,0.3141306589045546
2026-04-13,LOVE,0.040056780038107,0.54163800495614
2026-04-13,LQDA,-0.0076513282767197,-0.371849637579222
2026-04-13,LRMR,-0.0009010913755938,-0.2425999521237967
2026-04-13,LWAY,0.0221550988730528,0.1988668261667502
2026-04-13,LWLG,0.0837877126500957,1.3789729559456636
2026-04-13,LXRX,0.0162852356142938,0.0864740329990899
2026-04-13,MASI,0.0059817383571988,-0.1108114547662715
2026-04-13,MBBC,-0.0096958388844853,-0.4109967603890755
2026-04-13,MBX,-0.0259041283888611,-0.7213438416687891
2026-04-13,MCW,0.0057380209714349,-0.1154780162383203
2026-04-13,MDAI,0.0775656148513254,1.2598357767409138
2026-04-13,MDB,-0.018821421833195,-0.5857282169282361
2026-04-13,MELI,-0.0078360928452456,-0.3753874041369108
2026-04-13,MGNX,0.0082750092403053,-0.066901212111505
2026-04-13,MKSI,-0.0034820331776094,-0.2920183534296292
2026-04-13,MLTX,0.0027828243957685,-0.1720624344533508
2026-04-13,MMED,0.0545107571850437,0.8183945139773086
2026-04-13,MNPR,0.0192964358415416,0.1441307771868624
2026-04-13,MNTS,0.0016581231543398,-0.1935975722292906
2026-04-13,MOVE,0.1989280387283682,3.5836142369604937
2026-04-13,MPLT,0.0384908317449336,0.5116541203463479
2026-04-13,MRAM,0.0453532480270409,0.6430517525951683
2026-04-13,MRLN,-0.0717158522992204,-1.5985205974352557
2026-04-13,MRVI,0.0634485372393821,0.98953002782873
2026-04-13,MSFT,0.0234117907230366,0.2229292448201927
2026-04-13,MSTR,0.0309009625901903,0.3663276354736788
2026-04-13,MTCH,0.012571275766924,0.0153612485001409
2026-04-13,MTSI,0.0001618146725588,-0.2222480334571357
2026-04-13,MU,0.0744688270996595,1.2005402514596792
2026-04-13,MWH,0.031521997177254,0.3782188514725633
2026-04-13,MXL,0.0156323633174034,0.0739732066945237
2026-04-13,MYRG,0.0108744677408482,-0.0171282636252718
2026-04-13,NAMS,-0.0536173809370129,-1.251981392211338
2026-04-13,NAUT,0.0277600263554262,0.3061867802229416
2026-04-13,NB,-0.0428910338111597,-1.0465994163771282
2026-04-13,NEGG,0.0617880056011113,0.957735115282848
2026-04-13,NEO,0.0411143972254789,0.5618886555336441
2026-04-13,NERV,-0.0076409656327117,-0.3716512195832108
2026-04-13,NESR,-0.0125316059533287,-0.4652944105369885
2026-04-13,NEXT,-0.0033691049044588,-0.2898560672761885
2026-04-13,NKLR,0.0884360921949199,1.4679774757641837
2026-04-13,NKSH,0.0089744860602733,-0.0535080289849769
2026-04-13,NKTR,-0.0031098364395318,-0.2848917426115644
2026-04-13,NNBR,-0.0036467942244515,-0.2951731039652875
2026-04-13,NNE,0.0592483995129571,0.9091081866457418
2026-04-13,NRXP,0.1018527328261404,1.7248716569394378
2026-04-13,NSIT,-0.0006338570588185,-0.2374831018721642
2026-04-13,NSTS,0.0064754417413922,-0.1013583040028318
2026-04-13,NUAI,-0.0513499010233185,-1.208564980326207
2026-04-13,NUCL,-0.00114325481714,-0.2472367595584264
2026-04-13,NVAX,0.0400371452303605,0.5412620488582464
2026-04-13,NVMI,0.0092233377467638,-0.0487431588515163
2026-04-13,NVTS,-0.0193354826406946,-0.5955711600200863
2026-04-13,NXT,0.021695307793515,0.1900630088673078
2026-04-13,ODD,0.0073580007387162,-0.0844595677850021
2026-04-13,ODFL,0.0184121316776627,0.1271986255153846
2026-04-13,OLPX,0.0264304965020527,0.2807297010316213
2026-04-13,OMEX,0.162639727500923,2.888786354538537
2026-04-13,ON,0.019249260153501,0.1432274840240143
2026-04-13,ONDS,-0.0379871392648166,-0.9527024410701278
2026-04-13,ONEW,0.0305528598265178,0.3596623623329197
2026-04-13,OPEN,0.0192883411182026,0.1439757840420692
2026-04-13,OPRT,0.0400591369170258,0.5416831331291778
2026-04-13,OPRX,0.012969069127174,0.0229779688377611
2026-04-13,OPTX,-0.0308920491384976,-0.8168497027830227
2026-04-13,ORBS,-0.080388512704898,-1.7645797514937716
2026-04-13,ORMP,0.0048100780997845,-0.1332457369921534
2026-04-13,OTLK,-0.0304621808531303,-0.8086188300766559
2026-04-13,PAHC,-0.0100644253641019,-0.4180542440376307
2026-04-13,PALI,0.0282035740441415,0.3146795783410877
2026-04-13,PANW,-0.0061462066669656,-0.3430304276044671
2026-04-13,PCT,0.0760593639895785,1.2309949444931922
2026-04-13,PENG,0.0657166586068802,1.0329587219053722
2026-04-13,PEPG,-0.009836349517474,-0.4136871778341141
2026-04-13,PFIS,0.0142305081685351,0.0471312840036221
2026-04-13,PHOE,0.038986572989803,0.5211462909034976
2026-04-13,PHVS,0.0296615472449695,0.3425960174779179
2026-04-13,PICS,0.0364944905953436,0.473429318842982
2026-04-13,PLAB,0.003191382216972,-0.1642396023580653
2026-04-13,PLSE,0.0757530747052435,1.2251302920019504
2026-04-13,PMTR,0.0055720005238925,-0.1186568810601527
2026-04-13,PNRG,-0.0758771334352332,-1.678198434791088
2026-04-13,PNTG,-0.0192713520876353,-0.5943432247738998
2026-04-13,POET,-0.0780784601040938,-1.7203481820817978
2026-04-13,POLE,0.008663558132702,-0.0594614995707568
2026-04-13,POWI,0.0180180928650208,0.1196537951135515
2026-04-13,POWL,0.0229950665967788,0.2149500489742632
2026-04-13,PPTA,0.032739829100544,0.4015372024176319
2026-04-13,PRAA,0.0190388741976468,0.1391991337576927
2026-04-13,PRE,-0.0229473157717642,-0.664728480414333
2026-04-13,PRTA,0.0326287296343434,0.3994099332164141
2026-04-13,PRTH,0.0232666229744073,0.2201496555815578
2026-04-13,PSIG,0.0268506232008146,0.2887740473948361
2026-04-13,PTEN,-0.0563865066508421,-1.305003031709539
2026-04-13,PTON,0.0043351392207129,-0.1423395957158847
2026-04-13,PURR,-0.0334770240258577,-0.8663453273063236
2026-04-13,PYXS,-0.0165497056857231,-0.5422306920553274
2026-04-13,QCOM,0.0073514437481529,-0.0845851172998197
2026-04-13,QDEL,0.0540506055271333,0.8095837925288804
2026-04-13,QMCO,0.0806102598100328,1.3181329015678578
2026-04-13,QNTM,-0.077521354323799,-1.7096810384062175
2026-04-13,QSEA,0.0043266243991228,-0.142502632662343
2026-04-13,QTI,0.0065223688794937,-0.100459769932431
2026-04-13,QTRX,-0.0088850055141831,-0.3954713855609948
2026-04-13,QURE,-0.0515020730372018,-1.2114786832402855
2026-04-13,RBCAA,0.0105782127513938,-0.0228007851622871
2026-04-13,RDVT,0.004520743076483,-0.1387857589648218
2026-04-13,RDZN,0.0417321565725274,0.573717159105104
2026-04-13,RFIL,0.0098367911772325,-0.0369971025143829
2026-04-13,RGNX,0.0242244424816625,0.2384894371105818
2026-04-13,RGTI,0.0938419128241886,1.5714850453792415
2026-04-13,RILY,0.0193970827109637,0.1460579060277342
2026-04-13,RIOT,0.0363131419747427,0.4699569589075076
2026-04-13,RKLB,0.0058830468190724,-0.1127011440389282
2026-04-13,RLAY,-0.037353254648069,-0.9405651800332612
2026-04-13,RMBS,0.0738984289480727,1.1896185930413414
2026-04-13,ROOT,0.01405583861644,0.0437868110617668
2026-04-13,RVMD,0.0792195130698087,1.2915036763487928
2026-04-13,RXT,0.0329596142969376,0.4057455239799305
2026-04-13,RZLT,-0.0145689637747755,-0.5043045758747752
2026-04-13,SABR,-0.0294385366230709,-0.7890186743056231
2026-04-13,SAIA,0.0282251234534581,0.3150921941376478
2026-04-13,SAIL,-0.0120752827202374,-0.4565569935830416
2026-04-13,SANM,0.0037646870023168,-0.1532622893746429
2026-04-13,SATL,0.0189265033317255,0.1370475205199014
2026-04-13,SCVL,0.0122664305961372,0.0095242470713118
2026-04-13,SCZM,0.0425866022942323,0.590077598358824
2026-04-13,SEAT,0.0219360370287096,0.1946723549368705
2026-04-13,SEIC,0.0152682585100972,0.0670015355507618
2026-04-13,SEPN,0.0191474765909426,0.1412785904314045
2026-04-13,SERV,0.041404729084714,0.5674477643521156
2026-04-13,SEZL,0.1022115591542607,1.7317422587748983
2026-04-13,SFIX,0.0181921526956879,0.1229865934573248
2026-04-13,SGHT,0.0188339602201855,0.1352755578121025
2026-04-13,SGML,0.0343872672109288,0.4330814075608606
2026-04-13,SHMD,-0.0533585582023563,-1.2470256021356587
2026-04-13,SHOO,0.0133884021257645,0.0310071178828653
2026-04-13,SIBN,0.0241118540802918,0.2363336586281005
2026-04-13,SITM,-0.0029633279411405,-0.2820864814613271
2026-04-13,SKIN,0.056462661030441,0.8557684553296114
2026-04-13,SLNO,0.0282543596426375,0.3156519920100328
2026-04-13,SMTC,-0.022784297766852,-0.6616071046512151
2026-04-13,SMX,-0.1304123992132973,-2.722408593825227
2026-04-13,SNDK,-0.0111200734092804,-0.4382671906037274
2026-04-13,SNEX,0.0469997236503766,0.674577528585441
2026-04-13,SOBR,0.1300178896223174,2.264162012230732
2026-04-13,SOLS,-0.0171338746981306,-0.5534160270609597
2026-04-13,SPPL,-0.021760564842526,-0.6420052506129619
2026-04-13,SPT,-0.016175355986676,-0.5350628575687932
2026-04-13,SRRK,-0.0008020028073142,-0.2407026607442565
2026-04-13,STEX,-0.0852541419917611,-1.8577440454409764
2026-04-13,STFS,-5.651344104509086e-05,-0.2264284556293831
2026-04-13,STKE,0.0748563151725593,1.2079596520338542
2026-04-13,STOK,0.0066246350219172,-0.0985016361758539
2026-04-13,STRO,0.0984650413418991,1.6600060729352402
2026-04-13,STRZ,0.0740388517874844,1.1923073294650512
2026-04-13,STTK,-0.0234054127440463,-0.6734998599144606
2026-04-13,STX,0.0265001423378892,0.2820632397661877
2026-04-13,SUNS,0.0145920562507148,0.0540540004331662
2026-04-13,SWIM,0.0215206456051816,0.1867186769225604
2026-04-13,SWMR,-0.0173584049302522,-0.5577152038605334
2026-04-13,SYNA,0.0326719294123057,0.4002370979211725
2026-04-13,TACT,0.0294941467241454,0.3393907278001606
2026-04-13,TBLA,0.0085471294776035,-0.0616908090409123
2026-04-13,TCMD,0.0279924160157822,0.3106364448708727
2026-04-13,TENB,0.0284470001684501,0.3193405629049441
2026-04-13,TH,0.0221429570299589,0.1986343410816011
2026-04-13,TIGO,-0.0289563214523829,-0.7797854933008409
2026-04-13,TILE,0.0006336555500975,-0.213213493499477
2026-04-13,TLS,0.0190836219840184,0.1400559388443986
2026-04-13,TMCI,0.0615567401428283,0.9533069762148996
2026-04-13,TNDM,0.0456861050344195,0.6494251086914773
2026-04-13,TNGX,0.1069301648113251,1.8220914281295375
2026-04-13,TORO,-0.0037588122681913,-0.297317961565216
2026-04-13,TOYO,0.0450923556972153,0.63805633509181
2026-04-13,TPG,0.0656150744141133,1.031013645731797
2026-04-13,TRDA,0.0131107872030481,0.0256915057103745
2026-04-13,TRUP,0.0263758891680518,0.2796841109513687
2026-04-13,TSEM,0.0157913395071902,0.0770171920873068
2026-04-13,TSHA,0.0510347971605461,0.751838814317787
2026-04-13,TSLA,0.0275183065446752,0.3015584671777048
2026-04-13,TTMI,-0.0381046708711236,-0.9549528692208376
2026-04-13,TVGN,0.0442929647518581,0.6227500532891534
2026-04-13,TZOO,0.0556887756830415,0.8409505401667733
2026-04-13,UAL,0.0124019898539932,0.0121198584098625
2026-04-13,UFPT,-0.0414242025042582,-1.0185133672783837
2026-04-13,ULCC,0.0443673563159715,0.6241744605215258
2026-04-13,UNB,-0.0096969987912256,-0.4110189696216616
2026-04-13,URBN,-0.0257516116052602,-0.7184235373008335
2026-04-13,URGN,0.0408008636212821,0.5558852929382674
2026-04-13,USAR,-0.0062342782724186,-0.3447167724645202
2026-04-13,VC,0.004785042516887,-0.1337251040517241
2026-04-13,VECO,0.0174253471219674,0.1083042377621762
2026-04-13,VHCP,-0.0009580805332734,-0.2436911480051186
2026-04-13,VIAV,-0.0170628024212771,-0.5520551756475253
2026-04-13,VICR,0.0050939304331897,-0.1278106944379729
2026-04-13,VNCE,0.1346374270793468,2.352614280205359
2026-04-13,VRAX,-0.0801570005246705,-1.7601468883347755
2026-04-13,VREX,0.0253645171182735,0.2603189358875951
2026-04-13,VSAT,-0.0100322671600945,-0.4174384970922055
2026-04-13,VSEC,0.0320373525373408,0.3880865819188633
2026-04-13,VTGN,0.0337507145698433,0.4208930607159671
2026-04-13,VTSI,0.0620343825810281,0.9624526011465508
2026-04-13,VTVT,0.0281363512637414,0.3133924348897678
2026-04-13,WATT,-0.0057221289499347,-0.3349104293973299
2026-04-13,WAY,0.0123353268130777,0.0108434325308829
2026-04-13,WDC,0.0255329086468128,0.2635432008157539
2026-04-13,WEN,0.013596401361782,0.0349897685992799
2026-04-13,WERN,0.0039303851468975,-0.1500895958260608
2026-04-13,WEST,0.0353033586596908,0.4506222040299664
2026-04-13,WGS,0.0909140215954983,1.515423454371554
2026-04-13,WINA,-0.0094747461484365,-0.4067634028033564
2026-04-13,WIX,-0.0126347581883917,-0.4672695106899454
2026-04-13,WLDN,0.0230266361113823,0.215554524030805
2026-04-13,WLFC,0.0230389192257879,0.2157897140984415
2026-04-13,WSC,-0.0090111555461878,-0.3978868344105132
2026-04-13,WVE,0.0240993570747019,0.2360943730940831
2026-04-13,WYFI,0.0511219473703555,0.7535075168196754
2026-04-13,XEL,-0.0032564709284461,-0.2876994161564625
2026-04-13,XENE,0.0174977540993611,0.1096906452601646
2026-04-13,XLO,0.0221590452121355,0.1989423884162849
2026-04-13,XMTR,0.0177303782414714,0.1141447996309664
2026-04-13,XNDU,0.2895379294024721,5.318560734441936
2026-04-13,XOS,0.0237280517316965,0.2289848302003567
2026-04-13,ZD,0.0337213213583215,0.4203302562693452
2026-04-13,ZSQR,0.0209222902968878,0.1752617108159839
2026-04-13,ZVRA,0.0104115874242916,-0.0259912318728717
2026-04-14,AAL,-0.0034096076464763,-0.2671574000058933
2026-04-14,AAON,-0.0164233194470382,-0.4870240458800273
2026-04-14,ABSI,0.0024222377551956,-0.1686283786649753
2026-04-14,ACHV,-0.0197696381210787,-0.5435600960218074
2026-04-14,ACIC,0.0167359043321835,0.0732010016588721
2026-04-14,ADAM,0.0139976181456275,0.0269376596924741
2026-04-14,ADEA,-0.005631835953453,-0.3047019446914776
2026-04-14,ADTN,0.0466306416948372,0.5782725549516836
2026-04-14,ADTX,0.0462999319280625,0.5726852138231201
2026-04-14,ADUR,-0.0217562943508692,-0.5771246507347946
2026-04-14,ADV,0.03089318153745,0.3123881837277004
2026-04-14,AEI,-0.0107458022089881,-0.3911023986856614
2026-04-14,AEIS,-0.0218121977257015,-0.5780691381881653
2026-04-14,AEYE,0.053253005335944,0.6901573810368977
2026-04-14,AFBI,0.0319742495797031,0.3306528270557964
2026-04-14,AGEN,0.0406087714158495,0.4765330635274942
2026-04-14,AGH,-0.1100890730934122,-2.06950684579972
2026-04-14,AGPU,0.0676923083771056,0.9341093892781824
2026-04-14,AIOT,0.0263585113069324,0.2357749354086354
2026-04-14,AIRO,0.0082133189394513,-0.0707880687303323
2026-04-14,AKAM,0.0122965722011996,-0.0018015095784336
2026-04-14,AKAN,0.0424979704568268,0.5084510791477846
2026-04-14,AKBA,-0.0095731489796024,-0.3712904237264975
2026-04-14,AKTS,0.0208218975068507,0.1422338516363757
2026-04-14,ALAB,0.00170120901678,-0.1808101583696285
2026-04-14,ALDX,0.0425643793248309,0.5095730568961881
2026-04-14,ALGT,-0.0283942185755587,-0.6892723728617062
2026-04-14,ALHC,0.0085060479694739,-0.0658424121054263
2026-04-14,ALKS,-0.0098979221259921,-0.3767774656604995
2026-04-14,AMD,0.0245010537070315,0.2043931913987531
2026-04-14,AMPH,0.0244872830199867,0.2041605356569991
2026-04-14,AMRX,0.0022883826190375,-0.1708898610361185
2026-04-14,AMSC,-0.0466846545910523,-0.9982892682664742
2026-04-14,ANAB,-0.0272654390919302,-0.6702016447865524
2026-04-14,ANNA,0.0312683564801843,0.3187267639528637
2026-04-14,APLD,-0.0110983745514274,-0.3970591080048865
2026-04-14,APLS,0.0992249843174765,1.4668539129540488
2026-04-14,APPF,0.0240066009230765,0.1960394121836158
2026-04-14,ARAI,-0.3712518999408536,-6.481852504436077
2026-04-14,ARCB,-0.0023911602383784,-0.2499507322196874
2026-04-14,ARHS,0.0216860013948702,0.1568328858287146
2026-04-14,ARTV,0.204067293749196,3.238164609987842
2026-04-14,ARWR,0.0545876769164504,0.7127066558515442
2026-04-14,ASBP,-0.449428358143015,-7.802643675674899
2026-04-14,ASO,0.0187266162635646,0.106834077445556
2026-04-14,ASPI,0.035839218296073,0.3959514690650668
2026-04-14,ASRT,0.0257574759763476,0.2256204441910095
2026-04-14,ASST,0.0416029038422204,0.4933289297254401
2026-04-14,ASTI,0.5710255335437088,9.437923648451552
2026-04-14,ASYS,0.0110761286125103,-0.0224209026029617
2026-04-14,ATEX,-0.0047787647563982,-0.2902893078002739
2026-04-14,ATII,0.0196181326931969,0.1218962464968547
2026-04-14,ATOM,0.0307047490072299,0.3092046163467732
2026-04-14,AUUD,-0.0103784182511728,-0.3848954471417273
2026-04-14,AVAH,0.0066997516574992,-0.0963597862147521
2026-04-14,AVAV,0.0025586666778988,-0.1663234121731183
2026-04-14,AVNW,0.0102493568279055,-0.0363892109511272
2026-04-14,AVR,0.0269705563613287,0.2461154358973712
2026-04-14,AVTX,-0.0592598998872944,-1.2107480230553915
2026-04-14,AXGN,0.0134950809988242,0.018447295176331
2026-04-14,AXIN,0.0096758957480319,-0.0460778352347642
2026-04-14,AXTI,-0.0577690769527123,-1.1855605712935773
2026-04-14,BAND,0.0787476191488453,1.1208888520271296
2026-04-14,BCAR,0.0172722410309629,0.0822624095667014
2026-04-14,BDTX,0.0657986114858346,0.9021153824823618
2026-04-14,BEAM,-0.0028849823180911,-0.2582938556873776
2026-04-14,BELFA,-0.0170862373545459,-0.498224043163455
2026-04-14,BELFB,-0.0008976035378822,-0.2247170934859051
2026-04-14,BGDE,0.0222499254373013,0.1663603818757504
2026-04-14,BHAV,,
2026-04-14,BIOA,-0.0052636631972774,-0.2984816664001561
2026-04-14,BJRI,-0.0010097160302111,-0.2266112339146087
2026-04-14,BKNG,0.0252281623889537,0.2166776917419445
2026-04-14,BKR,-0.015465484736861,-0.4708414295553449
2026-04-14,BL,0.0295271920165327,0.2893097923459016
2026-04-14,BLMN,0.0143549446452602,0.0329746904920034
2026-04-14,BLNK,0.0154736296355763,0.0518748721142752
2026-04-14,BNZI,0.0496552347041515,0.6293730503586579
2026-04-14,BRCB,-0.0074479094097409,-0.3353845036427086
2026-04-14,BTBT,-0.0191815333687574,-0.5336240669090435
2026-04-14,BWEN,0.0245480992875122,0.2051880264267607
2026-04-14,BYND,0.0252452899173207,0.2169670613139687
2026-04-14,BZAI,-0.0484278716141648,-1.0277409178631622
2026-04-14,CABA,0.0424686756559517,0.5079561435207579
2026-04-14,CAEP,0.0208624910497719,0.1429196794972514
2026-04-14,CAR,-0.0191074006067147,-0.532371593979759
2026-04-14,CBRL,0.041139729226945,0.4855035951341026
2026-04-14,CCRN,0.0381499617463284,0.4349914769943448
2026-04-14,CDNA,-0.0024314810953399,-0.2506319530515891
2026-04-14,CDNL,0.0514515704139501,0.6597221401056969
2026-04-14,CDW,0.0003746256644943,-0.2032227825778071
2026-04-14,CELC,0.0179595610209649,0.0938746800057509
2026-04-14,CELH,0.0027806531553528,-0.1625729508923405
2026-04-14,CENX,0.011982513808619,-0.0071075257591783
2026-04-14,CEPS,0.0117996343492218,-0.010197274014952
2026-04-14,CEVA,0.026782199110643,0.2429331403640893
2026-04-14,CGCT,0.0246563981853929,0.2070177361816568
2026-04-14,CGEM,0.0254276378063715,0.220047828689352
2026-04-14,CGNT,0.0130973240374324,0.0117271917719719
2026-04-14,CGON,0.0063705653013458,-0.1019213893226255
2026-04-14,CHMG,,
2026-04-14,CHRN,0.0128472649888551,0.0075024444344144
2026-04-14,CHRW,0.0117958802772767,-0.0102606990561382
2026-04-14,CHTR,0.0116539593767409,-0.0126584525071491
2026-04-14,CLBT,0.0465894656041527,0.5775768849470194
2026-04-14,CLFD,-0.0085404382491207,-0.3538427771250544
2026-04-14,CLMT,0.0026202025162266,-0.1652837642554817
2026-04-14,CLNN,-0.0427385472306322,-0.9316197889594768
2026-04-14,CLPT,-0.0018350655019465,-0.2405555122884865
2026-04-14,CMPX,0.0601898101069144,0.807354689648812
2026-04-14,COAG,,
2026-04-14,COCO,0.0003146336607097,-0.2042363474126166
2026-04-14,COLA,0.011090203121779,-0.0221831137850853
2026-04-14,COLB,0.010689588352426,-0.0289514998516544
2026-04-14,COLL,-0.0272247751821687,-0.6695146280779911
2026-04-14,COLM,0.0100486391860065,-0.0397803352797139
2026-04-14,COYA,0.0117434935799343,-0.0111457722473713
2026-04-14,CPSH,0.0429682377517674,0.5163962445538939
2026-04-14,CRAC,0.0177494034052175,0.0903240673298749
2026-04-14,CRDO,0.0385650789704347,0.4420048820172614
2026-04-14,CRMD,-0.0213729474561365,-0.570648005390035
2026-04-14,CRML,-0.0070418506394871,-0.3285241411871922
2026-04-14,CRWD,0.0269645454723568,0.2460138819351172
2026-04-14,CSCO,0.009753445288886,-0.0447676358313981
2026-04-14,CSGS,0.0263560662177981,0.2357336256305298
2026-04-14,CTSH,0.0011377645913913,-0.1903295512872859
2026-04-14,CUE,0.6661015769489036,11.044233292221373
2026-04-14,CVGI,-0.0103420917471968,-0.3842817108989129
2026-04-14,CVRX,-0.0380997086554434,-0.8532466165772309
2026-04-14,CVV,0.0672361023727717,0.92640178936067
2026-04-14,CXDO,0.0380132653836065,0.4326819921036814
2026-04-14,DARE,-0.0022086732548661,-0.246867614843536
2026-04-14,DASH,0.0867823088087288,1.2566349245720807
2026-04-14,DAVE,0.0611441037839015,0.8234774802218273
2026-04-14,DCBO,0.0262653872337566,0.2342016042996417
2026-04-14,DDOG,0.0773797612840327,1.097778894977372
2026-04-14,DFDV,0.0317368977771549,0.3266427686252572
2026-04-14,DGXX,0.0211493180077388,0.1477656206215774
2026-04-14,DIBS,-0.0039695647887384,-0.2766178752791441
2026-04-14,DJCO,0.0315133830723445,0.3228664879450533
2026-04-14,DOMH,-0.016604411020966,-0.4900835878128556
2026-04-14,DOMO,0.1430058625458041,2.2065318001707173
2026-04-14,DOO,-0.3502282136763635,-6.126657349224176
2026-04-14,DOX,0.0076784000121935,-0.0798255233899379
2026-04-14,DPRO,0.0159235100242864,0.0594756007631131
2026-04-14,DRTS,-1.960085675435652e-05,-0.2098832392000165
2026-04-14,DSGN,0.0063728328230371,-0.101883079546264
2026-04-14,EIKN,-0.0069290231761924,-0.3266179213248448
2026-04-14,ENGN,0.0083808044167834,-0.0679584017838076
2026-04-14,ENPH,-0.0172972848617852,-0.501789690555062
2026-04-14,ERII,-0.042292646533287,-0.9240862971916634
2026-04-14,ERNA,-0.0547545455459621,-1.1346300666503304
2026-04-14,ESOA,0.0606341751968272,0.8148622373308233
2026-04-14,ESPR,0.0404812583296231,0.4743787300826373
2026-04-14,EYE,-0.0082889019966262,-0.3495930724290167
2026-04-14,EZGO,0.0242665567032645,0.2004313647903319
2026-04-14,FA,-0.0199170274526262,-0.5460502386084587
2026-04-14,FABC,0.0617275690461678,0.8333351251554607
2026-04-14,FACT,0.0258914757561254,0.2278843703159398
2026-04-14,FCEL,0.0164222391330597,0.0679016284811276
2026-04-14,FDMT,0.0063305440141974,-0.1025975489228788
2026-04-14,FEIM,0.0036646889052042,-0.1476371679173205
2026-04-14,FENC,0.0314464588725869,0.3217358036672688
2026-04-14,FFAI,-0.0483513094284318,-1.0264473998234307
2026-04-14,FGMC,0.0215606309635421,0.1547147525358981
2026-04-14,FLNC,-0.0003022654402266,-0.2146588570120521
2026-04-14,FLWS,0.046618893707625,0.5780740727212726
2026-04-14,FLXS,-0.0223246355901845,-0.5867267753180981
2026-04-14,FLYW,0.0580921803331635,0.771915237038495
2026-04-14,FMAO,0.0089178711370372,-0.0588846601640098
2026-04-14,FNKO,0.0747924577881833,1.0540664053964786
2026-04-14,FOSL,0.0469219071756348,0.58319348491412
2026-04-14,FOXF,-0.0465071224639831,-0.99528986318422
2026-04-14,FRMI,0.0587627019600359,0.7832436991518273
2026-04-14,FROG,-0.0375598676684747,-0.844126003724481
2026-04-14,FSEA,-0.0448121346113977,-0.96665304536801
2026-04-14,FTRE,0.0360437099394492,0.3994063551442622
2026-04-14,FWRD,0.0061515014204759,-0.1056224733374849
2026-04-14,FWRG,0.0089655860831939,-0.0580785162036767
2026-04-14,GALT,0.0114580409286788,-0.0159684944613911
2026-04-14,GDRX,0.0355329865112838,0.3907776834139401
2026-04-14,GELS,0.019421438462995,0.1185730977042548
2026-04-14,GFS,0.003507689133473,-0.1502896788798
2026-04-14,GH,-0.0258652778023461,-0.6465459214125067
2026-04-14,GLSI,9.866982903444614e-05,-0.207885056099904
2026-04-14,GLUE,0.0232672319205409,0.1835477737377894
2026-04-14,GMM,-0.017246682922494,-0.5009347708490484
2026-04-14,GPRE,0.0122597340012956,-0.0024238909233621
2026-04-14,GPRO,0.2482064189271157,3.983895079005043
2026-04-14,GRAL,-0.0050928073901842,-0.2955950577362009
2026-04-14,GRPN,0.0094036465885316,-0.050677484470795
2026-04-14,GSHD,0.0007446404664897,-0.1969713829244808
2026-04-14,GSIT,-0.0196055236188823,-0.540787381696318
2026-04-14,GTX,-0.0009073441425994,-0.224881660991378
2026-04-14,GV,-0.0264517197293785,-0.656453857093932
2026-04-14,HCKT,0.0192298350241233,0.1153359578253107
2026-04-14,HCSG,0.0177020162091895,0.0895234607075885
2026-04-14,HELE,0.0024750696910826,-0.1677357831690455
2026-04-14,HLMN,-0.0161529257217552,-0.4824557442029585
2026-04-14,HOOD,0.083750169349727,1.205406931906334
2026-04-14,HOVR,0.1606685964134669,2.504943668511218
2026-04-14,HPK,-0.0187563488015836,-0.5264405741366023
2026-04-14,HROW,0.0316174786743109,0.3246251830203209
2026-04-14,HTCO,0.167072003916769,2.613129230900534
2026-04-14,HUHU,0.0024742650659613,-0.1677493773095423
2026-04-14,HUT,-0.0062437604999095,-0.3150404091987082
2026-04-14,HYMC,-0.0553730928219259,-1.1450804221649555
2026-04-14,IEAG,,
2026-04-14,IKT,0.0297057715050985,0.292326892599434
2026-04-14,IMDX,-0.0753141792901294,-1.4819850550661289
2026-04-14,IMSR,-0.0091362203151116,-0.3639085144434195
2026-04-14,IMUX,-0.0361329149645631,-0.8200176394362443
2026-04-14,IMVT,0.0281158832915998,0.2654657330644832
2026-04-14,IMXI,0.0235043835964984,0.1875544510298094
2026-04-14,INDI,-0.0120166794918179,-0.4125738689145746
2026-04-14,INDV,-0.0122125443970773,-0.415883006263226
2026-04-14,INOD,0.044279257764078,0.5385459261511256
2026-04-14,INSM,-0.0420134861601163,-0.919369883008634
2026-04-14,INTC,0.0299630347904942,0.2966733555097371
2026-04-14,IPCX,,
2026-04-14,IPSC,0.0647118168312533,0.88375398804558
2026-04-14,IPST,0.1618396045819931,2.524727850169054
2026-04-14,IPWR,0.0899166408386984,1.3095894606065688
2026-04-14,IREN,0.0226028125745994,0.1723224096537524
2026-04-14,IRHO,0.0142683312265521,0.0315113568827385
2026-04-14,IRWD,0.0663117179651592,0.9107843158592716
2026-04-14,ISSC,-0.057420566411958,-1.17967248610914
2026-04-14,JACK,-0.0206334174558554,-0.5581536468874835
2026-04-14,JBHT,-0.0139368740430952,-0.4450155536456664
2026-04-14,JBIO,0.0015692666756542,-0.1830393240709063
2026-04-14,JBLU,0.0138109416787115,0.023783760999045
2026-04-14,KALU,-0.0212746883871923,-0.5689879185334521
2026-04-14,KALV,0.023757021034111,0.1918227602471481
2026-04-14,KEEL,-0.0200690074047323,-0.5486179397241564
2026-04-14,KMTS,0.0112754821591385,-0.0190528246624021
2026-04-14,KOPN,0.0698036817442313,0.9697810398827288
2026-04-14,KROS,-0.0058386204259949,-0.3081955681167845
2026-04-14,KXIN,0.0109430464977019,-0.0246693247792917
2026-04-14,LASR,-0.0009689622306214,-0.2259226985175031
2026-04-14,LBRDA,0.0160241378359303,0.0611757075248783
2026-04-14,LBRDK,0.0121743564274977,-0.0038663449342916
2026-04-14,LBRX,0.0922884703776077,1.349661517933261
2026-04-14,LBTYB,0.0020987420176504,-0.1740938387780216
2026-04-14,LE,-0.0045255918128613,-0.2860119512109632
2026-04-14,LFUS,0.0088453382186196,-0.0601101037370922
2026-04-14,LGIH,-0.0461625563958058,-0.9894684198594248
2026-04-14,LGN,0.056381097693355,0.7430064978106969
2026-04-14,LGND,-0.027359300255678,-0.6717874290399103
2026-04-14,LIEN,-0.0031023817418311,-0.2619668187009444
2026-04-14,LIFE,-0.0028135711486581,-0.257087364062097
2026-04-14,LINC,0.0155399974327728,0.0529961559714322
2026-04-14,LIND,0.0047013183718909,-0.1301233142722082
2026-04-14,LINK,0.0267075033893133,0.2416711562383009
2026-04-14,LITE,-0.0238253385264022,-0.6120811496961599
2026-04-14,LLYVA,-0.0467096698253514,-0.9987119006211312
2026-04-14,LMB,0.0101350806715121,-0.0383199064817074
2026-04-14,LMRI,-0.0642943958306444,-1.2958058262167853
2026-04-14,LOVE,0.0166941210439983,0.0724950730531308
2026-04-14,LQDA,0.0317367025204519,0.3266394697634862
2026-04-14,LRMR,-0.0026285081100922,-0.2539607242387851
2026-04-14,LWAY,0.0046969862060334,-0.1301965062093786
2026-04-14,LWLG,0.0035971947241117,-0.1487774820291006
2026-04-14,LXRX,0.0840379772527769,1.2102694460967067
2026-04-14,MASI,0.0329885354910954,0.3477891863599569
2026-04-14,MBBC,0.0903101172203999,1.3162372436219911
2026-04-14,MBX,-0.0295481123561284,-0.7087674069547418
2026-04-14,MCW,0.0184158640163824,0.1015839185875085
2026-04-14,MDAI,-0.0369370063480893,-0.8336027624343239
2026-04-14,MDB,0.0357155145298573,0.3938614940774028
2026-04-14,MELI,0.0220697203530769,0.1633158171854382
2026-04-14,MGNX,0.0174835909232466,0.0858331657532859
2026-04-14,MKSI,-0.0164710698466499,-0.4878307888264411
2026-04-14,MLTX,-0.0704274980186203,-1.3994245806151533
2026-04-14,MMED,-0.0170868264143102,-0.4982339953274947
2026-04-14,MNPR,-0.0311721533898058,-0.7362055783472561
2026-04-14,MNTS,0.3482828443119054,5.674686170557927
2026-04-14,MOVE,-0.0211904776420656,-0.567565178091577
2026-04-14,MPLT,-0.0130925850054632,-0.4307512913277909
2026-04-14,MRAM,0.0086679702011663,-0.0631067361875753
2026-04-14,MRLN,0.2652498005872357,4.271842992512817
2026-04-14,MRVI,0.0746537431338157,1.0517228214707857
2026-04-14,MSFT,0.0495978878952833,0.6284041760889124
2026-04-14,MSTR,0.0191286569500222,0.1136265543799665
2026-04-14,MTCH,0.0350638787702139,0.3828521086691409
2026-04-14,MTSI,-0.0125764511360851,-0.4220312101994152
2026-04-14,MU,-0.0241354184828984,-0.6173199502038417
2026-04-14,MWH,-0.0313763940593009,-0.7396562242230181
2026-04-14,MXL,0.0279051168065677,0.2619048335427423
2026-04-14,MYRG,0.0105856582418633,-0.0307073989498478
2026-04-14,NAMS,-0.0073533633682344,-0.3337871483804071
2026-04-14,NAUT,0.0462505691738107,0.5718512301469176
2026-04-14,NB,0.1682607118031469,2.6332124492710816
2026-04-14,NEGG,-0.0451896797073749,-0.9730316693294792
2026-04-14,NEO,0.0299095492566824,0.2957697174776217
2026-04-14,NERV,0.0415331636656925,0.4921506695233661
2026-04-14,NESR,0.0026119938743603,-0.1654224492503543
2026-04-14,NEXT,-0.0454044098926732,-0.9766595355626496
2026-04-14,NKLR,0.0783953805654927,1.1149377815672898
2026-04-14,NKSH,0.0124060374612845,4.7905864558520935e-05
2026-04-14,NKTR,0.0656219045547306,0.8991299190849885
2026-04-14,NNBR,0.2507415081893262,4.026725409168777
2026-04-14,NNE,-0.0001022995825275,-0.2112804340766563
2026-04-14,NRXP,0.0183782825990086,0.1009489805842863
2026-04-14,NSIT,0.0048614669377121,-0.1274176044372069
2026-04-14,NSTS,0.0520490833402305,0.6698171203066593
2026-04-14,NUAI,0.199420273202237,3.159653203201966
2026-04-14,NUCL,0.1103905097339667,1.6554954519990497
2026-04-14,NVAX,0.0245713267632276,0.2055804546022076
2026-04-14,NVMI,0.0088632270655038,-0.0598078716895975
2026-04-14,NVTS,0.0275318407588581,0.2555983351468344
2026-04-14,NXT,-0.0440950249952177,-0.9545374792290104
2026-04-14,ODD,0.0538605078896806,0.700421135982222
2026-04-14,ODFL,-0.0143262661959554,-0.4515943336195236
2026-04-14,OLPX,0.0455928034410972,0.5607382788507013
2026-04-14,OMEX,-0.0303528022446671,-0.7223626416943176
2026-04-14,ON,0.011661913933801,-0.012524060274784
2026-04-14,ONDS,0.0515488523766014,0.6613657187525874
2026-04-14,ONEW,-0.0670108105530004,-1.3416996498207276
2026-04-14,OPEN,0.0756873658833388,1.0691858766328823
2026-04-14,OPRT,0.0084615012073852,-0.0665950295995813
2026-04-14,OPRX,0.0329731127769081,0.347528619621535
2026-04-14,OPTX,-0.0058275394983686,-0.3080083558573075
2026-04-14,ORBS,0.2088246053116973,3.3185393833542096
2026-04-14,ORMP,0.0057798802082273,-0.1119010132901859
2026-04-14,OTLK,0.0636123175066088,0.8651779482227189
2026-04-14,PAHC,-0.0465644691588052,-0.9962587355271556
2026-04-14,PALI,0.1221960550189923,1.8549501259854284
2026-04-14,PANW,0.0090224550810003,-0.057117714551271
2026-04-14,PCT,-0.0310101800129306,-0.733469038331599
2026-04-14,PENG,0.0386111466621706,0.4427831956160522
2026-04-14,PEPG,0.0069644519265284,-0.091887675474531
2026-04-14,PFIS,-0.0008025969079878,-0.2231119565833199
2026-04-14,PHOE,0.1706361902003939,2.673346154055184
2026-04-14,PHVS,0.0280483126818893,0.2643241276912886
2026-04-14,PICS,-0.0252217056953371,-0.6356727714062101
2026-04-14,PLAB,0.0082548618982886,-0.0700862004886485
2026-04-14,PLSE,-0.0138098661238029,-0.4428697549955807
2026-04-14,PMTR,0.0171139168153383,0.0795875221261688
2026-04-14,PNRG,-0.0293491520391107,-0.7054059726279988
2026-04-14,PNTG,0.0019727914829053,-0.1762217729174005
2026-04-14,POET,0.0305873444878801,0.3072210671276483
2026-04-14,POLE,0.0192064390442569,0.1149406827724288
2026-04-14,POWI,0.0202367709876211,0.1323481397682633
2026-04-14,POWL,-0.0116327069189726,-0.4060866527388241
2026-04-14,PPTA,-0.0256842195964453,-0.6434869432324547
2026-04-14,PRAA,0.0521702532472793,0.6718642857466177
2026-04-14,PRE,-0.0239034948418268,-0.6134016005551942
2026-04-14,PRTA,0.0408362533652592,0.480376370800632
2026-04-14,PRTH,0.0098102900879072,-0.0438072430174408
2026-04-14,PSIG,0.0563818389863781,0.7430190219554695
2026-04-14,PTEN,0.0116844448553315,-0.0121434003814899
2026-04-14,PTON,0.0152926402086433,0.0488170559548052
2026-04-14,PURR,0.0270977574022353,0.2482644973369075
2026-04-14,PYXS,-0.0113937593553294,-0.4020496339264227
2026-04-14,QCOM,-0.0042798093276171,-0.2818594564059886
2026-04-14,QDEL,-0.0095349716786315,-0.3706454182705869
2026-04-14,QMCO,0.0523737516422568,0.6753023908952619
2026-04-14,QNTM,-0.0030388556754724,-0.2608935458830176
2026-04-14,QSEA,0.0352345399725224,0.3857354294854811
2026-04-14,QTI,0.0121042385503116,-0.0050509863885516
2026-04-14,QTRX,0.0312842532759906,0.3189953402996917
2026-04-14,QURE,0.0081387295023076,-0.0720482571849223
2026-04-14,RBCAA,0.0007260946237134,-0.1972847149168162
2026-04-14,RDVT,0.0405152815202195,0.474953551848557
2026-04-14,RDZN,0.0157025091172055,0.0557417906926524
2026-04-14,RFIL,0.072477104510613,1.0149485144400276
2026-04-14,RGNX,0.0043360447514142,-0.1362946116692395
2026-04-14,RGTI,0.0990523871348545,1.4639378837525412
2026-04-14,RILY,-0.0306681019182094,-0.7276896293154798
2026-04-14,RIOT,-0.0435835429123432,-0.945895990028252
2026-04-14,RKLB,0.0056609733777406,-0.1139099440542366
2026-04-14,RLAY,0.0650451406239553,0.8893854931391733
2026-04-14,RMBS,-0.015522614194346,-0.4718066316737199
2026-04-14,ROOT,0.0963916236468334,1.4189842876885586
2026-04-14,RVMD,0.0327545401114545,0.3438358346905684
2026-04-14,RXT,0.0034808565405138,-0.1507430155069247
2026-04-14,RZLT,0.0020415895349265,-0.1750594299077811
2026-04-14,SABR,0.1161265915056045,1.7524065469208925
2026-04-14,SAIA,-0.0094848223142624,-0.3697981448173619
2026-04-14,SAIL,0.0314509553066319,0.3218117709152782
2026-04-14,SANM,0.0067337601596423,-0.0957852126102346
2026-04-14,SATL,-0.0328093782419892,-0.7638664903382375
2026-04-14,SCVL,0.0130833911505698,0.0114917956644835
2026-04-14,SCZM,-0.031800583577579,-0.7468229056455127
2026-04-14,SEAT,0.095250845400885,1.399710840537836
2026-04-14,SEIC,0.009882964333057,-0.0425794117293803
2026-04-14,SEPN,0.0740747464075042,1.04194067244696
2026-04-14,SERV,0.054304199716396,0.707917308883291
2026-04-14,SEZL,0.0166112677424306,0.0710952666186208
2026-04-14,SFIX,0.0823790736031813,1.182242270848428
2026-04-14,SGHT,0.0095409682556976,-0.048357435062268
2026-04-14,SGML,0.0377878086032137,0.4288729000587498
2026-04-14,SHMD,-0.0113140408342694,-0.4007027896049785
2026-04-14,SHOO,0.0103705665158214,-0.0343413734134654
2026-04-14,SIBN,-0.0022272684602007,-0.2471817808162355
2026-04-14,SITM,0.019927620042865,0.1271250349128595
2026-04-14,SKIN,-0.0521466199261121,-1.0905691663082104
2026-04-14,SLNO,0.0189386697802777,0.1104167213660651
2026-04-14,SMTC,0.0392800025305109,0.4540835147409061
2026-04-14,SMX,0.1067149340152653,1.5933966044671408
2026-04-14,SNDK,-0.0418624111863103,-0.9168174715002736
2026-04-14,SNEX,0.0240615990948532,0.1969686062324064
2026-04-14,SOBR,0.1958354416578955,3.0990874783913003
2026-04-14,SOLS,-0.0044396956017489,-0.2845607348232014
2026-04-14,SPPL,-0.0019316050556587,-0.2421865479372064
2026-04-14,SPT,0.0383724928521245,0.438751139770336
2026-04-14,SRRK,0.0034495567758527,-0.1512718249948054
2026-04-14,STEX,-0.0033122573271724,-0.2655126664734354
2026-04-14,STFS,0.0137645451903587,0.0229998923817889
2026-04-14,STKE,-0.0481870927930334,-1.023672959957609
2026-04-14,STOK,-0.0066177299039796,-0.3213586218495293
2026-04-14,STRO,0.0533931493650086,0.6925251142464495
2026-04-14,STRZ,-0.0093339824887809,-0.3672497061396716
2026-04-14,STTK,0.05778035941844,0.766647023043568
2026-04-14,STX,-0.0178813208818836,-0.5116569784416114
2026-04-14,SUNS,0.0145601619221476,0.0364418361485326
2026-04-14,SWIM,0.01553229001763,0.0528659392014756
2026-04-14,SWMR,-0.0483746851233048,-1.0268423321613729
2026-04-14,SYNA,0.0052894886554078,-0.1201861780099686
2026-04-14,TACT,-0.0162154689964261,-0.4835124127564515
2026-04-14,TBLA,0.0551427679395397,0.7220849180469788
2026-04-14,TCMD,0.0013959474208313,-0.1859675526814147
2026-04-14,TENB,0.0449230734629745,0.5494231916420816
2026-04-14,TH,0.0602106051634239,0.807706022104577
2026-04-14,TIGO,-0.017498332936835,-0.5051863975513516
2026-04-14,TILE,-0.0152998645043565,-0.4680432759180336
2026-04-14,TLS,0.0624258656694642,0.8451328458013703
2026-04-14,TMCI,0.0309478672998638,0.3133120996206644
2026-04-14,TNDM,-0.0349258613315506,-0.7996244696974466
2026-04-14,TNGX,0.0634043525388741,0.8616643803324912
2026-04-14,TORO,0.0001389150345119,-0.2072051133997388
2026-04-14,TOYO,-0.0008281205730968,-0.2235431788759241
2026-04-14,TPG,0.0223457573830007,0.16797946248791
2026-04-14,TRDA,0.0025013626515331,-0.1672915636325332
2026-04-14,TRUP,0.0287615317412359,0.2763739628770715
2026-04-14,TSEM,0.0152267643777159,0.0477040838671989
2026-04-14,TSHA,0.2791452450366908,4.5066065104739375
2026-04-14,TSLA,0.070313938188681,0.9784018219237112
2026-04-14,TTMI,-0.0264030676477622,-0.6556318802310883
2026-04-14,TVGN,0.0863922270089736,1.250044493014728
2026-04-14,TZOO,0.0006093089010696,-0.1992578095663047
2026-04-14,UAL,-0.0321301487730236,-0.752390909242774
2026-04-14,UFPT,-0.0061410629252943,-0.3133053337939294
2026-04-14,ULCC,-0.0064850768343965,-0.3191174483917857
2026-04-14,UNB,-0.0101839921779088,-0.3816106188579782
2026-04-14,URBN,0.0365654705258318,0.4082214996499448
2026-04-14,URGN,0.0276895502195486,0.2582628363034634
2026-04-14,USAR,0.0591291374470414,0.7894346262825231
2026-04-14,VC,0.0005501429271752,-0.20025741862707
2026-04-14,VECO,0.05280892358965,0.6826546204449988
2026-04-14,VHCP,0.0172896012623184,0.0825557106554479
2026-04-14,VIAV,-0.0318458183742288,-0.7475871474827839
2026-04-14,VICR,0.0011849418227384,-0.1895324920180407
2026-04-14,VNCE,0.1150452154663342,1.7341366999835437
2026-04-14,VRAX,0.0384072352298772,0.4393381122024328
2026-04-14,VREX,0.0040135839765313,-0.1417425860892974
2026-04-14,VSAT,0.0608335864058427,0.8182312894773486
2026-04-14,VSEC,0.0177280901610523,0.0899639800942642
2026-04-14,VTGN,-0.0075891642672175,-0.3377710042970005
2026-04-14,VTSI,-0.0397737445576382,-0.881529451215735
2026-04-14,VTVT,-0.0250272749146251,-0.6323878635901329
2026-04-14,WATT,0.3591930907742626,5.859014771967022
2026-04-14,WAY,0.0832747964322284,1.197375507012992
2026-04-14,WDC,0.0009141965101302,-0.1941067337625634
2026-04-14,WEN,0.0056794451996486,-0.1135978626443868
2026-04-14,WERN,-0.0240128524588514,-0.6152491973688063
2026-04-14,WEST,0.0282182377176405,0.2671950109744925
2026-04-14,WGS,-0.0046071224491852,-0.2873894112177022
2026-04-14,WINA,-0.0849852880162669,-1.6453784258497126
2026-04-14,WIX,0.0770601135205271,1.0923784463812911
2026-04-14,WLDN,-0.014330946068409,-0.4516734000592342
2026-04-14,WLFC,0.0068041716964502,-0.094595609777003
2026-04-14,WSC,-0.0076502633120196,-0.3388032725885249
2026-04-14,WVE,0.0258104301120645,0.2265151042529242
2026-04-14,WYFI,-0.0273242761077487,-0.6711956961010052
2026-04-14,XEL,-0.0088942676027365,-0.3598207236466574
2026-04-14,XENE,-0.0001710931054565,-0.2124427005672679
2026-04-14,XLO,-0.0416147881004024,-0.912633879749208
2026-04-14,XMTR,0.0534645833193618,0.6937319908229296
2026-04-14,XNDU,0.6415190890194997,10.628912186981742
2026-04-14,XOS,-0.0603753312199104,-1.2295932341345706
2026-04-14,ZD,0.0399678061447635,0.4657039560111126
2026-04-14,ZSQR,0.0352448919665256,0.3859103264122361
2026-04-14,ZVRA,0.0584332146448071,0.7776770113407224
2026-04-15,AAL,0.0023246562660135,-0.0225514189767847
2026-04-15,AAON,-0.0131387610966231,-0.2965221246455587
2026-04-15,ABSI,0.0121741835730139,0.1519560578325094
2026-04-15,ACHV,0.350372011564489,6.14392377218462
2026-04-15,ACIC,0.0134828667907501,0.175142450351824
2026-04-15,ADAM,-0.0183560774760949,-0.3889591207286415
2026-04-15,ADEA,0.0338470755290786,0.5359421693005425
2026-04-15,ADTN,0.0520639436363936,0.858696712710542
2026-04-15,ADTX,-0.0493476855852706,-0.9380481444781232
2026-04-15,ADUR,0.054067066985527,0.8941867408610914
2026-04-15,ADV,-0.0311395759904685,-0.6154487786590468
2026-04-15,AEI,0.0296000027259784,0.460695313731379
2026-04-15,AEIS,-0.0096511330827264,-0.2347306146791915
2026-04-15,AEYE,0.006893024560722,0.0583879397758474
2026-04-15,AFBI,0.0106462583369393,0.1248852787595771
2026-04-15,AGEN,-0.0385828558932293,-0.7473239392155266
2026-04-15,AGH,-0.0083983230188787,-0.2125341461229827
2026-04-15,AGPU,0.0212436800658088,0.3126434593247111
2026-04-15,AIOT,0.0194656666123312,0.2811417809366697
2026-04-15,AIRO,0.0378825346741631,0.6074397926103605
2026-04-15,AKAM,0.0606423477809909,1.0106832614721366
2026-04-15,AKAN,-0.0098838992907751,-0.2388546139724534
2026-04-15,AKBA,-0.1242236498375973,-2.264651461375337
2026-04-15,AKTS,0.042098952630313,0.6821435256695265
2026-04-15,ALAB,-0.0108128946394947,-0.2553139453920853
2026-04-15,ALDX,-0.0241588236337284,-0.4917683783682184
2026-04-15,ALGT,-0.0493646415355586,-0.9383485589050724
2026-04-15,ALHC,-0.0078962492208334,-0.2036387312530051
2026-04-15,ALKS,0.0138660216810209,0.1819309378643943
2026-04-15,AMD,0.0715779912294289,1.2044338330469435
2026-04-15,AMPH,0.001504903754744,-0.0370752573185553
2026-04-15,AMRX,-0.0063961163329285,-0.1770603588106171
2026-04-15,AMSC,0.003158948758598,-0.0077699707647077
2026-04-15,ANAB,-0.0236578019463039,-0.4828916041054527
2026-04-15,ANNA,-0.0276072794886523,-0.552865861666051
2026-04-15,APLD,-0.011783085824696,-0.2725031576735491
2026-04-15,APLS,-0.0158996893629456,-0.3454384442200995
2026-04-15,APPF,8.547234478303856e-05,-0.0622238138061439
2026-04-15,ARAI,0.0233653890440319,0.3502345100191111
2026-04-15,ARCB,0.0509398279743919,0.8387803673161486
2026-04-15,ARHS,0.0334007794789127,0.5280349880524582
2026-04-15,ARTV,0.3347583905783117,5.8672918570451085
2026-04-15,ARWR,-0.0409055556273839,-0.7884760125444521
2026-04-15,ASBP,-0.4003749279450519,-7.157319023801695
2026-04-15,ASO,-0.0237780733457957,-0.485022494025695
2026-04-15,ASPI,-0.0511196953353134,-0.969443453179045
2026-04-15,ASRT,-0.0083371098833695,-0.2114496118613523
2026-04-15,ASST,0.0356085907677012,0.5671515431183775
2026-04-15,ASTI,0.0057265789522829,0.0377216201018755
2026-04-15,ASYS,0.0292603041703764,0.4546767571076784
2026-04-15,ATEX,0.0671659882117396,1.126264851907642
2026-04-15,ATII,0.0064917598199952,0.051278593788553
2026-04-15,ATOM,0.0469371909830738,0.7678642654396641
2026-04-15,AUUD,0.0200872692454353,0.2921549294563869
2026-04-15,AVAH,0.0035085423780182,-0.0015760998781031
2026-04-15,AVAV,0.0135871071296248,0.1769893124348225
2026-04-15,AVNW,0.0030342906110888,-0.0099785822145269
2026-04-15,AVR,-0.0177587107964398,-0.3783753689660096
2026-04-15,AVTX,0.084993328546164,1.4421179972428346
2026-04-15,AXGN,0.0696118493926846,1.1695990191228696
2026-04-15,AXIN,0.0065457357632481,0.0522349042156307
2026-04-15,AXTI,0.2858915215941696,5.001500663194405
2026-04-15,BAND,0.0643578324566925,1.0765117866054643
2026-04-15,BCAR,0.0075099721460833,0.0693186132070969
2026-04-15,BDTX,0.0181756120584141,0.2582854388876037
2026-04-15,BEAM,-0.0181291348214112,-0.3849382993414978
2026-04-15,BELFA,0.0171700884020085,0.2404702290118287
2026-04-15,BELFB,0.0197989934709332,0.2870474480041707
2026-04-15,BGDE,-0.0265103053455683,-0.5334303919355835
2026-04-15,BHAV,,
2026-04-15,BIOA,-0.0120111559236139,-0.2765439543795513
2026-04-15,BJRI,-0.0266122920816086,-0.5352373261588899
2026-04-15,BKNG,-0.0142654010032384,-0.3164831929535128
2026-04-15,BKR,0.0033273220897274,-0.0047868423097534
2026-04-15,BL,0.0013262246862467,-0.0402409760815181
2026-04-15,BLMN,-0.0271797033391648,-0.5452903473631602
2026-04-15,BLNK,-0.0142275682625541,-0.315812897221361
2026-04-15,BNZI,-0.1579492340416256,-2.862179283769557
2026-04-15,BRCB,-0.0044689916824708,-0.1429168258504778
2026-04-15,BTBT,-0.0051522505900889,-0.1550223598786092
2026-04-15,BWEN,-0.0063177295703478,-0.1756715534672902
2026-04-15,BYND,0.0236616664895714,0.3554837598404561
2026-04-15,BZAI,0.0369932797200218,0.5916845554857261
2026-04-15,CABA,0.0481133539822611,0.7887027514814008
2026-04-15,CAEP,0.0082280212339833,0.0820405368739907
2026-04-15,CAR,0.1165922348720517,2.001966733226818
2026-04-15,CBRL,-0.0114702667454082,-0.2669608340144705
2026-04-15,CCRN,-0.0099868266190877,-0.2406782129938807
2026-04-15,CDNA,0.2717966204687674,4.75177643231459
2026-04-15,CDNL,-0.0292523704901645,-0.5820125070681645
2026-04-15,CDW,0.0277426279578476,0.4277875635243841
2026-04-15,CELC,0.0200343910298843,0.2912180678501032
2026-04-15,CELH,-0.0114703705726495,-0.2669626735575618
2026-04-15,CENX,0.0168611735778998,0.2349970783900852
2026-04-15,CEPS,0.0107034586233702,0.1258987159882578
2026-04-15,CEVA,0.0078793539348706,0.0758630779241765
2026-04-15,CGCT,0.007375991954455,0.0669448398822724
2026-04-15,CGEM,-0.0150718213464418,-0.330770820669423
2026-04-15,CGNT,-0.006520313563668,-0.1792608040388504
2026-04-15,CGON,-0.027276944166625,-0.5470131966851653
2026-04-15,CHMG,0.0070768243939815,0.0616443848965483
2026-04-15,CHRN,0.0134766560763548,0.1750324129800262
2026-04-15,CHRW,0.0715777843954111,1.2044301684972192
2026-04-15,CHTR,0.0708920914667673,1.1922815100779929
2026-04-15,CLBT,0.0167862096553789,0.233668916686167
2026-04-15,CLFD,0.0343516161678578,0.5448812900397202
2026-04-15,CLMT,0.0087163272316968,0.0906920228708117
2026-04-15,CLNN,0.0136613737888459,0.1783051204840605
2026-04-15,CLPT,0.0031559791162439,-0.0078225849438557
2026-04-15,CMPX,0.11844616817076,2.0348135097315523
2026-04-15,COAG,,
2026-04-15,COCO,-0.0351059672299163,-0.6857227020322604
2026-04-15,COLA,0.0005012263377931,-0.0548577567323173
2026-04-15,COLB,-0.0057216690733243,-0.1651109437934285
2026-04-15,COLL,-0.0552197890858389,-1.0420862301148717
2026-04-15,COLM,-0.0008533248952809,-0.0788568087197838
2026-04-15,COYA,-0.0074054628728982,-0.1949433000347213
2026-04-15,CPSH,-0.0396707629473577,-0.7665987641996703
2026-04-15,CRAC,0.0068875051650226,0.0582901507361314
2026-04-15,CRDO,-0.0500688745171034,-0.9508256978443116
2026-04-15,CRMD,-0.0134110663482568,-0.3013466508287336
2026-04-15,CRML,0.0515699861917381,0.8499450980765351
2026-04-15,CRWD,0.0135398216340235,0.1761515389793197
2026-04-15,CSCO,0.0201548033841476,0.2933514551147095
2026-04-15,CSGS,0.0016591179877806,-0.0343429904943214
2026-04-15,CTSH,-0.0031671200803739,-0.1198511170778198
2026-04-15,CUE,-0.1424035267692074,-2.586750619350557
2026-04-15,CVGI,0.0158178633257457,0.2165123903479203
2026-04-15,CVRX,-0.0202677950383951,-0.4228296809870935
2026-04-15,CVV,0.0019720686002148,-0.0287983364170634
2026-04-15,CXDO,0.0103587229657521,0.1197909152885861
2026-04-15,DARE,0.515971162084482,9.077901111225795
2026-04-15,DASH,-0.0008461760499376,-0.0787301501579999
2026-04-15,DAVE,0.0120870075818003,0.1504115306901543
2026-04-15,DCBO,0.0100090803525948,0.1135961763630218
2026-04-15,DDOG,0.0194207604421271,0.2803461628109234
2026-04-15,DFDV,0.1262769235052208,2.1735537063251926
2026-04-15,DGXX,-0.0340786135280819,-0.667520721702667
2026-04-15,DIBS,0.0217633098962069,0.3218499204828189
2026-04-15,DJCO,-0.0151008976513831,-0.3312859756055019
2026-04-15,DOMH,-0.0415364753193933,-0.7996542346144194
2026-04-15,DOMO,0.0789504907396737,1.335054952945374
2026-04-15,DOO,0.0814039355902459,1.3785234826543895
2026-04-15,DOX,0.0154067207258354,0.2092280349181761
2026-04-15,DPRO,0.0512078336755259,0.8435287168782816
2026-04-15,DRTS,0.0081731735024805,0.0810687806734203
2026-04-15,DSGN,-0.0136419367421584,-0.3054370613280366
2026-04-15,EIKN,0.0343039276609516,0.5440363762937501
2026-04-15,ENGN,0.042970106220563,0.697578054678837
2026-04-15,ENPH,-0.0010604840034571,-0.082527118181254
2026-04-15,ERII,-0.0199924410692388,-0.4179511396227041
2026-04-15,ERNA,0.0493346616261775,0.8103410807843996
2026-04-15,ESOA,-0.0205989047449535,-0.4286960660061494
2026-04-15,ESPR,-0.0545851624681866,-1.0308423311631096
2026-04-15,EYE,-0.0125054983533636,-0.285302389927426
2026-04-15,EZGO,-0.025649379282472,-0.5181770675569083
2026-04-15,FA,0.018275949276905,0.2600631480388302
2026-04-15,FABC,0.0501628876362608,0.8250150470309562
2026-04-15,FACT,0.001450928157435,-0.0380315616164248
2026-04-15,FCEL,-0.0233564862660221,-0.4775530901392369
2026-04-15,FDMT,0.0271546308422504,0.417369815563922
2026-04-15,FEIM,0.028868156378493,0.447728939251559
2026-04-15,FENC,-0.0320829300701594,-0.6321625086740502
2026-04-15,FFAI,-0.0192832293046336,-0.4053857898645723
2026-04-15,FGMC,0.0142368860606877,0.1885016701560956
2026-04-15,FLNC,-0.0138933379557433,-0.3098912234499396
2026-04-15,FLWS,0.0268962004102206,0.4127911143513069
2026-04-15,FLXS,-0.0006694069107822,-0.0755982702727754
2026-04-15,FLYW,0.035663523134695,0.5681247988351719
2026-04-15,FMAO,0.0019357890331055,-0.029441114036602
2026-04-15,FNKO,0.0534451433736426,0.8831679054494747
2026-04-15,FOSL,0.0212652002214099,0.3130247393534313
2026-04-15,FOXF,-0.0236756550677609,-0.4832079140238406
2026-04-15,FRMI,0.1425414402646327,2.461717766664432
2026-04-15,FROG,0.0086430040946142,0.0893929315291469
2026-04-15,FSEA,-0.0101589780930082,-0.2437282801094381
2026-04-15,FTRE,0.0009374514322238,-0.0471290060849739
2026-04-15,FWRD,0.0826470581839481,1.4005483149564857
2026-04-15,FWRG,0.0295557640793956,0.4599115223521585
2026-04-15,GALT,-0.1003286547341462,-1.841295581046947
2026-04-15,GDRX,0.0154046284212106,0.2091909648345664
2026-04-15,GELS,-0.0022517570406923,-0.1036333139853003
2026-04-15,GFS,0.0407105816250741,0.6575452770990364
2026-04-15,GH,0.0051043440030353,0.0266972686186746
2026-04-15,GLSI,0.0503874490710006,0.8289936795220061
2026-04-15,GLUE,0.0233887624809043,0.3506486252721415
2026-04-15,GMM,-0.046397011721022,-0.8857700366169281
2026-04-15,GPRE,0.0362353970769545,0.5782568869655078
2026-04-15,GPRO,0.0710748925568268,1.1955202601205048
2026-04-15,GRAL,-0.0193156439496859,-0.4059600913252859
2026-04-15,GRPN,0.1981473378130575,3.44690665689625
2026-04-15,GSHD,0.0457923609089581,0.7475809156521737
2026-04-15,GSIT,0.0028878863778515,-0.0125724765751524
2026-04-15,GTX,0.0081967874164948,0.0814871565430215
2026-04-15,GV,0.0562126845864195,0.9322013888801142
2026-04-15,HCKT,-0.014909215104813,-0.3278898697308011
2026-04-15,HCSG,-0.0225054254415786,-0.46247455160071
2026-04-15,HELE,0.0191081609677972,0.2748077299687253
2026-04-15,HLMN,0.0068306500634155,0.0572828292661828
2026-04-15,HOOD,-0.0010983232237976,-0.0831975287157125
2026-04-15,HOVR,-0.0128954931986141,-0.2922120632845336
2026-04-15,HPK,-0.0236203044256655,-0.4822272475826216
2026-04-15,HROW,0.0439804590624078,0.7154788249007868
2026-04-15,HTCO,-0.0495211622578154,-0.9411216905953622
2026-04-15,HUHU,0.013959118784061,0.1835803713898211
2026-04-15,HUT,0.0014737883551946,-0.0376265395980011
2026-04-15,HYMC,-0.0055961741597882,-0.1628875070709365
2026-04-15,IEAG,0.0088336934733483,0.092771441106309
2026-04-15,IKT,-0.0543689496272443,-1.027011613591538
2026-04-15,IMDX,0.0063852442339849,0.0493914203663014
2026-04-15,IMSR,-0.0223700582315318,-0.460076203991562
2026-04-15,IMUX,-0.0678203778082832,-1.265335212094195
2026-04-15,IMVT,-0.0079908727257784,-0.2053152085681208
2026-04-15,IMXI,-3.902658888674596e-05,-0.0644296044093864
2026-04-15,INDI,0.1000598866905581,1.709057411087604
2026-04-15,INDV,-0.0334011675278602,-0.6555181769623507
2026-04-15,INOD,-0.0123539810925668,-0.2826179062917575
2026-04-15,INSM,-0.0292271897852478,-0.5815663718230574
2026-04-15,INTC,0.0504688906147467,0.830436607478202
2026-04-15,IPCX,0.0113956067960657,0.1381617441956534
2026-04-15,IPSC,-0.0699689144878059,-1.303401578437405
2026-04-15,IPST,-0.2352479009640676,-4.231706460547892
2026-04-15,IPWR,0.0428667496189638,0.6957468500743431
2026-04-15,IREN,-0.0106653068457381,-0.2526990814810013
2026-04-15,IRHO,0.0097229366804656,0.1085264701048625
2026-04-15,IRWD,-0.0080835375744311,-0.2069569836932885
2026-04-15,ISSC,-0.0951541449429831,-1.749617004072082
2026-04-15,JACK,0.0517518435763002,0.8531671281628426
2026-04-15,JBHT,0.0579630056977323,0.9632124324785356
2026-04-15,JBIO,0.1258137449421198,2.1653474117651013
2026-04-15,JBLU,-0.0312623405385572,-0.6176238405539831
2026-04-15,KALU,0.0405543401259488,0.6547770925013979
2026-04-15,KALV,-0.0787358205067535,-1.458727880005544
2026-04-15,KEEL,-0.0372575256384391,-0.7238426053917119
2026-04-15,KMTS,0.0045472274746913,0.0168266426871175
2026-04-15,KOPN,0.0068847279545547,0.0582409459391684
2026-04-15,KROS,-0.0080870853547819,-0.2070198409429808
2026-04-15,KXIN,-0.0316992911861371,-0.6253654460770384
2026-04-15,LASR,0.0477249378001135,0.7818210478436722
2026-04-15,LBRDA,0.0527718945870409,0.8712397241923617
2026-04-15,LBRDK,0.0532207861096577,0.8791928903221987
2026-04-15,LBRX,-0.0404809804183236,-0.7809536669394769
2026-04-15,LBTYB,,
2026-04-15,LE,0.0384674253713325,0.6178025030827426
2026-04-15,LFUS,-0.0022300246380718,-0.1032482735028389
2026-04-15,LGIH,-0.0063260175824132,-0.175818395039298
2026-04-15,LGN,-0.0195097531513953,-0.4093991910871303
2026-04-15,LGND,-0.01486755274203,-0.3271517232613755
2026-04-15,LIEN,-0.0168905864525079,-0.3629945101598622
2026-04-15,LIFE,0.0363034302969892,0.5794622550199761
2026-04-15,LINC,0.0268398848490745,0.4117933521060332
2026-04-15,LIND,-0.0251702169197714,-0.5096875824993431
2026-04-15,LINK,-0.0375678277265034,-0.7293403346480453
2026-04-15,LITE,0.075682949890524,1.277162803283416
2026-04-15,LLYVA,0.0253842341675774,0.3860030862763985
2026-04-15,LMB,0.0033267847019855,-0.0047963633939615
2026-04-15,LMRI,-0.0588654770766073,-1.1066781432771169
2026-04-15,LOVE,0.0071848636700455,0.0635585540616841
2026-04-15,LQDA,0.0264564707698044,0.4050002724524523
2026-04-15,LRMR,-0.0059537720500251,-0.1692231923878565
2026-04-15,LWAY,0.0384664721813613,0.6177856150868406
2026-04-15,LWLG,0.0224110072838595,0.3333253987806341
2026-04-15,LXRX,-0.0083223301830508,-0.2111877548066719
2026-04-15,MASI,0.0157632520565631,0.2155448236319389
2026-04-15,MBBC,-0.0094370311445284,-0.2309372967005345
2026-04-15,MBX,-0.0011400083468875,-0.0839360784373562
2026-04-15,MCW,0.0109514066929687,0.1302916975656192
2026-04-15,MDAI,-0.0128932298507945,-0.2921719627695727
2026-04-15,MDB,0.025076074118997,0.3805433082733494
2026-04-15,MELI,-0.0470285724644163,-0.8969596164156666
2026-04-15,MGNX,-0.0296349397351105,-0.5887906185002639
2026-04-15,MKSI,-0.0018573333009271,-0.0966451723745668
2026-04-15,MLTX,-0.0156854913523844,-0.3416434240942054
2026-04-15,MMED,-0.0780872133774598,-1.447236283500896
2026-04-15,MNPR,-0.0099003206924767,-0.239145557617494
2026-04-15,MNTS,0.1187271700924328,2.039792117821184
2026-04-15,MOVE,0.1032910216051428,1.7663045442341707
2026-04-15,MPLT,0.0575990701296379,0.9567644603343116
2026-04-15,MRAM,0.0238284651145573,0.3584389886828452
2026-04-15,MRLN,0.1054433343506111,1.8044378124417924
2026-04-15,MRVI,-0.025558363889538,-0.5165645164083437
2026-04-15,MSFT,0.0217502492599283,0.3216185206794096
2026-04-15,MSTR,0.0373385754159498,0.5978022785775405
2026-04-15,MTCH,-0.0010792173238184,-0.0828590228876031
2026-04-15,MTSI,-0.0096771533551464,-0.2351916248316969
2026-04-15,MU,0.0010555916795283,-0.0450358745240228
2026-04-15,MWH,0.0104295950284048,0.1210465800981055
2026-04-15,MXL,0.059400405320607,0.988679337999596
2026-04-15,MYRG,-0.0222186271013493,-0.4573932463617334
2026-04-15,NAMS,-0.02605740295687,-0.5254061639062365
2026-04-15,NAUT,-0.0638064877569824,-1.1942197358677789
2026-04-15,NB,-0.0057386796614999,-0.1654123262587025
2026-04-15,NEGG,0.002672912581326,-0.01638124156889
2026-04-15,NEO,-0.0622780264326045,-1.1671394587332395
2026-04-15,NERV,0.0309791341998537,0.4851298623338502
2026-04-15,NESR,0.0121023019183114,0.150682505731984
2026-04-15,NEXT,0.0448816978429682,0.7314463836166751
2026-04-15,NKLR,-0.0375966154290447,-0.7298503763157348
2026-04-15,NKSH,0.0013418909835295,-0.0399634108822398
2026-04-15,NKTR,0.0377873824982736,0.6057539486495468
2026-04-15,NNBR,0.0293230986599196,0.4557893087648446
2026-04-15,NNE,0.0009247857092392,-0.0473534090731697
2026-04-15,NRXP,0.0097732159818051,0.1094172858505326
2026-04-15,NSIT,0.004573542173242,0.0172928692890596
2026-04-15,NSTS,0.0030852467884414,-0.0090757740227753
2026-04-15,NUAI,-0.015527664824075,-0.3388471569871266
2026-04-15,NUCL,0.2478082589341865,4.326766346681994
2026-04-15,NVAX,-0.0086043626002096,-0.2161846205407087
2026-04-15,NVMI,-0.0109077889552102,-0.2569952207551458
2026-04-15,NVTS,0.2130988190229308,3.711807212950564
2026-04-15,NXT,-0.0334323608565449,-0.6560708399391999
2026-04-15,ODD,-0.0103210932743197,-0.2466005307628309
2026-04-15,ODFL,0.0339108064763787,0.5370713125031916
2026-04-15,OLPX,-0.0127410494968149,-0.2894757308829881
2026-04-15,OMEX,0.0236771958231963,0.3557588984073074
2026-04-15,ON,0.098437847566863,1.680319183765688
2026-04-15,ONDS,0.0274397406116476,0.4224212038103233
2026-04-15,ONEW,0.003603893470768,0.0001132683614201
2026-04-15,OPEN,0.1079875364558751,1.849514319774989
2026-04-15,OPRT,-0.0069133615639141,-0.1862245711974169
2026-04-15,OPRX,0.0341609559478118,0.5415032970771049
2026-04-15,OPTX,0.0064635210630733,0.0507782779799797
2026-04-15,ORBS,0.0771447524894214,1.303062064758182
2026-04-15,ORMP,0.0069141441027535,0.0587621219956053
2026-04-15,OTLK,0.0147519479643655,0.197627199778975
2026-04-15,PAHC,-0.0137360806184308,-0.3071050408963215
2026-04-15,PALI,-0.0042939595153559,-0.139815720498754
2026-04-15,PANW,0.0144511573802457,0.1922979891228022
2026-04-15,PCT,0.0123288639030594,0.1546965826584148
2026-04-15,PENG,-0.0140723313319328,-0.3130625109108328
2026-04-15,PEPG,-0.0452816587994918,-0.8660089437216597
2026-04-15,PFIS,-0.0043338288870445,-0.1405220999257553
2026-04-15,PHOE,-0.0756239523112243,-1.403593836508966
2026-04-15,PHVS,-0.0122555173464726,-0.2808733900979826
2026-04-15,PICS,0.0232921514345325,0.3489369339991739
2026-04-15,PLAB,-0.0123103184632881,-0.2818443204100409
2026-04-15,PLSE,0.049812415466118,0.8188056105577936
2026-04-15,PMTR,0.008378826219365,0.0847124008801465
2026-04-15,PNRG,0.0689582438100934,1.1580188632949462
2026-04-15,PNTG,-0.0039473986204311,-0.133675581439378
2026-04-15,POET,0.0520015768749154,0.8575917392592183
2026-04-15,POLE,0.0073526925120591,0.0665320356149367
2026-04-15,POWI,0.0168023868948224,0.2339555344241591
2026-04-15,POWL,0.0077494165823797,0.0735609329765345
2026-04-15,PPTA,-0.0131346082655907,-0.2964485475039868
2026-04-15,PRAA,-0.0047164445517118,-0.1473010337920876
2026-04-15,PRE,0.0169209852237244,0.2360567819749699
2026-04-15,PRTA,-0.0366857640837364,-0.7137125084705308
2026-04-15,PRTH,0.0012102967105991,-0.0422949120615214
2026-04-15,PSIG,-0.0578473746870788,-1.0886400716425662
2026-04-15,PTEN,0.0438016387697291,0.7123106040202295
2026-04-15,PTON,0.0221728261928461,0.3291054621358673
2026-04-15,PURR,-0.0179198245248272,-0.3812298765320983
2026-04-15,PYXS,0.0017878542650095,-0.0320621254118843
2026-04-15,QCOM,0.006004043215797,0.0426375502801879
2026-04-15,QDEL,-0.2762373788797825,-4.957931196400731
2026-04-15,QMCO,-0.0197330672056308,-0.4133557233070057
2026-04-15,QNTM,-0.0006081672031478,-0.0745132652236267
2026-04-15,QSEA,0.0093327345524533,0.1016131242474776
2026-04-15,QTI,-0.0490817766909505,-0.9333369447664396
2026-04-15,QTRX,-0.0531073790073377,-1.0046599312381956
2026-04-15,QURE,-0.0307259019235677,-0.6081195723543956
2026-04-15,RBCAA,-0.0005248971834156,-0.0730379415269261
2026-04-15,RDVT,-0.0181940991430595,-0.3860892946634169
2026-04-15,RDZN,0.0002821174428573,-0.0587397846926371
2026-04-15,RFIL,0.064891061919325,1.085959197144469
2026-04-15,RGNX,-0.0231590216910984,-0.4740545420713854
2026-04-15,RGTI,0.0133818435393241,0.1733525865181659
2026-04-15,RILY,-0.0209847734023146,-0.4355326342674533
2026-04-15,RIOT,-0.0252261696530322,-0.5106789163976707
2026-04-15,RKLB,0.1190664656331375,2.0458035340907688
2026-04-15,RLAY,0.041438766505524,0.6704467801029096
2026-04-15,RMBS,-0.0044662290221926,-0.1428678788442498
2026-04-15,ROOT,0.00547929064993,0.0333403278486535
2026-04-15,RVMD,-0.0095890333412546,-0.2336303721135341
2026-04-15,RXT,0.0965564204775304,1.6469852902775486
2026-04-15,RZLT,-0.0069944437817206,-0.1876611328518485
2026-04-15,SABR,-0.0135753718026191,-0.3042577073061727
2026-04-15,SAIA,0.0569018733508655,0.9444119842295278
2026-04-15,SAIL,-0.0083047384442223,-0.2108760758945809
2026-04-15,SANM,0.0867620000901966,1.473454161795032
2026-04-15,SATL,0.066982490261301,1.1230137553491335
2026-04-15,SCVL,-0.0208200594573613,-0.4326143404211402
2026-04-15,SCZM,0.015767903439166,0.2156272337838573
2026-04-15,SEAT,0.0583733125756687,0.9704819811334536
2026-04-15,SEIC,-0.0182247489699034,-0.3866323282304558
2026-04-15,SEPN,-0.026680829183103,-0.536451621655193
2026-04-15,SERV,-0.0152906350424732,-0.3346476184888079
2026-04-15,SEZL,0.0477923289202905,0.7830150395932143
2026-04-15,SFIX,0.0123913359433647,0.1558034213710758
2026-04-15,SGHT,-0.028206518643438,-0.5634827887172272
2026-04-15,SGML,0.1225965025707569,2.1083464176045537
2026-04-15,SHMD,-0.0600973313407516,-1.128503330692944
2026-04-15,SHOO,-0.0073513292103402,-0.1939841952402488
2026-04-15,SIBN,-0.0576602457238862,-1.0853246431771335
2026-04-15,SITM,0.0292391435009535,0.454301846219725
2026-04-15,SKIN,-0.0709757090507818,-1.3212393054037928
2026-04-15,SLNO,0.0091439629994226,0.0982685934506205
2026-04-15,SMTC,0.0959339392230321,1.6359565749191591
2026-04-15,SMX,0.0604008446354377,1.006404466839825
2026-04-15,SNDK,0.0316490230974303,0.4969985152767749
2026-04-15,SNEX,0.011003690038106,0.1312180196473477
2026-04-15,SOBR,0.1065779673385355,1.8245404969316923
2026-04-15,SOLS,0.0111375546349751,0.1335897449399026
2026-04-15,SPPL,,
2026-04-15,SPT,0.0108964858975807,0.1293186468669622
2026-04-15,SRRK,0.0100772579939384,0.1148041031796947
2026-04-15,STEX,-0.0459090938098355,-0.8771254264831291
2026-04-15,STFS,0.008607261382338,0.0887596655520865
2026-04-15,STKE,0.0567718418257314,0.9421081707926452
2026-04-15,STOK,-0.0026959308091087,-0.1115028940347036
2026-04-15,STRO,-0.0105831782426141,-0.2512439806565328
2026-04-15,STRZ,0.0312096130168128,0.4892133351292322
2026-04-15,STTK,0.028611619277041,0.4431837828306486
2026-04-15,STX,0.0253140767083031,0.3847600823417215
2026-04-15,SUNS,-0.0264987490358063,-0.5332256448045857
2026-04-15,SWIM,0.0040480753516015,0.0079829921413192
2026-04-15,SWMR,-0.0461363685870361,-0.8811521321996052
2026-04-15,SYNA,0.0178412504215436,0.2523614382961624
2026-04-15,TACT,-0.0063245651121436,-0.1757926611219237
2026-04-15,TBLA,0.0150202680458337,0.2023811193260583
2026-04-15,TCMD,-0.0087134133093426,-0.2181167096148242
2026-04-15,TENB,0.0055612480808662,0.0347923959563565
2026-04-15,TH,0.0006723842061826,-0.0518252936690912
2026-04-15,TIGO,0.0514472784448237,0.8477710425476194
2026-04-15,TILE,-0.0092071790084164,-0.2268649270261421
2026-04-15,TLS,0.0020313444598935,-0.0277481255403575
2026-04-15,TMCI,-0.1605249853607349,-2.9078147594198973
2026-04-15,TNDM,-0.0254581077480592,-0.5147882437265411
2026-04-15,TNGX,-0.0038679459006263,-0.1322678901637867
2026-04-15,TORO,-0.0065320424991455,-0.1794686096392662
2026-04-15,TOYO,0.0754566662814165,1.2731536584343448
2026-04-15,TPG,-0.0186334242923193,-0.3938729700527622
2026-04-15,TRDA,-0.040102340223727,-0.7742451678493064
2026-04-15,TRUP,0.0155369777349328,0.2115358433323071
2026-04-15,TSEM,-0.0192026570774793,-0.4039582638906512
2026-04-15,TSHA,0.0042601540530134,0.0117404637351164
2026-04-15,TSLA,-0.0074272767245214,-0.1953297835772926
2026-04-15,TTMI,-0.0017115160299219,-0.0940616774265147
2026-04-15,TVGN,0.0156790186784908,0.2140524317828319
2026-04-15,TZOO,-0.0032744626487731,-0.1217529424326532
2026-04-15,UAL,0.0025530333324533,-0.0185051836211859
2026-04-15,UFPT,-0.0166500612910628,-0.3587330428097373
2026-04-15,ULCC,0.0485963345116852,0.7972598843173999
2026-04-15,UNB,0.0103762892455837,0.1201021431348364
2026-04-15,URBN,0.017197013237233,0.2409472656159301
2026-04-15,URGN,0.0082878264254258,0.08310012610436
2026-04-15,USAR,0.0083443724869259,0.0841019722040073
2026-04-15,VC,-0.0040878505079698,-0.1361640160356316
2026-04-15,VECO,-0.0004253979518126,-0.0712750792787885
2026-04-15,VHCP,0.0063861527959043,0.0494075176715969
2026-04-15,VIAV,0.0388236673397794,0.6241141650650454
2026-04-15,VICR,0.0283850514668792,0.4391696026933482
2026-04-15,VNCE,-0.024325668940021,-0.4947244342794407
2026-04-15,VRAX,-0.0307590093495502,-0.6087061480540985
2026-04-15,VREX,-0.0149249798134866,-0.3281691785186763
2026-04-15,VSAT,0.0295307118745125,0.4594676637865246
2026-04-15,VSEC,-0.0376974358833875,-0.7316366471234336
2026-04-15,VTGN,0.0035714702320432,-0.0004611853563556
2026-04-15,VTSI,0.0057820339205888,0.0387041349265939
2026-04-15,VTVT,-0.0323038469226398,-0.6360765688425627
2026-04-15,WATT,0.0749495838439389,1.2641695037698222
2026-04-15,WAY,0.0281251200256223,0.4345643075818867
2026-04-15,WDC,-0.0110293558991074,-0.2591490642830317
2026-04-15,WEN,0.0020797002513719,-0.0268913892831755
2026-04-15,WERN,0.0501243712859979,0.8243326395518171
2026-04-15,WEST,0.0263950900968291,0.4039127698716774
2026-04-15,WGS,-0.0329850188664507,-0.6481451274121939
2026-04-15,WINA,-0.001058244164272,-0.0824874341768886
2026-04-15,WIX,-0.0197290479535742,-0.4132845128302799
2026-04-15,WLDN,-0.0144171360061936,-0.3191715344021976
2026-04-15,WLFC,-0.0291474176260493,-0.5801530209294098
2026-04-15,WSC,-0.0081945729134235,-0.2089242351400116
2026-04-15,WVE,-0.0474362463118936,-0.9041825147606302
2026-04-15,WYFI,0.0008206296286902,-0.0491987783223146
2026-04-15,XEL,0.0329259391827246,0.5196220785399113
2026-04-15,XENE,0.004167166337357,0.0100929682637428
2026-04-15,XLO,-0.0063567514523296,-0.1763629176264771
2026-04-15,XMTR,0.0128441703296436,0.1638264445780737
2026-04-15,XNDU,0.2859449661757344,5.00244755930295
2026-04-15,XOS,0.0210496932254569,0.3092065274812953
2026-04-15,ZD,0.0062208344266208,0.0464785150306907
2026-04-15,ZSQR,0.0566594860206557,0.9401175241923044
2026-04-15,ZVRA,0.015614187916866,0.2129038027899737
2026-04-16,AAL,0.0329420187555244,0.3005407425348481
2026-04-16,AAON,0.020810558585803,0.0761082796849025
2026-04-16,ABSI,0.1082005784651875,1.6928268869790168
2026-04-16,ACHV,0.0856225431355779,1.2751323964192915
2026-04-16,ACIC,0.0111074178408224,-0.103400183790165
2026-04-16,ADAM,0.0316255263363564,0.2761855839782051
2026-04-16,ADEA,0.0368543604826103,0.3729192095154358
2026-04-16,ADTN,0.0129268305295206,-0.0697409816040879
2026-04-16,ADTX,0.0057724958662215,-0.2020964380844627
2026-04-16,ADUR,-0.0253349926797845,-0.7775861293321537
2026-04-16,ADV,0.1011700567260899,1.5627619741860832
2026-04-16,AEI,-0.0237049255313829,-0.7474298266605562
2026-04-16,AEIS,0.0078288005183633,-0.164054725793157
2026-04-16,AEYE,0.0071340537248423,-0.1769075672273787
2026-04-16,AFBI,-0.0021396318432997,-0.3484710940111397
2026-04-16,AGEN,0.0200403324241448,0.0618590671421407
2026-04-16,AGH,0.0189710879762425,0.0420780052193311
2026-04-16,AGPU,-0.0024901174572825,-0.3549550908622342
2026-04-16,AIOT,0.0327452099675743,0.296899772662121
2026-04-16,AIRO,-0.0685349411050039,-1.57678677660966
2026-04-16,AKAM,-0.0023771267363698,-0.3528647583368121
2026-04-16,AKAN,0.0777397615228616,1.1293006443713576
2026-04-16,AKBA,0.0389882921378687,0.4123970242420123
2026-04-16,AKTS,0.0900049293659918,1.356206704135876
2026-04-16,ALAB,-0.0059836976966453,-0.4195864547965638
2026-04-16,ALDX,0.0088263862035116,-0.1455993536376681
2026-04-16,ALGT,0.0811452922951233,1.1923030899003468
2026-04-16,ALHC,0.0008393697419197,-0.2933594542537591
2026-04-16,ALKS,0.015377230673995,-0.0244084880956103
2026-04-16,AMD,-0.0028308001789254,-0.3612577338416482
2026-04-16,AMPH,0.0470296158537857,0.5611618110762733
2026-04-16,AMRX,0.0589978993370733,0.7825754991782773
2026-04-16,AMSC,0.0469811130270432,0.5602645069835492
2026-04-16,ANAB,-0.0037793102274229,-0.378805204899875
2026-04-16,ANNA,-0.0561532122836405,-1.3477243344269427
2026-04-16,APLD,0.0350891912783226,0.3402635138017469
2026-04-16,APLS,-0.0256085557605374,-0.7826470564669955
2026-04-16,APPF,0.0039226021905985,-0.2363195396585699
2026-04-16,ARAI,-0.0744772996774531,-1.6867206304816702
2026-04-16,ARCB,0.0315761927139947,0.2752729101357297
2026-04-16,ARHS,0.0554169568574481,0.7163279305605966
2026-04-16,ARTV,0.014549986487506,-0.0397125362113861
2026-04-16,ARWR,0.009632284648575,-0.1306902025295491
2026-04-16,ASBP,-0.0600583835845064,-1.4199701482566554
2026-04-16,ASO,0.0061072563129643,-0.1959033574102372
2026-04-16,ASPI,0.0390663980243623,0.4138419860375091
2026-04-16,ASRT,0.006556354794047,-0.1875950188622425
2026-04-16,ASST,0.1009955919588572,1.5595343695249133
2026-04-16,ASTI,-0.0895050175964983,-1.9647339690576344
2026-04-16,ASYS,-0.0243188077923786,-0.7587866712454336
2026-04-16,ATEX,0.0557834067047497,0.7231072663198775
2026-04-16,ATII,0.0003798737164477,-0.3018601477583896
2026-04-16,ATOM,0.0058387350809049,-0.2008710101573499
2026-04-16,AUUD,-0.0185356691818303,-0.6517983925708333
2026-04-16,AVAH,0.0093936070770891,-0.1351057464497537
2026-04-16,AVAV,-0.0528430032801635,-1.2864853451540257
2026-04-16,AVNW,0.0071731086531896,-0.1761850496051979
2026-04-16,AVR,0.0160756711674794,-0.0114873130751404
2026-04-16,AVTX,0.0017989216016823,-0.2756077092778116
2026-04-16,AXGN,0.0350360575768441,0.3392805383547408
2026-04-16,AXIN,0.0096526661961567,-0.1303131431437473
2026-04-16,AXTI,0.0272424009242968,0.1950976013737737
2026-04-16,BAND,0.1275998692206388,2.051714485081571
2026-04-16,BCAR,0.0096031451897242,-0.13122928359848
2026-04-16,BDTX,0.0391499754736314,0.4153881719471818
2026-04-16,BEAM,0.0183417328578205,0.0304349121984928
2026-04-16,BELFA,0.0505205463286493,0.6257441542691432
2026-04-16,BELFB,0.0473554592640407,0.5671899262449219
2026-04-16,BGDE,0.135736452058271,2.2022415691987938
2026-04-16,BHAV,-0.0010384785215351,-0.3280997167390257
2026-04-16,BIOA,0.0796868610913818,1.1653220585674615
2026-04-16,BJRI,0.0410668990531302,0.450851329227773
2026-04-16,BKNG,0.0364025339539571,0.3645604019862586
2026-04-16,BKR,-0.013410216041068,-0.556977319467505
2026-04-16,BL,-0.0400740274461764,-1.0502588188826227
2026-04-16,BLMN,0.0324032397460895,0.290573310887903
2026-04-16,BLNK,0.0306419004483093,0.2579884685865755
2026-04-16,BNZI,0.013848706019569,-0.0526862508645057
2026-04-16,BRCB,0.039436933167195,0.420696899915557
2026-04-16,BTBT,0.0321743746030062,0.2863392972568911
2026-04-16,BWEN,0.0395083198016355,0.4220175552989906
2026-04-16,BYND,0.0446827414338697,0.5177445473097982
2026-04-16,BZAI,0.4471110858881852,7.962683837629587
2026-04-16,CABA,-0.0365986098918693,-0.9859634652951088
2026-04-16,CAEP,0.0062371319170455,-0.1935006539202806
2026-04-16,CAR,0.0714242622156583,1.0124636730741663
2026-04-16,CBRL,0.0344739460856416,0.3288814549301677
2026-04-16,CCRN,-0.0056249548692625,-0.4129496991914791
2026-04-16,CDNA,-0.0584679924716177,-1.3905478537128266
2026-04-16,CDNL,0.0159771652816061,-0.0133096756153836
2026-04-16,CDW,0.0034378691749862,-0.245287118416325
2026-04-16,CELC,-0.0403225631555693,-1.054856738719546
2026-04-16,CELH,0.0110973750321631,-0.1035859761226463
2026-04-16,CENX,-0.0625038356712557,-1.4652111025137953
2026-04-16,CEPS,0.0114494802830086,-0.0970720159295537
2026-04-16,CEVA,0.0407071741793593,0.4441964057281027
2026-04-16,CGCT,0.0063032489888253,-0.1922774856414106
2026-04-16,CGEM,0.0049459790106452,-0.2173870305513911
2026-04-16,CGNT,0.0308396248853781,0.2616463780019422
2026-04-16,CGON,0.1003400216545162,1.5474062945927836
2026-04-16,CHMG,0.0613430257581284,0.8259604249010274
2026-04-16,CHRN,0.0337057746035598,0.3146702540357344
2026-04-16,CHRW,-0.0010296890042939,-0.3279371103442391
2026-04-16,CHTR,0.011442513588292,-0.0972009000400643
2026-04-16,CLBT,0.0314184140984907,0.2723539999000923
2026-04-16,CLFD,0.0340553504763485,0.3211374206410141
2026-04-16,CLMT,-0.0167188063207801,-0.6181863622907653
2026-04-16,CLNN,-0.0122242890774977,-0.5350376266794467
2026-04-16,CLPT,0.1162901881252119,1.8424849655692117
2026-04-16,CMPX,-0.0712547266710209,-1.627102910402724
2026-04-16,COAG,,
2026-04-16,COCO,-0.0049906756523739,-0.4012155101664717
2026-04-16,COLA,,
2026-04-16,COLB,0.0214767179288622,0.0884322522258519
2026-04-16,COLL,0.0427509863272413,0.4820070062275096
2026-04-16,COLM,0.0461925506019211,0.545676072886986
2026-04-16,COYA,0.0614993207263585,0.8288518876070994
2026-04-16,CPSH,0.0290620468514713,0.2287611184803069
2026-04-16,CRAC,0.0098016292503561,-0.1275573211190365
2026-04-16,CRDO,-0.0206397558509268,-0.6907240739470675
2026-04-16,CRMD,0.0345797734788953,0.3308392656283548
2026-04-16,CRML,0.3472557550290004,6.115356515123303
2026-04-16,CRWD,0.0117422551538156,-0.0916556699665344
2026-04-16,CSCO,0.0226586956125769,0.1102988831901812
2026-04-16,CSGS,-1.9934844993088022e-06,-0.3089247051316297
2026-04-16,CTSH,0.0097892740913527,-0.127785892018603
2026-04-16,CUE,0.0182436266261617,0.0286199432760325
2026-04-16,CVGI,0.0069225660528945,-0.1808200969982064
2026-04-16,CVRX,-0.0021330791542111,-0.3483498690200957
2026-04-16,CVV,-0.0285116349486338,-0.8363541290631753
2026-04-16,CXDO,0.0186022059558161,0.0352536741670818
2026-04-16,DARE,0.0834739252983568,1.2353828867819927
2026-04-16,DASH,0.017265596946863,0.010526357953699
2026-04-16,DAVE,0.0666084573666684,0.92337110484721
2026-04-16,DCBO,0.0232818327788361,0.1218269438655113
2026-04-16,DDOG,0.0190329317306342,0.0432221169681107
2026-04-16,DFDV,0.0024006777820173,-0.2644751976346668
2026-04-16,DGXX,0.1060926462064746,1.6538300620523234
2026-04-16,DIBS,0.0015643074118958,-0.2799480804859487
2026-04-16,DJCO,-0.0078668215662257,-0.4544243161907176
2026-04-16,DOMH,-0.0119455713458479,-0.5298813383119303
2026-04-16,DOMO,0.1064507513840841,1.660455021112964
2026-04-16,DOO,0.0757425457113541,1.092352077822195
2026-04-16,DOX,0.0150305154977508,-0.030822731708771
2026-04-16,DPRO,-0.0513097609565523,-1.258120305330321
2026-04-16,DRTS,-0.0009615096923743,-0.3266757905463366
2026-04-16,DSGN,0.032752964948012,0.2970432400876925
2026-04-16,EIKN,0.0568463554394664,0.7427718573153719
2026-04-16,ENGN,-0.0170592765975682,-0.6244850750324911
2026-04-16,ENPH,0.0113228137982407,-0.099415350593253
2026-04-16,ERII,0.0088209710427676,-0.1456995343121717
2026-04-16,ERNA,0.0429312630534389,0.4853421323449765
2026-04-16,ESOA,0.039242262400166,0.4170954835091243
2026-04-16,ESPR,-0.0010479130138634,-0.3282742551968345
2026-04-16,EYE,0.0262106947319779,0.1760109985707917
2026-04-16,EZGO,0.0385232734924241,0.4037941620631664
2026-04-16,FA,0.0331775282322758,0.3048976765850237
2026-04-16,FABC,-0.0378015113160949,-1.0082171862345282
2026-04-16,FACT,0.0152220554576907,-0.0272792353495457
2026-04-16,FCEL,-0.0155000139484062,-0.5956386582215311
2026-04-16,FDMT,0.0486290053104215,0.5907505753129906
2026-04-16,FEIM,-0.0395281794972699,-1.04016061159341
2026-04-16,FENC,0.0814039701603823,1.1970886399967604
2026-04-16,FFAI,-0.0291257723260509,-0.8477156933113064
2026-04-16,FGMC,0.0147993156271137,-0.0350999378860763
2026-04-16,FLNC,-0.1051331384794259,-2.253854784722208
2026-04-16,FLWS,0.0562830530756401,0.7323507427031112
2026-04-16,FLXS,0.0369678620220746,0.3750189922029981
2026-04-16,FLYW,0.0120598150597402,-0.0857807999350663
2026-04-16,FMAO,0.0251149255005892,0.155739227170218
2026-04-16,FNKO,0.0329521664155954,0.3007284746223327
2026-04-16,FOSL,-0.0039211596785124,-0.3814294250033523
2026-04-16,FOXF,0.0524368876640889,0.6611965400130536
2026-04-16,FRMI,-0.006753872151971,-0.4338347107702586
2026-04-16,FROG,0.0144075195782068,-0.042348179314632
2026-04-16,FSEA,-0.0169275075487156,-0.6220473427440737
2026-04-16,FTRE,0.0185502527920712,0.0342925387119113
2026-04-16,FWRD,0.0571867403239127,0.749068990295608
2026-04-16,FWRG,0.0527776202730468,0.6675001059096461
2026-04-16,GALT,0.0746125828983667,1.0714477238944975
2026-04-16,GDRX,-0.0359265784850803,-0.9735308593574806
2026-04-16,GELS,0.0117125511854886,-0.0922051944817032
2026-04-16,GFS,0.0794530907433712,1.1609972984634591
2026-04-16,GH,0.0552563372500582,0.7133564618697555
2026-04-16,GLSI,-0.0030236200204128,-0.3648249080569458
2026-04-16,GLUE,0.0504988564400832,0.6253428905266321
2026-04-16,GMM,-0.0863486096679719,-1.9063403053726693
2026-04-16,GPRE,-0.0660627095297746,-1.531050400822931
2026-04-16,GPRO,0.0555548477214785,0.7188789166567369
2026-04-16,GRAL,0.0463833293307027,0.549205486441564
2026-04-16,GRPN,-0.0618116486884035,-1.4524056176718372
2026-04-16,GSHD,0.0177308692614094,0.019133913020331
2026-04-16,GSIT,0.0025928909368219,-0.2609192471454901
2026-04-16,GTX,0.0285840026919486,0.2199172838081649
2026-04-16,GV,0.0030447603778098,-0.2525596457365299
2026-04-16,HCKT,0.0296042694092039,0.2387922558984119
2026-04-16,HCSG,0.011380631060734,-0.0983457290938566
2026-04-16,HELE,0.051879276037515,0.6508807042509179
2026-04-16,HLMN,0.0329022358212747,0.2998047567764859
2026-04-16,HOOD,0.0398325455931849,0.4280157444616196
2026-04-16,HOVR,0.0081940803603061,-0.1572970351763851
2026-04-16,HPK,-0.0492182710333599,-1.2194276642202695
2026-04-16,HROW,0.0159832362443153,-0.0131973625802154
2026-04-16,HTCO,-0.0138723197583135,-0.5655262553666105
2026-04-16,HUHU,-0.0025486078991813,-0.3560371662055868
2026-04-16,HUT,0.0364073532084292,0.3646495583726409
2026-04-16,HYMC,0.0671843623186604,0.9340253678077094
2026-04-16,IEAG,0.0120561179582991,-0.0858491964487774
2026-04-16,IKT,0.0669581577282257,0.9298405744993214
2026-04-16,IMDX,0.1191091389289315,1.894635659935804
2026-04-16,IMSR,0.0524987160643748,0.6623403677103075
2026-04-16,IMUX,-0.0078246499598853,-0.4536441399101301
2026-04-16,IMVT,0.0637874409614978,0.8711821967772028
2026-04-16,IMXI,-0.0016918791237764,-0.3401876521018808
2026-04-16,INDI,0.0327612309229446,0.2971961609303643
2026-04-16,INDV,0.0273329735336665,0.1967731980046177
2026-04-16,INOD,0.0736796965098574,1.054189291125218
2026-04-16,INSM,0.0080217899820358,-0.1604844135611445
2026-04-16,INTC,-0.0136984195355845,-0.5623090947996877
2026-04-16,IPCX,0.0043676718095227,-0.2280857352098562
2026-04-16,IPSC,0.0503913148648673,0.6233533673985986
2026-04-16,IPST,-0.1250545605991876,-2.622401832419779
2026-04-16,IPWR,0.0497608810709866,0.6116903188417875
2026-04-16,IREN,-0.0092842823657871,-0.4806473935275099
2026-04-16,IRHO,0.0104874249420438,-0.1148700754005446
2026-04-16,IRWD,0.0087986830137278,-0.1461118636756195
2026-04-16,ISSC,0.0217074819540027,0.0927013952453146
2026-04-16,JACK,0.0430935631923971,0.4883446909321278
2026-04-16,JBHT,0.025595895007988,0.164637180886511
2026-04-16,JBIO,0.0345887873361038,0.3310060223208536
2026-04-16,JBLU,0.0531823797450272,0.6749881711456118
2026-04-16,KALU,0.0197974260969156,0.0573652910839254
2026-04-16,KALV,0.029884466229399,0.2439759074588441
2026-04-16,KEEL,0.0296192227511284,0.2390688932783317
2026-04-16,KMTS,0.1096913187442584,1.7204056374031853
2026-04-16,KOPN,0.0051366901045418,-0.2138588682446927
2026-04-16,KROS,-0.0136457782211913,-0.5613352285320135
2026-04-16,KXIN,0.0428773005332996,0.4843438237220229
2026-04-16,LASR,0.0161636079503498,-0.0098604793322431
2026-04-16,LBRDA,0.0020503561358673,-0.2709561610747757
2026-04-16,LBRDK,-0.0004377834340169,-0.3169868353523276
2026-04-16,LBRX,0.0756303581573636,1.090276603914606
2026-04-16,LBTYB,,
2026-04-16,LE,0.0361392820767334,0.3596902324989409
2026-04-16,LFUS,0.0059590887222822,-0.1986444633303909
2026-04-16,LGIH,0.1051343583172416,1.6361017005780276
2026-04-16,LGN,0.0617934095813682,0.8342925423265763
2026-04-16,LGND,0.0291481002473726,0.2303531094944598
2026-04-16,LIEN,0.0058716165849177,-0.2002627011142027
2026-04-16,LIFE,0.0412140459271323,0.4535735518515086
2026-04-16,LINC,0.0182551352835993,0.0288328538652501
2026-04-16,LIND,0.0596393236169938,0.7944418721342392
2026-04-16,LINK,0.0473360087134516,0.5668300903379964
2026-04-16,LITE,0.0144525358402137,-0.0415153767987627
2026-04-16,LLYVA,-0.0047276665533296,-0.3963498320844735
2026-04-16,LMB,0.0385078737421862,0.4035092661129008
2026-04-16,LMRI,0.0737832739393049,1.0561054774095848
2026-04-16,LOVE,0.0200993647472245,0.0629511673074282
2026-04-16,LQDA,-0.0548073586167517,-1.3228259916990528
2026-04-16,LRMR,0.0039249677196112,-0.2362757772841449
2026-04-16,LWAY,0.0015372265468903,-0.2804490774924311
2026-04-16,LWLG,-0.0023711399012985,-0.3527540016660633
2026-04-16,LXRX,0.0155626987387417,-0.0209773220225437
2026-04-16,MASI,-0.0073232068585344,-0.4443674239467713
2026-04-16,MBBC,0.0107475464805903,-0.1100578172947963
2026-04-16,MBX,-0.0033496012620373,-0.3708555731110408
2026-04-16,MCW,0.0027148757398873,-0.2586625237668354
2026-04-16,MDAI,-0.0116900976072388,-0.5251550646773178
2026-04-16,MDB,0.0457434302586282,0.5373673298872914
2026-04-16,MELI,0.0068955132493113,-0.1813205748673359
2026-04-16,MGNX,0.0018812350430141,-0.2740849075618347
2026-04-16,MKSI,0.0247299334791038,0.1486168605011832
2026-04-16,MLTX,0.017129358009788,0.0080059325674692
2026-04-16,MMED,0.0169866207391865,0.0053652877701073
2026-04-16,MNPR,-0.0459935144115058,-1.159769547175071
2026-04-16,MNTS,-0.0251961737548405,-0.7750179740747084
2026-04-16,MOVE,0.0343205683545295,0.3260439612189205
2026-04-16,MPLT,0.0353411315635103,0.3449244184170805
2026-04-16,MRAM,0.0095163765946431,-0.1328345058239701
2026-04-16,MRLN,-0.1999527616972219,-4.008021329190414
2026-04-16,MRVI,-0.0087088738916959,-0.4700023154265798
2026-04-16,MSFT,0.0024537968706084,-0.2634924925266213
2026-04-16,MSTR,0.1136264693769972,1.7932060699838732
2026-04-16,MTCH,0.0155812817228327,-0.0206335361279934
2026-04-16,MTSI,0.0517376142019152,0.6482599550409545
2026-04-16,MU,-0.0191949228255429,-0.6639946094178784
2026-04-16,MWH,0.0116400038316641,-0.0935473232167666
2026-04-16,MXL,0.1167411041818032,1.8508269293314927
2026-04-16,MYRG,0.0370422676591547,0.3763954992471774
2026-04-16,NAMS,0.0415125144042088,0.4590952297415728
2026-04-16,NAUT,-0.0245308579632494,-0.7627096072671877
2026-04-16,NB,0.0421867092771359,0.4715678598829538
2026-04-16,NEGG,0.0627170884950488,0.8513806364702068
2026-04-16,NEO,0.0128578648106614,-0.0710168499595251
2026-04-16,NERV,0.0514317073349102,0.642600666661473
2026-04-16,NESR,0.028937305312286,0.2264533953812435
2026-04-16,NEXT,-0.0885029966900641,-1.946196545143945
2026-04-16,NKLR,0.042363401826754,0.4748366786008358
2026-04-16,NKSH,0.05116075732003,0.6375880813421418
2026-04-16,NKTR,0.0071180416246952,-0.1772037916736648
2026-04-16,NNBR,0.1324586900243862,2.1416028500661324
2026-04-16,NNE,0.0406415499663685,0.4429823553551012
2026-04-16,NRXP,0.0101509262057324,-0.1210953144962277
2026-04-16,NSIT,0.0096962498247523,-0.1295068443990955
2026-04-16,NSTS,0.0494607988310992,0.6061387862798989
2026-04-16,NUAI,-0.0785854249046524,-1.7627210994720008
2026-04-16,NUCL,-0.0773792308445738,-1.7404064646472448
2026-04-16,NVAX,0.0140306101839674,-0.0493210170799954
2026-04-16,NVMI,0.0184223924557839,0.0319271177508469
2026-04-16,NVTS,0.0122616794663388,-0.0820463009299307
2026-04-16,NXT,0.0416129298486162,0.4609529191854836
2026-04-16,ODD,0.0196442600092689,0.0545317127846342
2026-04-16,ODFL,0.0169330176021715,0.0043736277482744
2026-04-16,OLPX,-0.0110539727342984,-0.5133867309469342
2026-04-16,OMEX,-0.0353295881633033,-0.9624865162743284
2026-04-16,ON,0.0353246808295102,0.3446200792282547
2026-04-16,ONDS,-0.0285660877392611,-0.8373615077083321
2026-04-16,ONEW,0.1374328710399078,2.2336253832448896
2026-04-16,OPEN,0.0002640452290915,-0.3040029790682123
2026-04-16,OPRT,0.0919674268809121,1.3925129809111791
2026-04-16,OPRX,0.0837006089503126,1.2395765427462786
2026-04-16,OPTX,-0.1774218843488857,-3.5911992630323817
2026-04-16,ORBS,-0.1293702058036875,-2.702241428682881
2026-04-16,ORMP,0.0027710588848737,-0.2576231335018917
2026-04-16,OTLK,0.1284540990884643,2.067517769302423
2026-04-16,PAHC,0.0515038453500836,0.643935222616318
2026-04-16,PALI,0.0015740200874773,-0.2797683956276455
2026-04-16,PANW,0.0027193604071732,-0.2585795572558007
2026-04-16,PCT,-0.0158109946187463,-0.6013918121507958
2026-04-16,PENG,0.0049433596101099,-0.217435489558395
2026-04-16,PEPG,0.0255101878070197,0.163051594491454
2026-04-16,PFIS,0.0316502535188509,0.276643037770984
2026-04-16,PHOE,0.0030374630120111,-0.2526946472743172
2026-04-16,PHVS,-0.0117198195666183,-0.525704922027624
2026-04-16,PICS,0.0590216464114872,0.7830148209352324
2026-04-16,PLAB,0.050325335504831,0.6221327467920892
2026-04-16,PLSE,0.1358645837406492,2.2046120100726
2026-04-16,PMTR,0.0054807480793913,-0.2074937829558361
2026-04-16,PNRG,-0.0225856117324998,-0.7267224798885453
2026-04-16,PNTG,0.0076058683555274,-0.1681789790696584
2026-04-16,POET,-0.0188155164182492,-0.6569755768184475
2026-04-16,POLE,0.0049576003128977,-0.217172036028921
2026-04-16,POWI,0.0414822021287655,0.4585344515222033
2026-04-16,POWL,0.0260822952400592,0.1736356032105608
2026-04-16,PPTA,0.0515561548470633,0.6449029502495425
2026-04-16,PRAA,0.0289428973121247,0.2265568475855525
2026-04-16,PRE,-0.0039670235748426,-0.3822779087856238
2026-04-16,PRTA,0.0297042719809686,0.2406423071831272
2026-04-16,PRTH,0.0335829699659154,0.3123983636869772
2026-04-16,PSIG,-0.0565480641363092,-1.3550291083383708
2026-04-16,PTEN,-0.0930559820555175,-2.0304269431828272
2026-04-16,PTON,0.0111694103692821,-0.1022533197156131
2026-04-16,PURR,-0.020644814207082,-0.6908176537234512
2026-04-16,PYXS,-0.0332155892805048,-0.9233774585771634
2026-04-16,QCOM,0.0126833896886629,-0.0742446461842449
2026-04-16,QDEL,0.0213983637264271,0.0869826965762336
2026-04-16,QMCO,0.0086944366243146,-0.1480404257441498
2026-04-16,QNTM,0.0269963208645085,0.1905451111455656
2026-04-16,QSEA,0.0067923537217676,-0.1832290299509915
2026-04-16,QTI,0.0563376162834886,0.7333601640709532
2026-04-16,QTRX,0.0274336356316229,0.1986354505483278
2026-04-16,QURE,0.0459667768860646,0.5414992507742661
2026-04-16,RBCAA,0.0362982000032624,0.3626302200307743
2026-04-16,RDVT,0.0246321970381155,0.1468087327198352
2026-04-16,RDZN,0.0168077381948221,0.0020559540682363
2026-04-16,RFIL,0.0143526876700092,-0.0433625716488921
2026-04-16,RGNX,0.02512585972895,0.1559415108002224
2026-04-16,RGTI,0.0049792863071815,-0.2167708443307772
2026-04-16,RILY,-0.0165595408584707,-0.6152399453341127
2026-04-16,RIOT,0.0557619229362082,0.722709815805461
2026-04-16,RKLB,0.029389188785006,0.2348132563777664
2026-04-16,RLAY,0.0209469120798644,0.0786308243796264
2026-04-16,RMBS,0.0428796968735461,0.4843881561054149
2026-04-16,ROOT,0.0476879163870327,0.5733403953443741
2026-04-16,RVMD,-0.0418575686467059,-1.0832543972078306
2026-04-16,RXT,0.1086252065847207,1.7006825229312357
2026-04-16,RZLT,-0.0403912996851685,-1.056128367065175
2026-04-16,SABR,0.0793677821599583,1.159419086507952
2026-04-16,SAIA,0.0197421748491949,0.0563431409529432
2026-04-16,SAIL,-0.0125659770698454,-0.5413588672041648
2026-04-16,SANM,0.0283555618183598,0.2156911191785274
2026-04-16,SATL,-0.0961834007697494,-2.0882843053287226
2026-04-16,SCVL,0.0545694978754306,0.7006499079781872
2026-04-16,SCZM,0.0150297576120493,-0.0308367526223432
2026-04-16,SEAT,0.0451727386040954,0.5268095131230428
2026-04-16,SEIC,0.0097917395789648,-0.127740280406384
2026-04-16,SEPN,0.0445892942047426,0.5160157701068818
2026-04-16,SERV,0.0072325549086834,-0.1750852916749047
2026-04-16,SEZL,0.0865318042371234,1.2919537605039568
2026-04-16,SFIX,0.0317591751171611,0.2786580913774181
2026-04-16,SGHT,0.0600030963999788,0.8011716821044249
2026-04-16,SGML,-0.0820837008005863,-1.8274393332269636
2026-04-16,SHMD,0.2379901840865065,4.093939402240628
2026-04-16,SHOO,0.0320737308893648,0.2844773848236888
2026-04-16,SIBN,0.0209295982755643,0.0783105183582562
2026-04-16,SITM,0.0567662278996586,0.7412894948586203
2026-04-16,SKIN,0.0085782697690954,-0.1501895168719797
2026-04-16,SLNO,-0.0212141804653748,-0.7013509506081291
2026-04-16,SMTC,0.0542798065413958,0.6952906075597597
2026-04-16,SMX,-0.0420641445926568,-1.0870760598656393
2026-04-16,SNDK,-0.0108891035465817,-0.5103366448625172
2026-04-16,SNEX,-0.002512299823115,-0.355365465452429
2026-04-16,SOBR,-0.2104568547962911,-4.202347440907217
2026-04-16,SOLS,0.012865321734598,-0.0708788965902709
2026-04-16,SPPL,0.0625724550756297,0.8487049128494286
2026-04-16,SPT,-0.0237943822139232,-0.7490847786036874
2026-04-16,SRRK,-0.0085904177112145,-0.4678108716965328
2026-04-16,STEX,0.0713566858389202,1.0112135075994737
2026-04-16,STFS,0.0059375535432901,-0.1990428649400474
2026-04-16,STKE,0.0568016980434498,0.7419456938336267
2026-04-16,STOK,0.0491445786151529,0.6002887005626913
2026-04-16,STRO,0.0658136974598468,0.9086680171094654
2026-04-16,STRZ,0.1548810194731026,2.556416776057356
2026-04-16,STTK,0.0190011791828954,0.0426346936578826
2026-04-16,STX,0.0241814884523504,0.1384706071755289
2026-04-16,SUNS,0.0139872836403124,-0.0501225597437158
2026-04-16,SWIM,0.0486319377279182,0.5908048251453842
2026-04-16,SWMR,-0.1021313607786482,-2.198321785982693
2026-04-16,SYNA,0.0066808144920097,-0.1852925098362442
2026-04-16,TACT,0.0309270356030323,0.263263479518839
2026-04-16,TBLA,0.0196750106281331,0.0551006003735398
2026-04-16,TCMD,0.0177670510972989,0.0198032783255386
2026-04-16,TENB,0.0152944977378571,-0.0259390504810502
2026-04-16,TH,-0.0053374749352725,-0.4076313097558568
2026-04-16,TIGO,-0.0031729603695457,-0.3675877100519133
2026-04-16,TILE,0.0423760875586444,0.4750713651110659
2026-04-16,TLS,-0.0181871615263667,-0.6453509880256668
2026-04-16,TMCI,0.0166576937463104,-0.000719873791339
2026-04-16,TNDM,0.0122044760291018,-0.0831045666393307
2026-04-16,TNGX,0.0558190949604142,0.7237675003726246
2026-04-16,TORO,0.0216594227002737,0.0918122972697844
2026-04-16,TOYO,0.0166506358563526,-0.0008504450171927
2026-04-16,TPG,0.0345913953638654,0.3310542709311224
2026-04-16,TRDA,0.0197282320410057,0.0560851984845867
2026-04-16,TRUP,0.0043275853252188,-0.228827336655474
2026-04-16,TSEM,0.0395497957124115,0.4227848611858474
2026-04-16,TSHA,0.073767594396079,1.0558154052786684
2026-04-16,TSLA,0.0279328133233789,0.2078702563502025
2026-04-16,TTMI,0.0752745304939041,1.083693778950166
2026-04-16,TVGN,0.1460675460653873,2.393367191301436
2026-04-16,TZOO,0.061846144133397,0.8352681334939648
2026-04-16,UAL,0.0698988708305101,0.9842438759030602
2026-04-16,UFPT,0.0401105450507768,0.4331587447324391
2026-04-16,ULCC,0.0728572665999054,1.0389743073038415
2026-04-16,UNB,0.0313359582566331,0.2708285637691102
2026-04-16,URBN,0.0623378753424691,0.8443651790901491
2026-04-16,URGN,0.0471484034335476,0.5633593857052944
2026-04-16,USAR,0.0743722055535924,1.0670007341054466
2026-04-16,VC,0.0593507800023867,0.7891038045677694
2026-04-16,VECO,-0.0081255316550951,-0.4592104624251173
2026-04-16,VHCP,,
2026-04-16,VIAV,0.0741865274940608,1.0635656831210736
2026-04-16,VICR,0.0596440488986842,0.7945292900206764
2026-04-16,VNCE,0.1030966577878754,1.5984041652477194
2026-04-16,VRAX,0.0007225840411366,-0.295519994047462
2026-04-16,VREX,0.0320642336561916,0.2843016856579236
2026-04-16,VSAT,0.0221788291558039,0.101421335951355
2026-04-16,VSEC,0.0321248035785363,0.2854222314666124
2026-04-16,VTGN,0.0393255392350587,0.4186361080416897
2026-04-16,VTSI,0.0159381735993482,-0.0140310231825659
2026-04-16,VTVT,0.0226204463136388,0.1095912697419361
2026-04-16,WATT,0.0370677159972342,0.3768662944450114
2026-04-16,WAY,0.0183522774749718,0.0306299880066779
2026-04-16,WDC,0.0180293856137954,0.0246564766053965
2026-04-16,WEN,0.0139355530300283,-0.0510795779516134
2026-04-16,WERN,0.0008133608036355,-0.2938406205761624
2026-04-16,WEST,0.0538586141628726,0.6874985329435881
2026-04-16,WGS,-0.0014744773140995,-0.3361657105638304
2026-04-16,WINA,0.0145848752932252,-0.0390670920122623
2026-04-16,WIX,-0.0123522994339229,-0.5374058230186238
2026-04-16,WLDN,-0.0026245779619647,-0.3574426151832704
2026-04-16,WLFC,0.0253974869076203,0.1609666236747725
2026-04-16,WSC,0.0661624834141884,0.91512057019419
2026-04-16,WVE,0.0160649540467279,-0.0116855802063229
2026-04-16,WYFI,0.0109711673569066,-0.1059208227933772
2026-04-16,XEL,0.004147171144225,-0.2321650056917657
2026-04-16,XENE,0.0031970412400713,-0.2497424441396794
2026-04-16,XLO,0.0236571357729587,0.1287700631691646
2026-04-16,XMTR,0.0495674670462853,0.6081121522150055
2026-04-16,XNDU,-0.0520805467502559,-1.2723798710866676
2026-04-16,XOS,0.003902736997558,-0.2366870464662169
2026-04-16,ZD,0.009563410865011,-0.131964370078615
2026-04-16,ZSQR,0.0682789503446071,0.9542752868638186
2026-04-16,ZVRA,0.0166016203424129,-0.0017572338420707
2026-04-17,AAL,-0.0463683478877647,-0.9829020736388216
2026-04-17,AAON,0.0382639690804131,0.6328514666159303
2026-04-17,ABSI,0.1002965924235592,1.8171441147265175
2026-04-17,ACHV,-0.1591933972197826,-3.136895718361671
2026-04-17,ACIC,0.0039809643422802,-0.0216607606345243
2026-04-17,ADAM,0.0163301140412513,0.2141023976960085
2026-04-17,ADEA,0.0191329604467915,0.2676127961439766
2026-04-17,ADTN,0.0334699666374145,0.5413270147664393
2026-04-17,ADTX,-0.1974146044960071,-3.8665939374543945
2026-04-17,ADUR,0.027812317716449,0.4333143004624491
2026-04-17,ADV,0.0896740682852878,1.614344739763084
2026-04-17,AEI,0.0256095009918883,0.3912593379050656
2026-04-17,AEIS,0.0131251860545256,0.1529156793557716
2026-04-17,AEYE,0.0071600840467682,0.0390332402085757
2026-04-17,AFBI,0.0139129926875005,0.1679560492979539
2026-04-17,AGEN,-0.0782740835734539,-1.5920287906583763
2026-04-17,AGH,0.0223151326392725,0.3283650734050933
2026-04-17,AGPU,0.3140779669662261,5.898540266124802
2026-04-17,AIOT,-0.0024380966597825,-0.144209934646787
2026-04-17,AIRO,0.0618276413033461,1.08271610673824
2026-04-17,AKAM,0.0194764237285953,0.2741700077789906
2026-04-17,AKAN,-0.042228510601936,-0.903866582348047
2026-04-17,AKBA,0.0113342899241224,0.1187248777023611
2026-04-17,AKTS,0.0327976295557278,0.5284911258424918
2026-04-17,ALAB,0.0057232274195852,0.0116015655791038
2026-04-17,ALDX,-0.0059646646123105,-0.2115372259034888
2026-04-17,ALGT,-0.0185044007179602,-0.4509389548456625
2026-04-17,ALHC,0.0149271833476654,0.1873184182884057
2026-04-17,ALKS,-0.0086063015705324,-0.2619699024532717
2026-04-17,AMD,-0.0135871489006626,-0.3570614938858013
2026-04-17,AMPH,0.0024190239050047,-0.0514804664112661
2026-04-17,AMRX,-0.0552536765501974,-1.1525358702422
2026-04-17,AMSC,0.0128783347090717,0.1482029295502368
2026-04-17,ANAB,0.1440097822860427,2.651692237787981
2026-04-17,ANNA,0.0488475328590328,0.8349070318705918
2026-04-17,APLD,0.0222397717049548,0.3269263239913614
2026-04-17,APLS,-0.0102013057576703,-0.2924208431153162
2026-04-17,APPF,0.0073363554973369,0.0423985175695783
2026-04-17,ARAI,0.0556539824985551,0.9648520161932924
2026-04-17,ARCB,-0.000807092770324,-0.1130717075136132
2026-04-17,ARHS,0.0332477524516362,0.5370846240316915
2026-04-17,ARTV,0.0522397115372062,0.8996686371861613
2026-04-17,ARWR,0.0027695054242881,-0.0447892664552369
2026-04-17,ASBP,-0.0372332909815045,-0.8085006030721058
2026-04-17,ASO,-0.0093307384436572,-0.2758004518742775
2026-04-17,ASPI,0.0201912795137469,0.2878176403501827
2026-04-17,ASRT,0.0102771775730731,0.0985430714510071
2026-04-17,ASST,-0.0114903785945523,-0.3170311110892089
2026-04-17,ASTI,-0.164047772516012,-3.2295727754432693
2026-04-17,ASYS,0.0270981617513219,0.4196800284693755
2026-04-17,ATEX,0.003897336130769,-0.0232573443469279
2026-04-17,ATII,,
2026-04-17,ATOM,0.1708425603700417,3.163968844848062
2026-04-17,AUUD,-0.0165140435999536,-0.4129401539738923
2026-04-17,AVAH,0.0213996625389438,0.310887422921299
2026-04-17,AVAV,0.0305260082311037,0.4851225837906468
2026-04-17,AVNW,-0.0103316483750314,-0.2949092725119311
2026-04-17,AVR,-0.0092112745091745,-0.2735197122940794
2026-04-17,AVTX,0.0257942853027731,0.3947871381023362
2026-04-17,AXGN,-0.0349744389183662,-0.76537584472123
2026-04-17,AXIN,-0.0002519259339779,-0.1024727683212067
2026-04-17,AXTI,-0.0519816059299465,-1.090067301756454
2026-04-17,BAND,0.0345548079967897,0.562038207958567
2026-04-17,BCAR,0.009795839311619,0.0893536267109221
2026-04-17,BDTX,-0.0048227019807999,-0.189735504873028
2026-04-17,BEAM,-0.0066010484148628,-0.2236867146421858
2026-04-17,BELFA,0.0051649699222715,0.0009436211912933
2026-04-17,BELFB,0.0014803140899232,-0.0694017967177507
2026-04-17,BGDE,-0.089580240593635,-1.8078797077365727
2026-04-17,BHAV,0.0012939422846011,-0.0729599044836762
2026-04-17,BIOA,0.0258513700288034,0.395876968222578
2026-04-17,BJRI,-0.0008009100206426,-0.1129536698650641
2026-04-17,BKNG,-0.0032997753204653,-0.1606606286184962
2026-04-17,BKR,-0.0079560446448346,-0.2495555556953265
2026-04-17,BL,0.0055446137740559,0.0081915723230953
2026-04-17,BLMN,-0.0153042398235191,-0.3898432472033653
2026-04-17,BLNK,0.1436469558024723,2.6447653545792007
2026-04-17,BNZI,-0.0380392680012928,-0.8238878720225296
2026-04-17,BRCB,-0.0318418876156019,-0.7055709021320511
2026-04-17,BTBT,0.0333520296611933,0.5390754270316032
2026-04-17,BWEN,0.0704847860358781,1.2479935415430303
2026-04-17,BYND,0.3742513720786025,7.04733774470574
2026-04-17,BZAI,-0.0910153671399067,-1.8352783526150287
2026-04-17,CABA,-0.0325856260756344,-0.719769946809901
2026-04-17,CAEP,0.009011831628333,0.0743857842219522
2026-04-17,CAR,0.2039547231510826,3.796128002904376
2026-04-17,CBRL,0.0327000587820958,0.5266283584202014
2026-04-17,CCRN,0.0029724678311648,-0.0409144200703404
2026-04-17,CDNA,-0.009761836157441,-0.2840307317743745
2026-04-17,CDNL,-0.0088318847876202,-0.2662766128765355
2026-04-17,CDW,0.0160903017946385,0.2095240344851009
2026-04-17,CELC,-0.0034322677811591,-0.1631901016388735
2026-04-17,CELH,-0.0368425404342938,-0.8010406090340179
2026-04-17,CENX,-0.0084543097328902,-0.2590681580776283
2026-04-17,CEPS,-0.0032934688512875,-0.1605402289855248
2026-04-17,CEVA,0.0163091262618905,0.2137017105823973
2026-04-17,CGCT,0.0121364152037456,0.1340386113529057
2026-04-17,CGEM,-0.0257005995073135,-0.5883248150797203
2026-04-17,CGNT,0.0089924212860594,0.0740152126676133
2026-04-17,CGON,-0.0338565594703721,-0.7440339065541154
2026-04-17,CHMG,0.0794244040482575,1.418663800487474
2026-04-17,CHRN,0.0509385959399184,0.8748284554694201
2026-04-17,CHRW,0.0057769584614306,0.0126273690096758
2026-04-17,CHTR,0.0265555960032638,0.4093216623079555
2026-04-17,CLBT,0.0129310583595636,0.1492095004204325
2026-04-17,CLFD,0.0394681427906496,0.6558408872662949
2026-04-17,CLMT,-0.0122765227448906,-0.3320397418293712
2026-04-17,CLNN,-0.0206422935129865,-0.4917544255310238
2026-04-17,CLPT,-0.0640032221184056,-1.319577370863864
2026-04-17,CMPX,-0.0864676511582323,-1.7484558661146734
2026-04-17,COAG,,
2026-04-17,COCO,-0.0137096914197079,-0.3594010081053361
2026-04-17,COLA,0.0085550891669075,0.0656659089370712
2026-04-17,COLB,0.0051114652310782,-7.786087741099578e-05
2026-04-17,COLL,0.0029284129156203,-0.0417554922317402
2026-04-17,COLM,0.0520720686152727,0.8964680909372089
2026-04-17,COYA,0.0427988365895459,0.7194286571615075
2026-04-17,CPSH,-0.0129695772174151,-0.3452711557583066
2026-04-17,CRAC,0.0079488302577299,0.0540915480557192
2026-04-17,CRDO,0.0786109729726615,1.4031342228127708
2026-04-17,CRMD,0.0189646883494998,0.2644002380259304
2026-04-17,CRML,-0.0590742954360441,-1.2254770198162113
2026-04-17,CRWD,0.0213201178468693,0.3093687995108564
2026-04-17,CSCO,0.0202188403967558,0.2883438175350868
2026-04-17,CSGS,0.0077422187341813,0.0501470347469719
2026-04-17,CTSH,-0.0176942081579463,-0.4354712051251547
2026-04-17,CUE,0.3809713865946488,7.175632557300174
2026-04-17,CVGI,0.0140056673515206,0.169725342894614
2026-04-17,CVRX,-0.0266372077983316,-0.606206024247296
2026-04-17,CVV,0.099511958941339,1.802164324829279
2026-04-17,CXDO,0.0176879352450996,0.2400251715930745
2026-04-17,DARE,-0.0554824390805567,-1.1569032783617812
2026-04-17,DASH,0.0260026297943173,0.3987647362807203
2026-04-17,DAVE,0.0596483716755432,1.0411106923713365
2026-04-17,DCBO,0.0281719848205166,0.4401808665394361
2026-04-17,DDOG,0.0182978670397062,0.2516696531782847
2026-04-17,DFDV,-0.0200486901784547,-0.4804216779041637
2026-04-17,DGXX,0.1792200012462817,3.323906327821018
2026-04-17,DIBS,0.0344063526935645,0.5592039811484243
2026-04-17,DJCO,0.0171592447535897,0.2299317041806513
2026-04-17,DOMH,-0.0297574284477467,-0.6657755568002569
2026-04-17,DOMO,0.0035483639880424,-0.0299197281178095
2026-04-17,DOO,0.0468405049526513,0.7965899614972805
2026-04-17,DOX,-0.0093247841472856,-0.275686775730378
2026-04-17,DPRO,-0.0109935226005429,-0.3075454103536456
2026-04-17,DRTS,0.0172769288516779,0.2321784641055768
2026-04-17,DSGN,0.0146583366497145,0.1821857453383868
2026-04-17,EIKN,-0.0337762869416576,-0.7425013876877774
2026-04-17,ENGN,0.0653142150319837,1.1492798503200647
2026-04-17,ENPH,0.0385398221752897,0.6381179018336357
2026-04-17,ERII,-0.0056283864162358,-0.2051171879642883
2026-04-17,ERNA,-0.0657684960298746,-1.353279007238156
2026-04-17,ESOA,-0.0263582509820331,-0.6008803344911944
2026-04-17,ESPR,-0.0101045143120002,-0.2905729541928535
2026-04-17,EYE,-0.003321143065296,-0.1610685698233964
2026-04-17,EZGO,-0.0331659604265069,-0.7308493703155375
2026-04-17,FA,0.0042180225017838,-0.0171349769364571
2026-04-17,FABC,0.0206240828792298,0.2960804836122443
2026-04-17,FACT,0.0153457290966166,0.195309062995448
2026-04-17,FCEL,0.1908268084875604,3.545497093180803
2026-04-17,FDMT,-0.0364899049415841,-0.7943082866047572
2026-04-17,FEIM,-0.0238065657870051,-0.5521649674165537
2026-04-17,FENC,-0.0045567665483475,-0.1846584121990114
2026-04-17,FFAI,-0.0299054729237321,-0.6686019403232137
2026-04-17,FGMC,0.0161997639346522,0.2116138253189913
2026-04-17,FLNC,-0.0618660647717076,-1.278775940952556
2026-04-17,FLWS,0.1397037510663507,2.569483863529707
2026-04-17,FLXS,-0.0076472905418776,-0.2436609925687065
2026-04-17,FLYW,0.0106876743905183,0.1063800503948753
2026-04-17,FMAO,-0.002456852460741,-0.1445680100591674
2026-04-17,FNKO,0.0238260443420279,0.357210566713014
2026-04-17,FOSL,-0.001232323460889,-0.1211899774407354
2026-04-17,FOXF,-0.0040806664916291,-0.1755689723760707
2026-04-17,FRMI,-0.1844770340493165,-3.619596974587415
2026-04-17,FROG,0.0329432663125931,0.5312715425193141
2026-04-17,FSEA,0.0555854584308383,0.9635437924677428
2026-04-17,FTRE,0.002862246307483,-0.0430187086385967
2026-04-17,FWRD,0.0392454859608358,0.6515900458156365
2026-04-17,FWRG,0.0082436086979648,0.0597192955340184
2026-04-17,GALT,-0.0531810505631915,-1.1129664374758972
2026-04-17,GDRX,0.0375523782071873,0.619266165943377
2026-04-17,GELS,0.0102945030809715,0.0988738404967632
2026-04-17,GFS,0.0730729227459186,1.2974048208476432
2026-04-17,GH,0.0085559230118767,0.0656818282455499
2026-04-17,GLSI,-0.0982002880652273,-1.9724489020861284
2026-04-17,GLUE,0.0019118707563819,-0.0611627547461898
2026-04-17,GMM,0.0213406676634833,0.3097611252811426
2026-04-17,GPRE,0.0516118523199684,0.8876818951309374
2026-04-17,GPRO,-0.020730788108213,-0.4934439155586261
2026-04-17,GRAL,-0.0064505504169654,-0.220813489831439
2026-04-17,GRPN,0.0431799875461762,0.7267053811082065
2026-04-17,GSHD,0.0136950396081074,0.1637950092572885
2026-04-17,GSIT,-0.0065368545957914,-0.2224611616366348
2026-04-17,GTX,0.0011783846813045,-0.0751660665423159
2026-04-17,GV,0.0275129863939569,0.4275996318659651
2026-04-17,HCKT,0.0077149103775492,0.0496256786564437
2026-04-17,HCSG,0.0074847407152883,0.0452314063503094
2026-04-17,HELE,0.0409649972051461,0.6844180065761439
2026-04-17,HLMN,0.0080853726338489,0.0566983398287966
2026-04-17,HOOD,7.002439744576133e-05,-0.096326270075393
2026-04-17,HOVR,-0.0304738340746001,-0.6794527780948364
2026-04-17,HPK,0.0598741804414773,1.045421708848833
2026-04-17,HROW,-0.022070936354307,-0.5190292870888279
2026-04-17,HTCO,-0.0805819709776611,-1.636089704709203
2026-04-17,HUHU,-0.0133721464209183,-0.3529567850670524
2026-04-17,HUT,0.0550615891484477,0.9535423689220356
2026-04-17,HYMC,-0.0023191568265147,-0.1419392009180622
2026-04-17,IEAG,0.003801739443366,-0.0250824236031917
2026-04-17,IKT,-0.0022112660102172,-0.1398794089303374
2026-04-17,IMDX,0.0475761048913958,0.8106336300132273
2026-04-17,IMSR,0.0012971201819008,-0.0728992338203124
2026-04-17,IMUX,-0.0252541568687716,-0.5798015783353456
2026-04-17,IMVT,-0.019913189879538,-0.4778347808945674
2026-04-17,IMXI,0.0054622564511819,0.0066192517159505
2026-04-17,INDI,-0.003890078947771,-0.1719303800540275
2026-04-17,INDV,-0.0097240569905472,-0.28330947274658
2026-04-17,INOD,-0.0104168398256715,-0.2965357007240164
2026-04-17,INSM,-0.0113892049266783,-0.315099559196219
2026-04-17,INTC,-0.042747564759937,-0.9137760781933456
2026-04-17,IPCX,0.0069210312553109,0.0344693760968303
2026-04-17,IPSC,-0.0825562420899874,-1.6737814004282665
2026-04-17,IPST,-0.0541194500681076,-1.1308818435117685
2026-04-17,IPWR,-0.0972231741612857,-1.9537943820861696
2026-04-17,IREN,0.0094691784765792,0.0831171981268316
2026-04-17,IRHO,0.0064863147469224,0.0261700081650735
2026-04-17,IRWD,-0.003392993597622,-0.162440300577483
2026-04-17,ISSC,-0.0313834108978596,-0.6968179173816146
2026-04-17,JACK,-0.0168251847151672,-0.4188802886226239
2026-04-17,JBHT,0.0257368677828764,0.3936909544650533
2026-04-17,JBIO,0.0231546478942984,0.344392635854032
2026-04-17,JBLU,-0.0246215460205547,-0.5677241207609028
2026-04-17,KALU,0.0260628709340019,0.3999148269104136
2026-04-17,KALV,0.0236900862978236,0.3546149306827268
2026-04-17,KEEL,-0.0063563621274095,-0.219015298930465
2026-04-17,KMTS,0.018140646643591,0.2486680880466218
2026-04-17,KOPN,-0.0491040517195582,-1.0351306230825383
2026-04-17,KROS,0.0038249009714969,-0.0246402364763833
2026-04-17,KXIN,0.0121680104397594,0.1346418101813578
2026-04-17,LASR,0.012968446150452,0.1499232875132878
2026-04-17,LBRDA,0.0134976151667417,0.1600258906570094
2026-04-17,LBRDK,0.0127670386195406,0.146078125963162
2026-04-17,LBRX,0.0362162614596568,0.5937577615613052
2026-04-17,LBTYB,,
2026-04-17,LE,0.0215719773860347,0.3141771629898626
2026-04-17,LFUS,0.0137471963552601,0.1647907571214504
2026-04-17,LGIH,0.0596443995322121,1.0410348584005855
2026-04-17,LGN,0.0299258745080081,0.4736651615853368
2026-04-17,LGND,-0.0011295791782237,-0.1192284402359834
2026-04-17,LIEN,-0.0018048190424658,-0.132119747484261
2026-04-17,LIFE,-0.0170126300484067,-0.4224588915917462
2026-04-17,LINC,-0.0199063329448814,-0.4777038720781298
2026-04-17,LIND,-0.0345134099925431,-0.7565741346210727
2026-04-17,LINK,0.0007376048947475,-0.0835811912383583
2026-04-17,LITE,-0.0072773114684361,-0.2365975560571205
2026-04-17,LLYVA,-0.0066563918896416,-0.2247433017534366
2026-04-17,LMB,0.0459773150504612,0.7801104157358169
2026-04-17,LMRI,0.0078644563874204,0.0524807286365983
2026-04-17,LOVE,-0.0205911750040277,-0.4907784991381094
2026-04-17,LQDA,-0.0386309762957224,-0.8351844405884392
2026-04-17,LRMR,0.0091911957047451,0.0778101042906822
2026-04-17,LWAY,0.0319386889385317,0.5120927050876288
2026-04-17,LWLG,0.1224609846757151,2.2402944730285514
2026-04-17,LXRX,-0.0144480389580294,-0.3734971322777368
2026-04-17,MASI,0.0047306669310943,-0.0073478520978252
2026-04-17,MBBC,0.0155170822350011,0.1985804426515492
2026-04-17,MBX,0.0147254518517353,0.183467071776735
2026-04-17,MCW,0.002365567183168,-0.0525010326754572
2026-04-17,MDAI,-0.0089768472247519,-0.2690441558127348
2026-04-17,MDB,-0.0009058836466316,-0.11495776846358
2026-04-17,MELI,0.0015393794707526,-0.0682741530279579
2026-04-17,MGNX,-0.0008927232665859,-0.1147065177426771
2026-04-17,MKSI,0.0056247116987889,0.0097207577464734
2026-04-17,MLTX,-0.0234244690757606,-0.544870187644128
2026-04-17,MMED,-0.0448939614315494,-0.9547539002025528
2026-04-17,MNPR,-0.0174376574735875,-0.430573280888207
2026-04-17,MNTS,-0.1688840122888583,-3.321903599110019
2026-04-17,MOVE,0.0198587276226717,0.2814687429718302
2026-04-17,MPLT,-0.0754598276462761,-1.538300567913037
2026-04-17,MRAM,-0.0006932922440757,-0.1108990906013572
2026-04-17,MRLN,0.0092243860096774,0.0784437552956134
2026-04-17,MRVI,0.070302155055758,1.244506851549653
2026-04-17,MSFT,-0.0113345376979646,-0.3140558826020487
2026-04-17,MSTR,0.0156915265595995,0.2019108375307683
2026-04-17,MTCH,0.0089325439765578,0.0728720680832045
2026-04-17,MTSI,0.0165256273535934,0.217835030074518
2026-04-17,MU,-0.0076833843451301,-0.2443500755629532
2026-04-17,MWH,0.0071152381710995,0.0381770674725191
2026-04-17,MXL,0.202890181042546,3.775804351818883
2026-04-17,MYRG,0.0050206674040943,-0.0018113229360207
2026-04-17,NAMS,-0.0238583874419378,-0.5531543178847784
2026-04-17,NAUT,-0.0287557039266454,-0.6466511844645924
2026-04-17,NB,0.0192517770341892,0.2698811769304918
2026-04-17,NEGG,-0.0465014325957911,-0.9854428535187844
2026-04-17,NEO,-0.0163416168180069,-0.4096482769067684
2026-04-17,NERV,0.0378812345492532,0.6255445099372927
2026-04-17,NESR,-0.0259087541947518,-0.5922987896227483
2026-04-17,NEXT,0.0546692531809357,0.94605210691355
2026-04-17,NKLR,-0.0155399842557276,-0.3943439499441332
2026-04-17,NKSH,0.0260564194801218,0.3997916593094314
2026-04-17,NKTR,0.1712123874251113,3.171029379108698
2026-04-17,NNBR,-0.0639062881059775,-1.3177267601354496
2026-04-17,NNE,-0.0192746808829001,-0.4656447191219462
2026-04-17,NRXP,0.2636244661881066,4.935309842796743
2026-04-17,NSIT,-0.0077980580576123,-0.2465393628654258
2026-04-17,NSTS,0.0097359204620205,0.0882096890658836
2026-04-17,NUAI,-0.0141057208662346,-0.366961783979064
2026-04-17,NUCL,-0.034885500203347,-0.7636778758033753
2026-04-17,NVAX,-0.0250648391972101,-0.5761872297151462
2026-04-17,NVMI,0.0100293541576245,0.0938117634210066
2026-04-17,NVTS,0.0674218570540389,1.1895177899242204
2026-04-17,NXT,-0.0434026835491263,-0.9262832449688692
2026-04-17,ODD,-0.0373737036866974,-0.8111812850342626
2026-04-17,ODFL,0.0258154637187551,0.3951914647452281
2026-04-17,OLPX,0.0113893574608403,0.1197761967562697
2026-04-17,OMEX,0.0028136760682386,-0.0439459848709081
2026-04-17,ON,0.0264634414140772,0.4075622976933135
2026-04-17,ONDS,0.0760747335250514,1.3547137374330465
2026-04-17,ONEW,-0.0033338948207912,-0.1613120193096431
2026-04-17,OPEN,-0.0020575954214583,-0.1369456147638189
2026-04-17,OPRT,-0.0196074020706844,-0.4719968486197397
2026-04-17,OPRX,-0.0011500531618045,-0.1196193182438055
2026-04-17,OPTX,0.0511158251220774,0.8782120173139751
2026-04-17,ORBS,-0.0572828577576508,-1.191275879227113
2026-04-17,ORMP,-0.0075784421523677,-0.2423465770702722
2026-04-17,OTLK,0.2135115559937197,3.9785817871357576
2026-04-17,PAHC,-0.0067280536260866,-0.2261114281206409
2026-04-17,PALI,0.0485920486522893,0.8300294682363561
2026-04-17,PANW,0.0084275929490929,0.0632318214314614
2026-04-17,PCT,0.0221231376980496,0.3246996118284169
2026-04-17,PENG,0.0412499127717851,0.6898574575088627
2026-04-17,PEPG,0.0309283908645234,0.4928046512062092
2026-04-17,PFIS,0.0041280720986622,-0.0188522604458492
2026-04-17,PHOE,-0.0925477772211989,-1.8645342811145516
2026-04-17,PHVS,0.0189582450565868,0.2642772262296335
2026-04-17,PICS,-0.0444327384821394,-0.9459484859110324
2026-04-17,PLAB,0.0178407236190064,0.2429421229999762
2026-04-17,PLSE,0.01953017005509,0.275196103015663
2026-04-17,PMTR,0.0073972146334373,0.0435604066461592
2026-04-17,PNRG,0.0011698423674131,-0.0753291516900041
2026-04-17,PNTG,-0.032348212185363,-0.7152373716961186
2026-04-17,POET,0.1877421252614484,3.48660602152281
2026-04-17,POLE,0.0070752470126931,0.0374135783221695
2026-04-17,POWI,0.0491279564081001,0.8402607236801469
2026-04-17,POWL,-0.0044181465320614,-0.1820119552652055
2026-04-17,PPTA,-0.0094546248904557,-0.2781656236216077
2026-04-17,PRAA,0.0114121927740002,0.1202121559666844
2026-04-17,PRE,0.0196338168660977,0.2771748707939897
2026-04-17,PRTA,-0.0189470487501389,-0.4593897470572053
2026-04-17,PRTH,0.0244418685467361,0.3689675429435712
2026-04-17,PSIG,-0.0021031779377518,-0.1378158510365958
2026-04-17,PTEN,0.0407910461971905,0.6810970298263198
2026-04-17,PTON,0.0105159888033843,0.1031023238105174
2026-04-17,PURR,-0.0431489474500145,-0.92143905524186
2026-04-17,PYXS,0.0180895065132679,0.2476917488705397
2026-04-17,QCOM,0.0075502896457423,0.0464828303953447
2026-04-17,QDEL,0.0198158637457127,0.2806504094625218
2026-04-17,QMCO,-0.0241938989944153,-0.5595597194870484
2026-04-17,QNTM,-0.0108583236953057,-0.3049642673860276
2026-04-17,QSEA,0.0155187292120944,0.1986118858302857
2026-04-17,QTI,0.0143826731293198,0.1769229293721852
2026-04-17,QTRX,-0.05542031820804,-1.1557173009090982
2026-04-17,QURE,0.0189653598583232,0.2644130581022044
2026-04-17,RBCAA,0.0033728228159044,-0.0332710634055947
2026-04-17,RDVT,0.0515348335710027,0.8862114956338497
2026-04-17,RDZN,0.058311154313135,1.0155812756567542
2026-04-17,RFIL,-0.0002647464297862,-0.1027175301596172
2026-04-17,RGNX,-0.0038310552837981,-0.1708035327994637
2026-04-17,RGTI,-0.0192899193821697,-0.4659356441494656
2026-04-17,RILY,-0.0596378725533225,-1.236236523455838
2026-04-17,RIOT,-0.0007536350657364,-0.1120511224872851
2026-04-17,RKLB,0.0560696419530923,0.9727875573585129
2026-04-17,RLAY,-0.0328846448727104,-0.7254786488434265
2026-04-17,RMBS,-0.0032421057123492,-0.1595596322518986
2026-04-17,ROOT,0.0041506708711356,-0.0184208171398241
2026-04-17,RVMD,-0.0062671549910424,-0.2173122054602099
2026-04-17,RXT,-0.0174676714743551,-0.431146291645028
2026-04-17,RZLT,-0.034322853137699,-0.7529361281967667
2026-04-17,SABR,0.025158569790714,0.3826504079973268
2026-04-17,SAIA,0.0246810948424876,0.3735347195036531
2026-04-17,SAIL,0.0475275292159912,0.8097062499967409
2026-04-17,SANM,0.0056894013824489,0.0109557775253944
2026-04-17,SATL,-0.0543590572276328,-1.1354562913130597
2026-04-17,SCVL,0.037191727596492,0.6123808233000341
2026-04-17,SCZM,-0.0153168251285634,-0.390083518909364
2026-04-17,SEAT,-0.0495432786936272,-1.0435161023385786
2026-04-17,SEIC,0.0206083049385268,0.2957792598662557
2026-04-17,SEPN,0.0304702011571227,0.4840571458989953
2026-04-17,SERV,0.0400252092328437,0.6664760926863544
2026-04-17,SEZL,0.0488156704860408,0.8342987330102155
2026-04-17,SFIX,0.0480459892002419,0.8196044022043487
2026-04-17,SGHT,0.0661275596087308,1.164807776606429
2026-04-17,SGML,0.0917100818655036,1.653215188642292
2026-04-17,SHMD,-0.056123507337614,-1.1691422001234844
2026-04-17,SHOO,-0.0026562643277514,-0.1483750714942445
2026-04-17,SIBN,0.0145408226082749,0.1799422320412482
2026-04-17,SITM,0.0451936709568727,0.7651495147009154
2026-04-17,SKIN,-0.0348348586048181,-0.7627110543214816
2026-04-17,SLNO,0.0024740175059518,-0.0504305588983339
2026-04-17,SMTC,-0.021881587556698,-0.515414344227287
2026-04-17,SMX,-0.0158280898346868,-0.3998443028335095
2026-04-17,SNDK,-0.0136251695761322,-0.3577873636621896
2026-04-17,SNEX,-0.0194589787986191,-0.4691632333308452
2026-04-17,SOBR,-0.00139246568951,-0.1242473245878771
2026-04-17,SOLS,-0.0038219818578947,-0.1706303079540264
2026-04-17,SPPL,0.0352262381993266,0.5748567832457223
2026-04-17,SPT,0.037222452689463,0.6129674098371987
2026-04-17,SRRK,-0.0260939150352787,-0.595833778316375
2026-04-17,STEX,-0.0402950557047421,-0.8669541273075149
2026-04-17,STFS,0.0060612578200168,0.0180550556379466
2026-04-17,STKE,0.0029366763810019,-0.0415977307060788
2026-04-17,STOK,-0.019245997591707,-0.4650971135387394
2026-04-17,STRO,0.0894733150501088,1.6105120696663888
2026-04-17,STRZ,-0.0305848510928382,-0.681572253806629
2026-04-17,STTK,0.0492428294386546,0.8424538162533789
2026-04-17,STX,-0.0150062519627489,-0.3841542272374643
2026-04-17,SUNS,0.0119108226029588,0.1297317217812342
2026-04-17,SWIM,-0.0282533275039009,-0.637060090746868
2026-04-17,SWMR,0.0750828624313527,1.3357774813014496
2026-04-17,SYNA,0.035921321564719,0.5881269316788217
2026-04-17,TACT,-0.0476050686570368,-1.006512864798057
2026-04-17,TBLA,0.0042175202284294,-0.0171445660624523
2026-04-17,TCMD,-0.006964195196245,-0.2306197128002193
2026-04-17,TENB,0.0034161562422301,-0.0324437655186248
2026-04-17,TH,0.0451058052489029,0.7634720310421297
2026-04-17,TIGO,0.0292998890945099,0.4617141931581368
2026-04-17,TILE,0.0080256613240434,0.0555583644190743
2026-04-17,TLS,0.0006592906267815,-0.0850763240700174
2026-04-17,TMCI,0.0016324995944562,-0.066496354960589
2026-04-17,TNDM,0.0264015665808079,0.4063810174863081
2026-04-17,TNGX,-0.0224243482987353,-0.5257764331062645
2026-04-17,TORO,0.0296171817583338,0.4677717697817684
2026-04-17,TOYO,0.0407414342113027,0.6801498651413759
2026-04-17,TPG,-0.0100337710717153,-0.2892223632479963
2026-04-17,TRDA,-0.0303416081987696,-0.6769283945657077
2026-04-17,TRUP,0.0111410377837106,0.1150354143718278
2026-04-17,TSEM,-0.0121325839011394,-0.3292917407737146
2026-04-17,TSHA,0.0023614753018725,-0.0525791526174172
2026-04-17,TSLA,-0.018107011211597,-0.4433522134592981
2026-04-17,TTMI,4.310900864779683e-05,-0.0968401238406633
2026-04-17,TVGN,0.1252842979176385,2.294195613033984
2026-04-17,TZOO,-6.405160601904297e-05,-0.0988859752213944
2026-04-17,UAL,-0.0248609461319342,-0.5722946157131343
2026-04-17,UFPT,-0.0035583076222664,-0.1655963848032453
2026-04-17,ULCC,0.0512290818413292,0.8803742521628385
2026-04-17,UNB,0.0006725036231807,-0.0848240688266989
2026-04-17,URBN,0.0253975678803484,0.3872132277720235
2026-04-17,URGN,0.1019607592823591,1.8489154709885889
2026-04-17,USAR,0.1180440533760619,2.155968855579604
2026-04-17,VC,0.0231105360261558,0.3435504763850272
2026-04-17,VECO,0.086044379834681,1.5450487288043524
2026-04-17,VHCP,0.0036280633244589,-0.0283981523228394
2026-04-17,VIAV,0.0059193587905301,0.015345997591739
2026-04-17,VICR,0.0368118908336029,0.6051291892157665
2026-04-17,VNCE,0.3132646517392246,5.8830129001676
2026-04-17,VRAX,-0.0598802601842452,-1.2408640544842575
2026-04-17,VREX,-0.0023479970797601,-0.1424898031342421
2026-04-17,VSAT,0.0184122339128795,0.2538530824738226
2026-04-17,VSEC,-0.0030029463000093,-0.1549937325930396
2026-04-17,VTGN,-0.0397321983907732,-0.8562083657558669
2026-04-17,VTSI,-0.0055661460727954,-0.203928929638591
2026-04-17,VTVT,0.0049819505355666,-0.0025504840464839
2026-04-17,WATT,0.0374874005737389,0.6180256487858354
2026-04-17,WAY,0.0291935896495333,0.4596847827543933
2026-04-17,WDC,0.0029650462225649,-0.0410561093304145
2026-04-17,WEN,0.0319929594815675,0.5131288083775164
2026-04-17,WERN,0.0268976631704398,0.4158522200921322
2026-04-17,WEST,0.0773264407039795,1.3786106408638703
2026-04-17,WGS,0.0515719716543923,0.8869205154487928
2026-04-17,WINA,-0.0094676510261065,-0.2784143114225278
2026-04-17,WIX,0.0995872580024035,1.8036018929929705
2026-04-17,WLDN,0.0082279938946478,0.0594211863170725
2026-04-17,WLFC,-0.0252630767872676,-0.5799718725019839
2026-04-17,WSC,0.0500544693141894,0.8579491973239499
2026-04-17,WVE,0.017532084297863,0.2370497512244665
2026-04-17,WYFI,0.0009734635372221,-0.0790783080581506
2026-04-17,XEL,-0.0050275858956278,-0.1936470356284579
2026-04-17,XENE,-0.0322152198725665,-0.71269835577495
2026-04-17,XLO,-0.0165698509592418,-0.4140055973124704
2026-04-17,XMTR,0.0028013388218492,-0.0441815207778147
2026-04-17,XNDU,-0.0986527310054398,-1.981086693282208
2026-04-17,XOS,-0.0269612203477854,-0.6123918932228992
2026-04-17,ZD,-0.0028288012955786,-0.1516690521694573
2026-04-17,ZSQR,0.0570662884337276,0.9918149825449744
2026-04-17,ZVRA,0.0082923152643424,0.0606491744488053
2026-04-20,AAL,-0.0374126546096639,-0.4775117249199186
2026-04-20,AAON,-0.0297057336296018,-0.3254520030863483
2026-04-20,ABSI,0.0052301670559411,0.3638431582357951
2026-04-20,ACHV,0.0223609859882794,0.7018390412053429
2026-04-20,ACIC,-0.0104148923076043,0.0551617300694911
2026-04-20,ADAM,-0.0168371859411745,-0.0715519323620569
2026-04-20,ADEA,0.0012654988572143,0.2856191379012892
2026-04-20,ADTN,-0.017831531083901,-0.0911706421166664
2026-04-20,ADTX,-0.0447962598926516,-0.6231923369781655
2026-04-20,ADUR,-0.0354591135832349,-0.4389678101921356
2026-04-20,ADV,-0.0382483820040715,-0.4940008618205125
2026-04-20,AEI,-0.0194846203082308,-0.1237865581573216
2026-04-20,AEIS,0.0015787454539105,0.2917995814898731
2026-04-20,AEYE,-0.0355705789327527,-0.4411670529358482
2026-04-20,AFBI,-0.0013480351890914,0.2340533749835259
2026-04-20,AGEN,-0.1040728338742755,-1.7927358387489776
2026-04-20,AGH,0.0274640890294055,0.8025247016564016
2026-04-20,AGPU,0.0673818071306207,1.590112523875484
2026-04-20,AIOT,0.0513192800249618,1.2731943395643488
2026-04-20,AIRO,-0.0249435038084033,-0.2314918672821331
2026-04-20,AKAM,-0.0012260926678522,0.2364593352765252
2026-04-20,AKAN,-0.032766446648415,-0.3858407330937192
2026-04-20,AKBA,-0.023321505638958,-0.1994893865121248
2026-04-20,AKTS,0.0130621024827814,0.5183694503185535
2026-04-20,ALAB,0.0853978064803372,1.945573265818838
2026-04-20,ALDX,-0.0477682387921635,-0.6818303178169638
2026-04-20,ALGT,-0.0541184125796506,-0.8071210353704655
2026-04-20,ALHC,-0.0130463160275486,0.0032429988516481
2026-04-20,ALKS,-0.0244450729641016,-0.2216576863253205
2026-04-20,AMD,0.0347879814460034,0.94702716204077
2026-04-20,AMPH,-0.0737910086310768,-1.1952668968711693
2026-04-20,AMRX,-0.0307662753461986,-0.3463767898897671
2026-04-20,AMSC,0.0188415988482261,0.6324005415858953
2026-04-20,ANAB,0.0127107439521551,0.5114370475381036
2026-04-20,ANNA,0.1799089576820096,3.810304901069236
2026-04-20,APLD,-0.0170128319226031,-0.0750174770518645
2026-04-20,APLS,-0.0294779050713146,-0.3209568814562542
2026-04-20,APPF,-0.0081848993837828,0.0991601186042061
2026-04-20,ARAI,-0.0945336249921239,-1.604524560485605
2026-04-20,ARCB,-0.011838062616045,0.0270821790032294
2026-04-20,ARHS,-0.0121366204626792,0.0211915485909193
2026-04-20,ARTV,-0.0426079753441338,-0.5800168664366671
2026-04-20,ARWR,0.0341229498468477,0.9339059012623392
2026-04-20,ASBP,-0.2256255352005879,-4.191004875062515
2026-04-20,ASO,-0.0017761684376389,0.2256061853924741
2026-04-20,ASPI,-0.0603101353272487,-0.9292854692742328
2026-04-20,ASRT,-0.0118367087445451,0.0271088912692839
2026-04-20,ASST,0.0107885609621778,0.4735118357024942
2026-04-20,ASTI,0.0434574530392874,1.1180782786058945
2026-04-20,ASYS,-0.0153813541346157,-0.0428279607377858
2026-04-20,ATEX,0.0334068346934218,0.919776747568867
2026-04-20,ATII,0.0149704780867717,0.5560222385393554
2026-04-20,ATOM,0.0405762451519475,1.0612312354057611
2026-04-20,AUUD,-0.050457291197248,-0.734886079225554
2026-04-20,AVAH,-0.0619782486880797,-0.962197815760078
2026-04-20,AVAV,0.0636793177901853,1.5170613662659982
2026-04-20,AVNW,-0.0042294077831436,0.1772030820735657
2026-04-20,AVR,0.0016559222687795,0.2933223017865176
2026-04-20,AVTX,-0.0093408409982743,0.0763530649429393
2026-04-20,AXGN,-0.0352116910461049,-0.4340860938402138
2026-04-20,AXIN,-0.0026973812931631,0.2074303962643765
2026-04-20,AXTI,-0.0483303172133048,-0.6929202833931657
2026-04-20,BAND,-0.0039598614012102,0.1825213081153368
2026-04-20,BCAR,-0.0039687338736595,0.1823462517347006
2026-04-20,BDTX,0.0395367818090114,1.0407223308520548
2026-04-20,BEAM,-0.0148024339636702,-0.0314057026939384
2026-04-20,BELFA,-0.0031616613384168,0.1982700201924288
2026-04-20,BELFB,0.0046253610190093,0.3519101647644675
2026-04-20,BGDE,0.0047180437172335,0.3537388205074317
2026-04-20,BHAV,0.0006409154873487,0.2732959320802705
2026-04-20,BIOA,0.0400246086998266,1.0503472928196411
2026-04-20,BJRI,-0.0426068129003416,-0.579993931093209
2026-04-20,BKNG,-0.0095944550082189,0.0713491890883601
2026-04-20,BKR,0.0084453946749351,0.4272805048286367
2026-04-20,BL,-0.0058651929301015,0.1449285803536968
2026-04-20,BLMN,-0.026390544384936,-0.2600423854616619
2026-04-20,BLNK,-0.0531467585005556,-0.7879500266929583
2026-04-20,BNZI,-0.0603425420373539,-0.9299248627929786
2026-04-20,BRCB,-0.0247077018488438,-0.2268394281989793
2026-04-20,BTBT,-0.0489588990701305,-0.7053223804882077
2026-04-20,BWEN,-0.0730317796949242,-1.180287096100146
2026-04-20,BYND,-0.1095193707702868,-1.900197545895881
2026-04-20,BZAI,-0.0418018698129534,-0.5641121772414751
2026-04-20,CABA,-0.0539923055324421,-0.804632907807021
2026-04-20,CAEP,-0.0039116780949738,0.1834719783197249
2026-04-20,CAR,0.1611406677770016,3.440001254563661
2026-04-20,CBRL,-0.0409235460892078,-0.5467826027644448
2026-04-20,CCRN,0.0021676869553764,0.303419563207711
2026-04-20,CDNA,-0.0197453138785503,-0.1289301157322762
2026-04-20,CDNL,-0.0846002498400212,-1.4085362706867557
2026-04-20,CDW,0.0248734061844491,0.7514097993780217
2026-04-20,CELC,0.0484293474958837,1.2161751567251515
2026-04-20,CELH,-0.0185281237739406,-0.1049146121084107
2026-04-20,CENX,-0.019222977404679,-0.1186242699702818
2026-04-20,CEPS,0.0070761397003096,0.4002647184854999
2026-04-20,CEVA,0.0360787066655111,0.9724935341950532
2026-04-20,CGCT,-0.0049649507412058,0.1626906123221645
2026-04-20,CGEM,-0.0203496366166976,-0.140853573582448
2026-04-20,CGNT,0.0087743150323041,0.4337701961303011
2026-04-20,CGON,0.0239139009839777,0.732478491497871
2026-04-20,CHMG,-0.0207599984599428,-0.1489501283410099
2026-04-20,CHRN,-0.0208817275137923,-0.1513518768622808
2026-04-20,CHRW,-0.0121071461363521,0.0217730853517248
2026-04-20,CHTR,-0.01435041196416,-0.0224871813173743
2026-04-20,CLBT,-0.0047865162690913,0.1662111747186722
2026-04-20,CLFD,0.0351829324841763,0.954819657274315
2026-04-20,CLMT,-0.0084981495596324,0.0929796043979194
2026-04-20,CLNN,0.0372329133754588,0.9952663577009804
2026-04-20,CLPT,-0.0312400884796159,-0.3557252564764773
2026-04-20,CMPX,-0.0258857716007148,-0.2500830762438313
2026-04-20,COAG,,
2026-04-20,COCO,-0.0056694999193696,0.1487896585785353
2026-04-20,COLA,,
2026-04-20,COLB,-0.0231984213896273,-0.1970608996022768
2026-04-20,COLL,-0.0359334968194475,-0.4483275250675864
2026-04-20,COLM,-0.006497240161746,0.1324581104373474
2026-04-20,COYA,-0.0838412030713169,-1.3935600641308008
2026-04-20,CPSH,-0.0048041956270891,0.1658623560054275
2026-04-20,CRAC,-0.0025328813971611,0.2106760255490705
2026-04-20,CRDO,0.0596751127382174,1.4380572726802476
2026-04-20,CRMD,-0.0305676748532091,-0.3424583462210031
2026-04-20,CRML,-0.1085276843150163,-1.8806312927936817
2026-04-20,CRWD,0.0362522712911645,0.9759180131491356
2026-04-20,CSCO,0.0193626416031635,0.6426808619089078
2026-04-20,CSGS,-0.0112140723172001,0.039393683365954
2026-04-20,CTSH,-0.003337669800212,0.1947973236628848
2026-04-20,CUE,-0.2000976166020606,-3.687331850371557
2026-04-20,CVGI,-0.0121454787693904,0.0210167717042858
2026-04-20,CVRX,0.0483881341728848,1.2153620062533523
2026-04-20,CVV,-0.0198198981836847,-0.1304016850815957
2026-04-20,CXDO,-0.0226673690136181,-0.1865830866359939
2026-04-20,DARE,-0.1502144066182069,-2.703122066213468
2026-04-20,DASH,-0.0317239379972339,-0.3652717437505322
2026-04-20,DAVE,0.0286168975145637,0.8252699377933792
2026-04-20,DCBO,0.0555525304267359,1.3567175624196104
2026-04-20,DDOG,0.0004988920584893,0.2704937698235036
2026-04-20,DFDV,-0.0355970155807144,-0.441688655446846
2026-04-20,DGXX,-0.0388762725598631,-0.5063893193514256
2026-04-20,DIBS,-0.0265034555496037,-0.2622701545455402
2026-04-20,DJCO,-0.0375889427741632,-0.4809899400626013
2026-04-20,DOMH,-0.0164622297599868,-0.0641539412890098
2026-04-20,DOMO,0.0415849368793356,1.0811330073169114
2026-04-20,DOO,-0.0150679653818111,-0.0366447123691425
2026-04-20,DOX,-0.0071283215201513,0.1200066974720762
2026-04-20,DPRO,0.0326284473231669,0.9044189454964272
2026-04-20,DRTS,-0.031059473813705,-0.3521616782422488
2026-04-20,DSGN,0.0085939693560765,0.4302119251382925
2026-04-20,EIKN,0.0267732177977771,0.7888936176507393
2026-04-20,ENGN,0.000368365527184,0.267918444593944
2026-04-20,ENPH,-0.0061830104868825,0.1386579504350853
2026-04-20,ERII,-0.009871281199743,0.0658873303527771
2026-04-20,ERNA,0.0098207904129606,0.4544174501633919
2026-04-20,ESOA,-0.0346808098433511,-0.4236116581704767
2026-04-20,ESPR,-0.0503073663824867,-0.73192802039927
2026-04-20,EYE,-0.017835450637985,-0.0912479760228087
2026-04-20,EZGO,0.0274654983799396,0.8025525085394281
2026-04-20,FA,0.044841819475944,1.145392218351522
2026-04-20,FABC,-0.0265326233910184,-0.2628456442726937
2026-04-20,FACT,-0.0120544559512194,0.0228126775462428
2026-04-20,FCEL,0.1227689291355888,2.6829160425602705
2026-04-20,FDMT,-0.0191789758522273,-0.1177561069459871
2026-04-20,FEIM,-0.0270115487227455,-0.2722949759720686
2026-04-20,FENC,-0.0248614435770842,-0.2298727958033609
2026-04-20,FFAI,0.8288023261780241,16.61315384274313
2026-04-20,FGMC,0.0028242911495772,0.3163745489125375
2026-04-20,FLNC,0.0161902047927327,0.5800877900223959
2026-04-20,FLWS,-0.0738925808453551,-1.1972709452698935
2026-04-20,FLXS,0.0724550130213884,1.6902083051284982
2026-04-20,FLYW,-0.0029334882823682,0.2027719388603922
2026-04-20,FMAO,-0.0153409013785048,-0.042029816464926
2026-04-20,FNKO,-0.0228341292679426,-0.1898733134270913
2026-04-20,FOSL,-0.0399597416189636,-0.5277664690806507
2026-04-20,FOXF,-0.0134886933389787,-0.0054852301123651
2026-04-20,FRMI,-0.0525039602803807,-0.7752674367445498
2026-04-20,FROG,0.010239148649501,0.4626717760141037
2026-04-20,FSEA,-0.021769795967144,-0.1688737175993503
2026-04-20,FTRE,-0.0053262794584929,0.1555614949504816
2026-04-20,FWRD,0.0002955126173296,0.2664810361612008
2026-04-20,FWRG,-0.0070491610015872,0.1215685568013989
2026-04-20,GALT,0.0103248678340562,0.4643630396708855
2026-04-20,GDRX,-0.0273552041941288,-0.279075395223843
2026-04-20,GELS,0.0517688858288512,1.2820651887207162
2026-04-20,GFS,-0.0058658446127157,0.1449157224721515
2026-04-20,GH,-0.0039358175075145,0.1829957009106724
2026-04-20,GLSI,-0.0635220649903296,-0.9926577462679363
2026-04-20,GLUE,0.0608963431119667,1.4621524919523046
2026-04-20,GMM,-0.0025875402395386,0.2095975911925796
2026-04-20,GPRE,0.0212291448747635,0.679507497216988
2026-04-20,GPRO,0.1075301088345933,2.3822498255281
2026-04-20,GRAL,0.0084614641524511,0.4275975601465004
2026-04-20,GRPN,0.1242765147928784,2.7126611322375607
2026-04-20,GSHD,-0.0010167295755708,0.2405901280609447
2026-04-20,GSIT,0.0087083350589603,0.4324683926708899
2026-04-20,GTX,-0.0152281314499181,-0.0398048340087095
2026-04-20,GV,-0.0424998486156834,-0.5778834956270439
2026-04-20,HCKT,-0.0167949035861813,-0.070717689587884
2026-04-20,HCSG,-0.0084063555268865,0.0947907265206744
2026-04-20,HELE,0.0250454474857679,0.7548042227138901
2026-04-20,HLMN,-0.0017071685168833,0.2269675732649827
2026-04-20,HOOD,-0.0393573631530209,-0.515881372268741
2026-04-20,HOVR,0.0295128287010276,0.8429469124695379
2026-04-20,HPK,0.0483906170713189,1.2154109945388447
2026-04-20,HROW,-0.0196554806411279,-0.1271576806535732
2026-04-20,HTCO,0.0106961775879033,0.4716890857053705
2026-04-20,HUHU,-0.0504630209680751,-0.7349991292179437
2026-04-20,HUT,-0.0312775255506863,-0.356463900434027
2026-04-20,HYMC,-0.0928281724549341,-1.5708755015324471
2026-04-20,IEAG,,
2026-04-20,IKT,-0.0677859297600579,-1.076784999226435
2026-04-20,IMDX,-0.0862838896758674,-1.4417549588981708
2026-04-20,IMSR,-0.0549327427550658,-0.82318799911314
2026-04-20,IMUX,-0.0273831094403142,-0.2796259735914728
2026-04-20,IMVT,-3.662807108634723e-05,0.2599278068208703
2026-04-20,IMXI,-0.005438405926721,0.1533492081483906
2026-04-20,INDI,0.0076696354443291,0.4119745566917684
2026-04-20,INDV,-0.0138265256741319,-0.0121507572460517
2026-04-20,INOD,-0.0102506492725126,0.0584022914160712
2026-04-20,INSM,-0.0120502975197222,0.0228947245710351
2026-04-20,INTC,0.0016680106622294,0.2935608091943608
2026-04-20,IPCX,-0.0018643360933624,0.2238666127098541
2026-04-20,IPSC,-0.0115592908445232,0.0325824245802002
2026-04-20,IPST,-0.1122518763453027,-1.954110650587172
2026-04-20,IPWR,0.0116250901564289,0.4900167923398526
2026-04-20,IREN,-0.0673616053031801,-1.0684129581678918
2026-04-20,IRHO,0.0028939136606246,0.3177482206668753
2026-04-20,IRWD,-0.068534187172579,-1.0915483287457346
2026-04-20,ISSC,-0.0405709337901346,-0.5398254627793733
2026-04-20,JACK,7.243403428321051e-05,0.2620796328805875
2026-04-20,JBHT,-0.0099451068460508,0.0644307295558068
2026-04-20,JBIO,-0.0129981295954707,0.0041937307297719
2026-04-20,JBLU,-0.037729424583611,-0.4837616857341301
2026-04-20,KALU,-0.0044310521517782,0.1732245818809196
2026-04-20,KALV,-0.0912105586827919,-1.538959526156232
2026-04-20,KEEL,-0.0261792572451773,-0.2558736306785482
2026-04-20,KMTS,0.0040861751370884,0.3412718754354875
2026-04-20,KOPN,0.0072897979637441,0.4044802562066399
2026-04-20,KROS,-0.0307292039265216,-0.3456453603372076
2026-04-20,KXIN,-0.0172171708867761,-0.0790491423734988
2026-04-20,LASR,0.0028320784255952,0.3165281940619035
2026-04-20,LBRDA,-0.0201281741559678,-0.136484056850376
2026-04-20,LBRDK,-0.0207948097126555,-0.1496369641627178
2026-04-20,LBRX,0.006842426816276,0.3956534974509251
2026-04-20,LBTYB,0.035926929904354,0.9694989359447186
2026-04-20,LE,-0.0218111209551387,-0.1696890712529695
2026-04-20,LFUS,-0.0057556003614862,0.1470908726026734
2026-04-20,LGIH,-0.0207738177608158,-0.1492227870398746
2026-04-20,LGN,0.004058515923994,0.3407261513700484
2026-04-20,LGND,-0.0325467767408851,-0.3815065839412083
2026-04-20,LIEN,-0.0092049947490073,0.07903334970635
2026-04-20,LIFE,0.028619070822881,0.8253128177786593
2026-04-20,LINC,-0.0322712208500387,-0.3760697885958171
2026-04-20,LIND,-0.0852417054819354,-1.4211923711879018
2026-04-20,LINK,-0.08904104155595,-1.496154342130836
2026-04-20,LITE,-0.0807862615356635,-1.3332852071118908
2026-04-20,LLYVA,-0.0266445649690253,-0.2650542831386387
2026-04-20,LMB,-0.051507392266729,-0.7556048691204431
2026-04-20,LMRI,-0.0372520869583119,-0.4743436799298078
2026-04-20,LOVE,-0.0376802381243024,-0.4827912230370565
2026-04-20,LQDA,-0.0367383402570261,-0.4642073128005058
2026-04-20,LRMR,-0.0410686319752819,-0.549645188164694
2026-04-20,LWAY,-0.0213008949825271,-0.1596221690921336
2026-04-20,LWLG,-0.0877987967982116,-1.47164450314331
2026-04-20,LXRX,-0.0004448949906573,0.2518725854965026
2026-04-20,MASI,0.0017347193974476,0.2948769913308307
2026-04-20,MBBC,-0.0368840465156205,-0.4670821383253284
2026-04-20,MBX,-0.020324944875162,-0.1403663985667441
2026-04-20,MCW,-0.0016911438501757,0.2272837444529748
2026-04-20,MDAI,-0.0548024211751979,-0.8206167176331711
2026-04-20,MDB,-0.007751056471942,0.1077199614603404
2026-04-20,MELI,-0.0214048733910057,-0.1616736923802083
2026-04-20,MGNX,-0.0144762401547717,-0.024969806961614
2026-04-20,MKSI,-0.0317313598704917,-0.3654181794005127
2026-04-20,MLTX,-0.0426984298615779,-0.5818015595452026
2026-04-20,MMED,-0.0422175692710954,-0.5723140446454581
2026-04-20,MNPR,-0.0445120523680349,-0.6175848424614804
2026-04-20,MNTS,-0.0584496565174798,-0.892577698295059
2026-04-20,MOVE,0.0330338808300556,0.9124182627904528
2026-04-20,MPLT,-0.017227508771108,-0.0792531117433582
2026-04-20,MRAM,0.0078870854428419,0.4162649064140628
2026-04-20,MRLN,-0.0985015575526739,-1.6828129875983926
2026-04-20,MRVI,0.027095530849956,0.7952529449598483
2026-04-20,MSFT,0.012108215750371,0.4995489963958645
2026-04-20,MSTR,-0.0227009403208646,-0.1872454579843825
2026-04-20,MTCH,-0.0165647377245963,-0.0661764523053494
2026-04-20,MTSI,0.0094879282961459,0.4478499868375427
2026-04-20,MU,-0.0066566726099975,0.1293124633241769
2026-04-20,MWH,-0.0195270107479253,-0.1246229334730951
2026-04-20,MXL,0.0801533141935724,1.8420979557245931
2026-04-20,MYRG,-0.0078210143070571,0.1063396736676924
2026-04-20,NAMS,-0.0452535302942454,-0.6322144108062164
2026-04-20,NAUT,-0.0674389047359562,-1.0699380977503845
2026-04-20,NB,-0.0295372044468624,-0.3221268748393491
2026-04-20,NEGG,-0.0058220083416198,0.1457806244487395
2026-04-20,NEO,-0.0286738055662869,-0.3050917717221156
2026-04-20,NERV,0.034212331902914,0.9356694344057964
2026-04-20,NESR,0.0102225929699043,0.4623451277922324
2026-04-20,NEXT,0.0344472374784926,0.9403041875805144
2026-04-20,NKLR,0.0609628150520898,1.4634640020548495
2026-04-20,NKSH,-0.0105907431345642,0.0516921437196484
2026-04-20,NKTR,-0.0011748227017744,0.2374709061490403
2026-04-20,NNBR,0.0136532994322179,0.5300339326601711
2026-04-20,NNE,-0.0556015097389742,-0.836382960084931
2026-04-20,NRXP,-0.0267491682735047,-0.2671181358008325
2026-04-20,NSIT,-5.257936884364104e-05,0.2596130832229337
2026-04-20,NSTS,-0.0004996561143861,0.2507921331001385
2026-04-20,NUAI,-0.0309277283186384,-0.3495623025143174
2026-04-20,NUCL,-0.019209731711541,-0.118362928713602
2026-04-20,NVAX,-0.0266212968140557,-0.2645951958868806
2026-04-20,NVMI,-0.0132251975534978,-0.0002863840429428
2026-04-20,NVTS,0.1786623855043847,3.785709680868395
2026-04-20,NXT,0.0116882511289053,0.4912629761180883
2026-04-20,ODD,0.0569470795439821,1.3842324093215437
2026-04-20,ODFL,-0.0031764946470893,0.1979773548340525
2026-04-20,OLPX,-0.0128827707649465,0.0064697929504595
2026-04-20,OMEX,-0.029211787330572,-0.3157063034709631
2026-04-20,ON,0.0135027017763691,0.5270625984897013
2026-04-20,ONDS,0.0274154226230643,0.8015644997508637
2026-04-20,ONEW,-0.0100039591622171,0.0632695567802389
2026-04-20,OPEN,0.0390229588888408,1.0305844599026852
2026-04-20,OPRT,-0.0244040045767597,-0.220847395474861
2026-04-20,OPRX,-0.0241480317116171,-0.2157969787427809
2026-04-20,OPTX,-0.0732762528502501,-1.1851106203182875
2026-04-20,ORBS,-0.0605207951388374,-0.933441846695846
2026-04-20,ORMP,-0.0048352680682684,0.165249287988427
2026-04-20,OTLK,-0.0872619360967701,-1.4610520902801487
2026-04-20,PAHC,-0.0572751823285431,-0.8694049917197051
2026-04-20,PALI,0.1276911510684817,2.780032867795029
2026-04-20,PANW,0.0326253633019577,0.9043580968892576
2026-04-20,PCT,-0.0280925570450176,-0.2936235746705251
2026-04-20,PENG,-0.01149955385748,0.0337610521613673
2026-04-20,PEPG,-0.0706608745958013,-1.133508470654383
2026-04-20,PFIS,-0.0234140560364984,-0.2013154319253305
2026-04-20,PHOE,0.0835021286424785,1.908171008100536
2026-04-20,PHVS,0.0039013978317557,0.3376261671529291
2026-04-20,PICS,-0.0389299570421294,-0.5074485293084652
2026-04-20,PLAB,-0.0044674985547573,0.1725054840838647
2026-04-20,PLSE,0.0061404865606048,0.3818040184829593
2026-04-20,PMTR,-0.0021323370526693,0.2185788782918193
2026-04-20,PNRG,0.0639931395140324,1.5232531572752712
2026-04-20,PNTG,-0.0310598165569286,-0.3521684406625938
2026-04-20,POET,0.2050345574506245,4.306040061920258
2026-04-20,POLE,-0.0066469199280434,0.129504886486282
2026-04-20,POWI,0.0838583658080428,1.9151996677225336
2026-04-20,POWL,-0.0166658723503624,-0.0681718669594677
2026-04-20,PPTA,-0.0889625213962383,-1.494605117262049
2026-04-20,PRAA,-0.01902605760492,-0.1147389868523746
2026-04-20,PRE,-0.0161277198605308,-0.0575539667474966
2026-04-20,PRTA,-0.0066342015481408,0.1297558237042915
2026-04-20,PRTH,-0.0218039007825307,-0.1695466152136254
2026-04-20,PSIG,0.03408918127402,0.933239637808466
2026-04-20,PTEN,0.0526537499327186,1.2995238067398556
2026-04-20,PTON,-0.0335982305842805,-0.40225206444648
2026-04-20,PURR,-0.0831943882775448,-1.3807982260539249
2026-04-20,PYXS,0.011481116936963,0.4871761601652
2026-04-20,QCOM,-0.0184977122582869,-0.104314584338203
2026-04-20,QDEL,-0.0699723392868763,-1.1199234750616442
2026-04-20,QMCO,-0.0241470175277927,-0.2157769686102478
2026-04-20,QNTM,0.1080513575260493,2.3925342090366315
2026-04-20,QSEA,,
2026-04-20,QTI,0.0040534656882877,0.3406265087970047
2026-04-20,QTRX,-0.0066557113051156,0.1293314301402781
2026-04-20,QURE,-0.0329558654614235,-0.3895780196301501
2026-04-20,RBCAA,-0.0235843551438061,-0.2046754812826179
2026-04-20,RDVT,-0.0170861441184914,-0.0764639473274273
2026-04-20,RDZN,-0.0706016346626523,-1.13233965008656
2026-04-20,RFIL,0.0155257942858779,0.5669787835700129
2026-04-20,RGNX,-0.0378302235873062,-0.4857504784702504
2026-04-20,RGTI,-0.0463456536279983,-0.6537623118120823
2026-04-20,RILY,0.0314848586598361,0.881855619041158
2026-04-20,RIOT,-0.0373997321611988,-0.4772567613716875
2026-04-20,RKLB,-0.0212526952443997,-0.158671174681906
2026-04-20,RLAY,0.0202497465107859,0.6601836916173244
2026-04-20,RMBS,0.0297981838439974,0.8485770498195937
2026-04-20,ROOT,-0.0238510651092992,-0.2099377440290553
2026-04-20,RVMD,0.0065728824704086,0.3903353115813092
2026-04-20,RXT,-0.0041678875961335,0.1784168926923724
2026-04-20,RZLT,-0.0231730986464628,-0.1965612747466922
2026-04-20,SABR,-0.0050686908086775,0.1606437915692931
2026-04-20,SAIA,-0.0147026828622381,-0.0294375853646456
2026-04-20,SAIL,0.0025902853506449,0.3117575485845016
2026-04-20,SANM,-0.0110212560600168,0.0431980024329486
2026-04-20,SATL,0.0739791019005671,1.7202790080223125
2026-04-20,SCVL,-0.0396947219090079,-0.5225375555520808
2026-04-20,SCZM,-0.0652350815992967,-1.0264560464879184
2026-04-20,SEAT,-0.1101816239228664,-1.9132639871407275
2026-04-20,SEIC,0.0110602590869228,0.478872516236044
2026-04-20,SEPN,-0.0270843394040046,-0.2737311566170964
2026-04-20,SERV,-0.0327713228637943,-0.385936942196692
2026-04-20,SEZL,-0.0346810528035424,-0.4236164518434872
2026-04-20,SFIX,-0.028616166056551,-0.3039545279590431
2026-04-20,SGHT,-0.0185701340534838,-0.1057434867573165
2026-04-20,SGML,-0.0263014741257133,-0.2582850041577557
2026-04-20,SHMD,-0.0294323633353682,-0.3200583301777677
2026-04-20,SHOO,-0.0110667952589485,0.0422995012104778
2026-04-20,SIBN,-0.0402128421275199,-0.5327602134081953
2026-04-20,SITM,-0.0124062569538478,0.015871544668556
2026-04-20,SKIN,-0.0101273251333253,0.0608355114203626
2026-04-20,SLNO,0.0011787253107426,0.2839070713869016
2026-04-20,SMTC,-0.0220125574328014,-0.173663469698182
2026-04-20,SMX,-0.088883392645799,-1.4930438847267775
2026-04-20,SNDK,-0.0295796905330433,-0.3229651372872419
2026-04-20,SNEX,-0.0299201379079801,-0.3296822598924678
2026-04-20,SOBR,-0.0538553552590552,-0.8019308403367417
2026-04-20,SOLS,-0.0195402507550728,-0.124884162543581
2026-04-20,SPPL,0.0130878400418556,0.5188772596088815
2026-04-20,SPT,0.0311066701920437,0.8743938540429234
2026-04-20,SRRK,0.0047944834970755,0.3552469988953835
2026-04-20,STEX,-0.0605667032348123,-0.934347626360892
2026-04-20,STFS,-0.0005425523057139,0.2499457791621785
2026-04-20,STKE,0.025628526658093,0.7663085390264731
2026-04-20,STOK,-0.0227194420301771,-0.1876105019207073
2026-04-20,STRO,-0.0054593030011266,0.1529369029840484
2026-04-20,STRZ,-0.0471149760750966,-0.668941260397222
2026-04-20,STTK,-0.013979206832712,-0.015163199512292
2026-04-20,STX,0.0295315293203998,0.8433158809573712
2026-04-20,SUNS,-0.0103964891644259,0.0555248292682243
2026-04-20,SWIM,-0.0327265608991796,-0.3850537760262278
2026-04-20,SWMR,0.1099892085353772,2.430768555307421
2026-04-20,SYNA,0.0432684621758457,1.114349435634962
2026-04-20,TACT,0.008316883529165,0.4247449437233821
2026-04-20,TBLA,0.0051655828945804,0.3625688945399854
2026-04-20,TCMD,-0.0250022795068753,-0.2326515283690133
2026-04-20,TENB,0.0339515702792181,0.930524534118556
2026-04-20,TH,0.0038336490179953,0.3362894639738502
2026-04-20,TIGO,-0.0101763881138203,0.0598674849950633
2026-04-20,TILE,-0.0175704255782748,-0.0860189569420757
2026-04-20,TLS,-0.0051984736743378,0.1580831390723841
2026-04-20,TMCI,-0.0722718110103475,-1.16529269988434
2026-04-20,TNDM,-0.0633317092189794,-0.9889019732794992
2026-04-20,TNGX,0.0618800301412809,1.4815609141270984
2026-04-20,TORO,-0.0164223566749106,-0.0633672340889463
2026-04-20,TOYO,0.0139021398182263,0.5349436235698454
2026-04-20,TPG,0.0156810960094619,0.5700429303219446
2026-04-20,TRDA,-0.0401414225666567,-0.5313510853547952
2026-04-20,TRUP,-0.0414795039145192,-0.5577518072608627
2026-04-20,TSEM,-0.0450329819375965,-0.627862929605145
2026-04-20,TSHA,-0.018155141436584,-0.0975555655301475
2026-04-20,TSLA,-0.0144394804992826,-0.0242445286042994
2026-04-20,TTMI,-0.016619597063174,-0.0672588425083491
2026-04-20,TVGN,0.0923965401910078,2.0836602533440725
2026-04-20,TZOO,-0.0152833827939452,-0.0408949585896444
2026-04-20,UAL,-0.0166849208855888,-0.0685476999251038
2026-04-20,UFPT,-0.0148866482625621,-0.0330672745326834
2026-04-20,ULCC,-0.0983220174706155,-1.6792706112062623
2026-04-20,UNB,-0.012772827849982,0.0086389976315937
2026-04-20,URBN,-0.0224681744995902,-0.1826529227648173
2026-04-20,URGN,0.0253680281802714,0.7611688306814541
2026-04-20,USAR,0.0062769548158181,0.3844965755988989
2026-04-20,VC,-0.0050143935965416,0.1617150908592526
2026-04-20,VECO,0.0164361302899845,0.5849399693558337
2026-04-20,VHCP,0.0005233113577224,0.2709755694758372
2026-04-20,VIAV,-0.0273905517403511,-0.279772812267558
2026-04-20,VICR,0.0904210945829008,2.0446841550496675
2026-04-20,VNCE,-0.111066532769903,-1.930723487955197
2026-04-20,VRAX,-0.0702637454340367,-1.1256730004288344
2026-04-20,VREX,0.0021818299454156,0.3036986083850034
2026-04-20,VSAT,-0.0273608036504235,-0.2791858740738011
2026-04-20,VSEC,-0.1397790461786738,-2.497229465293657
2026-04-20,VTGN,0.0132163240256561,0.5214122848008249
2026-04-20,VTSI,0.0105237911187022,0.4682878521099572
2026-04-20,VTVT,0.0175969876889346,0.6078440128291549
2026-04-20,WATT,-0.0714102911648641,-1.1482946706587622
2026-04-20,WAY,-0.0263341208747893,-0.2589291337130097
2026-04-20,WDC,0.015099240395724,0.5585627551649437
2026-04-20,WEN,0.0042695651632544,0.3448902123093186
2026-04-20,WERN,-0.0042695136179791,0.1764117826551903
2026-04-20,WEST,-0.0542341742427963,-0.8094050455922467
2026-04-20,WGS,-0.0272374513064293,-0.2767520975807245
2026-04-20,WINA,0.025576023750506,0.7652726418706844
2026-04-20,WIX,0.0201255603956837,0.6577334645854296
2026-04-20,WLDN,-0.0183754464419785,-0.1019022453424217
2026-04-20,WLFC,-0.0561132351413708,-0.8464794464177869
2026-04-20,WSC,0.0114710694398791,0.4869779202175421
2026-04-20,WVE,-0.0386267367374762,-0.5014659072861103
2026-04-20,WYFI,-0.0323916318984424,-0.3784455324983853
2026-04-20,XEL,-0.0188450861759791,-0.1111683695830704
2026-04-20,XENE,-0.0008282593617644,0.2443086984679137
2026-04-20,XLO,0.0145764561689016,0.5482480751111004
2026-04-20,XMTR,-0.0507726738643609,-0.7411086680851504
2026-04-20,XNDU,-0.1362924874947289,-2.428438680360395
2026-04-20,XOS,0.013395359621009,0.5249447075281504
2026-04-20,ZD,0.0038600734573021,0.3368108256046484
2026-04-20,ZSQR,-0.0184125654762257,-0.1026346143438638
2026-04-20,ZVRA,-0.0387008239693188,-0.5029276692393665
2026-04-21,AAL,-0.0270974822301759,-0.708317470830305
2026-04-21,AAON,0.0086126351037201,-0.0197934799966255
2026-04-21,ABSI,-0.0615680430050673,-1.3729416681995743
2026-04-21,ACHV,-0.0114224831507373,-0.4060890345141654
2026-04-21,ACIC,-0.005006197664612,-0.2823771338242762
2026-04-21,ADAM,0.0190161128322786,0.1807951637549637
2026-04-21,ADEA,0.0282440426090038,0.3587181590113504
2026-04-21,ADTN,-0.0291198624755198,-0.7473108268164429
2026-04-21,ADTX,0.001156011263502,-0.1635640634592363
2026-04-21,ADUR,0.0582289986858848,0.9368557615845584
2026-04-21,ADV,-0.0144051387672155,-0.4635973851347547
2026-04-21,AEI,-0.0603214422352566,-1.3489060558552912
2026-04-21,AEIS,-0.0241242553887524,-0.6509909156871335
2026-04-21,AEYE,0.0187162254856435,0.1750130591828871
2026-04-21,AFBI,0.0037897756241378,-0.1127826579672081
2026-04-21,AGEN,-0.0013311212527684,-0.2115182717812943
2026-04-21,AGH,0.0317527978279355,0.4263701950886499
2026-04-21,AGPU,0.7769954271426391,14.795335283536902
2026-04-21,AIOT,-0.0322522119983014,-0.807705413984726
2026-04-21,AIRO,0.0234673139508015,0.2666184258146406
2026-04-21,AKAM,-0.0021826337840149,-0.2279362185714669
2026-04-21,AKAN,,
2026-04-21,AKBA,0.0073663496363789,-0.0438230130185544
2026-04-21,AKTS,0.07434214760862,1.2475321309015632
2026-04-21,ALAB,-0.0115535253738871,-0.4086156494117643
2026-04-21,ALDX,-0.0047051295697924,-0.2765722633384238
2026-04-21,ALGT,-0.0609727277184102,-1.3614634405269823
2026-04-21,ALHC,-0.0292802960038096,-0.7504041331791419
2026-04-21,ALKS,0.0065983465880881,-0.0586308199724582
2026-04-21,AMD,0.0619951663078793,1.0094709461553149
2026-04-21,AMPH,-0.005467767408722,-0.2912766241085345
2026-04-21,AMRX,-0.0144935196960036,-0.4653014509386761
2026-04-21,AMSC,0.1365722835222235,2.4473865343113808
2026-04-21,ANAB,0.0308432347155553,0.4088329795652319
2026-04-21,ANNA,-0.0530471739233836,-1.2086514551309273
2026-04-21,APLD,-0.008359736216687,-0.3470364494378272
2026-04-21,APLS,-0.0344692067419521,-0.8504511169540834
2026-04-21,APPF,0.0012556133281687,-0.1616436438084594
2026-04-21,ARAI,-0.052459519263555,-1.1973209314075235
2026-04-21,ARCB,0.0018718470131591,-0.149762090126948
2026-04-21,ARHS,-0.0285713422746006,-0.7367348515470675
2026-04-21,ARTV,-0.0808442435132653,-1.744604588764014
2026-04-21,ARWR,0.0300769743049322,0.3940587722724628
2026-04-21,ASBP,0.1755941186397793,3.1997634977802374
2026-04-21,ASO,0.0086904956223426,-0.0182922574016659
2026-04-21,ASPI,0.0935950250232732,1.6187453607160154
2026-04-21,ASRT,-0.0003314430926911,-0.1922435550423392
2026-04-21,ASST,0.0603178695064839,0.9771311171732052
2026-04-21,ASTI,0.0008413207167457,-0.1696315873798214
2026-04-21,ASYS,0.054297901791986,0.8610605885686502
2026-04-21,ATEX,0.0270655086290531,0.3359949371405973
2026-04-21,ATII,0.0164034987308801,0.1304215547638854
2026-04-21,ATOM,-0.0346593119495911,-0.8541165206551705
2026-04-21,AUUD,-0.0784482516665552,-1.6984076565927515
2026-04-21,AVAH,0.0068473786913438,-0.0538292513868363
2026-04-21,AVAV,-0.0075546258089294,-0.3315131783763556
2026-04-21,AVNW,0.0097073050978404,0.0013127668955443
2026-04-21,AVR,0.0132076589395681,0.0688028166733624
2026-04-21,AVTX,0.0134727053382151,0.0739131556410617
2026-04-21,AXGN,0.0294289883027518,0.3815650046364181
2026-04-21,AXIN,0.0099816932787272,0.0066032240389726
2026-04-21,AXTI,0.1416991018969541,2.546236320063787
2026-04-21,BAND,-0.0073981492463867,-0.3284961659620178
2026-04-21,BCAR,0.0031324928142198,-0.12545567662911
2026-04-21,BDTX,0.066632368775307,1.0988804857354744
2026-04-21,BEAM,0.0214692945639973,0.2280947696445242
2026-04-21,BELFA,0.0250398831272643,0.2969390096177192
2026-04-21,BELFB,0.0153981745178823,0.1110379769183453
2026-04-21,BGDE,-0.0443470519714506,-1.0409050814331102
2026-04-21,BHAV,0.0005718100269062,-0.1748280019982759
2026-04-21,BIOA,-0.0796763177932299,-1.7220859039264054
2026-04-21,BJRI,0.0202467394329202,0.2045227793877347
2026-04-21,BKNG,-0.0622120559307927,-1.3853588312579554
2026-04-21,BKR,0.0482283740985129,0.7440344978697292
2026-04-21,BL,0.0124624227030268,0.0544339748434793
2026-04-21,BLMN,0.0230521090221101,0.2586128919250875
2026-04-21,BLNK,0.0887619184218563,1.5255586087874935
2026-04-21,BNZI,-0.0204527566438693,-0.5802010343621491
2026-04-21,BRCB,-0.0494496117765093,-1.139287139593188
2026-04-21,BTBT,0.0527516887360095,0.8312481750717741
2026-04-21,BWEN,0.035520068509466,0.4990066476644032
2026-04-21,BYND,0.0130206973386291,0.0651980246082015
2026-04-21,BZAI,-0.0253213670411299,-0.6740723322129222
2026-04-21,CABA,0.0120345598765943,0.0461843850135106
2026-04-21,CAEP,0.0145221146844559,0.0941467355068448
2026-04-21,CAR,-0.3477932422986578,-6.891627441537151
2026-04-21,CBRL,0.0069934033718204,-0.0510137608965117
2026-04-21,CCRN,0.0166145074942048,0.1344899982939573
2026-04-21,CDNA,-0.0071042920493669,-0.3228303282349812
2026-04-21,CDNL,0.0521055334560093,0.8187897054474887
2026-04-21,CDW,0.0148080826782181,0.0996604621203653
2026-04-21,CELC,-0.0426402135778879,-1.0079956633134333
2026-04-21,CELH,0.0153352306075271,0.1098243602855219
2026-04-21,CENX,0.021572760143978,0.230089681433141
2026-04-21,CEPS,0.0159294781395193,0.1212820006635885
2026-04-21,CEVA,0.0005312045522001,-0.175610912993302
2026-04-21,CGCT,0.0101948150357293,0.0107124080355561
2026-04-21,CGEM,-0.0222194464606218,-0.6142644431104889
2026-04-21,CGNT,0.0103147957169626,0.0130257462050526
2026-04-21,CGON,-0.0358274589910961,-0.8766394727747955
2026-04-21,CHMG,0.0037516721112686,-0.1135173288309359
2026-04-21,CHRN,0.0133221692229922,0.0710106805287923
2026-04-21,CHRW,-0.0034639193068272,-0.2526405849367583
2026-04-21,CHTR,0.0098740364510569,0.0045275011301133
2026-04-21,CLBT,0.0043725567300708,-0.1015461008568632
2026-04-21,CLFD,-0.0526748859560958,-1.2014733998313711
2026-04-21,CLMT,0.007211884786537,-0.0468012377570007
2026-04-21,CLNN,0.0484215891461877,0.7477598621543184
2026-04-21,CLPT,0.0111943294131312,0.0299839668935036
2026-04-21,CMPX,0.0098208685441772,0.0035023748588429
2026-04-21,COAG,,
2026-04-21,COCO,-0.0139598174668614,-0.4550111798289526
2026-04-21,COLA,,
2026-04-21,COLB,0.0023909757388062,-0.1397528096029749
2026-04-21,COLL,-0.0073032296775698,-0.3266660291489972
2026-04-21,COLM,-0.0148511771547171,-0.4721974165419901
2026-04-21,COYA,-0.034018497952812,-0.8417610358966352
2026-04-21,CPSH,-0.0078371487577193,-0.3369604813461029
2026-04-21,CRAC,0.0049422666743095,-0.0905615677970265
2026-04-21,CRDO,0.0072365838258391,-0.0463250175040399
2026-04-21,CRMD,0.0202073872091902,0.2037640322271643
2026-04-21,CRML,0.1168163140781189,2.066473226263198
2026-04-21,CRWD,0.0416590211404251,0.6173713151754427
2026-04-21,CSCO,0.0152665998005202,0.1085010950413155
2026-04-21,CSGS,0.0077353470465156,-0.036708402695124
2026-04-21,CTSH,-0.0218783099474983,-0.6076870165722706
2026-04-21,CUE,-0.1419032270188483,-2.9218780938165105
2026-04-21,CVGI,0.0363619513608592,0.5152389253473847
2026-04-21,CVRX,0.0643074605367743,1.0540541110767383
2026-04-21,CVV,0.1959333571463256,3.591922771190203
2026-04-21,CXDO,0.015643189488894,0.1157620914900663
2026-04-21,DARE,-0.0445583896522574,-1.044979866795535
2026-04-21,DASH,-0.0056700752144914,-0.2951773051537043
2026-04-21,DAVE,0.0142169842727093,0.0882635398047388
2026-04-21,DCBO,0.0553400838594694,0.8811548198356481
2026-04-21,DDOG,0.018955913811666,0.1796344711274692
2026-04-21,DFDV,0.0479959178387028,0.7395525268304786
2026-04-21,DGXX,-0.0149665986208007,-0.4744228488393045
2026-04-21,DIBS,-0.0074518910901856,-0.3295323582663219
2026-04-21,DJCO,-0.0055384106947685,-0.2926386918043516
2026-04-21,DOMH,0.0715815116212853,1.1943045234572562
2026-04-21,DOMO,-0.0035303551644826,-0.2539215295334874
2026-04-21,DOO,-0.0375250093641781,-0.909369809295034
2026-04-21,DOX,-0.0036974258290686,-0.2571428060041409
2026-04-21,DPRO,0.0539856902278939,0.8550408617197242
2026-04-21,DRTS,0.0171289741212619,0.1444093892581493
2026-04-21,DSGN,0.0037815739781588,-0.1129407932644983
2026-04-21,EIKN,-0.0182693293299418,-0.5381025423906979
2026-04-21,ENGN,-0.0072542663727546,-0.3257219714826357
2026-04-21,ENPH,0.055691918263107,0.8879385115676057
2026-04-21,ERII,0.047315539052954,0.7264341964575431
2026-04-21,ERNA,0.0110956157969198,0.028080677348191
2026-04-21,ESOA,0.0640247242813814,1.0486026953589955
2026-04-21,ESPR,0.0293398783458515,0.3798468824982484
2026-04-21,EYE,0.0010571241602747,-0.1654706979941896
2026-04-21,EZGO,-0.0014513672713555,-0.2138367258996413
2026-04-21,FA,-0.0043513176779104,-0.2697504438096542
2026-04-21,FABC,0.0049245968634957,-0.0909022580430146
2026-04-21,FACT,-0.005852648103191,-0.2986974788000172
2026-04-21,FCEL,0.242276001105245,4.485451679707463
2026-04-21,FDMT,0.005651806334713,-0.0768809888712309
2026-04-21,FEIM,-0.028686212953498,-0.7389496641595475
2026-04-21,FENC,0.0127014064625853,0.0590418020969469
2026-04-21,FFAI,-0.2215101753448437,-4.456773463859943
2026-04-21,FGMC,0.0172338747307116,0.1464319697381826
2026-04-21,FLNC,0.0489581279049568,0.7581048241708378
2026-04-21,FLWS,-0.0215232746702069,-0.6008416090447132
2026-04-21,FLXS,0.003966376157224,-0.1093776368442883
2026-04-21,FLYW,0.021695832907022,0.2324626377911842
2026-04-21,FMAO,0.005516816033045,-0.0794837263632207
2026-04-21,FNKO,0.017078931534869,0.1434445220477526
2026-04-21,FOSL,-0.0366934892709588,-0.8933373351452416
2026-04-21,FOXF,-0.0053412339671369,-0.2888369426770937
2026-04-21,FRMI,0.1379600388841939,2.474143737352485
2026-04-21,FROG,0.0152818916524742,0.1087959360477494
2026-04-21,FSEA,-0.0186935574239122,-0.5462820512271765
2026-04-21,FTRE,0.009227158985112,-0.0079448929051211
2026-04-21,FWRD,-0.023108689050864,-0.6314098602293415
2026-04-21,FWRG,0.0705798434384989,1.1749914372454502
2026-04-21,GALT,0.0760496324354798,1.28045401285129
2026-04-21,GDRX,0.0239379385033704,0.2756925011555083
2026-04-21,GELS,-0.02625903694971,-0.6921514726846179
2026-04-21,GFS,0.0160521231245094,0.1236467090662959
2026-04-21,GH,-0.0083774639338357,-0.3473782561713486
2026-04-21,GLSI,0.0890277874797176,1.530684809383426
2026-04-21,GLUE,-0.0048476906041765,-0.2793209715382246
2026-04-21,GMM,0.0406920827172527,0.5987278507536353
2026-04-21,GPRE,0.0012307206405794,-0.1621235977789623
2026-04-21,GPRO,-0.0746913651782101,-1.625971420836978
2026-04-21,GRAL,0.0126079393948976,0.0572396708450628
2026-04-21,GRPN,-0.0383345541043784,-0.9249785783749404
2026-04-21,GSHD,0.0184348432119724,0.1695877494812582
2026-04-21,GSIT,0.1295721561727404,2.312417624129864
2026-04-21,GTX,0.0214918646795132,0.2285299422837871
2026-04-21,GV,-0.0209582231989494,-0.5899468956395747
2026-04-21,HCKT,-0.010062896045264,-0.3798749414325407
2026-04-21,HCSG,0.1823255313313675,3.329551341573221
2026-04-21,HELE,-0.0242177412638384,-0.6527934095629997
2026-04-21,HLMN,-0.0025967509275493,-0.2359207789601362
2026-04-21,HOOD,0.0072444512489296,-0.0461733263322299
2026-04-21,HOVR,0.0345765060227445,0.4808138928525402
2026-04-21,HPK,0.0380470186348718,0.5477285762067817
2026-04-21,HROW,-0.0055985538895872,-0.2937983080590631
2026-04-21,HTCO,0.0349617685001812,0.4882421086716852
2026-04-21,HUHU,-0.0174931900991505,-0.5231378623357333
2026-04-21,HUT,0.0222846125612499,0.243814852443973
2026-04-21,HYMC,-0.0155642278335429,-0.485945691140512
2026-04-21,IEAG,0.0029789697660348,-0.1284157425631676
2026-04-21,IKT,0.0895384812925758,1.540531457010916
2026-04-21,IMDX,0.0204415071327575,0.2082780802377324
2026-04-21,IMSR,0.1341697373293245,2.401063228301774
2026-04-21,IMUX,0.0291885571917562,0.3769292711126266
2026-04-21,IMVT,0.035634495296638,0.5012129016350981
2026-04-21,IMXI,0.010691453503437,0.0202880556479777
2026-04-21,INDI,-0.008197105452405,-0.3439007783391065
2026-04-21,INDV,0.0298585064597896,0.3898465107668516
2026-04-21,INOD,0.0086287081161932,-0.0194835774950686
2026-04-21,INSM,0.0265199387928862,0.3254758476242055
2026-04-21,INTC,-0.0233299700631361,-0.635676362191257
2026-04-21,IPCX,0.0112348791518562,0.0307658032474182
2026-04-21,IPSC,0.0572042321427762,0.9170973176865268
2026-04-21,IPST,-0.1262120175643026,-2.619337106520565
2026-04-21,IPWR,0.229928980106592,4.2473897295488605
2026-04-21,IREN,0.0276923344294377,0.348080716573997
2026-04-21,IRHO,0.0087710977351151,-0.0167381743434428
2026-04-21,IRWD,0.0041274782245711,-0.1062714404321003
2026-04-21,ISSC,-0.0043802564496288,-0.2703084100131006
2026-04-21,JACK,0.0902978026708817,1.555171873362062
2026-04-21,JBHT,-0.0126070278085202,-0.4289281477960264
2026-04-21,JBIO,0.097167547137235,1.6876268813295507
2026-04-21,JBLU,-0.076289415910341,-1.656783312530121
2026-04-21,KALU,0.0603674091594846,0.9780862873640392
2026-04-21,KALV,-0.0015523329131065,-0.2157834365739726
2026-04-21,KEEL,0.0691372828188912,1.147177538300654
2026-04-21,KMTS,0.0229028057765424,0.255734187676611
2026-04-21,KOPN,0.1050000884130752,1.838645499587969
2026-04-21,KROS,0.0134644859156381,0.0737546775945702
2026-04-21,KXIN,-0.0699712941480018,-1.5349640989525253
2026-04-21,LASR,-0.0256055814977971,-0.6795522490142987
2026-04-21,LBRDA,0.0096052032319939,-0.00065585122707
2026-04-21,LBRDK,0.0110506356608853,0.027213418848837
2026-04-21,LBRX,-0.0110791049709515,-0.399468386575635
2026-04-21,LBTYB,0.1563992913583592,2.8296695280630964
2026-04-21,LE,-0.0247380894567023,-0.6628262025393938
2026-04-21,LFUS,-0.004844356917053,-0.2792566949764588
2026-04-21,LGIH,0.0227083896414905,0.2519856653198568
2026-04-21,LGN,0.036276212271976,0.5135857966528935
2026-04-21,LGND,-0.0106272035806812,-0.3907553110686875
2026-04-21,LIEN,0.0067522634000846,-0.0556631619090212
2026-04-21,LIFE,-0.0211367448204064,-0.5933889571177365
2026-04-21,LINC,0.023130634960017,0.2601269444174398
2026-04-21,LIND,-0.0190889876382669,-0.5539063103898667
2026-04-21,LINK,0.0116149283974298,0.0380935031490733
2026-04-21,LITE,0.0325739433288204,0.4422026375317258
2026-04-21,LLYVA,-0.0102855222184899,-0.3841673793380301
2026-04-21,LMB,0.0089691553931574,-0.0129194400655525
2026-04-21,LMRI,-0.0069514960792781,-0.3198842810370633
2026-04-21,LOVE,-0.0278827651786474,-0.7234584501936534
2026-04-21,LQDA,0.0272687683904073,0.3399139727672501
2026-04-21,LRMR,0.0034560699582369,-0.119216810918921
2026-04-21,LWAY,-0.0026565126753857,-0.2370730405652932
2026-04-21,LWLG,0.1388756198350424,2.4917969823506785
2026-04-21,LXRX,-0.0132048305171644,-0.4404543352582055
2026-04-21,MASI,0.0176055595789488,0.1535983963462999
2026-04-21,MBBC,0.0467075347428922,0.71471131271304
2026-04-21,MBX,-0.0123919573269361,-0.4247813905925649
2026-04-21,MCW,0.0164769231346676,0.1318372449742442
2026-04-21,MDAI,0.0231824634558237,0.2611262456081386
2026-04-21,MDB,0.030446862226228,0.4011905524721886
2026-04-21,MELI,0.0006630626223184,-0.1730685678138509
2026-04-21,MGNX,-0.011826992432714,-0.4138883464725018
2026-04-21,MKSI,0.0091908534250605,-0.008644897580613
2026-04-21,MLTX,0.0046724181286531,-0.0957644965871715
2026-04-21,MMED,0.0037217274716158,-0.1140946890956766
2026-04-21,MNPR,-0.009714354889325,-0.3731547465529472
2026-04-21,MNTS,-0.0468567678899632,-1.089294718574765
2026-04-21,MOVE,0.0224348365236484,0.2467113089619507
2026-04-21,MPLT,0.1628155625686798,2.9533811535023045
2026-04-21,MRAM,0.0142751507921809,0.0893850439360473
2026-04-21,MRLN,-0.0252619919574671,-0.6729275258495786
2026-04-21,MRVI,-0.0037877412889455,-0.2588841713513043
2026-04-21,MSFT,0.0238988781807599,0.274939382117686
2026-04-21,MSTR,0.0829970826169432,1.414407258659275
2026-04-21,MTCH,0.0197059735243856,0.1940963140258415
2026-04-21,MTSI,-0.0327656949136504,-0.8176058380800957
2026-04-21,MU,0.0672114406179398,1.1100455248290444
2026-04-21,MWH,0.071256489251715,1.1880377924657464
2026-04-21,MXL,0.0022251511174372,-0.142950061211418
2026-04-21,MYRG,-0.0073412967653287,-0.3273999977030097
2026-04-21,NAMS,-0.0200099506335934,-0.5716633261684301
2026-04-21,NAUT,0.0225596736553073,0.2491182839738305
2026-04-21,NB,0.012157608781977,0.0485568813738475
2026-04-21,NEGG,-0.0017885457877601,-0.2203378386114136
2026-04-21,NEO,0.0269946520471591,0.334628756904158
2026-04-21,NERV,0.0382420793660144,0.5514895269705529
2026-04-21,NESR,-0.0093442705832565,-0.3660191798737163
2026-04-21,NEXT,0.0167607233725092,0.137309175254708
2026-04-21,NKLR,0.1451100115175267,2.6120018027803757
2026-04-21,NKSH,-0.0085816419703989,-0.3513149969907816
2026-04-21,NKTR,-0.0632150128357199,-1.4046967652209783
2026-04-21,NNBR,0.0759666962144709,1.2788549260339668
2026-04-21,NNE,0.1174060207321612,2.0778433143272053
2026-04-21,NRXP,0.0124228195839666,0.0536703901895891
2026-04-21,NSIT,0.0026365536456207,-0.1350178411098865
2026-04-21,NSTS,,
2026-04-21,NUAI,-0.0023848087611905,-0.2318343385588674
2026-04-21,NUCL,0.1328143756102546,2.3749306045662752
2026-04-21,NVAX,-0.0081793525943471,-0.3435584868656724
2026-04-21,NVMI,-0.0171982321466715,-0.5174508010284276
2026-04-21,NVTS,0.1761565530966022,3.210607752733902
2026-04-21,NXT,0.0763338384380419,1.2859337666497248
2026-04-21,ODD,0.0191507187017119,0.1833904890389807
2026-04-21,ODFL,-0.0128866979005783,-0.434320445057338
2026-04-21,OLPX,-0.0212508913176831,-0.5955898068407933
2026-04-21,OMEX,-0.0080781029583414,-0.3416063005202389
2026-04-21,ON,0.0190450400071634,0.181352906360765
2026-04-21,ONDS,-0.011938787947843,-0.4160438670918888
2026-04-21,ONEW,-0.0317227991547689,-0.7974978461848407
2026-04-21,OPEN,-0.0212567663786265,-0.5957030834332323
2026-04-21,OPRT,0.0144971693777065,0.0936657669904125
2026-04-21,OPRX,-0.0295705001691056,-0.7559995370860475
2026-04-21,OPTX,0.1639141649261576,2.9745632199860763
2026-04-21,ORBS,0.0111388178359927,0.028913652498524
2026-04-21,ORMP,0.0134204789429808,0.0729061825824916
2026-04-21,OTLK,-0.1120771710013437,-2.346804230911323
2026-04-21,PAHC,-0.0064392818229304,-0.3100083178570805
2026-04-21,PALI,-0.1702430959117746,-3.4682968985326568
2026-04-21,PANW,0.0429379946330015,0.6420311034658431
2026-04-21,PCT,0.0576402670558804,0.925504472883082
2026-04-21,PENG,-0.0171886139067621,-0.5172653524939033
2026-04-21,PEPG,0.0054270575020836,-0.0812143536073443
2026-04-21,PFIS,0.0121679630748748,0.0487565216887075
2026-04-21,PHOE,0.0142745078578257,0.0893726475688226
2026-04-21,PHVS,0.0285731847036657,0.3650643221014638
2026-04-21,PICS,-0.0007403713851678,-0.2001280695979264
2026-04-21,PLAB,0.004426911847525,-0.1004980840709793
2026-04-21,PLSE,0.0184309307619956,0.1695123138379991
2026-04-21,PMTR,0.0135158583001224,0.0747451845383871
2026-04-21,PNRG,0.0628953620999627,1.0268275511057172
2026-04-21,PNTG,0.0256554813718298,0.3088083114218919
2026-04-21,POET,0.2404502099118076,4.450248741918703
2026-04-21,POLE,0.0157691018203709,0.11818979734589
2026-04-21,POWI,0.0766962055110323,1.2929205379590778
2026-04-21,POWL,0.000335815691578,-0.1793781903960085
2026-04-21,PPTA,-0.0229039539298558,-0.6274623783081171
2026-04-21,PRAA,0.0039132848644552,-0.1104012859248523
2026-04-21,PRE,-0.0074248649016246,-0.3290112684297631
2026-04-21,PRTA,0.0003272792053726,-0.1795427817216231
2026-04-21,PRTH,0.0388586394418297,0.5633773737681349
2026-04-21,PSIG,-0.0038930639977122,-0.2609148902953905
2026-04-21,PTEN,0.0422733351378631,0.6292158555107813
2026-04-21,PTON,-0.0009828727628667,-0.2048037197727714
2026-04-21,PURR,0.0717387623002387,1.1973364615498123
2026-04-21,PYXS,0.0904484291816239,1.558076091383298
2026-04-21,QCOM,0.0079649208269239,-0.0322820085167041
2026-04-21,QDEL,-0.0007772051128586,-0.2008382578325344
2026-04-21,QMCO,0.0209496767030449,0.2180760581408295
2026-04-21,QNTM,-0.0300219106328966,-0.7647031470777859
2026-04-21,QSEA,0.0066116983535743,-0.0583733856220961
2026-04-21,QTI,0.0040155957568193,-0.1084286375782335
2026-04-21,QTRX,0.0105521572507887,0.0176022954505303
2026-04-21,QURE,-0.0005832386454669,-0.197098405482912
2026-04-21,RBCAA,-0.0077700506961548,-0.3356667688473838
2026-04-21,RDVT,0.0123521187346031,0.0523072126199412
2026-04-21,RDZN,0.0807007542497937,1.3701319302745758
2026-04-21,RFIL,0.0402888730417793,0.5909535964070622
2026-04-21,RGNX,0.0123964473906274,0.0531619099839603
2026-04-21,RGTI,-0.0360392643403439,-0.8807232752160046
2026-04-21,RILY,-0.0066342176128069,-0.3137668596380317
2026-04-21,RIOT,0.0438814869143144,0.6602225046526914
2026-04-21,RKLB,0.0132016223030292,0.0686864247544525
2026-04-21,RLAY,-0.0323003768229164,-0.8086340762165416
2026-04-21,RMBS,-0.002738432226641,-0.2386525250522871
2026-04-21,ROOT,0.0212591531455767,0.2240430493239912
2026-04-21,RVMD,-0.0579069946634391,-1.3023532802857596
2026-04-21,RXT,0.0781661590069934,1.321262596819196
2026-04-21,RZLT,-0.0005655872953407,-0.1967580711760019
2026-04-21,SABR,-0.0612765757656327,-1.367321911058582
2026-04-21,SAIA,-0.0201639002350921,-0.5746316164437053
2026-04-21,SAIL,0.0110233191206899,0.0266867307650312
2026-04-21,SANM,0.0045138720613112,-0.098821410962348
2026-04-21,SATL,0.0150714252025843,0.1047379488207716
2026-04-21,SCVL,0.0021451988069144,-0.144491615483077
2026-04-21,SCZM,0.0522006849320089,0.8206243136448343
2026-04-21,SEAT,0.0787934822219082,1.33335796686341
2026-04-21,SEIC,0.0261411746864538,0.3181729263902317
2026-04-21,SEPN,-0.0135402718357448,-0.4469219531940406
2026-04-21,SERV,-0.0244725977066239,-0.6577072767854351
2026-04-21,SEZL,0.0188233183774647,0.1770779088885674
2026-04-21,SFIX,-0.0100955879128868,-0.3805052707857875
2026-04-21,SGHT,-0.003587846791599,-0.2550300211178617
2026-04-21,SGML,-0.0010370721299551,-0.2058487335479823
2026-04-21,SHMD,0.0279232464760135,0.3525329137581569
2026-04-21,SHOO,-0.0062935243521545,-0.3071979794161827
2026-04-21,SIBN,6.244669473118606e-05,-0.1846489967313468
2026-04-21,SITM,-0.0165052997862758,-0.5040904261605292
2026-04-21,SKIN,0.0194651400106446,0.1894528218060595
2026-04-21,SLNO,-0.0003895387539815,-0.1933636929625761
2026-04-21,SMTC,-0.0100628706378374,-0.3798744515539278
2026-04-21,SMX,-0.1483775987347873,-3.046709950579068
2026-04-21,SNDK,0.0683221881775921,1.1314617620099476
2026-04-21,SNEX,0.0005012430945508,-0.1761885975245234
2026-04-21,SOBR,-0.0102053080396898,-0.3826207760045138
2026-04-21,SOLS,0.0148146722138448,0.0997875144435218
2026-04-21,SPPL,-0.0073518409083472,-0.3276032985032611
2026-04-21,SPT,0.0409941313772959,0.6045516274411886
2026-04-21,SRRK,-0.0125399573005085,-0.4276349665552129
2026-04-21,STEX,0.0063529241768061,-0.0633627903682962
2026-04-21,STFS,0.0280026601366615,0.3540640823635349
2026-04-21,STKE,0.0786746662640278,1.3310670856341595
2026-04-21,STOK,-0.0016745697088712,-0.2181402747120179
2026-04-21,STRO,0.0281630637547319,0.3571568120296216
2026-04-21,STRZ,0.0069478419210987,-0.0518922276790704
2026-04-21,STTK,-0.0155895227595806,-0.4864334006392075
2026-04-21,STX,0.0256574717712003,0.3088466881571215
2026-04-21,SUNS,-0.0156323706125351,-0.4872595467545799
2026-04-21,SWIM,0.0084362208402925,-0.0231949096687671
2026-04-21,SWMR,-0.029261420723109,-0.7500402003621583
2026-04-21,SYNA,-0.0236398955401377,-0.6416520111730558
2026-04-21,TACT,0.020853064771189,0.2162132910078741
2026-04-21,TBLA,-0.0028238877826225,-0.2403001869709838
2026-04-21,TCMD,0.0082414949830101,-0.0269494037557234
2026-04-21,TENB,0.0262162497390741,0.3196204426321648
2026-04-21,TH,-0.0815140558507595,-1.7575191882711791
2026-04-21,TIGO,0.0009764473126291,-0.1670262220096793
2026-04-21,TILE,0.0087206791739872,-0.0177102906934198
2026-04-21,TLS,0.0260780700247926,0.3169562103240004
2026-04-21,TMCI,0.0094082951516351,-0.0044524205871866
2026-04-21,TNDM,0.0366945447320725,0.5216516322318636
2026-04-21,TNGX,-0.0426652825881568,-1.0084790169477882
2026-04-21,TORO,0.7215119194707161,13.725562093756247
2026-04-21,TOYO,-0.003181622815114,-0.2471976482682691
2026-04-21,TPG,0.0055268795087559,-0.0792896932718876
2026-04-21,TRDA,8.439544295981718e-05,-0.184225804626351
2026-04-21,TRUP,-0.0106102425966775,-0.3904282876572129
2026-04-21,TSEM,-0.0630394079098424,-1.4013109403230997
2026-04-21,TSHA,0.0521130040519575,0.8189337454260771
2026-04-21,TSLA,-0.0024373463500554,-0.2328473117175878
2026-04-21,TTMI,-0.0112128568847671,-0.4020472468079008
2026-04-21,TVGN,-0.0679363101543432,-1.495727731076843
2026-04-21,TZOO,0.023378996364444,0.2649155813111876
2026-04-21,UAL,-0.0586079032608857,-1.315867444358961
2026-04-21,UFPT,0.0270335714649736,0.3353791591675838
2026-04-21,ULCC,-0.1312267342174084,-2.7160254677099918
2026-04-21,UNB,0.031056576717227,0.412946410082135
2026-04-21,URBN,0.003801068964595,-0.1125649119494988
2026-04-21,URGN,0.049513224808278,0.7688076043269645
2026-04-21,USAR,0.0963854654222502,1.6725476246997153
2026-04-21,VC,-0.0100568366137393,-0.3797581100052845
2026-04-21,VECO,0.0502608561541129,0.7832226260725796
2026-04-21,VHCP,0.0139099041498453,0.082342751874441
2026-04-21,VIAV,0.0042923749906619,-0.103092078729006
2026-04-21,VICR,0.076372052082141,1.2866705609451163
2026-04-21,VNCE,0.0514079896190331,0.8053404170588325
2026-04-21,VRAX,0.0245634674844547,0.2877532767169901
2026-04-21,VREX,0.0128633241092177,0.0621637236298103
2026-04-21,VSAT,-0.016634364023816,-0.5065789036716553
2026-04-21,VSEC,-0.0682455408287404,-1.501689983623745
2026-04-21,VTGN,-0.0122246452481934,-0.4215554594343587
2026-04-21,VTSI,0.0152975067046658,0.1090970086527908
2026-04-21,VTVT,0.0545470992257824,0.8658653448795496
2026-04-21,WATT,0.0404741395337325,0.5945257052078999
2026-04-21,WAY,-0.0234181221946385,-0.6373760165725365
2026-04-21,WDC,-0.0007106158731286,-0.1995543558879734
2026-04-21,WEN,0.0051644157864537,-0.0862783280690936
2026-04-21,WERN,-0.0038727729938127,-0.2605236610296831
2026-04-21,WEST,-0.0031205827239345,-0.2460207390246854
2026-04-21,WGS,0.0165747052882776,0.1337225750616903
2026-04-21,WINA,0.0236431797219789,0.2700092800504282
2026-04-21,WIX,0.0021810602883707,-0.1438001730523893
2026-04-21,WLDN,-0.0027599163605444,-0.2390667589646674
2026-04-21,WLFC,-0.0127872557263816,-0.4324031082422573
2026-04-21,WSC,0.0058278076891579,-0.0734875204650236
2026-04-21,WVE,-0.0161475912106969,-0.4971934749769162
2026-04-21,WYFI,0.0606862725582176,0.9842342677185612
2026-04-21,XEL,-0.0017612041649919,-0.2198106669124747
2026-04-21,XENE,0.022719384706028,0.2521976603027921
2026-04-21,XLO,0.0168848678858226,0.1397027959462167
2026-04-21,XMTR,0.0155260925897876,0.1135043552991394
2026-04-21,XNDU,0.490276611782901,9.267132137275963
2026-04-21,XOS,0.0099308819059455,0.0056235339180941
2026-04-21,ZD,0.0169095849773796,0.1401793642632996
2026-04-21,ZSQR,-0.0034294402345471,-0.2519757966297209
2026-04-21,ZVRA,0.0069107466739933,-0.0526074582491389
2026-04-22,AAL,0.0252793763101141,0.848627513200544
2026-04-22,AAON,0.0125284465419538,0.593493252481229
2026-04-22,ABSI,0.092373411015113,2.19111682608817
2026-04-22,ACHV,-0.0050896224480866,0.2409720568661439
2026-04-22,ACIC,0.0074520066935863,0.491918406462281
2026-04-22,ADAM,-0.0244249655733403,-0.1459101990720933
2026-04-22,ADEA,-0.0283933011302992,-0.225312907503524
2026-04-22,ADTN,-0.0161029993490344,0.0206046150610034
2026-04-22,ADTX,-0.0412208653267445,-0.4819805519494882
2026-04-22,ADUR,-0.0141651946263562,0.0593782875953341
2026-04-22,ADV,0.0174576253031414,0.6921215409319467
2026-04-22,AEI,-0.0137986940257726,0.0667116241820178
2026-04-22,AEIS,0.0104170045642971,0.5512452597610172
2026-04-22,AEYE,-0.0324456284355976,-0.3063962128019083
2026-04-22,AFBI,-0.0312082911541667,-0.2816382431245441
2026-04-22,AGEN,-0.0293674741690974,-0.2448052051308777
2026-04-22,AGH,0.0167493326446072,0.6779492627456685
2026-04-22,AGPU,-0.1310737168898665,-2.279852650211931
2026-04-22,AIOT,-0.009996214840766,0.1427957006695017
2026-04-22,AIRO,-0.0424675175918552,-0.5069249057978875
2026-04-22,AKAM,-0.010060885352646,0.1415017037972074
2026-04-22,AKAN,-0.0573123257933083,-0.8039557290289198
2026-04-22,AKBA,0.0144022137633169,0.6309855940966863
2026-04-22,AKTS,0.0121727924937217,0.5863769453320737
2026-04-22,ALAB,0.0399231655567952,1.1416361338668362
2026-04-22,ALDX,-0.0325554284335802,-0.3085932087717419
2026-04-22,ALGT,-0.0218705978146722,-0.0947996728938073
2026-04-22,ALHC,-0.0176414289386576,-0.010177932028021
2026-04-22,ALKS,-0.0113325042245106,0.1160577913383656
2026-04-22,AMD,-0.0038093326996717,0.2665894655106489
2026-04-22,AMPH,0.0002943320610284,0.3486999856058604
2026-04-22,AMRX,-0.0289893557656728,-0.2372394071007607
2026-04-22,AMSC,-0.047048111848941,-0.598578342110816
2026-04-22,ANAB,-0.041506231472739,-0.4876904634631106
2026-04-22,ANNA,0.0272603532004549,0.8882650207085216
2026-04-22,APLD,0.1400411442851188,3.144903891748016
2026-04-22,APLS,-0.0322946663088396,-0.3033756008694999
2026-04-22,APPF,-0.0348601619323917,-0.3547087852877857
2026-04-22,ARAI,-0.0818577218954986,-1.2950863055796988
2026-04-22,ARCB,-0.0008104364961356,0.3265945929621136
2026-04-22,ARHS,-0.0399737255281898,-0.4570264430097294
2026-04-22,ARTV,-0.0214082336564853,-0.0855481955641554
2026-04-22,ARWR,-0.0036833138005855,0.2691109866263333
2026-04-22,ASBP,0.0144747608205889,0.6324371933259954
2026-04-22,ASO,-0.0313950375358467,-0.2853748647590632
2026-04-22,ASPI,-0.0154083874358018,0.0345031542414127
2026-04-22,ASRT,-0.0220032404667785,-0.097453729154826
2026-04-22,ASST,-0.0178942469837273,-0.0152365862750556
2026-04-22,ASTI,0.1231442616058148,2.8068129643232624
2026-04-22,ASYS,-0.0449155050920988,-0.5559068618184063
2026-04-22,ATEX,-0.0278400156900124,-0.2142421797730005
2026-04-22,ATII,-0.0242388524453555,-0.1421862482558063
2026-04-22,ATOM,-0.0113030693307759,0.11664675622084
2026-04-22,AUUD,0.3412662567955935,7.171231481342139
2026-04-22,AVAH,0.0028139780222445,0.3991157608691261
2026-04-22,AVAV,-0.0241533841815879,-0.1404761076866248
2026-04-22,AVNW,-0.0031908151166284,0.2789654278256242
2026-04-22,AVR,-0.0165261156548297,0.0121384508015986
2026-04-22,AVTX,0.0217542153029856,0.7780923158601816
2026-04-22,AXGN,0.0024826960466664,0.3924871162553202
2026-04-22,AXIN,-0.0163969749915147,0.014722435519792
2026-04-22,AXTI,-0.1097724775180093,-1.85363463643896
2026-04-22,BAND,-0.0330327244038109,-0.3181434577906941
2026-04-22,BCAR,-0.0126048152221731,0.0906000300852033
2026-04-22,BDTX,-0.0808109501846664,-1.2741413759595916
2026-04-22,BEAM,-0.0394035833814891,-0.4456184282415326
2026-04-22,BELFA,0.0083400446754631,0.5096872216088085
2026-04-22,BELFB,0.0105991583842004,0.554889988500271
2026-04-22,BGDE,-0.0074709392598117,0.1933241193945507
2026-04-22,BHAV,0.0013021109563716,0.368864705207246
2026-04-22,BIOA,-0.051798221034275,-0.6936236146808546
2026-04-22,BJRI,-0.0217009755596571,-0.0914056891277855
2026-04-22,BKNG,-0.0177602180237699,-0.0125547912816364
2026-04-22,BKR,0.016114078798779,0.6652384233581616
2026-04-22,BL,-0.0717326224742798,-1.0924924710506498
2026-04-22,BLMN,-0.0252783425087936,-0.162985478875255
2026-04-22,BLNK,-0.0332415102235191,-0.3223210681084099
2026-04-22,BNZI,-0.0055904969681971,0.2309500229654757
2026-04-22,BRCB,-0.0479692960781882,-0.6170103828787105
2026-04-22,BTBT,-0.035775027996433,-0.3730144054386557
2026-04-22,BWEN,0.0959120824803088,2.2619223551450145
2026-04-22,BYND,-0.1196130242308846,-2.050534835586207
2026-04-22,BZAI,-0.0816125741408423,-1.290181126719143
2026-04-22,CABA,-0.0326348536978063,-0.3101824345332504
2026-04-22,CAEP,-0.0024092018963209,0.2946047823477973
2026-04-22,CAR,-0.401150592093829,-7.683840057044555
2026-04-22,CBRL,-0.0317253235529207,-0.2919835811683171
2026-04-22,CCRN,-0.0351469421875486,-0.3604469918122285
2026-04-22,CDNA,-0.0347687346932875,-0.3528794111572269
2026-04-22,CDNL,-0.033511639401945,-0.3277261020541303
2026-04-22,CDW,-0.0573004939621068,-0.8037189850767976
2026-04-22,CELC,-0.0652777282931722,-0.963336034236872
2026-04-22,CELH,0.0235455806724073,0.8139358729588049
2026-04-22,CENX,-0.0614135312948939,-0.8860170416335775
2026-04-22,CEPS,-0.0184695993441815,-0.0267488525808546
2026-04-22,CEVA,-0.0058692349988997,0.2253727338821931
2026-04-22,CGCT,-0.0191929023798092,-0.0412214744701015
2026-04-22,CGEM,-0.0621751213148673,-0.9012557505159924
2026-04-22,CGNT,-0.0724177149206735,-1.106200534541949
2026-04-22,CGON,0.011057577253508,0.5640625242641054
2026-04-22,CHMG,-0.0236916148080494,-0.1312365314453115
2026-04-22,CHRN,-0.0363931216846925,-0.3853818860127511
2026-04-22,CHRW,-0.0002080939101458,0.3386469086104999
2026-04-22,CHTR,-0.0054455767254924,0.2338497424100959
2026-04-22,CLBT,-0.0377739440924716,-0.4130108597894773
2026-04-22,CLFD,-0.0026874579344907,0.289037137487388
2026-04-22,CLMT,-0.0076592014010631,0.1895571688189508
2026-04-22,CLNN,-0.0466972453099272,-0.5915578285741522
2026-04-22,CLPT,-0.0057374465888538,0.2280096975530616
2026-04-22,CMPX,-0.0112493642144017,0.117721345714479
2026-04-22,COAG,,
2026-04-22,COCO,0.020714254294311,0.7572836620639982
2026-04-22,COLA,-0.0026730144684932,0.289326137825912
2026-04-22,COLB,0.0108398950362441,0.5597069052948862
2026-04-22,COLL,-0.0256659421770784,-0.1707409882083715
2026-04-22,COLM,-0.0157261043369358,0.0281459341670572
2026-04-22,COYA,-0.0034719361440218,0.2733404571920497
2026-04-22,CPSH,-0.0176359807511857,-0.0100689188573592
2026-04-22,CRAC,-0.0189133650038803,-0.0356281912313263
2026-04-22,CRDO,-0.0089642357646555,0.163444643409247
2026-04-22,CRMD,-0.0258859233364186,-0.1751426068731225
2026-04-22,CRML,-0.0893123002722515,-1.4442454945728207
2026-04-22,CRWD,-0.044076902776761,-0.5391272084400732
2026-04-22,CSCO,-0.0254083632571624,-0.1655870732778903
2026-04-22,CSGS,-0.0163139959551099,0.0163827689616099
2026-04-22,CTSH,-0.0676561472074087,-1.0109259874714838
2026-04-22,CUE,0.0072976540246236,0.4888299529297237
2026-04-22,CVGI,0.0001987930843374,0.3467883394254522
2026-04-22,CVRX,-0.0403955085313295,-0.465465929121457
2026-04-22,CVV,-0.0246848399471338,-0.1511100439024884
2026-04-22,CXDO,-0.0275133285320809,-0.2077054731923175
2026-04-22,DARE,-0.0758652979023333,-1.1751834676524933
2026-04-22,DASH,-0.0244588394049084,-0.146587982977424
2026-04-22,DAVE,-0.0294765277365438,-0.2469872657190173
2026-04-22,DCBO,-0.0828305463991936,-1.3145516202722507
2026-04-22,DDOG,-0.0242543700274892,-0.1424967406605025
2026-04-22,DFDV,-0.0331201542031451,-0.3198928468645549
2026-04-22,DGXX,-0.005420511860821,0.234351267070199
2026-04-22,DIBS,-0.0638315594800792,-0.9343995395880552
2026-04-22,DJCO,0.0076990867282519,0.4968622484509904
2026-04-22,DOMH,-0.0362000820088445,-0.3815193414075753
2026-04-22,DOMO,-0.0203940589572331,-0.0652555018674139
2026-04-22,DOO,-0.0138984161752887,0.064716276599
2026-04-22,DOX,-0.01814812998191,-0.0203165492446817
2026-04-22,DPRO,-0.0346472391003316,-0.3504483971956522
2026-04-22,DRTS,-0.0165383519889861,0.0118936131210789
2026-04-22,DSGN,-0.0459406560803087,-0.576419180861659
2026-04-22,EIKN,-0.055678329230688,-0.7712609755794089
2026-04-22,ENGN,-0.0343738758101931,-0.3449786516786283
2026-04-22,ENPH,0.0163060443964533,0.669079476656758
2026-04-22,ERII,0.0122346170714379,0.5876139977052516
2026-04-22,ERNA,0.012821305426727,0.5993530867380432
2026-04-22,ESOA,-0.0062075147449628,0.2186040703809921
2026-04-22,ESPR,-0.0229608204840718,-0.1166140158346077
2026-04-22,EYE,-0.0477648707758421,-0.6129200224630622
2026-04-22,EZGO,-0.0107625839743505,0.1274613661628973
2026-04-22,FA,-0.0706916589474425,-1.0716637577972372
2026-04-22,FABC,-0.0551109183506971,-0.7599076109210868
2026-04-22,FACT,-0.0035011656926944,0.2727556010735285
2026-04-22,FCEL,0.0395481222251197,1.1341318651660806
2026-04-22,FDMT,-0.0254661900569238,-0.1667441338276026
2026-04-22,FEIM,-0.0230640687173577,-0.1186799170785906
2026-04-22,FENC,-0.0012763518889076,0.3172720587270445
2026-04-22,FFAI,-0.0127209430659267,0.0882764197992313
2026-04-22,FGMC,-0.0240898732684069,-0.139205313307184
2026-04-22,FLNC,0.0069367641533841,0.4816088818255853
2026-04-22,FLWS,-0.0359176559657843,-0.3758682586226977
2026-04-22,FLXS,-0.0371434274629309,-0.4003948076996292
2026-04-22,FLYW,-0.0574594111549604,-0.8068987704925664
2026-04-22,FMAO,-0.0229190854992792,-0.115778937555237
2026-04-22,FNKO,-0.0252185686481168,-0.1617894594451894
2026-04-22,FOSL,-0.0680687509696236,-1.0191818054986184
2026-04-22,FOXF,0.0214662303305334,0.7723300040616843
2026-04-22,FRMI,0.0458125003642329,1.2594762529439667
2026-04-22,FROG,-0.0581080008851539,-0.8198764485389367
2026-04-22,FSEA,-0.0225602411549847,-0.1085987955452402
2026-04-22,FTRE,-0.0788333384089386,-1.2345712012692702
2026-04-22,FWRD,-0.0106196859187213,0.130320623522483
2026-04-22,FWRG,-0.0266163444485887,-0.1897576548622207
2026-04-22,GALT,-0.0174591794324847,-0.0065312886953921
2026-04-22,GDRX,-0.0251526343790798,-0.1604701759660492
2026-04-22,GELS,-0.1005687768252959,-1.669477134608717
2026-04-22,GFS,0.0072013905243487,0.486903809705391
2026-04-22,GH,-0.0117003681086624,0.1086971767137933
2026-04-22,GLSI,-0.0399007552503501,-0.4555663755299737
2026-04-22,GLUE,-0.0449777321640949,-0.557151967728259
2026-04-22,GMM,-0.0455451422559442,-0.568505316616601
2026-04-22,GPRE,-0.0039937310108599,0.2628998265856216
2026-04-22,GPRO,0.0006128841826384,0.3550739176661293
2026-04-22,GRAL,-0.0111513726239506,0.1196820664180678
2026-04-22,GRPN,-0.0646328924296184,-0.9504334675751126
2026-04-22,GSHD,0.1145348508951383,2.6345466530161223
2026-04-22,GSIT,-0.1044556630197023,-1.747250116951249
2026-04-22,GTX,-0.013925112384172,0.0641821102565215
2026-04-22,GV,-0.0556402729349294,-0.7704995044505879
2026-04-22,HCKT,-0.0928108194258803,-1.5142476131714424
2026-04-22,HCSG,-0.0783198430146426,-1.224296635399288
2026-04-22,HELE,0.2058839710622634,4.462357696207357
2026-04-22,HLMN,-0.0140531480929237,0.0616202346527824
2026-04-22,HOOD,-0.0443995435815663,-0.5455829512532305
2026-04-22,HOVR,-0.0179142991077247,-0.0156378106504511
2026-04-22,HPK,0.0013029433440239,0.3688813605109895
2026-04-22,HROW,-0.015006436195191,0.0425458252060452
2026-04-22,HTCO,-0.0102929893404563,0.136857518595289
2026-04-22,HUHU,-0.0035572302850117,0.2716338006579124
2026-04-22,HUT,-0.0201744217875781,-0.0608607661167454
2026-04-22,HYMC,-0.0392310770162741,-0.4421667361093696
2026-04-22,IEAG,-0.0114198176468504,0.1143107308600654
2026-04-22,IKT,0.0668761625510512,1.6809405679223597
2026-04-22,IMDX,-0.0171088585615155,0.0004783065305549
2026-04-22,IMSR,-0.0363710481822786,-0.3849402157328378
2026-04-22,IMUX,0.0371878932919498,1.0869058765565065
2026-04-22,IMVT,-0.0144764412856812,0.0531505310495703
2026-04-22,IMXI,-0.0183273656583672,-0.0239028886441522
2026-04-22,INDI,0.016214238556425,0.6672425270733782
2026-04-22,INDV,-0.0175445674430297,-0.0082398234721336
2026-04-22,INOD,-0.065798818485026,-0.9737625649514156
2026-04-22,INSM,-0.0099192690530767,0.1443353144086186
2026-04-22,INTC,0.0257823370791763,0.8586912910048836
2026-04-22,IPCX,-0.0211987621289961,-0.0813568648706756
2026-04-22,IPSC,-0.0804288557218199,-1.2664960206736793
2026-04-22,IPST,0.007865943645808,0.500200900383092
2026-04-22,IPWR,-0.0022946297104137,0.2968972653652653
2026-04-22,IREN,0.1008647629892806,2.3610208917388524
2026-04-22,IRHO,-0.0198225111586562,-0.053819361310842
2026-04-22,IRWD,-0.1006540825472374,-1.6711840228669383
2026-04-22,ISSC,-0.0215165884421579,-0.0877162741780788
2026-04-22,JACK,-0.0822406812182384,-1.302748965908735
2026-04-22,JBHT,0.0128846794509348,0.6006211420962829
2026-04-22,JBIO,-0.0046921246985089,0.2489256176119121
2026-04-22,JBLU,0.046064394235902,1.264516415339693
2026-04-22,KALU,-0.0118904369431472,0.1048940758847746
2026-04-22,KALV,-0.0195229939791343,-0.0478263007607892
2026-04-22,KEEL,0.0806200868334921,1.9559437265107469
2026-04-22,KMTS,-0.0445917866128058,-0.5494295557397677
2026-04-22,KOPN,0.112790809516161,2.59965000500851
2026-04-22,KROS,0.0087354217911562,0.5175983504403389
2026-04-22,KXIN,-0.0016711292820547,0.3093729297865977
2026-04-22,LASR,0.0355295603107398,1.0537241739763548
2026-04-22,LBRDA,-0.0170302199032133,0.0020517930381808
2026-04-22,LBRDK,-0.0155009591790881,0.0326508796452644
2026-04-22,LBRX,-0.0143709304795957,0.0552617042736392
2026-04-22,LBTYB,-0.0217880961565021,-0.0931488913470455
2026-04-22,LE,-0.0447137426866459,-0.5518697834961097
2026-04-22,LFUS,0.0080008458209893,0.5029001676020414
2026-04-22,LGIH,-0.03450134077978,-0.3475291073218198
2026-04-22,LGN,0.0140490496502518,0.6239191082373985
2026-04-22,LGND,0.0193682248895674,0.7303508639598748
2026-04-22,LIEN,-0.0325849261070653,-0.3091834298187076
2026-04-22,LIFE,0.0273210709477642,0.8894799264333552
2026-04-22,LINC,-0.0425768287346038,-0.5091121202285703
2026-04-22,LIND,-0.0023044329532498,0.2967011115820426
2026-04-22,LINK,-0.0449409784018379,-0.5564165590849223
2026-04-22,LITE,-0.0362558676166222,-0.3826355596016945
2026-04-22,LLYVA,-0.0057708765009569,0.2273407960638822
2026-04-22,LMB,0.039436578932726,1.1318999874943745
2026-04-22,LMRI,0.0184730798019857,0.7124398422297592
2026-04-22,LOVE,0.0143286327110991,0.6295133055889545
2026-04-22,LQDA,0.0026364046805037,0.3955626832432398
2026-04-22,LRMR,-0.0132657976674199,0.0773743853218243
2026-04-22,LWAY,-0.0093300395719878,0.1561252490082923
2026-04-22,LWLG,-0.0719312240155297,-1.0964663034162727
2026-04-22,LXRX,-0.07261213782092,-1.1100907561825042
2026-04-22,MASI,-0.0172154909087922,-0.0016553076909862
2026-04-22,MBBC,-0.0196485125009944,-0.0503378097929635
2026-04-22,MBX,0.0092937811217415,0.5287706020027569
2026-04-22,MCW,-0.0183118140513817,-0.0235917154337763
2026-04-22,MDAI,-0.0133578406597484,0.0755326905411987
2026-04-22,MDB,-0.0370473365920199,-0.3984721186285189
2026-04-22,MELI,-0.0171726824089413,-0.0007987493724513
2026-04-22,MGNX,-0.0729113703656786,-1.1160781214553313
2026-04-22,MKSI,-0.0073106892892506,0.1965305724542718
2026-04-22,MLTX,-0.0071911232628361,0.1989229775816682
2026-04-22,MMED,0.0466176125623263,1.275585800184168
2026-04-22,MNPR,0.0311083582327073,0.965260027111851
2026-04-22,MNTS,0.0806210652550807,1.9559633038179087
2026-04-22,MOVE,-0.0275965381111923,-0.2093704195795518
2026-04-22,MPLT,-0.0791778723156338,-1.2414650047154243
2026-04-22,MRAM,-0.0222134163097511,-0.1016591525469123
2026-04-22,MRLN,0.1109733753798347,2.563284836098592
2026-04-22,MRVI,-0.0590561191720213,-0.8388474147816037
2026-04-22,MSFT,-0.0404371926638878,-0.466299989894856
2026-04-22,MSTR,-0.0305525970995412,-0.2685184141452761
2026-04-22,MTCH,-0.0291620089002296,-0.2406940359511226
2026-04-22,MTSI,0.0186915434948574,0.7168110978000002
2026-04-22,MU,-0.0121578577919317,0.0995432330994952
2026-04-22,MWH,0.0263037345295635,0.8691239696772768
2026-04-22,MXL,0.0013110667486197,0.3690439022913731
2026-04-22,MYRG,0.002840580547066,0.3996480526805484
2026-04-22,NAMS,-0.0064276318996916,0.2141997305748393
2026-04-22,NAUT,-0.0988737831391437,-1.6355618853756615
2026-04-22,NB,-0.0772104249159309,-1.2020982097479886
2026-04-22,NEGG,-0.0955938435460664,-1.5699333407519287
2026-04-22,NEO,-0.0279808677001937,-0.2170604976636824
2026-04-22,NERV,-0.0296314013671094,-0.2500861432093432
2026-04-22,NESR,-0.0122022809886382,0.0986543661967228
2026-04-22,NEXT,-0.0088329132674721,0.1660722845965081
2026-04-22,NKLR,0.0710741608162783,1.7649386138196983
2026-04-22,NKSH,-0.0409088040530873,-0.4757364957276049
2026-04-22,NKTR,-0.0229349359398235,-0.1160960901475468
2026-04-22,NNBR,0.113243708055985,2.608712084107039
2026-04-22,NNE,-0.0442923404650592,-0.54343791646956
2026-04-22,NRXP,-0.0469251858998399,-0.5961187080513891
2026-04-22,NSIT,-0.0472099758735194,-0.6018170908921796
2026-04-22,NSTS,-0.0329863702294312,-0.3172159538183054
2026-04-22,NUAI,0.0364768886169368,1.072679333439596
2026-04-22,NUCL,0.0968206605521895,2.280102158413473
2026-04-22,NVAX,-0.0350793167372415,-0.3590938693667584
2026-04-22,NVMI,-0.0010645694550797,0.3215096285098333
2026-04-22,NVTS,0.0124210706161459,0.591344759943966
2026-04-22,NXT,0.0598702527296098,1.5407588199667728
2026-04-22,ODD,0.0065784575458587,0.4744394994288496
2026-04-22,ODFL,0.0033784783032961,0.4104108871462382
2026-04-22,OLPX,-0.0271270152150234,-0.1999757025524079
2026-04-22,OMEX,-0.0033390932622874,0.27599851986194
2026-04-22,ON,0.0874002256801016,2.091608006971575
2026-04-22,ONDS,-0.0375578111953814,-0.4086862412778206
2026-04-22,ONEW,0.0206430822549025,0.7558595756649247
2026-04-22,OPEN,-0.0289755723202994,-0.2369636131618526
2026-04-22,OPRT,-0.0084585053825396,0.1735638385981824
2026-04-22,OPRX,-0.0472349492362704,-0.6023167846838473
2026-04-22,OPTX,-0.0401343521261448,-0.4602404320337642
2026-04-22,ORBS,-0.0011259452908241,0.3202815550466914
2026-04-22,ORMP,-0.023512636580743,-0.1276553433642106
2026-04-22,OTLK,0.0380026783494054,1.1032089687277251
2026-04-22,PAHC,0.0048814029452635,0.4404830132121096
2026-04-22,PALI,-0.0245933949040858,-0.1492803135315518
2026-04-22,PANW,-0.0429133621008092,-0.5158458402909758
2026-04-22,PCT,0.0203917741101914,0.7508311331215645
2026-04-22,PENG,-0.0034190154830604,0.2743993504615338
2026-04-22,PEPG,-0.0493324645843572,-0.6442861184823772
2026-04-22,PFIS,-0.0157953588483157,0.0267602157227042
2026-04-22,PHOE,-0.0385511963277849,-0.4285629550527006
2026-04-22,PHVS,-0.0965026202088159,-1.588117117639205
2026-04-22,PICS,-0.0087516633961508,0.1676980190511713
2026-04-22,PLAB,-0.0015574233958993,0.31164807895071
2026-04-22,PLSE,-0.0165018372844186,0.0126242384421032
2026-04-22,PMTR,-0.018716757729128,-0.0316942622859077
2026-04-22,PNRG,0.0427003330020041,1.1972046748211127
2026-04-22,PNTG,0.01211924906275,0.5853055910131558
2026-04-22,POET,-0.0626900509047819,-0.9115590133081236
2026-04-22,POLE,-0.0282180881158113,-0.2218070578335333
2026-04-22,POWI,1.0438767701759569e-05,0.3430195445060315
2026-04-22,POWL,0.0310766247493076,0.9646250695852672
2026-04-22,PPTA,-0.0101448163932065,0.1398223216365215
2026-04-22,PRAA,-0.0213162089651759,-0.0837068669699252
2026-04-22,PRE,-0.0294498753412569,-0.2464539760459071
2026-04-22,PRTA,-0.0182646935946852,-0.0226488788640027
2026-04-22,PRTH,-0.0383918910497664,-0.4253754044132628
2026-04-22,PSIG,0.0104744564960267,0.5523948195496159
2026-04-22,PTEN,0.0224597037659505,0.7922084846978455
2026-04-22,PTON,-0.004504938654692,0.2526710364774013
2026-04-22,PURR,0.003206743654302,0.4069746363388333
2026-04-22,PYXS,-0.084199129989973,-1.34193570668907
2026-04-22,QCOM,-0.0178583507033846,-0.0145183350483353
2026-04-22,QDEL,-0.0213000719881997,-0.0833839810497672
2026-04-22,QMCO,-0.0027619634208735,0.2875463519106946
2026-04-22,QNTM,-0.0166811526281354,0.0090363049747694
2026-04-22,QSEA,-0.0217208308311613,-0.0918029746676412
2026-04-22,QTI,-0.0618403233878891,-0.8945567549805274
2026-04-22,QTRX,-0.0190847656808487,-0.0390577595687136
2026-04-22,QURE,0.0204192407325764,0.7513807147225972
2026-04-22,RBCAA,0.0444215695254911,1.2316450188530843
2026-04-22,RDVT,-0.0823201347046928,-1.3043387563708173
2026-04-22,RDZN,0.1646830220083238,3.6379649759165256
2026-04-22,RFIL,-0.0498012865815266,-0.6536668111715846
2026-04-22,RGNX,-0.0277477302935657,-0.2123956347111321
2026-04-22,RGTI,-0.0313140249227475,-0.2837538776210416
2026-04-22,RILY,0.0177405866342527,0.6977833343335138
2026-04-22,RIOT,-0.0065204822743666,0.2123418808234137
2026-04-22,RKLB,-0.053708121900161,-0.7318389569597976
2026-04-22,RLAY,-0.0761834841407451,-1.1815500787298256
2026-04-22,RMBS,0.0604915357612888,1.5531901163402089
2026-04-22,ROOT,-0.0357009392264941,-0.3715319579709306
2026-04-22,RVMD,-0.0378252524528497,-0.4140374924219044
2026-04-22,RXT,0.1321652006559813,2.987313575447739
2026-04-22,RZLT,-0.0547285855630671,-0.7522574869776311
2026-04-22,SABR,-0.0425937626792062,-0.5094509527306499
2026-04-22,SAIA,0.0124662319277157,0.5922483958395424
2026-04-22,SAIL,-0.0450495327144183,-0.5585886300469366
2026-04-22,SANM,0.0135290103845187,0.6135136055783583
2026-04-22,SATL,-0.043158771228169,-0.5207562489765492
2026-04-22,SCVL,-0.0174814850477214,-0.0069776033372866
2026-04-22,SCZM,-0.0394246590111697,-0.4460401320149444
2026-04-22,SEAT,-0.0664311535303612,-0.9864150018522416
2026-04-22,SEIC,0.061226254104445,1.567891147929776
2026-04-22,SEPN,-0.0322370280730009,-0.3022223133087284
2026-04-22,SERV,-0.0380403847630208,-0.4183420901187247
2026-04-22,SEZL,-0.0522111952822214,-0.7018868457833439
2026-04-22,SFIX,-0.0484236020562883,-0.6261006235098184
2026-04-22,SGHT,0.020089686080976,0.7447866322571262
2026-04-22,SGML,-0.0573782490299885,-0.8052747917608506
2026-04-22,SHMD,-0.0165623186507985,0.0114140624800981
2026-04-22,SHOO,-0.0409756807226135,-0.4770746357651703
2026-04-22,SIBN,-0.0268273572381748,-0.1939798247786294
2026-04-22,SITM,0.0635743800352747,1.6148749667046254
2026-04-22,SKIN,-0.0746116856122319,-1.150099850168982
2026-04-22,SLNO,-0.0131684381916059,0.0793224579986765
2026-04-22,SMTC,0.019862555427514,0.7402419588559429
2026-04-22,SMX,-0.003537592911977,0.2720267262517943
2026-04-22,SNDK,-0.0473331128517483,-0.6042809474484343
2026-04-22,SNEX,-0.0057171027863757,0.2284167581439236
2026-04-22,SOBR,0.0218975457489866,0.7809602249494733
2026-04-22,SOLS,-0.0110076064198333,0.1225586946225056
2026-04-22,SPPL,0.038958361238477,1.1223312956339753
2026-04-22,SPT,-0.0916991544428287,-1.4920042294515634
2026-04-22,SRRK,0.0011163380742225,0.3651475623940858
2026-04-22,STEX,-0.1039390755622896,-1.7369136817704212
2026-04-22,STFS,0.0075431591678979,0.4937422828045616
2026-04-22,STKE,0.0615479620359147,1.5743282248140058
2026-04-22,STOK,-0.0302464801097184,-0.2623932975214609
2026-04-22,STRO,-0.0276596445507788,-0.2106331208180708
2026-04-22,STRZ,-0.0013870009424984,0.3150580739431537
2026-04-22,STTK,-0.0164314701116372,0.0140322202075828
2026-04-22,STX,0.0081644084510848,0.5061729039020182
2026-04-22,SUNS,-0.0283507833371307,-0.2244621659556759
2026-04-22,SWIM,-6.625015404111223e-05,0.3414850704159078
2026-04-22,SWMR,-0.0582698669324247,-0.8231152377924962
2026-04-22,SYNA,0.0001580342651306,0.3459727933127234
2026-04-22,TACT,0.0033110833530168,0.4090623767922192
2026-04-22,TBLA,-0.0356563204091802,-0.3706391768815092
2026-04-22,TCMD,-0.0298986274021655,-0.2554330879528732
2026-04-22,TENB,-0.0419334692014526,-0.4962390935668496
2026-04-22,TH,-0.0457104088077628,-0.5718121468075377
2026-04-22,TIGO,0.002909788112509,0.4010328317803098
2026-04-22,TILE,-0.0241896981217286,-0.1412027158979536
2026-04-22,TLS,-0.0496732590733263,-0.6511050996532611
2026-04-22,TMCI,0.0020614641882154,0.3840586580368703
2026-04-22,TNDM,-0.0065407444727269,0.2119364530551485
2026-04-22,TNGX,-0.0368379247719319,-0.394281982624676
2026-04-22,TORO,-0.0277793047603437,-0.2130274104628222
2026-04-22,TOYO,-0.0981471376056048,-1.621022383207956
2026-04-22,TPG,-0.0400027516662631,-0.4576072290710991
2026-04-22,TRDA,-0.0224922492004124,-0.1072383396898564
2026-04-22,TRUP,-0.0228060007138635,-0.1135162160400027
2026-04-22,TSEM,-0.0162764188817187,0.0171346512959947
2026-04-22,TSHA,-0.0377971826123159,-0.4134758409860251
2026-04-22,TSLA,-0.0364819855066392,-0.3871599685470666
2026-04-22,TTMI,0.0549564911652295,1.442439015303615
2026-04-22,TVGN,-0.1054997800696659,-1.7681419292732086
2026-04-22,TZOO,0.2606811046681277,5.558797440309784
2026-04-22,UAL,0.0010722029848376,0.3642644602512038
2026-04-22,UFPT,-0.0318190465532888,-0.2938588913493076
2026-04-22,ULCC,0.0542843801486068,1.4289906981639875
2026-04-22,UNB,-0.031914631080097,-0.2957714489452488
2026-04-22,URBN,-0.0290760954877091,-0.238974988368882
2026-04-22,URGN,-0.0726737274943374,-1.1113231083388555
2026-04-22,USAR,-0.0808268438759389,-1.274459393958798
2026-04-22,VC,0.0716915304024767,1.7772916057841457
2026-04-22,VECO,-0.0141137633150531,0.0604073803615658
2026-04-22,VHCP,,
2026-04-22,VIAV,0.033239105354645,1.0078942978371777
2026-04-22,VICR,-0.0302713331772344,-0.2628905843172144
2026-04-22,VNCE,-0.0245864471905287,-0.1491412962367887
2026-04-22,VRAX,0.2066565952417594,4.4778171883725335
2026-04-22,VREX,0.0006101302269315,0.3550188135704996
2026-04-22,VSAT,-0.0101984054234816,0.138750054917897
2026-04-22,VSEC,0.0086494938026125,0.5158790112054118
2026-04-22,VTGN,-0.0364058042622113,-0.3856356526084508
2026-04-22,VTSI,-0.0317984026187624,-0.2934458253949414
2026-04-22,VTVT,-0.1310425961987814,-2.2792299540903582
2026-04-22,WATT,-0.0235170686630022,-0.1277440252133939
2026-04-22,WAY,-0.0097612171512554,0.1474977861545728
2026-04-22,WDC,0.0292720397126122,0.9285169992238352
2026-04-22,WEN,-0.0286676703046846,-0.2308027798299945
2026-04-22,WERN,0.0150033829559108,0.6430144312331482
2026-04-22,WEST,-0.0265030127055917,-0.1874899919551782
2026-04-22,WGS,-0.0357991535567429,-0.3734971354909768
2026-04-22,WINA,-0.0387962601476136,-0.4334664544553218
2026-04-22,WIX,-0.0528105953534348,-0.7138802844442648
2026-04-22,WLDN,-0.0054299650475863,0.2341621175837958
2026-04-22,WLFC,0.0050585174164298,0.4440269092640312
2026-04-22,WSC,0.0301973631233551,0.9470318611687004
2026-04-22,WVE,-0.010395664857182,0.1348030768776983
2026-04-22,WYFI,-0.0199937552358576,-0.0572457962323515
2026-04-22,XEL,0.0039313349924221,0.4214730359642884
2026-04-22,XENE,-0.0316208627905732,-0.2898934183440939
2026-04-22,XLO,-0.024770448737557,-0.1528229962795176
2026-04-22,XMTR,-0.0194377760435793,-0.0461211690266201
2026-04-22,XNDU,-0.1165350167231768,-1.988946764422292
2026-04-22,XOS,-0.008696280267439,0.1688061840130326
2026-04-22,ZD,-0.0235281599241211,-0.1279659510460579
2026-04-22,ZSQR,0.0790700413617233,1.9249287564096211
2026-04-22,ZVRA,-0.0432012007324515,-0.5216052239457986
2026-04-23,AAL,0.032798084947421,0.584639936431691
2026-04-23,AAON,0.0064796375184748,0.0745100905927676
2026-04-23,ABSI,0.0005334886117387,-0.0407439734365735
2026-04-23,ACHV,-0.0338219821666339,-0.7066552533177449
2026-04-23,ACIC,0.0048429365993229,0.0427859552756856
2026-04-23,ADAM,0.0098271859168197,0.1393955422515855
2026-04-23,ADEA,0.0010576041165091,-0.0305850549679903
2026-04-23,ADTN,0.0064820283226654,0.0745564314940103
2026-04-23,ADTX,0.0339963082599001,0.6078650706393905
2026-04-23,ADUR,0.0093939804187967,0.1309987302998277
2026-04-23,ADV,0.0118721826332782,0.1790336653788907
2026-04-23,AEI,-0.0511121512889396,-1.0417901936558231
2026-04-23,AEIS,0.0100315686752449,0.1433570884381161
2026-04-23,AEYE,0.0371620101174207,0.6692257950859557
2026-04-23,AFBI,0.0077634441530951,0.0993940843151912
2026-04-23,AGEN,0.0455568625767277,0.8319430223262197
2026-04-23,AGH,0.0956767464746888,1.803415549927192
2026-04-23,AGPU,-0.0992641769262065,-1.9751197709983888
2026-04-23,AIOT,-0.0324722135367103,-0.6804927197959607
2026-04-23,AIRO,-0.0394876056058262,-0.8164718988254048
2026-04-23,AKAM,-0.0032319069735817,-0.1137285472663153
2026-04-23,AKAN,0.2921171577984636,5.6110154098990455
2026-04-23,AKBA,0.0030093245199714,0.0072450955842745
2026-04-23,AKTS,-0.0426550912209271,-0.8778671978030818
2026-04-23,ALAB,0.0595488541569641,1.103149465148342
2026-04-23,ALDX,-0.0404713661736241,-0.8355401067106933
2026-04-23,ALGT,0.006162399320226,0.0683610700776404
2026-04-23,ALHC,0.0027292580279295,0.0018165733739224
2026-04-23,ALKS,-0.0157800843607872,-0.3569495736348492
2026-04-23,AMD,0.1250323523766919,2.3724145668231027
2026-04-23,AMPH,0.0118412798977195,0.1784346783843453
2026-04-23,AMRX,-0.0225839888035541,-0.4888294929903509
2026-04-23,AMSC,0.0566619477854678,1.047192627032463
2026-04-23,ANAB,0.1269023107802492,2.4086599264594275
2026-04-23,ANNA,-0.0636463123493769,-1.284739541893161
2026-04-23,APLD,-0.0311368270694967,-0.6546089553948038
2026-04-23,APLS,-0.014670403554849,-0.3354406567433056
2026-04-23,APPF,0.1036072821785144,1.957132936446092
2026-04-23,ARAI,0.0098127298112385,0.1391153398980265
2026-04-23,ARCB,0.0123341368613307,0.1879877132868175
2026-04-23,ARHS,0.0051205368506108,0.0481666743996633
2026-04-23,ARTV,-0.093550911891734,-1.8643796895729607
2026-04-23,ARWR,-0.0195056838772372,-0.4291627812001973
2026-04-23,ASBP,-0.0145152262780929,-0.3324328592475378
2026-04-23,ASO,-0.0018786925573665,-0.0874992241501029
2026-04-23,ASPI,-0.0141311219577496,-0.3249877742647787
2026-04-23,ASRT,0.0124955828403461,0.1911170168906409
2026-04-23,ASST,-0.0366304912964933,-0.7610925195478441
2026-04-23,ASTI,-0.083533898287143,-1.6702201511095998
2026-04-23,ASYS,0.0558063847154929,1.0306092682241574
2026-04-23,ATEX,0.0185837296978851,0.3091234238516113
2026-04-23,ATII,0.017729340774762,0.2925628235040428
2026-04-23,ATOM,0.3788146163789202,7.291470204950218
2026-04-23,AUUD,-0.5750208847105003,-11.196700818059172
2026-04-23,AVAH,0.0145211317289208,0.2303781832287194
2026-04-23,AVAV,-0.0315235600502979,-0.662104991641227
2026-04-23,AVNW,0.0326774944821878,0.582302534287999
2026-04-23,AVR,0.0107298433472979,0.1568917299388863
2026-04-23,AVTX,-0.038182468824389,-0.7911744633702655
2026-04-23,AXGN,0.0493661468074366,0.905778288734486
2026-04-23,AXIN,-0.0027850809420094,-0.1050677288339897
2026-04-23,AXTI,-0.0064777876036132,-0.1766433749695773
2026-04-23,BAND,0.0341771682384365,0.611370675338084
2026-04-23,BCAR,0.0072839340688479,0.0900997516606672
2026-04-23,BDTX,-0.0598450522010719,-1.2110598060848967
2026-04-23,BEAM,-0.1065644451548405,-2.1166206979094486
2026-04-23,BELFA,0.0223135033409442,0.3814175384145837
2026-04-23,BELFB,0.0246307652509909,0.4263329713682928
2026-04-23,BGDE,0.2195264063219345,4.203990585960327
2026-04-23,BHAV,0.0036021057043361,0.0187349593010674
2026-04-23,BIOA,-0.0166017578814855,-0.3728760521087568
2026-04-23,BJRI,-0.0162856538619524,-0.3667490153529279
2026-04-23,BKNG,0.0206911234046328,0.3499709863701634
2026-04-23,BKR,0.0744999925340063,1.392947027713087
2026-04-23,BL,0.0381460216480276,0.6882988673774523
2026-04-23,BLMN,-0.0499172660476818,-1.0186297612038846
2026-04-23,BLNK,-0.0130679033635354,-0.304379433327347
2026-04-23,BNZI,-0.0951089228885012,-1.894578579980228
2026-04-23,BRCB,0.0259444021973107,0.4517951653188897
2026-04-23,BTBT,0.0211732456181735,0.3593159498651798
2026-04-23,BWEN,-0.0427306889273904,-0.879332506364615
2026-04-23,BYND,-0.1108259612802255,-2.1992215644670914
2026-04-23,BZAI,0.0400144524078725,0.724514616731728
2026-04-23,CABA,-0.0217171766828867,-0.4720280940977615
2026-04-23,CAEP,0.013604130716504,0.2126039742309718
2026-04-23,CAR,-0.1078160495708772,-2.1408805167885023
2026-04-23,CBRL,-0.0117978145530176,-0.2797613318659908
2026-04-23,CCRN,-0.0007635216544845,-0.0658838928389725
2026-04-23,CDNA,0.0510361299989751,0.9381475335523302
2026-04-23,CDNL,-0.0043676333134293,-0.1357423041273839
2026-04-23,CDW,-0.0194300024971758,-0.4276958507952853
2026-04-23,CELC,0.0634101806654029,1.1779934657985178
2026-04-23,CELH,0.0345754284154992,0.619090142957794
2026-04-23,CENX,0.0042827440794537,0.0319277568742588
2026-04-23,CEPS,0.0009281989497446,-0.0330933122635837
2026-04-23,CEVA,0.1624168604556726,3.0970376052672064
2026-04-23,CGCT,0.0070977297968034,0.0864905586469422
2026-04-23,CGEM,0.0353141478915509,0.6334087251406456
2026-04-23,CGNT,0.00405732270795,0.0275584197465881
2026-04-23,CGON,-0.0096384649657701,-0.2379067097410011
2026-04-23,CHMG,-0.0035147390132927,-0.119210674021914
2026-04-23,CHRN,0.0011911081865795,-0.0279973487262854
2026-04-23,CHRW,-0.0182497828425895,-0.4048196810639363
2026-04-23,CHTR,-0.2457026609787622,-4.8135334538836005
2026-04-23,CLBT,-0.0031704255960763,-0.1125368551760631
2026-04-23,CLFD,-0.0018409786403026,-0.0867682161850732
2026-04-23,CLMT,-0.0730829546997283,-1.4676497580226764
2026-04-23,CLNN,-0.0403472937002763,-0.8331352128858326
2026-04-23,CLPT,0.0898019487553941,1.689544484281332
2026-04-23,CMPX,-0.014885817222683,-0.3396160147867633
2026-04-23,COAG,,
2026-04-23,COCO,0.0676362456736136,1.2599071841880274
2026-04-23,COLA,0.0026504674197701,0.0002893768741127
2026-04-23,COLB,-0.0090762012011276,-0.2270083644509823
2026-04-23,COLL,0.0079028827052107,0.1020968184824234
2026-04-23,COLM,-0.0380285009198722,-0.7881901071080907
2026-04-23,COYA,0.0028612689926783,0.0043753387903927
2026-04-23,CPSH,0.0239997747568527,0.4141024975012613
2026-04-23,CRAC,0.0126567316064585,0.1942405596237743
2026-04-23,CRDO,0.0188081151266439,0.3134726813254894
2026-04-23,CRMD,0.0101966571108128,0.1465569936913963
2026-04-23,CRML,0.057496807708692,1.0633746972355498
2026-04-23,CRWD,-0.0025286591934155,-0.10009751212827
2026-04-23,CSCO,-0.0059341831480292,-0.1661067026269898
2026-04-23,CSGS,-0.0012803365037778,-0.0759013028746138
2026-04-23,CTSH,-0.0092594671554052,-0.2305606041207246
2026-04-23,CUE,0.0602272332091109,1.1162984703176753
2026-04-23,CVGI,-0.0201625479926615,-0.4418947628584316
2026-04-23,CVRX,0.0070053216288907,0.0846994133075821
2026-04-23,CVV,0.1050155775644314,1.9844298926990416
2026-04-23,CXDO,0.0241997690023893,0.41797898124597
2026-04-23,DARE,0.0027681952984858,0.0025712935708466
2026-04-23,DASH,-0.0045048403592297,-0.1384017850603351
2026-04-23,DAVE,-0.0257594172730304,-0.5503787481270687
2026-04-23,DCBO,0.0183850869981604,0.3052731370875009
2026-04-23,DDOG,0.0057688647593907,0.0607331989658207
2026-04-23,DFDV,-0.0539788366891514,-1.0973550891621735
2026-04-23,DGXX,-0.0370841752847087,-0.7698862655920484
2026-04-23,DIBS,-0.0518883521219819,-1.0568352760972906
2026-04-23,DJCO,0.011005114098006,0.1622272964080633
2026-04-23,DOMH,-0.0030611905733064,-0.1104195553058378
2026-04-23,DOMO,0.0046436795245953,0.0389237600953834
2026-04-23,DOO,0.0143210450819486,0.2264999084691649
2026-04-23,DOX,0.0052840097312573,0.0513352653900016
2026-04-23,DPRO,-0.0554632175847338,-1.1261268090546184
2026-04-23,DRTS,0.0091979872114472,0.127199798583943
2026-04-23,DSGN,-0.0089149764207482,-0.2238833483351036
2026-04-23,EIKN,-0.1079501255198033,-2.14347930774458
2026-04-23,ENGN,-0.0186027165595681,-0.4116605869767839
2026-04-23,ENPH,-0.0055632695395314,-0.15891729290085
2026-04-23,ERII,0.0156024698072254,0.2513377336989559
2026-04-23,ERNA,0.0100849402393092,0.1443915882056961
2026-04-23,ESOA,-0.0163375361072095,-0.3677546476891901
2026-04-23,ESPR,0.008075622429136,0.105445028477492
2026-04-23,EYE,-0.0211477390088926,-0.4609906970919649
2026-04-23,EZGO,0.009447086700749,0.132028088110488
2026-04-23,FA,-0.0003148877182958,-0.0571880318341034
2026-04-23,FABC,0.0151737694052571,0.2430282439177832
2026-04-23,FACT,0.0122767447263912,0.1868752828887822
2026-04-23,FCEL,-0.0967575983170458,-1.9265348169304708
2026-04-23,FDMT,-0.0187490326182905,-0.4144966276923822
2026-04-23,FEIM,-0.0241345218446299,-0.5188834383588078
2026-04-23,FENC,0.0195485715134813,0.3278249300091385
2026-04-23,FFAI,-0.0590246056204186,-1.1951571093609472
2026-04-23,FGMC,0.0066728610140134,0.0782553370499394
2026-04-23,FLNC,-0.0153551101140101,-0.3487123078318722
2026-04-23,FLWS,-0.0496880806100853,-1.0141874652719038
2026-04-23,FLXS,-0.0105700177204882,-0.2559629748165968
2026-04-23,FLYW,0.007641616131672,0.0970326946490568
2026-04-23,FMAO,0.0050021190137374,0.0458713842602322
2026-04-23,FNKO,-0.0103449697758312,-0.2516008758126872
2026-04-23,FOSL,-0.0676532407849594,-1.3624057412633868
2026-04-23,FOXF,0.0286061623828777,0.5033880002225951
2026-04-23,FRMI,-0.0656030057838648,-1.3226660845885143
2026-04-23,FROG,0.0176441448467309,0.290911472840218
2026-04-23,FSEA,0.018439569068605,0.3063291617740597
2026-04-23,FTRE,-0.0015869450627552,-0.0818442893424254
2026-04-23,FWRD,0.0184941508412528,0.3073871189860741
2026-04-23,FWRG,-0.0076088630780889,-0.1985669842168266
2026-04-23,GALT,-0.0052054354113394,-0.1519814024330211
2026-04-23,GDRX,-0.0016561791078654,-0.0831862512060283
2026-04-23,GELS,0.0326261819524996,0.5813079447351738
2026-04-23,GFS,-0.0023927715364191,-0.0974636048773908
2026-04-23,GH,0.0054506463000834,0.0545651780737153
2026-04-23,GLSI,0.0381162340538045,0.6877214951411169
2026-04-23,GLUE,-0.0319071840912513,-0.6695407673798984
2026-04-23,GMM,0.0038884417901781,0.0242850049001873
2026-04-23,GPRE,-0.0327647228669794,-0.6861624212462264
2026-04-23,GPRO,0.000395255146243,-0.0434233494382719
2026-04-23,GRAL,0.0593248389230769,1.0988073831529297
2026-04-23,GRPN,-0.0084946408441333,-0.2157359937664843
2026-04-23,GSHD,-0.0368161314741317,-0.7646907787329968
2026-04-23,GSIT,0.1427832975855588,2.7164807191803675
2026-04-23,GTX,0.0138973265255668,0.2182869816835053
2026-04-23,GV,0.0462607310770316,0.8455860888680553
2026-04-23,HCKT,0.013831745591928,0.2170158279934014
2026-04-23,HCSG,0.0152872253822227,0.2452273584436392
2026-04-23,HELE,0.0055356676617123,0.0562131451210816
2026-04-23,HLMN,-0.016771460745071,-0.376165398711477
2026-04-23,HOOD,0.008142542250795,0.1067421338025177
2026-04-23,HOVR,0.0757372717524532,1.4169291816250922
2026-04-23,HPK,0.0064328891275804,0.0736039676345438
2026-04-23,HROW,0.011584737992723,0.1734621326899072
2026-04-23,HTCO,0.1271413849173097,2.413293894819909
2026-04-23,HUHU,-0.0105555684038588,-0.2556829040531314
2026-04-23,HUT,-0.0448442478522094,-0.9202995691596476
2026-04-23,HYMC,-0.0060337726025105,-0.1680370426745502
2026-04-23,IEAG,0.007835513440653,0.1007910016162935
2026-04-23,IKT,-0.0137335270845862,-0.3172812022148579
2026-04-23,IMDX,0.0720118837861057,1.344720074530392
2026-04-23,IMSR,0.004446067994126,0.035093460460632
2026-04-23,IMUX,-0.0083106641629055,-0.2121699780930265
2026-04-23,IMVT,-0.0116352324137298,-0.2766100060944012
2026-04-23,IMXI,0.004463961252906,0.0354402850735827
2026-04-23,INDI,0.0619205384898237,1.1491197666399726
2026-04-23,INDV,-0.0083367344200892,-0.2126752972731961
2026-04-23,INOD,-0.0455437838840536,-0.9338586595675036
2026-04-23,INSM,-0.053452554573409,-1.0871541753242178
2026-04-23,INTC,0.2381305320961344,4.56459391709461
2026-04-23,IPCX,0.0038604834139276,0.0237430883526746
2026-04-23,IPSC,-0.0218265103467947,-0.4741473059268395
2026-04-23,IPST,0.0688970424741388,1.2843451788388336
2026-04-23,IPWR,0.1924490931975096,3.67915166424251
2026-04-23,IREN,-0.0301015212676523,-0.6345416474536006
2026-04-23,IRHO,0.0097219439874585,0.1373556404167311
2026-04-23,IRWD,0.0164808780396348,0.2683638997519669
2026-04-23,ISSC,-0.0036698927058078,-0.1222180143848951
2026-04-23,JACK,5.692679378980006e-05,-0.0499811599149677
2026-04-23,JBHT,-0.0256454607220121,-0.5481699309861541
2026-04-23,JBIO,-0.0146251173774505,-0.3345628758347881
2026-04-23,JBLU,0.0153956947620256,0.2473298178742914
2026-04-23,KALU,0.0709598276963944,1.3243280961544923
2026-04-23,KALV,0.0441215346885609,0.8041220957196795
2026-04-23,KEEL,0.0220909034724312,0.3771028904128404
2026-04-23,KMTS,-0.0264820278256087,-0.5643850914261382
2026-04-23,KOPN,0.0574011311044873,1.0615201998726222
2026-04-23,KROS,-0.0010483716667734,-0.0714051339094592
2026-04-23,KXIN,-0.006419909186317,-0.1755215189720899
2026-04-23,LASR,0.0117051586359431,0.1757962431775245
2026-04-23,LBRDA,-0.236365567005965,-4.632552781608538
2026-04-23,LBRDK,-0.23404532965105,-4.587579675677118
2026-04-23,LBRX,-0.0035068516639636,-0.1190577937158781
2026-04-23,LBTYB,0.018915136681176,0.315547077593062
2026-04-23,LE,-0.0266921912350054,-0.5684586838341247
2026-04-23,LFUS,0.0120455198333703,0.1823934562404087
2026-04-23,LGIH,-0.0053743718819911,-0.1552558940595809
2026-04-23,LGN,-0.0089370964842199,-0.2243121010037117
2026-04-23,LGND,0.0131399544403293,0.2036068564166937
2026-04-23,LIEN,0.0095647809751191,0.1343093534549807
2026-04-23,LIFE,0.0247796094578383,0.4292180151193747
2026-04-23,LINC,-0.0160868073433043,-0.3628947779714328
2026-04-23,LIND,-0.0038638866963997,-0.1259781953295175
2026-04-23,LINK,0.0345456058242269,0.6185120923744771
2026-04-23,LITE,0.0389090613881839,0.7030888486658913
2026-04-23,LLYVA,0.0163083601611254,0.2650199897813635
2026-04-23,LMB,-0.036711533329494,-0.7626633553622555
2026-04-23,LMRI,0.0225787376724308,0.3865585692066828
2026-04-23,LOVE,-0.039680583573518,-0.8202123862221151
2026-04-23,LQDA,0.0032664000485489,0.0122279844919965
2026-04-23,LRMR,0.0261950545792876,0.4566535545275336
2026-04-23,LWAY,0.0332119196888126,0.5926612854644875
2026-04-23,LWLG,-0.0943710501775075,-1.8802764106245256
2026-04-23,LXRX,-0.008817553461698,-0.2219950014173903
2026-04-23,MASI,-0.0029098320960534,-0.1074857775107778
2026-04-23,MBBC,,
2026-04-23,MBX,-0.0326496462126738,-0.6839318931697098
2026-04-23,MCW,0.0132791640639341,0.2063051532680007
2026-04-23,MDAI,0.0160891035202851,0.2607701434827537
2026-04-23,MDB,-0.0273129531168542,-0.5804908967503745
2026-04-23,MELI,0.0251269665257823,0.4359508289754999
2026-04-23,MGNX,-0.0004195495955659,-0.0592166905329563
2026-04-23,MKSI,-0.0045619550366903,-0.1395088375066002
2026-04-23,MLTX,0.0440184075957269,0.8021231857113571
2026-04-23,MMED,-0.0171373617632099,-0.3832576495169027
2026-04-23,MNPR,0.0236928741423434,0.4081538501279625
2026-04-23,MNTS,0.0237348044981242,0.408966585225204
2026-04-23,MOVE,0.0311689338781802,0.5530621396773868
2026-04-23,MPLT,0.0176388866159377,0.2908095526767603
2026-04-23,MRAM,0.0949921445216404,1.7901459264164423
2026-04-23,MRLN,-0.0405542974402135,-0.8371475614952001
2026-04-23,MRVI,0.0209234462570165,0.3544740947389717
2026-04-23,MSFT,0.0126598768823571,0.1943015244323414
2026-04-23,MSTR,-0.0144456681653457,-0.3310846159885686
2026-04-23,MTCH,0.0158462028191104,0.2560620049202899
2026-04-23,MTSI,0.0084356466444722,0.1124233693527885
2026-04-23,MU,0.0201209093307755,0.3389185404241276
2026-04-23,MWH,0.0314413048335684,0.5583414994822639
2026-04-23,MXL,0.73570069061069,14.208984565226494
2026-04-23,MYRG,-0.0065084796093133,-0.177238277392243
2026-04-23,NAMS,-0.0505454091763006,-1.0308050446522017
2026-04-23,NAUT,0.0186488355815677,0.3103853696596175
2026-04-23,NB,-0.0258152192314146,-0.5514603561704343
2026-04-23,NEGG,-0.023114564882273,-0.4991136366114149
2026-04-23,NEO,0.0465420505237258,0.8510388970688831
2026-04-23,NERV,-0.0322726624158528,-0.6766248251264583
2026-04-23,NESR,0.035945906862842,0.6456540943822074
2026-04-23,NEXT,-0.0224882034833012,-0.4869728883868262
2026-04-23,NKLR,-0.0598774076734144,-1.2116869514422617
2026-04-23,NKSH,-0.0167182602553203,-0.3751342148732838
2026-04-23,NKTR,-0.0082684665582023,-0.2113520629162238
2026-04-23,NNBR,-0.0374980073348436,-0.7779075624602798
2026-04-23,NNE,-0.0358244119682077,-0.7454683029377089
2026-04-23,NRXP,0.0280162662718293,0.4919540578138526
2026-04-23,NSIT,-0.0093187756894883,-0.2317101800381657
2026-04-23,NSTS,-0.0010640184272227,-0.0717084146982446
2026-04-23,NUAI,0.0154975946477236,0.2493049409556369
2026-04-23,NUCL,-0.0064677613789305,-0.1764490368930041
2026-04-23,NVAX,0.0067136755122525,0.0790464435067668
2026-04-23,NVMI,0.0365659941671259,0.6576732319774257
2026-04-23,NVTS,-0.1012436440881488,-2.0134877363159114
2026-04-23,NXT,-0.0194304268883511,-0.4277040767594289
2026-04-23,ODD,0.0229032595238999,0.3928487686004059
2026-04-23,ODFL,-0.0133951154031218,-0.3107217765739041
2026-04-23,OLPX,0.0088626587244261,0.1207001344281721
2026-04-23,OMEX,0.01242073857748,0.1896663123085836
2026-04-23,ON,0.0092217951311865,0.1276612669307798
2026-04-23,ONDS,-0.0134845505790205,-0.3124552964791715
2026-04-23,ONEW,0.0223778477777175,0.3826647251151044
2026-04-23,OPEN,0.0436284098348596,0.7945638683099069
2026-04-23,OPRT,-0.0058020888433336,-0.1635463218342975
2026-04-23,OPRX,-0.0019318246871141,-0.0885290829679691
2026-04-23,OPTX,-0.0802296241134905,-1.6061734827274452
2026-04-23,ORBS,-0.0109499028217591,-0.26332627877558
2026-04-23,ORMP,-0.0036218851261726,-0.1212874846010056
2026-04-23,OTLK,0.1087429680272024,2.0566778141346944
2026-04-23,PAHC,0.0083315272020036,0.110405224654901
2026-04-23,PALI,-0.0280702834953005,-0.595170213615435
2026-04-23,PANW,0.0231287050977105,0.3972185748408218
2026-04-23,PCT,0.0012451680087896,-0.0269495084672975
2026-04-23,PENG,0.1010841795448218,1.9082276976003616
2026-04-23,PEPG,-0.0235863144629802,-0.508257547608843
2026-04-23,PFIS,-0.008120371901143,-0.2084815476710079
2026-04-23,PHOE,-0.0009242743988669,-0.0689997594922526
2026-04-23,PHVS,0.0427254052195427,0.7770609511470662
2026-04-23,PICS,-0.0126071053242854,-0.2954477957997122
2026-04-23,PLAB,0.0306085073787721,0.5421994060560756
2026-04-23,PLSE,-0.0494076699019024,-1.0087522711282109
2026-04-23,PMTR,-0.0075717481923751,-0.1978475872623266
2026-04-23,PNRG,-0.0106681103494737,-0.2578643019308733
2026-04-23,PNTG,-0.0022214270383773,-0.0941424385127186
2026-04-23,POET,0.2501408908860428,4.797390418275283
2026-04-23,POLE,-0.0042767513759161,-0.1339807416758627
2026-04-23,POWI,0.0009218885428436,-0.0332156267317265
2026-04-23,POWL,-0.0025519696927564,-0.1005493389872549
2026-04-23,PPTA,-0.0117165222745419,-0.2781856455494365
2026-04-23,PRAA,0.0080222812325434,0.1044111173219005
2026-04-23,PRE,0.0425584809990208,0.7738254629173166
2026-04-23,PRTA,0.0212129774271372,0.3600860705813159
2026-04-23,PRTH,-0.003337773927989,-0.1157805639468978
2026-04-23,PSIG,0.0222374069995637,0.3799425648242091
2026-04-23,PTEN,0.022495375054256,0.3849427535445675
2026-04-23,PTON,0.0360262912067043,0.6472121822235621
2026-04-23,PURR,0.0141601942246535,0.2233821400956096
2026-04-23,PYXS,0.0989927953225522,1.8676904465418915
2026-04-23,QCOM,0.1068838422955974,2.0206424239233494
2026-04-23,QDEL,0.0320189163828476,0.5695373305199457
2026-04-23,QMCO,0.0056462324610975,0.0583562200200795
2026-04-23,QNTM,0.1356377086341841,2.577977937052573
2026-04-23,QSEA,-0.0014171832673172,-0.0785538004649975
2026-04-23,QTI,-0.0213090319063738,-0.4641170335200208
2026-04-23,QTRX,0.047649648951915,0.872507451281627
2026-04-23,QURE,0.0299942562833671,0.5302933915599196
2026-04-23,RBCAA,-0.0343595466464827,-0.717074852953101
2026-04-23,RDVT,-0.004969693563305,-0.147412023752147
2026-04-23,RDZN,-0.0383288748425398,-0.7940122477673418
2026-04-23,RFIL,0.0041400701726905,0.0291623119041933
2026-04-23,RGNX,-0.0318482296069993,-0.6683980540019839
2026-04-23,RGTI,-0.0127426576787656,-0.2980752038898276
2026-04-23,RILY,-0.0085912453288152,-0.2176084762148196
2026-04-23,RIOT,0.0158211340839315,0.2555760982175216
2026-04-23,RKLB,-0.0731232056299162,-1.4684299408532582
2026-04-23,RLAY,-0.0081582789286888,-0.2092162986919545
2026-04-23,RMBS,0.1338208516814846,2.542761841585917
2026-04-23,ROOT,0.0633618232342092,1.1770561548501175
2026-04-23,RVMD,0.0077612408343139,0.0993513774392156
2026-04-23,RXT,-0.0746700970458272,-1.4984133006870275
2026-04-23,RZLT,0.0166536689823148,0.2717131025189489
2026-04-23,SABR,0.0268293800775198,0.4689486707002672
2026-04-23,SAIA,0.0018123393112932,-0.0159560404866523
2026-04-23,SAIL,0.0241787989376763,0.4175725189761812
2026-04-23,SANM,0.0522043001659296,0.9607901483490794
2026-04-23,SATL,-0.0858201734096273,-1.7145349678907575
2026-04-23,SCVL,-0.0054458626506331,-0.1566415979421784
2026-04-23,SCZM,-0.0193661786225229,-0.4264587541380674
2026-04-23,SEAT,0.0236205152125686,0.4067513186986016
2026-04-23,SEIC,-0.0163309845709056,-0.3676276594155188
2026-04-23,SEPN,-0.0172530212426987,-0.3854994744802005
2026-04-23,SERV,-0.0116797984657395,-0.2774738288294902
2026-04-23,SEZL,-0.0258541536399808,-0.5522150208934703
2026-04-23,SFIX,-0.0056850217518263,-0.1612772131604422
2026-04-23,SGHT,0.0070998614503589,0.0865318764375373
2026-04-23,SGML,-0.0411333339996072,-0.8483710134703254
2026-04-23,SHMD,0.1189597135622466,2.2547087518956865
2026-04-23,SHOO,0.0037747776996691,0.0220818565144273
2026-04-23,SIBN,0.006902909016463,0.0827143520561263
2026-04-23,SITM,0.0189646668742632,0.3165071201575843
2026-04-23,SKIN,0.0264810989699945,0.4621979462067277
2026-04-23,SLNO,0.008429820124739,0.1123104340582066
2026-04-23,SMTC,0.0361388965729035,0.6493948093809928
2026-04-23,SMX,-0.3786479868664927,-7.390409570273457
2026-04-23,SNDK,0.0458121778898253,0.8368917930188091
2026-04-23,SNEX,-0.0039493753252761,-0.1276352194069225
2026-04-23,SOBR,0.0091468791282902,0.126209171813409
2026-04-23,SOLS,0.0091513609901843,0.1262960436368062
2026-04-23,SPPL,0.0407896020669438,0.7395393242929046
2026-04-23,SPT,0.0559041750667582,1.0325047362965116
2026-04-23,SRRK,0.0013049058782919,-0.0257916107515518
2026-04-23,STEX,0.1310857532909138,2.48974749398418
2026-04-23,STFS,-0.0030616561076991,-0.1104285787479923
2026-04-23,STKE,-0.0745051452060553,-1.4952160430668398
2026-04-23,STOK,-0.0304363169422467,-0.6410309841186715
2026-04-23,STRO,-0.0549675225972805,-1.116518764802944
2026-04-23,STRZ,-0.0220803434312928,-0.4790673466174394
2026-04-23,STTK,0.0054745044324672,0.0550276196910556
2026-04-23,STX,-0.0172770115346573,-0.3859644777434633
2026-04-23,SUNS,0.0177038070324913,0.2920679035797794
2026-04-23,SWIM,-0.0049040242138058,-0.1461391562995035
2026-04-23,SWMR,-0.0141980055935838,-0.3262841782008148
2026-04-23,SYNA,0.1009205988010266,1.905057015901157
2026-04-23,TACT,0.0056169749381095,0.0577891221419937
2026-04-23,TBLA,0.010619721578571,0.1547572422926885
2026-04-23,TCMD,0.0191393859723612,0.3198936963155606
2026-04-23,TENB,0.0186389346442814,0.3101934600256943
2026-04-23,TH,0.0204323611472669,0.3449554036381136
2026-04-23,TIGO,0.0022418929718333,-0.0076300120147034
2026-04-23,TILE,-0.0005074849728805,-0.0609211398776372
2026-04-23,TLS,0.0292636539934659,0.5161321446047914
2026-04-23,TMCI,0.0813583725730721,1.5258828462669345
2026-04-23,TNDM,-0.014860890283312,-0.3391328565087946
2026-04-23,TNGX,-0.018062081087424,-0.401181462370193
2026-04-23,TORO,0.0077017219228746,0.0981977237824429
2026-04-23,TOYO,-0.0842597168626973,-1.684288675442357
2026-04-23,TPG,-0.00618717509886,-0.1710104396435526
2026-04-23,TRDA,-0.0109597141438468,-0.2635164514002223
2026-04-23,TRUP,0.014877652914877,0.2372886249681561
2026-04-23,TSEM,-0.0016767327988783,-0.0835846429142064
2026-04-23,TSHA,-0.0204293753442267,-0.4470666711211448
2026-04-23,TSLA,0.0104330062247914,0.1511381429937464
2026-04-23,TTMI,0.110118342825958,2.0833366714230714
2026-04-23,TVGN,0.0480646511713271,0.8805514295133624
2026-04-23,TZOO,0.0320533840453059,0.5702054164085139
2026-04-23,UAL,0.0279974048989363,0.491588468267881
2026-04-23,UFPT,0.003681131260834,0.0202667097989812
2026-04-23,ULCC,0.044632382974356,0.8140238559957481
2026-04-23,UNB,-0.0004694336375292,-0.0601835917418987
2026-04-23,URBN,-0.0118210909285983,-0.2802124973049377
2026-04-23,URGN,-0.0254496449075412,-0.5443744376722515
2026-04-23,USAR,-0.0773353459767101,-1.5500737578589148
2026-04-23,VC,0.0457172187386213,0.8350512020304743
2026-04-23,VECO,0.0147983059405273,0.2357506444355995
2026-04-23,VHCP,,
2026-04-23,VIAV,0.039668477049057,0.7178085845110533
2026-04-23,VICR,0.0278526279512348,0.4887822601049036
2026-04-23,VNCE,0.0800919527904892,1.501335861487513
2026-04-23,VRAX,0.0464342924482433,0.8489502248330989
2026-04-23,VREX,0.012126569966752,0.183964449064315
2026-04-23,VSAT,-0.0249416002707459,-0.5345270204586278
2026-04-23,VSEC,-0.0208288565636573,-0.4548098061762746
2026-04-23,VTGN,0.0522138838122012,0.9609759079387478
2026-04-23,VTSI,-0.0092338205009939,-0.2300634956231038
2026-04-23,VTVT,-0.0605368278299086,-1.2244684767842735
2026-04-23,WATT,0.201756783713651,3.859562410010644
2026-04-23,WAY,0.0225653014417724,0.3862981350647022
2026-04-23,WDC,-0.0076240890459527,-0.198862108792852
2026-04-23,WEN,0.0429124262163323,0.7806859747172634
2026-04-23,WERN,-0.0066013700743535,-0.1790387710854521
2026-04-23,WEST,0.0173437297445131,0.2850885339987144
2026-04-23,WGS,0.0273188783100727,0.478436603397847
2026-04-23,WINA,-0.0175068061643712,-0.3904185816318863
2026-04-23,WIX,0.0510190446609933,0.937816368849159
2026-04-23,WLDN,0.0059016330558171,0.063306643724336
2026-04-23,WLFC,0.0155719199010872,0.2507455855887479
2026-04-23,WSC,0.0127106358695346,0.1952853846837381
2026-04-23,WVE,-0.0198166520786632,-0.4351902705147766
2026-04-23,WYFI,-0.0190930443752873,-0.4211645994653115
2026-04-23,XEL,0.0045804989181179,0.037699131890041
2026-04-23,XENE,0.002998182494535,0.0070291299680055
2026-04-23,XLO,-0.0154240692831833,-0.3500489417816697
2026-04-23,XMTR,0.0058430395322581,0.0621709268390218
2026-04-23,XNDU,0.0372969148406039,0.6718406501539158
2026-04-23,XOS,0.0153097236107505,0.2456634410766094
2026-04-23,ZD,-0.0140005690161175,-0.3224572696759944
2026-04-23,ZSQR,0.0154250743943627,0.2478992825950106
2026-04-23,ZVRA,-0.0078564330138856,-0.2033656264438517
2026-04-24,AAL,-0.037431405827118,-0.6636326937963368
2026-04-24,AAON,-0.0822560773267155,-1.523807403756248
2026-04-24,ABSI,0.2333748632686943,4.533074748374381
2026-04-24,ACHV,-0.0032965636923814,-0.0085932489888498
2026-04-24,ACIC,0.0023597509631366,0.0999500744863931
2026-04-24,ADAM,0.0081866171039229,0.211766240114536
2026-04-24,ADEA,-0.0110494605044594,-0.157369481888585
2026-04-24,ADTN,-0.0119168556397155,-0.1740145867812394
2026-04-24,ADTX,-0.0972802737969369,-1.8121181355207747
2026-04-24,ADUR,0.0348607888014784,0.723637206164375
2026-04-24,ADV,0.0400633422154651,0.8234729600966079
2026-04-24,AEI,-0.0686167740963146,-1.2620724415631466
2026-04-24,AEIS,-0.003648312359545,-0.0153432216631373
2026-04-24,AEYE,0.0038137924973415,0.1278527832650971
2026-04-24,AFBI,0.0001517024647076,0.057578152659132
2026-04-24,AGEN,0.0548293536564167,1.1068291829882644
2026-04-24,AGH,-0.0348745793903856,-0.6145678068700859
2026-04-24,AGPU,0.0318663380746236,0.6661744139276338
2026-04-24,AIOT,-0.0420799539883883,-0.7528372196207204
2026-04-24,AIRO,0.0344330067466209,0.7154281709912694
2026-04-24,AKAM,0.0069278242981567,0.1876103076698485
2026-04-24,AKAN,0.0176394443931105,0.3931637317135789
2026-04-24,AKBA,-0.0076286653489882,-0.0917252421819741
2026-04-24,AKTS,-0.0506986425858462,-0.9182277895130124
2026-04-24,ALAB,-0.0737916974579657,-1.3613779814088305
2026-04-24,ALDX,0.0287061483018741,0.6055311290969229
2026-04-24,ALGT,0.0014874833858966,0.0832114685990849
2026-04-24,ALHC,-0.0067184183547205,-0.0742578203784903
2026-04-24,ALKS,0.0080454385564695,0.2090570576030843
2026-04-24,AMD,-0.0316507417810204,-0.5527031352992414
2026-04-24,AMPH,0.0131940312037358,0.3078573173462881
2026-04-24,AMRX,0.0024404932345016,0.1014994993350169
2026-04-24,AMSC,0.007610412586964,0.200709013442899
2026-04-24,ANAB,0.138259040180971,2.707824884851896
2026-04-24,ANNA,-0.0244635413595458,-0.4147824806432187
2026-04-24,APLD,-0.0317745880829365,-0.5550797161701413
2026-04-24,APLS,0.0073251445632683,0.1952347883937432
2026-04-24,APPF,0.0072016981781733,0.1928658818308551
2026-04-24,ARAI,0.0023103069965156,0.0990012566094377
2026-04-24,ARCB,0.0310603472762647,0.6507076435528644
2026-04-24,ARHS,-0.0204065904526516,-0.3369305644347382
2026-04-24,ARTV,0.0520806736990619,1.054082672952792
2026-04-24,ARWR,-0.0099429721747198,-0.1361362358598598
2026-04-24,ASBP,0.2229851578152847,4.333698789198958
2026-04-24,ASO,-0.014466288439879,-0.2229375915926105
2026-04-24,ASPI,0.0542212057792753,1.0951589708855938
2026-04-24,ASRT,-0.0024735503677106,0.0072001795887191
2026-04-24,ASST,-0.0080075950906743,-0.098996813166112
2026-04-24,ASTI,0.0300429894215163,0.6311847899912594
2026-04-24,ASYS,-0.0477955547105226,-0.8625182285145104
2026-04-24,ATEX,0.0406056209033078,0.8338791582332001
2026-04-24,ATII,0.0038212446442167,0.1279957881787425
2026-04-24,ATOM,-0.0962087575583443,-1.7915559955448674
2026-04-24,AUUD,-0.1431388311290475,-2.6921328669769173
2026-04-24,AVAH,0.025339517402432,0.5409262884904364
2026-04-24,AVAV,-0.0046553110339108,-0.034667285034364
2026-04-24,AVNW,-0.0328481145197854,-0.575680431369116
2026-04-24,AVR,0.0181859075675574,0.4036502291458657
2026-04-24,AVTX,0.0381730525563737,0.7871987542886799
2026-04-24,AXGN,0.0049463896236966,0.1495870508474639
2026-04-24,AXIN,-0.0089580858146841,-0.1172365025044289
2026-04-24,AXTI,-0.0666114489298647,-1.2235907319215744
2026-04-24,BAND,-0.0012068005911992,0.0315088043962043
2026-04-24,BCAR,-0.0069860142255405,-0.0793929210466818
2026-04-24,BDTX,-0.0124267074313577,-0.1837985205464281
2026-04-24,BEAM,0.0861027525992051,1.7069582182967582
2026-04-24,BELFA,-0.0973832686384414,-1.8140945818605831
2026-04-24,BELFB,-0.099449207037038,-1.8537394449093576
2026-04-24,BGDE,-0.1146550049043976,-2.145535063988965
2026-04-24,BHAV,-0.0019849418367827,0.0165764602688491
2026-04-24,BIOA,0.0567161713842723,1.143036763267351
2026-04-24,BJRI,-0.0241925862407422,-0.409582916810807
2026-04-24,BKNG,-0.0179234500971098,-0.2892796957577176
2026-04-24,BKR,-0.0062469069248631,-0.0652096289729154
2026-04-24,BL,-0.0030692592873572,-0.0042313318989258
2026-04-24,BLMN,-0.0091512708303047,-0.1209436766837532
2026-04-24,BLNK,-0.0161200082964027,-0.2546720795509432
2026-04-24,BNZI,-0.1233694833390405,-2.312763817913869
2026-04-24,BRCB,-0.025530701261793,-0.4352610235680595
2026-04-24,BTBT,-0.0415038258553458,-0.741781458738145
2026-04-24,BWEN,0.0210944177162093,0.459463842270829
2026-04-24,BYND,0.0548517860132471,1.1072596545429865
2026-04-24,BZAI,0.0880228334731169,1.7438041103816897
2026-04-24,CABA,-0.0121982566310228,-0.1794146044050683
2026-04-24,CAEP,-0.0033625533526227,-0.0098595747634597
2026-04-24,CAR,-0.0405631318515707,-0.7237297661146848
2026-04-24,CBRL,0.0566559643281722,1.1418814042811989
2026-04-24,CCRN,0.016775601857464,0.3765868003565368
2026-04-24,CDNA,0.028578404129458,0.6030797490247229
2026-04-24,CDNL,0.0128313748764755,0.3008980292872755
2026-04-24,CDW,-0.0212898659706511,-0.3538804100686717
2026-04-24,CELC,0.0380986777464659,0.7857715195003255
2026-04-24,CELH,-0.0442690649322384,-0.7948457343114134
2026-04-24,CENX,0.0097494969524219,0.2417575300762905
2026-04-24,CEPS,-0.0079283052640104,-0.0974752603834224
2026-04-24,CEVA,-0.0509646469972887,-0.9233323504569246
2026-04-24,CGCT,-0.0061210949291602,-0.0627953269090573
2026-04-24,CGEM,-8.539810611234242e-05,0.0530282494939022
2026-04-24,CGNT,-0.0175343717809448,-0.2818133760600512
2026-04-24,CGON,-0.0348057729150675,-0.6132474270888161
2026-04-24,CHMG,0.0047335493854954,0.1455026976545089
2026-04-24,CHRN,0.0332694886077846,0.6931005365853915
2026-04-24,CHRW,0.0275423298481561,0.5831977317203945
2026-04-24,CHTR,-0.0087043295956474,-0.1123669814391732
2026-04-24,CLBT,-0.0023871981319848,0.0088572583097642
2026-04-24,CLFD,-0.0319066723380718,-0.5576143813902161
2026-04-24,CLMT,0.0037243758113039,0.1261368984765467
2026-04-24,CLNN,0.0288259950279347,0.6078309590651086
2026-04-24,CLPT,-0.0475960616558868,-0.8586900045773439
2026-04-24,CMPX,-0.6364877777606274,-12.1593809890665
2026-04-24,COAG,,
2026-04-24,COCO,0.0206518278981564,0.4509706496686642
2026-04-24,COLA,-0.0115418260112816,-0.1668178580362813
2026-04-24,COLB,0.0186125379607222,0.4118371642069268
2026-04-24,COLL,0.0044152447998612,0.1393945088944592
2026-04-24,COLM,0.0076995894283118,0.2024202956692993
2026-04-24,COYA,0.0171254872547718,0.3833010173285699
2026-04-24,CPSH,-0.0135650825435133,-0.2056436662923992
2026-04-24,CRAC,-0.0034405424413617,-0.0113561666969166
2026-04-24,CRDO,-0.0771046953511606,-1.4249536174712678
2026-04-24,CRMD,0.0482979977181692,0.9814940268817112
2026-04-24,CRML,0.2640184852267832,5.121118514186629
2026-04-24,CRWD,0.0120844856076162,0.2865654031079865
2026-04-24,CSCO,-0.0096160402100421,-0.1298624897623392
2026-04-24,CSGS,-0.0070980539514306,-0.0815429365514764
2026-04-24,CTSH,-0.0090936399469473,-0.1198377538355052
2026-04-24,CUE,0.0415515069238282,0.8520304844144432
2026-04-24,CVGI,0.0082483072248204,0.2129500587589375
2026-04-24,CVRX,-0.0127413743783754,-0.1898369038926924
2026-04-24,CVV,0.0048884133475458,0.1484744999942349
2026-04-24,CXDO,-0.0187144621564793,-0.3044590277188925
2026-04-24,DARE,0.0740059650957977,1.4748237634512045
2026-04-24,DASH,-0.0202719999300364,-0.3343478045420106
2026-04-24,DAVE,0.0126345071864806,0.2971201854687589
2026-04-24,DCBO,0.0144435212489009,0.3318347320431773
2026-04-24,DDOG,0.0215006228076864,0.4672588206846391
2026-04-24,DFDV,0.0008221531182975,0.0704439401194889
2026-04-24,DGXX,-0.0160084433457163,-0.2525311748685928
2026-04-24,DIBS,-0.0116306270743053,-0.1685219291666461
2026-04-24,DJCO,-0.0286548807169057,-0.4952132790282774
2026-04-24,DOMH,-0.0014495929255982,0.0268496776511476
2026-04-24,DOMO,-0.0826230804023783,-1.530850104875999
2026-04-24,DOO,-0.017434469186105,-0.2798962691931028
2026-04-24,DOX,-0.0137858384902764,-0.2098799200367374
2026-04-24,DPRO,-0.031875142891048,-0.55700933885356
2026-04-24,DRTS,-0.0239556721305313,-0.4050365917800052
2026-04-24,DSGN,0.0212658083023026,0.4627527865675865
2026-04-24,EIKN,-0.0930637365661457,-1.731203795979801
2026-04-24,ENGN,-0.0994396195741798,-1.8535554637934355
2026-04-24,ENPH,-0.0189837114677489,-0.3096258575132907
2026-04-24,ERII,-0.0176572853029765,-0.2841720571083825
2026-04-24,ERNA,0.0466433414139632,0.9497415687166474
2026-04-24,ESOA,0.0175757578297896,0.3919416018172469
2026-04-24,ESPR,0.0036623798034033,0.1249472099338186
2026-04-24,EYE,0.0414791273622962,0.8506415379645318
2026-04-24,EZGO,-0.0203522673787858,-0.3358881176583672
2026-04-24,FA,0.0044704354109485,0.1404536035023237
2026-04-24,FABC,-0.0092300310863467,-0.1224550671330487
2026-04-24,FACT,-0.0020770770641747,0.0148084073228346
2026-04-24,FCEL,-0.0399761715484352,-0.7124661384824769
2026-04-24,FDMT,0.0011488516445137,0.0767132065888463
2026-04-24,FEIM,-0.0300345631706264,-0.521689054862499
2026-04-24,FENC,-0.0019525536854919,0.017197981134718
2026-04-24,FFAI,-0.0194892773550386,-0.3193275458004866
2026-04-24,FGMC,-0.0073640861465914,-0.0866480306582898
2026-04-24,FLNC,-0.001642370479733,0.0231503225601424
2026-04-24,FLWS,0.0529239818902204,1.070265555157362
2026-04-24,FLXS,0.1257119099868241,2.467048461634237
2026-04-24,FLYW,0.0097412112697344,0.2415985298100502
2026-04-24,FMAO,0.0377918141216414,0.7798828800379466
2026-04-24,FNKO,-0.0210400897134971,-0.3490872635186908
2026-04-24,FOSL,-0.0257866662792404,-0.4401729309457777
2026-04-24,FOXF,-0.0336618856417012,-0.591296504289448
2026-04-24,FRMI,0.023872760960448,0.5127795836768436
2026-04-24,FROG,0.0192744385408965,0.4245388778062965
2026-04-24,FSEA,0.09115962083883,1.8039983086265643
2026-04-24,FTRE,0.0791282778075148,1.5731197175256206
2026-04-24,FWRD,-0.027113171074408,-0.4656282402491372
2026-04-24,FWRG,-0.0116727051665039,-0.1693293976776622
2026-04-24,GALT,0.0188075087027673,0.4155786060486313
2026-04-24,GDRX,-0.0178863435039311,-0.2885676291221509
2026-04-24,GELS,-0.0056026712493932,-0.0528469006638371
2026-04-24,GFS,-0.0243627912328434,-0.4128491098428232
2026-04-24,GH,-0.0046352896660929,-0.0342830797813266
2026-04-24,GLSI,-0.0063714493777291,-0.0675995688138042
2026-04-24,GLUE,-0.0320247877320747,-0.5598809875108901
2026-04-24,GMM,-0.0184953648608997,-0.3002546030934956
2026-04-24,GPRE,0.0269030600417429,0.5709302972491235
2026-04-24,GPRO,0.0490998228815028,0.996880859718072
2026-04-24,GRAL,0.0155669118938096,0.353392329451665
2026-04-24,GRPN,0.0244917431375926,0.524657703401614
2026-04-24,GSHD,-0.0029356888902181,-0.0016681479697493
2026-04-24,GSIT,-0.0771887682040097,-1.426566955380853
2026-04-24,GTX,-0.0118275651673326,-0.1723011240024928
2026-04-24,GV,0.0225317233365705,0.4870453928713503
2026-04-24,HCKT,-0.0100093097376413,-0.1374092378035759
2026-04-24,HCSG,-0.0357527751523694,-0.6314201732027477
2026-04-24,HELE,-0.0027041666106363,0.0027747091226958
2026-04-24,HLMN,-0.0044558554645849,-0.0308397804313171
2026-04-24,HOOD,-0.0103906671591852,-0.1447273953827241
2026-04-24,HOVR,0.1078464220011653,2.1242140262163605
2026-04-24,HPK,0.0103323041347171,0.2529414603143025
2026-04-24,HROW,0.0461598750375121,0.9404639647493108
2026-04-24,HTCO,,
2026-04-24,HUHU,-0.00490445807648,-0.0394483571071674
2026-04-24,HUT,-0.0132159484652343,-0.1989438669525767
2026-04-24,HYMC,-0.0013161004334107,0.0294113666029604
2026-04-24,IEAG,,
2026-04-24,IKT,0.0001131915080923,0.0568391366255811
2026-04-24,IMDX,0.0371798792162617,0.7681399957704282
2026-04-24,IMSR,-0.0177526107595091,-0.2860013297875017
2026-04-24,IMUX,0.143578387365581,2.809901883268694
2026-04-24,IMVT,-0.0007915325077943,0.0394776994543993
2026-04-24,IMXI,-0.0081533736403278,-0.1017942686180215
2026-04-24,INDI,0.0886421582959382,1.755688805394927
2026-04-24,INDV,0.0244593257296449,0.524035621107507
2026-04-24,INOD,-0.0104364846810623,-0.1456066226536275
2026-04-24,INSM,0.0051472309582576,0.1534411479534629
2026-04-24,INTC,0.0418025452744354,0.8568478502355028
2026-04-24,IPCX,-0.0018108309898612,0.0199176057193611
2026-04-24,IPSC,0.0107994262400176,0.2619054216329338
2026-04-24,IPST,-0.0950757040865438,-1.7698129708027048
2026-04-24,IPWR,-0.0632684896567643,-1.1594401441549085
2026-04-24,IREN,-0.0422434385358017,-0.7559744489288154
2026-04-24,IRHO,-0.0037794157116569,-0.017859063589132
2026-04-24,IRWD,0.023770802540463,0.510823026017757
2026-04-24,ISSC,0.0516029480984942,1.0449152330996652
2026-04-24,JACK,0.0228656348942116,0.4934530756861323
2026-04-24,JBHT,0.0015464311726258,0.0843426625076226
2026-04-24,JBIO,0.0793136226796646,1.5766764412295622
2026-04-24,JBLU,-0.060532459707785,-1.106936384750312
2026-04-24,KALU,-0.0177676354618275,-0.2862896502263721
2026-04-24,KALV,-0.0258818884819264,-0.4420002222083111
2026-04-24,KEEL,-0.0401356627345066,-0.7155267361428825
2026-04-24,KMTS,-0.0131317186600045,-0.1973275171643984
2026-04-24,KOPN,0.0137712147980053,0.318933332277012
2026-04-24,KROS,-0.0500429981765146,-0.9056461303336756
2026-04-24,KXIN,0.0090428156484858,0.2281964851135219
2026-04-24,LASR,-0.0795176610632663,-1.4712578515485302
2026-04-24,LBRDA,-0.0129190485351144,-0.1932464284051401
2026-04-24,LBRDK,-0.0118620616251979,-0.1729631027665576
2026-04-24,LBRX,0.03149273374565,0.6590050363379389
2026-04-24,LBTYB,-0.0037322482071998,-0.0169539304758576
2026-04-24,LE,-0.0077745501142602,-0.0945247358861613
2026-04-24,LFUS,-0.0131737002431336,-0.1981331336894883
2026-04-24,LGIH,-0.0103283676534894,-0.1435318827899981
2026-04-24,LGN,0.0141560854868682,0.3263189086145358
2026-04-24,LGND,0.041212868191088,0.8455320882417328
2026-04-24,LIEN,-0.0240625375023325,-0.4070873126691633
2026-04-24,LIFE,0.0510015019370508,1.033373625316087
2026-04-24,LINC,0.0109789369311108,0.2653501887997639
2026-04-24,LIND,-0.008007192212427,-0.0989890820290415
2026-04-24,LINK,-0.0172259370346346,-0.2758945871526662
2026-04-24,LITE,-0.0298365539815368,-0.5178893059497587
2026-04-24,LLYVA,-0.0013801179914421,0.0281828849974136
2026-04-24,LMB,-0.0332956579877995,-0.5842686833275693
2026-04-24,LMRI,0.0119854970305104,0.2846658360224328
2026-04-24,LOVE,-0.0050033466015246,-0.0413460042176295
2026-04-24,LQDA,-0.0051025890710533,-0.0432504434379661
2026-04-24,LRMR,-0.0261800863038465,-0.447722566988532
2026-04-24,LWAY,0.0021085811150234,0.0951301852596882
2026-04-24,LWLG,-0.0077423773697559,-0.093907348624933
2026-04-24,LXRX,0.0056007520940885,0.1621441099255882
2026-04-24,MASI,-0.0063369381179688,-0.06693730600492
2026-04-24,MBBC,-0.0333713597687482,-0.5857213823723713
2026-04-24,MBX,-0.0018069399126249,0.019992274559559
2026-04-24,MCW,-0.0058798178634928,-0.0581652778080319
2026-04-24,MDAI,0.0639865259096285,1.282553125260326
2026-04-24,MDB,0.0455043649581146,0.9278848833292372
2026-04-24,MELI,-0.0010696578445209,0.0341405408574098
2026-04-24,MGNX,-0.0468811373325839,-0.8449707780472432
2026-04-24,MKSI,-0.0137125305516177,-0.2084731582521233
2026-04-24,MLTX,-0.0213774406638998,-0.355560947456786
2026-04-24,MMED,-0.0225094124863007,-0.37728321560604
2026-04-24,MNPR,0.0116139429778033,0.2775358027432251
2026-04-24,MNTS,0.1298228501758453,2.5459364192355696
2026-04-24,MOVE,0.0609440329712663,1.2241684144915184
2026-04-24,MPLT,0.0392123012280694,0.8071416873843532
2026-04-24,MRAM,-0.0119075642999511,-0.1738362881965627
2026-04-24,MRLN,-0.0360583700016059,-0.637284465165481
2026-04-24,MRVI,0.0323331791466003,0.6751329822840906
2026-04-24,MSFT,-0.0019661561242187,0.0169369535935185
2026-04-24,MSTR,-0.0116554595692131,-0.1689984587962061
2026-04-24,MTCH,0.0025557297953682,0.1037108613373262
2026-04-24,MTSI,-0.0312248957469165,-0.5445312519006943
2026-04-24,MU,0.0519252650347384,1.051100417906909
2026-04-24,MWH,-0.0242366498135109,-0.4104284862184146
2026-04-24,MXL,-0.1261596168000728,-2.366305810756236
2026-04-24,MYRG,0.0147482372836885,0.3376821597671242
2026-04-24,NAMS,0.0258394866803687,0.5505205791846121
2026-04-24,NAUT,-0.01832479524748,-0.2969814130657102
2026-04-24,NB,0.0476862250643608,0.9697542561829852
2026-04-24,NEGG,-0.0446188874931433,-0.801558745467926
2026-04-24,NEO,0.033794161428132,0.7031688823415945
2026-04-24,NERV,-0.0184389756989617,-0.2991725085818765
2026-04-24,NESR,0.0096938270727617,0.2406892384193031
2026-04-24,NEXT,0.0192020439256643,0.4231496424794829
2026-04-24,NKLR,-0.0349430459267443,-0.6158816633041435
2026-04-24,NKSH,-0.0064686628902606,-0.0694650728353279
2026-04-24,NKTR,-0.0580498698210971,-1.0592960794387525
2026-04-24,NNBR,0.0719312064480853,1.4350096419344658
2026-04-24,NNE,0.052157691698909,1.0555606299230016
2026-04-24,NRXP,0.0320178581283412,0.6690820474673637
2026-04-24,NSIT,-0.0016344145409463,0.0233029951199026
2026-04-24,NSTS,-0.0014639247845121,0.0265746527112641
2026-04-24,NUAI,-0.0589964571382429,-1.0774608633342673
2026-04-24,NUCL,-0.1107494082434332,-2.0705875995084813
2026-04-24,NVAX,-0.023288733592483,-0.3922382009756929
2026-04-24,NVMI,-0.0273336354258942,-0.4698588983499517
2026-04-24,NVTS,0.0643974930162218,1.2904394856036496
2026-04-24,NXT,0.0050107008183623,0.1508211672696947
2026-04-24,ODD,-0.0268436154504869,-0.4604555323883225
2026-04-24,ODFL,-0.0020371418057942,0.0155747553661195
2026-04-24,OLPX,-0.0159548109059149,-0.2515019811945011
2026-04-24,OMEX,0.0215457718319031,0.4681252196455539
2026-04-24,ON,-0.0043082626534655,-0.0280075097364163
2026-04-24,ONDS,0.0320739060141392,0.6701575929715986
2026-04-24,ONEW,-0.0648070553950715,-1.188964852165641
2026-04-24,OPEN,-0.0244649509072815,-0.4148095295266615
2026-04-24,OPRT,0.0209561995769258,0.4568114692830979
2026-04-24,OPRX,-0.0034035024714414,-0.0106453785457214
2026-04-24,OPTX,-0.0120586842034813,-0.1767362429500392
2026-04-24,ORBS,-0.0253175638764253,-0.4311709681921497
2026-04-24,ORMP,0.059195424025327,1.190613027634526
2026-04-24,OTLK,-0.076995610503978,-1.4228603053811368
2026-04-24,PAHC,0.0106778868221006,0.2595731093134467
2026-04-24,PALI,-0.0508104532781654,-0.9203734099184384
2026-04-24,PANW,0.0210001606256984,0.4576550712797779
2026-04-24,PCT,-0.0001833519806564,0.0511485381026828
2026-04-24,PENG,-0.0492753733875806,-0.8909155944905899
2026-04-24,PEPG,0.0576656048880969,1.1612561648035322
2026-04-24,PFIS,0.0188942365347999,0.4172428923728454
2026-04-24,PHOE,,
2026-04-24,PHVS,0.0013903376754969,0.0813472656842311
2026-04-24,PICS,-0.0506971630129088,-0.9181993968627212
2026-04-24,PLAB,-0.0187419165482726,-0.304985870921705
2026-04-24,PLSE,-0.0211105929331322,-0.3504402034170097
2026-04-24,PMTR,-0.0088773601429207,-0.1156873961981842
2026-04-24,PNRG,-0.0455331584614095,-0.8191033863686459
2026-04-24,PNTG,0.0252594433685403,0.5393896869588727
2026-04-24,POET,-0.4560488012115907,-8.696800246675014
2026-04-24,POLE,-0.0091525310715278,-0.1209678604109806
2026-04-24,POWI,-0.0423054521655894,-0.7571644756313355
2026-04-24,POWL,0.0255546090696711,0.5450538460673787
2026-04-24,PPTA,-0.0270979236608727,-0.4653356460353574
2026-04-24,PRAA,0.0308538493171948,0.6467449971773769
2026-04-24,PRE,0.0667981665603723,1.3365078359219926
2026-04-24,PRTA,-0.0061717807339307,-0.0637679753626649
2026-04-24,PRTH,-0.0012941815789655,0.0298319841699007
2026-04-24,PSIG,0.0253075290638766,0.540312439935198
2026-04-24,PTEN,0.0068280629323489,0.1856959109541982
2026-04-24,PTON,0.0295241334967139,0.6212280690673402
2026-04-24,PURR,0.0384791693082392,0.7930730614378598
2026-04-24,PYXS,-0.0680031150702794,-1.250296471833198
2026-04-24,QCOM,0.0170239271727282,0.3813521036791721
2026-04-24,QDEL,0.0719895428358507,1.436129103243327
2026-04-24,QMCO,-0.0288125564930005,-0.4982390394060481
2026-04-24,QNTM,0.2407582248917023,4.674759689504559
2026-04-24,QSEA,-0.0082304034906301,-0.1032724529956272
2026-04-24,QTI,0.018582553263904,0.4112617650567274
2026-04-24,QTRX,-0.022640264416654,-0.3797942328087062
2026-04-24,QURE,-0.0063180740076338,-0.0665753082458023
2026-04-24,RBCAA,0.0228664196971322,0.4934681358662078
2026-04-24,RDVT,-0.0330715656469498,-0.5799684049798224
2026-04-24,RDZN,0.0983712643947833,1.9423880211787707
2026-04-24,RFIL,-0.0417943733802853,-0.7473569961516567
2026-04-24,RGNX,-0.017141090206365,-0.2742663968401398
2026-04-24,RGTI,0.0186251589165883,0.4120793573271075
2026-04-24,RILY,0.0115562377546625,0.2764284533323367
2026-04-24,RIOT,-0.0169637545575816,-0.2708633682142827
2026-04-24,RKLB,0.035153063242121,0.7292458826766091
2026-04-24,RLAY,-0.0137071333649544,-0.2083695875327546
2026-04-24,RMBS,-0.1026823086017846,-1.915781889565127
2026-04-24,ROOT,-0.0341386074132711,-0.6004446809045385
2026-04-24,RVMD,-0.022691954817768,-0.3807861592255319
2026-04-24,RXT,-0.0217769990135829,-0.3632283764875564
2026-04-24,RZLT,0.067971163418134,1.359017364673767
2026-04-24,SABR,0.0081084789480768,0.2102667876189983
2026-04-24,SAIA,-0.0006199534217353,0.0427702610203524
2026-04-24,SAIL,-0.0097220975862938,-0.131897705410428
2026-04-24,SANM,-0.0172200756961535,-0.2757821094710844
2026-04-24,SATL,0.0211232087332612,0.4600163349922148
2026-04-24,SCVL,0.0045076633782861,0.1411679992789285
2026-04-24,SCZM,-0.0110538482449463,-0.1574536815776057
2026-04-24,SEAT,-0.0455969196014027,-0.8203269473734566
2026-04-24,SEIC,0.022027351003135,0.4773666085967453
2026-04-24,SEPN,0.020301456733651,0.4442471109404561
2026-04-24,SERV,0.0668119290379109,1.336771934569659
2026-04-24,SEZL,0.0149575888877585,0.3416995669066761
2026-04-24,SFIX,-0.034133458709724,-0.6003458785166534
2026-04-24,SGHT,-0.0078690832980018,-0.096338805040183
2026-04-24,SGML,0.0574772138356467,1.1576409856292282
2026-04-24,SHMD,-0.1109317508122636,-2.074086709730816
2026-04-24,SHOO,-0.0209762162056697,-0.3478615462020553
2026-04-24,SIBN,-0.0313493716145534,-0.546919913986987
2026-04-24,SITM,-0.042362409425955,-0.7582574718157139
2026-04-24,SKIN,0.0347144943838891,0.7208298513303361
2026-04-24,SLNO,0.0026836063579146,0.1061647819444187
2026-04-24,SMTC,-0.0751802488930133,-1.388023950870475
2026-04-24,SMX,-0.221345212603927,-4.1928945959897606
2026-04-24,SNDK,0.0768515715871982,1.5294302704597929
2026-04-24,SNEX,-0.0040506145720914,-0.0230633047650606
2026-04-24,SOBR,0.0232824853619771,0.5014523363212066
2026-04-24,SOLS,-0.0051690690214023,-0.0445261777623123
2026-04-24,SPPL,0.0280616994351517,0.5931643096987733
2026-04-24,SPT,-0.0010606397613923,0.0343135957126957
2026-04-24,SRRK,-0.0060017478673496,-0.060505085378153
2026-04-24,STEX,-0.017100030237847,-0.2734784658787002
2026-04-24,STFS,-0.0060544003680907,-0.0615154742563868
2026-04-24,STKE,0.0514477417292581,1.041936860048056
2026-04-24,STOK,-0.0146949195513488,-0.2273249678614603
2026-04-24,STRO,0.0127207673439801,0.2987754972306947
2026-04-24,STRZ,-0.0123452536853671,-0.1822354426701468
2026-04-24,STTK,-0.0108024539805837,-0.1526294858568261
2026-04-24,STX,0.0121320551669369,0.2874782515577939
2026-04-24,SUNS,-0.0050133465238006,-0.0415379003309879
2026-04-24,SWIM,-0.0110915152420214,-0.158176502229721
2026-04-24,SWMR,0.0282789571949285,0.5973334340727079
2026-04-24,SYNA,-0.0188075465430388,-0.3062452948019942
2026-04-24,TACT,-0.0302376466718143,-0.5255861786090403
2026-04-24,TBLA,0.0066545610925481,0.1823664522044675
2026-04-24,TCMD,-0.0323928394658007,-0.5669438121277064
2026-04-24,TENB,0.019889077272043,0.436333647842677
2026-04-24,TH,0.0060815957960644,0.1713713853979113
2026-04-24,TIGO,-0.0199711630786674,-0.32857481741875
2026-04-24,TILE,-0.0112061258061057,-0.1603758515037115
2026-04-24,TLS,-0.0129899828661955,-0.194607641228851
2026-04-24,TMCI,-0.0264805610876156,-0.4534886061212702
2026-04-24,TNDM,-0.0304413076596984,-0.5294943841869644
2026-04-24,TNGX,0.0232006497121206,0.4998819298012094
2026-04-24,TORO,0.0970548934722235,1.9171271784635555
2026-04-24,TOYO,-0.0273999198891601,-0.471130881323996
2026-04-24,TPG,-0.0206827095124002,-0.342229223057051
2026-04-24,TRDA,0.0216611884877986,0.4703400376283336
2026-04-24,TRUP,-0.0116007586544192,-0.167948761342924
2026-04-24,TSEM,0.0145323751621813,0.3335398173573086
2026-04-24,TSHA,0.0085654321290661,0.219035609715692
2026-04-24,TSLA,0.0037390978119122,0.1264194101420997
2026-04-24,TTMI,-0.032428322702092,-0.5676247269334183
2026-04-24,TVGN,-0.0653004452493815,-1.1984328852962822
2026-04-24,TZOO,0.0143462308331293,0.3299677522668944
2026-04-24,UAL,-0.0138054056595751,-0.2102554093289758
2026-04-24,UFPT,-0.013110928162407,-0.1969285524951094
2026-04-24,ULCC,-0.0228128003090549,-0.3831051552591902
2026-04-24,UNB,-0.0027308998628605,0.0022617044154909
2026-04-24,URBN,-0.0246437599655368,-0.4182408325273831
2026-04-24,URGN,-0.0159974226315167,-0.2523196900027122
2026-04-24,USAR,0.0794753835140863,1.5797805928981974
2026-04-24,VC,-0.0029490280911545,-0.0019241240407995
2026-04-24,VECO,-0.0390347830696016,-0.6944011190489803
2026-04-24,VHCP,,
2026-04-24,VIAV,-0.0641200722360264,-1.175781809885358
2026-04-24,VICR,-0.02236168180477,-0.3744482992109706
2026-04-24,VNCE,-0.0291463625902208,-0.5046446984606145
2026-04-24,VRAX,-0.0972847671629349,-1.8122043621380544
2026-04-24,VREX,0.0124840511005569,0.2942329692161582
2026-04-24,VSAT,-0.0583555608833773,-1.0651622177067508
2026-04-24,VSEC,0.0058080395053796,0.1661219057001156
2026-04-24,VTGN,-0.0380436255191754,-0.6753810430519909
2026-04-24,VTSI,0.0050486510385979,0.1515494229064218
2026-04-24,VTVT,-0.0932870556759188,-1.7354892362083882
2026-04-24,WATT,0.1161253740981316,2.283085134035721
2026-04-24,WAY,0.0086695849257886,0.2210342769387888
2026-04-24,WDC,-0.0145991697060078,-0.2254875512627554
2026-04-24,WEN,-0.038975202075326,-0.6932577740392898
2026-04-24,WERN,0.0028548294468968,0.1094505120117337
2026-04-24,WEST,0.0144604778974249,0.3321601260670044
2026-04-24,WGS,-0.0374401272227428,-0.6638000552894842
2026-04-24,WINA,-0.0398469066300086,-0.7099855756585733
2026-04-24,WIX,0.0075838347683603,0.2001989914696421
2026-04-24,WLDN,-0.1422817472877005,-2.675685633344684
2026-04-24,WLFC,-0.0109326341941049,-0.1551276129743698
2026-04-24,WSC,0.0042168827230225,0.1355879881503338
2026-04-24,WVE,-0.0247199332952621,-0.4197025804802652
2026-04-24,WYFI,-0.0122056420531686,-0.1795563288871374
2026-04-24,XEL,-0.0024786417897568,0.0071024764191175
2026-04-24,XENE,-0.024798399170031,-0.421208321823439
2026-04-24,XLO,-0.0214315815961992,-0.3565998989801227
2026-04-24,XMTR,-0.0035128754243938,-0.0127442193165698
2026-04-24,XNDU,-0.0432746853605331,-0.7757638284977962
2026-04-24,XOS,-0.0272911365571772,-0.4690433552383284
2026-04-24,ZD,0.0295840304434719,0.6223774771294951
2026-04-24,ZSQR,-0.0671679738689439,-1.2342703122072265
2026-04-24,ZVRA,-0.0308935494233592,-0.5381727953135735
2026-04-27,AAL,-0.007768647071815,0.0076771177592534
2026-04-27,AAON,-0.0387671607523799,-0.5490361038899518
2026-04-27,ABSI,0.0242591952725329,0.582876415304087
2026-04-27,ACHV,0.0948937082737545,1.851426504439076
2026-04-27,ACIC,-3.8319810469774826e-05,0.1465087868648737
2026-04-27,ADAM,0.0063052654209962,0.2604354675892443
2026-04-27,ADEA,0.0060991707379732,0.2567341406116735
2026-04-27,ADTN,-0.0328387409353011,-0.4425655250207401
2026-04-27,ADTX,-0.0921373896482644,-1.507530836087768
2026-04-27,ADUR,-0.025438945694399,-0.3096699968493382
2026-04-27,ADV,0.0571786352690116,1.1740882290117105
2026-04-27,AEI,0.0040885348898148,0.2206244234772862
2026-04-27,AEIS,-0.0337198552350491,-0.4583897669669415
2026-04-27,AEYE,-0.0283008772708226,-0.361068433705661
2026-04-27,AFBI,-0.0098625264576983,-0.0299275993788712
2026-04-27,AGEN,-0.0399719375582566,-0.5706731147440683
2026-04-27,AGH,0.0466815427996516,0.9855672493677442
2026-04-27,AGPU,-0.0973539838587332,-1.601217488256755
2026-04-27,AIOT,-0.0339804891415267,-0.4630705830615887
2026-04-27,AIRO,-0.0358250419587739,-0.4961975565666325
2026-04-27,AKAM,-0.0084157211062754,-0.0039439126579514
2026-04-27,AKAN,0.4592871343812447,8.395696345456686
2026-04-27,AKBA,-0.0044519034426585,0.0672436844082185
2026-04-27,AKTS,-0.0651215127092397,-1.0223431899512816
2026-04-27,ALAB,-0.0489521860674156,-0.7319525596317388
2026-04-27,ALDX,0.0059578874557166,0.2541967844003145
2026-04-27,ALGT,-0.0215197984301992,-0.2392846512145809
2026-04-27,ALHC,0.0410888873993983,0.8851267818816868
2026-04-27,ALKS,0.0066662873586766,0.2669191876825123
2026-04-27,AMD,-0.0203941646944787,-0.2190689986233763
2026-04-27,AMPH,0.0066400767955691,0.2664484629510236
2026-04-27,AMRX,0.0071886426880174,0.2763003509614873
2026-04-27,AMSC,-0.0320937773386996,-0.4291864614904953
2026-04-27,ANAB,0.0142886047604415,0.4038110696900633
2026-04-27,ANNA,0.0027202568495023,0.196051036385768
2026-04-27,APLD,-0.0175677523713857,-0.1683084645438131
2026-04-27,APLS,0.0243607548706831,0.5847003598860179
2026-04-27,APPF,-0.0131123755279172,-0.088292783090552
2026-04-27,ARAI,0.0237834712347907,0.5743327198096321
2026-04-27,ARCB,0.0055357087168772,0.2466147277819535
2026-04-27,ARHS,-0.0060156531580043,0.0391597526799357
2026-04-27,ARTV,-0.1186117695240719,-1.982993545806858
2026-04-27,ARWR,-0.0294168959453263,-0.3811114060270456
2026-04-27,ASBP,-0.1031045225252855,-1.7044934369123783
2026-04-27,ASO,-0.044170245656118,-0.6460720080820326
2026-04-27,ASPI,-0.0584038686394989,-0.9016986548456252
2026-04-27,ASRT,-0.0039441812989606,0.0763620451539431
2026-04-27,ASST,-0.0038086175041361,0.0787966830766993
2026-04-27,ASTI,-0.0629391023496744,-0.9831485138853786
2026-04-27,ASYS,-0.0488334244017463,-0.7298196770624492
2026-04-27,ATEX,0.0104305625971136,0.3345231320767389
2026-04-27,ATII,-0.0084492271465789,-0.0045456594331131
2026-04-27,ATOM,-0.0151600020969756,-0.125066829605877
2026-04-27,AUUD,0.1726246801810949,3.2474243977055126
2026-04-27,AVAH,-0.0138800535945289,-0.1020797837853878
2026-04-27,AVAV,-0.0154390458768017,-0.1300782750980371
2026-04-27,AVNW,-0.0613466029611345,-0.9545482566535533
2026-04-27,AVR,0.0097268897057816,0.3218856228607323
2026-04-27,AVTX,-0.096627948568964,-1.588178364853498
2026-04-27,AXGN,0.073156061970872,1.4610324607422007
2026-04-27,AXIN,-0.0087905397878403,-0.0106754133324208
2026-04-27,AXTI,0.0184758620458604,0.4790114975964244
2026-04-27,BAND,-0.0065668150148734,0.0292612428304093
2026-04-27,BCAR,-0.006213920270486,0.0355990037977735
2026-04-27,BDTX,-0.063348934881147,-0.9905088406185864
2026-04-27,BEAM,0.0620987468571472,1.2624502453758026
2026-04-27,BELFA,-0.0100717130060422,-0.0336844542543754
2026-04-27,BELFB,0.0033658792072422,0.2076459956296192
2026-04-27,BGDE,-0.3254757856941343,-5.698137248246147
2026-04-27,BHAV,-0.0010816643513646,0.1277709948972592
2026-04-27,BIOA,-0.0183897236864415,-0.1830705368039057
2026-04-27,BJRI,-0.0207304409464834,-0.2251083022347312
2026-04-27,BKNG,-0.0276697456302083,-0.3497337183527957
2026-04-27,BKR,-0.0121216513584903,-0.0705000189015649
2026-04-27,BL,0.0261518114101465,0.6168665749025047
2026-04-27,BLMN,-0.0143563444046505,-0.1106336581445639
2026-04-27,BLNK,-0.0246321503866297,-0.2951804758475208
2026-04-27,BNZI,-0.0285290095140957,-0.3651655409871064
2026-04-27,BRCB,-0.0456394389434354,-0.6724577676263898
2026-04-27,BTBT,-0.0236078493120297,-0.2767846921962272
2026-04-27,BWEN,-0.0572451640257077,-0.8808890707110189
2026-04-27,BYND,-0.0379908894711928,-0.535094774628917
2026-04-27,BZAI,-0.0993434218196218,-1.636946505069968
2026-04-27,CABA,-0.0088927345361732,-0.0125107648001183
2026-04-27,CAEP,-0.0152066876577835,-0.1259052720302364
2026-04-27,CAR,0.0006211990123416,0.1583533176178383
2026-04-27,CBRL,-0.0171638947325514,-0.1610554430112348
2026-04-27,CCRN,-0.0231600114472906,-0.2687418143013516
2026-04-27,CDNA,-0.0007962416505126,0.1328970016781181
2026-04-27,CDNL,0.0030315221389099,0.2016411593135749
2026-04-27,CDW,-0.0099016140428873,-0.0306295870838724
2026-04-27,CELC,-0.0152351832360525,-0.1264170341535549
2026-04-27,CELH,-0.017557741632902,-0.1681286781666417
2026-04-27,CENX,-0.0338485438622455,-0.460700931333543
2026-04-27,CEPS,,
2026-04-27,CEVA,-0.079146211401908,-1.2742176918165116
2026-04-27,CGCT,-0.0113232295029109,-0.0561608796758855
2026-04-27,CGEM,-0.0254441538456605,-0.309763531871614
2026-04-27,CGNT,0.0125239681987448,0.3721193403566626
2026-04-27,CGON,-0.0029206122788249,0.0947446815813593
2026-04-27,CHMG,0.0001690401274549,0.1502328370007176
2026-04-27,CHRN,-0.0153920938854059,-0.1292350477529406
2026-04-27,CHRW,-0.0073038843706945,0.0160239547498744
2026-04-27,CHTR,0.0048137919712326,0.2336495707627549
2026-04-27,CLBT,-0.0005647620503247,0.137054225320988
2026-04-27,CLFD,-0.0473564369519436,-0.7032939394097226
2026-04-27,CLMT,-0.0110863762094037,-0.0519071479826378
2026-04-27,CLNN,-0.0283958220913416,-0.3627735811670752
2026-04-27,CLPT,-0.0093002262694945,-0.0198290523151409
2026-04-27,CMPX,0.0653484880351195,1.3208134914126373
2026-04-27,COAG,,
2026-04-27,COCO,-0.0056288674867282,0.0461061727361621
2026-04-27,COLA,-0.0028548782026434,0.0959252230002232
2026-04-27,COLB,-0.0123913626039383,-0.07534385812288
2026-04-27,COLL,-0.0053036179257485,0.0519474441209419
2026-04-27,COLM,-0.0079064702436083,0.0052019028899981
2026-04-27,COYA,-0.0308682961839195,-0.4071776139445005
2026-04-27,CPSH,-0.0646541259765736,-1.0139492270542234
2026-04-27,CRAC,-0.00754622563061,0.0116716627356071
2026-04-27,CRDO,-0.053748000925636,-0.8180822872588716
2026-04-27,CRMD,-0.0336694380753339,-0.4574843074439229
2026-04-27,CRML,-0.1226786658315617,-2.056032368531944
2026-04-27,CRWD,0.0010090430276526,0.1653187448472261
2026-04-27,CSCO,-0.015520608253893,-0.1315430825460258
2026-04-27,CSGS,-0.0110810227310022,-0.0518110029790858
2026-04-27,CTSH,0.0030735751972944,0.2023964049958264
2026-04-27,CUE,-0.2753023878570537,-4.797055530625569
2026-04-27,CVGI,0.0033394191124738,0.2071707894711742
2026-04-27,CVRX,-0.025933142042918,-0.3185454430770645
2026-04-27,CVV,-0.0158809065652361,-0.1380138067791163
2026-04-27,CXDO,-0.0014449635408577,0.1212463768368757
2026-04-27,DARE,-0.0055672891788543,0.0472120792487603
2026-04-27,DASH,-0.0106559971506614,-0.0441778189318384
2026-04-27,DAVE,0.0008228564307839,0.1619749541984615
2026-04-27,DCBO,0.015284801339396,0.421702114808571
2026-04-27,DDOG,-0.0071097002337223,0.0195113760372622
2026-04-27,DFDV,0.0037379476123134,0.2143281031201776
2026-04-27,DGXX,-0.0232314743012711,-0.2700252408577892
2026-04-27,DIBS,-0.0700560331969829,-1.1109639808167453
2026-04-27,DJCO,0.009345457594703,0.3150353492770624
2026-04-27,DOMH,-0.0232576480626132,-0.2704953046534154
2026-04-27,DOMO,0.0532024534902169,1.1026785804477055
2026-04-27,DOO,-0.0207895989764915,-0.2261707421249662
2026-04-27,DOX,-0.0121802702451372,-0.071552776126347
2026-04-27,DPRO,-0.0632681082247171,-0.9890572462370008
2026-04-27,DRTS,-0.069804344362864,-1.1064438124261122
2026-04-27,DSGN,0.0161097008908938,0.4365167762979458
2026-04-27,EIKN,-0.0182131342924401,-0.1798991057005737
2026-04-27,ENGN,-0.0182036426190256,-0.1797286413957398
2026-04-27,ENPH,-0.0306035109080416,-0.4024222419451111
2026-04-27,ERII,0.0061053697934531,0.2568454716317009
2026-04-27,ERNA,-0.0255464314222565,-0.3116003708812523
2026-04-27,ESOA,0.0321406179768907,0.7244216606709056
2026-04-27,ESPR,0.0008908474507073,0.1631960288646479
2026-04-27,EYE,-0.0307828103784063,-0.4056423442640578
2026-04-27,EZGO,-0.0099238208423562,-0.0310284068144649
2026-04-27,FA,0.0332053887903687,0.7435442546119513
2026-04-27,FABC,,
2026-04-27,FACT,0.0013478994100032,0.1714043859279168
2026-04-27,FCEL,-0.0552722440840217,-0.8454567068205975
2026-04-27,FDMT,0.0086320422680021,0.3022228722339903
2026-04-27,FEIM,-0.0259796709451305,-0.3193810720145503
2026-04-27,FENC,-0.0232651810336905,-0.2706305919333232
2026-04-27,FFAI,0.100736757286221,1.9563638789695168
2026-04-27,FGMC,-0.0130652848137313,-0.0874470643740244
2026-04-27,FLNC,-0.0673088900206907,-1.061627069254946
2026-04-27,FLWS,-0.0221942304020726,-0.2513970124624125
2026-04-27,FLXS,0.0234688957176267,0.5686831473360295
2026-04-27,FLYW,-0.0176702521264891,-0.1701492937354923
2026-04-27,FMAO,-0.0039471133657894,0.0763093871333947
2026-04-27,FNKO,0.0213168055808423,0.5300330028266846
2026-04-27,FOSL,-0.0055955516482243,0.0467045036102347
2026-04-27,FOXF,0.0307129539455896,0.6987817396576383
2026-04-27,FRMI,-0.0238031347523025,-0.2802918921773549
2026-04-27,FROG,-0.0143073029963066,-0.1097529062248194
2026-04-27,FSEA,-0.0534216609191141,-0.8122214321786582
2026-04-27,FTRE,0.0158470760759184,0.4318002047765944
2026-04-27,FWRD,-0.0183982690170636,-0.1832240054053258
2026-04-27,FWRG,-0.0260600522996345,-0.32082466906206
2026-04-27,GALT,-0.0165287150299135,-0.1496480270871785
2026-04-27,GDRX,0.0133398682333737,0.3867723763538933
2026-04-27,GELS,-0.0493568899335047,-0.7392207788575407
2026-04-27,GFS,-0.0081119089177164,0.001512357407508
2026-04-27,GH,-0.0601069962949319,-0.9322857240743808
2026-04-27,GLSI,-0.0247880072748911,-0.2979795645804305
2026-04-27,GLUE,-0.0042523618274452,0.0708273225336851
2026-04-27,GMM,-0.0346964127684857,-0.4759281075521584
2026-04-27,GPRE,0.0266707196634627,0.6261858309294519
2026-04-27,GPRO,0.1141497184494712,2.1972519711534457
2026-04-27,GRAL,-0.0382880706100282,-0.5404319553376226
2026-04-27,GRPN,-0.0463203210157633,-0.6846859684993413
2026-04-27,GSHD,0.0066201089821424,0.2660898539591014
2026-04-27,GSIT,0.0025031640689278,0.1921521907018801
2026-04-27,GTX,-0.0354368394939065,-0.4892256918154535
2026-04-27,GV,0.0055895058091535,0.2475808887038973
2026-04-27,HCKT,0.0094182242338387,0.316342190970159
2026-04-27,HCSG,-0.0180222474116823,-0.1764709009984915
2026-04-27,HELE,0.0029514381749726,0.2002029032079624
2026-04-27,HLMN,-0.0529715637718116,-0.8041379790327415
2026-04-27,HOOD,-0.0167202320348187,-0.1530875484106869
2026-04-27,HOVR,-0.0168397151687315,-0.1552333880821891
2026-04-27,HPK,0.0502628365114673,1.049884964098272
2026-04-27,HROW,-0.020884064734222,-0.2278672859290846
2026-04-27,HTCO,-0.7412267217658641,-13.164754693497406
2026-04-27,HUHU,0.0167997975477704,0.4489104651392266
2026-04-27,HUT,-0.0231182168665187,-0.2679912107095548
2026-04-27,HYMC,-0.0250589255338074,-0.3028450809816071
2026-04-27,IEAG,,
2026-04-27,IKT,0.0069117157374376,0.2713269223510882
2026-04-27,IMDX,0.1040278615688358,2.015469979566421
2026-04-27,IMSR,-0.0427073262087537,-0.6197989226383881
2026-04-27,IMUX,0.0888454494790637,1.7428036951760768
2026-04-27,IMVT,-0.0507427626225006,-0.7641101544397729
2026-04-27,IMXI,-0.0177644555339206,-0.1718411258982195
2026-04-27,INDI,-0.0216162050509534,-0.2410160516611133
2026-04-27,INDV,0.0038822153390096,0.2169190580200372
2026-04-27,INOD,-0.0012569626715579,0.1246227506430292
2026-04-27,INSM,-0.0056802893155849,0.0451826700062931
2026-04-27,INTC,0.0221923761226278,0.5457576824717013
2026-04-27,IPCX,-0.0077703087704248,0.0076472747288431
2026-04-27,IPSC,-0.0053921132030413,0.0503581262771872
2026-04-27,IPST,-0.036293905997074,-0.5046180509157272
2026-04-27,IPWR,-0.0587560334316265,-0.9080233063433428
2026-04-27,IREN,-0.050984041850154,-0.768443373042707
2026-04-27,IRHO,-0.004609956675089,0.0644051507570517
2026-04-27,IRWD,0.0567594007814129,1.166559049238041
2026-04-27,ISSC,-0.0416409759192033,-0.6006479623304324
2026-04-27,JACK,-0.0188914100865262,-0.1920804995049194
2026-04-27,JBHT,0.0003447450439572,0.1533883834612214
2026-04-27,JBIO,0.0133403046265241,0.3867802136921345
2026-04-27,JBLU,0.0164743275016287,0.4430652339837906
2026-04-27,KALU,-0.0052095219468133,0.0536373469374792
2026-04-27,KALV,0.0151897772490153,0.4199955437118001
2026-04-27,KEEL,-0.0724965898576384,-1.1547947971962669
2026-04-27,KMTS,-0.0294047954447849,-0.3808940888772817
2026-04-27,KOPN,0.095685863587733,1.8656531006377195
2026-04-27,KROS,0.036820917361512,0.8084768052351081
2026-04-27,KXIN,-0.0109587396292029,-0.0496148776984514
2026-04-27,LASR,-0.038017118930144,-0.5355658387175163
2026-04-27,LBRDA,-7.542575605854786e-05,0.1458423881231813
2026-04-27,LBRDK,0.010488116021586,0.3355567542911823
2026-04-27,LBRX,0.0047177985910948,0.231925591849952
2026-04-27,LBTYB,-0.0509620582128375,-0.7680485611597855
2026-04-27,LE,-0.0343477986830025,-0.4696672244452597
2026-04-27,LFUS,-0.0337199089793252,-0.4583907321793177
2026-04-27,LGIH,0.075147284373635,1.4967935249753308
2026-04-27,LGN,-0.0019767570363918,0.1116957102080915
2026-04-27,LGND,-0.0295649931654426,-0.3837711361475887
2026-04-27,LIEN,0.0043918026009334,0.2260709150806834
2026-04-27,LIFE,0.0289563745069487,0.6672347110340815
2026-04-27,LINC,-0.0103319943328802,-0.0383589382471341
2026-04-27,LIND,-0.0288154830763188,-0.3703104205573333
2026-04-27,LINK,0.0259851402688081,0.613873269190927
2026-04-27,LITE,-0.0503467441222244,-0.7569979187566909
2026-04-27,LLYVA,-0.0114678662670443,-0.0587584622490181
2026-04-27,LMB,0.0039387777612068,0.2179348824756931
2026-04-27,LMRI,-0.0362070394743282,-0.5030579844483587
2026-04-27,LOVE,0.0090815876683664,0.3102964163623757
2026-04-27,LQDA,0.0162802135540762,0.4395790732529051
2026-04-27,LRMR,0.0007879210051105,0.1613475365881614
2026-04-27,LWAY,-0.019476494162287,-0.2025882304274064
2026-04-27,LWLG,-0.0144266296436973,-0.1118959354997724
2026-04-27,LXRX,-0.0121249293878775,-0.0705588901855115
2026-04-27,MASI,-0.0082941935662025,-0.0017613567763932
2026-04-27,MBBC,0.0532817992805616,1.1041035794338605
2026-04-27,MBX,-0.0705595930636833,-1.1200075897643496
2026-04-27,MCW,-0.008916487428265,-0.0129373513524979
2026-04-27,MDAI,0.0054957310356926,0.2458967545295696
2026-04-27,MDB,-0.0154792729282374,-0.1308007268785651
2026-04-27,MELI,-0.0311837224806503,-0.4128424658679008
2026-04-27,MGNX,-0.0085604975399513,-0.0065440036055735
2026-04-27,MKSI,-0.0281690971102377,-0.3587017474024181
2026-04-27,MLTX,-0.0031056058052114,0.0914223177054601
2026-04-27,MMED,0.0014368025977044,0.1730010295783199
2026-04-27,MNPR,0.0182144675194419,0.4743170212604456
2026-04-27,MNTS,-0.169429568325027,-2.895648287228812
2026-04-27,MOVE,0.0088614924942324,0.3063436496354202
2026-04-27,MPLT,0.0080795287316323,0.2923000870963889
2026-04-27,MRAM,-0.0672254763384312,-1.060129013565604
2026-04-27,MRLN,0.0271846549323884,0.6354157753787628
2026-04-27,MRVI,-0.029369600880835,-0.3802620173114322
2026-04-27,MSFT,0.006884294873388,0.2708344613988398
2026-04-27,MSTR,-0.0131537145630219,-0.0890352053773163
2026-04-27,MTCH,-0.0020307438191733,0.110726142567575
2026-04-27,MTSI,-0.043171993618984,-0.6281440482663612
2026-04-27,MU,-0.0141006811940266,-0.1060421125269154
2026-04-27,MWH,-0.0172026223439969,-0.1617509658210291
2026-04-27,MXL,0.0443505007394718,0.9437032442578432
2026-04-27,MYRG,-0.04740252505798,-0.7041216519334782
2026-04-27,NAMS,-0.0465475032447137,-0.6887660141390682
2026-04-27,NAUT,0.0217575574149935,0.5379486202032682
2026-04-27,NB,-0.0245072982947939,-0.2929382131702896
2026-04-27,NEGG,0.0241219238505043,0.5804111095031244
2026-04-27,NEO,0.0465851646157817,0.9838363596292278
2026-04-27,NERV,0.0391408561353862,0.8501414025168212
2026-04-27,NESR,0.0131037078658588,0.3825310891625173
2026-04-27,NEXT,0.0210438389111612,0.5251306982953452
2026-04-27,NKLR,-0.0795690514111692,-1.2818116244232085
2026-04-27,NKSH,0.0266378282735921,0.6255951228778323
2026-04-27,NKTR,-0.0006254152703211,0.1359649327873016
2026-04-27,NNBR,-0.0365033804233859,-0.5083800758930189
2026-04-27,NNE,-0.0636677600129656,-0.9962347334180462
2026-04-27,NRXP,-0.0025498479131809,0.1014033693686953
2026-04-27,NSIT,-0.0003948131081894,0.1401063982111788
2026-04-27,NSTS,-0.0106056858957689,-0.0432742613908207
2026-04-27,NUAI,-0.0294414768763736,-0.3815528636225773
2026-04-27,NUCL,-0.0394568904809675,-0.5614232029368967
2026-04-27,NVAX,-0.024591395067981,-0.2944485367301143
2026-04-27,NVMI,-0.0539942010410861,-0.8225038818183746
2026-04-27,NVTS,-0.1354229803596948,-2.284912000367842
2026-04-27,NXT,-0.0496274725918698,-0.7440802680902538
2026-04-27,ODD,-0.0035412747577282,0.0835979855898121
2026-04-27,ODFL,0.0038909099549087,0.2170752076883114
2026-04-27,OLPX,0.0018643422428572,0.1806793646007175
2026-04-27,OMEX,-0.0366940814686642,-0.5118049431102923
2026-04-27,ON,-0.0382737989572501,-0.5401756457003849
2026-04-27,ONDS,-0.0123980680888562,-0.0754642842874967
2026-04-27,ONEW,-0.0419578034574932,-0.6063379796443641
2026-04-27,OPEN,0.0382474609134205,0.8340966031644466
2026-04-27,OPRT,0.0164270170326054,0.4422155686127624
2026-04-27,OPRX,-0.0069133975616401,0.0230368448426165
2026-04-27,OPTX,-0.0979787648392978,-1.6124381498697462
2026-04-27,ORBS,-0.0376645082024298,-0.5292331785055872
2026-04-27,ORMP,-0.0137720916072858,-0.1001408564434811
2026-04-27,OTLK,-0.051000999278928,-0.7687479174767079
2026-04-27,PAHC,-0.0379191597689634,-0.5338065556508215
2026-04-27,PALI,0.0200712871358006,0.5076642985298262
2026-04-27,PANW,-0.0136581973118944,-0.0980953886907934
2026-04-27,PCT,-0.0187598368457857,-0.1897175293480174
2026-04-27,PENG,-0.0227868163185022,-0.2620394715828413
2026-04-27,PEPG,0.0073411790824486,0.2790398057765689
2026-04-27,PFIS,0.0239856750160764,0.5779641687129315
2026-04-27,PHOE,0.022270837898427,0.5471668051293752
2026-04-27,PHVS,-0.0181428148015845,-0.1786362132050691
2026-04-27,PICS,-0.037624513899763,-0.52851490674215
2026-04-27,PLAB,-0.0574231352336535,-0.8840853182975087
2026-04-27,PLSE,-0.0198576886355336,-0.2094342361895817
2026-04-27,PMTR,-0.0141251152056513,-0.1064809315448061
2026-04-27,PNRG,-0.0400525194341611,-0.572120313026012
2026-04-27,PNTG,-0.0143351660371987,-0.1102533083866729
2026-04-27,POET,0.0423104089690859,0.9070645178448516
2026-04-27,POLE,-0.0157878573579584,-0.1363427033033405
2026-04-27,POWI,-0.0641640376677412,-1.0051475585576544
2026-04-27,POWL,-0.0057413490134201,0.0440860773939798
2026-04-27,PPTA,-0.0150366759865045,-0.1228519725652672
2026-04-27,PRAA,0.007061880071316,0.2740237764955081
2026-04-27,PRE,-0.0570037026032443,-0.8765525800073408
2026-04-27,PRTA,0.0668906650581437,1.348509991563853
2026-04-27,PRTH,-0.0017867121793433,0.115108792709903
2026-04-27,PSIG,-0.0121685310094876,-0.0713419470599737
2026-04-27,PTEN,0.0299337351964711,0.6847874757822331
2026-04-27,PTON,-0.0038775207255493,0.0775592258627741
2026-04-27,PURR,-0.0337990921080739,-0.4598128098685975
2026-04-27,PYXS,-0.0242579509748053,-0.2884600968563625
2026-04-27,QCOM,0.0091988401784475,0.3124021954750894
2026-04-27,QDEL,-0.0228450789669822,-0.2630858310009522
2026-04-27,QMCO,-0.0294231077797452,-0.3812229665485381
2026-04-27,QNTM,0.2137552672738612,3.9861030932293375
2026-04-27,QSEA,-0.0142151461944137,-0.1080978297715624
2026-04-27,QTI,-0.0129469908171243,-0.0853225808380889
2026-04-27,QTRX,0.0356983788708162,0.7883167412391262
2026-04-27,QURE,0.0224272422245652,0.5499757254918651
2026-04-27,RBCAA,0.0084341384046089,0.2986686470701061
2026-04-27,RDVT,0.013959233683961,0.3978957785572335
2026-04-27,RDZN,0.0185363208080599,0.4800972977940679
2026-04-27,RFIL,-0.0039017139961581,0.0771247303975516
2026-04-27,RGNX,0.0072531284552525,0.2774584735604596
2026-04-27,RGTI,-0.0070944463472421,0.019785325955395
2026-04-27,RILY,-0.016151395205098,-0.1428716075004272
2026-04-27,RIOT,-0.0856706373398696,-1.391392154462168
2026-04-27,RKLB,-0.0283088513518872,-0.3612116430351441
2026-04-27,RLAY,-0.097338583402409,-1.6009409060391853
2026-04-27,RMBS,-0.1977624653246402,-3.4044887603512106
2026-04-27,ROOT,-0.0278925805243849,-0.3537356886766395
2026-04-27,RVMD,0.125159834111755,2.3949865149526666
2026-04-27,RXT,0.0099014917699853,0.3250213628084955
2026-04-27,RZLT,-0.0561195985495259,-0.8606746440169041
2026-04-27,SABR,0.0005007380284881,0.156189916394955
2026-04-27,SAIA,-0.0038847281310038,0.0774297855305171
2026-04-27,SAIL,-0.0333734459937319,-0.4521684814327361
2026-04-27,SANM,0.1564204489275973,2.9564069031751417
2026-04-27,SATL,-0.0042577383299083,0.0707307640329037
2026-04-27,SCVL,-0.0258512972734568,-0.3170755640450751
2026-04-27,SCZM,-0.0620731642676353,-0.9675968269765016
2026-04-27,SEAT,0.0207099817346289,0.5191348397121471
2026-04-27,SEIC,-0.0061028523106542,0.0375937123950033
2026-04-27,SEPN,-0.0244072223836524,-0.2911409146457482
2026-04-27,SERV,-0.034403263049773,-0.4706633285368862
2026-04-27,SEZL,0.0188700681381534,0.4860911836063954
2026-04-27,SFIX,-0.0083028819672679,-0.0019173948302802
2026-04-27,SGHT,0.0124360464157349,0.3705403220986603
2026-04-27,SGML,0.0188392719549974,0.4855381041098757
2026-04-27,SHMD,-0.0154133680243864,-0.1296171175054369
2026-04-27,SHOO,-0.0139943790923466,-0.1041329956542735
2026-04-27,SIBN,-0.0638696367398457,-0.99986030863612
2026-04-27,SITM,-0.0391970958165134,-0.5567574590852419
2026-04-27,SKIN,-0.0613513573059812,-0.9546336416066428
2026-04-27,SLNO,0.0150599143086752,0.4176632894419797
2026-04-27,SMTC,-0.057089532401842,-0.8780940275807062
2026-04-27,SMX,0.0764834418751321,1.520790048000742
2026-04-27,SNDK,-0.0249905542235347,-0.3016171765471384
2026-04-27,SNEX,-0.0178871390245872,-0.1740444419034976
2026-04-27,SOBR,-0.0097134989085234,-0.0272511611511999
2026-04-27,SOLS,-0.0194792456566562,-0.202637645483573
2026-04-27,SPPL,0.0513228559888152,1.0689222271208292
2026-04-27,SPT,0.0021415365336966,0.185657594468969
2026-04-27,SRRK,0.0173845204569534,0.4594117097439786
2026-04-27,STEX,-0.1060375882817216,-1.7571693975536222
2026-04-27,STFS,,
2026-04-27,STKE,-0.0160758908161541,-0.1415155975945732
2026-04-27,STOK,-0.0060777742528406,0.0380440980651687
2026-04-27,STRO,0.0490241217671933,1.0276384498590576
2026-04-27,STRZ,-0.0055878160768023,0.0468434294610676
2026-04-27,STTK,0.0076026430500556,0.2837355292313014
2026-04-27,STX,-0.0061752700530397,0.0362931366614875
2026-04-27,SUNS,-0.0008327193320787,0.1322418861512171
2026-04-27,SWIM,-0.0133074533267803,-0.0917962539664927
2026-04-27,SWMR,0.0076407450772334,0.2844198169529673
2026-04-27,SYNA,-0.0604381930777724,-0.938233803710554
2026-04-27,TACT,-0.0233454982448958,-0.2720730370087468
2026-04-27,TBLA,-0.0255868957786175,-0.3123270845044865
2026-04-27,TCMD,-0.0329190000316453,-0.444006926390911
2026-04-27,TENB,-0.0054146699620169,0.0499530215005952
2026-04-27,TH,0.0116311301168469,0.3560845468789317
2026-04-27,TIGO,-0.0062097287591047,0.035674280626486
2026-04-27,TILE,-0.00876933433826,-0.0102945771970501
2026-04-27,TLS,0.0074760634670441,0.2814622419318031
2026-04-27,TMCI,-0.0025555151796279,0.1013015889351506
2026-04-27,TNDM,-0.0629245901561861,-0.9828878842928344
2026-04-27,TNGX,-0.0077301444208736,0.0083686004241499
2026-04-27,TORO,-0.0293665769483716,-0.380207709443607
2026-04-27,TOYO,-0.0211874716005586,-0.2333162766700392
2026-04-27,TPG,-0.0154261289405953,-0.1298462952927019
2026-04-27,TRDA,-0.0040365122460653,0.0747038411655122
2026-04-27,TRUP,-0.0908685026595597,-1.4847424478872897
2026-04-27,TSEM,-0.0258122062425595,-0.3163735144573874
2026-04-27,TSHA,-0.0102385024857742,-0.0366798852468291
2026-04-27,TSLA,-0.0071735257588338,0.0183651109590559
2026-04-27,TTMI,-0.0247892663513285,-0.2980021767774856
2026-04-27,TVGN,-0.0521065274744117,-0.7886024875917136
2026-04-27,TZOO,0.0588322539677109,1.20378614945457
2026-04-27,UAL,-0.0212281938746848,-0.234047622329232
2026-04-27,UFPT,-0.0148573649985048,-0.1196316633970575
2026-04-27,ULCC,-0.012387861447856,-0.0752809796280546
2026-04-27,UNB,0.0102651021757905,0.3315515701122057
2026-04-27,URBN,-0.0416867554982069,-0.601470133908575
2026-04-27,URGN,0.0258761466867279,0.6119158150741201
2026-04-27,USAR,-0.0131828809650708,-0.0895590150610935
2026-04-27,VC,-0.0236457305338017,-0.2774650143958666
2026-04-27,VECO,-0.027992661637437,-0.3555330806241252
2026-04-27,VHCP,,
2026-04-27,VIAV,-0.020232283519586,-0.2161617176057263
2026-04-27,VICR,-0.0472903241963938,-0.7021065971547508
2026-04-27,VNCE,0.0684243338896443,1.3760536901077922
2026-04-27,VRAX,-0.0571514028069449,-0.8792051799702854
2026-04-27,VREX,-0.0569748064147382,-0.8760336231837208
2026-04-27,VSAT,0.0094415565024701,0.3167612233977149
2026-04-27,VSEC,-0.0189090506963359,-0.1923973134276834
2026-04-27,VTGN,0.049174167026425,1.0303331654999717
2026-04-27,VTSI,-0.0225959202479587,-0.2586111018381634
2026-04-27,VTVT,0.1035830314605551,2.007481119028802
2026-04-27,WATT,0.0906691526333211,1.7755562222424
2026-04-27,WAY,-0.0230520439940329,-0.2668027887933625
2026-04-27,WDC,0.0041426202253336,0.2215957610611099
2026-04-27,WEN,-0.020077368966111,-0.2133795525950372
2026-04-27,WERN,0.001513473540958,0.1743779900437621
2026-04-27,WEST,-0.0040286063666334,0.0748458256378595
2026-04-27,WGS,-0.0075221500760421,0.0121040440970041
2026-04-27,WINA,-0.0488813360340308,-0.7306801389361509
2026-04-27,WIX,0.0106598332546139,0.3386406845401213
2026-04-27,WLDN,0.0902707195207529,1.7684006216869883
2026-04-27,WLFC,0.0092470797363966,0.3132685466812645
2026-04-27,WSC,0.0028581599521949,0.1985276867621876
2026-04-27,WVE,0.0973999598683759,1.8964371592686309
2026-04-27,WYFI,-0.0426779134958788,-0.6192706893717626
2026-04-27,XEL,-0.0060609415703306,0.0383464021370899
2026-04-27,XENE,0.0147278675560733,0.41169994489959
2026-04-27,XLO,-0.0368729026590323,-0.5150164558303809
2026-04-27,XMTR,-0.0203782424065963,-0.2187830446491184
2026-04-27,XNDU,-0.0120157076511311,-0.0685973385587203
2026-04-27,XOS,-0.00453029403411,0.0658358401753081
2026-04-27,ZD,-0.026589593545447,-0.330334886745086
2026-04-27,ZSQR,0.0104140118149477,0.3342258907523533
2026-04-27,ZVRA,0.0052552237848319,0.2415774001296647
2026-04-28,AAL,-0.027896475560475,-0.2877248332777047
2026-04-28,AAON,-0.0160018051355122,-0.0449261226023769
2026-04-28,ABSI,-0.0369012642129888,-0.4715341358159072
2026-04-28,ACHV,-0.0097774059597063,0.082128771784828
2026-04-28,ACIC,-0.0383315703075516,-0.5007301087368632
2026-04-28,ADAM,-0.0493524228177503,-0.7256921030098221
2026-04-28,ADEA,0.0057731013864353,0.3995518696175066
2026-04-28,ADTN,0.0395876485555369,1.0897877619460377
2026-04-28,ADTX,0.012690536173589,0.5407532806273322
2026-04-28,ADUR,-0.0150748228316481,-0.0260041936917008
2026-04-28,ADV,-0.0978483650783889,-1.7156104305623967
2026-04-28,AEI,0.0288700740772369,0.8710163986439575
2026-04-28,AEIS,-0.0302530175525058,-0.3358274991671752
2026-04-28,AEYE,0.0149046807950474,0.5859492751469114
2026-04-28,AFBI,-0.0077731979571628,0.1230394571218098
2026-04-28,AGEN,-0.0038526692357546,0.2030668378490459
2026-04-28,AGH,-0.0359661508778026,-0.4524462330824242
2026-04-28,AGPU,-0.0723680410149265,-1.195495991980332
2026-04-28,AIOT,-0.0010648731412312,0.2599724328082379
2026-04-28,AIRO,-0.0469957445461683,-0.6775866553283274
2026-04-28,AKAM,0.036012986709698,1.016820352487723
2026-04-28,AKAN,0.4196533235772898,8.847838432569716
2026-04-28,AKBA,-0.0370589295533562,-0.4747524630155447
2026-04-28,AKTS,0.0209015808216685,0.7083603670470907
2026-04-28,ALAB,0.0762559518969996,1.8382756523944077
2026-04-28,ALDX,-0.0189594224424445,-0.105298175222443
2026-04-28,ALGT,-0.0358569759307072,-0.4502177109421915
2026-04-28,ALHC,-0.0158263241273618,-0.0413441349554122
2026-04-28,ALKS,-0.0192364671325699,-0.1109533208598297
2026-04-28,AMD,0.0321936464295363,0.9388584701889524
2026-04-28,AMPH,-0.0063923910295071,0.1512250334974918
2026-04-28,AMRX,0.0109441435935801,0.5051052255228176
2026-04-28,AMSC,-0.0049394554049554,0.1808829293224209
2026-04-28,ANAB,-0.0662821199127278,-1.0712677667253854
2026-04-28,ANNA,0.0662111136232123,1.6332364462051037
2026-04-28,APLD,0.0085139257958389,0.4554986599879312
2026-04-28,APLS,0.008986912332067,0.4651534479778489
2026-04-28,APPF,-0.0267528065921889,-0.2643798105895197
2026-04-28,ARAI,-0.0313412660510376,-0.3580412573376716
2026-04-28,ARCB,-0.0151552093724397,-0.0276450755120921
2026-04-28,ARHS,-0.018857748240339,-0.1032227612514627
2026-04-28,ARTV,-0.0262725311389876,-0.2545762383474868
2026-04-28,ARWR,-0.0116728072530879,0.043439091969943
2026-04-28,ASBP,0.128011268016365,2.894725606485111
2026-04-28,ASO,-0.0209317016170219,-0.1455571167122557
2026-04-28,ASPI,-0.0525298716315196,-0.7905514431728714
2026-04-28,ASRT,-0.006487952725933,0.1492743904066607
2026-04-28,ASST,-0.0442673745917774,-0.6218940902126788
2026-04-28,ASTI,-0.0208361044171921,-0.1436057489119239
2026-04-28,ASYS,0.0037170464989414,0.357582865187292
2026-04-28,ATEX,-0.0593768838241031,-0.9303153603679748
2026-04-28,ATII,-0.0040797507863629,0.1984315595490995
2026-04-28,ATOM,-0.0087037644042171,0.104044367264731
2026-04-28,AUUD,-0.0033827910100533,0.2126581777768235
2026-04-28,AVAH,-0.0298184581317274,-0.3269571006351262
2026-04-28,AVAV,-0.0411966404790485,-0.5592130526756789
2026-04-28,AVNW,0.0042988724479922,0.3694593262593463
2026-04-28,AVR,0.0390545533022932,1.078906011083646
2026-04-28,AVTX,0.0297788829054517,0.8895673633918169
2026-04-28,AXGN,-0.0187631230710763,-0.1012912349229835
2026-04-28,AXIN,-0.0080507218601936,0.117374529601324
2026-04-28,AXTI,0.0131453297134346,0.5500367059895233
2026-04-28,BAND,0.009130955857617,0.4680937213133145
2026-04-28,BCAR,-0.0053563266318009,0.1723735891911197
2026-04-28,BDTX,-0.038176724294171,-0.4975693307532108
2026-04-28,BEAM,-0.036769471458138,-0.4688439300505599
2026-04-28,BELFA,0.0117694866588749,0.5219524541520231
2026-04-28,BELFB,0.0298651945071518,0.8913291898956553
2026-04-28,BGDE,,
2026-04-28,BHAV,,
2026-04-28,BIOA,-0.0315665246532279,-0.3626393248945129
2026-04-28,BJRI,0.0005249437281257,0.2924244026652318
2026-04-28,BKNG,5.3908189271401584e-05,0.282809439204278
2026-04-28,BKR,0.0018880582372259,0.3202488344054987
2026-04-28,BL,-0.0165227428163653,-0.0555597082953335
2026-04-28,BLMN,0.010805434856147,0.5022738479894404
2026-04-28,BLNK,-0.0470708769377481,-0.679120287379807
2026-04-28,BNZI,-0.2119252029404889,-4.044191901193862
2026-04-28,BRCB,0.0137699924629214,0.5627875687510508
2026-04-28,BTBT,-0.0389225475373936,-0.51279336936685
2026-04-28,BWEN,-0.0069937197698817,0.1389504737460443
2026-04-28,BYND,-0.0299244643557054,-0.3291209415475558
2026-04-28,BZAI,0.0279087222472032,0.8513929053903981
2026-04-28,CABA,-0.0195982200602606,-0.1183375644990641
2026-04-28,CAEP,-0.017195329342355,-0.0692888101109825
2026-04-28,CAR,0.0184355391973796,0.6580225514156064
2026-04-28,CBRL,0.007045562126978,0.4255258408290474
2026-04-28,CCRN,-0.0036766767737545,0.2066592654939954
2026-04-28,CDNA,-0.0521806785105366,-0.7834235752688197
2026-04-28,CDNL,-0.0663555704437895,-1.072767067975698
2026-04-28,CDW,0.0144659924443597,0.5769945952667758
2026-04-28,CELC,-0.0278795134673938,-0.2873785963343232
2026-04-28,CELH,0.0012674411222801,0.3075805527341009
2026-04-28,CENX,-0.0078291869754599,0.1218965871667078
2026-04-28,CEPS,,
2026-04-28,CEVA,0.1064691071075164,2.454998509645833
2026-04-28,CGCT,-0.0064453161917283,0.1501447041827233
2026-04-28,CGEM,0.0092699635470674,0.4709312011733442
2026-04-28,CGNT,0.0014380122619354,0.3110623182061239
2026-04-28,CGON,-0.0189232273040327,-0.1045593457614209
2026-04-28,CHMG,-0.0090600867059866,0.0967709757066983
2026-04-28,CHRN,0.0236608064349561,0.7646827700589983
2026-04-28,CHRW,-0.0195744789879845,-0.1178529523549079
2026-04-28,CHTR,-0.07314017409415,-1.2112570773578455
2026-04-28,CLBT,0.0046698217934568,0.3770312908104299
2026-04-28,CLFD,0.0067727863949947,0.4199578348513388
2026-04-28,CLMT,0.0630864657864596,1.5694549004393763
2026-04-28,CLNN,0.001959012090016,0.3216971724728345
2026-04-28,CLPT,-0.0570634951983778,-0.8830935580355378
2026-04-28,CMPX,-0.0469999254205247,-0.6776719969869828
2026-04-28,COAG,,
2026-04-28,COCO,0.290040367381637,6.202127578313673
2026-04-28,COLA,,
2026-04-28,COLB,-0.0214991150274802,-0.1571393833541332
2026-04-28,COLL,0.0303040834717454,0.900287964786074
2026-04-28,COLM,-0.0249398698400008,-0.227373429559961
2026-04-28,COYA,-0.0322624105405038,-0.3768440224751342
2026-04-28,CPSH,-0.0280946077296085,-0.2917691853690379
2026-04-28,CRAC,-0.0080388275329864,0.1176173213061039
2026-04-28,CRDO,0.0644795731420114,1.5978915580074944
2026-04-28,CRMD,-0.0179197450394355,-0.0840758694375689
2026-04-28,CRML,-0.0426365946958768,-0.5886059668789749
2026-04-28,CRWD,-0.010377236322073,0.0698847975170841
2026-04-28,CSCO,0.0204202131976661,0.6985345009832984
2026-04-28,CSGS,-0.0124660982770746,0.0272461222673056
2026-04-28,CTSH,-0.0094954344593654,0.0878844854182456
2026-04-28,CUE,0.0387495456468532,1.0726800743539044
2026-04-28,CVGI,-0.076914299479679,-1.2882960153691383
2026-04-28,CVRX,-0.0818054650743558,-1.388136419319699
2026-04-28,CVV,0.0113740898186384,0.5138814576817852
2026-04-28,CXDO,-0.0358409058936377,-0.4498896829984505
2026-04-28,DARE,-0.0352571096952428,-0.437973004418607
2026-04-28,DASH,-0.0148417886311271,-0.0212474075506574
2026-04-28,DAVE,-0.0847472763364013,-1.4481858327087236
2026-04-28,DCBO,-0.0254187746937656,-0.2371490245849596
2026-04-28,DDOG,0.0136333734875332,0.5599988482659132
2026-04-28,DFDV,-0.0506814258044077,-0.7528202368811798
2026-04-28,DGXX,-0.0140524753994175,-0.0051356341150623
2026-04-28,DIBS,-0.0124150562924106,0.0282880114179888
2026-04-28,DJCO,0.0062010361280082,0.4082870425811081
2026-04-28,DOMH,-0.0198719344123809,-0.1239247299617304
2026-04-28,DOMO,-0.0574628217443046,-0.8912447692104161
2026-04-28,DOO,0.0252432571602616,0.7969843792742538
2026-04-28,DOX,-0.0105634744594793,0.0660832310990749
2026-04-28,DPRO,-0.0266979867427368,-0.2632608061706617
2026-04-28,DRTS,0.0154252199912011,0.596574726812798
2026-04-28,DSGN,0.2298357113057667,4.9732063598496765
2026-04-28,EIKN,0.0785844929208308,1.8858067514616257
2026-04-28,ENGN,0.0242362259273903,0.7764284600082767
2026-04-28,ENPH,-0.0991591302201491,-1.74236628634043
2026-04-28,ERII,-0.0358283500545357,-0.4496333882516016
2026-04-28,ERNA,0.0146902020558847,0.5815712504118439
2026-04-28,ESOA,-0.0434479904075362,-0.6051684966170795
2026-04-28,ESPR,-0.0018787148434326,0.2433599745451117
2026-04-28,EYE,-0.0718835419909894,-1.185606206544284
2026-04-28,EZGO,0.1111676962735668,2.550907967474604
2026-04-28,FA,-0.0004767294989599,0.2719778531295654
2026-04-28,FABC,,
2026-04-28,FACT,-0.010253355130872,0.0724135093204307
2026-04-28,FCEL,0.3798312341083718,8.034974214057238
2026-04-28,FDMT,-0.0727763258265389,-1.203830062812573
2026-04-28,FEIM,-0.0269410131421546,-0.2682215570221421
2026-04-28,FENC,-0.0565152878813858,-0.8719033337592009
2026-04-28,FFAI,0.0050245330295907,0.3842717966603964
2026-04-28,FGMC,-0.0141853682401426,-0.0078482952677686
2026-04-28,FLNC,-0.0370128519998445,-0.4738119097943108
2026-04-28,FLWS,-0.0508602797722211,-0.7564710747129818
2026-04-28,FLXS,0.0074652130598161,0.4340919214169521
2026-04-28,FLYW,0.007048386815298,0.4255834994826848
2026-04-28,FMAO,-0.0366847813950604,-0.4671152030335345
2026-04-28,FNKO,-0.0254564826685612,-0.237918734659762
2026-04-28,FOSL,-0.0241375759078971,-0.2109966889410194
2026-04-28,FOXF,-0.0112769606987754,0.0515192681815213
2026-04-28,FRMI,-0.0406244389175826,-0.5475330484042908
2026-04-28,FROG,0.0194488880548109,0.6787074285293329
2026-04-28,FSEA,0.0144333452563566,0.5763281879708088
2026-04-28,FTRE,-0.0174756991164652,-0.0750118286759538
2026-04-28,FWRD,-0.0336530628789805,-0.4052305672650728
2026-04-28,FWRG,0.0106411502980703,0.4989204067035717
2026-04-28,GALT,-0.019917380432383,-0.1248523920715345
2026-04-28,GDRX,-0.0093509247059236,0.0908342755815819
2026-04-28,GELS,-0.0397419885006229,-0.5295201219575789
2026-04-28,GFS,0.0512168919732604,1.3271684717156107
2026-04-28,GH,0.005274294957527,0.3893700357802839
2026-04-28,GLSI,-0.0273298438910758,-0.2761585238430862
2026-04-28,GLUE,-0.0199235681850193,-0.1249786989222822
2026-04-28,GMM,0.0024786233474448,0.332303682686966
2026-04-28,GPRE,0.0103186261901663,0.4923369172277743
2026-04-28,GPRO,-0.0206717518238191,-0.140250918862713
2026-04-28,GRAL,-0.0388118147722313,-0.5105330484289535
2026-04-28,GRPN,0.0121710629272758,0.5301495875506024
2026-04-28,GSHD,-0.0342447700117922,-0.4173087269627623
2026-04-28,GSIT,0.0057726242983116,0.3995421311062935
2026-04-28,GTX,0.0010037735611662,0.3021984663375726
2026-04-28,GV,-0.0329447288621225,-0.3907717735468645
2026-04-28,HCKT,0.0002420097751067,0.286649043067615
2026-04-28,HCSG,-0.0201921070969819,-0.1304602212563389
2026-04-28,HELE,0.0129477500463584,0.5460036317884001
2026-04-28,HLMN,-0.0126251705300523,0.0239990766117867
2026-04-28,HOOD,-0.1292741757880846,-2.3570864908177565
2026-04-28,HOVR,-0.0305579656180925,-0.3420522195252942
2026-04-28,HPK,0.0316113995612826,0.92697341714788
2026-04-28,HROW,-0.0086864833720744,0.1043971145182048
2026-04-28,HTCO,-0.1074357910329434,-1.9113127558303376
2026-04-28,HUHU,0.0536146708062528,1.3761128802898388
2026-04-28,HUT,-0.0175220492701415,-0.0759579463194155
2026-04-28,HYMC,-0.0497591927159295,-0.7339952508307301
2026-04-28,IEAG,,
2026-04-28,IKT,-0.0183300806918758,-0.0924518028427962
2026-04-28,IMDX,-0.0977989880375351,-1.7146025269023604
2026-04-28,IMSR,-0.0376669886569496,-0.4871644055992622
2026-04-28,IMUX,-0.0758460631600954,-1.2664907536994137
2026-04-28,IMVT,-0.0011375167350687,0.2584896030792564
2026-04-28,IMXI,-0.020031356748643,-0.1271789216555217
2026-04-28,INDI,0.0599360431127577,1.50514722852172
2026-04-28,INDV,-0.0181599499232593,-0.0889790263983481
2026-04-28,INOD,-0.0390953596545681,-0.5163208785570986
2026-04-28,INSM,-0.0029879643627308,0.220717535244094
2026-04-28,INTC,0.1058307375904177,2.441967858930137
2026-04-28,IPCX,-0.0079713492934644,0.1189947137826708
2026-04-28,IPSC,0.0015563198967925,0.3134772603760268
2026-04-28,IPST,0.0187321134981923,0.664076343179828
2026-04-28,IPWR,0.0053319407329921,0.3905467241170575
2026-04-28,IREN,-0.0458912666072377,-0.6550416154103721
2026-04-28,IRHO,-0.0083866879849698,0.110516656368026
2026-04-28,IRWD,-0.015099140944032,-0.0265005846064498
2026-04-28,ISSC,0.0129256790121687,0.5455531091212668
2026-04-28,JACK,-0.0444966893698682,-0.6265749540340404
2026-04-28,JBHT,-0.0280169809534921,-0.2901846369552054
2026-04-28,JBIO,-0.1604436222344422,-2.993329542475325
2026-04-28,JBLU,-0.0246398484129144,-0.2212492736927527
2026-04-28,KALU,-0.0077853813310966,0.1227907652810843
2026-04-28,KALV,0.393774716351165,8.319594080764064
2026-04-28,KEEL,-0.0433826340095652,-0.6038344160083022
2026-04-28,KMTS,-0.0944505595221849,-1.6462530815398926
2026-04-28,KOPN,-0.0290307254076233,-0.310877589145017
2026-04-28,KROS,-0.0280782180150119,-0.2914346320413531
2026-04-28,KXIN,0.0009731144218713,0.3015726398770437
2026-04-28,LASR,-0.030491979258758,-0.3407052798963544
2026-04-28,LBRDA,-0.0596383491459713,-0.9356524937872134
2026-04-28,LBRDK,-0.0642885165227412,-1.0305735469283523
2026-04-28,LBRX,-0.0297005892383592,-0.3245511142297792
2026-04-28,LBTYB,-0.0104260635910497,0.0688881160177418
2026-04-28,LE,-0.0051420656285782,0.1767471694141841
2026-04-28,LFUS,-0.0022847374418239,0.2350720809026313
2026-04-28,LGIH,-0.0211876387333325,-0.1507814062162151
2026-04-28,LGN,-0.0033474336394514,0.2133799063904211
2026-04-28,LGND,-0.0430480382871851,-0.5970045159699723
2026-04-28,LIEN,-0.0411816664001521,-0.5589073958630301
2026-04-28,LIFE,-0.0073136458876842,0.1324200154703125
2026-04-28,LINC,0.0068267236184673,0.4210588227600976
2026-04-28,LIND,-0.0076714724552107,0.125115918245519
2026-04-28,LINK,-0.0479593245849749,-0.6972556316594185
2026-04-28,LITE,0.059996154402414,1.506374243907951
2026-04-28,LLYVA,-0.0144597619355273,-0.0134493277534628
2026-04-28,LMB,-0.0296150652733285,-0.3228053652767254
2026-04-28,LMRI,0.0138304573568502,0.5640218020473533
2026-04-28,LOVE,-0.0326046818752788,-0.3838306001452546
2026-04-28,LQDA,0.0072723363720632,0.4301548462872832
2026-04-28,LRMR,-0.0152228774488873,-0.0290263430149612
2026-04-28,LWAY,-0.0211913566179503,-0.1508572971454621
2026-04-28,LWLG,0.0008711139817249,0.2994905666063219
2026-04-28,LXRX,-0.0641055568774702,-1.0268389023866935
2026-04-28,MASI,-0.0263029155614118,-0.2551964571787484
2026-04-28,MBBC,-0.0254542126726891,-0.2378723986074551
2026-04-28,MBX,-0.0111834516070714,0.0534280126940635
2026-04-28,MCW,-0.0228981167526339,-0.185696359122627
2026-04-28,MDAI,-0.0191541792867076,-0.1092736288493914
2026-04-28,MDB,0.0096858122211099,0.4794196685529578
2026-04-28,MELI,-0.021744489905326,-0.1621480722748493
2026-04-28,MGNX,-0.0240585866841002,-0.2093843297070142
2026-04-28,MKSI,-0.0180358931334009,-0.0864467302058504
2026-04-28,MLTX,-0.0332875531648496,-0.3977696386172259
2026-04-28,MMED,-0.0703278899513163,-1.1538516226846591
2026-04-28,MNPR,-0.0853145497489792,-1.4597652416585722
2026-04-28,MNTS,-0.1381453953543545,-2.538169328412629
2026-04-28,MOVE,-0.0915711814884394,-1.5874780798657753
2026-04-28,MPLT,-0.0040845000583155,0.1983346155342136
2026-04-28,MRAM,0.0429622543808847,1.158671548899257
2026-04-28,MRLN,-0.2509646935448755,-4.841081402585519
2026-04-28,MRVI,-0.0132081320469871,0.0120994358795756
2026-04-28,MSFT,-0.019232892719234,-0.1108803585230547
2026-04-28,MSTR,-0.0468257944946443,-0.6741175677525477
2026-04-28,MTCH,-0.0031091738214479,0.2182433598994466
2026-04-28,MTSI,0.0120536499257516,0.5277529069896382
2026-04-28,MU,0.0089085028881626,0.4635529234400023
2026-04-28,MWH,0.0057643757756135,0.3993737590031155
2026-04-28,MXL,0.2867305999477967,6.134567298216704
2026-04-28,MYRG,0.0126617611420525,0.540165913318523
2026-04-28,NAMS,-0.0040741062925557,0.1985467771860607
2026-04-28,NAUT,-0.0331375880302691,-0.3947084910594118
2026-04-28,NB,-0.0074949340919774,0.1287194890420512
2026-04-28,NEGG,-0.0189664825586391,-0.1054422891026944
2026-04-28,NEO,-0.0097141222766274,0.0834205433185828
2026-04-28,NERV,-0.0165419382143374,-0.0559515323402221
2026-04-28,NESR,-0.0425105271537061,-0.5860326264161067
2026-04-28,NEXT,0.038028059889254,1.0579528221092291
2026-04-28,NKLR,-0.047924370831183,-0.6965421418315599
2026-04-28,NKSH,-0.0279830190775234,-0.2894913937292299
2026-04-28,NKTR,-0.0325401829512695,-0.3825140226336532
2026-04-28,NNBR,-0.0977814660338216,-1.7142448608420082
2026-04-28,NNE,-0.0493822298012726,-0.7263005349301498
2026-04-28,NRXP,-0.0083417266828309,0.1114344242253597
2026-04-28,NSIT,-0.0063402927336818,0.152288484488805
2026-04-28,NSTS,0.0058970840779419,0.4020826532851823
2026-04-28,NUAI,-0.052821479446344,-0.7965038570635185
2026-04-28,NUCL,0.0583635184649103,1.4730482343199776
2026-04-28,NVAX,0.006792736963446,0.4203650737343132
2026-04-28,NVMI,0.0025530801365374,0.3338235240736414
2026-04-28,NVTS,0.0184310480103535,0.6579308755321743
2026-04-28,NXT,-0.0292300827202595,-0.3149469493494147
2026-04-28,ODD,0.025686831095579,0.806038785637479
2026-04-28,ODFL,-0.0645482901339359,-1.0358761484811596
2026-04-28,OLPX,-0.0040101517248014,0.1998522430827835
2026-04-28,OMEX,0.1428173566101446,3.196953334726317
2026-04-28,ON,0.0531307774918272,1.3662354588355712
2026-04-28,ONDS,-0.117190102794538,-2.110421620105388
2026-04-28,ONEW,-0.0061455876145017,0.1562628822829293
2026-04-28,OPEN,-0.0089306611927346,0.0994128604015547
2026-04-28,OPRT,-0.03292531279642,-0.3903754451451088
2026-04-28,OPRX,-0.0333692136193401,-0.3994365240671886
2026-04-28,OPTX,-0.1244900727176664,-2.259431489398156
2026-04-28,ORBS,-0.0389400117326423,-0.5131498554179861
2026-04-28,ORMP,-0.0466941282228068,-0.6714299438084252
2026-04-28,OTLK,0.0073934291587949,0.4326266400772838
2026-04-28,PAHC,-0.0449293870164345,-0.6354073492955414
2026-04-28,PALI,-0.0029511479848236,0.2214690456910626
2026-04-28,PANW,-0.0034994476868284,0.2102769356153568
2026-04-28,PCT,0.0546223161404627,1.3966813348348854
2026-04-28,PENG,0.0184277881065195,0.6578643330875716
2026-04-28,PEPG,-0.011561749207001,0.0457060526705467
2026-04-28,PFIS,-0.0408619033743493,-0.5523802666856108
2026-04-28,PHOE,0.0064350104874432,0.4130630196172342
2026-04-28,PHVS,0.0598752507070396,1.5039063099254204
2026-04-28,PICS,0.0337936915924768,0.971519224014374
2026-04-28,PLAB,-0.0094279018933627,0.0892629868283928
2026-04-28,PLSE,-0.0704000694766855,-1.1553249796647755
2026-04-28,PMTR,-0.0058996172506874,0.1612837264984304
2026-04-28,PNRG,0.0092854615761046,0.4712475530632082
2026-04-28,PNTG,-0.0088948026937591,0.1001448182454413
2026-04-28,POET,-0.1466295444114091,-2.711351129894668
2026-04-28,POLE,-0.0042106257563481,0.1957600879709208
2026-04-28,POWI,0.0522238278483872,1.347722444501645
2026-04-28,POWL,-0.0240065894884177,-0.2083229424117465
2026-04-28,PPTA,-0.0427068664615634,-0.590040381914955
2026-04-28,PRAA,-0.0169271241322141,-0.0638140994303104
2026-04-28,PRE,-0.0569782472104486,-0.8813534424360804
2026-04-28,PRTA,-0.067065713404149,-1.087262786563125
2026-04-28,PRTH,-0.0449398895474922,-0.6356217311076089
2026-04-28,PSIG,-0.0096855855867338,0.0840030455036418
2026-04-28,PTEN,0.0313096384819433,0.9208137508117856
2026-04-28,PTON,0.0574483269454492,1.4543669835574655
2026-04-28,PURR,-0.0139154635155776,-0.0023388934274255
2026-04-28,PYXS,-0.0108438028431252,0.060361057412608
2026-04-28,QCOM,0.0241413979196145,0.7744927932599526
2026-04-28,QDEL,-0.0209113788005029,-0.1451422793546986
2026-04-28,QMCO,0.0234760489271791,0.7609114268377757
2026-04-28,QNTM,0.0247124262876216,0.7861488498430925
2026-04-28,QSEA,-0.0003251985411159,0.2750709628902789
2026-04-28,QTI,0.0117862897922673,0.5222954463474551
2026-04-28,QTRX,-0.0818163774933623,-1.388359167926467
2026-04-28,QURE,-0.066749306088202,-1.0808041554606644
2026-04-28,RBCAA,-0.0201233024622045,-0.1290557538759413
2026-04-28,RDVT,-0.0026056857201892,0.2285207578817744
2026-04-28,RDZN,0.1686018569068478,3.723276738719815
2026-04-28,RFIL,-0.0543972993993603,-0.8286701163358947
2026-04-28,RGNX,-0.021634715676443,-0.1599073173580724
2026-04-28,RGTI,-0.0143559594680533,-0.0113304707891939
2026-04-28,RILY,-0.0049049016704822,0.1815882537979523
2026-04-28,RIOT,-0.0291119613060216,-0.3125358083883399
2026-04-28,RKLB,-0.0174452196122614,-0.0743896689978537
2026-04-28,RLAY,-0.0303323152390598,-0.3374461548648091
2026-04-28,RMBS,0.0193020303946986,0.6757097119677015
2026-04-28,ROOT,-0.0379602774345839,-0.4931511319667034
2026-04-28,RVMD,-0.0333813674186294,-0.3996846122185886
2026-04-28,RXT,-0.0449515921569949,-0.6358606093948815
2026-04-28,RZLT,0.021960751821263,0.7299805838247264
2026-04-28,SABR,-0.0122133728711892,0.0324048530695547
2026-04-28,SAIA,-0.0515200558745622,-0.7699386851014649
2026-04-28,SAIL,0.0106619039238252,0.499344037909405
2026-04-28,SANM,-0.0436462076532817,-0.6092145853258184
2026-04-28,SATL,0.0005850821268737,0.2936519714129489
2026-04-28,SCVL,-0.0056962664261491,0.1654346038450636
2026-04-28,SCZM,-0.0039522188591559,0.2010347916177092
2026-04-28,SEAT,-0.039604678140246,-0.526717288648981
2026-04-28,SEIC,-0.0177121981901495,-0.0798393411765066
2026-04-28,SEPN,-0.034991476149672,-0.4325507875708551
2026-04-28,SERV,-0.0349927795099287,-0.4325773922751938
2026-04-28,SEZL,-0.0575465986568149,-0.8929548566374027
2026-04-28,SFIX,-0.0138041654650191,-6.703366075509442e-05
2026-04-28,SGHT,-0.0869314371387565,-1.492769785670253
2026-04-28,SGML,0.0653808157382421,1.6162880778397095
2026-04-28,SHMD,0.006686233692086,0.418191086894407
2026-04-28,SHOO,-0.0126573685733228,0.0233418374354951
2026-04-28,SIBN,-0.0270434623023091,-0.2703127897428978
2026-04-28,SITM,0.0192956783080575,0.6755800506663417
2026-04-28,SKIN,-0.0270898481789568,-0.2712596365777604
2026-04-28,SLNO,-0.0069431198914784,0.1399833384491197
2026-04-28,SMTC,0.0436033547127429,1.171757942084396
2026-04-28,SMX,0.0128303134301416,0.5436064691950026
2026-04-28,SNDK,0.0396042993101318,1.0901276437252694
2026-04-28,SNEX,-0.019610620993406,-0.1185906972443444
2026-04-28,SOBR,0.0084443335810376,0.4540781162130203
2026-04-28,SOLS,-0.0449910135546557,-0.6366652945339472
2026-04-28,SPPL,-0.0127355536375228,0.0217458930247964
2026-04-28,SPT,-0.0198817700185611,-0.1241254982397872
2026-04-28,SRRK,-0.007475127319326,0.1291237927083632
2026-04-28,STEX,-0.0303665006522442,-0.3381439610207211
2026-04-28,STFS,-0.0155989053387116,-0.0367019728193563
2026-04-28,STKE,-0.1624329556999173,-3.0339366028867643
2026-04-28,STOK,-0.0367042945904772,-0.4675135140853826
2026-04-28,STRO,0.0118309608688312,0.5232072900057224
2026-04-28,STRZ,-0.0350713069318013,-0.4341803250259248
2026-04-28,STTK,-0.0792705882649836,-1.3363935127029074
2026-04-28,STX,0.087512430065622,2.06804733067065
2026-04-28,SUNS,-0.0248805580990722,-0.2261627348781521
2026-04-28,SWIM,-0.0139979914240728,-0.0040234856911434
2026-04-28,SWMR,-0.0619584102454033,-0.9830104972883362
2026-04-28,SYNA,0.0285804737811016,0.8651049630176885
2026-04-28,TACT,0.0038037010393736,0.3593516918919766
2026-04-28,TBLA,-0.0067280510912129,0.1443734077444715
2026-04-28,TCMD,-0.0553592239598324,-0.8483053003893697
2026-04-28,TENB,0.0506893745748153,1.3164005782284165
2026-04-28,TH,-0.0079821813677453,0.1187736052041735
2026-04-28,TIGO,-0.0060170248655876,0.1588871558913605
2026-04-28,TILE,-0.0131512381593851,0.0132607763843181
2026-04-28,TLS,-0.0222233706090735,-0.171923174340155
2026-04-28,TMCI,-0.0572121701825078,-0.8861283705327955
2026-04-28,TNDM,-0.0251159304388644,-0.2309672480414811
2026-04-28,TNGX,-0.1478303366391378,-2.7358621751161984
2026-04-28,TORO,-0.0138841163762263,-0.0016990232380107
2026-04-28,TOYO,0.0518385900648562,1.3398588187093363
2026-04-28,TPG,-0.008977951867438,0.0984475444714172
2026-04-28,TRDA,-0.0119387697679707,0.0380101600706617
2026-04-28,TRUP,0.0200452960121305,0.6908815433135304
2026-04-28,TSEM,0.0214779620920423,0.7201256891875392
2026-04-28,TSHA,-0.0056063550629041,0.1672699101033309
2026-04-28,TSLA,-0.014345822915832,-0.0111235594816845
2026-04-28,TTMI,-0.0180856574885057,-0.0874625398773559
2026-04-28,TVGN,0.0231785777297116,0.7548393272647961
2026-04-28,TZOO,-0.0835993600975715,-1.4247541130566834
2026-04-28,UAL,-0.0209867596774651,-0.1466809835879493
2026-04-28,UFPT,-0.0493658901797532,-0.725967004122141
2026-04-28,ULCC,0.0035544336586601,0.3542635476653282
2026-04-28,UNB,-0.023238725174346,-0.1926489927545174
2026-04-28,URBN,-0.0162386523099023,-0.0497607406720212
2026-04-28,URGN,-0.0446277568579989,-0.6292503553686429
2026-04-28,USAR,-0.0287019113847007,-0.3041657074395736
2026-04-28,VC,-0.0196311668072252,-0.1190100865108693
2026-04-28,VECO,-0.0039432879496207,0.2012170928705242
2026-04-28,VHCP,-0.008814401991114,0.101785989143178
2026-04-28,VIAV,0.0419927756923443,1.1388821670000473
2026-04-28,VICR,0.0232487341132248,0.7562713870742813
2026-04-28,VNCE,-0.0582641320441786,-0.907601431539787
2026-04-28,VRAX,0.0020411543698711,0.3233738931324405
2026-04-28,VREX,-0.0862360094258352,-1.4785744405255206
2026-04-28,VSAT,0.0084506602675428,0.4542072590367746
2026-04-28,VSEC,-0.0831508441951594,-1.415598829309225
2026-04-28,VTGN,0.0054718055718091,0.3934017004485
2026-04-28,VTSI,-0.0131016499568482,0.0142729903600327
2026-04-28,VTVT,-0.0092349552210527,0.0932014905104833
2026-04-28,WATT,-0.050127449920009,-0.7415122623285654
2026-04-28,WAY,6.929201781140891e-05,0.2831234599884877
2026-04-28,WDC,0.0295606625141427,0.8851129625753222
2026-04-28,WEN,-0.018676447793139,-0.0995219849161524
2026-04-28,WERN,0.0533664888130653,1.371046891422059
2026-04-28,WEST,0.0134327525561696,0.5559036945769699
2026-04-28,WGS,-0.0422843353238581,-0.5814155094477261
2026-04-28,WINA,0.0071868366299955,0.4284095917829161
2026-04-28,WIX,-0.0289986411492041,-0.3102226725900516
2026-04-28,WLDN,0.0054845394251099,0.3936616288914841
2026-04-28,WLFC,-0.0294547638308587,-0.3195332289198092
2026-04-28,WSC,-0.0404153101744703,-0.5432642299016552
2026-04-28,WVE,-0.0519471483600454,-0.7786566656011017
2026-04-28,WYFI,-0.0061288036028586,0.1566054841576601
2026-04-28,XEL,-0.0180640996778881,-0.0870224933324801
2026-04-28,XENE,0.0018016672380037,0.3184853872080813
2026-04-28,XLO,-0.0132382778637928,0.0114840875604396
2026-04-28,XMTR,-0.0173989832169982,-0.0734458734360509
2026-04-28,XNDU,-0.0072757790435919,0.1331929684479471
2026-04-28,XOS,0.0162833096795205,0.614090392444905
2026-04-28,ZD,-0.0213984686552941,-0.1550849498534248
2026-04-28,ZSQR,0.0228864382028513,0.7488760598580653
2026-04-28,ZVRA,-0.0292354802247317,-0.3150571253425179
2026-04-29,AAL,0.0251850335778658,0.1305410322988639
2026-04-29,AAON,0.0639335668736541,0.860626373425507
2026-04-29,ABSI,0.0339609547074106,0.2958936489425665
2026-04-29,ACHV,0.0315470688802217,0.2504121169286685
2026-04-29,ACIC,0.0141600380453608,-0.0771878012759403
2026-04-29,ADAM,0.1629037725703153,2.725385894407806
2026-04-29,ADEA,0.0329764970072927,0.2773448659388649
2026-04-29,ADTN,0.0409857337873788,0.4282519034289468
2026-04-29,ADTX,-0.1155048944805813,-2.520285860568295
2026-04-29,ADUR,0.1815672828701374,3.077036760257411
2026-04-29,ADV,0.0218113138860159,0.0669746703597507
2026-04-29,AEI,-0.0079595559668868,-0.4939569010697137
2026-04-29,AEIS,0.0468132525858823,0.5380518284338435
2026-04-29,AEYE,-0.0125674991980606,-0.5807780403407943
2026-04-29,AFBI,0.028266744781801,0.1886054797555997
2026-04-29,AGEN,0.0123145341519553,-0.1119600939271814
2026-04-29,AGH,-0.0237883812271072,-0.7921976938637494
2026-04-29,AGPU,-0.0036772404601163,-0.4132711173341955
2026-04-29,AIOT,0.0476361025278824,0.5535556586308558
2026-04-29,AIRO,0.0105283967318127,-0.1456138257401895
2026-04-29,AKAM,0.0389073515380649,0.3890918040801836
2026-04-29,AKAN,0.847132228046759,15.617361998684563
2026-04-29,AKBA,0.011440129183817,-0.128435304603491
2026-04-29,AKTS,-0.0215721167190528,-0.7504396686750742
2026-04-29,ALAB,-0.0432757433128322,-1.1593712662776854
2026-04-29,ALDX,0.0216625881928471,0.0641724365925378
2026-04-29,ALGT,0.0094085473113908,-0.1667136087920573
2026-04-29,ALHC,0.0493917406591829,0.5866347342748583
2026-04-29,ALKS,0.0097947443227387,-0.159437029453693
2026-04-29,AMD,0.0208704855596586,0.0492479356638378
2026-04-29,AMPH,0.0232393806146707,0.093881768411249
2026-04-29,AMRX,0.0075370301772233,-0.2019760331757836
2026-04-29,AMSC,0.0883134238682401,1.3199825011694628
2026-04-29,ANAB,0.0270082695964768,0.1648937619993891
2026-04-29,ANNA,-0.0614766549241184,-1.5023060210232564
2026-04-29,APLD,-0.0079427874427778,-0.4936409548234162
2026-04-29,APLS,-0.0025918863050653,-0.3928212811433697
2026-04-29,APPF,0.0154938835441435,-0.0520559843228878
2026-04-29,ARAI,0.005024961721239,-0.2493074854818804
2026-04-29,ARCB,-0.0009753585068277,-0.3623632702553746
2026-04-29,ARHS,0.0018393767703307,-0.3093290831464432
2026-04-29,ARTV,0.11074491915289,1.7426283278349692
2026-04-29,ARWR,0.0237231241827245,0.1029962834099043
2026-04-29,ASBP,-0.0496520124052566,-1.2795105386450336
2026-04-29,ASO,0.0249976148030509,0.1270097579897253
2026-04-29,ASPI,0.0440358654015302,0.4857213400912353
2026-04-29,ASRT,0.0403191766070755,0.4156928828681592
2026-04-29,ASST,0.0267617677555097,0.1602492667025727
2026-04-29,ASTI,0.0271588098026812,0.1677301841411259
2026-04-29,ASYS,0.0217106708985264,0.0650783929111984
2026-04-29,ATEX,0.0564013079135368,0.7187063732445156
2026-04-29,ATII,0.0253902032944029,0.1344067631987529
2026-04-29,ATOM,0.101667615435023,1.5715971734224898
2026-04-29,AUUD,0.0426929962782157,0.4604195033868744
2026-04-29,AVAH,0.0012676624436255,-0.3201011102075281
2026-04-29,AVAV,0.0433956026876452,0.4736577500113429
2026-04-29,AVNW,0.0767953279964373,1.1029628558192082
2026-04-29,AVR,0.0494322038934794,0.5873971273695571
2026-04-29,AVTX,0.0007481308437069,-0.3298899298889656
2026-04-29,AXGN,0.0327774948841362,0.2735953425217955
2026-04-29,AXIN,0.0214186129871435,0.0595755472103552
2026-04-29,AXTI,0.0566959659690481,0.724258209886472
2026-04-29,BAND,0.5061442551647192,9.19259441841784
2026-04-29,BCAR,0.0217205888479238,0.065265263196425
2026-04-29,BDTX,0.0003195258226294,-0.3379655450518235
2026-04-29,BEAM,0.0181072453415753,-0.0028160008427216
2026-04-29,BELFA,0.0483218887895681,0.5664769863358502
2026-04-29,BELFB,0.0519066662531188,0.6340200197033609
2026-04-29,BGDE,,
2026-04-29,BHAV,0.0254309555274114,0.1351746014988638
2026-04-29,BIOA,-0.0143978770925069,-0.6152653345889801
2026-04-29,BJRI,0.0428226758776826,0.4628628777951714
2026-04-29,BKNG,-0.0376179065036082,-1.0527684257167462
2026-04-29,BKR,0.015809065428196,-0.0461174453960376
2026-04-29,BL,0.0066870549302493,-0.2179909482023519
2026-04-29,BLMN,0.0108219060219949,-0.140083633703997
2026-04-29,BLNK,-0.0115823494547426,-0.5622162181184978
2026-04-29,BNZI,0.065859286917168,0.8969100687114931
2026-04-29,BRCB,-0.0016987974311804,-0.3759940353178486
2026-04-29,BTBT,0.0228832088558671,0.0871709136276426
2026-04-29,BWEN,0.0842341093437853,1.2431215858564917
2026-04-29,BYND,0.1492427559134463,2.467990138807657
2026-04-29,BZAI,-0.0136469844363121,-0.6011172966009958
2026-04-29,CABA,0.0616359832908198,0.8173361647088099
2026-04-29,CAEP,0.0337264706687986,0.2914755885733662
2026-04-29,CAR,-0.0303821023889926,-0.9164341166212612
2026-04-29,CBRL,0.0153014924463944,-0.0556809452770916
2026-04-29,CCRN,-0.0025666638836997,-0.3923460497335473
2026-04-29,CDNA,-0.0083211422062257,-0.5007697734661803
2026-04-29,CDNL,0.1395556215071674,2.2854687831331058
2026-04-29,CDW,0.0078759839384522,-0.1955895934490485
2026-04-29,CELC,-0.0238215403203142,-0.792822465069687
2026-04-29,CELH,0.0311792385512547,0.2434815957357596
2026-04-29,CENX,-0.0051105707911605,-0.4402773902090798
2026-04-29,CEPS,0.0136396628384365,-0.0869925158843904
2026-04-29,CEVA,0.1121532188754219,1.7691629833659168
2026-04-29,CGCT,0.0303892931776316,0.2285977410832359
2026-04-29,CGEM,0.017298761342937,-0.0180491533193702
2026-04-29,CGNT,-0.0176082396770127,-0.6757537831389505
2026-04-29,CGON,0.0225026976162959,0.0800014634700255
2026-04-29,CHMG,-0.003854393741973,-0.4166089730725992
2026-04-29,CHRN,0.050633379404615,0.6100292261410414
2026-04-29,CHRW,-0.0187652909943479,-0.6975545103889169
2026-04-29,CHTR,0.0142913174268704,-0.0747142843740054
2026-04-29,CLBT,0.0244703546548304,0.1170753198978985
2026-04-29,CLFD,0.0274205171008255,0.1726611749629595
2026-04-29,CLMT,0.0048047802977845,-0.2534560613370076
2026-04-29,CLNN,0.0400951084736942,0.4114710750813573
2026-04-29,CLPT,0.0700621271699291,0.9760984094988692
2026-04-29,CMPX,0.0529140143936504,0.6530000958058352
2026-04-29,COAG,,
2026-04-29,COCO,-0.0131446429523217,-0.591652366640897
2026-04-29,COLA,,
2026-04-29,COLB,0.020225607391548,0.0370973829253328
2026-04-29,COLL,0.0099260959227783,-0.1569621518372844
2026-04-29,COLM,0.0192743444408041,0.0191740429477024
2026-04-29,COYA,0.0320752952841127,0.2603647608476791
2026-04-29,CPSH,0.0518160912385792,0.6323134392275809
2026-04-29,CRAC,0.018789565454567,0.0100400189877184
2026-04-29,CRDO,-0.0590689364645158,-1.4569406922378458
2026-04-29,CRMD,0.0156949272430186,-0.0482679943013273
2026-04-29,CRML,0.0367864965708895,0.3491314497005594
2026-04-29,CRWD,-0.0219398513857815,-0.7573683874359441
2026-04-29,CSCO,0.0209730528015851,0.0511804691932678
2026-04-29,CSGS,0.0134056948482112,-0.0914008530633078
2026-04-29,CTSH,-0.0306452711624449,-0.921392644013076
2026-04-29,CUE,0.1288918652096802,2.0845462838294093
2026-04-29,CVGI,0.0334569627932463,0.2863976221957253
2026-04-29,CVRX,0.0801895616928824,1.1669157349441073
2026-04-29,CVV,0.0262484457279058,0.1505774454552956
2026-04-29,CXDO,0.0032820811791284,-0.282146187412002
2026-04-29,DARE,0.0732506756903211,1.036175845628878
2026-04-29,DASH,-0.0139777407008467,-0.6073492821674994
2026-04-29,DAVE,0.0209828474100505,0.0513650155348813
2026-04-29,DCBO,0.0329405297899087,0.2766671851096907
2026-04-29,DDOG,-0.0123528298625526,-0.5767333211807831
2026-04-29,DFDV,0.0590276068990915,0.7681901143743409
2026-04-29,DGXX,0.0386339296655136,0.3839400916380819
2026-04-29,DIBS,-0.0620047244394916,-1.5122557089076172
2026-04-29,DJCO,0.0042904863043621,-0.2631461959999367
2026-04-29,DOMH,0.0356076486505593,0.326920039026488
2026-04-29,DOMO,-0.0017073403486649,-0.3761549977671424
2026-04-29,DOO,0.0520627711321975,0.636961289325717
2026-04-29,DOX,0.0178528097638264,-0.007609980634357
2026-04-29,DPRO,0.0299715328371215,0.220726457326964
2026-04-29,DRTS,0.1285654282068486,2.078395680173022
2026-04-29,DSGN,-0.1310634431287501,-2.8134342027397
2026-04-29,EIKN,0.0429601562470849,0.4654532313868056
2026-04-29,ENGN,0.0114203415738979,-0.1288081353330453
2026-04-29,ENPH,0.0460770083369251,0.5241797902447011
2026-04-29,ERII,0.0429637612151612,0.465521154844131
2026-04-29,ERNA,-0.2132724072413687,-4.362384692030934
2026-04-29,ESOA,0.0537641969086765,0.6690189160993558
2026-04-29,ESPR,0.042034775199248,0.448017548523022
2026-04-29,EYE,0.0263394449437081,0.1522920185722734
2026-04-29,EZGO,0.0042563544270513,-0.2637892960393496
2026-04-29,FA,-0.0209367268846623,-0.738467891564227
2026-04-29,FABC,-0.0196873170809402,-0.7149269803303934
2026-04-29,FACT,0.0241473815985963,0.1109899826249914
2026-04-29,FCEL,-0.0966023301212549,-2.164130827728713
2026-04-29,FDMT,-0.012658852717693,-0.5824992891177421
2026-04-29,FEIM,0.0499224809398542,0.5966347437179422
2026-04-29,FENC,0.0325123335755155,0.2685992725291546
2026-04-29,FFAI,0.0834856629898818,1.2290196401793885
2026-04-29,FGMC,0.0263721610527527,0.1529084432366564
2026-04-29,FLNC,0.0046629423807916,-0.2561285182071031
2026-04-29,FLWS,-0.0011530917307094,-0.3657120530440462
2026-04-29,FLXS,-0.0183126864260532,-0.6890267047525976
2026-04-29,FLYW,-0.0145167414689229,-0.6175049326181755
2026-04-29,FMAO,0.0110858256073934,-0.1351109597949019
2026-04-29,FNKO,0.0266921545120737,0.1589376400613033
2026-04-29,FOSL,-0.01567869715513,-0.6393980661482318
2026-04-29,FOXF,0.0410655549345667,0.429755863566714
2026-04-29,FRMI,-0.0031123879234011,-0.4026283775482548
2026-04-29,FROG,-0.0001024803581698,-0.3459168273394529
2026-04-29,FSEA,0.0223883697652215,0.0778473409509935
2026-04-29,FTRE,0.0761611531484928,1.091013971027591
2026-04-29,FWRD,-0.0356636491917263,-1.015947041916146
2026-04-29,FWRG,0.0060113449336643,-0.2307224226969761
2026-04-29,GALT,0.0011803135240247,-0.3217469058116344
2026-04-29,GDRX,0.0281837206041581,0.1870411693185175
2026-04-29,GELS,0.0216207760256936,0.0633846274105353
2026-04-29,GFS,0.0190103945774073,0.0142007985519109
2026-04-29,GH,0.0356985131053092,0.3286320730262249
2026-04-29,GLSI,0.0818157022604448,1.1975548660287851
2026-04-29,GLUE,-0.0034363822640112,-0.4087329574785898
2026-04-29,GMM,-0.0171367235437023,-0.666869652882798
2026-04-29,GPRE,-0.0044858560536152,-0.4285067492718866
2026-04-29,GPRO,0.0680417589695989,0.9380313891169684
2026-04-29,GRAL,0.086996590647507,1.2951712231830952
2026-04-29,GRPN,-0.0258969244228889,-0.8319260744613156
2026-04-29,GSHD,-0.0580250193729406,-1.4372715976661183
2026-04-29,GSIT,0.0233923937346546,0.096764784267553
2026-04-29,GTX,0.2482473416665324,4.333397435927218
2026-04-29,GV,-0.0184958216256507,-0.6924772695430073
2026-04-29,HCKT,-0.0041534177480428,-0.4222430713185909
2026-04-29,HCSG,0.0018414073883473,-0.3092908230028647
2026-04-29,HELE,-0.0311166511560616,-0.9302742091761458
2026-04-29,HLMN,-0.0113576542085316,-0.557982594506805
2026-04-29,HOOD,-0.015730573352706,-0.6403754980193829
2026-04-29,HOVR,0.1476206289269322,2.4374266301127725
2026-04-29,HPK,-0.0167213039577535,-0.6590424727466376
2026-04-29,HROW,0.0091711914574073,-0.1711857788301116
2026-04-29,HTCO,0.0097475877213908,-0.1603255364616523
2026-04-29,HUHU,-0.0192543849940896,-0.706769836216055
2026-04-29,HUT,0.0169419127817012,-0.0247727601607359
2026-04-29,HYMC,0.0367139419499254,0.3477644027263544
2026-04-29,IEAG,0.0173614233416662,-0.0168684994254892
2026-04-29,IKT,0.0192563207683855,0.0188344476673935
2026-04-29,IMDX,0.0236699863503185,0.1019950802881583
2026-04-29,IMSR,0.0432508606636238,0.4709305750450966
2026-04-29,IMUX,-0.0431154291826359,-1.1563506875234308
2026-04-29,IMVT,0.0005700690457718,-0.3332449035468
2026-04-29,IMXI,0.0219663162424455,0.069895166663584
2026-04-29,INDI,0.0902663118157769,1.35677808392032
2026-04-29,INDV,0.0752945893394476,1.074686500531991
2026-04-29,INOD,0.0400595123177969,0.4108003856536393
2026-04-29,INSM,0.0041113834763698,-0.2665207843559218
2026-04-29,INTC,-0.0269742631290802,-0.8522248865689757
2026-04-29,IPCX,0.0256478000893928,0.1392603054607962
2026-04-29,IPSC,0.0413886768699044,0.4358440059638896
2026-04-29,IPST,0.1282532189752369,2.07251315084929
2026-04-29,IPWR,-0.0312210227346091,-0.9322407393399088
2026-04-29,IREN,0.0023324549260788,-0.3000386893451236
2026-04-29,IRHO,0.0198317085485063,0.0296756885608986
2026-04-29,IRWD,-0.0238637223173185,-0.7936172424471212
2026-04-29,ISSC,0.0888699619245643,1.3304685826322056
2026-04-29,JACK,0.0024770542789124,-0.2973142025359245
2026-04-29,JBHT,0.0196191440486769,0.0256706279258359
2026-04-29,JBIO,0.0556306219040458,0.7041853963124168
2026-04-29,JBLU,-0.0449968715191917,-1.1918001188505198
2026-04-29,KALU,-0.0239787993716139,-0.7957854811724361
2026-04-29,KALV,0.0327805048162314,0.2736520545341886
2026-04-29,KEEL,0.0777975499859337,1.1218463469051954
2026-04-29,KMTS,0.0366459716285878,0.3464837314074829
2026-04-29,KOPN,0.0902712111347008,1.356870395051185
2026-04-29,KROS,0.0108613047524628,-0.1393412975914517
2026-04-29,KXIN,0.0117865981835443,-0.1219072655697336
2026-04-29,LASR,0.0263820031052255,0.1530938835004767
2026-04-29,LBRDA,0.0042054554999161,-0.2647483145471425
2026-04-29,LBRDK,0.0050375628724135,-0.2490700593144534
2026-04-29,LBRX,0.0364141667196476,0.3421161501954005
2026-04-29,LBTYB,-0.0861763654657316,-1.9676887094168596
2026-04-29,LE,0.031462110176835,0.2488113568825984
2026-04-29,LFUS,0.0308427658437254,0.2371419030929148
2026-04-29,LGIH,0.0133135797234429,-0.0931364517187722
2026-04-29,LGN,0.0704445161765091,0.9833032398386627
2026-04-29,LGND,0.0146938303507709,-0.0671302867266498
2026-04-29,LIEN,-0.0152903512969249,-0.6320809990427889
2026-04-29,LIFE,-0.0220343345774863,-0.7591486043210565
2026-04-29,LINC,0.0289193612800417,0.2009018352100328
2026-04-29,LIND,0.0497699685705978,0.5937611628191608
2026-04-29,LINK,-0.0102097903328744,-0.5363549735894153
2026-04-29,LITE,0.0067383640011203,-0.2170242019200144
2026-04-29,LLYVA,0.0248563230529969,0.1243475917923842
2026-04-29,LMB,0.0868339596510479,1.292106990903095
2026-04-29,LMRI,0.0211773477639061,0.0550297183020794
2026-04-29,LOVE,0.0117295259398757,-0.1229825993938445
2026-04-29,LQDA,0.0265978321348568,0.1571604531824954
2026-04-29,LRMR,-0.0608617016687698,-1.490719302274938
2026-04-29,LWAY,0.0009388094139144,-0.3262972357368334
2026-04-29,LWLG,0.0922681904299893,1.3944967304506202
2026-04-29,LXRX,0.0235751864034711,0.1002088952213696
2026-04-29,MASI,0.0275744462992786,0.1755614512264276
2026-04-29,MBBC,-0.0244505552618346,-0.8046741288384313
2026-04-29,MBX,0.0491482282335706,0.5820465644217018
2026-04-29,MCW,0.0308454716526678,0.2371928849308522
2026-04-29,MDAI,0.0619611468943291,0.8234627754524451
2026-04-29,MDB,-0.0365308777012943,-1.0322870364498629
2026-04-29,MELI,0.0072241494860934,-0.2078712138880904
2026-04-29,MGNX,0.0461885469129653,0.5262813582889792
2026-04-29,MKSI,0.0513167084138647,0.6229042552166331
2026-04-29,MLTX,0.0196952785208445,0.0271051251146625
2026-04-29,MMED,0.0164601715757062,-0.0338495474039785
2026-04-29,MNPR,0.0308372774569731,0.2370384929668157
2026-04-29,MNTS,0.0130331201193557,-0.0984207664606805
2026-04-29,MOVE,-0.0171446630426712,-0.6670192459465876
2026-04-29,MPLT,0.0365545147417802,0.3447605350249615
2026-04-29,MRAM,0.3666551532745936,6.564393042135799
2026-04-29,MRLN,0.0331325438388393,0.2802850418513767
2026-04-29,MRVI,0.0488427655587933,0.5762911511931849
2026-04-29,MSFT,-0.0459812719913555,-1.2103478235865612
2026-04-29,MSTR,0.0179084104997743,-0.006562372407189
2026-04-29,MTCH,0.0145719856480105,-0.0694260389477782
2026-04-29,MTSI,0.0339520053685122,0.2957250288533209
2026-04-29,MU,-0.0339749825232262,-0.9841298174728378
2026-04-29,MWH,0.0514159481824686,0.6247740937408787
2026-04-29,MXL,0.0257383805328056,0.1409669882253691
2026-04-29,MYRG,0.1948544458121425,3.32738850428519
2026-04-29,NAMS,-0.0062732648333314,-0.4621844355654651
2026-04-29,NAUT,0.0419390778917286,0.4462144557227893
2026-04-29,NB,0.0489576077583142,0.5784549648728637
2026-04-29,NEGG,-0.1041087837281154,-2.3055646131156746
2026-04-29,NEO,0.0285207037299354,0.1933904790706841
2026-04-29,NERV,-0.0045883439137163,-0.4304377871187153
2026-04-29,NESR,0.0203715059945979,0.0398463497201396
2026-04-29,NEXT,0.0200630157190414,0.0340338915725069
2026-04-29,NKLR,0.0135575689608767,-0.0885392979559877
2026-04-29,NKSH,0.0118456153167483,-0.1207952868659569
2026-04-29,NKTR,-0.0357730498040874,-1.018008327250108
2026-04-29,NNBR,-0.0218684482856847,-0.7560230369863212
2026-04-29,NNE,0.018561864997744,0.0057497723240489
2026-04-29,NRXP,0.0068909385706836,-0.2141494490663637
2026-04-29,NSIT,-0.0135160565343037,-0.5986504021440856
2026-04-29,NSTS,0.0043112226817758,-0.2627554889488536
2026-04-29,NUAI,0.0170898651078726,-0.021985097884624
2026-04-29,NUCL,-0.0157809005969718,-0.6413237450928205
2026-04-29,NVAX,0.003477944242185,-0.2784558089887929
2026-04-29,NVMI,-0.0119326583071258,-0.5688166062167916
2026-04-29,NVTS,-0.0374042682582733,-1.0487431339713171
2026-04-29,NXT,0.0280668214536761,0.1848385993397892
2026-04-29,ODD,-0.0880673487742153,-2.003317908160988
2026-04-29,ODFL,0.0049924281748856,-0.2499204703684595
2026-04-29,OLPX,0.0326817345765667,0.2717910626982311
2026-04-29,OMEX,0.0918518542480683,1.3866522801566996
2026-04-29,ON,-0.0031565009096106,-0.4034595379005457
2026-04-29,ONDS,-0.0116996588355994,-0.5644265175041905
2026-04-29,ONEW,-0.0817917435166594,-1.8850753060406933
2026-04-29,OPEN,-0.0927648774272586,-2.091826982373665
2026-04-29,OPRT,0.047552431729207,0.5519791648026405
2026-04-29,OPRX,0.0011728212555708,-0.321888072325687
2026-04-29,OPTX,0.0783783033819083,1.1327886847215456
2026-04-29,ORBS,-0.0127922088884798,-0.5850119361048428
2026-04-29,ORMP,0.008936264541034,-0.1756121837360972
2026-04-29,OTLK,-0.0527159956462432,-1.3372409624684594
2026-04-29,PAHC,0.0052192096436807,-0.2456475389327697
2026-04-29,PALI,0.0085660585677964,-0.1825874659279436
2026-04-29,PANW,-0.0176267078857651,-0.6761017542062435
2026-04-29,PCT,-0.0094221068702591,-0.5215137370163201
2026-04-29,PENG,0.0478057146212179,0.556751426121635
2026-04-29,PEPG,0.079965537295573,1.1626947512159795
2026-04-29,PFIS,0.0125915819785638,-0.1067400626177684
2026-04-29,PHOE,,
2026-04-29,PHVS,0.0431737317049507,0.4694773401142741
2026-04-29,PICS,0.0054988330831569,-0.2403789788910624
2026-04-29,PLAB,0.0268921392873389,0.1627056782410985
2026-04-29,PLSE,0.0073872645931504,-0.2047978601776526
2026-04-29,PMTR,0.0223899173829146,0.0778765005835095
2026-04-29,PNRG,0.0381883122626204,0.3755439355534178
2026-04-29,PNTG,0.0326399106626923,0.2710030321889181
2026-04-29,POET,0.0229939713950635,0.0892578598765747
2026-04-29,POLE,0.0243642339892184,0.1150758340912363
2026-04-29,POWI,0.0251485172740047,0.1298530057880909
2026-04-29,POWL,0.0707898067950919,0.9898090762565618
2026-04-29,PPTA,0.038596937694407,0.3832431027833516
2026-04-29,PRAA,-0.0018918033495287,-0.3796305804913432
2026-04-29,PRE,-0.0499940417911927,-1.285954928139735
2026-04-29,PRTA,0.0063699490478996,-0.2239657383839905
2026-04-29,PRTH,0.003635642696921,-0.2754845138111863
2026-04-29,PSIG,-0.0002199936429684,-0.3481309686067923
2026-04-29,PTEN,-0.0030440531920593,-0.4013408401526683
2026-04-29,PTON,-0.0235765553041613,-0.7882065492175028
2026-04-29,PURR,0.0267084972932638,0.1592455646190941
2026-04-29,PYXS,0.0034773246006001,-0.2784674840432894
2026-04-29,QCOM,0.1556128892374816,2.588013803326748
2026-04-29,QDEL,0.0756103012505707,1.0806350260302486
2026-04-29,QMCO,0.0356651034505468,0.3280025808333747
2026-04-29,QNTM,0.0106045511827096,-0.1441789521196325
2026-04-29,QSEA,0.0243865746623463,0.1154967686808647
2026-04-29,QTI,0.0121860028830574,-0.1143818319212994
2026-04-29,QTRX,0.020964550586852,0.0510202736499573
2026-04-29,QURE,0.1797608827581315,3.04300124639892
2026-04-29,RBCAA,0.0209472007737783,0.0506933749748606
2026-04-29,RDVT,-0.0148349835075857,-0.623501129831226
2026-04-29,RDZN,0.3317006610559341,5.905793600950178
2026-04-29,RFIL,0.0749869849011597,1.068890732998156
2026-04-29,RGNX,0.0568082806545973,0.7263744010952284
2026-04-29,RGTI,0.0613018918061795,0.8110413381751399
2026-04-29,RILY,0.1214233981723302,1.943828227147521
2026-04-29,RIOT,0.0477586150762261,0.5558639941481519
2026-04-29,RKLB,0.0295876450951433,0.2134933883765341
2026-04-29,RLAY,-0.0118865797861353,-0.5679484119948535
2026-04-29,RMBS,-0.0068605074117312,-0.4732490401248768
2026-04-29,ROOT,0.0318188713762664,0.255533317685587
2026-04-29,RVMD,0.0310569406887018,0.2411773052476682
2026-04-29,RXT,-0.0250770657766811,-0.8164786051384617
2026-04-29,RZLT,0.003515210782515,-0.2777536468036647
2026-04-29,SABR,-0.0023183341106903,-0.3876671132263132
2026-04-29,SAIA,0.0524906115400177,0.6450224979321625
2026-04-29,SAIL,-0.0149768616631331,-0.6261743448610823
2026-04-29,SANM,0.0190462552664381,0.0148764722137815
2026-04-29,SATL,0.0333605575045544,0.2845811898795973
2026-04-29,SCVL,0.0091797773282364,-0.171024007069996
2026-04-29,SCZM,0.0062686928365946,-0.2258735699658328
2026-04-29,SEAT,0.0598307278376739,0.7833222180835315
2026-04-29,SEIC,0.0082892335598127,-0.1878032989723429
2026-04-29,SEPN,-0.0026772008309916,-0.3944287454643674
2026-04-29,SERV,0.0099749919988786,-0.1560408702980074
2026-04-29,SEZL,0.0267871846607039,0.1607281625038013
2026-04-29,SFIX,-0.0076509982546134,-0.4881431723047362
2026-04-29,SGHT,0.0213615015443116,0.0584994748103002
2026-04-29,SGML,-0.0072229103243811,-0.4800772999737744
2026-04-29,SHMD,-0.0179542286131925,-0.682272776995276
2026-04-29,SHOO,0.0138693378467475,-0.0826650654616604
2026-04-29,SIBN,0.0396752723001789,0.4035606792576394
2026-04-29,SITM,0.0374041215934813,0.3607685088858746
2026-04-29,SKIN,0.0603725902620029,0.7935317867887546
2026-04-29,SLNO,0.0142790664885043,-0.0749451119629582
2026-04-29,SMTC,0.0440278518252861,0.4855703512911904
2026-04-29,SMX,0.0578689697116729,0.7463595067546599
2026-04-29,SNDK,-0.0206355749778664,-0.7327937002103072
2026-04-29,SNEX,0.0248670727630879,0.1245501338008503
2026-04-29,SOBR,0.0197853765440041,0.0288027182976413
2026-04-29,SOLS,0.0603019391889392,0.7922006057506249
2026-04-29,SPPL,0.036752576965624,0.348492349211462
2026-04-29,SPT,0.0140798423595032,-0.0786988183309418
2026-04-29,SRRK,0.0138363694463249,-0.0832862437056254
2026-04-29,STEX,-0.1247574677055517,-2.6946193773413296
2026-04-29,STFS,0.0064178581037683,-0.2230630539099748
2026-04-29,STKE,0.0499809370651057,0.5977361521201484
2026-04-29,STOK,-0.0099545783575118,-0.5315463652049418
2026-04-29,STRO,0.0181801400122753,-0.0014425467788446
2026-04-29,STRZ,0.0290764563498686,0.203861761635333
2026-04-29,STTK,-0.0278731748522295,-0.8691618443378915
2026-04-29,STX,0.0228704215162476,0.08692997936732
2026-04-29,SUNS,0.0219780984352186,0.0701171623237635
2026-04-29,SWIM,0.0372452493592675,0.3577750977952899
2026-04-29,SWMR,0.0222076952837493,0.0744431400892063
2026-04-29,SYNA,0.0496395086798569,0.5913030864551384
2026-04-29,TACT,0.0205761633987597,0.0437024278222705
2026-04-29,TBLA,0.0067469489080235,-0.2168624483218295
2026-04-29,TCMD,0.0311807153430678,0.2435094208935911
2026-04-29,TENB,-0.0276642194866462,-0.8652247856575649
2026-04-29,TH,0.0252481793788902,0.1317308018142601
2026-04-29,TIGO,0.0297968605055584,0.2174353467241136
2026-04-29,TILE,0.0158867493726087,-0.0446537536319226
2026-04-29,TLS,-0.0262289991700616,-0.8381829023835099
2026-04-29,TMCI,0.000241310024074,-0.3394392578123529
2026-04-29,TNDM,0.075093687422726,1.070901181916626
2026-04-29,TNGX,-0.0679156044228205,-1.6236262941126158
2026-04-29,TORO,0.0092339817617669,-0.1700027074496318
2026-04-29,TOYO,0.0085922876915199,-0.1820932666096113
2026-04-29,TPG,0.0311879827986523,0.2436463515678184
2026-04-29,TRDA,0.0665665456650652,0.9102359729536392
2026-04-29,TRUP,-0.0573897873620293,-1.4253027942061138
2026-04-29,TSEM,0.0888017179969592,1.3291827561265903
2026-04-29,TSHA,-0.003647819345732,-0.4127167757242147
2026-04-29,TSLA,0.0194661787067913,0.0227885122865521
2026-04-29,TTMI,0.1126976622305493,1.7794211810018925
2026-04-29,TVGN,-0.0030731112838729,-0.4018883418274354
2026-04-29,TZOO,-0.0076023215903554,-0.4872260248411563
2026-04-29,UAL,0.0118726228557697,-0.1202864209383372
2026-04-29,UFPT,0.0305090320790464,0.2308538165846803
2026-04-29,ULCC,-0.0441316440298008,-1.1754978267889833
2026-04-29,UNB,0.0042540477251477,-0.2638327580520491
2026-04-29,URBN,0.0178677024565253,-0.0073293781004156
2026-04-29,URGN,-0.0219839499641617,-0.7581992763213142
2026-04-29,USAR,0.1352984753914728,2.20525723163057
2026-04-29,VC,0.017227333459863,-0.0193949707205599
2026-04-29,VECO,0.0217900350090771,0.0665737417359471
2026-04-29,VHCP,0.0157570406712416,-0.0470976763673149
2026-04-29,VIAV,0.1337846255562535,2.176733840437316
2026-04-29,VICR,0.0039521063417995,-0.2695218244272657
2026-04-29,VNCE,0.0378323606292868,0.3688372282914113
2026-04-29,VRAX,0.0091193319200161,-0.1721628967963027
2026-04-29,VREX,0.0453443635392558,0.5103755715676239
2026-04-29,VSAT,0.0769189086438638,1.1052913160590916
2026-04-29,VSEC,0.0556619517711477,0.7047757019256884
2026-04-29,VTGN,0.0242019691713782,0.1120185012115282
2026-04-29,VTSI,0.0213753718548576,0.0587608140029141
2026-04-29,VTVT,0.0226527062989622,0.0828278708444768
2026-04-29,WATT,0.0563789474632833,0.7182850660216974
2026-04-29,WAY,-0.1556551600046749,-3.2767821149612137
2026-04-29,WDC,0.0067687742499335,-0.2164512234098598
2026-04-29,WEN,0.0388204410663672,0.387454269547134
2026-04-29,WERN,0.0147739102167051,-0.0656214519072342
2026-04-29,WEST,0.0341005717971864,0.2985242618186196
2026-04-29,WGS,-0.0119334379273136,-0.5688312955281625
2026-04-29,WINA,0.0208961417817219,0.0497313405838153
2026-04-29,WIX,-0.0205631010083594,-0.7314281728406293
2026-04-29,WLDN,0.0411096337160515,0.430586379446402
2026-04-29,WLFC,0.0485978743932246,0.5716770036385324
2026-04-29,WSC,0.0150185360735401,-0.0610123032003018
2026-04-29,WVE,-0.0013859755901884,-0.3700999634377826
2026-04-29,WYFI,-0.016437703654522,-0.653698982128611
2026-04-29,XEL,0.0569313719668828,0.7286936414657902
2026-04-29,XENE,0.0200979430966064,0.0346919801295523
2026-04-29,XLO,0.018038619841776,-0.0041090167886031
2026-04-29,XMTR,0.1209538340983574,1.934980876861761
2026-04-29,XNDU,0.0101025203178092,-0.1536380295112605
2026-04-29,XOS,0.04146466403676,0.4372757276812407
2026-04-29,ZD,-0.0038304312128324,-0.4161574800798622
2026-04-29,ZSQR,0.0192007727412466,0.0177878325598487
2026-04-29,ZVRA,0.0451198030634138,0.5061444872487119
2026-04-30,AAL,0.0117381498811964,0.0218724368920079
2026-04-30,AAON,0.0095924505786323,-0.0190991488732791
2026-04-30,ABSI,-0.0090135069599142,-0.3743752046211237
2026-04-30,ACHV,-0.006742126263274,-0.331003764407294
2026-04-30,ACIC,-0.0027730475598682,-0.25521520991998
2026-04-30,ADAM,-0.0084001332856283,-0.3626629893670354
2026-04-30,ADEA,0.0406911644335129,0.5747229306570508
2026-04-30,ADTN,0.0397994155160988,0.5576952105066674
2026-04-30,ADTX,0.0085067346455912,-0.0398306201536115
2026-04-30,ADUR,0.0236461194803466,0.2492521061396984
2026-04-30,ADV,0.0733518243743845,1.1983699758507722
2026-04-30,AEI,0.0048512365058118,-0.1096314330493636
2026-04-30,AEIS,0.0109614894888809,0.0070423030348406
2026-04-30,AEYE,0.0523930953594464,0.7981683435247466
2026-04-30,AFBI,0.0033232323566541,-0.1388082860091977
2026-04-30,AGEN,-0.0460519219377298,-1.0816143755806653
2026-04-30,AGH,0.2304975126874868,4.199027168902714
2026-04-30,AGPU,-0.0491518386154388,-1.1408065009051356
2026-04-30,AIOT,0.0102612899507489,-0.0063278301404418
2026-04-30,AIRO,-0.0415021338486746,-0.994737322173484
2026-04-30,AKAM,0.0089283705699561,-0.0317795887643573
2026-04-30,AKAN,0.1742893423218183,3.12574636478682
2026-04-30,AKBA,-0.0030403938157374,-0.2603201190926137
2026-04-30,AKTS,0.0532540198773576,0.814607479558806
2026-04-30,ALAB,0.0280942421257597,0.3341878836008178
2026-04-30,ALDX,0.0416754947498015,0.5935184692150394
2026-04-30,ALGT,-0.0168851424049713,-0.524682093552314
2026-04-30,ALHC,-0.0955903919990337,-2.0275389384364315
2026-04-30,ALKS,-0.012505674895867,-0.441057268563494
2026-04-30,AMD,0.0111092317706143,0.0098634045563663
2026-04-30,AMPH,-0.0083242439866185,-0.3612139023867065
2026-04-30,AMRX,0.0146835870656572,0.0781148153441957
2026-04-30,AMSC,-0.0181449731484995,-0.5487382431239398
2026-04-30,ANAB,0.0115036094578054,0.0173939467974694
2026-04-30,ANNA,-0.0748375534618305,-1.6312687327351387
2026-04-30,APLD,-0.0287988192585883,-0.7521707413812969
2026-04-30,APLS,0.0122094962089594,0.0308726758677197
2026-04-30,APPF,0.0304256781649329,0.3787060653987616
2026-04-30,ARAI,0.0756142633294795,1.2415706757702032
2026-04-30,ARCB,-0.0128740014559655,-0.448090371118299
2026-04-30,ARHS,0.0192370841068443,0.1650626902547383
2026-04-30,ARTV,0.0541022296010924,0.8308038298122743
2026-04-30,ARWR,0.0300427925042836,0.3713949604993717
2026-04-30,ASBP,-0.0226389934323881,-0.63455042438916
2026-04-30,ASO,-0.0166426268061865,-0.5200513194996977
2026-04-30,ASPI,-0.0140405896496261,-0.47036607777124
2026-04-30,ASRT,0.011413950299891,0.0156819278422772
2026-04-30,ASST,0.0460363475870684,0.6767878517507787
2026-04-30,ASTI,0.0593514531799452,0.9310364270849364
2026-04-30,ASYS,-0.0167506663372835,-0.5221143070343882
2026-04-30,ATEX,0.0298777335176074,0.3682432008745006
2026-04-30,ATII,0.0225016378539108,0.2273985187995358
2026-04-30,ATOM,0.3422642080107576,6.333183962293111
2026-04-30,AUUD,0.0549615778386351,0.8472128671711692
2026-04-30,AVAH,-0.0121405560333085,-0.4340854161823301
2026-04-30,AVAV,-0.0538451203315438,-1.230423528846687
2026-04-30,AVNW,0.0116296649927512,0.0198009453713367
2026-04-30,AVR,0.0573780286330617,0.8933543842295654
2026-04-30,AVTX,0.0186830779474952,0.1544840826906945
2026-04-30,AXGN,4.897899204425954e-05,-0.2013293262989927
2026-04-30,AXIN,,
2026-04-30,AXTI,0.1916992879040338,3.45818487457164
2026-04-30,BAND,0.1845626578219158,3.3219127272417626
2026-04-30,BCAR,0.0135455714084985,0.0563846940528286
2026-04-30,BDTX,-0.0174220702039975,-0.5349345941432797
2026-04-30,BEAM,0.0150513442013902,0.0851370448846883
2026-04-30,BELFA,0.0542678368475413,0.833966058318908
2026-04-30,BELFB,0.0352435278597974,0.4707016874048471
2026-04-30,BGDE,0.0314256107316839,0.3977995249851931
2026-04-30,BHAV,0.0132071316971811,0.0499222733203203
2026-04-30,BIOA,-0.0008898312316722,-0.2192556701964652
2026-04-30,BJRI,-0.0285921145366362,-0.7482237669690718
2026-04-30,BKNG,0.0093477577873728,-0.0237714958658227
2026-04-30,BKR,-0.0014302008238139,-0.2295738909569084
2026-04-30,BL,0.0750075469221799,1.22998557934631
2026-04-30,BLMN,-0.0455136809601496,-1.0713368001771757
2026-04-30,BLNK,0.0091032910854562,-0.0284395257395163
2026-04-30,BNZI,-0.0792492734686854,-1.7155094110153115
2026-04-30,BRCB,-0.0282085694001795,-0.7409000695458505
2026-04-30,BTBT,0.0318909762522362,0.406685561959121
2026-04-30,BWEN,-0.0114501365633274,-0.4209020309360606
2026-04-30,BYND,-0.0228523543370588,-0.638624496927761
2026-04-30,BZAI,0.0348106456421934,0.4624359108891728
2026-04-30,CABA,-0.0052585555138692,-0.3026753559833019
2026-04-30,CAEP,0.0092354869958689,-0.02591527824835
2026-04-30,CAR,-0.0019989641082347,-0.2404342820937039
2026-04-30,CBRL,-0.0191967499184817,-0.568821654665233
2026-04-30,CCRN,0.0139947738262027,0.0649621006637871
2026-04-30,CDNA,0.0251517347154504,0.2780014484454279
2026-04-30,CDNL,0.0202609690273139,0.1846135139804461
2026-04-30,CDW,-0.0036288282285463,-0.2715561254532612
2026-04-30,CELC,0.0385910754746387,0.5346222628745576
2026-04-30,CELH,0.0053894484906963,-0.0993544112540685
2026-04-30,CENX,-0.007040132596281,-0.3366941200022292
2026-04-30,CEPS,0.0064839063991976,-0.0784560141622329
2026-04-30,CEVA,0.0535696596317971,0.820634540878395
2026-04-30,CGCT,0.0191938210706628,0.1642365935154333
2026-04-30,CGEM,0.042285893517312,0.6051738793762842
2026-04-30,CGNT,0.0454679590050999,0.6659346154625878
2026-04-30,CGON,0.0050005690237624,-0.1067799663692709
2026-04-30,CHMG,-0.0005389545939993,-0.2125557694991627
2026-04-30,CHRN,-0.0249687837142172,-0.6790371808666521
2026-04-30,CHRW,-0.0236344771014247,-0.653558933398383
2026-04-30,CHTR,0.0305993502074021,0.3820222891466823
2026-04-30,CLBT,0.0261008601348542,0.2961247583969418
2026-04-30,CLFD,0.01926769750044,0.1656472452666053
2026-04-30,CLMT,0.0322259645454547,0.4130820787355257
2026-04-30,CLNN,-0.0135038303699753,-0.460116795015149
2026-04-30,CLPT,0.007145950524672,-0.0658144489462363
2026-04-30,CMPX,0.0963366025683223,1.6372585050793045
2026-04-30,COAG,,
2026-04-30,COCO,0.0012892259607752,-0.1776471239564855
2026-04-30,COLA,,
2026-04-30,COLB,0.0060905611967962,-0.0859668413672818
2026-04-30,COLL,0.0129479679041437,0.0449736062069916
2026-04-30,COLM,0.0255430267840409,0.2854730715793755
2026-04-30,COYA,-0.0209433505906892,-0.6021725529730938
2026-04-30,CPSH,0.0052615351962368,-0.1017968832762221
2026-04-30,CRAC,0.0042907832949098,-0.1203331454330424
2026-04-30,CRDO,0.0352211386570241,0.4702741712377172
2026-04-30,CRMD,0.024519402649522,0.2659272274954717
2026-04-30,CRML,-0.039507908459879,-0.956658092500102
2026-04-30,CRWD,0.0227137072053198,0.2314479294551023
2026-04-30,CSCO,0.0089801728239168,-0.0307904378202107
2026-04-30,CSGS,0.0105114992845714,-0.0015501461621998
2026-04-30,CTSH,-0.0111554881468832,-0.4152757939090343
2026-04-30,CUE,,
2026-04-30,CVGI,-0.0175406735829196,-0.5371992956817243
2026-04-30,CVRX,0.0570995297352048,0.8880365181774829
2026-04-30,CVV,0.1895218463275667,3.4166071781103904
2026-04-30,CXDO,0.1539644615751324,2.737647904910838
2026-04-30,DARE,0.0176460244005789,0.1346818073719197
2026-04-30,DASH,0.0355425073434814,0.476410625065954
2026-04-30,DAVE,-0.0044959738987859,-0.2881140528183699
2026-04-30,DCBO,0.0787806058784758,1.302031186314926
2026-04-30,DDOG,0.0575236766563306,0.8961354964151238
2026-04-30,DFDV,0.0166573584435272,0.1158034808495779
2026-04-30,DGXX,0.1117951414378479,1.9324353969867336
2026-04-30,DIBS,0.014795974406383,0.0802608232046532
2026-04-30,DJCO,-0.0235681502397186,-0.6522924387410547
2026-04-30,DOMH,0.0405439274309634,0.5719114773138104
2026-04-30,DOMO,0.0385027127827178,0.5329349996097732
2026-04-30,DOO,-0.0113492331944324,-0.418975306614648
2026-04-30,DOX,0.0037850084973897,-0.1299907873354997
2026-04-30,DPRO,-0.0173448119792504,-0.5334593678720496
2026-04-30,DRTS,0.0340472134018424,0.4478583652497881
2026-04-30,DSGN,-0.0189721354892413,-0.5645326989197831
2026-04-30,EIKN,-0.0050039416289134,-0.2978135682146076
2026-04-30,ENGN,0.0081691868091153,-0.0462760107614802
2026-04-30,ENPH,0.0273946291680114,0.3208289510296804
2026-04-30,ERII,-0.0048025587942348,-0.2939682138945353
2026-04-30,ERNA,0.0548746552195894,0.8455531017338972
2026-04-30,ESOA,-0.0088378834775377,-0.3710217186214821
2026-04-30,ESPR,0.5446641084343697,10.19795889565965
2026-04-30,EYE,0.0109124847567741,0.0061065700633014
2026-04-30,EZGO,0.03379845458532,0.4431083785327106
2026-04-30,FA,0.0161860656325932,0.1068042637641867
2026-04-30,FABC,0.012926730814793,0.0445680893544231
2026-04-30,FACT,0.0207717475945437,0.1943667016005941
2026-04-30,FCEL,0.0437797541862994,0.6336987712134889
2026-04-30,FDMT,0.0328078770270621,0.4241935504685766
2026-04-30,FEIM,0.1418993142624821,2.5072669669572463
2026-04-30,FENC,-0.001390970463019,-0.2288247971346806
2026-04-30,FFAI,-0.0121280538029905,-0.4338466892548824
2026-04-30,FGMC,0.0015302967724467,-0.1730439377485655
2026-04-30,FLNC,-0.0128470501401231,-0.4475757425553852
2026-04-30,FLWS,0.0387097848358398,0.5368889881178303
2026-04-30,FLXS,0.0152098325428452,0.0881633397000719
2026-04-30,FLYW,0.0400725441476931,0.5629105326820296
2026-04-30,FMAO,0.0204516710683833,0.1882549212465787
2026-04-30,FNKO,0.0010499742101633,-0.1822155756533182
2026-04-30,FOSL,-0.0339419166903726,-0.850376886703605
2026-04-30,FOXF,-0.007829739464127,-0.3517714635368764
2026-04-30,FRMI,-0.0001848150169016,-0.2057935637983906
2026-04-30,FROG,0.0680714392013961,1.0975423558155144
2026-04-30,FSEA,-0.0319802419374415,-0.8129192031934916
2026-04-30,FTRE,0.0566169525838144,0.8788218294636759
2026-04-30,FWRD,0.0035657444412479,-0.1341775790591679
2026-04-30,FWRG,-0.0062222037476562,-0.3210759754042013
2026-04-30,GALT,0.0043285561649375,-0.1196118820285704
2026-04-30,GDRX,0.0703051923900774,1.140195308276829
2026-04-30,GELS,0.0333119903285995,0.4338194665252589
2026-04-30,GFS,0.0150031581424627,0.0842169442705533
2026-04-30,GH,0.0241446458679613,0.2587713414873581
2026-04-30,GLSI,0.0320040577556811,0.4088448246812196
2026-04-30,GLUE,-0.0157076484979551,-0.5021981450597336
2026-04-30,GMM,0.0312778832229731,0.3949787055508004
2026-04-30,GPRE,0.023417571984987,0.2448880494909506
2026-04-30,GPRO,0.0278120169616789,0.3287988654371638
2026-04-30,GRAL,-0.010621584858351,-0.4050810455813789
2026-04-30,GRPN,0.033717644996341,0.441565339859233
2026-04-30,GSHD,-0.0331195910575611,-0.8346747866230065
2026-04-30,GSIT,0.083308310151726,1.388486554841939
2026-04-30,GTX,-0.0015126981833346,-0.2311491571822244
2026-04-30,GV,0.028536084311076,0.3426247484349423
2026-04-30,HCKT,0.0370407098343576,0.5050184228945446
2026-04-30,HCSG,-0.0041059872888084,-0.2806673570866279
2026-04-30,HELE,0.0279307994698179,0.3310669874027243
2026-04-30,HLMN,-0.0342388726324475,-0.856047185349223
2026-04-30,HOOD,0.005505616331525,-0.0971362156998282
2026-04-30,HOVR,0.0747598967799481,1.2252567624845483
2026-04-30,HPK,-0.016346885422912,-0.5144042125473414
2026-04-30,HROW,-0.0027669371819689,-0.255098533798653
2026-04-30,HTCO,0.1298084844990722,2.276395629098736
2026-04-30,HUHU,0.0180927988926798,0.1432128533572435
2026-04-30,HUT,0.0025523869171775,-0.1535273848118828
2026-04-30,HYMC,0.0422655068016024,0.6047846001934228
2026-04-30,IEAG,,
2026-04-30,IKT,0.0292320624285091,0.3559142746491223
2026-04-30,IMDX,0.0336918712862725,0.4410731973808826
2026-04-30,IMSR,0.046622639636084,0.6879829502163672
2026-04-30,IMUX,0.0156754959441843,0.0970550646323227
2026-04-30,IMVT,0.0080079836645701,-0.0493541440555887
2026-04-30,IMXI,0.007182224390995,-0.0651218086385683
2026-04-30,INDI,-0.034820227392507,-0.8671480075303042
2026-04-30,INDV,0.0149888073149429,0.0839429188468471
2026-04-30,INOD,0.0351125562567148,0.4682008177526531
2026-04-30,INSM,-0.0264277675072985,-0.7068961075750516
2026-04-30,INTC,0.037053892939015,0.5052701509453861
2026-04-30,IPCX,0.0122152078960548,0.030981739088933
2026-04-30,IPSC,0.0196630411073865,0.1731962315012614
2026-04-30,IPST,-0.0115836043199389,-0.4234505640088795
2026-04-30,IPWR,-0.0029537727259182,-0.2586661112796982
2026-04-30,IREN,-0.0108808871007121,-0.4100323563495441
2026-04-30,IRHO,0.014199021129501,0.0688621512880359
2026-04-30,IRWD,0.0646340972454407,1.031907180101585
2026-04-30,ISSC,-0.0432560567255784,-1.0282280361290197
2026-04-30,JACK,-0.0363523314706365,-0.8964031475974221
2026-04-30,JBHT,-0.005791696469501,-0.3128555477569365
2026-04-30,JBIO,0.0012837162472996,-0.1777523305424854
2026-04-30,JBLU,0.0296020199621745,0.362978520231891
2026-04-30,KALU,0.0323754087747217,0.415935678514964
2026-04-30,KALV,0.008065646086126,-0.048253094692619
2026-04-30,KEEL,0.011765376651921,0.022392325196265
2026-04-30,KMTS,0.0541653145290715,0.8320084205646248
2026-04-30,KOPN,-0.0322021991149874,-0.8171574193895708
2026-04-30,KROS,0.0430237165113922,0.6192624229319607
2026-04-30,KXIN,-0.1856669586980555,-3.7475282088535136
2026-04-30,LASR,0.0080427949145702,-0.0486894320368683
2026-04-30,LBRDA,0.0237756022293992,0.2517245465005619
2026-04-30,LBRDK,0.0290529615536416,0.3524943887189263
2026-04-30,LBRX,0.005275725303629,-0.1015259267627231
2026-04-30,LBTYB,0.0966298219195657,1.6428574544675778
2026-04-30,LE,0.0029244419527711,-0.1464230879600301
2026-04-30,LFUS,0.0119107994094152,0.0251691359888023
2026-04-30,LGIH,-0.0098652592070688,-0.390639198463769
2026-04-30,LGN,0.0483011898112902,0.720034441486656
2026-04-30,LGND,0.0066576502516841,-0.0751384192201846
2026-04-30,LIEN,0.0207578480850588,0.1941012939806742
2026-04-30,LIFE,0.0602436175333563,0.9480720798806636
2026-04-30,LINC,-0.0051733770626105,-0.3010488949890094
2026-04-30,LIND,-0.00464135067195,-0.2908899855517479
2026-04-30,LINK,0.0991829332319378,1.691608469569358
2026-04-30,LITE,0.0375765313854395,0.5152497999606634
2026-04-30,LLYVA,0.0168490420861247,0.1194636315487467
2026-04-30,LMB,-0.0028643897089992,-0.2569593651670058
2026-04-30,LMRI,0.0460846021319202,0.6777092600863254
2026-04-30,LOVE,-0.0108677173602365,-0.4097808834843773
2026-04-30,LQDA,-0.0125355255506133,-0.4416272592698447
2026-04-30,LRMR,-0.0255894231842709,-0.6908881346541856
2026-04-30,LWAY,0.0056663011359647,-0.0940679799790018
2026-04-30,LWLG,0.1720012597458258,3.082056006408871
2026-04-30,LXRX,0.0012202744521471,-0.1789637355832981
2026-04-30,MASI,0.0052761663546202,-0.1015175050055405
2026-04-30,MBBC,0.0432383395343352,0.6233605952999184
2026-04-30,MBX,-0.0035464852133389,-0.2699838063935916
2026-04-30,MCW,-0.0031794981230442,-0.2629762806760817
2026-04-30,MDAI,0.0385022590980168,0.5329263366150974
2026-04-30,MDB,0.0454132061365538,0.6648891232788281
2026-04-30,MELI,0.0204977540373554,0.1891348638896605
2026-04-30,MGNX,1.2785915747284826e-05,-0.2020204239415371
2026-04-30,MKSI,-0.0144679765616761,-0.4785269228165333
2026-04-30,MLTX,0.0279245725182065,0.330948085335833
2026-04-30,MMED,-0.0242543932376777,-0.6653960753098456
2026-04-30,MNPR,0.0257413417748595,0.2892598461964693
2026-04-30,MNTS,-0.0319706570533821,-0.8127361822553658
2026-04-30,MOVE,-0.0235569623054486,-0.6520788079643968
2026-04-30,MPLT,-0.0326107070252633,-0.8249577746684599
2026-04-30,MRAM,0.1607040807200372,2.866339228756107
2026-04-30,MRLN,0.1220016511711495,2.127326120212721
2026-04-30,MRVI,0.0166645288517545,0.1159403979820509
2026-04-30,MSFT,0.0224309781455384,0.226049289530426
2026-04-30,MSTR,0.0595722948255539,0.9352533424806728
2026-04-30,MTCH,0.0454420938031442,0.6654407259697785
2026-04-30,MTSI,0.0103611724489208,-0.0044205990874182
2026-04-30,MU,0.0364320075681564,0.493395406996937
2026-04-30,MWH,0.0194081653072321,0.1683294425280605
2026-04-30,MXL,0.0653711007290822,1.0459800753126018
2026-04-30,MYRG,0.0651157220792799,1.0411036845524906
2026-04-30,NAMS,-0.0086981000330223,-0.3683525890846986
2026-04-30,NAUT,0.0143575862711612,0.071889912583924
2026-04-30,NB,0.01107534141128,0.0092162767121133
2026-04-30,NEGG,-0.0459303276349004,-1.0792925631062924
2026-04-30,NEO,0.0116267181776454,0.0197446766818248
2026-04-30,NERV,-0.0349007254390497,-0.8686850973797169
2026-04-30,NESR,-0.0055005339933807,-0.3072958738791743
2026-04-30,NEXT,0.0022663590195166,-0.1589890152119457
2026-04-30,NKLR,-0.0023629946113537,-0.2473853525264986
2026-04-30,NKSH,0.0330566729597998,0.4289442459104005
2026-04-30,NKTR,-0.0098868871907967,-0.3910521793456563
2026-04-30,NNBR,0.0520796342134429,0.7921828821825055
2026-04-30,NNE,-0.0008476796179703,-0.2184507957884494
2026-04-30,NRXP,0.0583358915205178,0.9116445339247692
2026-04-30,NSIT,-0.0035533214484241,-0.2701143425743932
2026-04-30,NSTS,0.0261555133068185,0.2971683468996763
2026-04-30,NUAI,0.0370106266942576,0.5044439929391341
2026-04-30,NUCL,-0.0216781159153809,-0.6162027111047522
2026-04-30,NVAX,0.0046390677237677,-0.1136827423077705
2026-04-30,NVMI,-0.0066610332418423,-0.3294553136627814
2026-04-30,NVTS,0.0506952546049258,0.7657485035189652
2026-04-30,NXT,0.010888027028968,0.0056395559335793
2026-04-30,ODD,0.0177011844054793,0.1357350737214437
2026-04-30,ODFL,-0.0245986457394695,-0.6719694898070314
2026-04-30,OLPX,0.0106881647441354,0.0018232361284313
2026-04-30,OMEX,0.0396842155929726,0.5554954970962738
2026-04-30,ON,0.0263585178006268,0.3010446663908862
2026-04-30,ONDS,0.0292432778196987,0.3561284297087187
2026-04-30,ONEW,0.04819876316762,0.7180786306184838
2026-04-30,OPEN,-0.0003772047266563,-0.2094671966714374
2026-04-30,OPRT,-0.059341723247892,-1.3353797720331262
2026-04-30,OPRX,0.0577511236984266,0.9004785401869894
2026-04-30,OPTX,0.1075244043804105,1.850886752486223
2026-04-30,ORBS,0.0278146314721055,0.3288487888528295
2026-04-30,ORMP,0.0326112658627677,0.4204393099882476
2026-04-30,OTLK,0.0679005927400373,1.0942800858246104
2026-04-30,PAHC,0.0249229129941084,0.2736321555208682
2026-04-30,PALI,-0.0015658223030951,-0.2321635488196599
2026-04-30,PANW,0.0075831832506285,-0.05746560057335
2026-04-30,PCT,0.042160501658436,0.602779553529196
2026-04-30,PENG,0.0213868611623696,0.2061121396819942
2026-04-30,PEPG,0.0728764236435448,1.1892923190732347
2026-04-30,PFIS,0.0040900319086979,-0.1241664424042685
2026-04-30,PHOE,,
2026-04-30,PHVS,-0.0418863714517427,-1.0020742420715991
2026-04-30,PICS,-0.0522227053140435,-1.1994439242222317
2026-04-30,PLAB,0.0179105708173472,0.1397332543246993
2026-04-30,PLSE,0.0348733303938008,0.4636328603748683
2026-04-30,PMTR,0.0080861620162972,-0.0478613481922781
2026-04-30,PNRG,-0.019669736022613,-0.5778532047561756
2026-04-30,PNTG,0.0003676039629968,-0.1952452630247284
2026-04-30,POET,0.0278670524369583,0.3298497539250555
2026-04-30,POLE,0.0083073555707432,-0.0436377131862536
2026-04-30,POWI,0.0143548603583453,0.0718378619677947
2026-04-30,POWL,-0.0116424529508473,-0.4245742637395702
2026-04-30,PPTA,-0.0076545477223977,-0.3484262215157542
2026-04-30,PRAA,0.0239524713324648,0.2551018173123762
2026-04-30,PRE,0.0123833764899936,0.0341928758783976
2026-04-30,PRTA,-0.0349878768644351,-0.8703492318162045
2026-04-30,PRTH,0.0369280381164584,0.5028669849238497
2026-04-30,PSIG,0.0155627711830978,0.0949026138153751
2026-04-30,PTEN,-0.0129275992664304,-0.4491138077599906
2026-04-30,PTON,-0.019545994083311,-0.5754903837062658
2026-04-30,PURR,0.0365804803220086,0.496230456698913
2026-04-30,PYXS,-0.0028344301186435,-0.2563872943627307
2026-04-30,QCOM,-0.0307065966545919,-0.7885992684857389
2026-04-30,QDEL,0.0242666471201474,0.261100924556822
2026-04-30,QMCO,0.0468915201823143,0.6931171562755883
2026-04-30,QNTM,-0.0438359545368257,-1.03930103824084
2026-04-30,QSEA,0.0099629122223158,-0.0120252774371514
2026-04-30,QTI,0.0147371537817084,0.0791376582459173
2026-04-30,QTRX,0.078415230052741,1.295054427286871
2026-04-30,QURE,-0.0564892132722179,-1.2809118151413998
2026-04-30,RBCAA,0.0159805108057665,0.1028792463086969
2026-04-30,RDVT,0.051612835510103,0.7832694789455467
2026-04-30,RDZN,0.0023936478187904,-0.1565584677674952
2026-04-30,RFIL,0.0014206095583235,-0.1751383873741187
2026-04-30,RGNX,0.007923381847552,-0.0509695943648258
2026-04-30,RGTI,-0.0051653645423214,-0.3008958979395955
2026-04-30,RILY,0.0572077864043058,0.8901036519074678
2026-04-30,RIOT,0.0718043556274935,1.1688214513177293
2026-04-30,RKLB,-0.0432426207557192,-1.0279714796810744
2026-04-30,RLAY,-0.0274969851027755,-0.7273125472702554
2026-04-30,RMBS,-0.0400098124224358,-0.9662418217874555
2026-04-30,ROOT,0.0065721178787104,-0.076771638260156
2026-04-30,RVMD,-0.034475914800013,-0.8605734456163494
2026-04-30,RXT,0.2047315905203284,3.707033398558498
2026-04-30,RZLT,0.0499318527517646,0.7511715381152879
2026-04-30,SABR,0.0033290433155323,-0.1386973272183858
2026-04-30,SAIA,-0.0145953327008735,-0.4809587560998018
2026-04-30,SAIL,0.0466661854484935,0.6888144464962624
2026-04-30,SANM,0.0190462108652823,0.1614180139584786
2026-04-30,SATL,0.1166276219125175,2.0247103900346417
2026-04-30,SCVL,-0.0051819690027074,-0.3012129559131799
2026-04-30,SCZM,0.0357710338634508,0.4807742811949285
2026-04-30,SEAT,0.0150424073752603,0.084966398448903
2026-04-30,SEIC,0.0058468725156347,-0.0906200151313353
2026-04-30,SEPN,-0.0104399487933233,-0.401612750835952
2026-04-30,SERV,0.0272299573351352,0.3176845840087507
2026-04-30,SEZL,0.0613415300986849,0.9690364427713036
2026-04-30,SFIX,0.0360946719611702,0.4869540688575227
2026-04-30,SGHT,0.0805810246463059,1.3364097275538762
2026-04-30,SGML,-0.0047943918088009,-0.2938122673722291
2026-04-30,SHMD,0.084008709156388,1.401860496780186
2026-04-30,SHOO,0.0014097549039381,-0.1753456542556296
2026-04-30,SIBN,0.0603360286253133,0.9498366463207314
2026-04-30,SITM,-0.005399221309077,-0.3053613337835041
2026-04-30,SKIN,-0.0063567411604453,-0.3236449332913304
2026-04-30,SLNO,0.0092435106142043,-0.0257620692845487
2026-04-30,SMTC,0.0200568180824173,0.1807153032955186
2026-04-30,SMX,-0.0984665021063874,-2.08245753387664
2026-04-30,SNDK,0.0685431573143837,1.1065496939361057
2026-04-30,SNEX,-0.0011584995205163,-0.2243858232545545
2026-04-30,SOBR,0.778729494956052,14.667378281264323
2026-04-30,SOLS,-0.018347806725826,-0.5526112990081365
2026-04-30,SPPL,0.0538467973521851,0.8259264155908037
2026-04-30,SPT,0.0691862835839419,1.1188300274756782
2026-04-30,SRRK,0.0152487192700097,0.088905871924997
2026-04-30,STEX,0.5089972165157606,9.516908610804602
2026-04-30,STFS,-0.0019905031788783,-0.2402727227865047
2026-04-30,STKE,0.015609132913352,0.0957878793346716
2026-04-30,STOK,0.0102552053289244,-0.0064440144560317
2026-04-30,STRO,-0.0242167869500565,-0.6646779927543152
2026-04-30,STRZ,0.0724113017207983,1.1804109335378288
2026-04-30,STTK,-0.0250552561888843,-0.6806883509108071
2026-04-30,STX,0.0724360328787065,1.180883168746229
2026-04-30,SUNS,0.015883266600351,0.1010223927889154
2026-04-30,SWIM,-0.0250698166692226,-0.6809663796020843
2026-04-30,SWMR,-0.0524665607749269,-1.204100282602913
2026-04-30,SYNA,0.0351860713253862,0.4696045694048582
2026-04-30,TACT,-0.0058036730372264,-0.313084237290062
2026-04-30,TBLA,0.0106348867071234,0.0008059054799887
2026-04-30,TCMD,-0.0092970016449669,-0.3797884639668096
2026-04-30,TENB,0.0179189997525259,0.1398942027111646
2026-04-30,TH,0.0065179690067355,-0.0778055972820745
2026-04-30,TIGO,0.002812421277864,-0.1485620944293685
2026-04-30,TILE,0.0006688493484284,-0.1894930585425537
2026-04-30,TLS,0.0288377179300993,0.3483843661394077
2026-04-30,TMCI,0.0097163729161336,-0.0167328831653574
2026-04-30,TNDM,-0.0067656653945088,-0.3314532381677018
2026-04-30,TNGX,-0.03859768832894,-0.93927766919685
2026-04-30,TORO,0.0346362413607237,0.4591057052226429
2026-04-30,TOYO,0.0769697893456513,1.2674541023818884
2026-04-30,TPG,0.0175573543019295,0.1329886742533644
2026-04-30,TRDA,0.0879963409343764,1.4780033175365712
2026-04-30,TRUP,0.0074227839774087,-0.0605283841477128
2026-04-30,TSEM,-0.0177638467657534,-0.5414607311913796
2026-04-30,TSHA,-0.0156853037361948,-0.5017714774825137
2026-04-30,TSLA,0.0280461738498625,0.3332700320238715
2026-04-30,TTMI,-0.0019208535727869,-0.2389427811651027
2026-04-30,TVGN,0.00406211533216,-0.1246995023761516
2026-04-30,TZOO,-0.0059119204567423,-0.3151511944015592
2026-04-30,UAL,0.0255436147898724,0.285484299402084
2026-04-30,UFPT,0.0163667545834331,0.110254473603623
2026-04-30,ULCC,0.0878292224372389,1.4748122320800718
2026-04-30,UNB,0.015470661078499,0.0931437946528242
2026-04-30,URBN,-0.014722824650844,-0.483393182655451
2026-04-30,URGN,-0.0320418339570107,-0.8140952872371494
2026-04-30,USAR,0.0201023310264393,0.1815843614562793
2026-04-30,VC,0.0062820033111121,-0.0823113025895931
2026-04-30,VECO,0.0099182860243946,-0.0128774034052788
2026-04-30,VHCP,,
2026-04-30,VIAV,0.0504950665376506,0.7619259629804331
2026-04-30,VICR,-0.0091378524715881,-0.3767495507328946
2026-04-30,VNCE,-0.0139173902109671,-0.468013615633968
2026-04-30,VRAX,-0.0181061023101956,-0.5479960142927922
2026-04-30,VREX,0.0001803833501485,-0.198820193299057
2026-04-30,VSAT,-0.0199556779155925,-0.5833131929185883
2026-04-30,VSEC,-0.0140970413366722,-0.4714440084648092
2026-04-30,VTGN,0.0222009443165236,0.2216568517162656
2026-04-30,VTSI,-0.009282251516709,-0.3795068139964507
2026-04-30,VTVT,-0.0091898799737275,-0.3777430027340727
2026-04-30,WATT,-0.0358744579102021,-0.8872782727638877
2026-04-30,WAY,-0.0086033113994516,-0.3665426240885438
2026-04-30,WDC,-0.0098388990546619,-0.3901358580172137
2026-04-30,WEN,-0.0612310476798093,-1.3714559444531158
2026-04-30,WERN,-0.0166819831753251,-0.520802819419397
2026-04-30,WEST,0.0183107938303473,0.1473754115844714
2026-04-30,WGS,0.0312263398883669,0.3939944986062751
2026-04-30,WINA,-0.0210614749823629,-0.6044281083711158
2026-04-30,WIX,0.0711778771827211,1.156859003783994
2026-04-30,WLDN,-0.0326066754447886,-0.8248807926584497
2026-04-30,WLFC,0.0067161406685755,-0.0740215594955958
2026-04-30,WSC,0.0069833297703605,-0.0689196511404705
2026-04-30,WVE,0.0379432769043206,0.5222527129330999
2026-04-30,WYFI,0.0774531659593968,1.2766840566272672
2026-04-30,XEL,0.0047232588975428,-0.112075133127451
2026-04-30,XENE,0.0148343359501195,0.0809933271847808
2026-04-30,XLO,0.0515727342107424,0.7825037547715725
2026-04-30,XMTR,0.0387613841854649,0.5378742646549807
2026-04-30,XNDU,0.2253252918055169,4.10026491866131
2026-04-30,XOS,0.0059717994452006,-0.0882345669918935
2026-04-30,ZD,-0.0018534474724387,-0.2376556787187266
2026-04-30,ZSQR,-0.0769317251500648,-1.6712564117306057
2026-04-30,ZVRA,-0.0089527582524287,-0.3732152234085187
2026-05-01,AAL,0.0033491048066067,0.1156143050253712
2026-05-01,AAON,-0.0118590191940455,-0.1464067597326426
2026-05-01,ABSI,0.1403871076002158,2.4766447255264765
2026-05-01,ACHV,0.001640480396255,0.0861763817645737
2026-05-01,ACIC,-0.0111925049962565,-0.1349233736310087
2026-05-01,ADAM,-0.0165362392532509,-0.226990675274623
2026-05-01,ADEA,0.0146251655688113,0.3098897756266221
2026-05-01,ADTN,0.0006431473479131,0.0689933112403143
2026-05-01,ADTX,-0.2846019993026047,-4.845500878787241
2026-05-01,ADUR,-0.0526183698227215,-0.8486504059649321
2026-05-01,ADV,-0.0007440581200545,0.0450931212011316
2026-05-01,AEI,-0.0188918094523903,-0.2675748401370525
2026-05-01,AEIS,-0.0055350674298261,-0.0374512715561905
2026-05-01,AEYE,0.0249489312444274,0.4877581356242871
2026-05-01,AFBI,0.004188600325093,0.1300779896720721
2026-05-01,AGEN,0.0515582987239723,0.9462114464487223
2026-05-01,AGH,-0.0104170063619408,-0.121562292548748
2026-05-01,AGPU,-0.038932708173974,-0.6128598747351164
2026-05-01,AIOT,0.009464380226211,0.2209745043941104
2026-05-01,AIRO,-0.0246835451532697,-0.3673607673872732
2026-05-01,AKAM,0.0091514224963226,0.2155825495674599
2026-05-01,AKAN,-0.2764797272598633,-4.705562095489441
2026-05-01,AKBA,0.068120346935206,1.2315592978138792
2026-05-01,AKTS,-0.0115992808964465,-0.1419317235419581
2026-05-01,ALAB,-0.0016113588704128,0.0301503796726858
2026-05-01,ALDX,0.0066507641691617,0.1724986585201096
2026-05-01,ALGT,-0.0333067334730157,-0.5159298469826135
2026-05-01,ALHC,-0.0259402616460989,-0.38901276033104
2026-05-01,ALKS,0.0200086918134385,0.4026426542005628
2026-05-01,AMD,-0.0491946774717038,-0.7896635437339934
2026-05-01,AMPH,0.0348662415930227,0.6586236688723828
2026-05-01,AMRX,0.0279686351766331,0.5397846735152576
2026-05-01,AMSC,-0.0268100095785905,-0.4039976644081479
2026-05-01,ANAB,0.0400806117733085,0.7484621543175506
2026-05-01,ANNA,0.0538159058214873,0.9851078031243236
2026-05-01,APLD,0.0623887635666416,1.132809736269264
2026-05-01,APLS,-0.0087416293746929,-0.0926971897884779
2026-05-01,APPF,0.0041118708003152,0.1287560151944977
2026-05-01,ARAI,0.0005787055293341,0.0678830418922807
2026-05-01,ARCB,-0.0748346064750171,-1.2314143801606203
2026-05-01,ARHS,-0.0602263783366211,-0.9797289329032004
2026-05-01,ARTV,0.0338771824039997,0.6415831488315552
2026-05-01,ARWR,0.0083373362304128,0.2015566414285332
2026-05-01,ASBP,-0.0083371904712124,-0.0857291040393754
2026-05-01,ASO,-0.0367272189997666,-0.5748614587757704
2026-05-01,ASPI,-0.0168832538903877,-0.2329693972198996
2026-05-01,ASRT,0.1645283678314201,2.8925749684748587
2026-05-01,ASST,-0.0144319114028214,-0.1907351697339116
2026-05-01,ASTI,-0.0587983657099361,-0.9551256755312946
2026-05-01,ASYS,-0.009210959688435,-0.1007832909094739
2026-05-01,ATEX,-0.0226555972085582,-0.3324212127305426
2026-05-01,ATII,-0.0085571687327854,-0.0895191137945899
2026-05-01,ATOM,-0.05749594483006,-0.9326862408124852
2026-05-01,AUUD,0.0132456121696536,0.2861214232300779
2026-05-01,AVAH,0.0029582286116935,0.1088798914464634
2026-05-01,AVAV,-0.0270451469467605,-0.4080488507063168
2026-05-01,AVNW,-0.0152935662489179,-0.2055806378678121
2026-05-01,AVR,-0.030670818015391,-0.4705156081988347
2026-05-01,AVTX,-0.0187147213692741,-0.2645237861022438
2026-05-01,AXGN,-0.0128754051237829,-0.1639180927217358
2026-05-01,AXIN,0.0043442392064066,0.1327594949910567
2026-05-01,AXTI,0.1180764819841017,2.092254522033864
2026-05-01,BAND,0.0190335861928241,0.3858425404617507
2026-05-01,BCAR,-0.0052412788664879,-0.0323895826735708
2026-05-01,BDTX,0.0251265046407908,0.4908175511304886
2026-05-01,BEAM,-0.0290211886644872,-0.4420941119668635
2026-05-01,BELFA,0.0095590439216495,0.2226054670474686
2026-05-01,BELFB,0.0164317716046702,0.3410158262225866
2026-05-01,BGDE,0.0180170050117816,0.3683278434841154
2026-05-01,BHAV,-0.0043003629093784,-0.016178523313517
2026-05-01,BIOA,-0.0161186351789812,-0.2197957665414533
2026-05-01,BJRI,-0.0003126059094051,0.0525266197458388
2026-05-01,BKNG,-0.0231611482886823,-0.3411313621413436
2026-05-01,BKR,-0.0010745574350335,0.0393989420631353
2026-05-01,BL,-0.0182612086968912,-0.2567102074324547
2026-05-01,BLMN,-0.0395047110743172,-0.6227149238513763
2026-05-01,BLNK,-0.0078599835861791,-0.0775072973181186
2026-05-01,BNZI,0.1275651138093665,2.255734344650118
2026-05-01,BRCB,-0.0569449710372406,-0.9231935025995336
2026-05-01,BTBT,0.0654731421557192,1.185950555083752
2026-05-01,BWEN,-0.0285178096188949,-0.4334213845813355
2026-05-01,BYND,-0.0112960465312113,-0.1367072927543916
2026-05-01,BZAI,0.1457491762337262,2.569027910500354
2026-05-01,CABA,0.2847583677076011,4.964019979185024
2026-05-01,CAEP,-0.0004158389049012,0.0507480164548017
2026-05-01,CAR,-0.0663440063798753,-1.085129665670646
2026-05-01,CBRL,-0.0642234369907457,-1.0485943343431816
2026-05-01,CCRN,0.0090326605937334,0.2135363984335153
2026-05-01,CDNA,-0.0170119503537939,-0.2351867110957499
2026-05-01,CDNL,-0.102995709552495,-1.7166025738395014
2026-05-01,CDW,-0.0024298999463131,0.0160477195256256
2026-05-01,CELC,0.1362921022206743,2.406091798045661
2026-05-01,CELH,-0.0073314477088107,-0.0684011423877054
2026-05-01,CENX,0.0162407669865215,0.3377250039345199
2026-05-01,CEPS,0.0001499957298434,0.0604967924028684
2026-05-01,CEVA,0.012650399462375,0.2758664918978536
2026-05-01,CGCT,0.0018338047666552,0.0895071711093844
2026-05-01,CGEM,0.1207391115495655,2.138129018702163
2026-05-01,CGNT,0.0371629212725333,0.6981932078245665
2026-05-01,CGON,0.0026849764987152,0.1041720254672745
2026-05-01,CHMG,0.0041251796260276,0.1289853132120366
2026-05-01,CHRN,0.0019383995646386,0.0913092369220109
2026-05-01,CHRW,-0.0836421155349337,-1.3831591253800977
2026-05-01,CHTR,-0.0367820708309218,-0.5758065020436056
2026-05-01,CLBT,0.0178296101075785,0.3650992130279582
2026-05-01,CLFD,-0.0052026075853722,-0.0317233144176656
2026-05-01,CLMT,0.017491682037965,0.3592770437316048
2026-05-01,CLNN,0.3105124291571951,5.407737205752647
2026-05-01,CLPT,-0.01379714278381,-0.1797987288276429
2026-05-01,CMPX,-0.009259153386285,-0.101613621068851
2026-05-01,COAG,-0.2638790163213033,-4.4884642011871705
2026-05-01,COCO,0.0074626299196095,0.186486309354873
2026-05-01,COLA,-0.008929510939077,-0.0959342049223771
2026-05-01,COLB,-0.0190121473769104,-0.2696481445835563
2026-05-01,COLL,0.0055233162813428,0.1530738368910374
2026-05-01,COLM,-0.0438358632249263,-0.6973364286525521
2026-05-01,COYA,0.0206772067086258,0.4141605103566569
2026-05-01,CPSH,-0.002801262422835,0.0096495081811313
2026-05-01,CRAC,0.0010224051677838,0.0755275516092165
2026-05-01,CRDO,-0.0307216454367714,-0.4713913148322385
2026-05-01,CRMD,0.0033496722356449,0.1156240812713272
2026-05-01,CRML,0.0494101368980763,0.9092007244905352
2026-05-01,CRWD,0.0252787857681608,0.4934412056413505
2026-05-01,CSCO,0.0015402229512408,0.0844490442907736
2026-05-01,CSGS,0.0042961500773832,0.1319309664500316
2026-05-01,CTSH,-0.0094296171647169,-0.1045505448291696
2026-05-01,CUE,-0.0113895306213831,-0.1383179319656248
2026-05-01,CVGI,0.0291594373322504,0.5603010270587709
2026-05-01,CVRX,-0.0272429340229619,-0.4114565280963383
2026-05-01,CVV,-0.0771568380065099,-1.2714241524685173
2026-05-01,CXDO,0.0889786763530859,1.5909278618071674
2026-05-01,DARE,0.3082864921583869,5.369386493824801
2026-05-01,DASH,-0.0226665047922098,-0.3326091397018246
2026-05-01,DAVE,0.0307683329000974,0.5880207201487024
2026-05-01,DCBO,0.0279879165110472,0.5401168720016004
2026-05-01,DDOG,0.0361438678555133,0.6806359166451014
2026-05-01,DFDV,-0.0675970905915396,-1.106719077971444
2026-05-01,DGXX,0.0511785170931583,0.9396681813308724
2026-05-01,DIBS,-0.0225593718547951,-0.3307633442354766
2026-05-01,DJCO,-0.0557656827212065,-0.90287552122256
2026-05-01,DOMH,0.0456978560500459,0.8452417654210289
2026-05-01,DOMO,0.0471700914670314,0.8706069381087603
2026-05-01,DOO,-0.0477618160548101,-0.7649767464610969
2026-05-01,DOX,0.006313470590884,0.166687420887343
2026-05-01,DPRO,-0.0369513861864641,-0.5787236396035821
2026-05-01,DRTS,-0.1143913976461472,-1.9129391060653615
2026-05-01,DSGN,-0.0290166202319856,-0.4420154023542718
2026-05-01,EIKN,0.0653959787166781,1.184621104688879
2026-05-01,ENGN,0.0324156181314587,0.6164018294993973
2026-05-01,ENPH,-0.0405472094373575,-0.640676148462681
2026-05-01,ERII,-0.0150032716161177,-0.2005791459825156
2026-05-01,ERNA,-0.0171128352750823,-0.2369248593705063
2026-05-01,ESOA,0.0274127480837549,0.5302072839598492
2026-05-01,ESPR,0.0081085092032985,0.1976141761193782
2026-05-01,EYE,-0.0646724091900689,-1.0563296851141502
2026-05-01,EZGO,-0.2200707109264229,-3.733690053874956
2026-05-01,FA,-0.019117068173454,-0.2714558270317294
2026-05-01,FABC,0.0678051196071362,1.2261282400359357
2026-05-01,FACT,-0.0090271638086841,-0.0976166681157347
2026-05-01,FCEL,-0.012624021651127,-0.1595870019728028
2026-05-01,FDMT,0.0148953146465171,0.3145441793506334
2026-05-01,FEIM,-0.0822890130517527,-1.3598464963303478
2026-05-01,FENC,0.0090661924769126,0.2141141199022231
2026-05-01,FFAI,-0.0138160851395024,-0.1801250870429845
2026-05-01,FGMC,0.0044399836876719,0.1344090785244879
2026-05-01,FLNC,0.0018706813909469,0.0901425191878972
2026-05-01,FLWS,-0.0282077581313757,-0.4280795014610977
2026-05-01,FLXS,-0.033411180857588,-0.5177293730067069
2026-05-01,FLYW,0.0175042336601427,0.35949329587469
2026-05-01,FMAO,-0.0248787952868347,-0.3707247357431766
2026-05-01,FNKO,-0.0254261869031645,-0.3801557565675857
2026-05-01,FOSL,0.0107178129238544,0.2425699207666318
2026-05-01,FOXF,-0.0334274336471031,-0.51800939263397
2026-05-01,FRMI,-0.0195494196489953,-0.2789048190287813
2026-05-01,FROG,0.0411667412595615,0.7671751004008993
2026-05-01,FSEA,0.0356583251078865,0.6722704911847852
2026-05-01,FTRE,0.0033109209599842,0.1149564347878487
2026-05-01,FWRD,-0.2314233745733958,-3.92928531707059
2026-05-01,FWRG,-0.0632092157903946,-1.031120297518868
2026-05-01,GALT,-0.0084315854627762,-0.0873554371884413
2026-05-01,GDRX,-0.0208629171106621,-0.3015350923911041
2026-05-01,GELS,-0.0962945969329934,-1.6011489739379048
2026-05-01,GFS,0.0470636942855799,0.8687738189962412
2026-05-01,GH,0.0433953958918036,0.8055726344881345
2026-05-01,GLSI,-0.0827547498939189,-1.3678706854595384
2026-05-01,GLUE,0.0396123995922388,0.7403953175261555
2026-05-01,GMM,-0.0654762419512687,-1.0701789354206246
2026-05-01,GPRE,0.0160710923863656,0.3348016769420966
2026-05-01,GPRO,-0.1512279196615318,-2.547596261677657
2026-05-01,GRAL,0.0206109549815512,0.4130190580598845
2026-05-01,GRPN,0.0445497253451945,0.8254605991342701
2026-05-01,GSHD,0.0084303578803763,0.2031593132484055
2026-05-01,GSIT,-0.0434701951270313,-0.691036325868384
2026-05-01,GTX,-0.0243476874069385,-0.3615742677310928
2026-05-01,GV,0.0433837032941148,0.8053711824947092
2026-05-01,HCKT,0.0219408913490141,0.4359325576505038
2026-05-01,HCSG,0.0057323983990657,0.1566761167715329
2026-05-01,HELE,0.0005717067406498,0.0677624596256586
2026-05-01,HLMN,-0.0397248869353904,-0.6265083380522285
2026-05-01,HOOD,0.0409418618995298,0.7633006495248358
2026-05-01,HOVR,-0.0488799951506042,-0.7842418758917599
2026-05-01,HPK,0.0286103401716047,0.5508406213781079
2026-05-01,HROW,-0.0234931284455834,-0.3468510547336728
2026-05-01,HTCO,-0.0518730108899433,-0.8358086023877739
2026-05-01,HUHU,-0.0383372975871442,-0.6026015341322487
2026-05-01,HUT,0.0170957567975006,0.352455640048506
2026-05-01,HYMC,-0.0820315924086822,-1.3554113910546983
2026-05-01,IEAG,-0.0030288961954854,0.0057276014763872
2026-05-01,IKT,-0.0087915379186218,-0.0935570650643647
2026-05-01,IMDX,0.2515279890744653,4.391493138176054
2026-05-01,IMSR,-0.0604036199515724,-0.9827826321409872
2026-05-01,IMUX,0.0884800571930219,1.58233714258216
2026-05-01,IMVT,0.0208283691288168,0.4167648906397305
2026-05-01,IMXI,0.005864344331399,0.1589494158108465
2026-05-01,INDI,-0.0071266750628658,-0.0648731104804497
2026-05-01,INDV,0.0333116795760144,0.6318400895886123
2026-05-01,INOD,0.0420669932237827,0.7826855590350889
2026-05-01,INSM,0.0450744041324351,0.834500300183711
2026-05-01,INTC,-0.0312369912252105,-0.4802702174634628
2026-05-01,IPCX,0.002197806358587,0.0957785616298394
2026-05-01,IPSC,-0.0238675939172876,-0.3533027276426286
2026-05-01,IPST,0.222106160275086,3.884583876467595
2026-05-01,IPWR,0.1667785343463593,2.931343131208271
2026-05-01,IREN,0.0845596384421704,1.5147921715291002
2026-05-01,IRHO,,
2026-05-01,IRWD,0.03083951119647,0.5892470524039125
2026-05-01,ISSC,-0.0548199285725582,-0.8865811045662061
2026-05-01,JACK,-0.0099805656989983,-0.1140428478622776
2026-05-01,JBHT,-0.0364256650389835,-0.5696659797092536
2026-05-01,JBIO,0.0144689581069804,0.3071984742228243
2026-05-01,JBLU,-0.0084571606068774,-0.087796071844528
2026-05-01,KALU,-0.0171741977604981,-0.2379820748274652
2026-05-01,KALV,-0.0254737604329473,-0.3809754018392479
2026-05-01,KEEL,0.0596613796459562,1.0858195855530266
2026-05-01,KMTS,-0.0553870913761903,-0.8963527635619142
2026-05-01,KOPN,0.0415657303963072,0.7740492920127324
2026-05-01,KROS,-0.0017542479190805,0.0276885414688049
2026-05-01,KXIN,0.0476940511333076,0.879634249409093
2026-05-01,LASR,-0.0184155617953445,-0.2593695599734845
2026-05-01,LBRDA,-0.0184414510333101,-0.2598156061588802
2026-05-01,LBRDK,-0.0231446159616685,-0.3408465263570688
2026-05-01,LBRX,-0.0067335368723365,-0.0580997249349928
2026-05-01,LBTYB,0.0148675016398805,0.3140649885173173
2026-05-01,LE,-0.0441208854127576,-0.7022470814807384
2026-05-01,LFUS,0.0461688417815914,0.8533563877676176
2026-05-01,LGIH,-0.0694141782487236,-1.1380257166254668
2026-05-01,LGN,0.0126528688928798,0.2759090377641416
2026-05-01,LGND,0.0094072833669567,0.2199907814934085
2026-05-01,LIEN,0.0051836352790197,0.1472214662828715
2026-05-01,LIFE,0.0403307480220883,0.7527717566220193
2026-05-01,LINC,0.0013343331294266,0.0809017645386953
2026-05-01,LIND,-0.0304541403440346,-0.4667824643767787
2026-05-01,LINK,-0.0529516057837446,-0.8543917348309507
2026-05-01,LITE,0.0171129943637043,0.3527526264125267
2026-05-01,LLYVA,-0.0065501922295639,-0.054940876511947
2026-05-01,LMB,0.0384672896652602,0.7206661962802327
2026-05-01,LMRI,0.0100454295233167,0.230985414056472
2026-05-01,LOVE,-0.0123829706636466,-0.1554339298123002
2026-05-01,LQDA,-0.0059036172739236,-0.043801024001836
2026-05-01,LRMR,0.0586975529412169,1.0692137964756123
2026-05-01,LWAY,0.003290046704791,0.1145967918383617
2026-05-01,LWLG,-0.0480292909025928,-0.769585075825653
2026-05-01,LXRX,-0.0212786610679103,-0.3086979531318649
2026-05-01,MASI,-0.0013210555681774,0.0351520209238505
2026-05-01,MBBC,-0.0073704929085421,-0.0690738528947258
2026-05-01,MBX,-0.0373887553180847,-0.5862590808949985
2026-05-01,MCW,-0.0023230749860894,0.0178882088469466
2026-05-01,MDAI,0.0638397209861045,1.1578083099230498
2026-05-01,MDB,-0.002570580776261,0.0136239267650962
2026-05-01,MELI,-0.0123160568626653,-0.1542810706312868
2026-05-01,MGNX,0.0221889975689775,0.4402071845489365
2026-05-01,MKSI,0.0455488265291124,0.8426741329008239
2026-05-01,MLTX,0.0287419104162039,0.5531074476861316
2026-05-01,MMED,-0.022334479051719,-0.3268886617489406
2026-05-01,MNPR,-0.0019423088671172,0.0244484357304597
2026-05-01,MNTS,-0.0014944309820903,0.0321649325390925
2026-05-01,MOVE,-0.0738186721492449,-1.2139108278650432
2026-05-01,MPLT,-0.0730776274701955,-1.201143354649447
2026-05-01,MRAM,-0.1156088225473701,-1.9339141434116949
2026-05-01,MRLN,-0.0450202975267382,-0.7177430703187669
2026-05-01,MRVI,0.0166728952456531,0.3451701501316997
2026-05-01,MSFT,-0.000178009785626,0.0548455789852153
2026-05-01,MSTR,0.0298049660944153,0.5714228546811079
2026-05-01,MTCH,-0.0121494901488532,-0.1514112894732413
2026-05-01,MTSI,0.0262532395356712,0.5102300885903308
2026-05-01,MU,0.0613037718009459,1.1141163919955663
2026-05-01,MWH,0.0471510431586771,0.8702787544329433
2026-05-01,MXL,0.033658266880445,0.6378114490103676
2026-05-01,MYRG,0.0569738993272126,1.0395169347722202
2026-05-01,NAMS,0.0466164149646724,0.8610676348604858
2026-05-01,NAUT,0.060459156620663,1.0995645005960089
2026-05-01,NB,-0.0131154910772455,-0.1680545382923411
2026-05-01,NEGG,-0.1025026819275124,-1.7081081912813694
2026-05-01,NEO,-0.0514747128663693,-0.8289463179782449
2026-05-01,NERV,0.0316672878453549,0.6035088324178924
2026-05-01,NESR,-0.0235776677449616,-0.3483075839700225
2026-05-01,NEXT,0.0672100509275876,1.215875790160278
2026-05-01,NKLR,-0.0226137374000795,-0.3317000092745688
2026-05-01,NKSH,-0.0169659293942825,-0.2343938150875472
2026-05-01,NKTR,-0.0019768806438693,0.02385279791512
2026-05-01,NNBR,0.0126420283367635,0.2757222656115714
2026-05-01,NNE,-0.016836797566569,-0.2321690003115648
2026-05-01,NRXP,-0.0365631149048513,-0.5720341061266866
2026-05-01,NSIT,-0.0297406676527171,-0.4544900294750943
2026-05-01,NSTS,0.0096108407812946,0.2234978761516262
2026-05-01,NUAI,0.0272893624672862,0.528081470769375
2026-05-01,NUCL,-0.0197448397830278,-0.2822717163260513
2026-05-01,NVAX,-0.0020378334350472,0.0228026410881683
2026-05-01,NVMI,-0.000271451673274,0.0532356668820858
2026-05-01,NVTS,-0.0762202508397738,-1.2552876739221597
2026-05-01,NXT,-0.0243143560917025,-0.3610000018513866
2026-05-01,ODD,0.0292607227777478,0.5620460759729287
2026-05-01,ODFL,-0.0628467823045747,-1.0248759239291725
2026-05-01,OLPX,-0.0011109782304638,0.0387714474689578
2026-05-01,OMEX,0.0198301089645782,0.39956584681762
2026-05-01,ON,-0.0024917112881786,0.0149827707121465
2026-05-01,ONDS,-0.0737559780526747,-1.2128306700535565
2026-05-01,ONEW,0.047646707037175,0.8788185570542613
2026-05-01,OPEN,-0.058413734896789,-0.948498863756534
2026-05-01,OPRT,0.0033890618491562,0.1163027256900729
2026-05-01,OPRX,0.0092871657781096,0.2179212732145085
2026-05-01,OPTX,-0.0441673822824326,-0.7030481769544227
2026-05-01,ORBS,-0.0125132712058308,-0.1576788803926717
2026-05-01,ORMP,-0.0094187364034905,-0.1043630799819737
2026-05-01,OTLK,0.0012871460059539,0.0800887766688807
2026-05-01,PAHC,-0.000167785550042,0.0550217325393248
2026-05-01,PALI,0.043651263601752,0.8099809842487629
2026-05-01,PANW,0.0153787649324142,0.3228735537470338
2026-05-01,PCT,-0.0760780982186241,-1.2528385236423358
2026-05-01,PENG,0.0485301394765055,0.8940392317663578
2026-05-01,PEPG,-0.0071571263262482,-0.0653977558906477
2026-05-01,PFIS,-0.0108697442470459,-0.1293625223934318
2026-05-01,PHOE,0.0492131587974447,0.9058069849563698
2026-05-01,PHVS,0.0204194861363403,0.4097202375947182
2026-05-01,PICS,0.0158869752658626,0.3316295194851795
2026-05-01,PLAB,-0.0111978519607753,-0.1350154965868968
2026-05-01,PLSE,-0.0511505797336346,-0.8233618219181886
2026-05-01,PMTR,0.0050514591234196,0.144944200722406
2026-05-01,PNRG,0.0609019069916036,1.107192655364531
2026-05-01,PNTG,-0.0038545315955636,-0.0084972869201783
2026-05-01,POET,-0.0089389956439122,-0.0960976170868047
2026-05-01,POLE,0.0046820157042731,0.1385790528548288
2026-05-01,POWI,-0.0006822449776057,0.0461581010368956
2026-05-01,POWL,-0.0154311312425796,-0.2079507478242494
2026-05-01,PPTA,-0.0391807068813589,-0.6171326492972394
2026-05-01,PRAA,-0.0332742910232529,-0.5153708953834655
2026-05-01,PRE,-0.030484454140999,-0.467304741375384
2026-05-01,PRTA,0.020548234427951,0.4119384444197116
2026-05-01,PRTH,-0.0030551954898299,0.0052744904216475
2026-05-01,PSIG,-0.0020854601594231,0.021982079325826
2026-05-01,PTEN,0.024167227517736,0.4742901468845708
2026-05-01,PTON,-0.0430870828028175,-0.6844356761690449
2026-05-01,PURR,0.0020872440025019,0.0938736806423919
2026-05-01,PYXS,0.018945988063919,0.3843333105918763
2026-05-01,QCOM,-0.0470110602646504,-0.752041960322948
2026-05-01,QDEL,-0.0132171655100552,-0.1698062890764834
2026-05-01,QMCO,0.0114915566853621,0.2559007671110869
2026-05-01,QNTM,-0.0688997448134003,-1.1291625329438535
2026-05-01,QSEA,0.0073723037859259,0.1849300786375116
2026-05-01,QTI,-0.010260970310994,-0.1188739443864143
2026-05-01,QTRX,-0.0104875152654768,-0.1227770918217311
2026-05-01,QURE,0.0763830472099448,1.3739175218571955
2026-05-01,RBCAA,-0.0041543167713846,-0.0136622915561157
2026-05-01,RDVT,0.0110358489030609,0.2480493688497402
2026-05-01,RDZN,-0.1011840070344223,-1.6853887158521632
2026-05-01,RFIL,-0.0472053387782307,-0.7553891886192013
2026-05-01,RGNX,0.0285524533199119,0.5498432876822906
2026-05-01,RGTI,-0.0075778059225045,-0.0726456528520573
2026-05-01,RILY,-0.0376236957795687,-0.5903068746840376
2026-05-01,RIOT,0.0080929212227749,0.1973456104991829
2026-05-01,RKLB,0.0165008277489073,0.3422055958773001
2026-05-01,RLAY,0.0207450789654886,0.4153298827927282
2026-05-01,RMBS,0.0124361792587225,0.2721756878347565
2026-05-01,ROOT,-0.0387601086988349,-0.6098861550146116
2026-05-01,RVMD,0.0518554419973693,0.9513309336963176
2026-05-01,RXT,0.146096526132871,2.5750124086813004
2026-05-01,RZLT,-0.0356505742883437,-0.5563119260627939
2026-05-01,SABR,0.0154624973659775,0.3243161814765353
2026-05-01,SAIA,-0.0785723279283973,-1.295811655915443
2026-05-01,SAIL,-0.0026297938943682,0.0126037427993815
2026-05-01,SANM,-0.0230280391316365,-0.3388380218807909
2026-05-01,SATL,-0.0300238469413448,-0.4593689309569907
2026-05-01,SCVL,-0.065473557550698,-1.0701326858308828
2026-05-01,SCZM,-0.0327276392039304,-0.5059526205361105
2026-05-01,SEAT,-0.0262644370230542,-0.3945979842175979
2026-05-01,SEIC,0.0168118083095949,0.3475634860172614
2026-05-01,SEPN,0.0469595599876662,0.8669796871482891
2026-05-01,SERV,-0.0081865516816058,-0.0831337453978445
2026-05-01,SEZL,0.0051611992778721,0.1468349159819033
2026-05-01,SFIX,-0.0363135221173352,-0.5677338671269195
2026-05-01,SGHT,-0.0545256803199398,-0.8815114956880208
2026-05-01,SGML,0.0293544727669894,0.5636612963644174
2026-05-01,SHMD,-0.1586955973846834,-2.6762570266875927
2026-05-01,SHOO,-0.0231392843349886,-0.3407546676571058
2026-05-01,SIBN,0.0114216572801884,0.2546964688972657
2026-05-01,SITM,0.0153263254553511,0.3219700729748608
2026-05-01,SKIN,0.0437138446958985,0.8110591951392901
2026-05-01,SLNO,-0.0264686657102518,-0.3981166442489958
2026-05-01,SMTC,-0.0008729167191667,0.0428730138860444
2026-05-01,SMX,0.0082971815880203,0.2008648163122841
2026-05-01,SNDK,0.0594680265742642,1.0824883017131008
2026-05-01,SNEX,0.0186708222965219,0.3795924742234161
2026-05-01,SOBR,-0.1353054534924503,-2.273267781779859
2026-05-01,SOLS,0.0025969256849329,0.1026549962808309
2026-05-01,SPPL,0.0021098564472749,0.0942632708940197
2026-05-01,SPT,0.0387811198474222,0.7260731826041051
2026-05-01,SRRK,-0.0151449153081007,-0.2030195279118103
2026-05-01,STEX,-0.1206363125921431,-2.0205328673605027
2026-05-01,STFS,-0.0005100615777003,0.0491246521890902
2026-05-01,STKE,0.1827397227464689,3.206338757179007
2026-05-01,STOK,0.0260250723815858,0.5062989922464479
2026-05-01,STRO,0.0793103230518618,1.4243516143794952
2026-05-01,STRZ,-0.0107829926135551,-0.1278678768095468
2026-05-01,STTK,-0.0152759150687781,-0.2052765253412277
2026-05-01,STX,0.0177885380191319,0.3643915812157676
2026-05-01,SUNS,-0.0158076673053942,-0.2144380949877941
2026-05-01,SWIM,-0.015599658444981,-0.2108543062784029
2026-05-01,SWMR,-0.0856075903785019,-1.4170223297598574
2026-05-01,SYNA,0.0499405085385112,0.9183385078185928
2026-05-01,TACT,0.0034347325761724,0.1170895875357917
2026-05-01,TBLA,0.007600237765111,0.1888571576064924
2026-05-01,TCMD,-0.015183028017967,-0.2036761725327741
2026-05-01,TENB,-0.0209161430892726,-0.3024521238137657
2026-05-01,TH,0.0311295028985415,0.59424332508978
2026-05-01,TIGO,-0.012887322832287,-0.1641234231537851
2026-05-01,TILE,-0.0326639186138024,-0.5048547772471136
2026-05-01,TLS,-0.0083805016994877,-0.0864753140353091
2026-05-01,TMCI,-0.007931744980591,-0.0787436757808082
2026-05-01,TNDM,0.0284767917684158,0.5485397133371963
2026-05-01,TNGX,0.0776313933428397,1.3954253017065477
2026-05-01,TORO,-0.2008098671288048,-3.4018446007623155
2026-05-01,TOYO,-0.0878898827864027,-1.4563439901291206
2026-05-01,TPG,0.0254446802421788,0.4962994047668837
2026-05-01,TRDA,0.0848286740598946,1.5194273914293914
2026-05-01,TRUP,0.0916948964065779,1.6377256700379874
2026-05-01,TSEM,-0.0183457383057723,-0.2581665697110405
2026-05-01,TSHA,0.0498342159051585,0.9165071899673056
2026-05-01,TSLA,0.0024393014666842,0.0999392855531031
2026-05-01,TTMI,0.0053010408447259,0.149244249062228
2026-05-01,TVGN,0.131328936262197,2.320581315033085
2026-05-01,TZOO,-0.0389426877000973,-0.6130318121851595
2026-05-01,UAL,-0.0271048564651056,-0.4090775871614054
2026-05-01,UFPT,-0.0068953008598125,-0.0608867598274055
2026-05-01,ULCC,0.0330341397068403,0.6270583497743738
2026-05-01,UNB,-0.0470358381719242,-0.7524688593702002
2026-05-01,URBN,-0.0064251938159975,-0.0527872764088493
2026-05-01,URGN,0.020555526634605,0.4120640819902533
2026-05-01,USAR,-0.0261719828423397,-0.3930050893364729
2026-05-01,VC,-0.0158146096744584,-0.2145577051996836
2026-05-01,VECO,0.0187993091878317,0.3818061773775342
2026-05-01,VHCP,,
2026-05-01,VIAV,-0.0553029902622384,-0.8949037838308138
2026-05-01,VICR,-0.0417858566841468,-0.662016826014325
2026-05-01,VNCE,0.0915212694323825,1.634734247516219
2026-05-01,VRAX,0.0044298926811267,0.1342352203760838
2026-05-01,VREX,0.008731628204392,0.20834990553153
2026-05-01,VSAT,-0.0212962760028886,-0.3090014411898575
2026-05-01,VSEC,-0.0088559531650158,-0.0946668765997044
2026-05-01,VTGN,-0.0257951260964711,-0.3865122171183422
2026-05-01,VTSI,-0.0021485262101067,0.0208955131096715
2026-05-01,VTVT,0.0151962860683696,0.3197296218425641
2026-05-01,WATT,-0.1686064815636086,-2.8470118433332186
2026-05-01,WAY,0.0001391385413882,0.0603097336914062
2026-05-01,WDC,0.0329415230487988,0.625462655568217
2026-05-01,WEN,-0.0252116828270146,-0.3764600616596971
2026-05-01,WERN,-0.0393320246904782,-0.6197397067791868
2026-05-01,WEST,-0.0107526206563213,-0.127344597766527
2026-05-01,WGS,0.0419674806391161,0.7809710547747314
2026-05-01,WINA,-0.0027371041812449,0.0107548917756963
2026-05-01,WIX,-0.0186669482299851,-0.2637007017545094
2026-05-01,WLDN,-0.0103116322296939,-0.1197467995709094
2026-05-01,WLFC,0.0002917270464168,0.0629386840179361
2026-05-01,WSC,-0.03154686491604,-0.4856090373210706
2026-05-01,WVE,0.0066333956789752,0.1721994164642389
2026-05-01,WYFI,0.0822771556890719,1.4754672316987167
2026-05-01,XEL,-0.0181571527269463,-0.2549174250986035
2026-05-01,XENE,-0.0033189873603102,0.0007296151448033
2026-05-01,XLO,-0.005377254473917,-0.0347323090636345
2026-05-01,XMTR,-0.0129910457529818,-0.1659104673756172
2026-05-01,XNDU,-0.5816617805351244,-9.963549638252168
2026-05-01,XOS,0.0202801063030387,0.4073188597307601
2026-05-01,ZD,-0.0100573731554337,-0.1153661650259009
2026-05-01,ZSQR,-0.0061478538971334,-0.0480089815423978
2026-05-01,ZVRA,-0.0019637285223195,0.0240793960735885
2026-05-04,AAL,0.0510365733181828,0.7485115264848238
2026-05-04,AAON,0.0109758719357421,0.0777162610810813
2026-05-04,ABSI,-0.016144747591561,-0.3764041748058789
2026-05-04,ACHV,0.0166256280116603,0.1723184396658297
2026-05-04,ACIC,0.0151872870965392,0.1482341814625374
2026-05-04,ADAM,-0.0169548206155653,-0.3899684193243622
2026-05-04,ADEA,-0.1767144210700053,-3.065058467413351
2026-05-04,ADTN,-0.1825298617955694,-3.162434947862451
2026-05-04,ADTX,-0.0856583472678893,-1.5403726510165965
2026-05-04,ADUR,-0.0251066843837226,-0.5264670684042569
2026-05-04,ADV,0.0098509347327922,0.0588797823481819
2026-05-04,AEI,0.0848414769409398,1.314556765710578
2026-05-04,AEIS,-0.116243854399279,-2.0525107980212174
2026-05-04,AEYE,-0.0333470821737619,-0.6644481728745008
2026-05-04,AFBI,0.0240772471397668,0.2970918624525995
2026-05-04,AGEN,0.0486520733101008,0.708584334484194
2026-05-04,AGH,-0.010591375891726,-0.2834159016422613
2026-05-04,AGPU,0.0467793286810645,0.6772262157514426
2026-05-04,AIOT,0.0136685760049166,0.122804167143737
2026-05-04,AIRO,-0.0124123319804724,-0.3139068486473629
2026-05-04,AKAM,0.1179698964208,1.869274635606382
2026-05-04,AKAN,-0.235201153846726,-4.044387887061366
2026-05-04,AKBA,-0.0252230223768214,-0.5284150865932606
2026-05-04,AKTS,-0.0016513504254969,-0.1337199016125694
2026-05-04,ALAB,0.0400030834174057,0.5637615712689772
2026-05-04,ALDX,0.0774679963340603,1.1910917311515732
2026-05-04,ALGT,0.0513091455680964,0.7530756047064441
2026-05-04,ALHC,-0.0672987255058077,-1.232950490954119
2026-05-04,ALKS,0.0680747150591731,1.0338062022326564
2026-05-04,AMD,0.007437088122238,0.0184611970040839
2026-05-04,AMPH,0.025393556199823,0.3191327617584902
2026-05-04,AMRX,0.0221357663618579,0.2645827932463253
2026-05-04,AMSC,0.0576328391767036,0.8589625109795571
2026-05-04,ANAB,-0.032961529008239,-0.6579922889516221
2026-05-04,ANNA,-0.044346504621377,-0.8486276865978911
2026-05-04,APLD,0.0964844601045299,1.5095123633860352
2026-05-04,APLS,0.0388037422265963,0.5436792370951863
2026-05-04,APPF,-0.0101733282943749,-0.2764159156375371
2026-05-04,ARAI,-0.0415527968710271,-0.80184852729246
2026-05-04,ARCB,-0.0007344999489008,-0.1183677251014161
2026-05-04,ARHS,0.007167431521256,0.0139459397823793
2026-05-04,ARTV,-0.0682281055786133,-1.2485124689296672
2026-05-04,ARWR,-0.0461794686466923,-0.8793197001524967
2026-05-04,ASBP,0.0281318586909125,0.3649841892891927
2026-05-04,ASO,-0.002337014478568,-0.1452009836851674
2026-05-04,ASPI,-0.0141349663240333,-0.3427514500099602
2026-05-04,ASRT,0.0128158177105066,0.1085251803391105
2026-05-04,ASST,0.0006363972097285,-0.0954127769444897
2026-05-04,ASTI,-0.0303283765982226,-0.6139015439378647
2026-05-04,ASYS,0.048212303667262,0.7012206243117642
2026-05-04,ATEX,0.0403671348743632,0.5698574204494272
2026-05-04,ATII,0.0004365771826005,-0.0987586576581272
2026-05-04,ATOM,-0.0203502600747283,-0.4468232579710434
2026-05-04,AUUD,-0.0566499183832769,-1.0546418454863602
2026-05-04,AVAH,-0.0350815784389227,-0.693491395843142
2026-05-04,AVAV,-0.0755498364705454,-1.371110981870858
2026-05-04,AVNW,-0.3425227309829169,-5.841430957559733
2026-05-04,AVR,-0.028021540902708,-0.5752747997916965
2026-05-04,AVTX,0.1768940540054206,2.8559285024054395
2026-05-04,AXGN,0.0094622973965753,0.0523722556175677
2026-05-04,AXIN,-0.0010655642243642,-0.1239112213673726
2026-05-04,AXTI,-0.0130537297014964,-0.3246467143925067
2026-05-04,BAND,0.0034295673332389,-0.0486426199162548
2026-05-04,BCAR,0.0231155860138289,0.2809893553086604
2026-05-04,BDTX,0.0536620700909395,0.7924740819000397
2026-05-04,BEAM,-0.0541891007588729,-1.0134367553479284
2026-05-04,BELFA,0.0005798010924148,-0.0963604490077369
2026-05-04,BELFB,0.0120256181089587,0.0952937057730012
2026-05-04,BGDE,0.073121859533502,1.1183179681367963
2026-05-04,BHAV,,
2026-05-04,BIOA,-0.0036282623586124,-0.1668222467810759
2026-05-04,BJRI,0.0230984007889089,0.2807015978028387
2026-05-04,BKNG,0.0226192390657403,0.2726782880710469
2026-05-04,BKR,-0.0219469089895773,-0.4735582999356914
2026-05-04,BL,-0.0385349505161531,-0.751316285551612
2026-05-04,BLMN,-0.0080900472514577,-0.2415324759604986
2026-05-04,BLNK,-0.0076740938794211,-0.2345675566514935
2026-05-04,BNZI,-0.1362893128040714,-2.388161401399724
2026-05-04,BRCB,0.0503479173819247,0.7369803469100038
2026-05-04,BTBT,0.0687375791519099,1.0449055110233127
2026-05-04,BWEN,0.0411903795811903,0.5836422178331894
2026-05-04,BYND,-0.0031233067963452,-0.1583670328502335
2026-05-04,BZAI,-0.0046020848682024,-0.1831283898648043
2026-05-04,CABA,0.1288706064497328,2.051801262066104
2026-05-04,CAEP,0.0173034447546813,0.1836681226803449
2026-05-04,CAR,-0.0683561292871024,-1.2506561582448903
2026-05-04,CBRL,0.0032765584577731,-0.051204672643374
2026-05-04,CCRN,0.0401794896926003,0.566715401084845
2026-05-04,CDNA,-0.0174709593923543,-0.3986108902700432
2026-05-04,CDNL,0.1208142802318861,1.9169023387574773
2026-05-04,CDW,0.0102923550263727,0.0662711317946178
2026-05-04,CELC,-0.0381025969440877,-0.7440767535635638
2026-05-04,CELH,6.327338753375441e-05,-0.1050094323487023
2026-05-04,CENX,0.0433835463457647,0.6203656358251224
2026-05-04,CEPS,,
2026-05-04,CEVA,0.0093327231866351,0.0502026039752625
2026-05-04,CGCT,0.0049411315029617,-0.023332277026242
2026-05-04,CGEM,-0.0114525124492792,-0.2978351780338114
2026-05-04,CGNT,-0.0269196202906466,-0.5568237217048426
2026-05-04,CGON,-0.0081950622297753,-0.2432908962532293
2026-05-04,CHMG,0.0229954228354641,0.2789772864146716
2026-05-04,CHRN,,
2026-05-04,CHRW,0.0013617282301489,-0.083267492474713
2026-05-04,CHTR,-0.0483798299239787,-0.9161635864562048
2026-05-04,CLBT,-0.0057441766828869,-0.202252113501917
2026-05-04,CLFD,0.0096865409065524,0.0561270946393352
2026-05-04,CLMT,0.036139325673708,0.49906499053773
2026-05-04,CLNN,-0.1837971167827149,-3.1836544626513037
2026-05-04,CLPT,-0.0201800572632528,-0.4439733018755115
2026-05-04,CMPX,-0.0086802917439563,-0.251415807937613
2026-05-04,COAG,-0.0727582146182868,-1.3243667498261975
2026-05-04,COCO,-0.0099984272482157,-0.2734872900860844
2026-05-04,COLA,-0.000995819861643,-0.1227433888859753
2026-05-04,COLB,0.0214085185814646,0.2524054136441533
2026-05-04,COLL,0.0186825300210778,0.2067601763729519
2026-05-04,COLM,0.0112358046989672,0.0820686977803318
2026-05-04,COYA,-0.0016094952401113,-0.1330190586612385
2026-05-04,CPSH,-0.2716631055871317,-4.654923992292027
2026-05-04,CRAC,0.0085891377098484,0.0377516582843787
2026-05-04,CRDO,0.046462302039921,0.6719177722507723
2026-05-04,CRMD,-0.0325114987858854,-0.6504567707997674
2026-05-04,CRML,0.001664001772382,-0.0782060818156468
2026-05-04,CRWD,0.0106191362248688,0.0717429102011297
2026-05-04,CSCO,0.0138784097021903,0.1263177214699499
2026-05-04,CSGS,0.0067245726456074,0.0065305020397624
2026-05-04,CTSH,0.0022522723786873,-0.068355801519288
2026-05-04,CUE,0.1841363621839261,2.9771971239994115
2026-05-04,CVGI,-0.0218515042744405,-0.4719607984191799
2026-05-04,CVRX,-0.0447307144572098,-0.8550610771752991
2026-05-04,CVV,-0.0454557899589798,-0.8672020831203623
2026-05-04,CXDO,0.0146625870688273,0.1394483568963045
2026-05-04,DARE,0.1099060445744171,1.734249699626558
2026-05-04,DASH,-0.0373609725249498,-0.7316586447462382
2026-05-04,DAVE,-0.0772851965766055,-1.400168669398663
2026-05-04,DCBO,-0.0492665016052574,-0.931010434994658
2026-05-04,DDOG,-0.0151678194047642,-0.3600460287992283
2026-05-04,DFDV,-0.0041493800330334,-0.1755480867353673
2026-05-04,DGXX,0.2651026393617105,4.33293463018373
2026-05-04,DIBS,0.0012837827489295,-0.0845726483496066
2026-05-04,DJCO,0.0039918896745304,-0.0392268295992536
2026-05-04,DOMH,0.0820322088484203,1.2675170567019427
2026-05-04,DOMO,-0.020541746845255,-0.4500296027085097
2026-05-04,DOO,-0.0056890018763767,-0.2013282405366576
2026-05-04,DOX,0.0044957641550729,-0.0307897178103459
2026-05-04,DPRO,-0.0071027686096008,-0.2250010170559344
2026-05-04,DRTS,-0.0156716352622785,-0.3684821589765205
2026-05-04,DSGN,0.0188639709997081,0.2097983096361107
2026-05-04,EIKN,-0.002458924217421,-0.1472422978111614
2026-05-04,ENGN,0.042064155102564,0.5982731269919601
2026-05-04,ENPH,0.1195410986619598,1.89558358647322
2026-05-04,ERII,0.0276448945038041,0.3568302314237265
2026-05-04,ERNA,0.0589871764394586,0.8816401724349331
2026-05-04,ESOA,0.0209938664962701,0.2454622836953559
2026-05-04,ESPR,-0.0298646951612904,-0.6061374434150004
2026-05-04,EYE,0.0100234864498049,0.0617690696251186
2026-05-04,EZGO,0.4863827197113602,8.03815258954192
2026-05-04,FA,-0.0062687139806092,-0.2110352132405052
2026-05-04,FABC,0.1442960648010228,2.310092407044991
2026-05-04,FACT,0.0085326424432837,0.0368056749136039
2026-05-04,FCEL,-2.0789778221820543e-05,-0.1064170256168622
2026-05-04,FDMT,0.0152238073661122,0.1488456940690419
2026-05-04,FEIM,0.0408484449795577,0.5779167037024409
2026-05-04,FENC,0.0132005576456973,0.1149674471500147
2026-05-04,FFAI,-0.1103763135936606,-1.9542619292758177
2026-05-04,FGMC,0.0010605836786529,-0.0883099987807611
2026-05-04,FLNC,0.0303187291382894,0.401602178778383
2026-05-04,FLWS,0.0012764573003281,-0.084695309113627
2026-05-04,FLXS,0.0231690126386099,0.2818839558950912
2026-05-04,FLYW,0.0143849966506357,0.1348002520998673
2026-05-04,FMAO,0.0295257297875646,0.3883238238924757
2026-05-04,FNKO,-0.0029080747799457,-0.1547630865242379
2026-05-04,FOSL,-0.0133886317300104,-0.3302544718043562
2026-05-04,FOXF,0.0031452497670905,-0.0534033672487273
2026-05-04,FRMI,-0.0267309251583181,-0.5536641214731259
2026-05-04,FROG,0.0318780799576296,0.4277126838524482
2026-05-04,FSEA,0.4291094227485847,7.079141511080575
2026-05-04,FTRE,0.1692400046659868,2.727765492750565
2026-05-04,FWRD,0.0304780592300275,0.4042700769300887
2026-05-04,FWRG,-0.0212504656501419,-0.4618967244117036
2026-05-04,GALT,-0.0271713124897576,-0.5610381745146151
2026-05-04,GDRX,0.0194362807470532,0.2193813337873491
2026-05-04,GELS,-0.0666068968027647,-1.221366185076861
2026-05-04,GFS,0.0898476459015732,1.3983824183007747
2026-05-04,GH,-0.0236046260542382,-0.5013158957834982
2026-05-04,GLSI,0.0018054182509025,-0.0758381376467211
2026-05-04,GLUE,-0.0235098026713835,-0.4997281283687124
2026-05-04,GMM,0.1056424827711076,1.6628586112850592
2026-05-04,GPRE,-0.0089226240770279,-0.2554735347389198
2026-05-04,GPRO,-0.0169415176532102,-0.3897456682527199
2026-05-04,GRAL,-0.0209566876687898,-0.4569775674281653
2026-05-04,GRPN,-0.0305414493443586,-0.617469334424859
2026-05-04,GSHD,-0.0226864022414763,-0.4859407234843038
2026-05-04,GSIT,-0.0038051691564447,-0.1697844575838969
2026-05-04,GTX,0.0245676123502862,0.3053027686570355
2026-05-04,GV,-0.16637211949259,-2.891882095255556
2026-05-04,HCKT,0.0093425243148747,0.0503667186859857
2026-05-04,HCSG,0.0200068602780115,0.2289353863799211
2026-05-04,HELE,-0.0179973428753097,-0.4074249034043201
2026-05-04,HLMN,0.023579905582845,0.2887641410159027
2026-05-04,HOOD,0.0104029392240796,0.0681228057216948
2026-05-04,HOVR,-0.0701154583739507,-1.280115193684101
2026-05-04,HPK,-0.014112226092291,-0.3423706768517159
2026-05-04,HROW,-0.0066110706638878,-0.2167677949052712
2026-05-04,HTCO,0.0877529474551557,1.363307800238263
2026-05-04,HUHU,0.0500340493853552,0.7317247932428173
2026-05-04,HUT,0.0040438362253847,-0.0383570120682396
2026-05-04,HYMC,-0.047465521736263,-0.9008539792282992
2026-05-04,IEAG,0.0059406320211875,-0.006596169263328
2026-05-04,IKT,-0.012116308166303,-0.3089500863806253
2026-05-04,IMDX,-0.1250231734088288,-2.1995158533959183
2026-05-04,IMSR,-0.0282306291047258,-0.5787758711939772
2026-05-04,IMUX,0.0616723435643326,0.9266018763499004
2026-05-04,IMVT,-0.0022955064308962,-0.1445059533713286
2026-05-04,IMXI,0.0054776184984355,-0.0143490859163573
2026-05-04,INDI,0.0350159638677295,0.4802548909942388
2026-05-04,INDV,0.0054767129646541,-0.0143642486007891
2026-05-04,INOD,-0.0122708505853684,-0.3115378174845681
2026-05-04,INSM,-0.0010197476235588,-0.123144046609154
2026-05-04,INTC,0.0902440296796856,1.4050196551055496
2026-05-04,IPCX,0.0023385585986045,-0.0669109843844722
2026-05-04,IPSC,-0.0064392044948468,-0.2138899867666874
2026-05-04,IPST,-0.0459951250142935,-0.8762329634865577
2026-05-04,IPWR,0.1157851139040724,1.832691607412069
2026-05-04,IREN,0.0759951325098332,1.166429405086831
2026-05-04,IRHO,0.0047326871931112,-0.0268225667945912
2026-05-04,IRWD,0.0110203987385522,0.078461838853758
2026-05-04,ISSC,0.0194736553336778,0.2200071514812255
2026-05-04,JACK,0.0598531548529901,0.8961405231450521
2026-05-04,JBHT,0.0045400786901809,-0.0300476943481191
2026-05-04,JBIO,0.008630978140939,0.0384522541828388
2026-05-04,JBLU,0.0163849874306943,0.1682890403591379
2026-05-04,KALU,0.0222052600920217,0.2657464290180525
2026-05-04,KALV,0.0044504844356167,-0.0315479027742095
2026-05-04,KEEL,0.072429977640536,1.106732771622399
2026-05-04,KMTS,-0.0298264247772066,-0.605496626066259
2026-05-04,KOPN,0.0450080052602342,0.6475663415308548
2026-05-04,KROS,-0.0065801574415893,-0.216250169341049
2026-05-04,KXIN,-0.1010864109464303,-1.7987074208229228
2026-05-04,LASR,-0.0624648683862265,-1.1520101090447166
2026-05-04,LBRDA,-0.0571096241397443,-1.0623393753417008
2026-05-04,LBRDK,-0.0556939819939257,-1.038635196030019
2026-05-04,LBRX,0.0194894674248122,0.2202719165877536
2026-05-04,LBTYB,-0.0134455837754507,-0.3312081036959131
2026-05-04,LE,-0.0101846523200631,-0.2766055304609141
2026-05-04,LFUS,-0.0098424441469578,-0.2708754355204859
2026-05-04,LGIH,0.0025979850184026,-0.0625670261382126
2026-05-04,LGN,0.0803871932534505,1.2399721402491142
2026-05-04,LGND,-0.0022550637670193,-0.1438287623458915
2026-05-04,LIEN,0.0401589195565182,0.5663709650311459
2026-05-04,LIFE,0.06819678042761,1.0358501222937544
2026-05-04,LINC,0.0970941789225586,1.5197217826484872
2026-05-04,LIND,0.134629420230765,2.1482295542664853
2026-05-04,LINK,-0.0284991763616497,-0.5832725530359139
2026-05-04,LITE,0.0107776027088463,0.0743963476974555
2026-05-04,LLYVA,-0.0145557852463692,-0.3497978403864153
2026-05-04,LMB,0.1059439868669403,1.66790713797094
2026-05-04,LMRI,-0.0447596406558026,-0.8555454310780679
2026-05-04,LOVE,-0.0039928736189594,-0.1729274695733281
2026-05-04,LQDA,0.0380879880594973,0.5316943119711983
2026-05-04,LRMR,-0.0232451266013459,-0.4952962675045718
2026-05-04,LWAY,-0.0095021793910576,-0.2651778820737152
2026-05-04,LWLG,0.024940038379555,0.3115388456233791
2026-05-04,LXRX,0.0269931493445352,0.3459171032956449
2026-05-04,MASI,0.025517311634271,0.3212049810814429
2026-05-04,MBBC,-0.0104334656457268,-0.2807717780568109
2026-05-04,MBX,0.0019287894997823,-0.0737723513079978
2026-05-04,MCW,0.0308360471217421,0.4102643949162254
2026-05-04,MDAI,-0.0145810058972191,-0.3502201468512717
2026-05-04,MDB,-0.0058909732719434,-0.2047101447774168
2026-05-04,MELI,0.0058637711875356,-0.0078831632881318
2026-05-04,MGNX,-0.0007337774541715,-0.1183556273091412
2026-05-04,MKSI,-0.0247275736910478,-0.5201190602832196
2026-05-04,MLTX,-0.0041538630889165,-0.1756231531360327
2026-05-04,MMED,-0.0152033176850554,-0.3606404287355142
2026-05-04,MNPR,0.053958301649023,0.7974343227287913
2026-05-04,MNTS,0.0701769064141326,1.06900628508736
2026-05-04,MOVE,0.0516718154865845,0.7591483207556157
2026-05-04,MPLT,-0.0440271101237148,-0.8432795945916508
2026-05-04,MRAM,-0.0453050476471356,-0.8646779828028017
2026-05-04,MRLN,-0.0609107068006944,-1.12598649494733
2026-05-04,MRVI,0.0024899874111659,-0.0643753889753425
2026-05-04,MSFT,-0.000116459943823,-0.1080189719610632
2026-05-04,MSTR,0.0207646163735265,0.2416236115897041
2026-05-04,MTCH,-0.0207893421991781,-0.4541754560115258
2026-05-04,MTSI,0.03166985756713,0.4242261100063051
2026-05-04,MU,0.0868087355828296,1.3474974716210024
2026-05-04,MWH,0.0493753487560497,0.7206951994461823
2026-05-04,MXL,-0.0107881242288226,-0.286710348530261
2026-05-04,MYRG,0.005163733252568,-0.0196049284139194
2026-05-04,NAMS,0.0042066745438202,-0.0356303705152115
2026-05-04,NAUT,-0.007202943287243,-0.2266783890728207
2026-05-04,NB,-0.0452403964911493,-0.8635954333755098
2026-05-04,NEGG,0.0044398484784821,-0.0317259962534233
2026-05-04,NEO,-0.0261944419353046,-0.5446809935310941
2026-05-04,NERV,-0.0240119677170814,-0.5081366165748903
2026-05-04,NESR,0.0038683456366293,-0.0412955091987878
2026-05-04,NEXT,-0.0533741656028097,-0.9997910969986252
2026-05-04,NKLR,-0.020401381897429,-0.4476792658651408
2026-05-04,NKSH,0.0378575580289847,0.5278358829337454
2026-05-04,NKTR,-0.036467628198634,-0.7167000662943243
2026-05-04,NNBR,-0.0116596169023106,-0.3013030326080797
2026-05-04,NNE,-0.0366478233128584,-0.7197173382166674
2026-05-04,NRXP,-0.0120315579920311,-0.3075309895180648
2026-05-04,NSIT,0.0151938148467048,0.1483434851879755
2026-05-04,NSTS,0.0026172414701871,-0.0622445870335603
2026-05-04,NUAI,0.0471746095375286,0.6838449847163088
2026-05-04,NUCL,-0.1045490028216996,-1.856686691175243
2026-05-04,NVAX,0.0111126940278858,0.0800072746790815
2026-05-04,NVMI,0.0388983923668724,0.5452641036545834
2026-05-04,NVTS,0.0515033557621007,0.7563275517302267
2026-05-04,NXT,0.0419925109875238,0.5970734841623407
2026-05-04,ODD,-0.02570045583865,-0.5364094575026108
2026-05-04,ODFL,0.0118276496108984,0.0919788279347376
2026-05-04,OLPX,0.0283631240898269,0.3688566061288911
2026-05-04,OMEX,0.0286474470233442,0.3736174433351202
2026-05-04,ON,-0.0122862246172663,-0.3117952475207726
2026-05-04,ONDS,-0.0662046532256069,-1.2146308290350227
2026-05-04,ONEW,0.0661950346057883,1.0023319467880123
2026-05-04,OPEN,-0.013454433189146,-0.3313562824497426
2026-05-04,OPRT,-0.0396138426103422,-0.7693817632813854
2026-05-04,OPRX,-0.0213544976766643,-0.463638685696289
2026-05-04,OPTX,-0.0941826001988932,-1.683106759754086
2026-05-04,ORBS,-0.0230213168951767,-0.4915486922982248
2026-05-04,ORMP,0.0093909522978001,0.0511776196572217
2026-05-04,OTLK,-0.0918250813602388,-1.6436313531711495
2026-05-04,PAHC,0.0355060430982027,0.4884610086139925
2026-05-04,PALI,-0.0732065397972523,-1.331873717927938
2026-05-04,PANW,-0.0049620758361908,-0.1891562483041616
2026-05-04,PCT,0.0233997123426042,0.2857469004724237
2026-05-04,PENG,0.1055706226431548,1.6616553514334187
2026-05-04,PEPG,0.0785696585839172,1.2095384830999036
2026-05-04,PFIS,0.0215284735250962,0.2544139957576242
2026-05-04,PHOE,,
2026-05-04,PHVS,-0.0089642964543116,-0.2561713166652304
2026-05-04,PICS,0.0179408644684072,0.19434137879637
2026-05-04,PLAB,0.0254147174381292,0.3194870955064284
2026-05-04,PLSE,-0.0484075151930028,-0.9166271616493982
2026-05-04,PMTR,-0.0004533476269742,-0.1136599781100388
2026-05-04,PNRG,0.0235781426725435,0.2887346220149176
2026-05-04,PNTG,0.007350239580057,0.0170069640802495
2026-05-04,POET,0.2787516759989348,4.561480532717164
2026-05-04,POLE,0.0044749547267993,-0.0311381606852827
2026-05-04,POWI,0.0449607388844443,0.6467748910569867
2026-05-04,POWL,0.0727969750118337,1.112877948581032
2026-05-04,PPTA,0.0086758162084494,0.0392030439183635
2026-05-04,PRAA,-0.0008971288227965,-0.1210908596163539
2026-05-04,PRE,0.0059984931396617,-0.0056273154244265
2026-05-04,PRTA,0.0521734181443111,0.7675473920725342
2026-05-04,PRTH,-0.0153986761740091,-0.3639116033511452
2026-05-04,PSIG,-0.0096417987412444,-0.2675157342787957
2026-05-04,PTEN,0.0019269230172073,-0.0738036045719469
2026-05-04,PTON,-0.0069426245470934,-0.2223194893940258
2026-05-04,PURR,0.0383700809659264,0.5364178085528017
2026-05-04,PYXS,0.0271571432910175,0.3486630952293611
2026-05-04,QCOM,0.0924379943767907,1.4417564340558584
2026-05-04,QDEL,-0.0824504336514584,-1.4866578334655187
2026-05-04,QMCO,0.081581011481533,1.2599619953319157
2026-05-04,QNTM,0.0264648791374618,0.3370714979634818
2026-05-04,QSEA,-0.0003712399888865,-0.1122851291188322
2026-05-04,QTI,0.0279703636585549,0.3622800403513724
2026-05-04,QTRX,-0.0224782454192119,-0.4824552475435937
2026-05-04,QURE,0.0217651339884373,0.258376750098891
2026-05-04,RBCAA,0.0109161081951931,0.0767155488414129
2026-05-04,RDVT,-0.0025934555463007,-0.1494949537893844
2026-05-04,RDZN,-0.1519732857306259,-2.650781236270229
2026-05-04,RFIL,0.0103783253890682,0.0677106600672424
2026-05-04,RGNX,-0.0180714502927532,-0.4086657929303882
2026-05-04,RGTI,0.0207991277255289,0.2422014859335621
2026-05-04,RILY,-0.0023617810767525,-0.1456156872781905
2026-05-04,RIOT,0.0735969986957812,1.1262739222131382
2026-05-04,RKLB,-0.0298893653576754,-0.6065505328108558
2026-05-04,RLAY,-0.0137774018338907,-0.3367642216593033
2026-05-04,RMBS,0.03925818173366,0.5512885863884153
2026-05-04,ROOT,0.0350515570159603,0.4808508794440201
2026-05-04,RVMD,0.002712206449694,-0.0606544486576922
2026-05-04,RXT,0.2294150913588625,3.7353655061276014
2026-05-04,RZLT,0.0032770865722772,-0.0511958296452055
2026-05-04,SABR,-0.0593832628823066,-1.100410254061208
2026-05-04,SAIA,0.0247926999148067,0.3090717409258985
2026-05-04,SAIL,0.0022193657806006,-0.0689068051072271
2026-05-04,SANM,-0.0058063875586291,-0.2032938017266473
2026-05-04,SATL,0.0097305086409044,0.0568633111062479
2026-05-04,SCVL,0.0127078107570004,0.1067166610036404
2026-05-04,SCZM,-0.019451734582948,-0.4317779236425988
2026-05-04,SEAT,0.0821343393700103,1.269227178291722
2026-05-04,SEIC,-0.0125115519926256,-0.3155682352953473
2026-05-04,SEPN,-0.0281858935694766,-0.5780267983069592
2026-05-04,SERV,-0.0143308824058909,-0.3460319612239779
2026-05-04,SEZL,-0.0175210575253929,-0.3994497570219508
2026-05-04,SFIX,0.0049430503681347,-0.0233001466433838
2026-05-04,SGHT,0.0038940789070759,-0.0408646191897944
2026-05-04,SGML,-0.0058337533426588,-0.2037520273125136
2026-05-04,SHMD,-0.020104292532274,-0.4427046615104821
2026-05-04,SHOO,0.0230386199432455,0.2797005991470741
2026-05-04,SIBN,0.0097245251310801,0.0567631203975953
2026-05-04,SITM,0.0344889595308487,0.4714304819892134
2026-05-04,SKIN,0.0038047416481157,-0.0423605243603652
2026-05-04,SLNO,0.0174441208241198,0.1860236690906309
2026-05-04,SMTC,0.0340775868897731,0.4645422645984134
2026-05-04,SMX,-0.1776490133548771,-3.080707721124361
2026-05-04,SNDK,0.0884709164949569,1.3753298122346944
2026-05-04,SNEX,0.0035627338475312,-0.0464128170367492
2026-05-04,SOBR,0.5865846873853762,9.715981563583057
2026-05-04,SOLS,0.0384654751844644,0.5380151343093164
2026-05-04,SPPL,0.0153290078477235,0.150607220516355
2026-05-04,SPT,-0.015481764509334,-0.3653028735991151
2026-05-04,SRRK,0.0314787927971989,0.4210268314457108
2026-05-04,STEX,-0.125071507226634,-2.200325177622
2026-05-04,STFS,0.013341879315537,0.1173338037977031
2026-05-04,STKE,0.0402580609967817,0.5680310360343771
2026-05-04,STOK,-0.042929823540754,-0.824906110872172
2026-05-04,STRO,-0.0386802167410104,-0.753748691687669
2026-05-04,STRZ,-0.0086177796551943,-0.250369076060112
2026-05-04,STTK,-0.0587062830125766,-1.0890745840475122
2026-05-04,STX,0.0060316661097812,-0.0050718515776219
2026-05-04,SUNS,0.0174770754442144,0.1865754767817044
2026-05-04,SWIM,0.001237494256687,-0.0853477246804599
2026-05-04,SWMR,-0.0873306037886746,-1.568373702370505
2026-05-04,SYNA,0.0215988180246798,0.2555918772135027
2026-05-04,TACT,0.013731447677121,0.1238569200558781
2026-05-04,TBLA,-0.0030850455718865,-0.1577263688745731
2026-05-04,TCMD,0.0731162135849658,1.11822342971345
2026-05-04,TENB,0.0005663056266245,-0.0965864234476281
2026-05-04,TH,0.0478020855588976,0.6943517389608356
2026-05-04,TIGO,-0.0016494330687467,-0.1336877964874529
2026-05-04,TILE,0.0030703340908749,-0.0546577906406244
2026-05-04,TLS,0.0107764119620579,0.0743764092720059
2026-05-04,TMCI,0.02136190862402,0.2516249545484427
2026-05-04,TNDM,-0.0145179310791516,-0.3491639923690536
2026-05-04,TNGX,0.063717728392128,0.9608507639396516
2026-05-04,TORO,0.0190414076772906,0.2127693929952115
2026-05-04,TOYO,-0.0678063467948798,-1.2414503410709952
2026-05-04,TPG,0.0078603084985094,0.0255477984570901
2026-05-04,TRDA,-0.0045972767727535,-0.1830478808484508
2026-05-04,TRUP,-0.0355646228206906,-0.7015797186405007
2026-05-04,TSEM,0.0343273717922331,0.4687247807341133
2026-05-04,TSHA,0.0350512532402316,0.4808457928800416
2026-05-04,TSLA,-0.0092612773770659,-0.2611441052092217
2026-05-04,TTMI,-0.0233743691108094,-0.4974603649977579
2026-05-04,TVGN,-0.0246245035909011,-0.5183932059472444
2026-05-04,TZOO,-0.014867291918836,-0.3550138549298847
2026-05-04,UAL,0.041530335005572,0.5893345916872209
2026-05-04,UFPT,0.0990319762368086,1.5521691742031636
2026-05-04,ULCC,0.0696214867762827,1.0597060768901754
2026-05-04,UNB,0.0459761533045688,0.6637774686938515
2026-05-04,URBN,0.0241852935619826,0.2989010426707459
2026-05-04,URGN,0.0148854932318201,0.1431808027498465
2026-05-04,USAR,0.0434720829552817,0.6218481345440513
2026-05-04,VC,0.0082145847368103,0.0314799667690879
2026-05-04,VECO,-0.0400234328515708,-0.7762401353290641
2026-05-04,VHCP,,
2026-05-04,VIAV,0.0068110991876207,0.0079793432410226
2026-05-04,VICR,0.0078317532063098,0.0250696551857873
2026-05-04,VNCE,0.0349308278683489,0.4788293336942121
2026-05-04,VRAX,-0.0485852870655323,-0.919603857670676
2026-05-04,VREX,-0.0176957404496661,-0.4023747302377402
2026-05-04,VSAT,0.000754024396593,-0.0934431718874485
2026-05-04,VSEC,0.0470479249499719,0.6817237182731326
2026-05-04,VTGN,-0.0419167480927528,-0.8079426980869474
2026-05-04,VTSI,-0.0059309303127472,-0.2053792043012358
2026-05-04,VTVT,-0.0150678274372422,-0.3583717161667106
2026-05-04,WATT,-0.0539866846444229,-1.0100474045245806
2026-05-04,WAY,-0.0055260655516467,-0.198599957920041
2026-05-04,WDC,0.0313175976843632,0.4183277045017221
2026-05-04,WEN,0.0194888735061413,0.2202619717336009
2026-05-04,WERN,-0.0077777027456124,-0.2363024323400517
2026-05-04,WEST,-0.0014864028727391,-0.130957942045921
2026-05-04,WGS,-0.4909288048390772,-8.326412205129825
2026-05-04,WINA,-0.0017617260475232,-0.1355680830501433
2026-05-04,WIX,-0.0364123935664027,-0.7157751915789929
2026-05-04,WLDN,0.0379255422910112,0.5289742434595394
2026-05-04,WLFC,0.1687679058689652,2.719860447983084
2026-05-04,WSC,0.0374757323652848,0.5214424140582415
2026-05-04,WVE,-0.0290337403503255,-0.5922235444136194
2026-05-04,WYFI,0.0798208738576058,1.2304894213667774
2026-05-04,XEL,0.005727187049893,-0.0101701924638133
2026-05-04,XENE,0.0239053883148994,0.2942141772883197
2026-05-04,XLO,-0.0727572318240743,-1.3243502934566915
2026-05-04,XMTR,0.0245847886758573,0.3055903771479633
2026-05-04,XNDU,0.0121795649767921,0.0978714646864196
2026-05-04,XOS,0.0049396550555386,-0.023356999357775
2026-05-04,ZD,0.0243268877783603,0.3012719629661244
2026-05-04,ZSQR,-0.0019573412459775,-0.1388435561306437
2026-05-04,ZVRA,0.0638665062763111,0.9633419709545796
2026-05-05,AAL,0.0344076143715871,0.3690465709733515
2026-05-05,AAON,0.0403929209662949,0.4577712098150733
2026-05-05,ABSI,0.0599535734154102,0.7477332688331882
2026-05-05,ACHV,0.0333122466156853,0.352809122314132
2026-05-05,ACIC,-0.1149167789493263,-1.844499662292574
2026-05-05,ADAM,0.0345121624963548,0.3705963653681438
2026-05-05,ADEA,0.0617707098725915,0.774670030273629
2026-05-05,ADTN,0.0288158476936414,0.2861556661988867
2026-05-05,ADTX,0.0020716684006524,-0.1102931391115665
2026-05-05,ADUR,0.0135897892355573,0.0604485087959679
2026-05-05,ADV,0.1500652655083459,2.0835257148594915
2026-05-05,AEI,-0.0044000526046593,-0.2062282595260124
2026-05-05,AEIS,0.0470148949036602,0.5559336408810975
2026-05-05,AEYE,0.0244151712003745,0.2209211746409125
2026-05-05,AFBI,0.0247467091918597,0.225835808184136
2026-05-05,AGEN,-0.0645926701334388,-1.098508072877751
2026-05-05,AGH,-0.0621296632340347,-1.0619970948423871
2026-05-05,AGPU,0.1085497675531547,1.468110697412357
2026-05-05,AIOT,-0.0097671788620235,-0.285789152734659
2026-05-05,AIRO,0.031474122154851,0.3255612401291399
2026-05-05,AKAM,0.0470380499730264,0.5562768856479882
2026-05-05,AKAN,0.0788961351598834,1.0285329109102437
2026-05-05,AKBA,0.021073821852777,0.1713898750460447
2026-05-05,AKTS,0.0207576913362969,0.1667036379322525
2026-05-05,ALAB,-0.0362656921696162,-0.678596268937782
2026-05-05,ALDX,0.00308813252725,-0.0952253374708488
2026-05-05,ALGT,0.051797674376728,0.6268323283071924
2026-05-05,ALHC,-0.0177418043521076,-0.404002941002633
2026-05-05,ALKS,-0.0188616145324026,-0.4206027178471154
2026-05-05,AMD,0.1744237197678766,2.4446091485519896
2026-05-05,AMPH,0.0262105850878903,0.2475359263199825
2026-05-05,AMRX,-0.0099443855253029,-0.2884160185352706
2026-05-05,AMSC,0.0276920327634409,0.2694965239763077
2026-05-05,ANAB,-0.0422301438599625,-0.767011760064465
2026-05-05,ANNA,-0.0865226488097808,-1.4235924118463683
2026-05-05,APLD,0.0826824728022841,1.084660602038357
2026-05-05,APLS,0.0160385404331575,0.0967481639903089
2026-05-05,APPF,-0.0257638198206363,-0.5229192260693387
2026-05-05,ARAI,0.017527157551084,0.1188150396084124
2026-05-05,ARCB,0.0262014248924505,0.2474001379490341
2026-05-05,ARHS,0.0341263778066493,0.3648775927834536
2026-05-05,ARTV,0.1507647861915675,2.0938952287681065
2026-05-05,ARWR,0.032272637389508,0.3373982236960643
2026-05-05,ASBP,0.0034156337166891,-0.0903705444383722
2026-05-05,ASO,0.0445040854492207,0.5187140501181949
2026-05-05,ASPI,0.052398620590651,0.6357405997465807
2026-05-05,ASRT,0.0139986964454328,0.0665100436466731
2026-05-05,ASST,-0.0247002956023607,-0.5071538177861015
2026-05-05,ASTI,0.0481218044468257,0.5723421820132513
2026-05-05,ASYS,-0.0179005893616001,-0.406356728966169
2026-05-05,ATEX,0.0335030043384036,0.3556368655193704
2026-05-05,ATII,0.0116314625006697,0.031418779150936
2026-05-05,ATOM,-0.1197200436748815,-1.9157020178098132
2026-05-05,AUUD,-0.0167081104713365,-0.3886797299368186
2026-05-05,AVAH,0.0614112502363924,0.7693414934818563
2026-05-05,AVAV,0.0220883081242403,0.1864283574731695
2026-05-05,AVNW,0.0928790822797324,1.2358125069544048
2026-05-05,AVR,0.0316582520036566,0.3282907334436017
2026-05-05,AVTX,0.3445473416222278,4.96647777276233
2026-05-05,AXGN,-0.0147126647596774,-0.3590997581686636
2026-05-05,AXIN,,
2026-05-05,AXTI,-0.0473770573112132,-0.8433082755204302
2026-05-05,BAND,0.0188733997349001,0.1387713859814101
2026-05-05,BCAR,0.038487096431048,0.4295197592152021
2026-05-05,BDTX,-0.031155676038042,-0.6028467098174237
2026-05-05,BEAM,0.0885555587415106,1.1717217108719469
2026-05-05,BELFA,-0.0444918081033518,-0.8005380865776937
2026-05-05,BELFB,-0.0469242724388321,-0.8365963095351739
2026-05-05,BGDE,0.3183761102812925,4.578522199889796
2026-05-05,BHAV,0.000445264873573,-0.1344025248661093
2026-05-05,BIOA,0.0789485026380615,1.0293091928792424
2026-05-05,BJRI,0.0527111458427891,0.6403733933530759
2026-05-05,BKNG,-0.0039923317736224,-0.2001843112487462
2026-05-05,BKR,-0.0176344156559242,-0.402411038710947
2026-05-05,BL,-0.083967383364276,-1.38571381695574
2026-05-05,BLMN,0.404410873335866,5.853879302999522
2026-05-05,BLNK,0.1798083867694286,2.524430061221369
2026-05-05,BNZI,-0.2424007885011663,-3.734289688351168
2026-05-05,BRCB,0.0055074754634481,-0.0593616227468207
2026-05-05,BTBT,0.0758352803284089,0.98315958956533
2026-05-05,BWEN,-0.2588438087161392,-3.9780367724738994
2026-05-05,BYND,0.0773685762028859,1.005888771529168
2026-05-05,BZAI,-0.2005129866960503,-3.113355734805894
2026-05-05,CABA,-0.0926921503811243,-1.515047509440681
2026-05-05,CAEP,0.0203184774494749,0.1601928447312815
2026-05-05,CAR,0.0284500051538486,0.2807325108930663
2026-05-05,CBRL,0.0427477193675249,0.4926781330258125
2026-05-05,CCRN,-0.0383530151484742,-0.709538205581253
2026-05-05,CDNA,0.0057562053955056,-0.0556745144856594
2026-05-05,CDNL,-0.0152124046749061,-0.3665077735797132
2026-05-05,CDW,-0.2009827178026764,-3.120318907390064
2026-05-05,CELC,-0.046875024466348,-0.8358662703127561
2026-05-05,CELH,-0.0243247237370564,-0.5015864374721662
2026-05-05,CENX,-0.0014509316809449,-0.1625112527667458
2026-05-05,CEPS,,
2026-05-05,CEVA,0.0231584430811501,0.2022917616382415
2026-05-05,CGCT,0.0094640702814511,-0.0007100832282374
2026-05-05,CGEM,-0.0082288858064772,-0.2629858938495162
2026-05-05,CGNT,0.0617713572043629,0.7746796261525905
2026-05-05,CGON,-0.0146661346701294,-0.3584100081408087
2026-05-05,CHMG,-0.0071318770705791,-0.2467241197267278
2026-05-05,CHRN,,
2026-05-05,CHRW,0.0031307940069297,-0.0945929347163467
2026-05-05,CHTR,-0.0137070419390804,-0.3441926652475836
2026-05-05,CLBT,-0.0317896425610659,-0.6122444657891513
2026-05-05,CLFD,0.0009263782995939,-0.1272706237194999
2026-05-05,CLMT,-0.0358829544838847,-0.6729226643529025
2026-05-05,CLNN,0.0947415033009388,1.2634205550740916
2026-05-05,CLPT,0.0271682597858608,0.2617322486571567
2026-05-05,CMPX,-0.0555665751969645,-0.9647075731509924
2026-05-05,COAG,0.008215151567726,-0.0192237316211034
2026-05-05,COCO,0.0239303670128951,0.2137345625998343
2026-05-05,COLA,-0.0001166669422394,-0.1427324569460667
2026-05-05,COLB,0.0149606193457172,0.0807693402375568
2026-05-05,COLL,0.0325193501948469,0.3410554305918094
2026-05-05,COLM,0.0505486397154702,0.6083169611380538
2026-05-05,COYA,-0.0169893324742879,-0.3928484922635925
2026-05-05,CPSH,-0.012428240744556,-0.3252360466785589
2026-05-05,CRAC,0.0088308144220923,-0.0100973045053718
2026-05-05,CRDO,0.0049890408342707,-0.0670467637682476
2026-05-05,CRMD,0.039456602841624,0.4438914718036832
2026-05-05,CRML,0.007722617921804,-0.026524923157468
2026-05-05,CRWD,-0.0243953623781721,-0.5026335664407653
2026-05-05,CSCO,-0.0284777452432826,-0.563149755476231
2026-05-05,CSGS,0.0093746730576261,-0.0020352845812195
2026-05-05,CTSH,-0.0130483195954936,-0.3344279353867288
2026-05-05,CUE,0.0159229863798358,0.0950352205536712
2026-05-05,CVGI,0.2335444137631104,3.320999044340629
2026-05-05,CVRX,-0.0624445780674332,-1.0666653109842117
2026-05-05,CVV,0.112881934157788,1.532329616078631
2026-05-05,CXDO,0.1850055867175911,2.6014720107175986
2026-05-05,DARE,-0.0258004458736905,-0.5234621612186099
2026-05-05,DASH,0.0047140650856233,-0.0711229332347447
2026-05-05,DAVE,-0.0805365434240432,-1.3348559319327644
2026-05-05,DCBO,-0.0130971016804522,-0.3351510684128171
2026-05-05,DDOG,-0.013873700105855,-0.3466631628608839
2026-05-05,DFDV,0.0323460948259971,0.3384871377591289
2026-05-05,DGXX,0.2343886304200629,3.333513493986116
2026-05-05,DIBS,-0.0383910497479254,-0.7101020206584587
2026-05-05,DJCO,-0.0315108461179151,-0.6081116593342938
2026-05-05,DOMH,0.0114146811251051,0.0282052680383088
2026-05-05,DOMO,-0.0196774982354653,-0.4326971671030801
2026-05-05,DOO,0.0393603942027956,0.4424652997942084
2026-05-05,DOX,-0.0216161581982463,-0.4614353615987033
2026-05-05,DPRO,0.038036827539654,0.4228450894821728
2026-05-05,DRTS,0.0072522699596878,-0.0334972398480777
2026-05-05,DSGN,0.0673601300231797,0.8575261507326986
2026-05-05,EIKN,-0.0394546243600237,-0.7258681759667082
2026-05-05,ENGN,0.0987196390963445,1.3223914124772491
2026-05-05,ENPH,0.0006061933282761,-0.1320169630244637
2026-05-05,ERII,0.0305219477212724,0.3114464522904884
2026-05-05,ERNA,0.493565281323124,7.175481216727902
2026-05-05,ESOA,0.0262856669906906,0.2486489210520146
2026-05-05,ESPR,0.0356468592368364,0.387416816735352
2026-05-05,EYE,0.0017770364581528,-0.1146606869181611
2026-05-05,EZGO,-0.8442736426099524,-12.656297402484803
2026-05-05,FA,0.0059300454621949,-0.0530975542432445
2026-05-05,FABC,0.1166338467049596,1.5879469984877237
2026-05-05,FACT,-0.0151269571424758,-0.3652411214316854
2026-05-05,FCEL,-0.0664635060310342,-1.126240860951306
2026-05-05,FDMT,0.0561954072075922,0.692023183774114
2026-05-05,FEIM,0.0085310857684425,-0.0145404046414789
2026-05-05,FENC,0.0766523339322904,0.995271381128825
2026-05-05,FFAI,0.1327606759797424,1.8270069497911947
2026-05-05,FGMC,0.0268875993089613,0.2575718102475229
2026-05-05,FLNC,0.0687258902478491,0.8777718275014251
2026-05-05,FLWS,0.0862552441660014,1.1376224418194871
2026-05-05,FLXS,-0.0172760488703584,-0.3970987020546581
2026-05-05,FLYW,0.2070259236521078,2.9278957971641457
2026-05-05,FMAO,-0.001132423687918,-0.1577897725547706
2026-05-05,FNKO,0.0111774836986377,0.0246891146609506
2026-05-05,FOSL,0.0218949112799997,0.1835614926122198
2026-05-05,FOXF,0.0256080397319859,0.2386039496129501
2026-05-05,FRMI,0.1069117033943366,1.4438284574650817
2026-05-05,FROG,-0.0048590406688259,-0.2130321800238944
2026-05-05,FSEA,0.0464060963973904,0.5469089690883568
2026-05-05,FTRE,0.0781917720353223,1.018091613902106
2026-05-05,FWRD,0.0771071799881547,1.002013901565593
2026-05-05,FWRG,-0.0077936606200772,-0.2565342281132435
2026-05-05,GALT,0.0016790683130855,-0.1161129413936084
2026-05-05,GDRX,0.0112194533226105,0.0253112615251732
2026-05-05,GELS,-0.2172342173987134,-3.3612269393310994
2026-05-05,GFS,-0.0235094807689643,-0.4895014863058929
2026-05-05,GH,0.0080995066796085,-0.020938021569289
2026-05-05,GLSI,8.595770492574734e-05,-0.1397288015182798
2026-05-05,GLUE,0.0272712808815126,0.2632594067667953
2026-05-05,GMM,-0.0575190679236908,-0.9936508209660748
2026-05-05,GPRE,-0.0718876774012176,-1.20664737617655
2026-05-05,GPRO,-0.0580037344246952,-1.0008353919784143
2026-05-05,GRAL,0.1450377026524069,2.008998421797905
2026-05-05,GRPN,0.0342611906539112,0.3668760236065482
2026-05-05,GSHD,-0.0353032491751409,-0.6643292626049623
2026-05-05,GSIT,0.0894247275190831,1.184606044307899
2026-05-05,GTX,0.0471382166114964,0.5577617300217242
2026-05-05,GV,-0.0253565182531839,-0.516881492847146
2026-05-05,HCKT,-0.2582043694403501,-3.968557889828897
2026-05-05,HCSG,0.0238996299334812,0.213278924074574
2026-05-05,HELE,0.0696993039615965,0.8922014609427895
2026-05-05,HLMN,0.0181156204266333,0.1275382612644326
2026-05-05,HOOD,0.0075798789666045,-0.0286408485571656
2026-05-05,HOVR,0.2076233819141859,2.9367523641063897
2026-05-05,HPK,-0.0758905379010713,-1.2659847462115854
2026-05-05,HROW,-0.0017283095935708,-0.1666230312915363
2026-05-05,HTCO,-0.0855275745810963,-1.4088416885268982
2026-05-05,HUHU,0.0064384070223869,-0.0455617337943915
2026-05-05,HUT,0.316698056397773,4.553647162593652
2026-05-05,HYMC,0.0740246438373452,0.9563191819435528
2026-05-05,IEAG,,
2026-05-05,IKT,0.028599583440696,0.2829498207783825
2026-05-05,IMDX,0.0909360918391425,1.207010118574387
2026-05-05,IMSR,0.1608841477692935,2.2439020307732696
2026-05-05,IMUX,0.0018363528854383,-0.1137813955226394
2026-05-05,IMVT,0.0050244722600555,-0.0665215374650233
2026-05-05,IMXI,0.0146030327516603,0.0754685689386582
2026-05-05,INDI,-0.0033013822102622,-0.1899418534068734
2026-05-05,INDV,0.0223072978486761,0.1896746045790054
2026-05-05,INOD,0.0123833541286487,0.0425646264162265
2026-05-05,INSM,-0.0207715528267282,-0.4489151497489062
2026-05-05,INTC,0.0455034324659476,0.5335281121438636
2026-05-05,IPCX,0.0087493889525896,-0.0113043346315366
2026-05-05,IPSC,0.0012610771633163,-0.1223091342227448
2026-05-05,IPST,-0.0534223729437229,-0.932922472837054
2026-05-05,IPWR,-0.0241509696957641,-0.4990107524480151
2026-05-05,IREN,0.085261524198712,1.1228917937211065
2026-05-05,IRHO,0.0095240284265496,0.000178720826377
2026-05-05,IRWD,0.0263360422344678,0.2493956706528864
2026-05-05,ISSC,0.0426771153169569,0.4916315168185573
2026-05-05,JACK,0.0564865299308191,0.6963387118207081
2026-05-05,JBHT,0.0062646958230368,-0.0481367837406603
2026-05-05,JBIO,-0.0358346522179035,-0.6722066440393877
2026-05-05,JBLU,0.024352960089282,0.2199989732003859
2026-05-05,KALU,0.0171399333379587,0.1130749279004015
2026-05-05,KALV,-0.0063252442119616,-0.2347668025991515
2026-05-05,KEEL,0.1619392350829231,2.259542372561448
2026-05-05,KMTS,0.0082063948483644,-0.019353538966893
2026-05-05,KOPN,0.0288689747233433,0.2869432075634682
2026-05-05,KROS,-0.006005652325097,-0.2300292550249168
2026-05-05,KXIN,0.0805531163744941,1.0530955724059536
2026-05-05,LASR,0.0343365374031002,0.3679929443530313
2026-05-05,LBRDA,0.0079889071032732,-0.0225775211189149
2026-05-05,LBRDK,-0.0034847981172396,-0.1926607634320986
2026-05-05,LBRX,-0.0563996627224872,-0.9770570474270311
2026-05-05,LBTYB,0.0077598960927952,-0.025972321180353
2026-05-05,LE,0.0251710658217677,0.2321263612465248
2026-05-05,LFUS,0.0382078625454198,0.4253804682260581
2026-05-05,LGIH,0.0143458894778497,0.0716567434726751
2026-05-05,LGN,0.0257264119464948,0.2403586687430415
2026-05-05,LGND,-0.0299495178226958,-0.5849669320066768
2026-05-05,LIEN,0.000549469417793,-0.1328578236206031
2026-05-05,LIFE,0.1004965875269851,1.3487324369935794
2026-05-05,LINC,0.0203937871556938,0.1613092163623445
2026-05-05,LIND,0.0852518855110757,1.1227489123054424
2026-05-05,LINK,0.1857918426394791,2.613127265398848
2026-05-05,LITE,-0.0667149949712406,-1.129968868036562
2026-05-05,LLYVA,0.0488985850327929,0.5838569767624696
2026-05-05,LMB,-0.3171515360858751,-4.842375461010859
2026-05-05,LMRI,0.0424345874891024,0.4880363469479802
2026-05-05,LOVE,0.0129026253969882,0.0502621695604728
2026-05-05,LQDA,0.0369910073318371,0.4073421208766924
2026-05-05,LRMR,0.0346120413471762,0.3720769436521195
2026-05-05,LWAY,0.0077241282205226,-0.0265025348794021
2026-05-05,LWLG,-0.1244743984686759,-1.9861793451329937
2026-05-05,LXRX,-0.0377460494886407,-0.7005407034306241
2026-05-05,MASI,0.0262274460208708,0.2477858684349859
2026-05-05,MBBC,,
2026-05-05,MBX,0.0502721583804832,0.604218473248579
2026-05-05,MCW,0.0301329628416559,0.3056802409172268
2026-05-05,MDAI,-0.0137948236699659,-0.3454939189505442
2026-05-05,MDB,-0.0115613530699687,-0.3123855277240075
2026-05-05,MELI,0.0248122683717236,0.2268076405312585
2026-05-05,MGNX,-0.0361466820601497,-0.6768320938176186
2026-05-05,MKSI,0.0057393904647587,-0.0559237746754363
2026-05-05,MLTX,0.0305618959534735,0.3120386345652515
2026-05-05,MMED,9.090603773141692e-05,-0.1396554487110168
2026-05-05,MNPR,0.1001114085318156,1.3430226430682273
2026-05-05,MNTS,-0.0064682670054469,-0.2368869355442764
2026-05-05,MOVE,-0.0781499141463522,-1.2994771560318863
2026-05-05,MPLT,0.0127485363251008,0.0479779929629439
2026-05-05,MRAM,0.1345997870812183,1.8542694576821916
2026-05-05,MRLN,0.0055611026145197,-0.0585666677122447
2026-05-05,MRVI,0.0080126938049136,-0.0222249131983549
2026-05-05,MSFT,0.002395777638108,-0.1054886274990893
2026-05-05,MSTR,-0.0093632138993844,-0.2798008804803096
2026-05-05,MTCH,-0.0021444803069976,-0.1727922384425855
2026-05-05,MTSI,0.0138634052426814,0.0645045218053696
2026-05-05,MU,0.0293545429455527,0.2941411454580172
2026-05-05,MWH,-0.0623507434616981,-1.0652743310280526
2026-05-05,MXL,0.0095256288426763,0.0002024449816218
2026-05-05,MYRG,-0.0152542703654958,-0.3671283797623134
2026-05-05,NAMS,0.0267724868382489,0.2558654127174175
2026-05-05,NAUT,0.019842475721548,0.1531367180767689
2026-05-05,NB,0.0412509917201557,0.4704910290143532
2026-05-05,NEGG,-0.018525331345192,-0.4156177427482309
2026-05-05,NEO,-0.0059634924311738,-0.2294042876481001
2026-05-05,NERV,-0.0562863625621056,-0.9753775151171138
2026-05-05,NESR,0.0028525089281123,-0.0987181608384208
2026-05-05,NEXT,-0.046900593855146,-0.8362453043272388
2026-05-05,NKLR,0.0852237849927687,1.1223323574809558
2026-05-05,NKSH,0.0093126690603856,-0.0029544158195048
2026-05-05,NKTR,-0.005539853408145,-0.2231243722047163
2026-05-05,NNBR,0.0098311765765908,0.0047318056603946
2026-05-05,NNE,0.2393415170927613,3.4069338065976207
2026-05-05,NRXP,-0.0077456666678229,-0.2558227781627751
2026-05-05,NSIT,-0.0361178651642085,-0.6764049195961376
2026-05-05,NSTS,0.0044846326851534,-0.0745239798725691
2026-05-05,NUAI,0.1407502119411268,1.945441767034068
2026-05-05,NUCL,-0.1366595431380041,-2.1668087820571094
2026-05-05,NVAX,0.1487506709294541,2.0640385044067155
2026-05-05,NVMI,0.0216548364385956,0.1800026851791305
2026-05-05,NVTS,-0.0836366773055153,-1.38081151576832
2026-05-05,NXT,0.0111772174201554,0.0246851674175138
2026-05-05,ODD,0.0076375494583008,-0.0277859560856419
2026-05-05,ODFL,0.0158388186955721,0.0937875405442566
2026-05-05,OLPX,0.0133820241101325,0.0573686522463427
2026-05-05,OMEX,0.0728218349488194,0.9384890536883972
2026-05-05,ON,0.0302459615451669,0.3073553045083647
2026-05-05,ONDS,-0.0445747865228465,-0.8017681372333829
2026-05-05,ONEW,0.0517120918799026,0.625563675481836
2026-05-05,OPEN,0.0098301968313605,0.0047172821701876
2026-05-05,OPRT,0.0366416470654261,0.4021632945337994
2026-05-05,OPRX,-0.0293230526983179,-0.5756803748307244
2026-05-05,OPTX,-0.0317371467787563,-0.6114662818728491
2026-05-05,ORBS,0.028847104531858,0.2866190094943758
2026-05-05,ORMP,-0.0250680224074424,-0.5126049049538232
2026-05-05,OTLK,-0.0695577163882454,-1.1721086359933766
2026-05-05,PAHC,0.0492198651502181,0.5886195502304314
2026-05-05,PALI,-0.0345727450045806,-0.6535004574836594
2026-05-05,PANW,-0.0045258622718822,-0.2080932295339017
2026-05-05,PCT,-0.0126427890906254,-0.3284164559387855
2026-05-05,PENG,0.0763722458471859,0.9911194277073008
2026-05-05,PEPG,-0.0477138631144892,-0.8483009977448659
2026-05-05,PFIS,0.0365716402579678,0.4011255317041236
2026-05-05,PHOE,-0.2692818877086665,-4.132768159105324
2026-05-05,PHVS,-0.0031554107927224,-0.1877780108204488
2026-05-05,PICS,0.0850208447163995,1.1193240232473822
2026-05-05,PLAB,0.0075529859785683,-0.0290395032648456
2026-05-05,PLSE,0.0035592638958847,-0.0882414077643775
2026-05-05,PMTR,0.0155755962466628,0.0898855989569755
2026-05-05,PNRG,-0.002787186547889,-0.1823195497343459
2026-05-05,PNTG,0.0437129700327986,0.5069867595452731
2026-05-05,POET,0.0479698210455292,0.5700892193326269
2026-05-05,POLE,0.0167847711099994,0.1078100947782746
2026-05-05,POWI,0.0095514463589972,0.0005851571744076
2026-05-05,POWL,0.0812149918512232,1.062907043497996
2026-05-05,PPTA,0.0582118759006896,0.7219147947884766
2026-05-05,PRAA,0.0007336139267807,-0.1301281129873888
2026-05-05,PRE,-0.0545631524705864,-0.949833093858288
2026-05-05,PRTA,0.0108442836343031,0.0197498429791515
2026-05-05,PRTH,-0.0016391444762746,-0.1653012706257787
2026-05-05,PSIG,0.0217903440836074,0.1820114155045905
2026-05-05,PTEN,-0.0624311180534768,-1.0664657832142992
2026-05-05,PTON,-0.0002421447728868,-0.1445925078942795
2026-05-05,PURR,0.0078575914689532,-0.024524110160756
2026-05-05,PYXS,0.2531985911276316,3.612347492545463
2026-05-05,QCOM,0.0483356953033695,0.5755128448185914
2026-05-05,QDEL,-0.0740437177438451,-1.2386079612695426
2026-05-05,QMCO,0.2221784773819992,3.1525133394640013
2026-05-05,QNTM,0.0083319582587865,-0.0174922194062069
2026-05-05,QSEA,0.0116526513479361,0.0317328771493328
2026-05-05,QTI,0.0551869982510506,0.6770747898935027
2026-05-05,QTRX,-0.0063789472562441,-0.2355628826550793
2026-05-05,QURE,0.0807191932203041,1.0555574526674427
2026-05-05,RBCAA,0.010291398609134,0.0115540181867332
2026-05-05,RDVT,0.0755287161226495,0.9786151609705008
2026-05-05,RDZN,0.0423737245042978,0.4871341297832999
2026-05-05,RFIL,0.0229062105466078,0.1985527317026339
2026-05-05,RGNX,0.1022392591410395,1.3745653508351865
2026-05-05,RGTI,0.0575390199165288,0.7119405514907405
2026-05-05,RILY,-0.015162940040713,-0.3657745226200891
2026-05-05,RIOT,0.1468839425520155,2.036366605150916
2026-05-05,RKLB,0.0379980633255058,0.4222704587851709
2026-05-05,RLAY,-0.0431167682108519,-0.7801548504101619
2026-05-05,RMBS,0.0811318297519298,1.0616742700204174
2026-05-05,ROOT,-0.0003608504049367,-0.1463521695198713
2026-05-05,RVMD,0.013147093549168,0.0538861022976262
2026-05-05,RXT,-0.0404091221555306,-0.7400174047224155
2026-05-05,RZLT,-0.0642179516809212,-1.0929533433345155
2026-05-05,SABR,0.0201638445449383,0.1579006064990439
2026-05-05,SAIA,0.0536805586201682,0.6547437179472344
2026-05-05,SAIL,-0.0451740271908223,-0.810651126100225
2026-05-05,SANM,0.0641661204956637,0.8101789785700492
2026-05-05,SATL,0.0012791174148388,-0.1220417101943135
2026-05-05,SCVL,0.0189907078349524,0.1405103309536776
2026-05-05,SCZM,0.1033819342252348,1.3915040711086486
2026-05-05,SEAT,0.0670702719708787,0.8532293698412219
2026-05-05,SEIC,0.0036000790498951,-0.0876363744646555
2026-05-05,SEPN,0.0050638768935499,-0.0659374133570662
2026-05-05,SERV,0.0078241486832302,-0.0250198573774082
2026-05-05,SEZL,0.0148841868075784,0.0796363240361619
2026-05-05,SFIX,-0.0220772541866189,-0.4682705294204974
2026-05-05,SGHT,-0.0145715633182546,-0.3570081068501904
2026-05-05,SGML,-0.0056432996652882,-0.2246578327984759
2026-05-05,SHMD,0.0277769071668813,0.2707546802082408
2026-05-05,SHOO,0.0578181214582571,0.7160778806480985
2026-05-05,SIBN,-0.0445789729276707,-0.8018301954170683
2026-05-05,SITM,0.0251689045195888,0.2320943226613307
2026-05-05,SKIN,0.0410130640586469,0.466964050821375
2026-05-05,SLNO,0.0066727872909267,-0.0420873412384277
2026-05-05,SMTC,0.0363863428177281,0.3983787303158537
2026-05-05,SMX,0.3536748593420339,5.101781737629771
2026-05-05,SNDK,-0.0108710398046948,-0.3021525022005977
2026-05-05,SNEX,-0.0164520938541126,-0.3848846057370401
2026-05-05,SOBR,-0.2190250954012985,-3.3877744522236624
2026-05-05,SOLS,-0.0213108621312455,-0.4569097315652481
2026-05-05,SPPL,-0.0066502765650361,-0.2395849982391046
2026-05-05,SPT,-0.0418669344559696,-0.7616276376835538
2026-05-05,SRRK,-0.0134188234970093,-0.3399201895146124
2026-05-05,STEX,0.1115267644757474,1.5122409307780968
2026-05-05,STFS,0.9852051908230424,14.463424235240264
2026-05-05,STKE,0.0116875034423409,0.0322495155938325
2026-05-05,STOK,-0.0085361036416755,-0.2675400116783013
2026-05-05,STRO,-0.0004837556251701,-0.1481740847558613
2026-05-05,STRZ,0.0322672631136774,0.3373185568194287
2026-05-05,STTK,-0.0094868857026091,-0.2816341593445403
2026-05-05,STX,0.0149462535706292,0.0805563856986055
2026-05-05,SUNS,0.0184698560740032,0.1327893589952559
2026-05-05,SWIM,-0.0086625841094164,-0.2694149254597885
2026-05-05,SWMR,-0.0650127199449421,-1.1047347827766425
2026-05-05,SYNA,0.0267615871583413,0.255703838678061
2026-05-05,TACT,0.046496001829564,0.5482417039906193
2026-05-05,TBLA,0.2449525567688106,3.490110409317392
2026-05-05,TCMD,0.0695487672615134,0.889969943787243
2026-05-05,TENB,0.0058587742706685,-0.0541540599757302
2026-05-05,TH,0.0165191980208184,0.1038733079068219
2026-05-05,TIGO,0.0050698581889708,-0.0658487481788286
2026-05-05,TILE,0.013871713324128,0.0646276786585997
2026-05-05,TLS,-0.0582941655916098,-1.005140668572877
2026-05-05,TMCI,0.0248406488569766,0.2272283455134323
2026-05-05,TNDM,-0.0744454859480468,-1.2445636693442792
2026-05-05,TNGX,-0.056187675534091,-0.9739146041065568
2026-05-05,TORO,-0.0946808040891661,-1.5445267983017177
2026-05-05,TOYO,-0.0470537010063784,-0.8385149251866263
2026-05-05,TPG,-0.0223974529858885,-0.4730170737074461
2026-05-05,TRDA,0.0146154497903744,0.0756526359129986
2026-05-05,TRUP,-0.0451007635290837,-0.8095650845040048
2026-05-05,TSEM,-0.0609420379487352,-1.044392044399247
2026-05-05,TSHA,-0.0059953352865147,-0.2298763179100597
2026-05-05,TSLA,0.01044721343923,0.0138637769781506
2026-05-05,TTMI,0.0084549185613071,-0.0156694876446204
2026-05-05,TVGN,-0.0573261648703431,-0.9907912759337671
2026-05-05,TZOO,-0.0158869018578614,-0.3765063455844273
2026-05-05,UAL,0.0582541013514715,0.7225407339632328
2026-05-05,UFPT,0.0416496418003499,0.4764005148242738
2026-05-05,ULCC,0.0974949832414786,1.3042374304365547
2026-05-05,UNB,0.0228825440165168,0.1982019051740789
2026-05-05,URBN,0.0179173748634533,0.1245995202464417
2026-05-05,URGN,0.0809604777097523,1.059134191610662
2026-05-05,USAR,0.016409391397702,0.1022455628908779
2026-05-05,VC,0.0278625566399615,0.2720243258722979
2026-05-05,VECO,0.241900496265886,3.4448674528271592
2026-05-05,VHCP,,
2026-05-05,VIAV,-0.0325068837715411,-0.6228766642162256
2026-05-05,VICR,0.0097441082320927,0.0034411270129587
2026-05-05,VNCE,-0.1042920278302281,-1.687001096277815
2026-05-05,VRAX,0.0363683151758723,0.3981114932098662
2026-05-05,VREX,0.0490674168803971,0.586359696458885
2026-05-05,VSAT,0.0040410898923365,-0.0810989436577696
2026-05-05,VSEC,0.1618836586560462,2.25871852196587
2026-05-05,VTGN,0.0083671234556522,-0.0169709396117072
2026-05-05,VTSI,-0.0024299338115847,-0.17702372745653
2026-05-05,VTVT,-0.0255093157306343,-0.5191465231823834
2026-05-05,WATT,0.0091705106111488,-0.0050617359487673
2026-05-05,WAY,-0.0387836449551238,-0.7159217505951786
2026-05-05,WDC,0.0136075015425238,0.0607110714590136
2026-05-05,WEN,0.0344486515446154,0.3696548954256429
2026-05-05,WERN,0.0455332212617074,0.5339696935571958
2026-05-05,WEST,0.0317559280198773,0.329738657476489
2026-05-05,WGS,0.0215087079533932,0.1778365142622493
2026-05-05,WINA,-0.0045535106911406,-0.2085030825588764
2026-05-05,WIX,-0.0288280048652617,-0.5683419136337451
2026-05-05,WLDN,-0.0118980627469017,-0.3173768249963663
2026-05-05,WLFC,0.0494538749454358,0.5920884509855691
2026-05-05,WSC,0.0194226713730143,0.1469136468575306
2026-05-05,WVE,0.0068594000103347,-0.0393210424915283
2026-05-05,WYFI,0.0925395271222094,1.2307790290128224
2026-05-05,XEL,-0.0076855139703722,-0.254931090114349
2026-05-05,XENE,0.0210388108586422,0.1708708811129934
2026-05-05,XLO,0.0245902970817225,0.223517195467678
2026-05-05,XMTR,0.0149777671135411,0.081023534318185
2026-05-05,XNDU,0.0694711842454883,0.8888198731988518
2026-05-05,XOS,0.0371356517236471,0.4094862919764931
2026-05-05,ZD,-0.0321108930681846,-0.6170066003215783
2026-05-05,ZSQR,0.0259240014434614,0.2432876844049592
2026-05-05,ZVRA,0.0672783207913431,0.8563134318128295
2026-05-06,AAL,0.0175342695191032,0.3596589257074565
2026-05-06,AAON,0.3099403863825467,4.702194661135896
2026-05-06,ABSI,-0.0353497638522933,-0.4257241135130578
2026-05-06,ACHV,0.0009197274932297,0.1129156521772797
2026-05-06,ACIC,0.0066131982545106,0.1974696297229196
2026-05-06,ADAM,-0.0164043096050791,-0.1443643629888456
2026-05-06,ADEA,-0.0370580247665498,-0.4510935693410247
2026-05-06,ADTN,-0.0553506801179926,-0.7227585755714323
2026-05-06,ADTX,-0.0879854395627293,-1.2074187824988516
2026-05-06,ADUR,-0.0599091942882993,-0.7904572642902409
2026-05-06,ADV,0.0082755625305213,0.2221574726152328
2026-05-06,AEI,-0.0067615869009245,-0.0011598760964795
2026-05-06,AEIS,-0.0049491118068416,0.0257572689689398
2026-05-06,AEYE,0.044987366114794,0.7673660362622987
2026-05-06,AFBI,0.0013100597317398,0.1187124929294573
2026-05-06,AGEN,-0.0340631480072996,-0.4066165266247059
2026-05-06,AGH,-0.0061690714502551,0.0076395961783332
2026-05-06,AGPU,0.0181905789235796,0.3694058047160349
2026-05-06,AIOT,0.0132807866465855,0.2964902698254484
2026-05-06,AIRO,-0.0171920303089183,-0.1560628368191861
2026-05-06,AKAM,-0.0428432203995066,-0.5370097568751305
2026-05-06,AKAN,0.1963540641617779,3.0153193365340805
2026-05-06,AKBA,-0.2052367587360388,-2.94872313344035
2026-05-06,AKTS,-0.0536049250330914,-0.6968322922131748
2026-05-06,ALAB,-0.0802487713668116,-1.0925211925499554
2026-05-06,ALDX,-0.0006084741310736,0.0902202645579561
2026-05-06,ALGT,0.0324612798788461,0.5813405943592997
2026-05-06,ALHC,-0.0088662140247839,-0.0324157834391422
2026-05-06,ALKS,-0.0171798423420654,-0.1558818328026874
2026-05-06,AMD,-0.0190650558010888,-0.1838792184337928
2026-05-06,AMPH,0.0089331909094989,0.2319239397704859
2026-05-06,AMRX,-0.0011182746725815,0.0826491949333326
2026-05-06,AMSC,-0.0545245531523856,-0.7104897287065597
2026-05-06,ANAB,0.004721980134308,0.1693830686120765
2026-05-06,ANNA,-0.0171397996226437,-0.1552871566656154
2026-05-06,APLD,-0.0072038279859858,-0.007727617346743
2026-05-06,APLS,0.0079693166203501,0.217609401518046
2026-05-06,APPF,-0.0015393213168549,0.076396213228803
2026-05-06,ARAI,-0.0084963287096955,-0.0269226008203539
2026-05-06,ARCB,-0.0024557581576682,0.0627861705484951
2026-05-06,ARHS,-0.0803469181885639,-1.0939787751934031
2026-05-06,ARTV,0.0817353252655251,1.313111547771689
2026-05-06,ARWR,0.0205013075022484,0.4037225335703474
2026-05-06,ASBP,-0.1349330424947659,-1.904639639613424
2026-05-06,ASO,-0.0159844561301266,-0.1381291010928822
2026-05-06,ASPI,-0.0232036308190185,-0.2453413728575462
2026-05-06,ASRT,0.0062121294699527,0.1915133400666367
2026-05-06,ASST,-0.0556385692770634,-0.7270340297736821
2026-05-06,ASTI,-0.0860371981607336,-1.1784853661936163
2026-05-06,ASYS,0.0394263531904662,0.6847791957128908
2026-05-06,ATEX,0.0279818203174874,0.5148159490158124
2026-05-06,ATII,-0.0020154822068772,0.0693247275057427
2026-05-06,ATOM,-0.0051877052237101,0.022213907940438
2026-05-06,AUUD,-0.0429388902168317,-0.5384305534199934
2026-05-06,AVAH,0.0324761408077121,0.5815612946488643
2026-05-06,AVAV,-0.0298263194252178,-0.3436952043215652
2026-05-06,AVNW,0.0090633606256714,0.2338570957872383
2026-05-06,AVR,0.0166993035641457,0.3472588106340686
2026-05-06,AVTX,-0.0023725249747317,0.0640222701046602
2026-05-06,AXGN,-0.0080446329170159,-0.0202144473032719
2026-05-06,AXIN,,
2026-05-06,AXTI,0.0842612213241665,1.3506237380647208
2026-05-06,BAND,0.0405003507504379,0.7007291793656535
2026-05-06,BCAR,0.0124733888897723,0.2844995712406332
2026-05-06,BDTX,-0.0309363563267357,-0.3601804097755156
2026-05-06,BEAM,-0.0139757615632531,-0.1082978922530117
2026-05-06,BELFA,0.0315780481483595,0.5682236821912364
2026-05-06,BELFB,0.023267061160553,0.4447968593245812
2026-05-06,BGDE,0.0829706998318743,1.3314581482414598
2026-05-06,BHAV,,
2026-05-06,BIOA,0.0083440299042434,0.223174284507844
2026-05-06,BJRI,-0.0025473302857375,0.0614262289618549
2026-05-06,BKNG,0.0101415292118526,0.2498690235284585
2026-05-06,BKR,-0.0578042217024287,-0.7591962264764885
2026-05-06,BL,0.0314103774971821,0.5657335981863908
2026-05-06,BLMN,0.0352970016958835,0.6234540202284643
2026-05-06,BLNK,-0.0565141865600826,-0.7400378594570579
2026-05-06,BNZI,0.4359559714066669,6.573657498706163
2026-05-06,BRCB,-0.0555242983588803,-0.725336987485192
2026-05-06,BTBT,-0.0493954209833469,-0.6343167677072936
2026-05-06,BWEN,0.0794584853931513,1.2792981015425553
2026-05-06,BYND,-0.1239671126751092,-1.7417841473109217
2026-05-06,BZAI,0.0456157382515925,0.7766980177148932
2026-05-06,CABA,0.0768755730389868,1.2409391598085249
2026-05-06,CAEP,0.006856601105405,0.2010844158616367
2026-05-06,CAR,-0.0124269443508856,-0.0852963416544872
2026-05-06,CBRL,0.0063886398607285,0.1941347034219604
2026-05-06,CCRN,0.2694035831745238,4.100180864642445
2026-05-06,CDNA,0.0212643274303537,0.4150541751248526
2026-05-06,CDNL,-0.051521237611704,-0.6658873612866333
2026-05-06,CDW,-0.0308426239703176,-0.3587883865453668
2026-05-06,CELC,0.0002520152777963,0.1029994295359602
2026-05-06,CELH,0.0390436033677554,0.6790949617417282
2026-05-06,CENX,-0.0190844969147835,-0.1841679392439491
2026-05-06,CEPS,0.0027993251140513,0.1408296367552967
2026-05-06,CEVA,-0.0432914189139138,-0.543665972163158
2026-05-06,CGCT,-0.0063100006645765,0.0055466503948405
2026-05-06,CGEM,-0.0070806896045928,-0.0058988839832354
2026-05-06,CGNT,0.0413611950777699,0.7135136152529026
2026-05-06,CGON,0.0375017943612399,0.6561974903077581
2026-05-06,CHMG,0.0203634272629658,0.4016748682454337
2026-05-06,CHRN,0.0688828398450235,1.1222387376325411
2026-05-06,CHRW,0.0064252973593566,0.1946791055003825
2026-05-06,CHTR,0.0326885535207262,0.584715844925778
2026-05-06,CLBT,0.0345700397950191,0.6126578779771968
2026-05-06,CLFD,0.2355572641595163,3.597527734769577
2026-05-06,CLMT,-0.0047396760405739,0.0288676084825243
2026-05-06,CLNN,0.0605985641046883,0.9992086046433988
2026-05-06,CLPT,0.0130415419348233,0.2929372363886516
2026-05-06,CMPX,-0.0224736479364561,-0.234500365878001
2026-05-06,COAG,0.0285544696494368,0.5233203887126766
2026-05-06,COCO,-0.0115620158188718,-0.0724512510689987
2026-05-06,COLA,,
2026-05-06,COLB,-0.0248112491806874,-0.2692161818367931
2026-05-06,COLL,0.0709971224557262,1.1536380390228722
2026-05-06,COLM,-0.0115197357122314,-0.0718233473987434
2026-05-06,COYA,-0.0147611194307847,-0.119961275500389
2026-05-06,CPSH,0.0450141715145067,0.7677641243987701
2026-05-06,CRAC,-0.0023791609008872,0.0639237196817864
2026-05-06,CRDO,-0.0470904758240382,-0.6000859286610115
2026-05-06,CRMD,-0.0122169178198909,-0.0821772286686986
2026-05-06,CRML,-0.0218178028968388,-0.2247603831717857
2026-05-06,CRWD,0.0635814899891099,1.0435081644070006
2026-05-06,CSCO,-0.0027476162436677,0.0584517736428432
2026-05-06,CSGS,-0.0026477039035813,0.0599355760745066
2026-05-06,CTSH,-0.002838576325352,0.0571009215832192
2026-05-06,CUE,0.0422705943743784,0.7270191430635278
2026-05-06,CVGI,0.0682117932813871,1.1122729964435902
2026-05-06,CVRX,0.0229943532180725,0.4407468620185757
2026-05-06,CVV,-0.1298073862694266,-1.828518300002557
2026-05-06,CXDO,0.0124768704368186,0.2845512758445762
2026-05-06,DARE,-0.0710529804257295,-0.9559541083674196
2026-05-06,DASH,0.0049258871462594,0.1724113003590771
2026-05-06,DAVE,-0.013301002926289,-0.0982770229044613
2026-05-06,DCBO,0.0294981227316556,0.5373346209569911
2026-05-06,DDOG,0.2957453804716717,4.491384021831178
2026-05-06,DFDV,-0.0526331269223242,-0.682400076947311
2026-05-06,DGXX,0.0267779205360567,0.4969367819217159
2026-05-06,DIBS,0.0042874396694518,0.1629296896015094
2026-05-06,DJCO,0.0100126669065669,0.2479552839266488
2026-05-06,DOMH,-0.0310313917228942,-0.3615917845045245
2026-05-06,DOMO,6.883414099781437e-05,0.1002789986464261
2026-05-06,DOO,0.0134327958708118,0.2987477653094633
2026-05-06,DOX,0.0067420136661286,0.1993826729048657
2026-05-06,DPRO,-0.0200379379683706,-0.1983275330692736
2026-05-06,DRTS,0.0520720916498712,0.8725815978989346
2026-05-06,DSGN,0.0122340425731547,0.2809450288657877
2026-05-06,EIKN,-0.0911525434749493,-1.2544535780228243
2026-05-06,ENGN,-0.7680641124220506,-11.307296211443182
2026-05-06,ENPH,-0.0202318075293696,-0.2012066982033018
2026-05-06,ERII,-0.1715602374797734,-2.448591677337658
2026-05-06,ERNA,0.2880097252104184,4.376501475018263
2026-05-06,ESOA,-0.030658123318673,-0.3560483594844739
2026-05-06,ESPR,-0.0112165097117344,-0.0673201251091632
2026-05-06,EYE,0.0019291279222421,0.1279063010780697
2026-05-06,EZGO,-0.4167811842025851,-6.090378434885939
2026-05-06,FA,0.2207145629621289,3.377098145090226
2026-05-06,FABC,0.2908449435456836,4.418607423658116
2026-05-06,FACT,0.0083128738089312,0.2227115840051295
2026-05-06,FCEL,-0.0350395855309887,-0.4211176420101056
2026-05-06,FDMT,-0.0333269116907887,-0.3956826496303963
2026-05-06,FEIM,-0.035164354452316,-0.4229705905918465
2026-05-06,FENC,-0.0442531319641068,-0.5579484137635209
2026-05-06,FFAI,0.0048057809483594,0.1706275980821829
2026-05-06,FGMC,-0.0034975837755057,0.0473139737830035
2026-05-06,FLNC,0.4231484787629276,6.38345287821716
2026-05-06,FLWS,0.1643775595091858,2.5404348996506214
2026-05-06,FLXS,-0.0046365750192915,0.0303987661548763
2026-05-06,FLYW,0.0180972697091764,0.3680200655860305
2026-05-06,FMAO,0.0123802014721024,0.2831156409191166
2026-05-06,FNKO,0.0033952641822926,0.1496799533209538
2026-05-06,FOSL,0.0256776844721725,0.4805971291262333
2026-05-06,FOXF,0.0181404903299538,0.3686619368719195
2026-05-06,FRMI,-0.0574748548853896,-0.7543047858035004
2026-05-06,FROG,0.0527880713825964,0.8832146435019237
2026-05-06,FSEA,-0.0115705857474854,-0.0725785234450152
2026-05-06,FTRE,-0.0106364900753155,-0.0587062287057051
2026-05-06,FWRD,-0.0471270803600562,-0.6006295441894489
2026-05-06,FWRG,-0.0345263077847006,-0.4134949322687177
2026-05-06,GALT,-0.0405276025184196,-0.5026204167816968
2026-05-06,GDRX,0.09147900261734,1.4578153164500334
2026-05-06,GELS,0.0409689280704456,0.7076880411663969
2026-05-06,GFS,-0.0268216187778196,-0.2990722666226071
2026-05-06,GH,-0.0042493766386702,0.0361490658496437
2026-05-06,GLSI,0.0686720167862484,1.119107795378653
2026-05-06,GLUE,-0.0071445874435218,-0.0068478335193874
2026-05-06,GMM,0.0120217188090237,0.2777917995725358
2026-05-06,GPRE,-0.0293612691126201,-0.336788722258569
2026-05-06,GPRO,-0.0055712233198131,0.0165182643083014
2026-05-06,GRAL,0.0317728244926476,0.5711163140026357
2026-05-06,GRPN,-0.0338193502894778,-0.4029958763003778
2026-05-06,GSHD,0.008906475424132,0.2315271869558066
2026-05-06,GSIT,-0.0590837826590802,-0.7781990409166303
2026-05-06,GTX,-0.0015401415785213,0.0763840314877471
2026-05-06,GV,0.0515552077669959,0.8649053332690083
2026-05-06,HCKT,0.0997134170796386,1.5801049574685904
2026-05-06,HCSG,-0.0020826854484532,0.0683266892936466
2026-05-06,HELE,0.0056184382129506,0.1826964058417372
2026-05-06,HLMN,-0.0158793436290518,-0.136568070848187
2026-05-06,HOOD,-0.0359680323681911,-0.4349060456599494
2026-05-06,HOVR,-0.1751388556817482,-2.5017378891619053
2026-05-06,HPK,-0.1227838665698277,-1.7242117088438045
2026-05-06,HROW,-0.021425571212401,-0.2189353336669762
2026-05-06,HTCO,-0.1017306609572767,-1.4115496527332567
2026-05-06,HUHU,0.0020278986475575,0.1293731493399908
2026-05-06,HUT,-0.0190133096192232,-0.1831107336759027
2026-05-06,HYMC,0.0545802445576582,0.9098302839005016
2026-05-06,IEAG,,
2026-05-06,IKT,-0.002742343308309,0.0585300822311556
2026-05-06,IMDX,-0.0084506455123429,-0.0262441577045247
2026-05-06,IMSR,-0.0979438362602486,-1.3553113573547526
2026-05-06,IMUX,0.0682008129038846,1.1121099263881318
2026-05-06,IMVT,-0.0420639767809305,-0.5254371766002409
2026-05-06,IMXI,-0.0077039756365675,-0.0151553314757738
2026-05-06,INDI,-0.0280521643874092,-0.3173471520492094
2026-05-06,INDV,-0.0237246447651291,-0.2530789732330494
2026-05-06,INOD,-0.0317461634935943,-0.3722068906118639
2026-05-06,INSM,-0.2378894638033143,-3.433649851574872
2026-05-06,INTC,0.0004357564548802,0.1057281776077014
2026-05-06,IPCX,-0.0083108924512599,-0.0241686790230306
2026-05-06,IPSC,0.0219144689765836,0.4247094550070738
2026-05-06,IPST,0.0738794621797872,1.1964437894211284
2026-05-06,IPWR,-0.0118356392978019,-0.0765148450459376
2026-05-06,IREN,-0.0125513326763,-0.087143637990064
2026-05-06,IRHO,0.0061122653209672,0.1900302533230711
2026-05-06,IRWD,-0.1208585052609851,-1.6956180857796024
2026-05-06,ISSC,-0.019454186255378,-0.1896582114371546
2026-05-06,JACK,0.0107496036803726,0.2588995634421732
2026-05-06,JBHT,-0.0219203069513859,-0.2262826752656432
2026-05-06,JBIO,-0.0262289491257807,-0.2902705042966668
2026-05-06,JBLU,0.0230593530197097,0.4417121768499926
2026-05-06,KALU,-0.0188102014976358,-0.180094366283832
2026-05-06,KALV,0.0301175145192824,0.5465332348603266
2026-05-06,KEEL,-0.0320471929362674,-0.3766774917273489
2026-05-06,KMTS,0.0298303652130797,0.5422687682446333
2026-05-06,KOPN,-0.0013521895873171,0.0791753145399086
2026-05-06,KROS,-0.015845480698933,-0.1360651710261021
2026-05-06,KXIN,-0.0075727265177978,-0.01320614520493
2026-05-06,LASR,-0.0106796203361824,-0.0593467580527021
2026-05-06,LBRDA,0.0408572219916615,0.7060290894174127
2026-05-06,LBRDK,0.0445447478881554,0.760792694066357
2026-05-06,LBRX,-0.0010287798962133,0.083978285681098
2026-05-06,LBTYB,-0.0028583995283442,0.0568065263485778
2026-05-06,LE,0.0208642266148518,0.4091122608183803
2026-05-06,LFUS,0.0046287812724603,0.1679989683325874
2026-05-06,LGIH,-0.0190648801679315,-0.1838766100982683
2026-05-06,LGN,-0.0556346580377636,-0.7269759437917219
2026-05-06,LGND,-0.0840192222535884,-1.1485163197727988
2026-05-06,LIEN,0.0010152081426582,0.1143336393816273
2026-05-06,LIFE,0.3283562614399413,4.975689608484309
2026-05-06,LINC,-0.0197254850079202,-0.193687280803176
2026-05-06,LIND,-0.0236764417038096,-0.2523631075097785
2026-05-06,LINK,0.0930371300553086,1.480955133606766
2026-05-06,LITE,0.0026852781591664,0.1391359205553182
2026-05-06,LLYVA,-0.0012931906783768,0.080051509857479
2026-05-06,LMB,-0.1076359216740608,-1.4992489319574065
2026-05-06,LMRI,0.008386557853057,0.2238058688928036
2026-05-06,LOVE,-0.0226618980086475,-0.2372960757436396
2026-05-06,LQDA,0.0192512925084927,0.3851585074876074
2026-05-06,LRMR,-0.024692268222435,-0.2674491905419845
2026-05-06,LWAY,-0.0494177864608761,-0.6346489183697092
2026-05-06,LWLG,0.0231772447483497,0.4434629919492872
2026-05-06,LXRX,0.0489092365771632,0.8256099020720997
2026-05-06,MASI,0.0001400259264487,0.1013362708940305
2026-05-06,MBBC,-0.0078950514478585,-0.0179930065135177
2026-05-06,MBX,0.1114706592033488,1.7547122626096776
2026-05-06,MCW,0.0055012784833692,0.1809564616917394
2026-05-06,MDAI,0.0001592430541588,0.1016216652787613
2026-05-06,MDB,0.1049123170120125,1.6573140425021748
2026-05-06,MELI,0.0306449164348696,0.5543657032434701
2026-05-06,MGNX,-0.0218900752311469,-0.2258337026966378
2026-05-06,MKSI,0.0425257809445225,0.7308089297203147
2026-05-06,MLTX,-0.0088500112786459,-0.0321751557639375
2026-05-06,MMED,-0.0002893878410029,0.0949590286856719
2026-05-06,MNPR,0.0175537822466511,0.3599487100580076
2026-05-06,MNTS,-0.0712874595669187,-0.9594363681120136
2026-05-06,MOVE,0.0677314875559167,1.1051399555921897
2026-05-06,MPLT,0.0163290343757142,0.3417599270958593
2026-05-06,MRAM,0.0087012706095527,0.2284796814865253
2026-05-06,MRLN,-0.1140645606685327,-1.5947209243463358
2026-05-06,MRVI,0.0042816327850215,0.16284345131272
2026-05-06,MSFT,0.012122414917151,0.2792872417768646
2026-05-06,MSTR,-0.0532710955713353,-0.6918745766128143
2026-05-06,MTCH,-0.0776915732010252,-1.0545441333262402
2026-05-06,MTSI,0.1147477081109871,1.8033798559583225
2026-05-06,MU,0.017913966267591,0.3652978183428796
2026-05-06,MWH,-0.0278459571989348,-0.3142847602823836
2026-05-06,MXL,0.051420651960037,0.8629070392305799
2026-05-06,MYRG,-0.0734122780469496,-0.990992138147913
2026-05-06,NAMS,0.1287241835606483,2.010945090046213
2026-05-06,NAUT,0.0164081383250711,0.3429347032277025
2026-05-06,NB,-0.034214034258922,-0.4088573447945988
2026-05-06,NEGG,-0.0226954255737373,-0.23779399504535
2026-05-06,NEO,0.015103801330487,0.3235639387895979
2026-05-06,NERV,0.0353354548952552,0.6240250903353569
2026-05-06,NESR,-0.0363427413992002,-0.4404708654899835
2026-05-06,NEXT,0.0190733204072175,0.3825154362072021
2026-05-06,NKLR,-0.0921165399196167,-1.2687699304120907
2026-05-06,NKSH,0.0255529727060787,0.4787450293593058
2026-05-06,NKTR,0.0401734219762947,0.6958739461718846
2026-05-06,NNBR,0.0853084065172057,1.3661755301105345
2026-05-06,NNE,-0.0082589562357569,-0.0233973720674718
2026-05-06,NRXP,0.0049808852319073,0.1732280792789861
2026-05-06,NSIT,0.0122565395589853,0.2812791325636053
2026-05-06,NSTS,,
2026-05-06,NUAI,-0.0294097735195183,-0.3375090632779035
2026-05-06,NUCL,0.0603452881458066,0.9954471925561044
2026-05-06,NVAX,-0.002328854582391,0.0646708209672557
2026-05-06,NVMI,-0.0430028883501368,-0.5393809924322102
2026-05-06,NVTS,-0.0149134252994922,-0.1222231764642688
2026-05-06,NXT,-0.0341875980179938,-0.4084647390510091
2026-05-06,ODD,0.012192781547724,0.2803322596141196
2026-05-06,ODFL,-0.018790757780929,-0.1798056068162302
2026-05-06,OLPX,0.0018602902302974,0.1268839895737106
2026-05-06,OMEX,-0.0144265820424647,-0.1149930464523805
2026-05-06,ON,-0.0435950468390639,-0.5481751634529365
2026-05-06,ONDS,0.0129568792931119,0.2916799078791427
2026-05-06,ONEW,0.0450166577867349,0.767801048133863
2026-05-06,OPEN,0.0262659489941577,0.4893334706775235
2026-05-06,OPRT,-0.01728386600537,-0.1574266926711326
2026-05-06,OPRX,0.011189009665287,0.2654252004990177
2026-05-06,OPTX,-0.0416031233977822,-0.518593023315823
2026-05-06,ORBS,-0.0109506195272286,-0.0633713786181473
2026-05-06,ORMP,-0.0047954125043158,0.0280398638779925
2026-05-06,OTLK,-0.0532591778692593,-0.6916975863100662
2026-05-06,PAHC,-0.2424799866530008,-3.5018239025588134
2026-05-06,PALI,0.0259442735841565,0.4845562554190912
2026-05-06,PANW,0.0560999908389962,0.9324001008601678
2026-05-06,PCT,0.1746860457545015,2.693526669339427
2026-05-06,PENG,0.003271935066308,0.1478483873498761
2026-05-06,PEPG,-0.0172098639604191,-0.1563276851396177
2026-05-06,PFIS,-0.0021610599723746,0.0671627458901145
2026-05-06,PHOE,-0.3551724768080087,-5.175424888960477
2026-05-06,PHVS,-0.0126812552904282,-0.0890731242837976
2026-05-06,PICS,-0.028060820696371,-0.3174757072634678
2026-05-06,PLAB,-0.0202841185399367,-0.2019835712563722
2026-05-06,PLSE,0.0579236798659454,0.959483784521732
2026-05-06,PMTR,-0.0095965089625491,-0.0432614247638369
2026-05-06,PNRG,-0.0229577948726518,-0.2416904527140092
2026-05-06,PNTG,0.0854720388748745,1.368605641245935
2026-05-06,POET,0.0040561122628922,0.1594942364025658
2026-05-06,POLE,-0.0132594410588895,-0.0976597858358606
2026-05-06,POWI,-0.0887942821671041,-1.2194309385765416
2026-05-06,POWL,-0.0125387046225331,-0.0869560982240011
2026-05-06,PPTA,-0.0272099552002695,-0.3048394674251964
2026-05-06,PRAA,-0.0245360352464539,-0.2651289679401877
2026-05-06,PRE,0.0083947614268789,0.2239277005181539
2026-05-06,PRTA,-0.0490511888392148,-0.6292045614264828
2026-05-06,PRTH,0.0330791164749621,0.590516112047057
2026-05-06,PSIG,0.1227960749903039,1.9229064963725997
2026-05-06,PTEN,-0.0316798199691566,-0.3712216200957225
2026-05-06,PTON,0.0853611892677813,1.366959408994628
2026-05-06,PURR,-0.0438422500466118,-0.5518463888506956
2026-05-06,PYXS,-0.010419375678308,-0.0554818535189109
2026-05-06,QCOM,0.045798417442307,0.7794109941816875
2026-05-06,QDEL,-0.0540789111763161,-0.7038714806786216
2026-05-06,QMCO,-0.0880945285048915,-1.2090388670400412
2026-05-06,QNTM,-0.0608898127857746,-0.8050204714959818
2026-05-06,QSEA,-0.0084465376578305,-0.0261831517816402
2026-05-06,QTI,-0.0170811682607524,-0.1544164198049754
2026-05-06,QTRX,-0.1665510634849571,-2.374200220309325
2026-05-06,QURE,0.051506086741403,0.8641758348190918
2026-05-06,RBCAA,-0.0134788536420284,-0.1009182914830883
2026-05-06,RDVT,0.1254099808287866,1.961725723666525
2026-05-06,RDZN,0.0246258534078669,0.4649763410477337
2026-05-06,RFIL,0.0071919699785277,0.206064993325978
2026-05-06,RGNX,0.0230593814417179,0.4417125989464502
2026-05-06,RGTI,-0.0552519149118385,-0.721291809274811
2026-05-06,RILY,-0.0223670548555132,-0.2329173474784228
2026-05-06,RIOT,0.0430423675158664,0.7384807789639847
2026-05-06,RKLB,-0.0466311222111604,-0.5932640485289636
2026-05-06,RLAY,-0.0002084213384552,0.0961614656745343
2026-05-06,RMBS,-0.009515742340909,-0.042061956214874
2026-05-06,ROOT,0.0144622031123626,0.3140355362381087
2026-05-06,RVMD,-0.0187481439771016,-0.1791727473947931
2026-05-06,RXT,0.5069154444655224,7.627479665050097
2026-05-06,RZLT,0.0113346639575809,0.2675883186173707
2026-05-06,SABR,0.1185827311938006,1.860333947623539
2026-05-06,SAIA,-0.0013050561318347,0.0798752955011896
2026-05-06,SAIL,0.0336456207038538,0.5989292905558448
2026-05-06,SANM,0.005336425219665,0.1785082188286395
2026-05-06,SATL,-0.0534014562972438,-0.6938105693233172
2026-05-06,SCVL,-0.0222155077866543,-0.2306667154835165
2026-05-06,SCZM,0.0195519990053547,0.3896243125210529
2026-05-06,SEAT,0.1755309595886116,2.70607452079116
2026-05-06,SEIC,-0.0326026083488957,-0.3849259897520063
2026-05-06,SEPN,-0.0085278913826329,-0.0273913394247519
2026-05-06,SERV,-0.0231211259978475,-0.2441160902330807
2026-05-06,SEZL,0.1524562485673139,2.363391001480703
2026-05-06,SFIX,-0.0374478705397636,-0.4568831855763011
2026-05-06,SGHT,0.2276758107914473,3.4804799340426995
2026-05-06,SGML,0.0446107754576843,0.7617732723226471
2026-05-06,SHMD,0.0251376999466991,0.4725777958660406
2026-05-06,SHOO,-0.0129661116060194,-0.0933035375979451
2026-05-06,SIBN,-0.02022108353905,-0.2010474357648523
2026-05-06,SITM,0.2937908115949533,4.462356635928477
2026-05-06,SKIN,-0.0259169091721927,-0.2856363856131311
2026-05-06,SLNO,-0.0005765110571101,0.0906949495351021
2026-05-06,SMTC,0.0334216000980365,0.5956023509669298
2026-05-06,SMX,-0.0727231691586468,-0.9807581526035748
2026-05-06,SNDK,-0.0021910896280808,0.0667167741901179
2026-05-06,SNEX,0.1221605019619331,1.9134675741715848
2026-05-06,SOBR,0.7139621373840667,10.702338948246792
2026-05-06,SOLS,-0.0660120542713742,-0.8810910986610703
2026-05-06,SPPL,-0.0028401544856422,0.0570774842573182
2026-05-06,SPT,0.0421223716446161,0.7248178809705855
2026-05-06,SRRK,0.0016212812224194,0.1233344565853701
2026-05-06,STEX,-0.0241512827010511,-0.2594149914487554
2026-05-06,STFS,-0.0472279945670971,-0.6021282253900613
2026-05-06,STKE,-0.0709792820320758,-0.9548596103742936
2026-05-06,STOK,-0.0035665702899755,0.046289452108967
2026-05-06,STRO,0.0822710642389482,1.3210678301569785
2026-05-06,STRZ,-0.0051964627523595,0.0220838495082747
2026-05-06,STTK,-0.0051281625014532,0.0230981794528079
2026-05-06,STX,0.0195330380629298,0.3893427227549403
2026-05-06,SUNS,-0.0097930092893756,-0.0461796595135773
2026-05-06,SWIM,-0.0353400053683903,-0.4255791898516542
2026-05-06,SWMR,-0.0701232350555052,-0.9421464201481822
2026-05-06,SYNA,-0.0208187087834495,-0.2099227938046806
2026-05-06,TACT,-0.0145133921639743,-0.11628226727613
2026-05-06,TBLA,0.1350613111233477,2.105058042251801
2026-05-06,TCMD,0.0330551455092608,0.5901601182111998
2026-05-06,TENB,0.0103467657638551,0.2529170003315675
2026-05-06,TH,-0.0179837934609856,-0.1678213452208871
2026-05-06,TIGO,-0.0405417517120042,-0.5028305470601871
2026-05-06,TILE,-0.0231307215558689,-0.2442585942752546
2026-05-06,TLS,0.039766164983643,0.6898257551727922
2026-05-06,TMCI,-0.018773692505734,-0.1795521696851469
2026-05-06,TNDM,0.0025650701196467,0.137350705824178
2026-05-06,TNGX,0.055802861974336,0.9279874273954166
2026-05-06,TORO,-0.0382050868811747,-0.4681286378168358
2026-05-06,TOYO,0.0058137082795851,0.1855963699448003
2026-05-06,TPG,-0.0212729243615961,-0.2166683687633989
2026-05-06,TRDA,-0.5700116031875752,-8.36600993444087
2026-05-06,TRUP,0.0085929765339154,0.2268714015420621
2026-05-06,TSEM,0.0094904938461943,0.2402004694957148
2026-05-06,TSHA,-0.0405018354696853,-0.5022377492399734
2026-05-06,TSLA,0.0276540160233963,0.5099477134378883
2026-05-06,TTMI,-0.0241836382473362,-0.2598955050491187
2026-05-06,TVGN,0.0353541994107158,0.6243034659353759
2026-05-06,TZOO,0.0022346644209221,0.1324438366748883
2026-05-06,UAL,-0.0005876548587711,0.0905294524604833
2026-05-06,UFPT,0.0047334820901374,0.1695538846495524
2026-05-06,ULCC,0.1495148549285835,2.319708238872445
2026-05-06,UNB,-0.0322340123427637,-0.3794519547156199
2026-05-06,URBN,-0.0250778735862689,-0.2731758322763765
2026-05-06,URGN,0.0228752127073753,0.4389775012035904
2026-05-06,USAR,-0.0720054269394584,-0.9700989322388144
2026-05-06,VC,-0.0192078579955534,-0.1859999799254195
2026-05-06,VECO,-0.1033717306158198,-1.4359212483516854
2026-05-06,VHCP,,
2026-05-06,VIAV,0.0031443395481577,0.1459534608579415
2026-05-06,VICR,-0.011750894162439,-0.0752562914196837
2026-05-06,VNCE,-0.0553096782064454,-0.7221496544311208
2026-05-06,VRAX,0.0725916343275867,1.177318202961962
2026-05-06,VREX,-0.0325236286099962,-0.3837530582749753
2026-05-06,VSAT,0.0315216780253611,0.5673865270860113
2026-05-06,VSEC,-0.0281712513455779,-0.3191157175533047
2026-05-06,VTGN,-0.0242228044996459,-0.2604771647356603
2026-05-06,VTSI,-0.0394359090386198,-0.4864076302674566
2026-05-06,VTVT,-0.0107572839869281,-0.0605001442483288
2026-05-06,WATT,-0.0605611589070746,-0.8001396187007294
2026-05-06,WAY,0.0471213000040793,0.7990571796305156
2026-05-06,WDC,0.0139296550158862,0.3061266417026937
2026-05-06,WEN,0.0452261265877394,0.7709118782477357
2026-05-06,WERN,-0.0069268157799758,-0.0036136972391482
2026-05-06,WEST,-0.0486416446931206,-0.6231224038138897
2026-05-06,WGS,0.1767487906653481,2.724160582147098
2026-05-06,WINA,-0.0297298252719789,-0.3422621655288241
2026-05-06,WIX,0.0630432609314583,1.0355149016744385
2026-05-06,WLDN,-0.0126623816349295,-0.0887928308195551
2026-05-06,WLFC,-0.0569267334698765,-0.7461646112416573
2026-05-06,WSC,-0.011167933452784,-0.0665987170119301
2026-05-06,WVE,0.0299781047337654,0.5444628541789313
2026-05-06,WYFI,-0.052182501559497,-0.6757078204297045
2026-05-06,XEL,-0.0127711039222881,-0.0904074701545892
2026-05-06,XENE,-0.0188715825609938,-0.1810059390784433
2026-05-06,XLO,-0.0111208274776977,-0.065899144163187
2026-05-06,XMTR,0.3798604342100716,5.740580278956918
2026-05-06,XNDU,0.1721242383870131,2.6554811586642946
2026-05-06,XOS,-0.0083687386803136,-0.0250277558423525
2026-05-06,ZD,-0.014936895252985,-0.1225717297464108
2026-05-06,ZSQR,-0.0619917880918618,-0.8213859538517366
2026-05-06,ZVRA,-0.0184966564023954,-0.1754378946773038
2026-05-07,AAL,-0.0007932624110503,-0.0365925040046584
2026-05-07,AAON,0.0568718190313348,0.943843545169251
2026-05-07,ABSI,-0.0025139094423021,-0.0658473725515595
2026-05-07,ACHV,0.0805257988906753,1.3460143906869495
2026-05-07,ACIC,-0.0215000824723087,-0.3886550060250396
2026-05-07,ADAM,0.0120067625679061,0.1810367025409727
2026-05-07,ADEA,0.0635704771098096,1.057735794984049
2026-05-07,ADTN,0.0098151387350128,0.1437741693362961
2026-05-07,ADTX,0.0430833266402147,0.7094081699669935
2026-05-07,ADUR,0.0160145604060715,0.2491782776511127
2026-05-07,ADV,-0.1288264530402816,-2.213444637805465
2026-05-07,AEI,0.1296102429454225,2.1805603100058426
2026-05-07,AEIS,0.0029895822887949,0.0277243619285047
2026-05-07,AEYE,-0.0160727567906503,-0.2963782656510276
2026-05-07,AFBI,0.0012703338065403,-0.0015067281406927
2026-05-07,AGEN,0.0176886863398406,0.2776421829343146
2026-05-07,AGH,-0.0509661344541625,-0.8896441465451336
2026-05-07,AGPU,-0.0663485968565948,-1.1511805961116754
2026-05-07,AIOT,0.0061323160076868,0.0811579018435499
2026-05-07,AIRO,0.0153793769088637,0.2383787299365212
2026-05-07,AKAM,0.2558510654643749,4.326938155645572
2026-05-07,AKAN,-0.2132277926654329,-3.648457194750288
2026-05-07,AKBA,-0.0095075937814706,-0.1847557321888319
2026-05-07,AKTS,-0.0326901354845989,-0.5789110689836597
2026-05-07,ALAB,-0.0062204898864822,-0.1288675746519951
2026-05-07,ALDX,-0.0021812483530271,-0.0601913860182079
2026-05-07,ALGT,0.0061350108548148,0.0812037203043094
2026-05-07,ALHC,-0.0068469102846883,-0.1395181299790124
2026-05-07,ALKS,-0.0122948474724475,-0.2321453123033964
2026-05-07,AMD,0.0801696860456119,1.339959671572005
2026-05-07,AMPH,-0.2156861278193593,-3.6902544201347527
2026-05-07,AMRX,-0.0526141569472876,-0.9176642346416656
2026-05-07,AMSC,0.0163980985498603,0.2556992885124177
2026-05-07,ANAB,0.0248600960414242,0.3995722733626619
2026-05-07,ANNA,0.0362771833390022,0.5936884296763402
2026-05-07,APLD,-0.0515158179200222,-0.898990001472992
2026-05-07,APLS,-0.0066932617184985,-0.1369057588624152
2026-05-07,APPF,-0.0196774716496438,-0.3576665237501883
2026-05-07,ARAI,-0.0017663823026846,-0.0531377303021311
2026-05-07,ARCB,-0.0135749114801192,-0.2539092787624629
2026-05-07,ARHS,-0.0772690503815329,-1.3368528615688056
2026-05-07,ARTV,-0.1549235972069279,-2.657154770202188
2026-05-07,ARWR,-0.0817951262430372,-1.4138063284662443
2026-05-07,ASBP,0.210375644419175,3.5537537426724866
2026-05-07,ASO,0.0017491559415139,0.0066343248246028
2026-05-07,ASPI,0.0090498472767568,0.1307624937254893
2026-05-07,ASRT,-0.0038496677942115,-0.0885582680959557
2026-05-07,ASST,0.0108199470602997,0.1608581702598978
2026-05-07,ASTI,0.1029103673262619,1.7266023876253933
2026-05-07,ASYS,0.1673880230908671,2.8228675189077608
2026-05-07,ATEX,0.0365075281233259,0.5976048089589349
2026-05-07,ATII,0.0070039352769187,0.0959773893277291
2026-05-07,ATOM,0.0282894363478383,0.4578787697239447
2026-05-07,AUUD,-0.0299016261642728,-0.5315001403467738
2026-05-07,AVAH,-0.0144911299147999,-0.2694870523441426
2026-05-07,AVAV,-0.0037869615998162,-0.0874921217912271
2026-05-07,AVNW,-0.0206029971019764,-0.3734025375595416
2026-05-07,AVR,0.0053848132672852,0.0684486744356555
2026-05-07,AVTX,-0.072938137287862,-1.2632176005639866
2026-05-07,AXGN,-0.0422562157635178,-0.7415559438394156
2026-05-07,AXIN,,
2026-05-07,AXTI,0.0414287637752833,0.6812768808431952
2026-05-07,BAND,-0.0017502335014452,-0.0528631643691593
2026-05-07,BCAR,0.0008552190216328,-0.0085646129036756
2026-05-07,BDTX,0.0983436935065783,1.6489586641510765
2026-05-07,BEAM,0.0224878533192375,0.3592388129036478
2026-05-07,BELFA,0.0120373334910772,0.1815564769761038
2026-05-07,BELFB,0.0117455063846459,0.1765947599696473
2026-05-07,BGDE,-0.0631355917649486,-1.096552284848877
2026-05-07,BHAV,,
2026-05-07,BIOA,-0.0052942827585916,-0.1131199708253523
2026-05-07,BJRI,0.0492390811914055,0.8140698390549644
2026-05-07,BKNG,-0.0325025725588634,-0.5757220774955721
2026-05-07,BKR,-0.0035180900194113,-0.0829207003445973
2026-05-07,BL,-0.0019758828897436,-0.056699711361343
2026-05-07,BLMN,0.0066804618433759,0.0904776136010205
2026-05-07,BLNK,0.0470122072210594,0.7762079742507726
2026-05-07,BNZI,0.010836531194547,0.1611401378328849
2026-05-07,BRCB,-0.0004798787016656,-0.0312642762762083
2026-05-07,BTBT,-0.0346917782098111,-0.6129434961696955
2026-05-07,BWEN,0.035857643001752,0.5865553005723138
2026-05-07,BYND,-0.075042620526163,-1.2989985477178387
2026-05-07,BZAI,0.0288342532445317,0.4671418820330976
2026-05-07,CABA,-0.0299833245427491,-0.532889196486359
2026-05-07,CAEP,0.0573086937408776,0.9512713975800056
2026-05-07,CAR,-0.044983901173846,-0.7879327292387991
2026-05-07,CBRL,0.0189495579528077,0.2990798355277316
2026-05-07,CCRN,0.0048617593018713,0.0595555808939855
2026-05-07,CDNA,0.014696362188609,0.2267659438777131
2026-05-07,CDNL,0.0467619185045893,0.7719525032761251
2026-05-07,CDW,-0.0434564591624225,-0.7619627804662724
2026-05-07,CELC,-0.022520775261857,-0.4060090785586038
2026-05-07,CELH,-0.0505185240989718,-0.8820337640183874
2026-05-07,CENX,-0.0500392708445566,-0.8738853810531771
2026-05-07,CEPS,0.0050975917210356,0.0635652623082678
2026-05-07,CEVA,0.082461614167423,1.3789276032306848
2026-05-07,CGCT,0.0024056742912528,0.017796613005386
2026-05-07,CGEM,-0.0174715715014041,-0.3201612610831593
2026-05-07,CGNT,0.0009819314858833,-0.0064102160880743
2026-05-07,CGON,0.0011424848875722,-0.003680447241903
2026-05-07,CHMG,-0.0121986625208155,-0.23050995184592
2026-05-07,CHRN,0.034186351179058,0.5581395815501197
2026-05-07,CHRW,-0.0004249673934874,-0.03033066056461
2026-05-07,CHTR,-0.0234469890427108,-0.4217567955005801
2026-05-07,CLBT,-0.0117386359313847,-0.2226884654181743
2026-05-07,CLFD,0.0877998639932524,1.4696898537612555
2026-05-07,CLMT,-0.0858537246966871,-1.482811628268961
2026-05-07,CLNN,-0.0101275465058262,-0.1952963225172975
2026-05-07,CLPT,0.1016314880674744,1.7048585645613636
2026-05-07,CMPX,0.0248116990961908,0.3987494164692031
2026-05-07,COAG,-0.0168906158531322,-0.3102837087362332
2026-05-07,COCO,0.0412848697843698,0.6788303594402538
2026-05-07,COLA,0.0052450327934162,0.0660720920720517
2026-05-07,COLB,0.0093145028418244,0.1352622334313289
2026-05-07,COLL,-0.0343306615048602,-0.6068037001850742
2026-05-07,COLM,-0.009340856784728,-0.1819208283224291
2026-05-07,COYA,-0.0216401781646894,-0.3910369478121382
2026-05-07,CPSH,0.0694625946221352,1.15791504160186
2026-05-07,CRAC,,
2026-05-07,CRDO,-0.0356801210632488,-0.6297475470479011
2026-05-07,CRMD,-0.000940716428113,-0.0390995538571441
2026-05-07,CRML,-0.0518525324445567,-0.9047149055202344
2026-05-07,CRWD,0.0394035032809948,0.6468428984763771
2026-05-07,CSCO,0.0394994666485687,0.6484744915066157
2026-05-07,CSGS,-0.002690653164254,-0.0688524132474594
2026-05-07,CTSH,-0.0038096605354062,-0.08787805473667
2026-05-07,CUE,0.0109648058802533,0.1633210959260184
2026-05-07,CVGI,-0.0601598450740348,-1.045957899893454
2026-05-07,CVRX,-0.0545237913356329,-0.9501323132126904
2026-05-07,CVV,-0.0201996546123897,-0.3665448082879822
2026-05-07,CXDO,-0.0692646726579102,-1.200760441769049
2026-05-07,DARE,-0.0527214482624349,-0.9194884282524692
2026-05-07,DASH,-0.0563129104714243,-0.980551361501894
2026-05-07,DAVE,0.0175952103839549,0.2760528814959229
2026-05-07,DCBO,0.0124684374508209,0.188886213664269
2026-05-07,DDOG,0.0405381394566127,0.6661342647841487
2026-05-07,DFDV,0.0408722727088793,0.6718152813986352
2026-05-07,DGXX,0.0264265832166289,0.4262060777157135
2026-05-07,DIBS,-0.0399344521077418,-0.7020807410156935
2026-05-07,DJCO,0.0193269318276505,0.3054960399560907
2026-05-07,DOMH,0.1052135621423898,1.765761878421542
2026-05-07,DOMO,-0.024665431432777,-0.4424730558991034
2026-05-07,DOO,0.0185799856653241,0.2927962756269864
2026-05-07,DOX,-0.01756479453429,-0.3217462622618364
2026-05-07,DPRO,0.0384811379474247,0.63116061379177
2026-05-07,DRTS,0.0890524719019775,1.490987004800944
2026-05-07,DSGN,0.0062407313542186,0.0830012065153669
2026-05-07,EIKN,0.0739519482204206,1.234244147451563
2026-05-07,ENGN,-0.1270236600637639,-2.1827931034771635
2026-05-07,ENPH,0.0218679716261118,0.3486994302658101
2026-05-07,ERII,-0.0492873263764398,-0.8611006342865367
2026-05-07,ERNA,-0.011402050215013,-0.2169657513993345
2026-05-07,ESOA,-0.0119474698696958,-0.2262391119496572
2026-05-07,ESPR,-0.0228286206873188,-0.4112431430070786
2026-05-07,EYE,0.0057250442818042,0.0742333667197501
2026-05-07,EZGO,-0.3670794774237155,-6.264281783741297
2026-05-07,FA,0.029871924400976,0.48478462498114
2026-05-07,FABC,-0.0399075861141776,-0.7016239587147185
2026-05-07,FACT,0.007284582052496,0.1007490155697787
2026-05-07,FCEL,0.0956582206013149,1.6032995862560644
2026-05-07,FDMT,0.010861151795119,0.1615587434040436
2026-05-07,FEIM,0.1207625584888426,2.030129779501629
2026-05-07,FENC,-0.006341645470893,-0.1309274920152225
2026-05-07,FFAI,0.0953782317132518,1.5985391455810698
2026-05-07,FGMC,0.0114977790328235,0.1723828379534491
2026-05-07,FLNC,0.2478674892133274,4.191199407653407
2026-05-07,FLWS,0.0799751581831571,1.3366522604984603
2026-05-07,FLXS,0.0109833157610736,0.1636358055209436
2026-05-07,FLYW,-0.0483640738607017,-0.845403265510174
2026-05-07,FMAO,0.0104238018655316,0.15412281118396
2026-05-07,FNKO,0.1750080559543498,2.9524252118542758
2026-05-07,FOSL,-0.0223568280427595,-0.403221607185211
2026-05-07,FOXF,-0.043957305434042,-0.7704782932776211
2026-05-07,FRMI,0.0127274068281056,0.1932892753919416
2026-05-07,FROG,0.2279826039785613,3.853111645871096
2026-05-07,FSEA,-0.0054582054200299,-0.115907024663318
2026-05-07,FTRE,-0.0356079918034597,-0.628521187442945
2026-05-07,FWRD,-0.42665696872066,-7.27723310065273
2026-05-07,FWRG,0.0093076664006171,0.1351459985585079
2026-05-07,GALT,-0.0062890515326842,-0.1300332768038993
2026-05-07,GDRX,0.0436164444119471,0.7184723708453702
2026-05-07,GELS,0.0336534906041847,0.5490797535966767
2026-05-07,GFS,0.0233391703320852,0.3737131163780113
2026-05-07,GH,0.0184272421661976,0.2901992926855821
2026-05-07,GLSI,-0.0263463448298135,-0.4710523633200171
2026-05-07,GLUE,-0.0371003681278222,-0.653894940687368
2026-05-07,GMM,0.0080609059375432,0.1139482672433486
2026-05-07,GPRE,0.0853053637496573,1.4272777405322592
2026-05-07,GPRO,-0.0185146202830104,-0.3378954357509865
2026-05-07,GRAL,-0.0329258708230743,-0.5829190998079357
2026-05-07,GRPN,0.1395444373101599,2.3494639520551504
2026-05-07,GSHD,-0.0218451047660719,-0.394521160829868
2026-05-07,GSIT,0.0192711696649667,0.3045479578046816
2026-05-07,GTX,0.0606314241612126,1.007765286156892
2026-05-07,GV,0.0966974686981402,1.620969140736465
2026-05-07,HCKT,-0.0292071107319914,-0.5196918163232211
2026-05-07,HCSG,0.0257349091903265,0.4144460639829371
2026-05-07,HELE,-0.0591575562388093,-1.0289167359661753
2026-05-07,HLMN,-0.0052026593960449,-0.1115621676394314
2026-05-07,HOOD,-0.004627209414989,-0.1017782240151195
2026-05-07,HOVR,0.067763792634178,1.1290315879113335
2026-05-07,HPK,0.0376109147667475,0.6163648629522406
2026-05-07,HROW,-0.0259823554635773,-0.4648637256341344
2026-05-07,HTCO,0.0421823870425814,0.6940901709708345
2026-05-07,HUHU,-0.0363940617369662,-0.641886143855111
2026-05-07,HUT,-0.0744125892617084,-1.2882865995452677
2026-05-07,HYMC,-0.0348600976608419,-0.6158053053172752
2026-05-07,IEAG,,
2026-05-07,IKT,0.0334976830023701,0.5464306740196879
2026-05-07,IMDX,0.0080978018743708,0.1145755811329513
2026-05-07,IMSR,-0.0144411386465081,-0.2686370883737257
2026-05-07,IMUX,-0.0088365665949967,-0.1733467611592495
2026-05-07,IMVT,0.0492283721060715,0.8138877605240334
2026-05-07,IMXI,0.0023837833610394,0.0174244179682095
2026-05-07,INDI,-0.0572037682296967,-0.9956979465590776
2026-05-07,INDV,-0.017040695182256,-0.3128353947969867
2026-05-07,INOD,0.8476250715867926,14.388426911994085
2026-05-07,INSM,-0.0484533139415871,-0.8469205475488493
2026-05-07,INTC,0.1034336316733141,1.7354990581279734
2026-05-07,IPCX,0.0039371762477993,0.0438355899741224
2026-05-07,IPSC,-0.0167189081777801,-0.3073642921564913
2026-05-07,IPST,-0.0629368386432378,-1.093173034867139
2026-05-07,IPWR,-0.0573319019577975,-0.9978765080559622
2026-05-07,IREN,0.0334942425021799,0.5463721777802089
2026-05-07,IRHO,0.0018019234707306,0.0075314914733931
2026-05-07,IRWD,-0.0242994512896837,-0.4362505705302248
2026-05-07,ISSC,0.0102608725447529,0.151352646370816
2026-05-07,JACK,-0.0073283092362773,-0.1477029946209539
2026-05-07,JBHT,0.0040381077741799,0.0455516528753872
2026-05-07,JBIO,0.0511249861486841,0.8461344639402896
2026-05-07,JBLU,-0.0077683030548824,-0.1551838788993388
2026-05-07,KALU,0.0038997361333156,0.0431990238407381
2026-05-07,KALV,0.0067042190980616,0.0908815403508084
2026-05-07,KEEL,-0.0334861146974843,-0.5924445054270923
2026-05-07,KMTS,-0.0160253319498608,-0.2955719367189709
2026-05-07,KOPN,0.0998344897006159,1.674305551626923
2026-05-07,KROS,0.03418524632264,0.5581207965066547
2026-05-07,KXIN,0.0122356529012417,0.1849283528863185
2026-05-07,LASR,0.0826181362096755,1.381588829901596
2026-05-07,LBRDA,-0.0108049849276257,-0.2068142989636038
2026-05-07,LBRDK,-0.0104896461572661,-0.2014528308024666
2026-05-07,LBRX,-0.0037917740439408,-0.0875739441625197
2026-05-07,LBTYB,,
2026-05-07,LE,0.0028527426463129,0.0253977803111802
2026-05-07,LFUS,0.0210581859177281,0.334931252353871
2026-05-07,LGIH,0.0022226357883016,0.0146845468781666
2026-05-07,LGN,-0.0084410570297703,-0.1666222092147839
2026-05-07,LGND,0.0554577745151254,0.91980160879891
2026-05-07,LIEN,-0.0082953351495099,-0.1641446095827884
2026-05-07,LIFE,-0.0372843900536676,-0.6570237272150945
2026-05-07,LINC,0.0024791710327118,0.0190462228736254
2026-05-07,LIND,-0.0191556435294637,-0.3487942723339068
2026-05-07,LINK,-0.0250520301839646,-0.4490461039682132
2026-05-07,LITE,-0.0154003488862123,-0.2849458193113968
2026-05-07,LLYVA,-0.0196689210531074,-0.3575211443823534
2026-05-07,LMB,-0.0256825802435115,-0.4597668728239077
2026-05-07,LMRI,0.0135443388091289,0.207178956007732
2026-05-07,LOVE,0.0170060246960275,0.2660353999689347
2026-05-07,LQDA,-0.0072123850208293,-0.1457320222932544
2026-05-07,LRMR,-0.0121319034171206,-0.2293748969698001
2026-05-07,LWAY,-0.008074424596051,-0.1603886334385335
2026-05-07,LWLG,0.0808648330277082,1.351778733362503
2026-05-07,LXRX,0.1934422483929838,3.265847934100904
2026-05-07,MASI,-0.0041241560879294,-0.0932251862985441
2026-05-07,MBBC,,
2026-05-07,MBX,0.1936632366778684,3.2696052318541797
2026-05-07,MCW,-0.0034221001813883,-0.0812886572572034
2026-05-07,MDAI,0.0192984700345587,0.3050121254748601
2026-05-07,MDB,0.0154545538511038,0.2396569069961066
2026-05-07,MELI,-0.1208858522258979,-2.078436568870368
2026-05-07,MGNX,0.0178129487915062,0.2797549240269176
2026-05-07,MKSI,0.0212110928235264,0.3375310135761292
2026-05-07,MLTX,-0.010416476049254,-0.2002087744372867
2026-05-07,MMED,-0.0170137395139096,-0.3123770878230731
2026-05-07,MNPR,0.0124216716614311,0.1880910900879404
2026-05-07,MNTS,0.2568207033815787,4.343424180548222
2026-05-07,MOVE,-0.0217727278012556,-0.3932905896824654
2026-05-07,MPLT,-0.0552900792027041,-0.9631609300138616
2026-05-07,MRAM,0.2338152852868217,3.952280343372632
2026-05-07,MRLN,-0.0139628404445445,-0.2605049434477062
2026-05-07,MRVI,0.2187360219840532,3.695898960268356
2026-05-07,MSFT,-0.019802787633406,-0.3597971772573876
2026-05-07,MSTR,0.0252221351777245,0.4057277527543844
2026-05-07,MTCH,0.0100982379882346,0.1485874932128978
2026-05-07,MTSI,0.0255284075809868,0.4109350722883987
2026-05-07,MU,0.1143430204034483,1.920983197193341
2026-05-07,MWH,0.0132649480455596,0.2024286847940652
2026-05-07,MXL,0.1890367610540551,3.1909447432404088
2026-05-07,MYRG,-0.0023534289078474,-0.063118842612218
2026-05-07,NAMS,0.1148430924139002,1.929485545823853
2026-05-07,NAUT,-0.080498008062919,-1.3917524027278865
2026-05-07,NB,0.0033409850336118,0.0336989987482132
2026-05-07,NEGG,-0.145228447754049,-2.4923154291665166
2026-05-07,NEO,-0.0088116447154817,-0.1729230331686094
2026-05-07,NERV,-0.041012343091706,-0.7204073114691482
2026-05-07,NESR,-0.0247036654009272,-0.4431231193298638
2026-05-07,NEXT,0.0025980892723921,0.0210681003455816
2026-05-07,NKLR,-0.0460594483750254,-0.8062194501147252
2026-05-07,NKSH,0.0010447105064522,-0.005342831574639
2026-05-07,NKTR,-0.041030851157122,-0.7207219901981188
2026-05-07,NNBR,-0.0059822682183459,-0.1248172706327664
2026-05-07,NNE,0.0207832013063188,0.3302558956345169
2026-05-07,NRXP,0.0024696706567029,0.0188846951191007
2026-05-07,NSIT,0.185462986382697,3.130182537902593
2026-05-07,NSTS,-0.0086110523159207,-0.1695125113276502
2026-05-07,NUAI,0.0326481322176772,0.531986400395466
2026-05-07,NUCL,0.0129976183151205,0.1978834782638302
2026-05-07,NVAX,0.0859303720432895,1.437904286906288
2026-05-07,NVMI,0.016489161128771,0.2572475571155572
2026-05-07,NVTS,0.1126627851577459,1.8924154198699876
2026-05-07,NXT,0.0228186539687225,0.3648631677772172
2026-05-07,ODD,-0.0051183456515047,-0.1101286443958954
2026-05-07,ODFL,-0.0046446155713585,-0.102074167812568
2026-05-07,OLPX,-0.0046515910494342,-0.1021927666247884
2026-05-07,OMEX,-0.0362949536165164,-0.6402010829547471
2026-05-07,ON,-0.001287360342758,-0.0449932798633115
2026-05-07,ONDS,-0.0021914459553055,-0.0603647681870847
2026-05-07,ONEW,0.0003231829314279,-0.0176104227638343
2026-05-07,OPEN,-0.0870207538198967,-1.5026537475239865
2026-05-07,OPRT,-0.0061885761342547,-0.1283249691034441
2026-05-07,OPRX,-0.0223997211669984,-0.4039508867459708
2026-05-07,OPTX,0.0129051793210589,0.1963118075081416
2026-05-07,ORBS,0.064782721051905,1.0783466678293512
2026-05-07,ORMP,0.0396371962575609,0.6508162045557772
2026-05-07,OTLK,0.0256197850772375,0.4124886951944378
2026-05-07,PAHC,-0.096331533987208,-1.660957946419224
2026-05-07,PALI,-0.0969162988930066,-1.670900264709533
2026-05-07,PANW,0.0543141155022508,0.9003568339691852
2026-05-07,PCT,0.0601007893953475,0.998743301961501
2026-05-07,PENG,0.1102000373954762,1.8505431702215736
2026-05-07,PEPG,-0.014707078292691,-0.2731586603458865
2026-05-07,PFIS,0.0048203689118634,0.0588518511941727
2026-05-07,PHOE,0.263316066129287,4.453859952613806
2026-05-07,PHVS,0.0115146343485278,0.1726694162209777
2026-05-07,PICS,-0.0389724522984149,-0.6857245811218611
2026-05-07,PLAB,0.0454776746787657,0.7501174705098143
2026-05-07,PLSE,-0.042800624114148,-0.7508121099468456
2026-05-07,PMTR,0.0022231440072479,0.0146931877430248
2026-05-07,PNRG,0.0471898252524157,0.7792278801725052
2026-05-07,PNTG,0.010208126175082,0.1504558394818829
2026-05-07,POET,0.1368341792141007,2.3033834701850817
2026-05-07,POLE,0.0037177905049287,0.0401055390385299
2026-05-07,POWI,-0.0034333650738555,-0.0814801857591773
2026-05-07,POWL,-0.0194305374884694,-0.3534680877585598
2026-05-07,PPTA,0.0351448874551628,0.5744368535911383
2026-05-07,PRAA,-0.0909451953484255,-1.569378077936821
2026-05-07,PRE,0.0193714639392164,0.3062531859868073
2026-05-07,PRTA,0.0241595207883978,0.3876609187604414
2026-05-07,PRTH,0.0180302880656569,0.2834501803926185
2026-05-07,PSIG,-0.0476874386320931,-0.8338989451541593
2026-05-07,PTEN,-0.0104117395380377,-0.2001282430961771
2026-05-07,PTON,-0.0032780447521865,-0.0788393910403532
2026-05-07,PURR,0.0143093084923569,0.2201851607195245
2026-05-07,PYXS,0.2062458395226951,3.483537773228147
2026-05-07,QCOM,0.0796672144008676,1.3314165237627518
2026-05-07,QDEL,-0.0058564280803529,-0.1226777053250401
2026-05-07,QMCO,0.0229097309365795,0.3664116810248
2026-05-07,QNTM,-0.0204853431132324,-0.3714021551962745
2026-05-07,QSEA,0.0052123951110833,0.0655171780838932
2026-05-07,QTI,-0.0028129412980641,-0.0709315864971043
2026-05-07,QTRX,0.0175072665465752,0.2745576385115545
2026-05-07,QURE,0.1455400113148644,2.451402191673792
2026-05-07,RBCAA,0.0060738034699022,0.0801630571309835
2026-05-07,RDVT,0.0115451640476883,0.1731884897552332
2026-05-07,RDZN,-0.0345910269862783,-0.6112304988222681
2026-05-07,RFIL,0.0099282591718858,0.1456974711236938
2026-05-07,RGNX,0.0122931821291506,0.1859064791199462
2026-05-07,RGTI,0.0179879228676781,0.2827298767653662
2026-05-07,RILY,-0.0699764643222825,-1.212862500585168
2026-05-07,RIOT,-0.026953335175517,-0.4813725640644291
2026-05-07,RKLB,0.3166827067694473,5.361212842754081
2026-05-07,RLAY,0.0066460794219079,0.0898930351243772
2026-05-07,RMBS,0.0082536289367741,0.117224991583706
2026-05-07,ROOT,-0.0222993225188532,-0.4022438839729294
2026-05-07,RVMD,-0.0283879340058208,-0.5057639699924317
2026-05-07,RXT,0.5135075724520015,8.707678136170768
2026-05-07,RZLT,0.0351100222107493,0.5738440660387558
2026-05-07,SABR,-0.0172081058662825,-0.3156817528620571
2026-05-07,SAIA,-0.0067486864518891,-0.1378481039571029
2026-05-07,SAIL,0.009441593972015,0.1374230684193737
2026-05-07,SANM,0.0223097609329698,0.3562108418817967
2026-05-07,SATL,0.1252437095175229,2.1063194232238973
2026-05-07,SCVL,0.0042624976456175,0.0493667852488087
2026-05-07,SCZM,0.0151862388871588,0.2350949492808946
2026-05-07,SEAT,0.0238269304066489,0.3820061344140262
2026-05-07,SEIC,0.0060897203411764,0.0804336797330317
2026-05-07,SEPN,-0.015411175553233,-0.2851298969953956
2026-05-07,SERV,-0.0645367587270576,-1.1203752738432782
2026-05-07,SEZL,-0.0507139464036733,-0.8853563826213534
2026-05-07,SFIX,-0.011092055472602,-0.2116951437298085
2026-05-07,SGHT,0.0403267496690775,0.6625401630688189
2026-05-07,SGML,-0.1075036257867304,-1.8509086283735356
2026-05-07,SHMD,0.0726393424715999,1.2119268982201974
2026-05-07,SHOO,0.0167620184576021,0.261886745247713
2026-05-07,SIBN,-0.0495920484566314,-0.8662815948423225
2026-05-07,SITM,0.0055119887113256,0.0706109429487322
2026-05-07,SKIN,-0.3559588070697317,-6.075205381986469
2026-05-07,SLNO,0.00935541716468,0.1359578689190761
2026-05-07,SMTC,-0.0204598340057507,-0.370968443009771
2026-05-07,SMX,-0.0681319589873953,-1.1815017623709376
2026-05-07,SNDK,0.1176120336539355,1.9765637730953656
2026-05-07,SNEX,0.0016729900455019,0.0053393333271511
2026-05-07,SOBR,-0.0616365758367454,-1.07106564340947
2026-05-07,SOLS,-0.007051229673684,-0.1429920190208018
2026-05-07,SPPL,0.0238327925493012,0.3821058040206222
2026-05-07,SPT,0.0982803683161035,1.6478819935211333
2026-05-07,SRRK,0.0308159660646066,0.5008354560177755
2026-05-07,STEX,-0.0419766496867642,-0.7368026919074083
2026-05-07,STFS,0.2696850096362266,4.562146313322314
2026-05-07,STKE,0.1635384370350969,2.7574158998504754
2026-05-07,STOK,-0.0050474185699991,-0.108922724524954
2026-05-07,STRO,-0.0042912528177488,-0.096066206436141
2026-05-07,STRZ,-0.0328930143850322,-0.5823604664808322
2026-05-07,STTK,0.0703225645928392,1.1725364648166632
2026-05-07,STX,-0.0173436158906374,-0.3179857279814673
2026-05-07,SUNS,-0.0074005400484963,-0.1489310808455672
2026-05-07,SWIM,-0.046050592574762,-0.8060688815972559
2026-05-07,SWMR,-0.0198107084935051,-0.3599318496897742
2026-05-07,SYNA,0.1693951688205251,2.856993509543329
2026-05-07,TACT,-0.0053862875678314,-0.1146842594627698
2026-05-07,TBLA,0.0086205814123778,0.1234640087916315
2026-05-07,TCMD,-0.0234194809404351,-0.4212890959076757
2026-05-07,TENB,0.0109207923390381,0.1625727667573104
2026-05-07,TH,-0.0130277764673418,-0.2446067532674074
2026-05-07,TIGO,-0.0128028506524083,-0.2407825086494418
2026-05-07,TILE,0.0730718034109742,1.2192797066133634
2026-05-07,TLS,0.0204993285568097,0.3254294205817606
2026-05-07,TMCI,0.0549830123142134,0.9117295838417556
2026-05-07,TNDM,-0.1564934409819295,-2.6838456442993768
2026-05-07,TNGX,-0.0471883759403935,-0.8254137572119742
2026-05-07,TORO,-0.0045070661957274,-0.0997355191358143
2026-05-07,TOYO,0.0352602700116107,0.5763986164978719
2026-05-07,TPG,-0.0039898408204794,-0.0909415247330273
2026-05-07,TRDA,0.0100708567130197,0.148121949965208
2026-05-07,TRUP,-0.0363145393477062,-0.6405340844250925
2026-05-07,TSEM,-0.0115378150748107,-0.2192740592942896
2026-05-07,TSHA,-0.0047964906103822,-0.1046563849794209
2026-05-07,TSLA,0.0312786233453197,0.5087016701126458
2026-05-07,TTMI,-0.0112809589698283,-0.2149069279476239
2026-05-07,TVGN,0.0100886985153758,0.148425300724014
2026-05-07,TZOO,-0.0413226400957294,-0.7256830582657451
2026-05-07,UAL,-0.0110940419608652,-0.2117289184970638
2026-05-07,UFPT,0.0364844042723056,0.5972116514957193
2026-05-07,ULCC,-0.0221142779078226,-0.3990977094974625
2026-05-07,UNB,-0.0148274483652911,-0.2752052222420444
2026-05-07,URBN,0.0057439191926963,0.0745542826466968
2026-05-07,URGN,0.0918846912904944,1.5391411028827386
2026-05-07,USAR,-0.0061649934349001,-0.1279240101867871
2026-05-07,VC,0.0076212488253079,0.1064731077303619
2026-05-07,VECO,-0.0030244303298782,-0.0745273755883359
2026-05-07,VHCP,0.0017942147147242,0.0074004252875163
2026-05-07,VIAV,-0.0170184320571016,-0.312456871608904
2026-05-07,VICR,-0.047560773926489,-0.8317453603429356
2026-05-07,VNCE,-0.050906993758836,-0.8886386217418913
2026-05-07,VRAX,0.2857318654231249,4.834978944367659
2026-05-07,VREX,-0.1763613503325222,-3.021644777879076
2026-05-07,VSAT,0.0309212212661808,0.502625031119469
2026-05-07,VSEC,-0.050157445312303,-0.8758946127298263
2026-05-07,VTGN,0.0389022917485779,0.6383211754101531
2026-05-07,VTSI,-0.0352037418776882,-0.6216480297157977
2026-05-07,VTVT,-0.0099876701567764,-0.1929181100600365
2026-05-07,WATT,0.0616644647822334,1.0253292995905976
2026-05-07,WAY,0.0256596327596654,0.4131661953964854
2026-05-07,WDC,-0.0026062483329515,-0.0674173413241495
2026-05-07,WEN,0.0758487000278061,1.266493193178735
2026-05-07,WERN,-0.0033439123398007,-0.0799592881384549
2026-05-07,WEST,0.3739859050240692,6.335496064012059
2026-05-07,WGS,0.0541744348610417,0.897981948985282
2026-05-07,WINA,0.0132884523985828,0.2028283116469194
2026-05-07,WIX,0.0057597381486912,0.0748232404688273
2026-05-07,WLDN,0.1830922437611497,3.089874582527546
2026-05-07,WLFC,-0.0291980341102436,-0.5195374933439806
2026-05-07,WSC,0.2001051400006638,3.379132073488353
2026-05-07,WVE,-0.0135103924060936,-0.2528123094276112
2026-05-07,WYFI,0.0206584132467513,0.3281342180257076
2026-05-07,XEL,-0.0146755322654159,-0.2726223069483874
2026-05-07,XENE,0.0028957557608527,0.0261290999768639
2026-05-07,XLO,-0.0036909640451145,-0.0858599475029418
2026-05-07,XMTR,-0.0009318732057711,-0.0389491991926234
2026-05-07,XNDU,-0.0267410195560024,-0.47776272112364
2026-05-07,XOS,-0.0045806207811471,-0.1009861124814533
2026-05-07,ZD,-0.0548832720329238,-0.9562442933883925
2026-05-07,ZSQR,-0.0347403429292048,-0.6137692056011324
2026-05-07,ZVRA,0.0074786477667386,0.1040485690845381
2026-05-08,AAL,-0.0375090552260336,-0.5282168601672506
2026-05-08,AAON,-0.0005536904392138,0.1037367031837639
2026-05-08,ABSI,-0.0040911992601607,0.0432436917447229
2026-05-08,ACHV,0.0475768736897217,0.9267912632681892
2026-05-08,ACIC,-0.0242488855847418,-0.3014619220468185
2026-05-08,ADAM,-0.0213696401651256,-0.2522255144728495
2026-05-08,ADEA,0.0546980235995231,1.0485661689311616
2026-05-08,ADTN,0.0395713994169725,0.7898940083726543
2026-05-08,ADTX,-0.0924174602572701,-1.4671755855804094
2026-05-08,ADUR,0.0183671163356701,0.4272911135336381
2026-05-08,ADV,-0.0755721340249652,-1.1791128374591364
2026-05-08,AEI,0.0244351520624642,0.5310572871923117
2026-05-08,AEIS,-0.0242964362052153,-0.3022750593063503
2026-05-08,AEYE,-0.0039132309358724,0.0462870311176771
2026-05-08,AFBI,0.0020194565871581,0.1477386888689887
2026-05-08,AGEN,-0.1434453640384465,-2.339775972854848
2026-05-08,AGH,-0.0767826535719859,-1.1998132728535311
2026-05-08,AGPU,0.1136943627345781,2.057430428724909
2026-05-08,AIOT,-0.0293905131037099,-0.3893860935650592
2026-05-08,AIRO,0.0819385850648647,1.5143921724088667
2026-05-08,AKAM,0.0103630368075604,0.2904177094064558
2026-05-08,AKAN,-0.0158403515451293,-0.1576721616278767
2026-05-08,AKBA,0.0112823176912714,0.3061378310595062
2026-05-08,AKTS,-0.0260186716321347,-0.3317260692273575
2026-05-08,ALAB,0.0056376964623456,0.2096122380917781
2026-05-08,ALDX,0.0167015550609769,0.398809257419009
2026-05-08,ALGT,-0.0336763731136426,-0.4626762510543604
2026-05-08,ALHC,-0.049872771243593,-0.7396420331733427
2026-05-08,ALKS,0.019913034860672,0.4537270241561122
2026-05-08,AMD,-0.0343738887153301,-0.4746040854167636
2026-05-08,AMPH,0.000329347480108,0.1188370536446148
2026-05-08,AMRX,-0.0332679786005565,-0.4556925189416733
2026-05-08,AMSC,0.0513828639544573,0.9918754296335746
2026-05-08,ANAB,-0.0404287137238653,-0.5781443497784711
2026-05-08,ANNA,0.0123620854600899,0.3246023515163504
2026-05-08,APLD,0.0520534775830091,1.0033432280070935
2026-05-08,APLS,-0.0185374060363868,-0.2037930213767672
2026-05-08,APPF,-0.0415771196174014,-0.5977826134184026
2026-05-08,ARAI,0.1017992289045275,1.854018224467122
2026-05-08,ARCB,-0.0205784671877086,-0.2386960963439817
2026-05-08,ARHS,-0.045913997964481,-0.6719452077011762
2026-05-08,ARTV,-0.0356982808748286,-0.4972517943298603
2026-05-08,ARWR,0.0405319385468189,0.806319664819184
2026-05-08,ASBP,-0.0115436579219923,-0.0841967444203213
2026-05-08,ASO,-0.040469445550595,-0.5788408825604389
2026-05-08,ASPI,0.1472649878185022,2.631503402110176
2026-05-08,ASRT,-0.0207200306144669,-0.2411168953943006
2026-05-08,ASST,0.1132740306644201,2.050242558951214
2026-05-08,ASTI,0.0623570689940436,1.1795393322825536
2026-05-08,ASYS,-0.0128505859824582,-0.1065458092886882
2026-05-08,ATEX,-0.0141307661822088,-0.1284374735607281
2026-05-08,ATII,0.0046603709392617,0.1928995266781696
2026-05-08,ATOM,-0.0273973162361702,-0.3553015196427632
2026-05-08,AUUD,-0.1239080314696973,-2.0056786907303774
2026-05-08,AVAH,-0.0100272464733264,-0.0582654182375392
2026-05-08,AVAV,-0.0243350330530138,-0.3029350829765565
2026-05-08,AVNW,0.011483838404167,0.3095839270008674
2026-05-08,AVR,-0.0110114353258722,-0.0750954957097679
2026-05-08,AVTX,-0.0581447696268062,-0.8810969717042116
2026-05-08,AXGN,-0.0366334533030649,-0.5132436686295924
2026-05-08,AXIN,0.0012953658063935,0.1353564068448908
2026-05-08,AXTI,0.0339541160227686,0.693835904825379
2026-05-08,BAND,-0.0111362578593841,-0.0772300178635718
2026-05-08,BCAR,-0.0140675244870402,-0.1273560117798826
2026-05-08,BDTX,-0.0472833744083139,-0.6953621683573937
2026-05-08,BEAM,-0.0312391221751461,-0.4209981503442634
2026-05-08,BELFA,0.002079862293112,0.1487716539430578
2026-05-08,BELFB,-0.0054913906498126,0.0192997814851907
2026-05-08,BGDE,0.0031053312107527,0.1663076393229094
2026-05-08,BHAV,-0.006685982509123,-0.0011282831976017
2026-05-08,BIOA,-0.0171967222043765,-0.1808667174462449
2026-05-08,BJRI,-0.0009212785682317,0.0974507788174796
2026-05-08,BKNG,-0.0544207727949089,-0.8174149303713464
2026-05-08,BKR,0.0002238627909796,0.1170332174341431
2026-05-08,BL,-0.0960821525352841,-1.529843492040958
2026-05-08,BLMN,0.0440184171626339,0.865940036516806
2026-05-08,BLNK,0.1238669528559607,2.231386351303432
2026-05-08,BNZI,0.0914398264481607,1.676867725906135
2026-05-08,BRCB,-0.0455083920896873,-0.6650091625729355
2026-05-08,BTBT,0.1962140571285334,3.468554773450515
2026-05-08,BWEN,-0.0369917664717763,-0.5193709869518163
2026-05-08,BYND,-0.0277193402367693,-0.3608082766680858
2026-05-08,BZAI,-0.0259929539298879,-0.3312862848098635
2026-05-08,CABA,-0.0381703414150505,-0.5395251550780087
2026-05-08,CAEP,0.1421736242652684,2.5444387672907927
2026-05-08,CAR,0.0527333063338253,1.0149686091669072
2026-05-08,CBRL,0.0050181968055561,0.1990185119071982
2026-05-08,CCRN,0.0029546279471538,0.1637305449013189
2026-05-08,CDNA,-0.0114869488659461,-0.0832269937427287
2026-05-08,CDNL,0.0996682389433824,1.8175773259080263
2026-05-08,CDW,-0.01320273911925,-0.1125677882604719
2026-05-08,CELC,-0.0715393449211373,-1.1101503076854862
2026-05-08,CELH,-0.05072218091919,-0.7541673253558149
2026-05-08,CENX,0.004728562875866,0.1940656398413725
2026-05-08,CEPS,0.0017728562984147,0.1435217116562401
2026-05-08,CEVA,-0.0256360917548582,-0.3251837791402233
2026-05-08,CGCT,0.0072884535690927,0.2378409361943041
2026-05-08,CGEM,0.0072091402175819,0.2364846417727042
2026-05-08,CGNT,-0.0238235080134639,-0.2941877719067949
2026-05-08,CGON,-0.0334488409947283,-0.4587853482272829
2026-05-08,CHMG,-0.0101401654088781,-0.060196383446606
2026-05-08,CHRN,-0.0766448630366802,-1.1974569919648197
2026-05-08,CHRW,-0.0024386165338387,0.0715036087731703
2026-05-08,CHTR,-0.0394406766824844,-0.5612484665251104
2026-05-08,CLBT,-0.0353267458584413,-0.4908983763925713
2026-05-08,CLFD,0.1605995302495758,2.859530148797241
2026-05-08,CLMT,0.0078448602518643,0.247355743797427
2026-05-08,CLNN,-0.1095909112350568,-1.76084941624212
2026-05-08,CLPT,-0.0416691223952591,-0.5993559028079348
2026-05-08,CMPX,-0.0004653231411947,0.1052478242128497
2026-05-08,COAG,0.0004296493105378,0.1205522606116237
2026-05-08,COCO,0.0140129665504224,0.3528331697946356
2026-05-08,COLA,0.0047614592262259,0.1946281824099848
2026-05-08,COLB,-0.0219821845624328,-0.2627003025536066
2026-05-08,COLL,-0.043735292189671,-0.6346883470037635
2026-05-08,COLM,-0.0541856263347986,-0.813393818843065
2026-05-08,COYA,0.015633721695446,0.3805488206920239
2026-05-08,CPSH,0.077905291063565,1.4454210086585713
2026-05-08,CRAC,0.0019682878022366,0.1468636793500725
2026-05-08,CRDO,0.0825472327318531,1.52480032462702
2026-05-08,CRMD,-0.0300935421392406,-0.4014082101564055
2026-05-08,CRML,-0.0656178299039441,-1.0088897048707524
2026-05-08,CRWD,0.0283626758939637,0.5982197328826692
2026-05-08,CSCO,0.0200297163944399,0.4557223315077582
2026-05-08,CSGS,0.0069307809495731,0.2317245715548973
2026-05-08,CTSH,-0.0417869086087597,-0.6013701006859606
2026-05-08,CUE,-0.063068367762785,-0.9652927415062172
2026-05-08,CVGI,-0.014944077840445,-0.1423454732111769
2026-05-08,CVRX,0.0230330698120636,0.5070810423530826
2026-05-08,CVV,0.0365090837571964,0.7375270163414638
2026-05-08,CXDO,0.0242224684678548,0.52742030089127
2026-05-08,DARE,-0.0813234209075765,-1.2774624616689476
2026-05-08,DASH,-0.0390214185330303,-0.5540789612843994
2026-05-08,DAVE,-0.0417769698133354,-0.6012001427591486
2026-05-08,DCBO,-0.0901085204677262,-1.4276916639364916
2026-05-08,DDOG,0.0093202274855049,0.2725851952161569
2026-05-08,DFDV,0.0996271497745859,1.81687468241402
2026-05-08,DGXX,0.0977696718060069,1.7851109634557334
2026-05-08,DIBS,-0.0204563723084176,-0.2366082183192369
2026-05-08,DJCO,-0.0288493844395997,-0.3801325470370124
2026-05-08,DOMH,0.033741377527987,0.6901979797063954
2026-05-08,DOMO,-0.027083414882297,-0.3499336635746329
2026-05-08,DOO,2.1983104467987157e-05,0.1135809828805082
2026-05-08,DOX,-0.0129824608939217,-0.1088009303163589
2026-05-08,DPRO,-0.0072274866275101,-0.0103882501647252
2026-05-08,DRTS,0.1987281300004455,3.5115465641984613
2026-05-08,DSGN,0.0748530000171203,1.393225442079479
2026-05-08,EIKN,-0.0023236423759905,0.0734697192192337
2026-05-08,ENGN,-0.0085282457411831,-0.0326318232342621
2026-05-08,ENPH,0.031974720174097,0.6599873346092269
2026-05-08,ERII,-0.043581528447948,-0.6320589170128385
2026-05-08,ERNA,0.0065506287567511,0.2252237959772391
2026-05-08,ESOA,0.0135115064779117,0.3442579742437467
2026-05-08,ESPR,0.007553156934943,0.2423674842677726
2026-05-08,EYE,-0.0463063306103434,-0.6786542745714924
2026-05-08,EZGO,0.0670430203391805,1.2596712337623863
2026-05-08,FA,0.0063142371613528,0.2211813920686342
2026-05-08,FABC,-0.0750385351874219,-1.1699880543936556
2026-05-08,FACT,,
2026-05-08,FCEL,0.1293671059684759,2.325441473705304
2026-05-08,FDMT,0.0510987669865837,0.9870172421357488
2026-05-08,FEIM,0.0114038355883266,0.3082158424253232
2026-05-08,FENC,0.0308657702343838,0.6410237857436616
2026-05-08,FFAI,-0.0317748720733101,-0.4301597175257188
2026-05-08,FGMC,0.0125998864690823,0.3286688570391108
2026-05-08,FLNC,0.0114565278492219,0.3091169040770188
2026-05-08,FLWS,-0.0778252833127304,-1.2176427161216494
2026-05-08,FLXS,0.0025505011200636,0.1568197921622079
2026-05-08,FLYW,-0.0432565489426221,-0.626501619511069
2026-05-08,FMAO,-0.0214722700513491,-0.2539805322538778
2026-05-08,FNKO,0.0155371941291591,0.3788981553602513
2026-05-08,FOSL,-0.0069060588152848,-0.0048916882320368
2026-05-08,FOXF,-0.0176949714840666,-0.1893870069780505
2026-05-08,FRMI,0.0178081916133867,0.417733246308419
2026-05-08,FROG,-0.0434439606590302,-0.6297064451887772
2026-05-08,FSEA,0.006297941371542,0.2209027266435199
2026-05-08,FTRE,-0.0167739348675544,-0.1736368614947294
2026-05-08,FWRD,0.087500789656652,1.6095084033578562
2026-05-08,FWRG,-0.0329369349517253,-0.4500315218250054
2026-05-08,GALT,0.0500284756042594,0.9687147722024798
2026-05-08,GDRX,-0.0201037889684914,-0.2305788826779871
2026-05-08,GELS,-0.0710897706835259,-1.1024623835346012
2026-05-08,GFS,-0.0055786400299677,0.0178077773605581
2026-05-08,GH,-0.0085202314857329,-0.032494775817234
2026-05-08,GLSI,0.0545481629107229,1.046003482922246
2026-05-08,GLUE,0.0237645905715268,0.5195903803957386
2026-05-08,GMM,0.0582986820197714,1.1101390672697888
2026-05-08,GPRE,-0.081142005297412,-1.2743601721379865
2026-05-08,GPRO,-0.0330661804083817,-0.4522416779783034
2026-05-08,GRAL,-0.0067305726352497,-0.0018907946559138
2026-05-08,GRPN,-0.0660179094883706,-1.0157312479176357
2026-05-08,GSHD,-0.0144753222234981,-0.1343295387405188
2026-05-08,GSIT,0.3791983491569176,6.597669478491727
2026-05-08,GTX,-0.0024345398083152,0.071573322635725
2026-05-08,GV,0.1674715368684633,2.977044590752542
2026-05-08,HCKT,-0.0168748880775467,-0.1753632073488246
2026-05-08,HCSG,-0.032023457831824,-0.4344106471755111
2026-05-08,HELE,-0.006158927553274,0.0078845965115278
2026-05-08,HLMN,-0.0118964149381384,-0.0902290500040038
2026-05-08,HOOD,0.0365749011395474,0.738652523545819
2026-05-08,HOVR,-0.0937468441252652,-1.4899086549814848
2026-05-08,HPK,0.0206029887914789,0.4655255505036849
2026-05-08,HROW,0.0021121548401156,0.1493238711993698
2026-05-08,HTCO,0.2421665162364457,4.254362746000798
2026-05-08,HUHU,-0.0152556810264268,-0.1476740295620249
2026-05-08,HUT,-0.0048200789525592,0.0307795171513304
2026-05-08,HYMC,0.0941345197812251,1.722948208774907
2026-05-08,IEAG,0.0008878708160706,0.1283880569810001
2026-05-08,IKT,-0.0376791292949751,-0.531125204179579
2026-05-08,IMDX,0.0053463131351426,0.2046294505319957
2026-05-08,IMSR,0.0136486481301373,0.3466031589363557
2026-05-08,IMUX,0.0324422313509196,0.667981988587174
2026-05-08,IMVT,-0.0145867554577956,-0.1362350977817093
2026-05-08,IMXI,0.0009430309693954,0.1293313207168532
2026-05-08,INDI,0.110271380813851,1.9988958794228544
2026-05-08,INDV,-0.0133755111070842,-0.115522267914209
2026-05-08,INOD,0.1986062724519163,3.509462744637797
2026-05-08,INSM,0.0218544232140993,0.486925648899064
2026-05-08,INTC,-0.0172145048720197,-0.1811708091592566
2026-05-08,IPCX,0.0046426057616858,0.192595734053272
2026-05-08,IPSC,-0.0376512036123257,-0.5306476622919232
2026-05-08,IPST,0.0203495133390535,0.4611910048617652
2026-05-08,IPWR,0.3087517242445213,5.3930001186774525
2026-05-08,IREN,-0.1557314501072703,-2.549873638393239
2026-05-08,IRHO,-0.0012555328947322,0.0917348776508706
2026-05-08,IRWD,-0.0296173021305771,-0.3932642891798077
2026-05-08,ISSC,-0.0145912162758676,-0.1363113798017186
2026-05-08,JACK,-0.0183956838068102,-0.2013695067259558
2026-05-08,JBHT,-0.020504044863689,-0.2374234407193289
2026-05-08,JBIO,-0.0640271569483341,-0.9816884731085278
2026-05-08,JBLU,-0.0294851728166779,-0.3910048177546598
2026-05-08,KALU,-0.01451636402014,-0.1350313721491142
2026-05-08,KALV,-0.0072093313949198,-0.0100777874214928
2026-05-08,KEEL,0.0848015446172962,1.563350084239145
2026-05-08,KMTS,0.0441123871309324,0.8675469657585229
2026-05-08,KOPN,-0.1080185912102115,-1.7339620279519226
2026-05-08,KROS,-0.0017554147181515,0.083186670878009
2026-05-08,KXIN,0.0705244783012682,1.3192057499954055
2026-05-08,LASR,0.0899362679926387,1.6511561917579851
2026-05-08,LBRDA,-0.0239495831239746,-0.2963437136975655
2026-05-08,LBRDK,-0.0261924041713825,-0.3346969747475984
2026-05-08,LBRX,0.0029877112880197,0.1642962850927201
2026-05-08,LBTYB,,
2026-05-08,LE,-0.0232829946150287,-0.2849447467019153
2026-05-08,LFUS,0.0055456816711023,0.2080387432678837
2026-05-08,LGIH,0.0131250515638858,0.337649419263922
2026-05-08,LGN,-0.0337742522258689,-0.4643500284370446
2026-05-08,LGND,-0.0282079789491294,-0.3691642211229311
2026-05-08,LIEN,0.0005728947084631,0.123001822134687
2026-05-08,LIFE,0.0062359432884274,0.2198425311950055
2026-05-08,LINC,0.0951207346191003,1.739812931518685
2026-05-08,LIND,-0.0748301442624052,-1.1664244746970676
2026-05-08,LINK,-0.0563888501881261,-0.851069949846023
2026-05-08,LITE,0.1169640626322028,2.1133437856437776
2026-05-08,LLYVA,-0.0043444636149014,0.038912755969324
2026-05-08,LMB,0.0591570142137172,1.1248169385783788
2026-05-08,LMRI,-0.024054944181038,-0.2981454357434386
2026-05-08,LOVE,0.0072994245799478,0.2380285454749442
2026-05-08,LQDA,0.241755473120926,4.247333721580607
2026-05-08,LRMR,0.0204040636288384,0.4621238396534202
2026-05-08,LWAY,-0.0229406538154669,-0.2790905631642467
2026-05-08,LWLG,-0.0485593350573326,-0.7171816763907888
2026-05-08,LXRX,0.1355486936830851,2.431149438054972
2026-05-08,MASI,0.0017128162118942,0.1424949988409451
2026-05-08,MBBC,-0.044775511650254,-0.6524765733837383
2026-05-08,MBX,-0.0539582322539296,-0.8095052765294107
2026-05-08,MCW,0.0005051637024995,0.1218435910952977
2026-05-08,MDAI,0.0064614043468764,0.2236980179451874
2026-05-08,MDB,-0.0049301429366656,0.0288973729118174
2026-05-08,MELI,-0.0200165382436238,-0.2290868555581599
2026-05-08,MGNX,-0.0253454391256444,-0.3202134868487356
2026-05-08,MKSI,-0.0062332082082729,0.0066143634916284
2026-05-08,MLTX,0.0984353212072908,1.7964938712827956
2026-05-08,MMED,-0.0420006165235313,-0.6050246033281431
2026-05-08,MNPR,0.0207214908201937,0.4675519891477799
2026-05-08,MNTS,0.0267111988978477,0.569978724344176
2026-05-08,MOVE,-0.0579404153116622,-0.8776024198742853
2026-05-08,MPLT,0.0849601101633963,1.5660616272711432
2026-05-08,MRAM,0.4450377033319214,7.723552411041278
2026-05-08,MRLN,0.0533619174644202,1.0257181457019455
2026-05-08,MRVI,-0.061640672355233,-0.940878500018222
2026-05-08,MSFT,-0.0040097848861203,0.0446359146081589
2026-05-08,MSTR,0.0370144939063946,0.7461697600021487
2026-05-08,MTCH,-0.0341317270790609,-0.4704630111822094
2026-05-08,MTSI,-0.005781628688156,0.0143365788863479
2026-05-08,MU,0.0123543817196386,0.3244706140471794
2026-05-08,MWH,0.0338568796001431,0.6921731177274798
2026-05-08,MXL,-0.0311124764840559,-0.4188324513658019
2026-05-08,MYRG,0.0376797693076527,0.7575462722584904
2026-05-08,NAMS,0.0107694219919823,0.297367081084153
2026-05-08,NAUT,0.1156597818875337,2.0910399910808373
2026-05-08,NB,-0.0194193829618189,-0.2188752283590394
2026-05-08,NEGG,-0.048509303095814,-0.7163261070696502
2026-05-08,NEO,-0.0261685620172547,-0.3342892630568614
2026-05-08,NERV,-0.0767463926939297,-1.199193195329468
2026-05-08,NESR,0.0861884062789291,1.5870660500806295
2026-05-08,NEXT,0.0660943100577094,1.2434478560086577
2026-05-08,NKLR,0.0321729005323902,0.6633763089660487
2026-05-08,NKSH,-0.026514323445904,-0.3402019409093127
2026-05-08,NKTR,-0.0816688293221185,-1.2833691028194376
2026-05-08,NNBR,-0.0781757491024929,-1.2236358406909944
2026-05-08,NNE,0.0107069272030524,0.2962983917400492
2026-05-08,NRXP,-0.1060514152373775,-1.700322423176209
2026-05-08,NSIT,0.0409941865007994,0.814224315290228
2026-05-08,NSTS,0.0024791681994461,0.1555999667423123
2026-05-08,NUAI,0.0066961806679143,0.2277127999268088
2026-05-08,NUCL,0.0555181240404769,1.062590259856962
2026-05-08,NVAX,-0.0619288871607397,-0.9458071044143952
2026-05-08,NVMI,-0.0057978112302404,0.014059850048916
2026-05-08,NVTS,0.1914331482523595,3.386799054956508
2026-05-08,NXT,-0.0087670413397357,-0.0367153366913305
2026-05-08,ODD,-0.0436917479619923,-0.6339437208851019
2026-05-08,ODFL,-0.0186465686794324,-0.2056597522737676
2026-05-08,OLPX,-0.0053920881527289,0.0209978993969924
2026-05-08,OMEX,-0.0394222293496817,-0.5609330087352538
2026-05-08,ON,0.0158828709318501,0.3848093860702869
2026-05-08,ONDS,-0.0102644903557407,-0.0623223966421583
2026-05-08,ONEW,-0.0277909348401955,-0.3620325769831519
2026-05-08,OPEN,-0.0494597224163022,-0.7325787101686829
2026-05-08,OPRT,-0.0418098142091401,-0.6017617968812118
2026-05-08,OPRX,-0.0255914475212314,-0.3244203424190251
2026-05-08,OPTX,0.0273808661839377,0.5814303398307349
2026-05-08,ORBS,0.0209441529135964,0.4713596123213232
2026-05-08,ORMP,0.1123557537371907,2.0345396054110942
2026-05-08,OTLK,0.1111637642178669,2.0141560419268982
2026-05-08,PAHC,-0.0889802708381907,-1.4083980815879629
2026-05-08,PALI,0.0596307088565166,1.1329173326398143
2026-05-08,PANW,0.0298965227357878,0.6244492122266591
2026-05-08,PCT,0.0330410485002047,0.6782220344768407
2026-05-08,PENG,-0.044864663376461,-0.6540011084919805
2026-05-08,PEPG,-0.0277648220818126,-0.3615860369258639
2026-05-08,PFIS,-0.0277633871663813,-0.3615614992186828
2026-05-08,PHOE,-0.183673114889819,-3.027688827802189
2026-05-08,PHVS,-0.0186574477812991,-0.205845789868861
2026-05-08,PICS,-0.0297889951318471,-0.3962003176720418
2026-05-08,PLAB,-0.0018562266839034,0.0814627403647315
2026-05-08,PLSE,-0.051789826795789,-0.7724245559367016
2026-05-08,PMTR,0.0072694306805556,0.2375156361393423
2026-05-08,PNRG,0.0093721979174866,0.2734739132647868
2026-05-08,PNTG,-0.0415628386214746,-0.5975384018860254
2026-05-08,POET,0.2325707526642811,4.090270820038642
2026-05-08,POLE,0.0087386937870089,0.2626407042040077
2026-05-08,POWI,-0.0075254566796638,-0.0154836737200524
2026-05-08,POWL,0.0164096222380069,0.3938170732314293
2026-05-08,PPTA,0.0228282123633806,0.503577886710564
2026-05-08,PRAA,-0.1073827575418704,-1.7230889827330576
2026-05-08,PRE,0.0743253075678747,1.384201660943022
2026-05-08,PRTA,-0.0889656284065321,-1.4081476893400136
2026-05-08,PRTH,0.05657301477837,1.0806293717586606
2026-05-08,PSIG,0.0225617798560762,0.4990217695309668
2026-05-08,PTEN,0.0320502329619123,0.6612786376612662
2026-05-08,PTON,-0.0645883110166316,-0.9912844631655924
2026-05-08,PURR,-0.0520686697216912,-0.7771928969246921
2026-05-08,PYXS,-0.0148157335273617,-0.140150727023263
2026-05-08,QCOM,0.0726808725544032,1.3560810735139093
2026-05-08,QDEL,-0.0772552828793707,-1.2078954491943383
2026-05-08,QMCO,0.0171099268490026,0.4057926009228161
2026-05-08,QNTM,0.0570942378820401,1.0895425241403325
2026-05-08,QSEA,0.00384249214116,0.1789134268566362
2026-05-08,QTI,0.0234811075960997,0.514742692448294
2026-05-08,QTRX,-0.0068838426264234,-0.0045117812876443
2026-05-08,QURE,-0.009372402102325,-0.0470672813477558
2026-05-08,RBCAA,-0.0106763055784093,-0.0693646244461292
2026-05-08,RDVT,-0.0518230344599573,-0.7729924221131765
2026-05-08,RDZN,-0.0184138265249768,-0.2016797554668453
2026-05-08,RFIL,0.0909973684917737,1.6693014934041757
2026-05-08,RGNX,-0.0444029113719756,-0.646104938983106
2026-05-08,RGTI,0.0491767824227428,0.954150431029122
2026-05-08,RILY,0.0884009109576881,1.6249008874239537
2026-05-08,RIOT,0.038790449925342,0.7765394165054101
2026-05-08,RKLB,0.0586961614668995,1.1169361467850478
2026-05-08,RLAY,-0.0318814033407766,-0.4319814507022728
2026-05-08,RMBS,0.020384964753123,0.4617972401831136
2026-05-08,ROOT,0.0129270230368254,0.3342630412903077
2026-05-08,RVMD,-0.0144504841113748,-0.1339047957146075
2026-05-08,RXT,-0.183075323909695,-3.0174663298723843
2026-05-08,RZLT,-0.0329693623254351,-0.4505860446793802
2026-05-08,SABR,-0.0735352272436071,-1.144280804109755
2026-05-08,SAIA,-0.011055114109831,-0.075842422802081
2026-05-08,SAIL,-0.0321046947606853,-0.4357998356455947
2026-05-08,SANM,-0.0301137165217776,-0.4017532012830302
2026-05-08,SATL,0.1176906022042806,2.125767943114246
2026-05-08,SCVL,-0.0505069799121419,-0.7504872901559112
2026-05-08,SCZM,0.0407773485901264,0.8105162882930675
2026-05-08,SEAT,-0.0487672638044379,-0.7207373526346654
2026-05-08,SEIC,0.008305640471205,0.2552352953378805
2026-05-08,SEPN,-0.0245065008513885,-0.305867260396747
2026-05-08,SERV,-0.0344021002952554,-0.4750865162780032
2026-05-08,SEZL,0.0454760321417429,0.890865916300579
2026-05-08,SFIX,-0.0698441046016144,-1.0811609263916269
2026-05-08,SGHT,-0.008703243019093,-0.0356243563614496
2026-05-08,SGML,-0.0848884158590628,-1.338425498454438
2026-05-08,SHMD,-0.0148590047198493,-0.1408906841158458
2026-05-08,SHOO,-0.0427987091498505,-0.6186723506037018
2026-05-08,SIBN,-0.0443525448939083,-0.6452436492766809
2026-05-08,SITM,0.0463940596501654,0.9065646046655428
2026-05-08,SKIN,0.1565536645500719,2.790344003283857
2026-05-08,SLNO,-0.0136722957658939,-0.1205974207036508
2026-05-08,SMTC,0.1053657861238288,1.915007976743537
2026-05-08,SMX,-0.2939993436933039,-4.914317571034289
2026-05-08,SNDK,-0.0706706650407578,-1.0952954862276565
2026-05-08,SNEX,-0.0018876031147429,0.0809261891119262
2026-05-08,SOBR,-0.0177957573909208,-0.1911104918723133
2026-05-08,SOLS,0.0830968424698733,1.5341989013802964
2026-05-08,SPPL,0.0089370035550791,0.266031891526937
2026-05-08,SPT,-0.1183286438718576,-1.910268622554598
2026-05-08,SRRK,-0.0093276167546681,-0.0463014315123955
2026-05-08,STEX,0.0474436151634216,0.9245124817968629
2026-05-08,STFS,0.0318026786895103,0.6570453468936154
2026-05-08,STKE,0.0980827276741694,1.790464361333267
2026-05-08,STOK,-0.0210516332159231,-0.2467874508553426
2026-05-08,STRO,-0.0537780825253386,-0.8064246341497036
2026-05-08,STRZ,0.0471224624674917,0.9190206244780836
2026-05-08,STTK,-0.0306239415891207,-0.4104782822361886
2026-05-08,STX,0.0238175792630338,0.5204965111458567
2026-05-08,SUNS,-0.0232155421449135,-0.2837912787523494
2026-05-08,SWIM,-0.0176249596637915,-0.1881897729754975
2026-05-08,SWMR,0.2186299217179146,3.85187626370152
2026-05-08,SYNA,-0.0125979123840696,-0.1022249757158772
2026-05-08,TACT,-0.0495212672144402,-0.73363115423772
2026-05-08,TBLA,-0.0153592026006367,-0.1494442956135999
2026-05-08,TCMD,-0.0626845608163501,-0.958729467977798
2026-05-08,TENB,-0.0149821656230386,-0.1429967916346051
2026-05-08,TH,0.1596502366224448,2.843296795567136
2026-05-08,TIGO,-0.0337989674976046,-0.464772670836401
2026-05-08,TILE,-0.0417127609359937,-0.6001021417227906
2026-05-08,TLS,-0.0503760854272938,-0.7482489348697449
2026-05-08,TMCI,-0.0411736559457859,-0.5908832009398376
2026-05-08,TNDM,-0.0424202343579101,-0.6122002593448272
2026-05-08,TNGX,-0.0365085313355096,-0.5111074461083747
2026-05-08,TORO,-0.0413523673734281,-0.5939392477184726
2026-05-08,TOYO,0.1775237633361625,3.148942240052423
2026-05-08,TPG,-0.0214819959358847,-0.254146849307558
2026-05-08,TRDA,0.0235134078073483,0.5152950407666846
2026-05-08,TRUP,-0.0257313526264702,-0.3268127834163377
2026-05-08,TSEM,0.0520236764933104,1.0028336158050355
2026-05-08,TSHA,-0.0183615447469416,-0.2007857132589482
2026-05-08,TSLA,0.0299583811008616,0.6255070184330636
2026-05-08,TTMI,-0.0025401583478148,0.0697671975229637
2026-05-08,TVGN,-0.0583550650780786,-0.8846931196668892
2026-05-08,TZOO,-0.0098124764753747,-0.0545927534894187
2026-05-08,UAL,-0.027142161128646,-0.3509382511339199
2026-05-08,UFPT,-0.0307199064745234,-0.412119325468657
2026-05-08,ULCC,-0.03885880110419,-0.5512981292127529
2026-05-08,UNB,-0.0084478886041486,-0.0312576796049782
2026-05-08,URBN,-0.04502021206573,-0.6566610618986161
2026-05-08,URGN,0.0569642469715035,1.0873196203862845
2026-05-08,USAR,-0.0416047339645005,-0.5982548313264003
2026-05-08,VC,0.0132437375619794,0.3396790038681546
2026-05-08,VECO,0.0097633712060443,0.2801631545973453
2026-05-08,VHCP,-0.0036139986304931,0.0514040397778552
2026-05-08,VIAV,0.0382057073029383,0.7665400514334407
2026-05-08,VICR,0.179332776437498,3.1798771877151606
2026-05-08,VNCE,-0.1033975453486618,-1.654940039792403
2026-05-08,VRAX,-0.1467130700935375,-2.395655234158608
2026-05-08,VREX,0.0040745375873024,0.1828815096341986
2026-05-08,VSAT,0.0045807425956046,0.1915378457474536
2026-05-08,VSEC,-0.0063497430732437,0.0046215642431904
2026-05-08,VTGN,0.0872036147332166,1.6044265768656307
2026-05-08,VTSI,-0.0398925067792051,-0.5689749668938399
2026-05-08,VTVT,-0.0116604369402135,-0.0861937188005015
2026-05-08,WATT,-0.1120192164708305,-1.802374541362748
2026-05-08,WAY,-0.0711303531274299,-1.1031563618022382
2026-05-08,WDC,0.0318400008778402,0.6576835733065638
2026-05-08,WEN,-0.069396272068399,-1.073502786178898
2026-05-08,WERN,-0.0249422463071559,-0.3133187060819604
2026-05-08,WEST,0.0215103476645049,0.4810418003460203
2026-05-08,WGS,-0.0221069238421492,-0.2648334010296014
2026-05-08,WINA,-0.0187564508561134,-0.207538787523532
2026-05-08,WIX,-0.0041625276613659,0.0420239436088358
2026-05-08,WLDN,0.0380377461240501,0.7636678388030057
2026-05-08,WLFC,-0.0280509437061947,-0.3664788469717961
2026-05-08,WSC,-0.0776966594594464,-1.21544318966903
2026-05-08,WVE,-0.0181948102146296,-0.197934476843449
2026-05-08,WYFI,0.2682388043003225,4.700210742407462
2026-05-08,XEL,0.0153974987954872,0.3765093015522407
2026-05-08,XENE,-0.0348237202096018,-0.4822964087736649
2026-05-08,XLO,-0.0024501758718157,0.0713059388308842
2026-05-08,XMTR,0.0093918663479079,0.2738102523798767
2026-05-08,XNDU,-0.0432401242828623,-0.6262207503511553
2026-05-08,XOS,0.0452327353936207,0.8867054311365308
2026-05-08,ZD,0.0309574713362531,0.6425919163364395
2026-05-08,ZSQR,-0.0182443562242187,-0.1987817361653436
2026-05-08,ZVRA,-0.0400385106622487,-0.5714716997683414
2026-05-11,AAL,-0.0102867156276057,-0.02664861612435
2026-05-11,AAON,-0.0611295334743541,-0.8974870092505213
2026-05-11,ABSI,-0.0768218120015017,-1.1662651611275507
2026-05-11,ACHV,0.1033714961993469,1.92009506852584
2026-05-11,ACIC,0.0295859365465728,0.6562922164176646
2026-05-11,ADAM,0.0242166797175685,0.5643273099220109
2026-05-11,ADEA,-0.0183955242686945,-0.165536706640069
2026-05-11,ADTN,-0.0453670796419694,-0.627506891144277
2026-05-11,ADTX,-0.1658365370101935,-2.6909139389508425
2026-05-11,ADUR,-0.0334232695420772,-0.4229326988454644
2026-05-11,ADV,-0.0477724227808103,-0.6687057318587922
2026-05-11,AEI,-0.0078556056615471,0.0149915601289984
2026-05-11,AEIS,-0.0423789395564143,-0.5763258744196691
2026-05-11,AEYE,-0.0153722134893446,-0.1137532844673256
2026-05-11,AFBI,-0.0152278442518683,-0.1112805207593867
2026-05-11,AGEN,0.0571130711639549,1.1277783907250143
2026-05-11,AGH,0.0035258199505935,0.2099332020623145
2026-05-11,AGPU,0.0408914606334276,0.8499338131309264
2026-05-11,AIOT,-0.0088093723119041,-0.0013446040017501
2026-05-11,AIRO,-0.0120448201259374,-0.0567615201905632
2026-05-11,AKAM,-0.0238969967723933,-0.2597662099966637
2026-05-11,AKAN,-0.0076413199815865,0.0186618562516351
2026-05-11,AKBA,0.0120224363789876,0.3554636842597196
2026-05-11,AKTS,0.0913747719668101,1.7146145602477505
2026-05-11,ALAB,0.0099902468079615,0.3206562370034637
2026-05-11,ALDX,-0.000908789043794,0.1339769916403081
2026-05-11,ALGT,-0.0311024380922689,-0.383181378677497
2026-05-11,ALHC,0.0943934488302508,1.7663186124710086
2026-05-11,ALKS,0.0738995358803236,1.4152978198002175
2026-05-11,AMD,-0.0171624108475608,-0.1444158766845154
2026-05-11,AMPH,-0.0536536015898041,-0.7694388642974666
2026-05-11,AMRX,-0.005087054079614,0.0624114536951783
2026-05-11,AMSC,-0.0828133270682784,-1.2688881386515387
2026-05-11,ANAB,-0.0175544852247738,-0.1511313467370844
2026-05-11,ANNA,0.1139709085229856,2.1016423467239447
2026-05-11,APLD,0.0086229947160549,0.2972378730114596
2026-05-11,APLS,-0.0001876150620792,0.1463292966068416
2026-05-11,APPF,-0.0220040147109103,-0.2273431161074248
2026-05-11,ARAI,-0.0466216412641032,-0.6489950869871964
2026-05-11,ARCB,-0.0430825236942615,-0.5883768996377972
2026-05-11,ARHS,-0.0329493811948836,-0.4148159149167056
2026-05-11,ARTV,-0.0156075116850866,-0.1177834840385414
2026-05-11,ARWR,0.0300420276829023,0.664104168805463
2026-05-11,ASBP,-0.0750721191277486,-1.136296331798772
2026-05-11,ASO,-0.0147999031630087,-0.1039507238292009
2026-05-11,ASPI,-0.0466326155562266,-0.6491830552258417
2026-05-11,ASRT,0.0016968595811129,0.1786066749990269
2026-05-11,ASST,-0.0532748034085924,-0.7629507896112862
2026-05-11,ASTI,0.0234770805355059,0.551659417178414
2026-05-11,ASYS,-0.0526902331787889,-0.7529382407174403
2026-05-11,ATEX,-0.0351716655039593,-0.4528793146011655
2026-05-11,ATII,-0.0190584916257278,-0.1768920455521294
2026-05-11,ATOM,0.0040090064398841,0.2182092450460535
2026-05-11,AUUD,0.0602580639679801,1.1816459888606252
2026-05-11,AVAH,0.0326468749217187,0.7087201259820988
2026-05-11,AVAV,0.0253394531327626,0.58355823059363
2026-05-11,AVNW,-0.0479536223508369,-0.671809327392635
2026-05-11,AVR,0.028214676231522,0.6328051993739608
2026-05-11,AVTX,-0.0070155354035933,0.029380326616226
2026-05-11,AXGN,0.0181505631302915,0.4604265537266471
2026-05-11,AXIN,-0.0122574177246773,-0.060402902771426
2026-05-11,AXTI,-0.0136044318537587,-0.0834746298976298
2026-05-11,BAND,-0.0096157308378226,-0.0151559542127298
2026-05-11,BCAR,-0.0276703205540225,-0.3243958933600708
2026-05-11,BDTX,-0.0393269867182156,-0.5240518695931687
2026-05-11,BEAM,-0.0065295147849586,0.037704912712807
2026-05-11,BELFA,0.0029302263758455,0.1997318447505854
2026-05-11,BELFB,-0.0037899466201683,0.084628376822856
2026-05-11,BGDE,0.0281816651201014,0.6322397833635535
2026-05-11,BHAV,-0.0022754147626358,0.1105693561983001
2026-05-11,BIOA,0.0235300946083792,0.5525674449390546
2026-05-11,BJRI,-0.0139183740373351,-0.0888518477281657
2026-05-11,BKNG,0.0255297620859206,0.586817852109203
2026-05-11,BKR,0.0128250097025933,0.3692102013312432
2026-05-11,BL,-0.0388467904861532,-0.5158270438886821
2026-05-11,BLMN,-0.0199310032832315,-0.191836469995609
2026-05-11,BLNK,-0.0504982305715331,-0.7153935075756854
2026-05-11,BNZI,-0.2638300232258634,-4.369351399480838
2026-05-11,BRCB,0.0037899322949651,0.214456931849884
2026-05-11,BTBT,-0.08666069294109,-1.334786018752257
2026-05-11,BWEN,,
2026-05-11,BYND,0.0064451592142241,0.2599357947784224
2026-05-11,BZAI,-0.1067049299277808,-1.6781047384491905
2026-05-11,CABA,-0.0299629741162276,-0.3636645812231958
2026-05-11,CAEP,-0.0428014809873647,-0.583563185732098
2026-05-11,CAR,0.028426351220221,0.6364307794426989
2026-05-11,CBRL,-0.0544659162541164,-0.7833522315524981
2026-05-11,CCRN,-0.0211187548145029,-0.2121803391738146
2026-05-11,CDNA,-0.0051342455003974,0.0616031566183292
2026-05-11,CDNL,-0.0647062797826048,-0.9587497035623438
2026-05-11,CDW,-0.0349107994364263,-0.4484111872098736
2026-05-11,CELC,-0.0033293996351355,0.0925166492158999
2026-05-11,CELH,-0.0293896920844728,-0.353845377164791
2026-05-11,CENX,0.05951574019056,1.168931429107929
2026-05-11,CEPS,-0.0143847403043201,-0.0968397930811095
2026-05-11,CEVA,0.0238513837353258,0.5580705015926509
2026-05-11,CGCT,-0.0097453397994424,-0.0173759031583583
2026-05-11,CGEM,0.0918346172572825,1.7224908139803567
2026-05-11,CGNT,-0.0151685214942736,-0.1102644375231023
2026-05-11,CGON,0.0348152438196663,0.7458600597380366
2026-05-11,CHMG,-0.0219452899104891,-0.2263372747122925
2026-05-11,CHRN,0.0032811685258728,0.2057427999051806
2026-05-11,CHRW,-0.0110720639570051,-0.0401001026111922
2026-05-11,CHTR,-0.0027327805568143,0.1027355714054543
2026-05-11,CLBT,-0.0221107237597429,-0.2291708341717052
2026-05-11,CLFD,-0.0370639187383058,-0.4852899251018093
2026-05-11,CLMT,-0.0016131871543486,0.1219120246558768
2026-05-11,CLNN,0.0010682125837137,0.1678391769679613
2026-05-11,CLPT,0.0373037790492663,0.7884838188521537
2026-05-11,CMPX,0.0192289414085586,0.4788970722148021
2026-05-11,COAG,0.0332836849858836,0.719627441439623
2026-05-11,COCO,0.0282640108288427,0.6336502048885215
2026-05-11,COLA,-0.013037149403003,-0.0737581869704545
2026-05-11,COLB,-0.0149776274252667,-0.1069947941132435
2026-05-11,COLL,-0.0032611954952339,0.0936848532240935
2026-05-11,COLM,-0.0156187176831158,-0.1179754209478336
2026-05-11,COYA,0.0278130946712243,0.6259268898016468
2026-05-11,CPSH,-0.0082997855621302,0.0073836239983007
2026-05-11,CRAC,-0.0074424012671116,0.0220689462008615
2026-05-11,CRDO,-0.0357409067888982,-0.4626293085407514
2026-05-11,CRMD,-0.024625329184177,-0.2722411249207577
2026-05-11,CRML,-0.0010177402453385,0.1321108698693209
2026-05-11,CRWD,0.0074382486313187,0.2769454812757363
2026-05-11,CSCO,0.0094288429349679,0.31104048265786
2026-05-11,CSGS,-0.0046314087556384,0.0702157701861017
2026-05-11,CTSH,-0.0320499052005451,-0.3994096439282189
2026-05-11,CUE,-0.088673682844273,-1.369264613112449
2026-05-11,CVGI,0.0407071099971172,0.8467762459720749
2026-05-11,CVRX,-0.2351890009311142,-3.878786499875349
2026-05-11,CVV,-0.0311442654595135,-0.3838977999700725
2026-05-11,CXDO,-0.0291978858919053,-0.3505601108557801
2026-05-11,DARE,0.0475913935389563,0.9646906077501868
2026-05-11,DASH,-0.0098531714386976,-0.0192228490090036
2026-05-11,DAVE,-0.0205674815766818,-0.2027381028673099
2026-05-11,DCBO,-0.0873824840125375,-1.3471488932633988
2026-05-11,DDOG,-0.0136050598741011,-0.0834853866622826
2026-05-11,DFDV,-0.0222907669125063,-0.2322546225313214
2026-05-11,DGXX,0.1264943106302883,2.316143820667995
2026-05-11,DIBS,0.0891896830285123,1.6771882447826905
2026-05-11,DJCO,-0.0108721017899479,-0.036675140352589
2026-05-11,DOMH,0.0437671640171588,0.8991890082569015
2026-05-11,DOMO,0.0250256402442789,0.5781832273360764
2026-05-11,DOO,-0.0267838267003736,-0.309211981143505
2026-05-11,DOX,-0.0050920669317717,0.0623255933061831
2026-05-11,DPRO,-0.0149937715207642,-0.1072713110093736
2026-05-11,DRTS,-0.0345201875030608,-0.4417207659705695
2026-05-11,DSGN,0.0123502894488365,0.3610791684641801
2026-05-11,EIKN,0.1712071350271771,3.081987371418585
2026-05-11,ENGN,-0.0338417269733274,-0.4301000592014555
2026-05-11,ENPH,-0.0010682988205254,0.1312448999990589
2026-05-11,ERII,0.0034543099910513,0.2087083758056741
2026-05-11,ERNA,0.6492483532601624,11.269901888448326
2026-05-11,ESOA,0.0739303398477623,1.415825431735243
2026-05-11,ESPR,-0.0056718011208771,0.0523958763655804
2026-05-11,EYE,-0.0338701422562984,-0.4305867576263399
2026-05-11,EZGO,-0.1932987945369236,-3.1612888951202747
2026-05-11,FA,-0.0372285711926709,-0.4881101007894705
2026-05-11,FABC,0.2485343502714629,4.406451882241564
2026-05-11,FACT,-0.0121618136009905,-0.0587653904349027
2026-05-11,FCEL,0.0852930418787102,1.61044637520907
2026-05-11,FDMT,-0.0420340621452891,-0.5704187964242072
2026-05-11,FEIM,-0.053684474242104,-0.7699676526703182
2026-05-11,FENC,-0.0029087469799881,0.0997216094794509
2026-05-11,FFAI,0.0424299788507953,0.8762856321085115
2026-05-11,FGMC,-0.0189513103206744,-0.175056238659065
2026-05-11,FLNC,-0.1495809630142351,-2.4124876333779834
2026-05-11,FLWS,0.013361207482363,0.378394224418633
2026-05-11,FLXS,-0.0018351617071822,0.1181100331241099
2026-05-11,FLYW,0.0075921006569203,0.2795806666653025
2026-05-11,FMAO,-0.0123770038923378,-0.0624511807877926
2026-05-11,FNKO,0.0215573436088702,0.5187780645858904
2026-05-11,FOSL,-0.1021924291089714,-1.6008143928613954
2026-05-11,FOXF,-0.0236872316335055,-0.2561733419334964
2026-05-11,FRMI,0.0349527921683142,0.7482159949121016
2026-05-11,FROG,-0.0151532442720238,-0.1100027684764424
2026-05-11,FSEA,-0.0187677639317585,-0.1719124466908572
2026-05-11,FTRE,-0.0150637748766091,-0.1084703320805727
2026-05-11,FWRD,-0.1261199648274034,-2.01064645251072
2026-05-11,FWRG,-0.025139396018432,-0.2810460880377015
2026-05-11,GALT,0.0244107414732623,0.5676512096319949
2026-05-11,GDRX,-0.0563764841388913,-0.8160765363255136
2026-05-11,GELS,-0.0327216480976177,-0.4109152907403963
2026-05-11,GFS,-0.0358295917149855,-0.4641483085057261
2026-05-11,GH,0.0410798421324891,0.8531604211138252
2026-05-11,GLSI,0.0469932535795046,0.9544456358305836
2026-05-11,GLUE,-0.0461120477286458,-0.6402667427616103
2026-05-11,GMM,-0.0311686661878331,-0.3843157368968782
2026-05-11,GPRE,-0.0121750676849751,-0.0589924070655366
2026-05-11,GPRO,-0.1137767097668941,-1.7992305464285627
2026-05-11,GRAL,0.0248237990546331,0.574726081082153
2026-05-11,GRPN,0.0372398633193629,0.7873890669504717
2026-05-11,GSHD,-0.0055511785673287,0.0544619056526161
2026-05-11,GSIT,0.0036450130029522,0.211974746779617
2026-05-11,GTX,0.0099420383359757,0.3198305198214278
2026-05-11,GV,0.3016307995161032,5.315890589598043
2026-05-11,HCKT,-0.018253731964953,-0.1631080807853784
2026-05-11,HCSG,-0.0145760555311507,-0.1001166501037849
2026-05-11,HELE,-0.0110539326482809,-0.0397895486249384
2026-05-11,HLMN,-0.0225357520674923,-0.2364507408375647
2026-05-11,HOOD,-0.0278963510688482,-0.3282673556169728
2026-05-11,HOVR,0.0068664835514568,0.2671522596471983
2026-05-11,HPK,0.1455758447285656,2.642973315890176
2026-05-11,HROW,-0.2237853185774554,-3.683463643331186
2026-05-11,HTCO,0.6011387457738939,10.44587806263372
2026-05-11,HUHU,-0.0261130486780321,-0.2977228607552346
2026-05-11,HUT,0.0635330518375412,1.2377401491495523
2026-05-11,HYMC,0.0511721798462673,1.0260224993732294
2026-05-11,IEAG,-0.0157891676296472,-0.1208948963788222
2026-05-11,IKT,-0.0640710766543556,-0.9478699117856448
2026-05-11,IMDX,0.0351410210661776,0.7514399891338487
2026-05-11,IMSR,-0.0305146533796229,-0.3731137719565702
2026-05-11,IMUX,-0.0205878159846465,-0.2030863916504083
2026-05-11,IMVT,-0.0130621577290348,-0.0741865308620526
2026-05-11,IMXI,-0.0058301265861371,0.0496840696719862
2026-05-11,INDI,-0.0123768544190583,-0.0624486206017912
2026-05-11,INDV,-0.0048460433997385,0.0665394969877761
2026-05-11,INOD,-0.1208205125715833,-1.919877162326652
2026-05-11,INSM,0.1179253444603732,2.169374128385124
2026-05-11,INTC,-0.0600140437841646,-0.8783808445945518
2026-05-11,IPCX,-0.0092425275156113,-0.0087637085586139
2026-05-11,IPSC,0.0111071291343969,0.3397862548045177
2026-05-11,IPST,-0.0098167018208358,-0.0185981955227947
2026-05-11,IPWR,-0.0389721552971668,-0.5179742988049361
2026-05-11,IREN,0.0539732916499195,1.0740000860878738
2026-05-11,IRHO,-0.0072387811643731,0.0255565617695236
2026-05-11,IRWD,-0.0001787180031589,0.1464816858885881
2026-05-11,ISSC,-0.0005250831544218,0.140549125803703
2026-05-11,JACK,0.0156071857072648,0.4168634547092381
2026-05-11,JBHT,-0.016475277101306,-0.1326466146177469
2026-05-11,JBIO,0.0165182658429219,0.4324684820257085
2026-05-11,JBLU,-0.0368027832943866,-0.4808171838179499
2026-05-11,KALU,-0.0188097017911942,-0.1726307604993535
2026-05-11,KALV,-0.0083357313782858,0.006767942214594
2026-05-11,KEEL,-0.0292315711629408,-0.3511370739066676
2026-05-11,KMTS,-0.0038690066992382,0.0832742317315034
2026-05-11,KOPN,0.0880907375128615,1.6583654495972
2026-05-11,KROS,-0.030867251154427,-0.3791530847373028
2026-05-11,KXIN,0.0826659994369646,1.5654502574576954
2026-05-11,LASR,0.0103680418582931,0.3271271300124511
2026-05-11,LBRDA,-0.0055415233923197,0.0546272799856354
2026-05-11,LBRDK,-0.0052366528387666,0.0598491184716115
2026-05-11,LBRX,-0.0517959461535323,-0.737620846657664
2026-05-11,LBTYB,0.0185094583580388,0.4665737296045495
2026-05-11,LE,-0.0055740235847042,0.0540706150226954
2026-05-11,LFUS,-0.0170496352056686,-0.1424842497029976
2026-05-11,LGIH,-0.0337078641287138,-0.4278072495296158
2026-05-11,LGN,-0.0075041132224948,0.0210119406622509
2026-05-11,LGND,0.0012477437499217,0.1709141959955833
2026-05-11,LIEN,-0.017877164032152,-0.156658205908425
2026-05-11,LIFE,-0.1447909257159077,-2.3304436287269583
2026-05-11,LINC,0.0150364669379088,0.4070881543407371
2026-05-11,LIND,-0.0211791824024806,-0.2132153460015949
2026-05-11,LINK,0.0135142386168431,0.3810153495429441
2026-05-11,LITE,-0.0453403130915793,-0.6270484322956458
2026-05-11,LLYVA,0.0087069809628689,0.2986763937567223
2026-05-11,LMB,-0.045468230889609,-0.6292394149045212
2026-05-11,LMRI,0.0394742148322276,0.8256591543206707
2026-05-11,LOVE,-0.0181830831743356,-0.1618980046742753
2026-05-11,LQDA,0.0695672522925816,1.3410942441941622
2026-05-11,LRMR,0.0077408443444888,0.2821283561788987
2026-05-11,LWAY,0.0122546497826748,0.3594410473543237
2026-05-11,LWLG,-0.0465220313191651,-0.6472889627387193
2026-05-11,LXRX,0.0381138139013265,0.8023581373659422
2026-05-11,MASI,-0.0136689282661934,-0.0845793277595056
2026-05-11,MBBC,0.0270494716962305,0.6128475162999202
2026-05-11,MBX,-0.0766227142411475,-1.1628550044713162
2026-05-11,MCW,-0.0088292912059233,-0.0016857758406675
2026-05-11,MDAI,-0.0683241263115036,-1.020716364562523
2026-05-11,MDB,0.0565531577881613,1.1181881656919397
2026-05-11,MELI,0.0112767116627413,0.3426908730522873
2026-05-11,MGNX,0.1895418938247428,3.3960260609686994
2026-05-11,MKSI,-0.0144439680703769,-0.0978542492974591
2026-05-11,MLTX,-0.044434309847294,-0.6115303622351171
2026-05-11,MMED,0.0649271403506015,1.2616181687402148
2026-05-11,MNPR,-0.0771904262442397,-1.1725788047929553
2026-05-11,MNTS,-0.0285984317268043,-0.3402926291543747
2026-05-11,MOVE,0.090377503536874,1.6975332954040363
2026-05-11,MPLT,0.0018080432747278,0.1805110350087584
2026-05-11,MRAM,0.1166616252796942,2.1477290814095147
2026-05-11,MRLN,-0.0787233555297945,-1.1988348962596465
2026-05-11,MRVI,-0.0158632623206086,-0.1221639940478472
2026-05-11,MSFT,-0.0155725306266433,-0.1171843266744395
2026-05-11,MSTR,-0.062925310743608,-0.928245174470303
2026-05-11,MTCH,-0.0053329655241637,0.0581994698537545
2026-05-11,MTSI,-0.0019920775764067,0.1154223700637465
2026-05-11,MU,-0.0193140232854179,-0.1812688049321499
2026-05-11,MWH,0.0306782210344821,0.6750009211781822
2026-05-11,MXL,-0.0939805857969066,-1.460161519213878
2026-05-11,MYRG,-0.003113058146867,0.0962221573287299
2026-05-11,NAMS,-0.0214296534783868,-0.2175054274428752
2026-05-11,NAUT,-0.0192975437758748,-0.180986543047033
2026-05-11,NB,0.0053757155525314,0.2416183088614401
2026-05-11,NEGG,0.0019394230188703,0.1827613140083073
2026-05-11,NEO,0.0167271992611552,0.4360471043348233
2026-05-11,NERV,0.0017664275844062,0.1797982393293826
2026-05-11,NESR,0.0660123831113255,1.2802062624361483
2026-05-11,NEXT,0.0441355456586483,0.9054986679161836
2026-05-11,NKLR,-0.0044118870704044,0.0739757488757523
2026-05-11,NKSH,-0.0511935691547048,-0.7273033025102046
2026-05-11,NKTR,0.0013140988933236,0.1720507302968465
2026-05-11,NNBR,-0.0713639885046551,-1.0727832802002113
2026-05-11,NNE,-0.0445019274580903,-0.6126885201426977
2026-05-11,NRXP,0.0184047691570262,0.4647806075973806
2026-05-11,NSIT,-0.0179471005819269,-0.1578560827218298
2026-05-11,NSTS,-0.0057354831980181,0.0513051264804023
2026-05-11,NUAI,-0.0480236929982886,-0.6730095010379279
2026-05-11,NUCL,0.0100048554404632,0.3209064544106089
2026-05-11,NVAX,0.0154247666621251,0.4137389719430803
2026-05-11,NVMI,-0.0583757427290829,-0.8503199400521512
2026-05-11,NVTS,-0.1381458129930965,-2.216625797010432
2026-05-11,NXT,0.0024686878836631,0.1918265897722027
2026-05-11,ODD,-0.0955381730759804,-1.4868399540589123
2026-05-11,ODFL,-0.0220450897271634,-0.228046651093611
2026-05-11,OLPX,-0.0073303297267496,0.0239885132952382
2026-05-11,OMEX,-0.0272516997062493,-0.3172257339974881
2026-05-11,ON,-0.023061345208906,-0.2454531271350063
2026-05-11,ONDS,-0.0252150944838602,-0.2823426552380937
2026-05-11,ONEW,-0.0348078625962,-0.4466480797281763
2026-05-11,OPEN,-0.0235953183485767,-0.2545990464726204
2026-05-11,OPRT,0.0390765927643908,0.8188486631384114
2026-05-11,OPRX,0.0294871141364344,0.654599581105649
2026-05-11,OPTX,-0.0245395997001862,-0.2707727459196732
2026-05-11,ORBS,0.0155904437482322,0.4165766975757986
2026-05-11,ORMP,-0.0319595829369268,-0.3978625995619927
2026-05-11,OTLK,-0.0080559066834329,0.0115607939475025
2026-05-11,PAHC,0.0061323247714054,0.254577550388429
2026-05-11,PALI,-0.0057867271690566,0.0504274171148226
2026-05-11,PANW,0.009403275670589,0.3106025652415714
2026-05-11,PCT,-0.0020924922068601,0.113702463120469
2026-05-11,PENG,0.0171793814472096,0.4437921040217176
2026-05-11,PEPG,0.0022151883942513,0.1874846375089924
2026-05-11,PFIS,-0.0060223834330103,0.0463910845329014
2026-05-11,PHOE,-0.0924889485829861,-1.43461268046908
2026-05-11,PHVS,0.0479604641963116,0.9710120689085774
2026-05-11,PICS,0.0395260200377971,0.8265464765400978
2026-05-11,PLAB,-0.0510657846794716,-0.725114603461029
2026-05-11,PLSE,0.225388481236565,4.010008249659772
2026-05-11,PMTR,-0.0043141363697043,0.0756500278935116
2026-05-11,PNRG,0.0406787660761678,0.8462907698395594
2026-05-11,PNTG,0.0355547044617923,0.75852557956249
2026-05-11,POET,-0.002601162182592,0.1049899376732556
2026-05-11,POLE,-0.0093863661172758,-0.0112273835091377
2026-05-11,POWI,-0.0476607842683597,-0.6667935816887035
2026-05-11,POWL,-0.0342856214811895,-0.4377031071109817
2026-05-11,PPTA,-0.0183059544743051,-0.1640025506054094
2026-05-11,PRAA,-0.0271069366384206,-0.3147462247430654
2026-05-11,PRE,0.0367925203831498,0.7797269541831903
2026-05-11,PRTA,-0.035184614281072,-0.4531011019200313
2026-05-11,PRTH,0.0435999865909744,0.8963255847223468
2026-05-11,PSIG,0.0341392503660492,0.7342816091752418
2026-05-11,PTEN,0.0171941668115514,0.4440453485008883
2026-05-11,PTON,0.0149315388078465,0.4052909399445451
2026-05-11,PURR,-0.0443822745754808,-0.6106390994292612
2026-05-11,PYXS,-0.0573132846287159,-0.8321221031880276
2026-05-11,QCOM,-0.1133519811628131,-1.7919557731025146
2026-05-11,QDEL,0.1290523100528624,2.359957366043993
2026-05-11,QMCO,-0.083662446578154,-1.2834319011900548
2026-05-11,QNTM,0.0327889342789738,0.7111533259430743
2026-05-11,QSEA,-0.008242496026605,0.0083648821026436
2026-05-11,QTI,0.0471352814179753,0.956878295936202
2026-05-11,QTRX,0.0473167778654442,0.9599869764021102
2026-05-11,QURE,0.0730562768778947,1.4008544363339857
2026-05-11,RBCAA,-0.0094188632597144,-0.0117839962324462
2026-05-11,RDVT,0.0062927700763759,0.2573256658053652
2026-05-11,RDZN,0.0285734611247202,0.6389504854360452
2026-05-11,RFIL,-0.002268266353055,0.110691794524427
2026-05-11,RGNX,0.0236884513469944,0.5552797872842808
2026-05-11,RGTI,-0.0658091947818045,-0.9776404882657576
2026-05-11,RILY,-0.017348733171298,-0.147607215006791
2026-05-11,RIOT,-0.0321273660856739,-0.4007363979436826
2026-05-11,RKLB,0.0155076202723205,0.4151580928302175
2026-05-11,RLAY,0.0064462068412148,0.2599537385872777
2026-05-11,RMBS,-0.0283609070569893,-0.3362242944209816
2026-05-11,ROOT,0.0482920535748992,0.9766915488008464
2026-05-11,RVMD,0.0191692719248042,0.4778750502350602
2026-05-11,RXT,0.335418906257737,5.894615015737254
2026-05-11,RZLT,0.0259407336007042,0.5938569933038069
2026-05-11,SABR,-0.0451760415791683,-0.6242347814013218
2026-05-11,SAIA,-0.0256179065390538,-0.2892420407901289
2026-05-11,SAIL,-0.0093926637517608,-0.0113352497157659
2026-05-11,SANM,-0.0311571792000815,-0.3841189871812027
2026-05-11,SATL,-0.1516606188181608,-2.4481080847071177
2026-05-11,SCVL,-0.0417151526116551,-0.5649564975669815
2026-05-11,SCZM,0.0820927805053802,1.555632134182249
2026-05-11,SEAT,0.0175280389829334,0.4497639281852834
2026-05-11,SEIC,0.0048018634235507,0.231789340148498
2026-05-11,SEPN,0.0630273061330224,1.2290777107697373
2026-05-11,SERV,-0.0035264564550837,0.0891414498916708
2026-05-11,SEZL,-0.0035472578854102,0.0887851619255926
2026-05-11,SFIX,-0.0113636288219748,-0.0450940405803195
2026-05-11,SGHT,-0.0586741526400978,-0.8554311203211993
2026-05-11,SGML,0.0448985129745262,0.9185668112549258
2026-05-11,SHMD,0.0090967398100147,0.3053522032914786
2026-05-11,SHOO,-0.0127561120973078,-0.0689445655768128
2026-05-11,SIBN,0.2024771610051549,3.617581981020212
2026-05-11,SITM,-0.0478700905312067,-0.6703785900994954
2026-05-11,SKIN,0.0051338515016182,0.2374756489859186
2026-05-11,SLNO,-0.0199435707395123,-0.1920517260316974
2026-05-11,SMTC,-0.0153406080196688,-0.1132119443608539
2026-05-11,SMX,-0.3588435164755332,-5.996747387568039
2026-05-11,SNDK,-0.0537171607934086,-0.7705275095984034
2026-05-11,SNEX,-0.0377859791753534,-0.4976574133207721
2026-05-11,SOBR,0.1815407173749516,3.2589815001487734
2026-05-11,SOLS,0.0199564398674249,0.4913577031505315
2026-05-11,SPPL,0.0204886194371458,0.5004729021300066
2026-05-11,SPT,0.0014671755497991,0.1746726351242317
2026-05-11,SRRK,0.01440249922963,0.3962295229006879
2026-05-11,STEX,-0.0526584077944331,-0.7523931339010446
2026-05-11,STFS,-0.0596489702514495,-0.8721278463921147
2026-05-11,STKE,0.0511227597333671,1.0251760291434358
2026-05-11,STOK,0.0007264655654198,0.1619857165015535
2026-05-11,STRO,0.0393704194836966,0.8238813422646748
2026-05-11,STRZ,-0.0376155440114712,-0.4947381910877561
2026-05-11,STTK,-0.051966748903106,-0.7405463649172663
2026-05-11,STX,-0.0122925100236224,-0.0610039654685519
2026-05-11,SUNS,-0.0126699608148477,-0.0674689619899012
2026-05-11,SWIM,-0.0645220950040347,-0.9555949772233796
2026-05-11,SWMR,0.1014394895438182,1.8870035593872037
2026-05-11,SYNA,-0.0496141448780004,-0.7002508424491672
2026-05-11,TACT,0.0285754534750274,0.6389846105143454
2026-05-11,TBLA,-0.0021811144212931,0.112184537283929
2026-05-11,TCMD,-0.0124115517086781,-0.0630429175589225
2026-05-11,TENB,-0.0097982730972966,-0.0182825474003271
2026-05-11,TH,-0.0413881675512529,-0.5593558806728656
2026-05-11,TIGO,0.0218904622879859,0.5244837384160829
2026-05-11,TILE,-0.0187938924473625,-0.1723599772469321
2026-05-11,TLS,0.0336886846152547,0.7265642958744291
2026-05-11,TMCI,0.1833802970554324,3.2904899153158125
2026-05-11,TNDM,-0.000924042234446,0.1337157342080888
2026-05-11,TNGX,0.0055395500580002,0.2444244746784319
2026-05-11,TORO,0.0414693002651882,0.8598310799961063
2026-05-11,TOYO,-0.1004167867643808,-1.570401099664488
2026-05-11,TPG,0.014606247145513,0.3997193276594491
2026-05-11,TRDA,-0.0009755411120671,0.1328336587894804
2026-05-11,TRUP,0.0048944588060019,0.2333753186107409
2026-05-11,TSEM,-0.0188844663679559,-0.173911332006743
2026-05-11,TSHA,0.0105834829172886,0.330817215526487
2026-05-11,TSLA,-0.0220625232817872,-0.2283452539118273
2026-05-11,TTMI,0.0217272959006628,0.5216890161609762
2026-05-11,TVGN,0.0077197125947103,0.2817664104842969
2026-05-11,TZOO,0.0307348163608595,0.6759702888326173
2026-05-11,UAL,-0.0096051529478491,-0.0149747755704494
2026-05-11,UFPT,-0.0084810978368751,0.0042780980522596
2026-05-11,ULCC,-0.0543672891485433,-0.7816629414271004
2026-05-11,UNB,-0.0287358360568275,-0.3426460975700457
2026-05-11,URBN,-0.0210179855641989,-0.2104543582835377
2026-05-11,URGN,-0.0710574861690492,-1.0675334924674982
2026-05-11,USAR,-0.0105146174918647,-0.0305521309503778
2026-05-11,VC,-0.0143335803808814,-0.0959635232871315
2026-05-11,VECO,0.0031533723567765,0.2035539005629182
2026-05-11,VHCP,-0.0109441581842164,-0.0379093259712618
2026-05-11,VIAV,-0.0142836457441507,-0.0951082402667658
2026-05-11,VICR,-0.0431536873263991,-0.5895957939808789
2026-05-11,VNCE,0.0529972237225495,1.057281944540036
2026-05-11,VRAX,-0.0164714303568104,-0.1325807273806279
2026-05-11,VREX,0.0167044707944274,0.4356578099903763
2026-05-11,VSAT,-0.013734579231175,-0.0857038008566526
2026-05-11,VSEC,-0.0544688499454889,-0.7834024799688722
2026-05-11,VTGN,-0.0805682394616486,-1.2304341629164
2026-05-11,VTSI,-0.1188055653013042,-1.885365042082395
2026-05-11,VTVT,0.0513440510757729,1.0289663186119355
2026-05-11,WATT,-0.0043069843451412,0.0757725281372416
2026-05-11,WAY,-0.0295914662451781,-0.3573013753435831
2026-05-11,WDC,-0.0388997706295239,-0.5167344905030612
2026-05-11,WEN,0.1572137228076137,2.8423074888367807
2026-05-11,WERN,-0.0369695269424445,-0.4836731775784919
2026-05-11,WEST,-0.0190537665208798,-0.1768111137138201
2026-05-11,WGS,-0.0133559379163454,-0.0792184129859156
2026-05-11,WINA,-0.0029862851635396,0.0983935314926357
2026-05-11,WIX,-0.0470813960378612,-0.6568697903448728
2026-05-11,WLDN,0.0097302584324375,0.3162031427659406
2026-05-11,WLFC,-0.01405225386829,-0.0911449483429318
2026-05-11,WSC,0.0051909476812135,0.2384535952799714
2026-05-11,WVE,-0.0289163836864454,-0.3457385266351123
2026-05-11,WYFI,-0.0240211119913454,-0.2618920618359632
2026-05-11,XEL,-0.0136597013641678,-0.0844212889081251
2026-05-11,XENE,-0.0281611206793914,-0.3328023430932583
2026-05-11,XLO,-0.0073558104952918,0.0235520773840781
2026-05-11,XMTR,0.0519295000928646,1.0389939194195508
2026-05-11,XNDU,-0.0034590116633579,0.0902966477453436
2026-05-11,XOS,0.0027929513069501,0.1973805903261459
2026-05-11,ZD,-0.031588992754555,-0.3915151119011436
2026-05-11,ZSQR,0.0140133284457775,0.389563785744198
2026-05-11,ZVRA,0.0190577255884666,0.4759644788621646
2026-05-12,AAL,0.0005356397753148,0.0355323706290446
2026-05-12,AAON,-0.0083154193890889,-0.1146866202280205
2026-05-12,ABSI,-0.0380487831850256,-0.619317288857437
2026-05-12,ACHV,-0.0199964861440631,-0.3129361209344634
2026-05-12,ACIC,0.0286293800668801,0.5123355687108939
2026-05-12,ADAM,0.0153806291114913,0.2874795416899588
2026-05-12,ADEA,0.0066869006086503,0.1399307457521512
2026-05-12,ADTN,0.0409709342447523,0.7217947735102145
2026-05-12,ADTX,-0.0087775483820031,-0.1225298116101953
2026-05-12,ADUR,-0.0430207629959894,-0.7037010643911522
2026-05-12,ADV,0.0008980036928602,0.0416823625120043
2026-05-12,AEI,-0.0676043142236734,-1.1209298037444486
2026-05-12,AEIS,-0.0047067433670502,-0.0534406540344089
2026-05-12,AEYE,-0.0433792814096655,-0.709785790897408
2026-05-12,AFBI,0.0160852419771726,0.2994381368887382
2026-05-12,AGEN,0.0251344434270977,0.4530199720816346
2026-05-12,AGH,-0.0340809050010763,-0.5519749916740929
2026-05-12,AGPU,-0.0318878580822508,-0.514754893047587
2026-05-12,AIOT,0.0157775298079689,0.2942156871599956
2026-05-12,AIRO,-0.0045548776275326,-0.0508632090402718
2026-05-12,AKAM,0.0573557469329881,0.999875620298296
2026-05-12,AKAN,-0.0530353558243473,-0.8736673927793381
2026-05-12,AKBA,0.0149770764898361,0.2806305006365939
2026-05-12,AKTS,-0.0061371934173641,-0.0777180607309736
2026-05-12,ALAB,0.0926182133904032,1.5983454788737816
2026-05-12,ALDX,-7.862920892502592e-05,0.0251070796877732
2026-05-12,ALGT,-0.0266711644926257,-0.4262178680330455
2026-05-12,ALHC,0.0283028317534739,0.5067934344651729
2026-05-12,ALKS,0.0363437032340283,0.6432620284474615
2026-05-12,AMD,-0.0293330698971197,-0.4713953700915789
2026-05-12,AMPH,0.0564205564338476,0.9840036923820328
2026-05-12,AMRX,-0.0095271263072291,-0.1352515477781131
2026-05-12,AMSC,0.0021145691526421,0.0623297485802121
2026-05-12,ANAB,-0.0517792157177051,-0.8523483511042185
2026-05-12,ANNA,0.0628778237315589,1.0935955682399614
2026-05-12,APLD,0.0155393560226771,0.2901734335708398
2026-05-12,APLS,0.0203008227730606,0.3709844096310432
2026-05-12,APPF,-0.0197325121631373,-0.3084559898800169
2026-05-12,ARAI,0.019499584543476,0.3573859016955915
2026-05-12,ARCB,-0.0108113821889961,-0.1570477666235542
2026-05-12,ARHS,0.0063971488969867,0.1350131185036231
2026-05-12,ARTV,-0.0364186365516665,-0.591650658495606
2026-05-12,ARWR,-0.0247610817100278,-0.3938001988337182
2026-05-12,ASBP,0.0378075926114736,0.6681069629261039
2026-05-12,ASO,-0.0116591151016659,-0.1714353760940363
2026-05-12,ASPI,0.0323980854939241,0.5762975325360705
2026-05-12,ASRT,0.0288186064821297,0.5155470940904349
2026-05-12,ASST,-0.0401029395667157,-0.6541801558870768
2026-05-12,ASTI,0.041330487533905,0.7278970637844772
2026-05-12,ASYS,-0.0337567713168386,-0.5464738381912667
2026-05-12,ATEX,0.0001321737733091,0.0286847996727697
2026-05-12,ATII,0.0074895198729894,0.1535526924245174
2026-05-12,ATOM,0.1766065644173077,3.023784525282007
2026-05-12,AUUD,0.036032071195656,0.6379730512241151
2026-05-12,AVAH,0.0001502420420894,0.028991451910914
2026-05-12,AVAV,-0.0377254115790669,-0.613829069265107
2026-05-12,AVNW,0.0073293945545173,0.1508350669624379
2026-05-12,AVR,-0.0365177124058653,-0.5933321606254199
2026-05-12,AVTX,-0.0231110688184483,-0.3657964009977426
2026-05-12,AXGN,-0.0134539138268717,-0.2018964597094592
2026-05-12,AXIN,0.0083746788595829,0.168575492209756
2026-05-12,AXTI,-0.0501165987470402,-0.8241306385258684
2026-05-12,BAND,0.0025996331923818,0.070562190505784
2026-05-12,BCAR,-0.0006811907555081,0.0148804858106227
2026-05-12,BDTX,-0.0021125895403559,-0.0094130226814022
2026-05-12,BEAM,-0.0005775906242538,0.0166387733647568
2026-05-12,BELFA,-0.1185373976700223,-1.9853592753403035
2026-05-12,BELFB,-0.1090613563474548,-1.8245331709887769
2026-05-12,BGDE,-0.0500292768923302,-0.8226486237013539
2026-05-12,BHAV,0.0029301028330807,0.0761708769931965
2026-05-12,BIOA,0.0412067358385194,0.725796766582483
2026-05-12,BJRI,0.0062062804909999,0.1317737254771763
2026-05-12,BKNG,-0.0190876051766233,-0.2975107148670078
2026-05-12,BKR,0.008007230445216,0.1623392069276253
2026-05-12,BL,-0.0255578146766081,-0.4073222440487802
2026-05-12,BLMN,-0.0100072583829987,-0.1434002850716426
2026-05-12,BLNK,0.0027858546346094,0.073722715885602
2026-05-12,BNZI,0.0412268844546739,0.7261387261976748
2026-05-12,BRCB,-0.2917758071449803,-4.925538361891931
2026-05-12,BTBT,0.013862134164684,0.2617078488005571
2026-05-12,BWEN,-0.1187422904266419,-1.988836687767631
2026-05-12,BYND,-0.0142902402340034,-0.2160904794954412
2026-05-12,BZAI,0.0218584234063401,0.3974197989944518
2026-05-12,CABA,-0.0282063880672394,-0.4522734769533791
2026-05-12,CAEP,-0.0059475863808081,-0.0745000754975926
2026-05-12,CAR,0.0106277134173568,0.2068136930113078
2026-05-12,CBRL,-0.0221313308162182,-0.349168418824579
2026-05-12,CCRN,0.0033454261456007,0.0832196886356577
2026-05-12,CDNA,-0.0352125032101406,-0.5711803249414324
2026-05-12,CDNL,-0.0379163979802794,-0.6170704648907226
2026-05-12,CDW,0.0293274730633262,0.5241835095621157
2026-05-12,CELC,-0.0119422968151945,-0.1762414982140338
2026-05-12,CELH,-0.0564518514636593,-0.9316516992529664
2026-05-12,CENX,0.0233392249203767,0.4225517639905491
2026-05-12,CEPS,1.4606236973467232e-05,0.0266894591900261
2026-05-12,CEVA,0.0173114533068408,0.3202492313689397
2026-05-12,CGCT,0.0024839927747537,0.0685995568236757
2026-05-12,CGEM,0.0046378282420584,0.1051541639459367
2026-05-12,CGNT,-0.0992626581309635,-1.6582309770418675
2026-05-12,CGON,0.0234287909977673,0.4240718674618672
2026-05-12,CHMG,0.0123064003223977,0.2353041423638964
2026-05-12,CHRN,0.1560340713137159,2.674630927273756
2026-05-12,CHRW,-0.0123276328492957,-0.1827813697828886
2026-05-12,CHTR,-0.0223846453588077,-0.3534676393190326
2026-05-12,CLBT,-0.0493115534519538,-0.8104675175845393
2026-05-12,CLFD,-0.0851025381265905,-1.4179073165666942
2026-05-12,CLMT,-0.0154411023414821,-0.2356227570669623
2026-05-12,CLNN,-0.0056633447692842,-0.069675964930754
2026-05-12,CLPT,-0.0339381657139228,-0.5495524396073205
2026-05-12,CMPX,0.0569187430969852,0.9924588497146102
2026-05-12,COAG,0.1059186319971216,1.8240784023540595
2026-05-12,COCO,-0.0025866075894663,-0.0174579935332277
2026-05-12,COLA,0.0281830038438722,0.5047597312300529
2026-05-12,COLB,-0.0094213311612757,-0.1334560067284487
2026-05-12,COLL,-0.0196478435930348,-0.307019006246548
2026-05-12,COLM,-0.0017477613323161,-0.0032212071901747
2026-05-12,COYA,0.0647204863006748,1.1248689906045852
2026-05-12,CPSH,0.1146897875715218,1.9729412801817967
2026-05-12,CRAC,-0.0002910732576168,0.0215015077426189
2026-05-12,CRDO,-0.0632667848335487,-1.0473138357913891
2026-05-12,CRMD,0.0033797121802054,0.0838015866235878
2026-05-12,CRML,-0.0390521115682445,-0.6363456438176583
2026-05-12,CRWD,0.0296505856778407,0.5296673335863359
2026-05-12,CSCO,0.0308742968094898,0.5504359950405696
2026-05-12,CSGS,0.0109413907297947,0.2121373823522034
2026-05-12,CTSH,-0.0237177720212127,-0.3760932865089763
2026-05-12,CUE,-0.0145214146241376,-0.2200139402872993
2026-05-12,CVGI,-0.023342732028719,-0.3697281579794989
2026-05-12,CVRX,-0.0099532070375274,-0.1424829328745386
2026-05-12,CVV,-0.0432073534760811,-0.70686785303218
2026-05-12,CXDO,0.0064749779494264,0.1363340227592258
2026-05-12,DARE,0.0701192114278234,1.2164954304973945
2026-05-12,DASH,-0.0308432726670502,-0.4970263292654679
2026-05-12,DAVE,-0.0047503266644993,-0.0541803439222979
2026-05-12,DCBO,-0.0453625197558019,-0.7434450465245528
2026-05-12,DDOG,0.0098494894985946,0.1936057808771935
2026-05-12,DFDV,-0.0415555159786907,-0.6788330882307235
2026-05-12,DGXX,-0.0164919306675344,-0.2534572746960428
2026-05-12,DIBS,0.0400691164295226,0.7064892423162148
2026-05-12,DJCO,-0.0345563126710151,-0.560043546984527
2026-05-12,DOMH,-0.003079181257245,-0.0258178878602322
2026-05-12,DOMO,-0.0676927210351617,-1.122430232310115
2026-05-12,DOO,-0.0208678618486045,-0.3277249927024889
2026-05-12,DOX,-0.026766685716319,-0.4278390414499334
2026-05-12,DPRO,-0.0169111540264127,-0.260572277403027
2026-05-12,DRTS,-0.0516411515006,-0.8500051437002495
2026-05-12,DSGN,-0.0326831424838681,-0.5282523534120785
2026-05-12,EIKN,0.0823193843396464,1.423555131382265
2026-05-12,ENGN,0.0778764930594072,1.348150975539619
2026-05-12,ENPH,0.1123415813343435,1.9330878383822176
2026-05-12,ERII,-0.0310519311736483,-0.5005676534971439
2026-05-12,ERNA,0.0028510965288475,0.0748299925778041
2026-05-12,ESOA,-0.1026423225828202,-1.7155901895342185
2026-05-12,ESPR,-0.0110679003062206,-0.1614013577577072
2026-05-12,EYE,-0.1835356125498046,-3.0885002741056464
2026-05-12,EZGO,0.0291117791331737,0.5205227810640154
2026-05-12,FA,-8.488633832373898e-05,0.0250008845255358
2026-05-12,FABC,-0.0400785472983123,-0.6537661735742006
2026-05-12,FACT,-0.0033282370205846,-0.0300448289235648
2026-05-12,FCEL,0.1384392840890477,2.3760145546859364
2026-05-12,FDMT,-0.0060735513174692,-0.0766379355341291
2026-05-12,FEIM,0.0008132530521324,0.0402439859868729
2026-05-12,FENC,-0.0415725994687929,-0.679123026937018
2026-05-12,FFAI,-0.0265350540204611,-0.4239078193265725
2026-05-12,FGMC,0.0052323370447971,0.1152440877329352
2026-05-12,FLNC,-0.0099630047601521,-0.1426492185108731
2026-05-12,FLWS,-0.0361232435631357,-0.5866372882515344
2026-05-12,FLXS,-0.0241024445571361,-0.3826218972756109
2026-05-12,FLYW,-0.054724590907969,-0.9023368644062504
2026-05-12,FMAO,-0.0098090487607306,-0.1400362979055623
2026-05-12,FNKO,-0.0605396629706132,-1.0010294887335855
2026-05-12,FOSL,0.0368247859281212,0.6514268995078732
2026-05-12,FOXF,-0.0230461934351712,-0.3646953446804902
2026-05-12,FRMI,0.0940713845507865,1.623008505207769
2026-05-12,FROG,-0.0648278664651363,-1.0738083041919262
2026-05-12,FSEA,0.0012751559116275,0.0480833394629402
2026-05-12,FTRE,-0.0221316487290321,-0.3491738143982837
2026-05-12,FWRD,-0.0402544550514313,-0.6567516564036178
2026-05-12,FWRG,-0.0413571113169373,-0.675465790880616
2026-05-12,GALT,-0.0157344820513328,-0.2406019582148817
2026-05-12,GDRX,-0.0382152084293746,-0.6221418358178478
2026-05-12,GELS,0.0487334401775098,0.8535389846923528
2026-05-12,GFS,0.021742555112499,0.3954532978277731
2026-05-12,GH,-0.0123826125197732,-0.1837144773876836
2026-05-12,GLSI,-0.0001843495022718,0.0233128090265231
2026-05-12,GLUE,-0.0184041136906954,-0.2859105888969546
2026-05-12,GMM,0.0898462702872204,1.5513004317286956
2026-05-12,GPRE,0.0021445293780295,0.0628382295133915
2026-05-12,GPRO,-0.0430191165580796,-0.7036731212674279
2026-05-12,GRAL,-0.0286964985557571,-0.4605915665318212
2026-05-12,GRPN,0.0528766143850049,0.9238563825127138
2026-05-12,GSHD,-0.0715210165106126,-1.1874035504569087
2026-05-12,GSIT,0.0354168477851771,0.627531561888527
2026-05-12,GTX,0.0579096899958418,1.009277067780289
2026-05-12,GV,0.0727759828726487,1.2615857996799398
2026-05-12,HCKT,-0.080247420871001,-1.335506916673253
2026-05-12,HCSG,-0.0213103834553472,-0.3352354101522654
2026-05-12,HELE,-0.062805624372703,-1.039487082205782
2026-05-12,HLMN,-0.0021926396779082,-0.0107716228961021
2026-05-12,HOOD,-0.0257645257550485,-0.4108305167905527
2026-05-12,HOVR,0.0920985802483809,1.5895263347735582
2026-05-12,HPK,-0.0118144612487762,-0.1740718900997608
2026-05-12,HROW,0.015293727822926,0.2860046646577326
2026-05-12,HTCO,-0.3402362615702602,-5.748002704861973
2026-05-12,HUHU,0.0136309900288836,0.2577849014811993
2026-05-12,HUT,-0.0083183209943167,-0.114735865883381
2026-05-12,HYMC,-0.0521425894704923,-0.8585154817756698
2026-05-12,IEAG,,
2026-05-12,IKT,-0.0318442151400395,-0.5140141908767799
2026-05-12,IMDX,0.0102816641947786,0.2009405919465636
2026-05-12,IMSR,-0.0473258550085121,-0.7767665095153715
2026-05-12,IMUX,0.061619895052433,1.0722461711521625
2026-05-12,IMVT,0.0121316327870726,0.2323380111581863
2026-05-12,IMXI,-0.0296034271408487,-0.4759838370275129
2026-05-12,INDI,-0.0349430933985519,-0.5666079376969084
2026-05-12,INDV,0.0034636255784069,0.0852257535806799
2026-05-12,INOD,-0.0560119320811987,-0.9241854464052324
2026-05-12,INSM,0.0425600823241375,0.7487655819042819
2026-05-12,INTC,-0.0381948138834145,-0.6217957023149295
2026-05-12,IPCX,0.0057831956333284,0.1245931859297835
2026-05-12,IPSC,-0.0236380613046876,-0.374740446902498
2026-05-12,IPST,0.1739950956968859,2.9794630278713656
2026-05-12,IPWR,-0.0523527362025741,-0.8620820639709619
2026-05-12,IREN,-0.0252197998814935,-0.4015855022110255
2026-05-12,IRHO,0.0018444933953054,0.0577460589936335
2026-05-12,IRWD,-0.1068199291455233,-1.786491968676193
2026-05-12,ISSC,-0.0344008379049284,-0.5574048500747596
2026-05-12,JACK,-0.0542277707866645,-0.8939048998386655
2026-05-12,JBHT,0.011635914526938,0.2239247472308244
2026-05-12,JBIO,-0.0214639306716145,-0.3378413929446239
2026-05-12,JBLU,-0.0081949399573588,-0.1126418594465863
2026-05-12,KALU,0.0100986652353064,0.1978347581125341
2026-05-12,KALV,-0.0171155926160875,-0.2640419817697867
2026-05-12,KEEL,-0.003652648834797,-0.0355507027910767
2026-05-12,KMTS,-0.0055617916579769,-0.0679524191250348
2026-05-12,KOPN,-0.0697223985833129,-1.1568776478549925
2026-05-12,KROS,0.0294054498370021,0.5255069209227582
2026-05-12,KXIN,0.0923848817447118,1.5943854054294933
2026-05-12,LASR,-0.0566917146943084,-0.9357226258824868
2026-05-12,LBRDA,-0.0122394204202027,-0.1812842402492074
2026-05-12,LBRDK,-0.0134470875960287,-0.2017806058337207
2026-05-12,LBRX,0.0206147362936198,0.376312107864543
2026-05-12,LBTYB,0.0091917232710129,0.1824422605468174
2026-05-12,LE,0.0169294137441795,0.3137653070719174
2026-05-12,LFUS,0.0463109814265484,0.8124253391723026
2026-05-12,LGIH,-0.0043836528613071,-0.0479572052372955
2026-05-12,LGN,0.01059708232231,0.2062938261681071
2026-05-12,LGND,-0.0030449145226813,-0.0252363174300128
2026-05-12,LIEN,-0.0008595873432954,0.0118527628125072
2026-05-12,LIFE,-0.0816326247560932,-1.359016411512774
2026-05-12,LINC,0.0310438874843454,0.5533142652636449
2026-05-12,LIND,-0.0056544673346285,-0.0695252982985914
2026-05-12,LINK,0.0566036089332488,0.9871104348885672
2026-05-12,LITE,0.0162713053152521,0.3025959789461279
2026-05-12,LLYVA,0.0274134377868952,0.4916987591667487
2026-05-12,LMB,0.004529758881974,0.1033200252385909
2026-05-12,LMRI,-0.2333438957977284,-3.933839787360382
2026-05-12,LOVE,-0.0310120124406517,-0.4998901581064051
2026-05-12,LQDA,-0.0002130315703309,0.022826020808356
2026-05-12,LRMR,-0.0064858240479684,-0.0836349731070487
2026-05-12,LWAY,0.089879217858982,1.5518596135044906
2026-05-12,LWLG,0.1079164630079431,1.8579853227320755
2026-05-12,LXRX,-0.0014222676742265,0.0023030275867478
2026-05-12,MASI,0.0223343667091559,0.405497444994345
2026-05-12,MBBC,0.024813723178128,0.4475767509650679
2026-05-12,MBX,-0.0171929263251723,-0.2653544791243043
2026-05-12,MCW,0.0229608011012105,0.4161292056079283
2026-05-12,MDAI,-0.0500974307730437,-0.8238053222380605
2026-05-12,MDB,-0.0077606556818379,-0.1052712448792136
2026-05-12,MELI,0.0073825519735749,0.151737247560158
2026-05-12,MGNX,0.0065307141385585,0.1372799698973157
2026-05-12,MKSI,0.0084091863281976,0.1691611483460494
2026-05-12,MLTX,-0.0033664334342401,-0.03069309334109
2026-05-12,MMED,-0.0433859074157327,-0.7098982465850663
2026-05-12,MNPR,-0.0198967307186561,-0.3112430852131084
2026-05-12,MNTS,0.097400525371789,1.679510237403087
2026-05-12,MOVE,0.2545873155852058,4.347263391385215
2026-05-12,MPLT,0.001619834825892,0.0539331838384882
2026-05-12,MRAM,-0.0949644323247837,-1.5852820642522172
2026-05-12,MRLN,-0.0070462878961396,-0.0931470904842264
2026-05-12,MRVI,-0.0814197380004143,-1.3554033260039196
2026-05-12,MSFT,0.0007852035375651,0.0397679333818609
2026-05-12,MSTR,-0.047323573220811,-0.7767277833200722
2026-05-12,MTCH,0.027345574442026,0.4905469915654838
2026-05-12,MTSI,0.0373644486812557,0.6605859834856459
2026-05-12,MU,0.0200673643692136,0.367022184864314
2026-05-12,MWH,0.0225197895629932,0.408644416838946
2026-05-12,MXL,-0.0910072618898166,-1.5181214975506832
2026-05-12,MYRG,0.0246597564455549,0.4449636481981474
2026-05-12,NAMS,-0.045791981948635,-0.7507338213502944
2026-05-12,NAUT,-0.0051929025810512,-0.0616916831108831
2026-05-12,NB,-0.0413399604860857,-0.6751747092761401
2026-05-12,NEGG,-0.0298705466802167,-0.4805173540786078
2026-05-12,NEO,-0.0544246331900575,-0.89724602218641
2026-05-12,NERV,-0.0208541901738973,-0.3274929588701871
2026-05-12,NESR,-0.0039543542074631,-0.0406712059733779
2026-05-12,NEXT,-0.0033505879504007,-0.0304241659112998
2026-05-12,NKLR,-0.0229634339762799,-0.3632907622268407
2026-05-12,NKSH,0.0140381448408776,0.264695078426611
2026-05-12,NKTR,-0.0232865777675637,-0.3687751153790158
2026-05-12,NNBR,-0.0601557352252189,-0.9945135184520733
2026-05-12,NNE,-0.019265105144196,-0.3005232205469115
2026-05-12,NRXP,0.0180972714694513,0.3335860319926702
2026-05-12,NSIT,-0.0022755347562847,-0.0121785070654924
2026-05-12,NSTS,0.0802386672772552,1.3882414800366143
2026-05-12,NUAI,0.0032546857015002,0.0816796539698049
2026-05-12,NUCL,0.0242589083408715,0.4381605078446546
2026-05-12,NVAX,-0.041980843160537,-0.6860516842037325
2026-05-12,NVMI,0.0172659992312642,0.3194777908851922
2026-05-12,NVTS,0.054205635105884,0.9464123442129244
2026-05-12,NXT,0.0912233470016439,1.5746719933159687
2026-05-12,ODD,0.0086924313309136,0.1739683446016583
2026-05-12,ODFL,-0.0053071596785422,-0.0636308392688697
2026-05-12,OLPX,0.0120541398169845,0.2310228108472496
2026-05-12,OMEX,0.0433976599499498,0.7629808372061555
2026-05-12,ON,0.0952238139751641,1.6425673830718126
2026-05-12,ONDS,-0.0321848798827702,-0.519795907270609
2026-05-12,ONEW,-0.0261702753078565,-0.4177168438652434
2026-05-12,OPEN,-0.0226267032699313,-0.3575758137716652
2026-05-12,OPRT,-0.0568848470132835,-0.939000441737
2026-05-12,OPRX,-0.212632589520356,-3.5823302707557607
2026-05-12,OPTX,-0.0537323268673323,-0.8854962919866625
2026-05-12,ORBS,-0.0589890624764092,-0.9747129047931512
2026-05-12,ORMP,0.0075519097352628,0.1546115648121425
2026-05-12,OTLK,-0.0665223467444268,-1.1025667965773258
2026-05-12,PAHC,-0.016337004580276,-0.2508278898898726
2026-05-12,PALI,-0.0402622521157614,-0.6568839871352915
2026-05-12,PANW,0.0577708724737095,1.0069210753842772
2026-05-12,PCT,0.0246852710166865,0.4453966780826329
2026-05-12,PENG,0.0751200933646429,1.3013697290407318
2026-05-12,PEPG,0.0562808569543017,0.981632731522904
2026-05-12,PFIS,-0.0009490138391257,0.010335028300739
2026-05-12,PHOE,-0.1623137023371352,-2.728324855888208
2026-05-12,PHVS,0.0516431445405032,0.902922097490776
2026-05-12,PICS,-0.0275721155581655,-0.4415086888673791
2026-05-12,PLAB,-0.0134914732615258,-0.2025339134046739
2026-05-12,PLSE,0.0155376471342733,0.2901444305456946
2026-05-12,PMTR,0.0009808844432273,0.0430890035083365
2026-05-12,PNRG,0.0029795855368001,0.077010690814292
2026-05-12,PNTG,0.0091578575989996,0.1818674968964976
2026-05-12,POET,0.0060550649399971,0.1292073153954438
2026-05-12,POLE,0.0075132766197332,0.1539558887488897
2026-05-12,POWI,-0.0090161222084162,-0.1265788546436909
2026-05-12,POWL,-0.038942185877599,-0.6344799997166166
2026-05-12,PPTA,0.0100644909315566,0.1972547564057117
2026-05-12,PRAA,-0.1093378947823061,-1.82922654427269
2026-05-12,PRE,-0.0257296122094793,-0.4102379687705666
2026-05-12,PRTA,0.029172464291516,0.5215527214448052
2026-05-12,PRTH,-0.0551650111999012,-0.9098116186224574
2026-05-12,PSIG,0.0067906989602256,0.1416923974750293
2026-05-12,PTEN,-0.0069722248797862,-0.0918901028887552
2026-05-12,PTON,-0.0171316029315523,-0.2643137066998496
2026-05-12,PURR,-0.0384597456750574,-0.6262920892046042
2026-05-12,PYXS,-0.0168945264235515,-0.2602900759539362
2026-05-12,QCOM,-0.0107788103461788,-0.1564949616690859
2026-05-12,QDEL,0.020306512676594,0.3710809779118537
2026-05-12,QMCO,-0.0296134562370403,-0.4761540495050402
2026-05-12,QNTM,0.0507903862972131,0.8884491987819682
2026-05-12,QSEA,0.0064335855500078,0.1356315164993176
2026-05-12,QTI,-0.1610177819047844,-2.7063306678523054
2026-05-12,QTRX,-0.0021732401158109,-0.0104423761260608
2026-05-12,QURE,-0.0100719232024541,-0.1444977677279124
2026-05-12,RBCAA,0.00059097718967,0.0364715498150234
2026-05-12,RDVT,-0.038462625878488,-0.6263409716315289
2026-05-12,RDZN,0.0638307411745065,1.1097683554726314
2026-05-12,RFIL,0.0761917322349329,1.3195574404397894
2026-05-12,RGNX,-0.0211253344542195,-0.3320947832857872
2026-05-12,RGTI,-0.0523067765514995,-0.861302042927567
2026-05-12,RILY,-0.0408693263628866,-0.6671871699617281
2026-05-12,RIOT,-0.0078818983911608,-0.1073289599057391
2026-05-12,RKLB,0.0265347029786588,0.4767849896762987
2026-05-12,RLAY,0.0150132802176697,0.2812449454571975
2026-05-12,RMBS,0.0246037730037517,0.4440135047208326
2026-05-12,ROOT,-0.0290608082574714,-0.4667745820031268
2026-05-12,RVMD,0.0237973124160533,0.4303263636228208
2026-05-12,RXT,-0.0999716809728444,-1.6702644177661488
2026-05-12,RZLT,0.0044013834619792,0.1011412548017105
2026-05-12,SABR,-0.0591829486185914,-0.9780035144341886
2026-05-12,SAIA,-0.0097220425775963,-0.1385596406167585
2026-05-12,SAIL,0.0209819394198254,0.3825442301488452
2026-05-12,SANM,-0.003236152816163,-0.0284819881374909
2026-05-12,SATL,0.034326995548645,0.6090347356766334
2026-05-12,SCVL,-0.0066448364886829,-0.0863337109568561
2026-05-12,SCZM,-0.0154362284578508,-0.2355400381666534
2026-05-12,SEAT,0.0608911392849621,1.0598778258572836
2026-05-12,SEIC,0.0062435391231512,0.1324060739925945
2026-05-12,SEPN,0.0028011068517907,0.0739815744731163
2026-05-12,SERV,-0.0363447862216592,-0.5903972805843198
2026-05-12,SEZL,0.0163357654365252,0.3036899874922594
2026-05-12,SFIX,-0.0114528366240465,-0.1679344453954672
2026-05-12,SGHT,-0.0191042149184284,-0.2977926131806462
2026-05-12,SGML,-0.1076604300107282,-1.800756836805574
2026-05-12,SHMD,0.0265925851276083,0.4777673577570375
2026-05-12,SHOO,0.0042786583940448,0.0990583813833397
2026-05-12,SIBN,0.0529080971806643,0.9243907043046562
2026-05-12,SITM,-0.0539731093681748,-0.8895828203468014
2026-05-12,SKIN,0.0047589816370265,0.107210363141194
2026-05-12,SLNO,0.0065050890815137,0.1368450648607067
2026-05-12,SMTC,0.0406610888357775,0.7165361187217495
2026-05-12,SMX,-0.0429384603159642,-0.7023042343272499
2026-05-12,SNDK,-0.0323935968853667,-0.5233382242885366
2026-05-12,SNEX,-0.0054561971866575,-0.0661602838983862
2026-05-12,SOBR,-0.0307768115198927,-0.4958983595759909
2026-05-12,SOLS,0.0144737392350733,0.2720879281526904
2026-05-12,SPPL,-0.0129416118059485,-0.193201738414791
2026-05-12,SPT,-0.0318324917721221,-0.5138152234464085
2026-05-12,SRRK,0.0125501973584329,0.2394418330116359
2026-05-12,STEX,-0.0173207182219614,-0.2675233460834784
2026-05-12,STFS,0.0159771266209374,0.2976032175408805
2026-05-12,STKE,-0.0344737018117876,-0.558641486544473
2026-05-12,STOK,-0.0240093361028405,-0.3810416730578362
2026-05-12,STRO,-0.0481001396919771,-0.7899075654755401
2026-05-12,STRZ,-0.0452211757212243,-0.7410461744976535
2026-05-12,STTK,0.0056832756190756,0.1228973568285789
2026-05-12,STX,-0.0116254513608424,-0.1708640395928278
2026-05-12,SUNS,0.0002997221065347,0.0315284075471984
2026-05-12,SWIM,-0.0344585508032479,-0.5583843456564708
2026-05-12,SWMR,-0.1392115214275759,-2.336237735197821
2026-05-12,SYNA,0.0732441748381734,1.269531891021342
2026-05-12,TACT,0.0302149774839572,0.5392461157397528
2026-05-12,TBLA,-0.0137073396271386,-0.2061975684543146
2026-05-12,TCMD,-0.00219799542352,-0.0108625198934167
2026-05-12,TENB,-0.0202350289681378,-0.3169846378004227
2026-05-12,TH,-0.0117263122506161,-0.172575837107377
2026-05-12,TIGO,0.0233999196132424,0.4235818661899948
2026-05-12,TILE,-0.0077474915727995,-0.1050478253834727
2026-05-12,TLS,-0.0335589392229793,-0.5431162583867832
2026-05-12,TMCI,0.1228240826284645,2.110995446591818
2026-05-12,TNDM,-0.0208621930679609,-0.3276287829165353
2026-05-12,TNGX,0.0793111839347169,1.3725003569501073
2026-05-12,TORO,-0.0255157533750632,-0.4066083852715592
2026-05-12,TOYO,0.0488739567986589,0.8559238139693452
2026-05-12,TPG,-0.0318025415455968,-0.5133069122125774
2026-05-12,TRDA,0.0473757840417998,0.8304970265663174
2026-05-12,TRUP,-0.0338186409564874,-0.5475238814301716
2026-05-12,TSEM,0.2136208659407186,3.6519862940022407
2026-05-12,TSHA,-0.0364597028165693,-0.5923476296441865
2026-05-12,TSLA,0.0190727487140252,0.3501417011574675
2026-05-12,TTMI,0.0194703393911322,0.3568895568863494
2026-05-12,TVGN,-0.0314095188668331,-0.5066365839398594
2026-05-12,TZOO,0.0074202663476411,0.1523773308663254
2026-05-12,UAL,-0.0030005579456511,-0.0244835035446265
2026-05-12,UFPT,-0.0065665809261734,-0.0850055680294643
2026-05-12,ULCC,-0.0171531895840704,-0.2646800724756306
2026-05-12,UNB,0.0125927553029662,0.2401641207471495
2026-05-12,URBN,-0.0002076547401851,0.0229172756495581
2026-05-12,URGN,0.0237740958804835,0.4299323356901502
2026-05-12,USAR,-0.0226098596639614,-0.3572899463467402
2026-05-12,VC,-0.0004609369996146,0.018618603060574
2026-05-12,VECO,-0.0348565988977402,-0.5651399646119604
2026-05-12,VHCP,0.0021525085886245,0.0629736516070812
2026-05-12,VIAV,-0.0141485488553013,-0.2136857123905754
2026-05-12,VICR,0.0312024501524819,0.5560053696334869
2026-05-12,VNCE,-0.0197471748884837,-0.3087048436910509
2026-05-12,VRAX,-0.0386622904598393,-0.6297296521683297
2026-05-12,VREX,0.0310342559699064,0.5531508004903806
2026-05-12,VSAT,-0.0162447248621882,-0.2492617308720373
2026-05-12,VSEC,-0.0096698769564219,-0.1376742926798951
2026-05-12,VTGN,0.0391434888287866,0.6907796146310654
2026-05-12,VTSI,0.0085634067134196,0.1717785560717603
2026-05-12,VTVT,-0.018412674867769,-0.286055888047785
2026-05-12,WATT,-0.1020852800764931,-1.7061361387126546
2026-05-12,WAY,-0.0302547337149466,-0.487037724984001
2026-05-12,WDC,-0.0096378650618649,-0.1371309910923167
2026-05-12,WEN,0.0580380331939078,1.0114552913509078
2026-05-12,WERN,0.0147115502057234,0.2761240241003342
2026-05-12,WEST,-0.0507019694800435,-0.8340654722170338
2026-05-12,WGS,-0.0015378032204367,0.0003421737683013
2026-05-12,WINA,-0.0038374027426296,-0.0386863213736682
2026-05-12,WIX,-0.2712749066246659,-4.5775998236198125
2026-05-12,WLDN,-0.0266592539431944,-0.4260157237830874
2026-05-12,WLFC,-0.0174127420002958,-0.2690851613260924
2026-05-12,WSC,-0.0469689210108871,-0.7707086735061586
2026-05-12,WVE,0.0342176818625078,0.6071794784341515
2026-05-12,WYFI,0.0106997834294517,0.2080368556053939
2026-05-12,XEL,0.0068174770065351,0.1421468708910382
2026-05-12,XENE,0.020579041565772,0.3757063017235353
2026-05-12,XLO,0.0045904698672971,0.1043504039514399
2026-05-12,XMTR,0.0069116262184259,0.143744758707346
2026-05-12,XNDU,0.0565101403712845,0.9855240989716632
2026-05-12,XOS,0.062619198935399,1.089206222833029
2026-05-12,ZD,0.0138461806842085,0.2614370884663222
2026-05-12,ZSQR,-0.0656490217316802,-1.0877448414114803
2026-05-12,ZVRA,0.008666297710569,0.1735248082968285
2026-05-13,AAL,-0.0020284890980523,-0.1114245179522976
2026-05-13,AAON,0.0496197146815422,0.6960657174973827
2026-05-13,ABSI,0.0438253386796057,0.6054739505105852
2026-05-13,ACHV,-0.0374790239246745,-0.6656734292237455
2026-05-13,ACIC,-0.0122492919596655,-0.2712209465837519
2026-05-13,ADAM,0.0066596508236753,0.0244095989698371
2026-05-13,ADEA,-0.002894769503911,-0.124968318466201
2026-05-13,ADTN,-0.0296636161201798,-0.5434839816464814
2026-05-13,ADTX,-0.1897262223373774,-3.04597162153762
2026-05-13,ADUR,0.1154276828856276,1.7249358010795812
2026-05-13,ADV,-0.0239037262350025,-0.4534313854440239
2026-05-13,AEI,-0.0065231281399602,-0.1816956381968588
2026-05-13,AEIS,0.0208031029944795,0.245534414311161
2026-05-13,AEYE,-0.0163563026123332,-0.3354317178444407
2026-05-13,AFBI,0.0046299011579807,-0.0073243804430766
2026-05-13,AGEN,0.0171099016096302,0.1877933151522928
2026-05-13,AGH,0.0443783508463371,0.6141199806150608
2026-05-13,AGPU,-0.1520730694055181,-2.45728603130646
2026-05-13,AIOT,-0.0096751527880356,-0.2309757474544673
2026-05-13,AIRO,-0.1676401545177309,-2.7006685364593723
2026-05-13,AKAM,-0.0108901414520256,-0.249971402880176
2026-05-13,AKAN,0.1110517956812899,1.6565212981471895
2026-05-13,AKBA,-0.0431568472067533,-0.7544429608506884
2026-05-13,AKTS,-0.0204625818952687,-0.3996310545561221
2026-05-13,ALAB,0.0242092673129009,0.2987878524984751
2026-05-13,ALDX,-0.0416589694178283,-0.731024495155047
2026-05-13,ALGT,0.0746487336896821,1.087380167428792
2026-05-13,ALHC,-0.0837929437800663,-1.3897651751481863
2026-05-13,ALKS,-0.0098716425580225,-0.2340477530426435
2026-05-13,AMD,0.0103466404538284,0.0820535808836686
2026-05-13,AMPH,-0.0473264731195416,-0.819632686023372
2026-05-13,AMRX,-0.0165104359261235,-0.3378415043759201
2026-05-13,AMSC,-0.019379882825831,-0.38270367155879
2026-05-13,ANAB,-0.0151842960259231,-0.3171080627092589
2026-05-13,ANNA,-0.0500343991330056,-0.8619695661891108
2026-05-13,APLD,0.0226247657946792,0.2740150741559927
2026-05-13,APLS,,
2026-05-13,APPF,0.0010164179950186,-0.0638191306284939
2026-05-13,ARAI,-0.0075091183208753,-0.1971110328296681
2026-05-13,ARCB,0.0699595642450379,1.0140676751865116
2026-05-13,ARHS,-0.0005223490041549,-0.0878768758265134
2026-05-13,ARTV,0.0354217740207976,0.474089005664961
2026-05-13,ARWR,0.0196463819532875,0.2274497399653183
2026-05-13,ASBP,0.1141750013863601,1.7053508396527794
2026-05-13,ASO,0.0199219055960063,0.2317573951178645
2026-05-13,ASPI,-0.0383866328785574,-0.6798633780358031
2026-05-13,ASRT,0.0172955888577414,0.1906964294665327
2026-05-13,ASST,0.0512141973304147,0.7209945451300519
2026-05-13,ASTI,0.0257981418163057,0.3236289999724409
2026-05-13,ASYS,0.0744071699350414,1.0836034557750172
2026-05-13,ATEX,0.0385485187203095,0.5229738773320263
2026-05-13,ATII,0.0138963755810369,0.1375516668555586
2026-05-13,ATOM,0.0235220605144366,0.288043765794848
2026-05-13,AUUD,-0.0959411233237934,-1.579695039929365
2026-05-13,AVAH,0.1053068933540442,1.566703023872647
2026-05-13,AVAV,0.013477233400347,0.1309986176998405
2026-05-13,AVNW,0.0592252422978748,0.846242668270552
2026-05-13,AVR,0.0974750891621061,1.444257228120842
2026-05-13,AVTX,-0.0275883267877701,-0.5110380154942987
2026-05-13,AXGN,0.0144352349391513,0.1459764258619877
2026-05-13,AXIN,0.0113157974196006,0.0972057977897737
2026-05-13,AXTI,-0.0480170826572803,-0.8304299726165735
2026-05-13,BAND,0.0516910989375923,0.7284506300059074
2026-05-13,BCAR,0.0209905380050643,0.2484648538957506
2026-05-13,BDTX,-0.0065817322879844,-0.182611880656874
2026-05-13,BEAM,-0.0648538982137159,-1.0936639897356828
2026-05-13,BELFA,0.00558580585238,0.0076206447516396
2026-05-13,BELFB,0.01017622167508,0.079389180387499
2026-05-13,BGDE,0.0375977166324231,0.5081086284825242
2026-05-13,BHAV,0.0076051199910307,0.0391914706456889
2026-05-13,BIOA,-0.0161255984909385,-0.3318247903683327
2026-05-13,BJRI,0.0163338718425237,0.175660531947848
2026-05-13,BKNG,-0.0060096928243507,-0.1736683696076365
2026-05-13,BKR,-0.0129477179457714,-0.2821404388931359
2026-05-13,BL,0.0563868680159772,0.8018663037610604
2026-05-13,BLMN,-0.0026995965373202,-0.1219169003487707
2026-05-13,BLNK,-0.042290334058872,-0.7408955215478846
2026-05-13,BNZI,0.2827663514329344,4.34118052939066
2026-05-13,BRCB,-0.0779886484008283,-1.2990183243496285
2026-05-13,BTBT,0.0615342236914791,0.882342276634998
2026-05-13,BWEN,0.0226893075356291,0.2750241474979887
2026-05-13,BYND,0.0374763972300967,0.5062118687584652
2026-05-13,BZAI,0.0321083177503223,0.4222850049795512
2026-05-13,CABA,0.0092094071646905,0.064273586436505
2026-05-13,CAEP,0.0450099602110237,0.6239948331226038
2026-05-13,CAR,-0.0025497484038839,-0.1195741101703055
2026-05-13,CBRL,0.0057301322620547,0.0098771059255306
2026-05-13,CCRN,0.0121267914588443,0.1098852274654261
2026-05-13,CDNA,-0.0110795090256207,-0.2529320569862007
2026-05-13,CDNL,-0.0196791688681141,-0.3873828382880207
2026-05-13,CDW,0.0184201660477854,0.208278553016176
2026-05-13,CELC,0.0951397912436388,1.4077461758860823
2026-05-13,CELH,0.0368697365273259,0.4967270743635049
2026-05-13,CENX,-0.0480736669163252,-0.8313146352633893
2026-05-13,CEPS,0.0061001599180993,0.015662277475299
2026-05-13,CEVA,0.0073593975382604,0.035349740116404
2026-05-13,CGCT,0.0062825473748722,0.0185138014322815
2026-05-13,CGEM,0.0081175841343067,0.0472035555088799
2026-05-13,CGNT,-0.0083635562577509,-0.2104696830892036
2026-05-13,CGON,-0.0510167623124461,-0.8773282547206348
2026-05-13,CHMG,0.0076609826422732,0.0400648513657072
2026-05-13,CHRN,0.1072028913390207,1.5963458719731198
2026-05-13,CHRW,-0.0230946662258579,-0.4407821932269026
2026-05-13,CHTR,0.0342400042584834,0.4556127088378602
2026-05-13,CLBT,0.0787370266013416,1.151298297474729
2026-05-13,CLFD,0.059111966863014,0.844471671394131
2026-05-13,CLMT,-0.0073120661333061,-0.1940302341630746
2026-05-13,CLNN,0.0704804449210986,1.022211347743807
2026-05-13,CLPT,0.0379168498994887,0.5130980952617059
2026-05-13,CMPX,0.0075018156220541,0.0375763657025645
2026-05-13,COAG,0.0029329411000234,-0.033855383972187
2026-05-13,COCO,0.0229749401624036,0.279489850855855
2026-05-13,COLA,0.0270931996021198,0.3438764904921609
2026-05-13,COLB,0.0118434214623583,0.1054548990428098
2026-05-13,COLL,-0.0050853218129691,-0.1592163555780937
2026-05-13,COLM,0.0046652737519548,-0.0067713500926224
2026-05-13,COYA,0.164949386586906,2.4991794195462
2026-05-13,CPSH,0.021388508400482,0.2546868942530335
2026-05-13,CRAC,0.0089543412038484,0.0602857754827195
2026-05-13,CRDO,-0.0468383476382141,-0.8120011222708702
2026-05-13,CRMD,0.0520610401690836,0.7342344503570332
2026-05-13,CRML,-0.0032786325105067,-0.1309697978380525
2026-05-13,CRWD,0.0311986136082452,0.4080622990939765
2026-05-13,CSCO,0.1469260562292702,2.217394919620867
2026-05-13,CSGS,,
2026-05-13,CTSH,-0.0014366057579649,-0.1021707592023228
2026-05-13,CUE,-0.0602180113988094,-1.021184541047365
2026-05-13,CVGI,0.0465875660954284,0.6486598021596884
2026-05-13,CVRX,0.0888437856705012,1.309311716396632
2026-05-13,CVV,0.0022168896101202,-0.0450504409899193
2026-05-13,CXDO,0.0460865024171655,0.6408259570706625
2026-05-13,DARE,0.0178562407494583,0.1994619023178197
2026-05-13,DASH,0.0249465209738531,0.3103143933789462
2026-05-13,DAVE,-0.0297618933302372,-0.5450204898245243
2026-05-13,DCBO,-0.0250118932133395,-0.4707569446846421
2026-05-13,DDOG,-0.0028551997857443,-0.1243496684706375
2026-05-13,DFDV,0.0804947914130072,1.178779948679757
2026-05-13,DGXX,-0.1401357205074423,-2.270652383532622
2026-05-13,DIBS,-0.0288818111099527,-0.5312609058067462
2026-05-13,DJCO,0.0046098897114071,-0.0076372480071527
2026-05-13,DOMH,-0.0149762258876181,-0.3138550046612582
2026-05-13,DOMO,-0.0136776437956051,-0.2935524136223703
2026-05-13,DOO,0.0169279892737131,0.1849492194391525
2026-05-13,DOX,0.0332198274928471,0.4396628264334419
2026-05-13,DPRO,0.048363278867643,0.6764220595006318
2026-05-13,DRTS,0.0815823577040508,1.1957834279134123
2026-05-13,DSGN,-0.0594323677171243,-1.0089014497667708
2026-05-13,EIKN,0.073732475763734,1.07305499686693
2026-05-13,ENGN,0.1713993486999788,2.6000209018086355
2026-05-13,ENPH,0.1644989093819868,2.4921364651422637
2026-05-13,ERII,0.0402076100774223,0.5489128253021162
2026-05-13,ERNA,-0.1950170033958196,-3.1286899685458867
2026-05-13,ESOA,0.0303632407724787,0.395001720826434
2026-05-13,ESPR,0.0192308355226934,0.2209529083133863
2026-05-13,EYE,0.0428093272315568,0.5895891904731265
2026-05-13,EZGO,-0.1305663558158992,-2.1210408194818533
2026-05-13,FA,-0.0547718445757226,-0.9360368261521946
2026-05-13,FABC,-0.1059478192031324,-1.736144027897329
2026-05-13,FACT,0.0148818839984833,0.1529595293910563
2026-05-13,FCEL,0.0949408290904207,1.4046355159949215
2026-05-13,FDMT,-0.0703362765270056,-1.179377850645819
2026-05-13,FEIM,-0.0135203568635266,-0.2910933220659779
2026-05-13,FENC,0.3536571591459737,5.4495179123460025
2026-05-13,FFAI,-0.0476425398612141,-0.824574209425426
2026-05-13,FGMC,0.0126627390488337,0.1182644626364321
2026-05-13,FLNC,-0.0295765872440185,-0.5421233347592755
2026-05-13,FLWS,0.0760455894640036,1.1092192114913793
2026-05-13,FLXS,0.0320575118228874,0.4214906832547975
2026-05-13,FLYW,0.0365099414945405,0.4911018840475494
2026-05-13,FMAO,-0.0010765942551684,-0.0965421845010929
2026-05-13,FNKO,-0.0228927883916019,-0.4376259483241554
2026-05-13,FOSL,0.0625886025923717,0.89882688993478
2026-05-13,FOXF,-0.0053379802546167,-0.1631665263411476
2026-05-13,FRMI,0.2277771176464163,3.481455193598517
2026-05-13,FROG,0.0104401745539441,0.0835159332405353
2026-05-13,FSEA,0.0166537159586885,0.1806611124476317
2026-05-13,FTRE,-0.0085078851459236,-0.212726183012998
2026-05-13,FWRD,0.0679694545394416,0.9829534439617358
2026-05-13,FWRG,-0.017059548457257,-0.3464265658999479
2026-05-13,GALT,0.0362688021816627,0.487331808298877
2026-05-13,GDRX,-0.0459272618776481,-0.7977568155675078
2026-05-13,GELS,-0.0004622996768869,-0.0869380388125271
2026-05-13,GFS,-0.0065903770098037,-0.1827470359565065
2026-05-13,GH,-0.0019026523591813,-0.1094571322454717
2026-05-13,GLSI,0.0204941279177845,0.2407037650499947
2026-05-13,GLUE,-0.0149408419565512,-0.3133017970618186
2026-05-13,GMM,0.1737937241843428,2.6374555981220804
2026-05-13,GPRE,-0.0120374088774329,-0.2679082753301695
2026-05-13,GPRO,-0.0068229273849098,-0.186382828557342
2026-05-13,GRAL,0.0182423416560548,0.2054983699809627
2026-05-13,GRPN,-0.0609390580994304,-1.032457695338255
2026-05-13,GSHD,-0.0016055205585995,-0.1048116458576919
2026-05-13,GSIT,-0.0958874766602028,-1.578856304913551
2026-05-13,GTX,0.0449815248558217,0.6235502625473097
2026-05-13,GV,0.0595738287487358,0.8516926187950955
2026-05-13,HCKT,0.0297479395169351,0.3853818363125101
2026-05-13,HCSG,0.008350678713429,0.0508478564294063
2026-05-13,HELE,0.0459921625836368,0.6393510075310133
2026-05-13,HLMN,-0.0071644076550909,-0.1917216779962634
2026-05-13,HOOD,0.0442979888895877,0.6128635672138573
2026-05-13,HOVR,-0.0079392968530153,-0.2038366290514745
2026-05-13,HPK,0.0050072645384447,-0.0014245190221194
2026-05-13,HROW,0.0335383328744624,0.4446424765813938
2026-05-13,HTCO,0.0162054043638334,0.1736520161230201
2026-05-13,HUHU,-0.0478451974476058,-0.8277426453084902
2026-05-13,HUT,0.0160001616321809,0.1704431629668942
2026-05-13,HYMC,-0.076318811622521,-1.272911377842214
2026-05-13,IEAG,,
2026-05-13,IKT,-0.0208138795627998,-0.4051233934083724
2026-05-13,IMDX,0.2566397184851598,3.932705510965315
2026-05-13,IMSR,0.1603015284828573,2.4265128065737307
2026-05-13,IMUX,-0.0247224623997487,-0.4662318588402211
2026-05-13,IMVT,-0.0042843987346637,-0.1466943796379858
2026-05-13,IMXI,0.0240658847806054,0.2965461483095595
2026-05-13,INDI,-0.0517995365272143,-0.8895664835210882
2026-05-13,INDV,-0.0138798689143905,-0.2967140881208424
2026-05-13,INOD,0.0217251090731735,0.2599494539657413
2026-05-13,INSM,-0.0261756644523843,-0.4889518448565068
2026-05-13,INTC,-0.0290242864497762,-0.5334884265583067
2026-05-13,IPCX,0.0047264959697597,-0.0058141756034374
2026-05-13,IPSC,0.0456915799216654,0.6346515688918081
2026-05-13,IPST,0.3942592260946166,6.08430809285285
2026-05-13,IPWR,0.3770350535256493,5.815017969570067
2026-05-13,IREN,0.0478390805038636,0.6682265167863696
2026-05-13,IRHO,0.0108782214935537,0.0903645475294815
2026-05-13,IRWD,-0.0123004199776034,-0.2720203040099828
2026-05-13,ISSC,-0.1606007277931119,-2.590611110889441
2026-05-13,JACK,-0.1450648883598262,-2.34771711412186
2026-05-13,JBHT,0.0765727985352938,1.1174618249019852
2026-05-13,JBIO,-0.0238588328520985,-0.4527295029838712
2026-05-13,JBLU,0.0311259384573807,0.4069260645226185
2026-05-13,KALU,-0.0054769159466877,-0.1653387067170902
2026-05-13,KALV,0.0013269895787409,-0.0589635208896916
2026-05-13,KEEL,0.1224589337699865,1.834865402045877
2026-05-13,KMTS,0.0204612097821472,0.2401891087570134
2026-05-13,KOPN,0.0944462132586497,1.3969024793116256
2026-05-13,KROS,-0.0779670107626683,-1.2986800322067509
2026-05-13,KXIN,-0.0049530052618311,-0.1571476616988595
2026-05-13,LASR,-0.0035064855016448,-0.1345321495172544
2026-05-13,LBRDA,0.0542886162912934,0.7690613336903092
2026-05-13,LBRDK,0.0487454495013547,0.682397079586804
2026-05-13,LBRX,0.0064439191397015,0.0210367570210762
2026-05-13,LBTYB,-0.0155151996210417,-0.3222815518604737
2026-05-13,LE,-0.0251551712111607,-0.4729970145366178
2026-05-13,LFUS,-0.0313806670493795,-0.5703290944991045
2026-05-13,LGIH,-0.0384121978910153,-0.6802630724378973
2026-05-13,LGN,-0.0869114607065752,-1.4385214102727724
2026-05-13,LGND,-0.0021240759409181,-0.1129189637723495
2026-05-13,LIEN,0.093873083220875,1.387941917757135
2026-05-13,LIFE,-0.0790228567014715,-1.3151875818083032
2026-05-13,LINC,-0.0054436463886355,-0.1648185561349042
2026-05-13,LIND,0.0292419501573755,0.3774709810032048
2026-05-13,LINK,0.0369972925525005,0.498721340131988
2026-05-13,LITE,-0.0212046544182326,-0.4112329355982193
2026-05-13,LLYVA,0.0082702783318559,0.0495908422779791
2026-05-13,LMB,0.0473439800668687,0.6604859035765407
2026-05-13,LMRI,-0.1055790257789301,-1.730378152859115
2026-05-13,LOVE,0.0076917638390054,0.0405460978365961
2026-05-13,LQDA,0.0364166125374363,0.4896427389847704
2026-05-13,LRMR,-0.0596269061337352,-1.0119429470568506
2026-05-13,LWAY,-0.0383955888915266,-0.6800034001951797
2026-05-13,LWLG,-0.1543253252048634,-2.492498767328555
2026-05-13,LXRX,-0.04089474820953,-0.7190763320387107
2026-05-13,MASI,0.0022132876640644,-0.0451067553640098
2026-05-13,MBBC,-0.0381610119584582,-0.6763359235153958
2026-05-13,MBX,-0.0347079859852936,-0.6223498300593014
2026-05-13,MCW,0.011832852529944,0.1052896598069962
2026-05-13,MDAI,0.0362027584393983,0.4862992520222126
2026-05-13,MDB,-0.0047848591167792,-0.1545187925355223
2026-05-13,MELI,0.0488937832035443,0.6847161924956933
2026-05-13,MGNX,0.206759813195454,3.1528616147772883
2026-05-13,MKSI,-0.0113506536393812,-0.2571712485162812
2026-05-13,MLTX,0.0234153148047446,0.286374857450615
2026-05-13,MMED,-0.0226473145831095,-0.4337881052064702
2026-05-13,MNPR,0.0204853902903248,0.2405671572236158
2026-05-13,MNTS,-0.0511030319029638,-0.878677030609465
2026-05-13,MOVE,0.0828088238753843,1.2149585276262198
2026-05-13,MPLT,-0.0333002123031233,-0.6003400907288376
2026-05-13,MRAM,-0.0027546756519311,-0.1227780309200352
2026-05-13,MRLN,-0.1150637892831316,-1.8786670255540072
2026-05-13,MRVI,-0.0203738588859235,-0.3982439208619526
2026-05-13,MSFT,0.0104637355489907,0.08388429597235
2026-05-13,MSTR,0.0539945416079592,0.7644636435886628
2026-05-13,MTCH,-0.0059884738971017,-0.173336623771258
2026-05-13,MTSI,0.0181891210439561,0.2046662960374483
2026-05-13,MU,-0.0176419113390861,-0.3555314777100877
2026-05-13,MWH,-0.0403744406534772,-0.7109416198861586
2026-05-13,MXL,-0.0032153170103435,-0.1299798960720088
2026-05-13,MYRG,0.0266565127416653,0.3370491402657927
2026-05-13,NAMS,-0.0235245990281896,-0.4475039476031813
2026-05-13,NAUT,-0.1124292307940495,-1.8374772048250367
2026-05-13,NB,-0.0049334769135477,-0.1568423471012672
2026-05-13,NEGG,-0.0676776376143521,-1.1378115462160323
2026-05-13,NEO,0.0054071256089311,0.0048270809625017
2026-05-13,NERV,-0.0006106336071309,-0.0892571552869169
2026-05-13,NESR,-0.0301657546861047,-0.5513346319915999
2026-05-13,NEXT,0.0402608916912384,0.5497458529727232
2026-05-13,NKLR,0.0720854734929007,1.0473050548721072
2026-05-13,NKSH,-0.0009067840837563,-0.0938872992338251
2026-05-13,NKTR,-0.0317040084674593,-0.5753843533214656
2026-05-13,NNBR,0.0280670227384721,0.3591016603163662
2026-05-13,NNE,0.0366843889675419,0.493829270882696
2026-05-13,NRXP,0.0585734738686226,0.8360526402757456
2026-05-13,NSIT,0.0265325934109016,0.3351117321421301
2026-05-13,NSTS,0.0106041221411536,0.0860791603444652
2026-05-13,NUAI,0.1006720569566961,1.4942399978642966
2026-05-13,NUCL,0.0162055602735699,0.173654453682908
2026-05-13,NVAX,0.0166046536438938,0.1798940511129473
2026-05-13,NVMI,0.1078215963507949,1.6060189722761524
2026-05-13,NVTS,0.0558125537465834,0.7928872274200135
2026-05-13,NXT,0.0357602550239228,0.479380963272533
2026-05-13,ODD,-0.0252179516889431,-0.4739785515326097
2026-05-13,ODFL,0.0527486226793,0.7449844110998127
2026-05-13,OLPX,-7.228178004344953e-05,-0.0808403312388867
2026-05-13,OMEX,-0.0063980780279657,-0.1797405509530048
2026-05-13,ON,0.0446821740464094,0.6188700832209212
2026-05-13,ONDS,0.2538948029811131,3.8897903211919993
2026-05-13,ONEW,0.0156784734598835,0.1654137517002739
2026-05-13,OPEN,-0.0371142796921111,-0.6599708609894578
2026-05-13,OPRT,0.0026705915959764,-0.0379570689736064
2026-05-13,OPRX,0.0465901381962334,0.6487000154901164
2026-05-13,OPTX,0.1369213515549563,2.0609770630088247
2026-05-13,ORBS,0.0436844841449982,0.6032717701249946
2026-05-13,ORMP,0.048015767647853,0.6709889196011846
2026-05-13,OTLK,-0.010138056339569,-0.2382129807068239
2026-05-13,PAHC,0.0180453785799778,0.2024189645217717
2026-05-13,PALI,-0.0208091807120154,-0.4050499295538995
2026-05-13,PANW,0.0484470554229387,0.6777318582043682
2026-05-13,PCT,0.2043646966781005,3.1154153328353145
2026-05-13,PENG,0.0372129727188402,0.5020933766318952
2026-05-13,PEPG,-0.0693756391109526,-1.164358832044887
2026-05-13,PFIS,0.0021842444728403,-0.0455608291091454
2026-05-13,PHOE,-0.0090619017826754,-0.2213879174338665
2026-05-13,PHVS,-0.0710520396127158,-1.190568398628335
2026-05-13,PICS,-0.0353734629119101,-0.6327541825988994
2026-05-13,PLAB,0.0054771136692968,0.0059213044050924
2026-05-13,PLSE,0.1258555470705392,1.8879695155112597
2026-05-13,PMTR,0.0051699490830183,0.0011189611299177
2026-05-13,PNRG,0.0051915506386536,0.0014566891430828
2026-05-13,PNTG,0.0413229319298213,0.5663502469216405
2026-05-13,POET,0.4387922561743829,6.780556641938023
2026-05-13,POLE,0.002920664092349,-0.0340473279913814
2026-05-13,POWI,0.018130761704025,0.2037538810124688
2026-05-13,POWL,-0.0098641443243193,-0.2339305224314051
2026-05-13,PPTA,-0.0026657604270653,-0.1213878920457324
2026-05-13,PRAA,-0.0150584377296201,-0.3151403399642685
2026-05-13,PRE,-0.0147149175389393,-0.3097695975307407
2026-05-13,PRTA,0.0463500260209418,0.6449459984523125
2026-05-13,PRTH,0.0248375724386958,0.3086110451137965
2026-05-13,PSIG,-0.0071196580237294,-0.1910220430095632
2026-05-13,PTEN,0.0050474274031287,-0.0007965955187501
2026-05-13,PTON,-0.0214263787693755,-0.4146994694833726
2026-05-13,PURR,0.1894986341672571,2.882992916591804
2026-05-13,PYXS,-0.1566304633162953,-2.528538288166248
2026-05-13,QCOM,-0.0482675539807747,-0.8343459490335857
2026-05-13,QDEL,0.0227411953031006,0.2758353831752512
2026-05-13,QMCO,0.0076040393712513,0.0391745757712069
2026-05-13,QNTM,0.2511720770951594,3.84722205345328
2026-05-13,QSEA,-0.0022199986158465,-0.1144186601353327
2026-05-13,QTI,0.0538015400529679,0.7614461742542554
2026-05-13,QTRX,-0.0446760430861722,-0.7781947227435355
2026-05-13,QURE,-0.03718377504863,-0.6610573812881617
2026-05-13,RBCAA,0.0108035340947852,0.0891968526087824
2026-05-13,RDVT,-0.0013086498714379,-0.1001702418294478
2026-05-13,RDZN,-0.0263257371674519,-0.4912981462408042
2026-05-13,RFIL,0.0164323560017137,0.1772002756576532
2026-05-13,RGNX,-0.3740802858279075,-5.928242353920517
2026-05-13,RGTI,0.0585516772922443,0.8357118632243932
2026-05-13,RILY,0.1097617461600539,1.6363521089902917
2026-05-13,RIOT,-0.0081231131887468,-0.2067104927167585
2026-05-13,RKLB,0.0707708235677518,1.0267512524180566
2026-05-13,RLAY,-0.0265582824856527,-0.4949338597798066
2026-05-13,RMBS,-0.0346790314916323,-0.6218971430500179
2026-05-13,ROOT,-0.0125629434694791,-0.2761247092119609
2026-05-13,RVMD,0.0054049142142487,0.0047925070667581
2026-05-13,RXT,0.3038840349180388,4.671343477211817
2026-05-13,RZLT,0.0334217173149773,0.4428192587597716
2026-05-13,SABR,-0.0940641113161062,-1.5503490267650497
2026-05-13,SAIA,0.0640875330091807,0.9222618128675688
2026-05-13,SAIL,0.106772028437646,1.5896095760283024
2026-05-13,SANM,0.0106275841024394,0.0864459747398637
2026-05-13,SATL,0.0942518972789501,1.393864459695903
2026-05-13,SCVL,-0.0096282307962046,-0.2302421488497008
2026-05-13,SCZM,-0.0346250425812814,-0.6210530572011274
2026-05-13,SEAT,0.0087800925361736,0.057561496855568
2026-05-13,SEIC,-0.000475839457133,-0.087149725561315
2026-05-13,SEPN,0.1376761778770437,2.072778342432732
2026-05-13,SERV,0.0182529945361254,0.2056649216905465
2026-05-13,SEZL,0.0226765037960287,0.2748239683252796
2026-05-13,SFIX,-0.0130028729586858,-0.2830027560911274
2026-05-13,SGHT,0.0596278600314602,0.8525373671118993
2026-05-13,SGML,-0.0492692307389454,-0.8500065943631194
2026-05-13,SHMD,0.0674128578625358,0.9742513720832424
2026-05-13,SHOO,0.0243806387318872,0.3014671469819216
2026-05-13,SIBN,0.0415108505217691,0.5692882470252809
2026-05-13,SITM,-0.000481564907919,-0.0872392397218261
2026-05-13,SKIN,0.0414427568404695,0.568223641119916
2026-05-13,SLNO,0.0054128263878361,0.0049162093922114
2026-05-13,SMTC,0.0154826266599862,0.1623517985830645
2026-05-13,SMX,0.157077835858936,2.376112209352263
2026-05-13,SNDK,-0.029894174580111,-0.547088631788609
2026-05-13,SNEX,0.0040297462115748,-0.0167074610444414
2026-05-13,SOBR,-0.1270780299441442,-2.0665028322262056
2026-05-13,SOLS,-0.0114980107869223,-0.2594750935497107
2026-05-13,SPPL,0.0033785397816212,-0.0268887025004576
2026-05-13,SPT,-0.0467493497801499,-0.8106096914735972
2026-05-13,SRRK,0.0274872604827657,0.3500374078137425
2026-05-13,STEX,0.078723409466558,1.1510854013318257
2026-05-13,STFS,0.1842174576037579,2.8004247303890497
2026-05-13,STKE,0.1325107652159162,1.992020058877932
2026-05-13,STOK,-0.0225419824662827,-0.4321412975811783
2026-05-13,STRO,-0.0325948306796036,-0.5893118509920122
2026-05-13,STRZ,0.1119567805819178,1.6706702213818656
2026-05-13,STTK,-0.0014962014209916,-0.1031025034344073
2026-05-13,STX,-0.0119973998050843,-0.2672827562823286
2026-05-13,SUNS,0.0898311240845788,1.3247481898866742
2026-05-13,SWIM,0.013691004702798,0.1343408102005741
2026-05-13,SWMR,-0.066969373147176,-1.1267382348613664
2026-05-13,SYNA,0.0127709660165445,0.1199565296057245
2026-05-13,TACT,0.0119862728193181,0.1076882986080298
2026-05-13,TBLA,-0.0213531503397407,-0.4135545847137158
2026-05-13,TCMD,-0.0132976704937146,-0.2876117475671176
2026-05-13,TENB,-0.011383789785481,-0.2576893132786143
2026-05-13,TH,0.050055350155016,0.7028766298874188
2026-05-13,TIGO,-0.0028846042075747,-0.1248093898504638
2026-05-13,TILE,0.0279315718092113,0.3569839622212412
2026-05-13,TLS,-0.0033755098771434,-0.1324844202618845
2026-05-13,TMCI,0.0976716281185904,1.4473300027118765
2026-05-13,TNDM,-0.0029328093427957,-0.1255630496709607
2026-05-13,TNGX,-0.0090298390049574,-0.2208866341745461
2026-05-13,TORO,0.0029686069916299,-0.0332977680803789
2026-05-13,TOYO,-0.0157312770291479,-0.3256597990090408
2026-05-13,TPG,0.0050696837627021,-0.0004486300191398
2026-05-13,TRDA,-0.0567785361927073,-0.9674103061126728
2026-05-13,TRUP,-0.0179694166781051,-0.3606518370636091
2026-05-13,TSEM,0.0362925651304169,0.4877033284618318
2026-05-13,TSHA,-0.0562666909923519,-0.9594078980693552
2026-05-13,TSLA,0.0019689732686648,-0.0489264717186539
2026-05-13,TTMI,0.015231956530454,0.158432713946938
2026-05-13,TVGN,0.3615126218096492,5.57233359482214
2026-05-13,TZOO,0.0088618668892721,0.058839992268865
2026-05-13,UAL,0.0037892661623735,-0.0204672295811972
2026-05-13,UFPT,0.0107718153650763,0.088700948344036
2026-05-13,ULCC,0.031932218184192,0.4195317886097431
2026-05-13,UNB,0.0138214313032238,0.1363799557773725
2026-05-13,URBN,0.0357592952115505,0.4793659571530201
2026-05-13,URGN,-0.0153950611140509,-0.3204032547620776
2026-05-13,USAR,-0.0180552779999928,-0.361994229905053
2026-05-13,VC,0.0012953210002753,-0.0594586410683264
2026-05-13,VECO,-0.0078581153574994,-0.2025674026286542
2026-05-13,VHCP,0.0145759031926979,0.1481756938493379
2026-05-13,VIAV,-0.0111482308183747,-0.2540064830562389
2026-05-13,VICR,-0.0533517968853806,-0.913835189698052
2026-05-13,VNCE,-0.004663215971499,-0.1526169712748591
2026-05-13,VRAX,-0.0026444815169647,-0.1210552084116485
2026-05-13,VREX,0.0004943170685161,-0.0719818811061115
2026-05-13,VSAT,0.0481312680914581,0.6727947032214492
2026-05-13,VSEC,-0.0046754154240505,-0.1528077027638987
2026-05-13,VTGN,-0.0026234953264637,-0.1207271012817053
2026-05-13,VTSI,-0.0199323319879873,-0.3913408994075504
2026-05-13,VTVT,0.2212693582217213,3.379710083303453
2026-05-13,WATT,0.1105491973129454,1.6486634590532472
2026-05-13,WAY,-0.0024629683770094,-0.1182173538998986
2026-05-13,WDC,-0.0010464411724837,-0.0960707582354182
2026-05-13,WEN,-0.003663145474591,-0.136981438924873
2026-05-13,WERN,0.0770785512430919,1.125368980295848
2026-05-13,WEST,0.0155216046604654,0.1629611974097624
2026-05-13,WGS,-0.0204926049323998,-0.400100447633669
2026-05-13,WINA,0.0259227845757925,0.3255777184919571
2026-05-13,WIX,-0.0315240488094698,-0.5725707866150317
2026-05-13,WLDN,0.000932995386163,-0.0651233955813306
2026-05-13,WLFC,-0.0947905703417837,-1.561706799674098
2026-05-13,WSC,0.0148726170765442,0.1528146463470997
2026-05-13,WVE,-0.0216999883062967,-0.4189771986824879
2026-05-13,WYFI,0.1307567196211187,1.96459655550932
2026-05-13,XEL,0.0049310391042286,-0.0026162602506261
2026-05-13,XENE,0.0047784328838874,-0.0050021715462105
2026-05-13,XLO,0.1210737356720587,1.813208619110822
2026-05-13,XMTR,0.0579922128181349,0.8269649549707727
2026-05-13,XNDU,-0.0015434704740849,-0.1038415281442442
2026-05-13,XOS,-0.0273663538464567,-0.507567595043482
2026-05-13,ZD,-0.0041692394903288,-0.1448939304738855
2026-05-13,ZSQR,-0.125666717238582,-2.0444377622816465
2026-05-13,ZVRA,0.0481223963960665,0.6726559993193497
