submitted_at,ticker,paper_side,quantity,limit_price,notional,dry_run,order_status,order_id,error,transaction_cost_bps,slippage_bps,estimated_transaction_cost,estimated_slippage_cost,estimated_total_cost,risk_ok,risk_reason,company_name,final_close_model_side,target_weight,current_weight,order_weight_delta,estimated_order_value,alpha_score,net_alpha_after_cost_bps,alpha_rank,quantile_bucket,top_positive_factor_contributors,top_negative_factor_contributors,residual_score,outlier_flag,price_flag,liquidity_flag,risk_flag,signal_price,reason_text,final_close_target_direction,final_close_has_nonzero_target,paper_signed_notional
2026-05-14T17:13:00.563471+00:00,DGXX,BUY,549,8.68,4765.32,False,Cancelled,1412,,1.0,2.0,0.4765319999999999,0.953064,1.429596,True,,Digi Power X Inc. Subordinate Voting Shares,SELL,0.0044573102678571,0.0044642857142857,-6.975446428571404e-06,-0.6975446428571404,0.0135232208750632,132.23220875063222,1.0,5.0,intraday_return;close_to_low_20;mom_21,parkinson_vol_20;volume_z_60;mom_10,,False,True,True,True,7.22,"SELL because predicted alpha is in the top decile. Net alpha after estimated 3.0 bps trading cost is 132.23 bps versus threshold 5.00 bps. Main contributors were intraday_return, close_to_low_20, mom_21. Price filter passed; liquidity filter passed.",LONG,True,4765.32
2026-05-14T17:13:00.563471+00:00,WYFI,BUY,68,30.16,2050.88,False,Cancelled,2423,,1.0,2.0,0.205088,0.410176,0.615264,True,,"WhiteFiber, Inc. Ordinary Shares",SHORT,-0.00078125,0.0,-0.00078125,-78.125,-0.0035810266882561,32.81026688256128,7234.0,1.0,mom_5;close_to_low_20;mom_21,intraday_return;volume_z_60;mom_10,,False,True,True,True,29.99,"SHORT because predicted alpha is in the bottom decile. Net alpha after estimated 3.0 bps trading cost is 32.81 bps versus threshold 5.00 bps. Main contributors were intraday_return, volume_z_60, mom_10. Price filter passed; liquidity filter passed.",SHORT,True,2050.88
2026-05-14T17:13:00.563471+00:00,AAL,SELL,193,12.66,2443.38,False,Filled,1001,,1.0,2.0,0.244338,0.488676,0.733014,True,,American Airlines Group Inc.,,0.0,0.0,0.0,0.0,0.0026282001289707,23.28200128970702,598.0,5.0,parkinson_vol_20;intraday_return;volume_z_60,hl_range_20;close_to_high_20;volatility_20,,False,True,True,True,12.7,,FLAT,False,-2443.38
2026-05-14T17:13:00.563471+00:00,AAON,BUY,7,138.32,968.24,False,Filled,1004,,1.0,2.0,0.096824,0.193648,0.290472,True,,Aaon Inc,SELL,0.0036760602678571,0.0044642857142857,-0.0007882254464285,-78.82254464285712,0.0023899343902947,20.89934390294732,687.0,5.0,mom_21;close_to_low_20;mom_5,mom_10;intraday_return;volatility_10,,False,True,True,True,140.0,"SELL because predicted alpha is in the top decile. Net alpha after estimated 3.0 bps trading cost is 20.90 bps versus threshold 5.00 bps. Main contributors were mom_21, close_to_low_20, mom_5. Price filter passed; liquidity filter passed.",LONG,True,968.24
2026-05-14T17:13:00.563471+00:00,ABSI,BUY,624,5.6,3494.4,False,Filled,1007,,1.0,2.0,0.34944,0.69888,1.04832,True,,Absci Corporation Common Stock,SELL,0.0044573102678571,0.0044642857142857,-6.975446428571404e-06,-0.6975446428571404,0.005119826768291,48.19826768291051,176.0,5.0,mom_21;hl_range_20;intraday_return,parkinson_vol_20;overnight_return;mom_126,,False,True,True,True,5.54,"SELL because predicted alpha is in the top decile. Net alpha after estimated 3.0 bps trading cost is 48.20 bps versus threshold 5.00 bps. Main contributors were mom_21, hl_range_20, intraday_return. Price filter passed; liquidity filter passed.",LONG,True,3494.4
2026-05-14T17:13:00.563471+00:00,ACIC,BUY,44,10.58,465.52,False,Filled,1013,,1.0,2.0,0.0465519999999999,0.0931039999999999,0.139656,True,,American Coastal Insurance Corporation Common Stock,,0.0,0.0,0.0,0.0,0.0017336286077711,14.336286077711286,948.0,4.0,parkinson_vol_20;intraday_return;mom_10,hl_range_20;mom_21;price_kurt_63,,False,True,True,True,10.63,,FLAT,False,465.52
2026-05-14T17:13:00.563471+00:00,ADAM,BUY,106,9.08,962.48,False,Filled,1016,,1.0,2.0,0.096248,0.192496,0.288744,True,,"Adamas Trust, Inc. Common Stock",,0.0,0.0,0.0,0.0,0.0016144656917338,13.144656917338327,1002.0,4.0,parkinson_vol_20;dist_52w_high;mom_21,hl_range_20;close_to_high_20;price_kurt_63,,False,True,True,True,8.92,,FLAT,False,962.48
2026-05-14T17:13:00.563471+00:00,ADEA,BUY,78,31.04,2421.12,False,Filled,1019,,1.0,2.0,0.242112,0.484224,0.726336,True,,Adeia Inc. Common Stock,,0.0,0.0,0.0,0.0,0.0039861531908896,36.86153190889663,307.0,5.0,mom_5;parkinson_vol_20;intraday_return,mom_126;volume_z_60;volatility_10,,False,True,True,True,31.48,,FLAT,False,2421.12
2026-05-14T17:13:00.563471+00:00,ADTN,BUY,50,15.29,764.5,False,Filled,1022,,1.0,2.0,0.07645,0.1529,0.22935,True,,"ADTRAN Holdings, Inc. Common Stock",BUY,0.00078125,0.0,0.00078125,78.125,0.0050260099742053,47.26009974205368,186.0,5.0,intraday_return;parkinson_vol_20;mom_63,mom_126;overnight_return;mom_1,,False,True,True,True,15.28,"BUY because predicted alpha is in the top decile. Net alpha after estimated 3.0 bps trading cost is 47.26 bps versus threshold 5.00 bps. Main contributors were intraday_return, parkinson_vol_20, mom_63. Price filter passed; liquidity filter passed.",LONG,True,764.5
2026-05-14T17:13:00.563471+00:00,ADTX,SELL,15320,0.0634,971.288,False,Filled,1025,,1.0,2.0,0.0971288,0.1942576,0.2913864,True,,"Aditxt, Inc. Common Stock",,0.0,0.0,0.0,0.0,-0.0251905448224735,-254.9054482247358,7562.0,1.0,hl_range_20;overnight_return;close_to_high_20,parkinson_vol_20;volume_z_60;mom_5,,False,False,False,True,0.0668,,FLAT,False,-971.288
2026-05-14T17:13:00.563471+00:00,ADUR,SELL,55,13.87,762.8499999999999,False,Filled,1028,,1.0,2.0,0.0762849999999999,0.1525699999999999,0.2288549999999999,True,,Aduro Clean Technologies Inc. Common Stock,SHORT,-0.00078125,0.0,-0.00078125,-78.125,-0.0050945486824239,47.945486824239154,7334.0,1.0,mom_1;volume_z_20;mom_5,intraday_return;volume_z_60;close_to_high_20,,False,True,True,True,14.27,"SHORT because predicted alpha is in the bottom decile. Net alpha after estimated 3.0 bps trading cost is 47.95 bps versus threshold 5.00 bps. Main contributors were intraday_return, volume_z_60, close_to_high_20. Price filter passed; liquidity filter passed.",SHORT,True,-762.8499999999999
2026-05-14T17:13:00.563471+00:00,AEIS,SELL,2,345.63,691.26,False,Filled,1037,,1.0,2.0,0.0691259999999999,0.1382519999999999,0.2073779999999999,True,,Advanced Energy Industries Inc,,0.0,0.0,0.0,0.0,-0.0021407186307792,-24.40718630779221,7047.0,1.0,parkinson_vol_20;mom_252;volume_z_20,volume_z_60;hl_range_20;mom_126,,False,True,True,True,344.6,,FLAT,False,-691.26
2026-05-14T17:13:00.563471+00:00,AFBI,BUY,21,22.46,471.66,False,Filled,1043,,1.0,2.0,0.047166,0.094332,0.141498,True,,"Affinity Bancshares, Inc. Common Stock (MD)",,0.0,0.0,0.0,0.0,-0.0017175083822675,-20.17508382267566,6953.0,1.0,parkinson_vol_20;volume_z_60;volatility_10,hl_range_20;price_kurt_63;volatility_20,,False,True,False,True,22.46,,FLAT,False,471.66
2026-05-14T17:13:00.563471+00:00,AGH,SELL,700,4.24,2968.0,False,Filled,1049,,1.0,2.0,0.2968,0.5936,0.8904000000000001,True,,Aureus Greenway Holdings Inc. Common Stock,,0.0,0.0,0.0,0.0,0.0058574731726532,55.57473172653293,112.0,5.0,mom_252;hl_range_20;mom_21,overnight_return;parkinson_vol_20;mom_5,,False,False,True,True,4.26,,FLAT,False,-2968.0
2026-05-14T17:13:00.563471+00:00,AIOT,SELL,756,3.28,2479.68,False,Filled,1055,,1.0,2.0,0.247968,0.495936,0.743904,True,,"PowerFleet, Inc. Common Stock",,0.0,0.0,0.0,0.0,0.0024435006878442,21.43500687844287,662.0,5.0,parkinson_vol_20;volume_z_60;intraday_return,hl_range_20;mom_252;volatility_20,,False,False,True,True,3.26,,FLAT,False,-2479.68
2026-05-14T17:13:00.563471+00:00,AKAM,BUY,4,156.85,627.4,False,Filled,1061,,1.0,2.0,0.06274,0.12548,0.18822,True,,Akamai Technologies Inc,SELL,0.0044573102678571,0.0044642857142857,-6.975446428571404e-06,-0.6975446428571404,0.008791648820507,84.91648820507062,28.0,5.0,mom_5;mom_21;parkinson_vol_20,mom_10;mom_126;hl_range_20,,False,True,True,True,155.67,"SELL because predicted alpha is in the top decile. Net alpha after estimated 3.0 bps trading cost is 84.92 bps versus threshold 5.00 bps. Main contributors were mom_5, mom_21, parkinson_vol_20. Price filter passed; liquidity filter passed.",LONG,True,627.4
2026-05-14T17:13:00.563471+00:00,AKBA,BUY,2481,1.17,2902.77,False,Filled,1067,,1.0,2.0,0.290277,0.580554,0.870831,True,,"Akebia Therapeutics, Inc.",,0.0,0.0,0.0,0.0,0.000356538749363,0.5653874936304062,1794.0,3.0,intraday_return;parkinson_vol_20;mom_10,mom_21;mom_1;close_to_low_20,,False,False,True,True,1.13,,FLAT,False,2902.77
2026-05-14T17:13:00.563471+00:00,ALGT,SELL,31,79.85,2475.35,False,Filled,1079,,1.0,2.0,0.2475349999999999,0.4950699999999999,0.742605,True,,Allegiant Travel Company,SHORT,-0.00078125,0.0,-0.00078125,-78.125,-0.0052364102751603,49.36410275160314,7341.0,1.0,parkinson_vol_20;mom_1;volume_z_20,volume_z_60;intraday_return;hl_range_20,,False,True,True,True,80.38,"SHORT because predicted alpha is in the bottom decile. Net alpha after estimated 3.0 bps trading cost is 49.36 bps versus threshold 5.00 bps. Main contributors were volume_z_60, intraday_return, hl_range_20. Price filter passed; liquidity filter passed.",SHORT,True,-2475.35
2026-05-14T17:13:00.563471+00:00,ALKS,BUY,12,38.49,461.88,False,Filled,1085,,1.0,2.0,0.046188,0.092376,0.138564,True,,Alkermes Inc. plc,,0.0,0.0,0.0,0.0,0.0028832805215084,25.83280521508464,528.0,5.0,parkinson_vol_20;mom_5;intraday_return,hl_range_20;mom_10;close_to_high_20,,False,True,True,True,38.36,,FLAT,False,461.88
2026-05-14T17:13:00.563471+00:00,AMD,BUY,4,450.1,1800.4,False,Filled,1088,,1.0,2.0,0.18004,0.36008,0.54012,True,,Advanced Micro Devices,SELL,0.0044573102678571,0.0044642857142857,-6.975446428571404e-06,-0.6975446428571404,0.0091184363870798,88.18436387079814,24.0,5.0,mom_21;parkinson_vol_20;mom_63,mom_126;mom_10;intraday_return,,False,True,True,True,449.7,"SELL because predicted alpha is in the top decile. Net alpha after estimated 3.0 bps trading cost is 88.18 bps versus threshold 5.00 bps. Main contributors were mom_21, parkinson_vol_20, mom_63. Price filter passed; liquidity filter passed.",LONG,True,1800.4
2026-05-14T17:13:00.563471+00:00,AMPH,SELL,227,17.53,3979.31,False,Filled,1091,,1.0,2.0,0.397931,0.7958620000000001,1.193793,True,,"Amphastar Pharmaceuticals, Inc.",COVER,-0.0036760602678571,-0.0044642857142857,0.0007882254464285,78.82254464285712,-0.0012106277744479,9.1062777444798,6848.0,1.0,parkinson_vol_20;intraday_return;mom_10,mom_5;hl_range_20;mom_1,,False,True,True,True,17.3,"COVER because predicted alpha is in the bottom decile. Net alpha after estimated 3.0 bps trading cost is 9.11 bps versus threshold 5.00 bps. Main contributors were mom_5, hl_range_20, mom_1. Price filter passed; liquidity filter passed.",SHORT,True,-3979.31
2026-05-14T17:13:00.563471+00:00,AMRX,SELL,232,12.28,2848.96,False,Filled,1094,,1.0,2.0,0.284896,0.569792,0.8546879999999999,True,,"Amneal Pharmaceuticals, Inc. Class A Common Stock",,0.0,0.0,0.0,0.0,0.0027628697185463,24.628697185463707,560.0,5.0,parkinson_vol_20;debt_to_equity;intraday_return,hl_range_20;mom_5;volume_z_60,,False,True,True,True,12.23,,FLAT,False,-2848.96
2026-05-14T17:13:00.563471+00:00,AMSC,BUY,14,53.78,752.9200000000001,False,Filled,1097,,1.0,2.0,0.075292,0.150584,0.225876,True,,American Superconductor Corp,BUY,0.00078125,0.0,0.00078125,78.125,0.0058250015814267,55.25001581426736,114.0,5.0,mom_21;intraday_return;mom_63,volume_z_60;mom_126;mom_1,,False,True,True,True,54.7,"BUY because predicted alpha is in the top decile. Net alpha after estimated 3.0 bps trading cost is 55.25 bps versus threshold 5.00 bps. Main contributors were mom_21, intraday_return, mom_63. Price filter passed; liquidity filter passed.",LONG,True,752.9200000000001
2026-05-14T17:13:00.563471+00:00,APLD,BUY,100,47.4,4740.0,False,Filled,1106,,1.0,2.0,0.474,0.948,1.422,True,,Applied Digital Corporation Common Stock,SELL,0.0044573102678571,0.0044642857142857,-6.975446428571404e-06,-0.6975446428571404,0.0079490318589437,76.49031858943756,39.0,5.0,mom_252;mom_21;mom_5,mom_10;intraday_return;mom_126,,False,True,True,True,46.71,"SELL because predicted alpha is in the top decile. Net alpha after estimated 3.0 bps trading cost is 76.49 bps versus threshold 5.00 bps. Main contributors were mom_252, mom_21, mom_5. Price filter passed; liquidity filter passed.",LONG,True,4740.0
2026-05-14T17:13:00.563471+00:00,APPF,SELL,15,149.63,2244.45,False,Filled,1112,,1.0,2.0,0.2244449999999999,0.4488899999999999,0.6733349999999999,True,,"AppFolio, Inc. Class A",,0.0,0.0,0.0,0.0,0.0013060582782345,10.060582782345184,1186.0,4.0,parkinson_vol_20;volume_z_60;mom_126,mom_5;hl_range_20;close_to_low_20,,False,True,True,True,150.24,,FLAT,False,-2244.45
2026-05-14T17:13:00.563471+00:00,ARAI,BUY,3553,0.7527,2674.3431,False,Filled,1115,,1.0,2.0,0.26743431,0.53486862,0.80230293,True,,Arrive AI Inc. Common Stock,,0.0,0.0,0.0,0.0,-0.00189637206408,-21.9637206408008,6989.0,1.0,hl_range_20;mom_126;volume_z_60,parkinson_vol_20;volatility_63;mom_21,,False,False,True,True,0.715,,FLAT,False,2674.3431
2026-05-14T17:13:00.563471+00:00,ARCB,SELL,21,116.1,2438.1,False,Filled,1118,,1.0,2.0,0.24381,0.48762,0.73143,True,,ArcBest Corporation,SHORT,-0.00078125,0.0,-0.00078125,-78.125,-0.0043828335126916,40.82833512691684,7298.0,1.0,parkinson_vol_20;volume_z_20;mom_1,volume_z_60;intraday_return;mom_126,,False,True,True,True,118.9,"SHORT because predicted alpha is in the bottom decile. Net alpha after estimated 3.0 bps trading cost is 40.83 bps versus threshold 5.00 bps. Main contributors were volume_z_60, intraday_return, mom_126. Price filter passed; liquidity filter passed.",SHORT,True,-2438.1
2026-05-14T17:13:00.563471+00:00,ARHS,SELL,415,5.89,2444.35,False,Filled,1121,,1.0,2.0,0.2444349999999999,0.4888699999999999,0.733305,True,,"Arhaus, Inc. Class A Common Stock",,0.0,0.0,0.0,0.0,-0.0011523598970159,-14.523598970159515,6830.0,1.0,parkinson_vol_20;mom_10;close_to_high_20,volume_z_60;mom_5;mom_21,,False,True,True,True,5.88,,FLAT,False,-2444.35
2026-05-14T17:13:00.563471+00:00,ARTV,SELL,70,10.95,766.5,False,Filled,1124,,1.0,2.0,0.07665,0.1533,0.22995,True,,"Artiva Biotherapeutics, Inc. Common Stock",,0.0,0.0,0.0,0.0,0.0007508100587107,4.5081005871074185,1534.0,3.0,intraday_return;hl_range_20;mom_63,parkinson_vol_20;operating_margin;mom_126,,False,True,True,True,10.68,,FLAT,False,-766.5
2026-05-14T17:13:00.563471+00:00,ARWR,SELL,6,79.33,475.98,False,Filled,1127,,1.0,2.0,0.047598,0.095196,0.142794,True,,Arrowhead Research Corporation,,0.0,0.0,0.0,0.0,0.0045387059611267,42.38705961126748,230.0,5.0,mom_252;parkinson_vol_20;intraday_return,mom_126;overnight_return;hl_range_20,,False,True,True,True,79.69,,FLAT,False,-475.98
2026-05-14T17:13:00.563471+00:00,ASO,SELL,47,50.78,2386.66,False,Filled,1133,,1.0,2.0,0.238666,0.477332,0.7159979999999999,True,,"Academy Sports and Outdoors, Inc.",,0.0,0.0,0.0,0.0,0.00096090766206,6.609076620600657,1402.0,4.0,parkinson_vol_20;intraday_return;volume_z_20,hl_range_20;overnight_return;volatility_20,,False,True,True,True,51.07,,FLAT,False,-2386.66
2026-05-14T17:13:00.563471+00:00,ASPI,BUY,125,6.18,772.5,False,Filled,1136,,1.0,2.0,0.07725,0.1545,0.23175,True,,ASP Isotopes Inc. Common Stock,BUY,0.00078125,0.0,0.00078125,78.125,0.006937749818193,66.37749818193022,68.0,5.0,mom_5;revenue_growth_yoy;intraday_return,mom_10;mom_1;close_to_high_20,,False,True,True,True,6.09,"BUY because predicted alpha is in the top decile. Net alpha after estimated 3.0 bps trading cost is 66.38 bps versus threshold 5.00 bps. Main contributors were mom_5, revenue_growth_yoy, intraday_return. Price filter passed; liquidity filter passed.",LONG,True,772.5
2026-05-14T17:13:00.563471+00:00,ASRT,SELL,75,23.31,1748.25,False,Filled,1139,,1.0,2.0,0.174825,0.34965,0.524475,True,,"Assertio Holdings, Inc. Common Stock",,0.0,0.0,0.0,0.0,0.0014409461956371,11.409461956371304,1114.0,4.0,parkinson_vol_20;mom_63;mom_21,hl_range_20;mom_10;mom_126,,False,True,True,True,23.32,,FLAT,False,-1748.25
2026-05-14T17:13:00.563471+00:00,ASST,BUY,143,17.91,2561.13,False,Filled,1142,,1.0,2.0,0.256113,0.5122260000000001,0.7683390000000001,True,,"Strive, Inc. Class A Common Stock",SELL,0.0036760602678571,0.0044642857142857,-0.0007882254464285,-78.82254464285712,0.0019385716323086,16.38571632308691,857.0,4.0,mom_63;mom_5;mom_21,intraday_return;volume_z_60;dist_52w_high,,False,True,True,True,17.71,"SELL because predicted alpha is in the top decile. Net alpha after estimated 3.0 bps trading cost is 16.39 bps versus threshold 5.00 bps. Main contributors were mom_63, mom_5, mom_21. Price filter passed; liquidity filter passed.",LONG,True,2561.13
2026-05-14T17:13:00.563471+00:00,ASTI,BUY,629,5.15,3239.3500000000004,False,Filled,1145,,1.0,2.0,0.323935,0.6478700000000001,0.971805,True,,"Ascent Solar Technologies, Inc. Common Stock",,0.0,0.0,0.0,0.0,-0.0015329347874362,-18.329347874362437,6921.0,1.0,mom_5;hl_range_20;mom_252,parkinson_vol_20;mom_126;mom_21,,False,True,True,True,5.0,,FLAT,False,3239.3500000000004
2026-05-14T17:13:00.563471+00:00,ASYS,BUY,39,22.33,870.8699999999999,False,Filled,1148,,1.0,2.0,0.0870869999999999,0.1741739999999999,0.2612609999999999,True,,Amtech Systems Inc,SELL,0.0036760602678571,0.0044642857142857,-0.0007882254464285,-78.82254464285712,0.0042917450355238,39.9174503552381,258.0,5.0,mom_252;mom_5;mom_63,intraday_return;mom_126;mom_10,,False,True,True,True,22.455,"SELL because predicted alpha is in the top decile. Net alpha after estimated 3.0 bps trading cost is 39.92 bps versus threshold 5.00 bps. Main contributors were mom_252, mom_5, mom_63. Price filter passed; liquidity filter passed.",LONG,True,870.8699999999999
2026-05-14T17:13:00.563471+00:00,ATII,BUY,227,10.86,2465.22,False,Filled,1154,,1.0,2.0,0.246522,0.493044,0.739566,True,,Archimedes Tech SPAC Partners II Co. Ordinary Shares,,0.0,0.0,0.0,0.0,0.0001315111562671,-1.6848884373289663,1917.0,3.0,parkinson_vol_20;volume_z_60;volatility_10,hl_range_20;volatility_20;close_to_high_20,,False,True,True,True,10.9,,FLAT,False,2465.22
2026-05-14T17:13:00.563471+00:00,ATOM,SELL,409,9.72,3975.480000000001,False,Filled,1157,,1.0,2.0,0.397548,0.7950960000000001,1.1926440000000005,True,,Atomera Incorporated Common Stock,COVER,-0.0036760602678571,-0.0044642857142857,0.0007882254464285,78.82254464285712,-4.825932254718488e-05,-2.517406774528151,6405.0,2.0,hl_range_20;mom_63;mom_21,parkinson_vol_20;mom_126;volatility_10,,False,True,True,True,9.63,"COVER because predicted alpha is in the bottom decile. Net alpha after estimated 3.0 bps trading cost is -2.52 bps versus threshold 5.00 bps. Main contributors were parkinson_vol_20, mom_126, volatility_10. Price filter passed; liquidity filter passed.",SHORT,True,-3975.480000000001
2026-05-14T17:13:00.563471+00:00,AUUD,BUY,363,1.26,457.38,False,Filled,1160,,1.0,2.0,0.045738,0.091476,0.137214,True,,Auddia Inc. Common Stock,,0.0,0.0,0.0,0.0,-0.0105157205517476,-108.15720551747624,7486.0,1.0,intraday_return;hl_range_20;volatility_20,parkinson_vol_20;operating_margin;mom_5,,False,False,False,True,1.22,,FLAT,False,457.38
2026-05-14T17:13:00.563471+00:00,AVAH,SELL,646,7.36,4754.56,False,Filled,1163,,1.0,2.0,0.475456,0.950912,1.426368,True,,Aveanna Healthcare Holdings Inc. Common Stock,COVER,-0.0044573102678571,-0.0044642857142857,6.975446428571404e-06,0.6975446428571404,-0.0055099890851068,52.0998908510686,7356.0,1.0,parkinson_vol_20;mom_1;volume_z_20,volume_z_60;intraday_return;overnight_return,,False,True,True,True,7.44,"COVER because predicted alpha is in the bottom decile. Net alpha after estimated 3.0 bps trading cost is 52.10 bps versus threshold 5.00 bps. Main contributors were volume_z_60, intraday_return, overnight_return. Price filter passed; liquidity filter passed.",SHORT,True,-4754.56
2026-05-14T17:13:00.563471+00:00,AVR,SELL,662,7.18,4753.16,False,Filled,1172,,1.0,2.0,0.4753159999999999,0.950632,1.425948,True,,Anteris Technologies Global Corp. Common Stock,COVER,-0.0044573102678571,-0.0044642857142857,6.975446428571404e-06,0.6975446428571404,-0.0081767879965583,78.76787996558362,7450.0,1.0,mom_1;parkinson_vol_20;mom_5,intraday_return;volume_z_60;roa,,False,True,True,True,7.25,"COVER because predicted alpha is in the bottom decile. Net alpha after estimated 3.0 bps trading cost is 78.77 bps versus threshold 5.00 bps. Main contributors were intraday_return, volume_z_60, roa. Price filter passed; liquidity filter passed.",SHORT,True,-4753.16
2026-05-14T17:13:00.563471+00:00,AVTX,SELL,122,19.17,2338.74,False,Filled,1175,,1.0,2.0,0.233874,0.467748,0.7016220000000001,True,,"Avalo Therapeutics, Inc. Common Stock",,0.0,0.0,0.0,0.0,0.0003435457129788,0.4354571297884608,1801.0,3.0,mom_252;intraday_return;net_margin,operating_margin;mom_10;mom_5,,False,True,True,True,19.01,,FLAT,False,-2338.74
2026-05-14T17:13:00.563471+00:00,AXIN,SELL,391,10.17,3976.47,False,Filled,1181,,1.0,2.0,0.397647,0.795294,1.1929409999999998,True,,Axiom Intelligence Acquisition Corp 1 Class A Ordinary Shares,,0.0,0.0,0.0,0.0,0.0004720178991889,1.7201789918894628,1729.0,3.0,parkinson_vol_20;volume_z_60;volatility_10,hl_range_20;volatility_20;close_to_high_20,,False,True,False,True,10.2,,FLAT,False,-3976.47
2026-05-14T17:13:00.563471+00:00,AXTI,BUY,36,120.65,4343.400000000001,False,Filled,1184,,1.0,2.0,0.43434,0.8686800000000001,1.30302,True,,AXT Inc,SELL,0.0044573102678571,0.0044642857142857,-6.975446428571404e-06,-0.6975446428571404,0.0106511452326781,103.5114523267814,8.0,5.0,mom_252;mom_63;hl_range_20,parkinson_vol_20;mom_126;mom_10,,False,True,True,True,114.98,"SELL because predicted alpha is in the top decile. Net alpha after estimated 3.0 bps trading cost is 103.51 bps versus threshold 5.00 bps. Main contributors were mom_252, mom_63, hl_range_20. Price filter passed; liquidity filter passed.",LONG,True,4343.400000000001
2026-05-14T17:13:00.563471+00:00,BCAR,SELL,73,10.56,770.88,False,Filled,1190,,1.0,2.0,0.077088,0.154176,0.231264,True,,D. Boral ARC Acquisition I Corp. Class A Ordinary Shares,,0.0,0.0,0.0,0.0,-0.0015006679644792,-18.006679644792992,6914.0,1.0,parkinson_vol_20;volatility_63;dist_52w_high,hl_range_20;volatility_20;volume_z_60,,False,True,True,True,10.47,,FLAT,False,-770.88
2026-05-14T17:13:00.563471+00:00,BDTX,SELL,168,2.88,483.84,False,Filled,1193,,1.0,2.0,0.0483839999999999,0.0967679999999999,0.145152,True,,"Black Diamond Therapeutics, Inc. Common Stock",,0.0,0.0,0.0,0.0,0.0042194015443069,39.194015443069816,270.0,5.0,volume_z_60;mom_5;parkinson_vol_20,volume_z_20;mom_10;amihud_20,,False,False,True,True,2.86,,FLAT,False,-483.84
2026-05-14T17:13:00.563471+00:00,BEAM,BUY,25,29.93,748.25,False,Filled,1196,,1.0,2.0,0.074825,0.14965,0.224475,True,,Beam Therapeutics Inc. Common Stock,,0.0,0.0,0.0,0.0,0.0040736315041042,37.73631504104244,292.0,5.0,intraday_return;parkinson_vol_20;volume_z_20,mom_1;volume_z_60;mom_5,,False,True,True,True,29.53,,FLAT,False,748.25
2026-05-14T17:13:00.563471+00:00,BELFB,SELL,2,267.79,535.58,False,Filled,1202,,1.0,2.0,0.053558,0.107116,0.160674,True,,Bel Fuse Inc,SHORT,-0.00078125,0.0,-0.00078125,-78.125,-0.0029930811099804,26.930811099804565,7176.0,1.0,parkinson_vol_20;mom_252;volume_z_20,volume_z_60;mom_126;mom_5,,False,True,True,True,268.73,"SHORT because predicted alpha is in the bottom decile. Net alpha after estimated 3.0 bps trading cost is 26.93 bps versus threshold 5.00 bps. Main contributors were volume_z_60, mom_126, mom_5. Price filter passed; liquidity filter passed.",SHORT,True,-535.58
2026-05-14T17:13:00.563471+00:00,BHAV,SELL,233,9.88,2302.04,False,Filled,1208,,1.0,2.0,0.230204,0.460408,0.690612,True,,BHAV Acquisition Corp Class A Ordinary Shares,,0.0,0.0,0.0,0.0,-0.0015575568975406,-18.57556897540602,6930.0,1.0,parkinson_vol_20;volatility_10;intraday_return,hl_range_20;volatility_20;close_to_high_20,,False,True,True,True,9.89,,FLAT,False,-2302.04
2026-05-14T17:13:00.563471+00:00,BKNG,SELL,15,155.49,2332.3500000000004,False,Filled,1217,,1.0,2.0,0.233235,0.46647,0.699705,True,,Booking Holdings Inc. Common Stock,,0.0,0.0,0.0,0.0,0.0014421383559104,11.42138355910434,1112.0,4.0,parkinson_vol_20;volume_z_60;mom_10,hl_range_20;mom_5;mom_21,,False,True,True,True,154.48,,FLAT,False,-2332.3500000000004
2026-05-14T17:13:00.563471+00:00,BL,SELL,29,26.42,766.1800000000001,False,Filled,1223,,1.0,2.0,0.076618,0.153236,0.229854,True,,"BlackLine, Inc. Common Stock",SHORT,-0.00078125,0.0,-0.00078125,-78.125,-0.0040563605769761,37.56360576976192,7277.0,1.0,parkinson_vol_20;mom_1;volume_z_20,intraday_return;volume_z_60;mom_5,,False,True,True,True,26.84,"SHORT because predicted alpha is in the bottom decile. Net alpha after estimated 3.0 bps trading cost is 37.56 bps versus threshold 5.00 bps. Main contributors were intraday_return, volume_z_60, mom_5. Price filter passed; liquidity filter passed.",SHORT,True,-766.1800000000001
2026-05-14T17:13:00.563471+00:00,BLMN,SELL,351,8.15,2860.65,False,Filled,1226,,1.0,2.0,0.286065,0.57213,0.858195,True,,"Bloomin' Brands, Inc. Common Stock",,0.0,0.0,0.0,0.0,0.0023987646025552,20.98764602555219,682.0,5.0,intraday_return;close_to_low_20;sales_to_price,mom_10;volatility_10;price_kurt_63,,False,True,True,True,8.14,,FLAT,False,-2860.65
2026-05-14T17:13:00.563471+00:00,BLNK,BUY,2195,0.8826,1937.307,False,Filled,1229,,1.0,2.0,0.1937307,0.3874614,0.5811921,True,,Blink Charging Co. Common Stock,,0.0,0.0,0.0,0.0,0.0048125675644385,45.125675644385936,203.0,5.0,intraday_return;hl_range_20;mom_5,parkinson_vol_20;mom_10;mom_1,,False,False,True,True,0.8749,,FLAT,False,1937.307
2026-05-14T17:13:00.563471+00:00,BTBT,BUY,1251,2.12,2652.1200000000003,False,Filled,1238,,1.0,2.0,0.265212,0.5304240000000001,0.7956360000000002,True,,"Bit Digital, Inc. Ordinary Shares",,0.0,0.0,0.0,0.0,-0.0019206602222869,-22.206602222869144,6999.0,1.0,mom_5;mom_21;close_to_low_20,volume_z_60;intraday_return;mom_10,,False,False,True,True,2.13,,FLAT,False,2652.1200000000003
2026-05-14T17:13:00.563471+00:00,BWEN,BUY,5647,3.98,22475.06,False,Filled,1241,,1.0,2.0,2.247506,4.495012,6.7425180000000005,True,,"Broadwind, Inc. Common Stock",,0.0,0.0,0.0,0.0,-0.0022031356253404,-25.03135625340477,7064.0,1.0,mom_5;volatility_20;hl_range_20,parkinson_vol_20;volatility_10;mom_10,,False,False,True,True,3.82,,FLAT,False,22475.06
2026-05-14T17:13:00.563471+00:00,BYND,SELL,3085,0.7797,2405.3745,False,Filled,1244,,1.0,2.0,0.2405374499999999,0.4810748999999999,0.72161235,True,,"Beyond Meat, Inc. Common Stock",,0.0,0.0,0.0,0.0,-0.0006935166739956,-9.93516673995686,6694.0,2.0,hl_range_20;volatility_20;debt_to_equity,parkinson_vol_20;intraday_return;mom_5,,False,False,True,True,0.8044,,FLAT,False,-2405.3745
2026-05-14T17:13:00.563471+00:00,CAR,SELL,31,151.2,4687.2,False,Filled,1256,,1.0,2.0,0.4687199999999999,0.93744,1.40616,True,,"Avis Budget Group, Inc.",COVER,-0.0044573102678571,-0.0044642857142857,6.975446428571404e-06,0.6975446428571404,-0.0121513167342119,118.5131673421194,7504.0,1.0,hl_range_20;volatility_20;close_to_high_20,parkinson_vol_20;earnings_yield;mom_21,,False,True,True,True,148.76,"COVER because predicted alpha is in the bottom decile. Net alpha after estimated 3.0 bps trading cost is 118.51 bps versus threshold 5.00 bps. Main contributors were parkinson_vol_20, earnings_yield, mom_21. Price filter passed; liquidity filter passed.",SHORT,True,-4687.2
2026-05-14T17:13:00.563471+00:00,CBRL,SELL,16,29.29,468.64,False,Filled,1259,,1.0,2.0,0.0468639999999999,0.0937279999999999,0.140592,True,,"Cracker Barrel Old Country Store, Inc,.",,0.0,0.0,0.0,0.0,0.0002326225385251,-0.6737746147485231,1861.0,3.0,parkinson_vol_20;intraday_return;volume_z_20,hl_range_20;mom_5;close_to_low_20,,False,True,True,True,29.17,,FLAT,False,-468.64
2026-05-14T17:13:00.563471+00:00,CCRN,SELL,59,13.13,774.6700000000001,False,Filled,1262,,1.0,2.0,0.077467,0.154934,0.232401,True,,Cross Country Healthcare Inc,SELL,0.0036760602678571,0.0044642857142857,-0.0007882254464285,-78.82254464285712,-9.752988247112472e-05,-3.9752988247112473,6421.0,2.0,parkinson_vol_20;mom_21;mom_63,hl_range_20;mom_10;price_kurt_63,,False,True,True,True,13.13,"SELL because predicted alpha is in the top decile. Net alpha after estimated 3.0 bps trading cost is -3.98 bps versus threshold 5.00 bps. Main contributors were parkinson_vol_20, mom_21, mom_63. Price filter passed; liquidity filter passed.",LONG,True,-774.6700000000001
2026-05-14T17:13:00.563471+00:00,CDNA,SELL,114,20.99,2392.86,False,Filled,1265,,1.0,2.0,0.2392859999999999,0.4785719999999999,0.7178579999999999,True,,"CareDx, Inc.",,0.0,0.0,0.0,0.0,0.0011032258846799,8.032258846799937,1306.0,4.0,parkinson_vol_20;mom_21;volume_z_60,price_kurt_63;volatility_20;mom_5,,False,True,True,True,20.49,,FLAT,False,-2392.86
2026-05-14T17:13:00.563471+00:00,CDNL,BUY,42,54.32,2281.44,False,Filled,1268,,1.0,2.0,0.228144,0.456288,0.684432,True,,Cardinal Infrastructure Group Inc. Class A Common Stock,,0.0,0.0,0.0,0.0,0.003055839153342,27.558391533420803,488.0,5.0,mom_63;hl_range_20;mom_5,volume_z_60;parkinson_vol_20;volatility_10,,False,True,True,True,54.54,,FLAT,False,2281.44
2026-05-14T17:13:00.563471+00:00,CDW,BUY,4,101.03,404.12,False,Filled,1271,,1.0,2.0,0.040412,0.080824,0.121236,True,,CDW Corporation,,0.0,0.0,0.0,0.0,-0.002276615714788,-25.766157147880765,7080.0,1.0,parkinson_vol_20;mom_10;close_to_high_20,volume_z_60;price_kurt_63;hl_range_20,,False,True,True,True,102.16,,FLAT,False,404.12
2026-05-14T17:13:00.563471+00:00,CELH,SELL,26,29.15,757.9,False,Filled,1277,,1.0,2.0,0.07579,0.15158,0.22737,True,,"Celsius Holdings, Inc. Common Stock",SHORT,-0.00078125,0.0,-0.00078125,-78.125,-0.0027604651944893,24.604651944893448,7149.0,1.0,parkinson_vol_20;mom_10;mom_1,intraday_return;mom_5;mom_21,,False,True,True,True,29.01,"SHORT because predicted alpha is in the bottom decile. Net alpha after estimated 3.0 bps trading cost is 24.60 bps versus threshold 5.00 bps. Main contributors were intraday_return, mom_5, mom_21. Price filter passed; liquidity filter passed.",SHORT,True,-757.9
2026-05-14T17:13:00.563471+00:00,CEVA,BUY,125,38.06,4757.5,False,Filled,1286,,1.0,2.0,0.47575,0.9515,1.42725,True,,CEVA Inc.,SELL,0.0044573102678571,0.0044642857142857,-6.975446428571404e-06,-0.6975446428571404,0.0066684594678735,63.684594678735806,75.0,5.0,mom_21;close_to_low_20;mom_5,mom_10;mom_126;volume_z_60,,False,True,True,True,37.99,"SELL because predicted alpha is in the top decile. Net alpha after estimated 3.0 bps trading cost is 63.68 bps versus threshold 5.00 bps. Main contributors were mom_21, close_to_low_20, mom_5. Price filter passed; liquidity filter passed.",LONG,True,4757.5
2026-05-14T17:13:00.563471+00:00,CGCT,SELL,383,10.38,3975.54,False,Filled,1289,,1.0,2.0,0.397554,0.795108,1.192662,True,,Cartesian Growth Corporation III Class A Ordinary Shares,,0.0,0.0,0.0,0.0,-4.690787277616265e-05,-3.469078727761626,6404.0,2.0,parkinson_vol_20;volume_z_60;volatility_10,hl_range_20;volatility_20;close_to_high_20,,False,True,True,True,10.39,,FLAT,False,-3975.54
2026-05-14T17:13:00.563471+00:00,CGEM,BUY,29,16.31,472.99,False,Filled,1292,,1.0,2.0,0.0472989999999999,0.0945979999999999,0.141897,True,,"Cullinan Therapeutics, Inc. Common Stock",,0.0,0.0,0.0,0.0,0.0009802394802185,6.802394802185596,1386.0,4.0,net_margin;mom_5;parkinson_vol_20,operating_margin;mom_126;mom_10,,False,True,True,True,16.15,,FLAT,False,472.99
2026-05-14T17:13:00.563471+00:00,CGNT,SELL,82,9.44,774.0799999999999,False,Filled,1295,,1.0,2.0,0.0774079999999999,0.1548159999999999,0.2322239999999999,True,,Cognyte Software Ltd. Ordinary Shares,SHORT,-0.00078125,0.0,-0.00078125,-78.125,-0.0031009276099298,28.00927609929858,7188.0,1.0,parkinson_vol_20;volume_z_20;intraday_return,volume_z_60;mom_5;hl_range_20,,False,True,True,True,9.66,"SHORT because predicted alpha is in the bottom decile. Net alpha after estimated 3.0 bps trading cost is 28.01 bps versus threshold 5.00 bps. Main contributors were volume_z_60, mom_5, hl_range_20. Price filter passed; liquidity filter passed.",SHORT,True,-774.0799999999999
2026-05-14T17:13:00.563471+00:00,CHRW,BUY,7,161.35,1129.45,False,Filled,1307,,1.0,2.0,0.112945,0.22589,0.338835,True,,"C.H. Robinson Worldwide, Inc.",,0.0,0.0,0.0,0.0,-0.000987255851404,-12.872558514040763,6788.0,2.0,parkinson_vol_20;intraday_return;volume_z_20,volume_z_60;hl_range_20;mom_5,,False,True,True,True,159.78,,FLAT,False,1129.45
2026-05-14T17:13:00.563471+00:00,CHTR,SELL,5,149.2,746.0,False,Filled,1310,,1.0,2.0,0.0746,0.1492,0.2238,True,,Charter Comm Inc Del CL A New,SHORT,-0.00078125,0.0,-0.00078125,-78.125,-0.0036076173022018,33.07617302201822,7236.0,1.0,close_to_high_20;volatility_20;parkinson_vol_20,intraday_return;mom_21;volume_z_60,,False,True,True,True,148.0,"SHORT because predicted alpha is in the bottom decile. Net alpha after estimated 3.0 bps trading cost is 33.08 bps versus threshold 5.00 bps. Main contributors were intraday_return, mom_21, volume_z_60. Price filter passed; liquidity filter passed.",SHORT,True,-746.0
2026-05-14T17:13:00.563471+00:00,CLBT,SELL,61,12.64,771.0400000000001,False,Filled,1313,,1.0,2.0,0.077104,0.154208,0.231312,True,,Cellebrite DI Ltd. Class A Ordinary Shares,SHORT,-0.00078125,0.0,-0.00078125,-78.125,-0.0056737735747778,53.737735747778174,7365.0,1.0,parkinson_vol_20;mom_1;volume_z_20,intraday_return;volume_z_60;hl_range_20,,False,True,True,True,13.12,"SHORT because predicted alpha is in the bottom decile. Net alpha after estimated 3.0 bps trading cost is 53.74 bps versus threshold 5.00 bps. Main contributors were intraday_return, volume_z_60, hl_range_20. Price filter passed; liquidity filter passed.",SHORT,True,-771.0400000000001
2026-05-14T17:13:00.563471+00:00,CLFD,BUY,116,40.91,4745.56,False,Filled,1316,,1.0,2.0,0.4745559999999999,0.9491119999999998,1.4236679999999995,True,,"Clearfield, Inc.",SELL,0.0036760602678571,0.0044642857142857,-0.0007882254464285,-78.82254464285712,0.0005167433482779,2.167433482779659,1694.0,3.0,mom_5;mom_21;close_to_low_20,mom_10;volume_z_60;intraday_return,,False,True,True,True,44.57,"SELL because predicted alpha is in the top decile. Net alpha after estimated 3.0 bps trading cost is 2.17 bps versus threshold 5.00 bps. Main contributors were mom_5, mom_21, close_to_low_20. Price filter passed; liquidity filter passed.",LONG,True,4745.56
2026-05-14T17:13:00.563471+00:00,CLPT,SELL,193,12.82,2474.26,False,Filled,1325,,1.0,2.0,0.247426,0.494852,0.7422780000000001,True,,"ClearPoint Neuro, Inc. Common Stock",,0.0,0.0,0.0,0.0,-0.0004767326194436,-7.767326194436874,6621.0,2.0,mom_5;overnight_return;mom_21,intraday_return;mom_10;volume_z_60,,False,True,True,True,12.77,,FLAT,False,-2474.26
2026-05-14T17:13:00.563471+00:00,COAG,BUY,18,29.01,522.1800000000001,False,Filled,1331,,1.0,2.0,0.052218,0.104436,0.156654,True,,"Hemab Therapeutics Holdings, Inc. Common Stock",COVER,-0.0036760602678571,-0.0044642857142857,0.0007882254464285,78.82254464285712,-0.0017781220086608,14.781220086608757,6964.0,1.0,hl_range_20;mom_5;close_to_high_20,parkinson_vol_20;volatility_10;volume_z_20,,False,True,True,True,28.37,"COVER because predicted alpha is in the bottom decile. Net alpha after estimated 3.0 bps trading cost is 14.78 bps versus threshold 5.00 bps. Main contributors were parkinson_vol_20, volatility_10, volume_z_20. Price filter passed; liquidity filter passed.",SHORT,True,522.1800000000001
2026-05-14T17:13:00.563471+00:00,COCO,BUY,61,76.99,4696.389999999999,False,Filled,1334,,1.0,2.0,0.4696389999999999,0.9392779999999998,1.4089169999999998,True,,"The Vita Coco Company, Inc. Common Stock",SELL,0.0044573102678571,0.0044642857142857,-6.975446428571404e-06,-0.6975446428571404,0.0055558859843917,52.55885984391752,128.0,5.0,mom_21;close_to_low_20;parkinson_vol_20,mom_126;intraday_return;mom_10,,False,True,True,True,76.44,"SELL because predicted alpha is in the top decile. Net alpha after estimated 3.0 bps trading cost is 52.56 bps versus threshold 5.00 bps. Main contributors were mom_21, close_to_low_20, parkinson_vol_20. Price filter passed; liquidity filter passed.",LONG,True,4696.389999999999
2026-05-14T17:13:00.563471+00:00,COLB,SELL,26,29.11,756.86,False,Filled,1340,,1.0,2.0,0.075686,0.151372,0.227058,True,,Columbia Banking Systems Inc,SHORT,-0.00078125,0.0,-0.00078125,-78.125,-0.0029087737857736,26.087737857736503,7169.0,1.0,parkinson_vol_20;volume_z_20;volatility_10,volume_z_60;hl_range_20;volatility_20,,False,True,True,True,29.12,"SHORT because predicted alpha is in the bottom decile. Net alpha after estimated 3.0 bps trading cost is 26.09 bps versus threshold 5.00 bps. Main contributors were volume_z_60, hl_range_20, volatility_20. Price filter passed; liquidity filter passed.",SHORT,True,-756.86
2026-05-14T17:13:00.563471+00:00,COLL,SELL,68,34.99,2379.32,False,Filled,1343,,1.0,2.0,0.237932,0.475864,0.713796,True,,"Collegium Pharmaceutical, Inc. Common Stock",,0.0,0.0,0.0,0.0,0.0007525696538806,4.5256965388067725,1533.0,3.0,parkinson_vol_20;volume_z_60;operating_margin,mom_5;hl_range_20;mom_63,,False,True,True,True,34.83,,FLAT,False,-2379.32
2026-05-14T17:13:00.563471+00:00,COLM,SELL,41,57.85,2371.85,False,Filled,1346,,1.0,2.0,0.2371849999999999,0.4743699999999999,0.7115549999999999,True,,Columbia Sportswear Co,,0.0,0.0,0.0,0.0,9.895080490069147e-05,-2.010491950993085,1937.0,3.0,parkinson_vol_20;intraday_return;dist_52w_high,hl_range_20;mom_5;close_to_low_20,,False,True,True,True,57.99,,FLAT,False,-2371.85
2026-05-14T17:13:00.563471+00:00,CPSH,BUY,574,4.96,2847.04,False,Filled,1352,,1.0,2.0,0.284704,0.569408,0.854112,True,,CPS Technologies Corp. Common Stock,,0.0,0.0,0.0,0.0,0.0047625945722926,44.62594572292623,207.0,5.0,mom_5;close_to_low_20;hl_range_20,volatility_10;intraday_return;mom_126,,False,False,True,True,4.91,,FLAT,False,2847.04
2026-05-14T17:13:00.563471+00:00,CRAC,BUY,243,10.09,2451.87,False,Filled,1355,,1.0,2.0,0.245187,0.490374,0.7355609999999999,True,,Crown Reserve Acquisition Corp. I Class A Ordinary Shares,,0.0,0.0,0.0,0.0,9.082558536774483e-05,-2.091744146322552,1943.0,3.0,parkinson_vol_20;volume_z_60;volatility_10,hl_range_20;volatility_20;close_to_high_20,,False,True,False,True,10.08,,FLAT,False,2451.87
2026-05-14T17:13:00.563471+00:00,CRDO,BUY,25,186.97,4674.25,False,Filled,1358,,1.0,2.0,0.467425,0.93485,1.402275,True,,Credo Technology Group Holding Ltd Ordinary Shares,SELL,0.0044573102678571,0.0044642857142857,-6.975446428571404e-06,-0.6975446428571404,0.0064336290140706,61.33629014070647,84.0,5.0,mom_252;intraday_return;mom_63,mom_1;gross_margin;mom_10,,False,True,True,True,184.54,"SELL because predicted alpha is in the top decile. Net alpha after estimated 3.0 bps trading cost is 61.34 bps versus threshold 5.00 bps. Main contributors were mom_252, intraday_return, mom_63. Price filter passed; liquidity filter passed.",LONG,True,4674.25
2026-05-14T17:13:00.563471+00:00,CRML,BUY,91,11.77,1071.07,False,Filled,1364,,1.0,2.0,0.107107,0.214214,0.3213209999999999,True,,Critical Metals Corp. Ordinary Shares,SELL,0.0044573102678571,0.0044642857142857,-6.975446428571404e-06,-0.6975446428571404,0.0049992137917454,46.99213791745464,188.0,5.0,mom_252;hl_range_20;volatility_20,parkinson_vol_20;intraday_return;mom_5,,False,True,True,True,11.6,"SELL because predicted alpha is in the top decile. Net alpha after estimated 3.0 bps trading cost is 46.99 bps versus threshold 5.00 bps. Main contributors were mom_252, hl_range_20, volatility_20. Price filter passed; liquidity filter passed.",LONG,True,1071.07
2026-05-14T17:13:00.563471+00:00,CRWD,BUY,6,580.65,3483.9,False,Filled,1367,,1.0,2.0,0.34839,0.69678,1.04517,True,,"CrowdStrike Holdings, Inc. Class A Common Stock",SELL,0.0036760602678571,0.0044642857142857,-0.0007882254464285,-78.82254464285712,0.0048874296339042,45.87429633904208,196.0,5.0,parkinson_vol_20;mom_5;mom_21,intraday_return;mom_10;hl_range_20,,False,True,True,True,579.95,"SELL because predicted alpha is in the top decile. Net alpha after estimated 3.0 bps trading cost is 45.87 bps versus threshold 5.00 bps. Main contributors were parkinson_vol_20, mom_5, mom_21. Price filter passed; liquidity filter passed.",LONG,True,3483.9
2026-05-14T17:13:00.563471+00:00,CTSH,SELL,9,45.8,412.2,False,Filled,1376,,1.0,2.0,0.04122,0.08244,0.1236599999999999,True,,Cognizant Technology Solutions,,0.0,0.0,0.0,0.0,0.0001977932630532,-1.0220673694672089,1885.0,3.0,parkinson_vol_20;mom_10;intraday_return,hl_range_20;mom_5;mom_21,,False,True,True,True,46.05,,FLAT,False,-412.2
2026-05-14T17:13:00.563471+00:00,CUE,SELL,79,26.54,2096.66,False,Filled,1379,,1.0,2.0,0.209666,0.419332,0.628998,True,,"Cue Biopharma, Inc.",COVER,-0.0044573102678571,-0.0044642857142857,6.975446428571404e-06,0.6975446428571404,-0.0167463808988322,164.4638089883225,7527.0,1.0,hl_range_20;intraday_return;volatility_20,parkinson_vol_20;mom_10;volatility_10,,False,True,True,True,25.33,"COVER because predicted alpha is in the bottom decile. Net alpha after estimated 3.0 bps trading cost is 164.46 bps versus threshold 5.00 bps. Main contributors were parkinson_vol_20, mom_10, volatility_10. Price filter passed; liquidity filter passed.",SHORT,True,-2096.66
2026-05-14T17:13:00.563471+00:00,CVGI,BUY,162,5.67,918.54,False,Filled,1382,,1.0,2.0,0.0918539999999999,0.1837079999999999,0.275562,True,,"Commercial Vehicle Group, Inc.",SELL,0.0036760602678571,0.0044642857142857,-0.0007882254464285,-78.82254464285712,0.0041182334664222,38.18233466422277,283.0,5.0,mom_63;mom_252;mom_21,mom_126;intraday_return;mom_10,,False,True,True,True,5.52,"SELL because predicted alpha is in the top decile. Net alpha after estimated 3.0 bps trading cost is 38.18 bps versus threshold 5.00 bps. Main contributors were mom_63, mom_252, mom_21. Price filter passed; liquidity filter passed.",LONG,True,918.54
2026-05-14T17:13:00.563471+00:00,CVRX,SELL,875,5.43,4751.25,False,Filled,1385,,1.0,2.0,0.475125,0.95025,1.425375,True,,"CVRx, Inc. Common Stock",COVER,-0.0044573102678571,-0.0044642857142857,6.975446428571404e-06,0.6975446428571404,-0.0080368945003519,77.36894500351957,7448.0,1.0,mom_1;hl_range_20;mom_10,intraday_return;volume_z_60;mom_5,,False,True,True,True,5.74,"COVER because predicted alpha is in the bottom decile. Net alpha after estimated 3.0 bps trading cost is 77.37 bps versus threshold 5.00 bps. Main contributors were intraday_return, volume_z_60, mom_5. Price filter passed; liquidity filter passed.",SHORT,True,-4751.25
2026-05-14T17:13:00.563471+00:00,CXDO,SELL,51,9.74,496.74,False,Filled,1391,,1.0,2.0,0.049674,0.099348,0.149022,True,,CREXENDO INC,,0.0,0.0,0.0,0.0,0.0008961150414809,5.961150414809309,1441.0,4.0,mom_21;parkinson_vol_20;close_to_low_20,mom_10;intraday_return;close_to_high_20,,False,True,True,True,9.62,,FLAT,False,-496.74
2026-05-14T17:13:00.563471+00:00,DASH,SELL,15,153.99,2309.8500000000004,False,Filled,1397,,1.0,2.0,0.230985,0.46197,0.6929550000000001,True,,"DoorDash, Inc. Class A Common Stock",,0.0,0.0,0.0,0.0,-0.0004497890161601,-7.497890161601812,6608.0,2.0,parkinson_vol_20;mom_10;mom_1,intraday_return;mom_5;hl_range_20,,False,True,True,True,153.7,,FLAT,False,-2309.8500000000004
2026-05-14T17:13:00.563471+00:00,DAVE,BUY,7,239.6,1677.2,False,Filled,1400,,1.0,2.0,0.16772,0.33544,0.50316,True,,Dave Inc. Class A Common Stock,BUY,0.00078125,0.0,0.00078125,78.125,0.0052191545462681,49.19154546268134,166.0,5.0,intraday_return;parkinson_vol_20;volume_z_60,mom_5;close_to_low_20;mom_1,,False,True,True,True,234.49,"BUY because predicted alpha is in the top decile. Net alpha after estimated 3.0 bps trading cost is 49.19 bps versus threshold 5.00 bps. Main contributors were intraday_return, parkinson_vol_20, volume_z_60. Price filter passed; liquidity filter passed.",LONG,True,1677.2
2026-05-14T17:13:00.563471+00:00,DCBO,SELL,27,16.41,443.07,False,Filled,1403,,1.0,2.0,0.044307,0.088614,0.132921,True,,Docebo Inc. Common Shares,SHORT,-0.00078125,0.0,-0.00078125,-78.125,-0.0041510609385652,38.51060938565285,7281.0,1.0,intraday_return;parkinson_vol_20;volume_z_20,volume_z_60;mom_5;close_to_low_20,,False,True,True,True,16.36,"SHORT because predicted alpha is in the bottom decile. Net alpha after estimated 3.0 bps trading cost is 38.51 bps versus threshold 5.00 bps. Main contributors were volume_z_60, mom_5, close_to_low_20. Price filter passed; liquidity filter passed.",SHORT,True,-443.07
2026-05-14T17:13:00.563471+00:00,DDOG,BUY,19,203.75,3871.25,False,Filled,1406,,1.0,2.0,0.387125,0.77425,1.161375,True,,"Datadog, Inc. Class A Common Stock",SELL,0.0036760602678571,0.0044642857142857,-0.0007882254464285,-78.82254464285712,0.0048357171504254,45.35717150425436,202.0,5.0,mom_21;parkinson_vol_20;close_to_low_20,mom_10;close_to_high_20;volatility_10,,False,True,True,True,202.84,"SELL because predicted alpha is in the top decile. Net alpha after estimated 3.0 bps trading cost is 45.36 bps versus threshold 5.00 bps. Main contributors were mom_21, parkinson_vol_20, close_to_low_20. Price filter passed; liquidity filter passed.",LONG,True,3871.25
2026-05-14T17:13:00.563471+00:00,DFDV,SELL,149,5.2,774.8000000000001,False,Filled,1409,,1.0,2.0,0.07748,0.15496,0.23244,True,,DeFi Development Corp. Common Stock,,0.0,0.0,0.0,0.0,-0.0018029106574818,-21.029106574818133,6971.0,1.0,mom_5;mom_1;hl_range_20,intraday_return;volume_z_60;dist_52w_high,,False,True,True,True,5.06,,FLAT,False,-774.8000000000001
2026-05-14T17:13:00.563471+00:00,DIBS,BUY,106,4.28,453.68,False,Filled,1415,,1.0,2.0,0.045368,0.090736,0.136104,True,,"1stdibs.com, Inc. Common Stock",,0.0,0.0,0.0,0.0,0.0010945386127268,7.945386127268675,1313.0,4.0,intraday_return;parkinson_vol_20;close_to_high_20,volume_z_60;mom_21;mom_1,,False,False,True,True,4.47,,FLAT,False,453.68
2026-05-14T17:13:00.563471+00:00,DJCO,BUY,2,468.1,936.2,False,Filled,1418,,1.0,2.0,0.09362,0.18724,0.28086,True,,Daily Journal Corp,SELL,0.0036760602678571,0.0044642857142857,-0.0007882254464285,-78.82254464285712,0.0029354225784531,26.35422578453151,519.0,5.0,parkinson_vol_20;volume_z_60;mom_10,hl_range_20;volatility_20;mom_21,,False,True,True,True,474.01,"SELL because predicted alpha is in the top decile. Net alpha after estimated 3.0 bps trading cost is 26.35 bps versus threshold 5.00 bps. Main contributors were parkinson_vol_20, volume_z_60, mom_10. Price filter passed; liquidity filter passed.",LONG,True,936.2
2026-05-14T17:13:00.563471+00:00,DOMO,SELL,659,3.48,2293.32,False,Filled,1424,,1.0,2.0,0.229332,0.458664,0.687996,True,,"Domo, Inc. Class B Common Stock",,0.0,0.0,0.0,0.0,0.0003837712576642,0.8377125766425282,1780.0,3.0,volume_z_60;mom_126;parkinson_vol_20,mom_5;dist_52w_high;mom_252,,False,False,True,True,3.43,,FLAT,False,-2293.32
2026-05-14T17:13:00.563471+00:00,DOO,SELL,13,56.38,732.94,False,Filled,1427,,1.0,2.0,0.073294,0.146588,0.219882,True,,BRP Inc. Common Subordinate Voting Shares,,0.0,0.0,0.0,0.0,-0.0012466538123503,-15.466538123503792,6857.0,1.0,parkinson_vol_20;volume_z_60;price_skew_63,price_kurt_63;intraday_return;hl_range_20,,False,True,True,True,56.24,,FLAT,False,-732.94
2026-05-14T17:13:00.563471+00:00,DOX,SELL,12,62.06,744.72,False,Filled,1430,,1.0,2.0,0.074472,0.148944,0.223416,True,,Amdocs Limited,,0.0,0.0,0.0,0.0,-0.0021137149107265,-24.137149107265007,7043.0,1.0,parkinson_vol_20;volume_z_20;mom_1,hl_range_20;volume_z_60;intraday_return,,False,True,True,True,61.93,,FLAT,False,-744.72
2026-05-14T17:13:00.563471+00:00,DRTS,BUY,383,10.4,3983.2,False,Filled,1436,,1.0,2.0,0.39832,0.79664,1.19496,True,,Alpha Tau Medical Ltd. Ordinary Shares,SELL,0.0036760602678571,0.0044642857142857,-0.0007882254464285,-78.82254464285712,0.0008734500190797,5.734500190797473,1454.0,4.0,mom_5;mom_252;mom_1,intraday_return;mom_126;volume_z_60,,False,True,True,True,10.41,"SELL because predicted alpha is in the top decile. Net alpha after estimated 3.0 bps trading cost is 5.73 bps versus threshold 5.00 bps. Main contributors were mom_5, mom_252, mom_1. Price filter passed; liquidity filter passed.",LONG,True,3983.2
2026-05-14T17:13:00.563471+00:00,DSGN,BUY,53,14.5,768.5,False,Filled,1439,,1.0,2.0,0.07685,0.1537,0.23055,True,,"Design Therapeutics, Inc. Common Stock",BUY,0.00078125,0.0,0.00078125,78.125,0.0056463234085541,53.46323408554109,121.0,5.0,intraday_return;mom_252;net_margin,operating_margin;mom_126;mom_1,,False,True,True,True,14.54,"BUY because predicted alpha is in the top decile. Net alpha after estimated 3.0 bps trading cost is 53.46 bps versus threshold 5.00 bps. Main contributors were intraday_return, mom_252, net_margin. Price filter passed; liquidity filter passed.",LONG,True,768.5
2026-05-14T17:13:00.563471+00:00,ERII,SELL,555,8.57,4756.35,False,Filled,1451,,1.0,2.0,0.475635,0.95127,1.426905,True,,"Energy Recovery, Inc.",COVER,-0.0044573102678571,-0.0044642857142857,6.975446428571404e-06,0.6975446428571404,-0.0063145942858277,60.14594285827759,7396.0,1.0,parkinson_vol_20;mom_10;volume_z_20,volume_z_60;intraday_return;price_kurt_63,,False,True,True,True,8.62,"COVER because predicted alpha is in the bottom decile. Net alpha after estimated 3.0 bps trading cost is 60.15 bps versus threshold 5.00 bps. Main contributors were volume_z_60, intraday_return, price_kurt_63. Price filter passed; liquidity filter passed.",SHORT,True,-4756.35
2026-05-14T17:13:00.563471+00:00,ESPR,BUY,783,3.13,2450.79,False,Filled,1460,,1.0,2.0,0.245079,0.490158,0.7352369999999999,True,,"Esperion Therapeutics, Inc.",,0.0,0.0,0.0,0.0,0.0014032371971175,11.032371971175026,1132.0,4.0,parkinson_vol_20;close_to_low_20;mom_252,mom_10;volatility_10;hl_range_20,,False,False,True,True,3.12,,FLAT,False,2450.79
2026-05-14T17:13:00.563471+00:00,EYE,SELL,43,18.0,774.0,False,Filled,1463,,1.0,2.0,0.0774,0.1548,0.2322,True,,"National Vision Holdings, Inc. Common Stock",SHORT,-0.00078125,0.0,-0.00078125,-78.125,-0.0056408123948085,53.40812394808554,7362.0,1.0,mom_10;close_to_high_20;mom_1,intraday_return;mom_5;volume_z_60,,False,True,True,True,17.72,"SHORT because predicted alpha is in the bottom decile. Net alpha after estimated 3.0 bps trading cost is 53.41 bps versus threshold 5.00 bps. Main contributors were intraday_return, mom_5, volume_z_60. Price filter passed; liquidity filter passed.",SHORT,True,-774.0
2026-05-14T17:13:00.563471+00:00,FA,SELL,30,15.34,460.2,False,Filled,1469,,1.0,2.0,0.04602,0.09204,0.13806,True,,First Advantage Corporation Common Stock,,0.0,0.0,0.0,0.0,0.0036728097894948,33.728097894948974,355.0,5.0,intraday_return;parkinson_vol_20;mom_21,mom_1;mom_10;mom_5,,False,True,True,True,14.77,,FLAT,False,-460.2
2026-05-14T17:13:00.563471+00:00,FACT,BUY,231,10.6,2448.6,False,Filled,1475,,1.0,2.0,0.24486,0.48972,0.73458,True,,FACT II Acquisition Corp. Class A Ordinary Shares,,0.0,0.0,0.0,0.0,0.0007187871518975,4.187871518975364,1556.0,3.0,parkinson_vol_20;volume_z_60;volatility_10,hl_range_20;volatility_20;close_to_high_20,,False,True,False,True,10.585,,FLAT,False,2448.6
2026-05-14T17:13:00.563471+00:00,FDMT,BUY,478,9.97,4765.66,False,Filled,1481,,1.0,2.0,0.476566,0.953132,1.429698,True,,"4D Molecular Therapeutics, Inc. Common Stock",SELL,0.0044573102678571,0.0044642857142857,-6.975446428571404e-06,-0.6975446428571404,0.0086982023132537,83.98202313253708,30.0,5.0,intraday_return;parkinson_vol_20;revenue_growth_yoy,mom_1;overnight_return;mom_10,,False,True,True,True,9.81,"SELL because predicted alpha is in the top decile. Net alpha after estimated 3.0 bps trading cost is 83.98 bps versus threshold 5.00 bps. Main contributors were intraday_return, parkinson_vol_20, revenue_growth_yoy. Price filter passed; liquidity filter passed.",LONG,True,4765.66
2026-05-14T17:13:00.563471+00:00,FEIM,BUY,12,60.16,721.92,False,Filled,1484,,1.0,2.0,0.0721919999999999,0.1443839999999999,0.216576,True,,"Frequency Electronics, Inc.",,0.0,0.0,0.0,0.0,0.0048881285554078,45.88128555407885,195.0,5.0,mom_252;mom_5;volume_z_60,mom_126;mom_10;volatility_10,,False,True,True,True,60.38,,FLAT,False,721.92
2026-05-14T17:13:00.563471+00:00,FENC,SELL,88,8.8,774.4000000000001,False,Filled,1487,,1.0,2.0,0.07744,0.15488,0.23232,True,,Fennec Pharmaceuticals Inc. Common Stock,SHORT,-0.00078125,0.0,-0.00078125,-78.125,-0.0099128107621249,96.12810762124936,7473.0,1.0,mom_5;mom_1;mom_21,intraday_return;volume_z_60;mom_10,,False,True,True,True,9.24,"SHORT because predicted alpha is in the bottom decile. Net alpha after estimated 3.0 bps trading cost is 96.13 bps versus threshold 5.00 bps. Main contributors were intraday_return, volume_z_60, mom_10. Price filter passed; liquidity filter passed.",SHORT,True,-774.4000000000001
2026-05-14T17:13:00.563471+00:00,FFAI,BUY,7126,0.4022,2866.0772,False,Filled,1490,,1.0,2.0,0.28660772,0.57321544,0.85982316,True,,Faraday Future Intelligent Electric Inc. Common Stock,,0.0,0.0,0.0,0.0,-0.0034396527013081,-37.39652701308112,7223.0,1.0,hl_range_20;intraday_return;gross_margin,parkinson_vol_20;operating_margin;volatility_63,,False,False,True,True,0.3882,,FLAT,False,2866.0772
2026-05-14T17:13:00.563471+00:00,FGMC,SELL,386,10.3,3975.8,False,Filled,1493,,1.0,2.0,0.39758,0.7951600000000001,1.19274,True,,FG Merger II Corp. Common stock,COVER,-0.0044573102678571,-0.0044642857142857,6.975446428571404e-06,0.6975446428571404,-0.0038939474203109,35.93947420310976,7265.0,1.0,parkinson_vol_20;volume_z_20;volatility_10,hl_range_20;volume_z_60;debt_to_equity,,False,True,True,True,10.325,"COVER because predicted alpha is in the bottom decile. Net alpha after estimated 3.0 bps trading cost is 35.94 bps versus threshold 5.00 bps. Main contributors were hl_range_20, volume_z_60, debt_to_equity. Price filter passed; liquidity filter passed.",SHORT,True,-3975.8
2026-05-14T17:13:00.563471+00:00,FLNC,BUY,674,21.93,14780.82,False,Filled,1496,,1.0,2.0,1.478082,2.956164,4.434246,True,,"Fluence Energy, Inc. Class A Common Stock",SELL,0.0044573102678571,0.0044642857142857,-6.975446428571404e-06,-0.6975446428571404,0.0055971885232606,52.97188523260607,123.0,5.0,intraday_return;close_to_low_20;hl_range_20,mom_10;parkinson_vol_20;volatility_10,,False,True,True,True,20.94,"SELL because predicted alpha is in the top decile. Net alpha after estimated 3.0 bps trading cost is 52.97 bps versus threshold 5.00 bps. Main contributors were intraday_return, close_to_low_20, hl_range_20. Price filter passed; liquidity filter passed.",LONG,True,14780.82
2026-05-14T17:13:00.563471+00:00,FLWS,SELL,558,4.57,2550.06,False,Filled,1499,,1.0,2.0,0.255006,0.510012,0.765018,True,,1-800-FLOWERS.COM Inc,,0.0,0.0,0.0,0.0,-0.0052538842871809,-55.53884287180988,7343.0,1.0,hl_range_20;mom_1;mom_21,parkinson_vol_20;intraday_return;mom_10,,False,False,True,True,4.57,,FLAT,False,-2550.06
2026-05-14T17:13:00.563471+00:00,FLYW,SELL,147,16.49,2424.03,False,Filled,1505,,1.0,2.0,0.2424029999999999,0.4848059999999999,0.727209,True,,Flywire Corporation Voting Common Stock,,0.0,0.0,0.0,0.0,0.0002965061755952,-0.0349382440478169,1826.0,3.0,parkinson_vol_20;mom_21;mom_63,intraday_return;mom_10;hl_range_20,,False,True,True,True,16.35,,FLAT,False,-2424.03
2026-05-14T17:13:00.563471+00:00,FNKO,BUY,393,5.18,2035.74,False,Filled,1511,,1.0,2.0,0.2035739999999999,0.4071479999999999,0.610722,True,,"Funko, Inc. Class A Common Stock",SELL,0.0044573102678571,0.0044642857142857,-6.975446428571404e-06,-0.6975446428571404,0.0051530782306967,48.53078230696744,174.0,5.0,mom_5;intraday_return;mom_21,mom_10;mom_126;mom_1,,False,True,True,True,5.11,"SELL because predicted alpha is in the top decile. Net alpha after estimated 3.0 bps trading cost is 48.53 bps versus threshold 5.00 bps. Main contributors were mom_5, intraday_return, mom_21. Price filter passed; liquidity filter passed.",LONG,True,2035.74
2026-05-14T17:13:00.563471+00:00,FOSL,SELL,741,4.22,3127.02,False,Filled,1514,,1.0,2.0,0.312702,0.625404,0.938106,True,,"Fossil Group, Inc.",,0.0,0.0,0.0,0.0,-0.000535629517082,-8.356295170820106,6641.0,2.0,intraday_return;mom_252;volume_z_20,volume_z_60;overnight_return;mom_126,,False,False,True,True,4.35,,FLAT,False,-3127.02
2026-05-14T17:13:00.563471+00:00,FOXF,SELL,145,16.44,2383.8,False,Filled,1517,,1.0,2.0,0.23838,0.47676,0.71514,True,,Fox Factory Holding Corp. Common Stock,,0.0,0.0,0.0,0.0,-0.0006565090467861,-9.565090467861316,6679.0,2.0,parkinson_vol_20;sales_to_price;intraday_return,earnings_yield;mom_5;book_to_market,,False,True,True,True,16.15,,FLAT,False,-2383.8
2026-05-14T17:13:00.563471+00:00,FROG,BUY,61,64.69,3946.09,False,Filled,1523,,1.0,2.0,0.394609,0.789218,1.183827,True,,JFrog Ltd. Ordinary Shares,SELL,0.0044573102678571,0.0044642857142857,-6.975446428571404e-06,-0.6975446428571404,0.0050840466586736,47.840466586736895,180.0,5.0,mom_21;mom_5;parkinson_vol_20,mom_10;volatility_10;gross_margin,,False,True,True,True,65.08,"SELL because predicted alpha is in the top decile. Net alpha after estimated 3.0 bps trading cost is 47.84 bps versus threshold 5.00 bps. Main contributors were mom_21, mom_5, parkinson_vol_20. Price filter passed; liquidity filter passed.",LONG,True,3946.09
2026-05-14T17:13:00.563471+00:00,FTRE,BUY,71,14.66,1040.86,False,Filled,1529,,1.0,2.0,0.1040859999999999,0.2081719999999999,0.3122579999999999,True,,Fortrea Holdings Inc. Common Stock,SELL,0.0044573102678571,0.0044642857142857,-6.975446428571404e-06,-0.6975446428571404,0.0054367491278715,51.36749127871508,143.0,5.0,intraday_return;mom_21;close_to_low_20,mom_10;mom_5;mom_1,,False,True,True,True,14.24,"SELL because predicted alpha is in the top decile. Net alpha after estimated 3.0 bps trading cost is 51.37 bps versus threshold 5.00 bps. Main contributors were intraday_return, mom_21, close_to_low_20. Price filter passed; liquidity filter passed.",LONG,True,1040.86
2026-05-14T17:13:00.563471+00:00,FWRD,SELL,494,9.62,4752.28,False,Filled,1532,,1.0,2.0,0.475228,0.950456,1.425684,True,,Forward Air Corp,COVER,-0.0044573102678571,-0.0044642857142857,6.975446428571404e-06,0.6975446428571404,-0.0095335895708622,92.33589570862226,7471.0,1.0,volatility_20;mom_10;close_to_high_20,mom_5;intraday_return;volatility_10,,False,True,True,True,9.4,"COVER because predicted alpha is in the bottom decile. Net alpha after estimated 3.0 bps trading cost is 92.34 bps versus threshold 5.00 bps. Main contributors were mom_5, intraday_return, volatility_10. Price filter passed; liquidity filter passed.",SHORT,True,-4752.28
2026-05-14T17:13:00.563471+00:00,FWRG,SELL,41,10.87,445.67,False,Filled,1535,,1.0,2.0,0.0445669999999999,0.0891339999999999,0.133701,True,,"First Watch Restaurant Group, Inc. Common Stock",,0.0,0.0,0.0,0.0,0.0017899323639489,14.89932363948946,922.0,4.0,parkinson_vol_20;mom_10;mom_126,mom_5;hl_range_20;mom_63,,False,True,True,True,10.76,,FLAT,False,-445.67
2026-05-14T17:13:00.563471+00:00,GALT,BUY,1089,2.37,2580.9300000000003,False,Filled,1538,,1.0,2.0,0.258093,0.516186,0.774279,True,,Galectin Therapeutics Inc.,,0.0,0.0,0.0,0.0,-0.0009385658742978,-12.385658742978894,6776.0,2.0,net_margin;mom_5;parkinson_vol_20,operating_margin;intraday_return;roa,,False,False,False,True,2.35,,FLAT,False,2580.9300000000003
2026-05-14T17:13:00.563471+00:00,GDRX,SELL,176,2.52,443.52,False,Filled,1541,,1.0,2.0,0.0443519999999999,0.0887039999999999,0.1330559999999999,True,,"GoodRx Holdings, Inc. Class A Common Stock",,0.0,0.0,0.0,0.0,0.0024576633008982,21.576633008982142,655.0,5.0,intraday_return;parkinson_vol_20;volume_z_60,mom_5;mom_1;mom_252,,False,False,True,True,2.49,,FLAT,False,-443.52
2026-05-14T17:13:00.563471+00:00,GFS,BUY,64,73.61,4711.04,False,Filled,1547,,1.0,2.0,0.471104,0.942208,1.413312,True,,GlobalFoundries Inc. Ordinary Shares,SELL,0.0044573102678571,0.0044642857142857,-6.975446428571404e-06,-0.6975446428571404,0.0054792821064616,51.79282106461684,137.0,5.0,parkinson_vol_20;mom_21;intraday_return,mom_126;mom_10;volume_z_20,,False,True,True,True,73.84,"SELL because predicted alpha is in the top decile. Net alpha after estimated 3.0 bps trading cost is 51.79 bps versus threshold 5.00 bps. Main contributors were parkinson_vol_20, mom_21, intraday_return. Price filter passed; liquidity filter passed.",LONG,True,4711.04
2026-05-14T17:13:00.563471+00:00,GLSI,SELL,61,26.52,1617.72,False,Filled,1553,,1.0,2.0,0.161772,0.323544,0.4853159999999999,True,,"Greenwich LifeSciences, Inc.",COVER,-0.0044573102678571,-0.0044642857142857,6.975446428571404e-06,0.6975446428571404,-0.0028138580868474,25.138580868474843,7156.0,1.0,net_margin;mom_5;mom_252,operating_margin;mom_126;roa,,False,True,True,True,25.97,"COVER because predicted alpha is in the bottom decile. Net alpha after estimated 3.0 bps trading cost is 25.14 bps versus threshold 5.00 bps. Main contributors were operating_margin, mom_126, roa. Price filter passed; liquidity filter passed.",SHORT,True,-1617.72
2026-05-14T17:13:00.563471+00:00,GPRO,SELL,2170,1.18,2560.6,False,Filled,1565,,1.0,2.0,0.25606,0.51212,0.7681800000000001,True,,"GoPro, Inc.",,0.0,0.0,0.0,0.0,-0.0004728827635984,-7.728827635984395,6618.0,2.0,hl_range_20;mom_10;close_to_high_20,parkinson_vol_20;mom_5;intraday_return,,False,False,True,True,1.11,,FLAT,False,-2560.6
2026-05-14T17:13:00.563471+00:00,GRAL,SELL,12,61.07,732.84,False,Filled,1568,,1.0,2.0,0.073284,0.146568,0.219852,True,,"GRAIL, Inc. Common Stock",,0.0,0.0,0.0,0.0,8.749245790879525e-06,-2.9125075420912045,1985.0,3.0,parkinson_vol_20;volume_z_60;mom_21,price_kurt_63;intraday_return;volatility_63,,False,True,True,True,61.8,,FLAT,False,-732.84
2026-05-14T17:13:00.563471+00:00,GRPN,BUY,45,17.27,777.15,False,Filled,1571,,1.0,2.0,0.0777149999999999,0.1554299999999999,0.233145,True,,"Groupon, Inc.Common Stock",BUY,0.00078125,0.0,0.00078125,78.125,0.0052049256067997,49.0492560679974,168.0,5.0,intraday_return;hl_range_20;mom_5,parkinson_vol_20;mom_1;mom_10,,False,True,True,True,17.16,"BUY because predicted alpha is in the top decile. Net alpha after estimated 3.0 bps trading cost is 49.05 bps versus threshold 5.00 bps. Main contributors were intraday_return, hl_range_20, mom_5. Price filter passed; liquidity filter passed.",LONG,True,777.15
2026-05-14T17:13:00.563471+00:00,GSIT,BUY,74,10.4,769.6,False,Filled,1577,,1.0,2.0,0.07696,0.15392,0.23088,True,,GSI Technology,SELL,0.0044573102678571,0.0044642857142857,-6.975446428571404e-06,-0.6975446428571404,0.0101981552228236,98.98155222823624,12.0,5.0,intraday_return;mom_5;hl_range_20,parkinson_vol_20;mom_10;mom_1,,False,True,True,True,10.86,"SELL because predicted alpha is in the top decile. Net alpha after estimated 3.0 bps trading cost is 98.98 bps versus threshold 5.00 bps. Main contributors were intraday_return, mom_5, hl_range_20. Price filter passed; liquidity filter passed.",LONG,True,769.6
2026-05-14T17:13:00.563471+00:00,HCKT,SELL,81,9.47,767.07,False,Filled,1586,,1.0,2.0,0.076707,0.153414,0.230121,True,,Hackett Group Inc (The).,SHORT,-0.00078125,0.0,-0.00078125,-78.125,-0.0039550907999377,36.55090799937718,7268.0,1.0,parkinson_vol_20;mom_10;volatility_20,mom_5;intraday_return;volume_z_60,,False,True,True,True,9.575,"SHORT because predicted alpha is in the bottom decile. Net alpha after estimated 3.0 bps trading cost is 36.55 bps versus threshold 5.00 bps. Main contributors were mom_5, intraday_return, volume_z_60. Price filter passed; liquidity filter passed.",SHORT,True,-767.07
2026-05-14T17:13:00.563471+00:00,HCSG,SELL,110,21.56,2371.6,False,Filled,1589,,1.0,2.0,0.2371599999999999,0.4743199999999999,0.7114799999999999,True,,Healthcare Services Group,,0.0,0.0,0.0,0.0,0.0026426399795809,23.42639979580964,594.0,5.0,parkinson_vol_20;volume_z_60;dist_52w_high,hl_range_20;price_kurt_63;volume_z_20,,False,True,True,True,21.61,,FLAT,False,-2371.6
2026-05-14T17:13:00.563471+00:00,HELE,SELL,102,23.55,2402.1,False,Filled,1592,,1.0,2.0,0.2402099999999999,0.4804199999999999,0.7206299999999999,True,,Helen Of Troy Ltd,,0.0,0.0,0.0,0.0,-0.0018219099474579,-21.219099474579764,6974.0,1.0,mom_21;parkinson_vol_20;mom_1,intraday_return;earnings_yield;mom_5,,False,True,True,True,23.43,,FLAT,False,-2402.1
2026-05-14T17:13:00.563471+00:00,HLMN,SELL,387,7.61,2945.07,False,Filled,1595,,1.0,2.0,0.294507,0.589014,0.883521,True,,Hillman Solutions Corp. Common Stock,,0.0,0.0,0.0,0.0,0.0020472551936534,17.472551936534305,812.0,4.0,parkinson_vol_20;sales_to_price;intraday_return,book_to_market;hl_range_20;volatility_20,,False,True,True,True,7.47,,FLAT,False,-2945.07
2026-05-14T17:13:00.563471+00:00,HOOD,SELL,6,80.48,482.88,False,Filled,1598,,1.0,2.0,0.048288,0.096576,0.144864,True,,"Robinhood Markets, Inc. Class A Common Stock",,0.0,0.0,0.0,0.0,0.0004248338548916,1.2483385489165544,1759.0,3.0,parkinson_vol_20;mom_5;mom_1,intraday_return;hl_range_20;mom_10,,False,True,True,True,80.7,,FLAT,False,-482.88
2026-05-14T17:13:00.563471+00:00,HOVR,BUY,213,2.44,519.72,False,Filled,1601,,1.0,2.0,0.051972,0.103944,0.155916,True,,New Horizon Aircraft Ltd. Class A Ordinary Share,,0.0,0.0,0.0,0.0,0.0046320006836853,43.32000683685333,217.0,5.0,intraday_return;mom_252;hl_range_20,operating_margin;parkinson_vol_20;overnight_return,,False,False,True,True,2.42,,FLAT,False,519.72
2026-05-14T17:13:00.563471+00:00,HUT,BUY,7,108.74,761.18,False,Filled,1616,,1.0,2.0,0.0761179999999999,0.1522359999999999,0.2283539999999999,True,,Hut 8 Corp. Common Stock,SELL,0.0044573102678571,0.0044642857142857,-6.975446428571404e-06,-0.6975446428571404,0.0066307160776679,63.30716077667964,80.0,5.0,mom_252;mom_21;mom_63,mom_126;mom_10;volatility_10,,False,True,True,True,109.37,"SELL because predicted alpha is in the top decile. Net alpha after estimated 3.0 bps trading cost is 63.31 bps versus threshold 5.00 bps. Main contributors were mom_252, mom_21, mom_63. Price filter passed; liquidity filter passed.",LONG,True,761.18
2026-05-14T17:13:00.563471+00:00,HYMC,BUY,108,40.34,4356.72,False,Filled,1619,,1.0,2.0,0.435672,0.871344,1.307016,True,,Hycroft Mining Holding Corporation Class A Common Stock,SELL,0.0044573102678571,0.0044642857142857,-6.975446428571404e-06,-0.6975446428571404,0.0063684881312194,60.684881312194506,85.0,5.0,intraday_return;mom_252;hl_range_20,mom_126;mom_1;gross_margin,,False,True,True,True,39.36,"SELL because predicted alpha is in the top decile. Net alpha after estimated 3.0 bps trading cost is 60.68 bps versus threshold 5.00 bps. Main contributors were intraday_return, mom_252, hl_range_20. Price filter passed; liquidity filter passed.",LONG,True,4356.72
2026-05-14T17:13:00.563471+00:00,IEAG,SELL,77,10.03,772.31,False,Filled,1622,,1.0,2.0,0.077231,0.154462,0.2316929999999999,True,,Infinite Eagle Acquisition Corp. Class A Ordinary Shares,,0.0,0.0,0.0,0.0,-0.0003824385100641,-6.824385100641356,6569.0,2.0,parkinson_vol_20;volume_z_60;volatility_10,hl_range_20;volatility_20;close_to_high_20,,False,True,True,True,10.04,,FLAT,False,-772.31
2026-05-14T17:13:00.563471+00:00,IKT,SELL,247,1.86,459.42,False,Filled,1625,,1.0,2.0,0.045942,0.091884,0.137826,True,,"Inhibikase Therapeutics, Inc. Common Stock",,0.0,0.0,0.0,0.0,0.0049471143003872,46.4711430038722,192.0,5.0,intraday_return;parkinson_vol_20;revenue_growth_yoy,mom_5;volume_z_20;mom_1,,False,False,False,True,1.86,,FLAT,False,-459.42
2026-05-14T17:13:00.563471+00:00,IMDX,SELL,125,6.2,775.0,False,Filled,1628,,1.0,2.0,0.0775,0.155,0.2324999999999999,True,,Insight Molecular Diagnostics Inc. Common Stock,SHORT,-0.00078125,0.0,-0.00078125,-78.125,-0.0060416418760231,57.41641876023141,7388.0,1.0,mom_1;mom_5;hl_range_20,intraday_return;parkinson_vol_20;volume_z_60,,False,True,True,True,6.42,"SHORT because predicted alpha is in the bottom decile. Net alpha after estimated 3.0 bps trading cost is 57.42 bps versus threshold 5.00 bps. Main contributors were intraday_return, parkinson_vol_20, volume_z_60. Price filter passed; liquidity filter passed.",SHORT,True,-775.0
2026-05-14T17:13:00.563471+00:00,IMSR,SELL,95,8.13,772.35,False,Filled,1631,,1.0,2.0,0.077235,0.15447,0.231705,True,,Terrestrial Energy Inc. Common Stock,SHORT,-0.00078125,0.0,-0.00078125,-78.125,-0.0063089072582254,60.089072582254055,7394.0,1.0,mom_1;hl_range_20;mom_5,intraday_return;volume_z_60;parkinson_vol_20,,False,True,True,True,8.15,"SHORT because predicted alpha is in the bottom decile. Net alpha after estimated 3.0 bps trading cost is 60.09 bps versus threshold 5.00 bps. Main contributors were intraday_return, volume_z_60, parkinson_vol_20. Price filter passed; liquidity filter passed.",SHORT,True,-772.35
2026-05-14T17:13:00.563471+00:00,IMUX,SELL,135,12.47,1683.45,False,Filled,1634,,1.0,2.0,0.168345,0.33669,0.505035,True,,"Immunic, Inc. Common Stock",COVER,-0.0036760602678571,-0.0044642857142857,0.0007882254464285,78.82254464285712,-0.0007637459240265,4.637459240265804,6713.0,2.0,intraday_return;net_margin;hl_range_20,operating_margin;roa;mom_10,,False,True,True,True,12.655,"COVER because predicted alpha is in the bottom decile. Net alpha after estimated 3.0 bps trading cost is 4.64 bps versus threshold 5.00 bps. Main contributors were operating_margin, roa, mom_10. Price filter passed; liquidity filter passed.",SHORT,True,-1683.45
2026-05-14T17:13:00.563471+00:00,INDI,SELL,103,4.4,453.2000000000001,False,Filled,1643,,1.0,2.0,0.04532,0.09064,0.13596,True,,"indie Semiconductor, Inc. Class A Common Stock",,0.0,0.0,0.0,0.0,0.0062523423352202,59.52342335220273,91.0,5.0,intraday_return;mom_21;volume_z_60,mom_1;mom_5;volume_z_20,,False,False,True,True,4.32,,FLAT,False,-453.2000000000001
2026-05-14T17:13:00.563471+00:00,INSM,BUY,25,116.1,2902.5,False,Filled,1652,,1.0,2.0,0.29025,0.5805,0.87075,True,,"Insmed, Inc.",COVER,-0.0036760602678571,-0.0044642857142857,0.0007882254464285,78.82254464285712,0.0028835897272919,-31.83589727291901,527.0,5.0,mom_5;parkinson_vol_20;intraday_return,volatility_10;mom_21;price_kurt_63,,False,True,True,True,115.62,"COVER because predicted alpha is in the bottom decile. Net alpha after estimated 3.0 bps trading cost is -31.84 bps versus threshold 5.00 bps. Main contributors were volatility_10, mom_21, price_kurt_63. Price filter passed; liquidity filter passed.",SHORT,True,2902.5
2026-05-14T17:13:00.563471+00:00,INTC,BUY,16,117.14,1874.24,False,Filled,1655,,1.0,2.0,0.187424,0.374848,0.562272,True,,Intel Corp,SELL,0.0044573102678571,0.0044642857142857,-6.975446428571404e-06,-0.6975446428571404,0.0094076427906874,91.07642790687416,17.0,5.0,mom_21;mom_252;mom_63,mom_126;mom_10;mom_1,,False,True,True,True,115.93,"SELL because predicted alpha is in the top decile. Net alpha after estimated 3.0 bps trading cost is 91.08 bps versus threshold 5.00 bps. Main contributors were mom_21, mom_252, mom_63. Price filter passed; liquidity filter passed.",LONG,True,1874.24
2026-05-14T17:13:00.563471+00:00,IPCX,BUY,46,10.31,474.2600000000001,False,Filled,1658,,1.0,2.0,0.047426,0.094852,0.142278,True,,Inflection Point Acquisition Corp. III Class A Ordinary Shares,,0.0,0.0,0.0,0.0,-0.0012637235618112,-15.63723561811289,6862.0,1.0,parkinson_vol_20;volatility_10;volatility_63,hl_range_20;volatility_20;volume_z_60,,False,True,True,True,10.3,,FLAT,False,474.2600000000001
2026-05-14T17:13:00.563471+00:00,IPSC,SELL,1278,2.38,3041.64,False,Filled,1661,,1.0,2.0,0.304164,0.608328,0.912492,True,,"Century Therapeutics, Inc. Common Stock",,0.0,0.0,0.0,0.0,0.0015586697312691,12.586697312691513,1031.0,4.0,mom_252;parkinson_vol_20;revenue_growth_yoy,mom_126;intraday_return;mom_21,,False,False,True,True,2.38,,FLAT,False,-3041.64
2026-05-14T17:13:00.563471+00:00,IPWR,BUY,340,7.1,2414.0,False,Filled,1667,,1.0,2.0,0.2414,0.4828,0.7242,True,,Ideal Power Inc.,SHORT,-0.00078125,0.0,-0.00078125,-78.125,-0.0076061027583838,73.0610275838389,7435.0,1.0,mom_5;hl_range_20;close_to_low_20,parkinson_vol_20;intraday_return;volume_z_60,,False,True,True,True,7.38,"SHORT because predicted alpha is in the bottom decile. Net alpha after estimated 3.0 bps trading cost is 73.06 bps versus threshold 5.00 bps. Main contributors were parkinson_vol_20, intraday_return, volume_z_60. Price filter passed; liquidity filter passed.",SHORT,True,2414.0
2026-05-14T17:13:00.563471+00:00,IREN,BUY,67,58.9,3946.3,False,Filled,1670,,1.0,2.0,0.39463,0.78926,1.18389,True,,IREN Limited Ordinary Shares,SELL,0.0036760602678571,0.0044642857142857,-0.0007882254464285,-78.82254464285712,0.0025199980381139,22.19998038113978,635.0,5.0,mom_252;hl_range_20;mom_1,intraday_return;volume_z_60;mom_10,,False,True,True,True,58.4,"SELL because predicted alpha is in the top decile. Net alpha after estimated 3.0 bps trading cost is 22.20 bps versus threshold 5.00 bps. Main contributors were mom_252, hl_range_20, mom_1. Price filter passed; liquidity filter passed.",LONG,True,3946.3
2026-05-14T17:13:00.563471+00:00,IRHO,BUY,293,10.0,2930.0,False,Filled,1673,,1.0,2.0,0.293,0.586,0.879,True,,Iron Horse Acquisitions II Corp. Common Stock,,0.0,0.0,0.0,0.0,-0.0002182334034172,-5.182334034172476,6485.0,2.0,parkinson_vol_20;volume_z_60;volatility_10,hl_range_20;volatility_20;close_to_high_20,,False,True,False,True,9.99,,FLAT,False,2930.0
2026-05-14T17:13:00.563471+00:00,JACK,SELL,180,11.11,1999.8,False,Filled,1682,,1.0,2.0,0.19998,0.39996,0.5999399999999999,True,,Jack in the Box Inc.,,0.0,0.0,0.0,0.0,-0.0020321191302831,-23.321191302831075,7027.0,1.0,intraday_return;volume_z_20;mom_10,volume_z_60;mom_1;mom_5,,False,True,True,True,10.98,,FLAT,False,-1999.8
2026-05-14T17:13:00.563471+00:00,JBLU,SELL,100,4.82,482.0,False,Filled,1691,,1.0,2.0,0.0482,0.0964,0.1446,True,,JetBlue Airways Corp,,0.0,0.0,0.0,0.0,-0.0012063728053631,-15.063728053631722,6846.0,1.0,parkinson_vol_20;mom_1;operating_margin,intraday_return;mom_21;mom_5,,False,False,True,True,4.88,,FLAT,False,-482.0
2026-05-14T17:13:00.563471+00:00,KALU,BUY,4,178.7,714.8,False,Filled,1694,,1.0,2.0,0.07148,0.14296,0.21444,True,,Kaiser Aluminum Corporation,BUY,0.00078125,0.0,0.00078125,78.125,0.0049488245146936,46.48824514693678,191.0,5.0,parkinson_vol_20;intraday_return;mom_21,mom_126;hl_range_20;close_to_high_20,,False,True,True,True,177.84,"BUY because predicted alpha is in the top decile. Net alpha after estimated 3.0 bps trading cost is 46.49 bps versus threshold 5.00 bps. Main contributors were parkinson_vol_20, intraday_return, mom_21. Price filter passed; liquidity filter passed.",LONG,True,714.8
2026-05-14T17:13:00.563471+00:00,KALV,BUY,109,26.78,2919.02,False,Filled,1697,,1.0,2.0,0.291902,0.583804,0.875706,True,,"KalVista Pharmaceuticals, Inc. Common Stock",,0.0,0.0,0.0,0.0,0.002365034073257,20.650340732570044,699.0,5.0,parkinson_vol_20;net_margin;mom_63,operating_margin;mom_126;hl_range_20,,False,True,True,True,26.76,,FLAT,False,2919.02
2026-05-14T17:13:00.563471+00:00,KROS,BUY,72,10.75,774.0,False,Filled,1709,,1.0,2.0,0.0774,0.1548,0.2322,True,,"Keros Therapeutics, Inc. Common Stock",,0.0,0.0,0.0,0.0,0.0007343493794379,4.343493794379318,1546.0,3.0,intraday_return;parkinson_vol_20;volume_z_20,volume_z_60;mom_1;hl_range_20,,False,True,True,True,10.99,,FLAT,False,774.0
2026-05-14T17:13:00.563471+00:00,LASR,BUY,58,81.66,4736.28,False,Filled,1715,,1.0,2.0,0.473628,0.947256,1.420884,True,,"nLIGHT, Inc. Common Stock",SELL,0.0044573102678571,0.0044642857142857,-6.975446428571404e-06,-0.6975446428571404,0.0083228365891674,80.2283658916745,34.0,5.0,mom_252;mom_5;volume_z_60,mom_126;mom_10;intraday_return,,False,True,True,True,81.33,"SELL because predicted alpha is in the top decile. Net alpha after estimated 3.0 bps trading cost is 80.23 bps versus threshold 5.00 bps. Main contributors were mom_252, mom_5, volume_z_60. Price filter passed; liquidity filter passed.",LONG,True,4736.28
2026-05-14T17:13:00.563471+00:00,LBRDA,SELL,136,34.76,4727.36,False,Filled,1718,,1.0,2.0,0.472736,0.945472,1.418208,True,,Liberty Broadband Corporation Class A,COVER,-0.0044573102678571,-0.0044642857142857,6.975446428571404e-06,0.6975446428571404,-0.0071768569126308,68.7685691263089,7425.0,1.0,sales_to_price;close_to_high_20;parkinson_vol_20,earnings_yield;book_to_market;intraday_return,,False,True,True,True,34.5,"COVER because predicted alpha is in the bottom decile. Net alpha after estimated 3.0 bps trading cost is 68.77 bps versus threshold 5.00 bps. Main contributors were earnings_yield, book_to_market, intraday_return. Price filter passed; liquidity filter passed.",SHORT,True,-4727.36
2026-05-14T17:13:00.563471+00:00,LBRDK,SELL,22,34.85,766.7,False,Filled,1721,,1.0,2.0,0.07667,0.15334,0.23001,True,,Liberty Broadband Corporation Class C,COVER,-0.0044573102678571,-0.0044642857142857,6.975446428571404e-06,0.6975446428571404,-0.0075677477828393,72.6774778283933,7433.0,1.0,sales_to_price;close_to_high_20;volatility_20,earnings_yield;book_to_market;intraday_return,,False,True,True,True,34.55,"COVER because predicted alpha is in the bottom decile. Net alpha after estimated 3.0 bps trading cost is 72.68 bps versus threshold 5.00 bps. Main contributors were earnings_yield, book_to_market, intraday_return. Price filter passed; liquidity filter passed.",SHORT,True,-766.7
2026-05-14T17:13:00.563471+00:00,LBTYB,BUY,100,15.81,1581.0,False,Filled,1727,,1.0,2.0,0.1581,0.3162,0.4742999999999999,True,,Liberty Global Ltd. Class B Common Shares,,0.0,0.0,0.0,0.0,-0.0013798100306092,-16.79810030609238,6886.0,1.0,overnight_return;volume_z_60;hl_range_20,intraday_return;mom_5;parkinson_vol_20,,False,True,False,True,14.8,,FLAT,False,1581.0
2026-05-14T17:13:00.563471+00:00,LE,SELL,222,10.83,2404.26,False,Filled,1730,,1.0,2.0,0.240426,0.480852,0.7212780000000001,True,,"Lands' End, Inc. Common Stock",,0.0,0.0,0.0,0.0,0.0001272843818414,-1.7271561815854346,1919.0,3.0,parkinson_vol_20;intraday_return;volume_z_20,volume_z_60;hl_range_20;mom_63,,False,True,True,True,10.86,,FLAT,False,-2404.26
2026-05-14T17:13:00.563471+00:00,LGIH,SELL,10,44.32,443.2,False,Filled,1736,,1.0,2.0,0.04432,0.08864,0.13296,True,,"LGI Homes, Inc.",,0.0,0.0,0.0,0.0,0.0035266491695782,32.26649169578269,384.0,5.0,intraday_return;parkinson_vol_20;mom_10,mom_1;mom_5;hl_range_20,,False,True,True,True,43.72,,FLAT,False,-443.2
2026-05-14T17:13:00.563471+00:00,LGN,BUY,8,89.94,719.52,False,Filled,1739,,1.0,2.0,0.071952,0.143904,0.215856,True,,Legence Corp. Class A Common stock,BUY,0.00078125,0.0,0.00078125,78.125,0.0060033504220279,57.03350422027976,110.0,5.0,intraday_return;mom_63;volume_z_20,volume_z_60;mom_126;mom_1,,False,True,True,True,89.0,"BUY because predicted alpha is in the top decile. Net alpha after estimated 3.0 bps trading cost is 57.03 bps versus threshold 5.00 bps. Main contributors were intraday_return, mom_63, volume_z_20. Price filter passed; liquidity filter passed.",LONG,True,719.52
2026-05-14T17:13:00.563471+00:00,LINC,BUY,15,50.76,761.4,False,Filled,1751,,1.0,2.0,0.07614,0.15228,0.22842,True,,Lincoln Educational Services,BUY,0.00078125,0.0,0.00078125,78.125,0.005089298009213,47.89298009213001,179.0,5.0,mom_5;parkinson_vol_20;mom_63,mom_126;mom_10;hl_range_20,,False,True,True,True,50.99,"BUY because predicted alpha is in the top decile. Net alpha after estimated 3.0 bps trading cost is 47.89 bps versus threshold 5.00 bps. Main contributors were mom_5, parkinson_vol_20, mom_63. Price filter passed; liquidity filter passed.",LONG,True,761.4
2026-05-14T17:13:00.563471+00:00,LITE,BUY,4,1010.83,4043.32,False,Filled,1760,,1.0,2.0,0.404332,0.808664,1.212996,True,,Lumentum Holdings Inc. Common Stock,SELL,0.0044573102678571,0.0044642857142857,-6.975446428571404e-06,-0.6975446428571404,0.0070340547873612,67.34054787361235,65.0,5.0,mom_252;mom_5;mom_63,mom_126;mom_1;mom_10,,False,True,True,True,1001.81,"SELL because predicted alpha is in the top decile. Net alpha after estimated 3.0 bps trading cost is 67.34 bps versus threshold 5.00 bps. Main contributors were mom_252, mom_5, mom_63. Price filter passed; liquidity filter passed.",LONG,True,4043.32
2026-05-14T17:13:00.563471+00:00,LMB,BUY,40,75.6,3024.0,False,Filled,1766,,1.0,2.0,0.3024,0.6048,0.9072,True,,"Limbach Holdings, Inc Common Stock",SHORT,-0.00078125,0.0,-0.00078125,-78.125,-0.0029468669513395,26.468669513395067,7173.0,1.0,volatility_20;mom_10;close_to_high_20,intraday_return;volume_z_60;volatility_10,,False,True,True,True,74.89,"SHORT because predicted alpha is in the bottom decile. Net alpha after estimated 3.0 bps trading cost is 26.47 bps versus threshold 5.00 bps. Main contributors were intraday_return, volume_z_60, volatility_10. Price filter passed; liquidity filter passed.",SHORT,True,3024.0
2026-05-14T17:13:00.563471+00:00,LRMR,BUY,709,3.84,2722.56,False,Filled,1778,,1.0,2.0,0.272256,0.544512,0.8167679999999999,True,,"Larimar Therapeutics, Inc. Common Stock",,0.0,0.0,0.0,0.0,0.0023577216047904,20.577216047904,704.0,5.0,intraday_return;net_margin;parkinson_vol_20,operating_margin;mom_1;price_kurt_63,,False,False,True,True,3.89,,FLAT,False,2722.56
2026-05-14T17:13:00.563471+00:00,LWLG,BUY,51,15.23,776.73,False,Filled,1784,,1.0,2.0,0.077673,0.155346,0.233019,True,,"Lightwave Logic, Inc. Common Stock",BUY,0.00078125,0.0,0.00078125,78.125,0.0118001550212751,115.00155021275164,3.0,5.0,intraday_return;hl_range_20;mom_252,parkinson_vol_20;mom_1;mom_126,,False,True,True,True,14.93,"BUY because predicted alpha is in the top decile. Net alpha after estimated 3.0 bps trading cost is 115.00 bps versus threshold 5.00 bps. Main contributors were intraday_return, hl_range_20, mom_252. Price filter passed; liquidity filter passed.",LONG,True,776.73
2026-05-14T17:13:00.563471+00:00,LXRX,BUY,1017,2.37,2410.29,False,Filled,1787,,1.0,2.0,0.241029,0.482058,0.723087,True,,"Lexicon Pharmaceuticals, Inc.",,0.0,0.0,0.0,0.0,0.00958622293303,92.8622293303009,16.0,5.0,mom_5;intraday_return;mom_252,mom_10;mom_1;mom_126,,False,False,True,True,2.33,,FLAT,False,2410.29
2026-05-14T17:13:00.563471+00:00,MASI,SELL,26,178.34,4636.84,False,Filled,1790,,1.0,2.0,0.463684,0.927368,1.3910520000000002,True,,Masimo Corporation,,0.0,0.0,0.0,0.0,-0.0012672088014187,-15.67208801418771,6863.0,1.0,parkinson_vol_20;volume_z_60;volatility_10,hl_range_20;price_kurt_63;volatility_20,,False,True,True,True,178.35,,FLAT,False,-4636.84
2026-05-14T17:13:00.563471+00:00,MCW,SELL,258,7.07,1824.06,False,Filled,1799,,1.0,2.0,0.182406,0.364812,0.547218,True,,"Mister Car Wash, Inc.",COVER,-0.0044573102678571,-0.0044642857142857,6.975446428571404e-06,0.6975446428571404,-0.0058750680918467,55.75068091846732,7378.0,1.0,parkinson_vol_20;volume_z_20;volatility_10,volume_z_60;hl_range_20;price_kurt_63,,False,True,True,True,7.1,"COVER because predicted alpha is in the bottom decile. Net alpha after estimated 3.0 bps trading cost is 55.75 bps versus threshold 5.00 bps. Main contributors were volume_z_60, hl_range_20, price_kurt_63. Price filter passed; liquidity filter passed.",SHORT,True,-1824.06
2026-05-14T17:13:00.563471+00:00,MDAI,SELL,221,2.13,470.73,False,Filled,1802,,1.0,2.0,0.047073,0.094146,0.1412189999999999,True,,"Spectral AI, Inc. Class A Common Stock",,0.0,0.0,0.0,0.0,0.0003268429625095,0.2684296250954356,1807.0,3.0,parkinson_vol_20;mom_1;mom_63,intraday_return;mom_5;mom_126,,False,False,True,True,2.13,,FLAT,False,-470.73
2026-05-14T17:13:00.563471+00:00,MDB,BUY,13,302.81,3936.53,False,Filled,1805,,1.0,2.0,0.393653,0.7873060000000001,1.180959,True,,"MongoDB, Inc. Class A",,0.0,0.0,0.0,0.0,0.0019469160469989,16.469160469989365,852.0,4.0,parkinson_vol_20;sales_to_price;volume_z_60,book_to_market;mom_10;hl_range_20,,False,True,True,True,303.09,,FLAT,False,3936.53
2026-05-14T17:13:00.563471+00:00,MELI,SELL,2,1602.53,3205.06,False,Filled,1808,,1.0,2.0,0.320506,0.641012,0.961518,True,,"Mercado Libre, Inc",COVER,-0.0044573102678571,-0.0044642857142857,6.975446428571404e-06,0.6975446428571404,-0.0058736272063641,55.736272063641394,7377.0,1.0,parkinson_vol_20;book_to_market;mom_10,earnings_yield;intraday_return;mom_5,,False,True,True,True,1607.37,"COVER because predicted alpha is in the bottom decile. Net alpha after estimated 3.0 bps trading cost is 55.74 bps versus threshold 5.00 bps. Main contributors were earnings_yield, intraday_return, mom_5. Price filter passed; liquidity filter passed.",SHORT,True,-3205.06
2026-05-14T17:13:00.563471+00:00,MGNX,BUY,135,4.28,577.8000000000001,False,Filled,1811,,1.0,2.0,0.05778,0.11556,0.17334,True,,"MacroGenics, Inc.",,0.0,0.0,0.0,0.0,-0.0025999177869229,-28.9991778692296,7129.0,1.0,mom_5;mom_1;mom_63,intraday_return;mom_126;mom_10,,False,False,True,True,4.16,,FLAT,False,577.8000000000001
2026-05-14T17:13:00.563471+00:00,MKSI,BUY,2,311.39,622.78,False,Filled,1814,,1.0,2.0,0.062278,0.124556,0.186834,True,,MKS Inc. Common Stock,,0.0,0.0,0.0,0.0,0.0040252535792467,37.25253579246778,300.0,5.0,parkinson_vol_20;mom_252;intraday_return,mom_126;hl_range_20;close_to_high_20,,False,True,True,True,313.81,,FLAT,False,622.78
2026-05-14T17:13:00.563471+00:00,MLTX,BUY,134,18.24,2444.16,False,Filled,1817,,1.0,2.0,0.244416,0.488832,0.733248,True,,MoonLake Immunotherapeutics Class A Ordinary Shares,,0.0,0.0,0.0,0.0,-0.0003517615427051,-6.51761542705189,6556.0,2.0,parkinson_vol_20;net_margin;volume_z_60,operating_margin;mom_126;mom_10,,False,True,True,True,18.39,,FLAT,False,2444.16
2026-05-14T17:13:00.563471+00:00,MRAM,BUY,174,39.98,6956.52,False,Filled,1835,,1.0,2.0,0.6956519999999999,1.391304,2.086956,True,,"Everspin Technologies, Inc",SELL,0.0044573102678571,0.0044642857142857,-6.975446428571404e-06,-0.6975446428571404,0.0108516269805629,105.5162698056298,7.0,5.0,mom_5;close_to_low_20;mom_21,parkinson_vol_20;mom_126;mom_10,,False,True,True,True,40.63,"SELL because predicted alpha is in the top decile. Net alpha after estimated 3.0 bps trading cost is 105.52 bps versus threshold 5.00 bps. Main contributors were mom_5, close_to_low_20, mom_21. Price filter passed; liquidity filter passed.",LONG,True,6956.52
2026-05-14T17:13:00.563471+00:00,MRVI,SELL,102,4.35,443.7,False,Filled,1841,,1.0,2.0,0.04437,0.08874,0.13311,True,,"Maravai LifeSciences Holdings, Inc. Class A Common Stock",,0.0,0.0,0.0,0.0,0.0050337167358765,47.33716735876503,184.0,5.0,parkinson_vol_20;intraday_return;mom_5,mom_10;volatility_10;mom_126,,False,False,True,True,4.29,,FLAT,False,-443.7
2026-05-14T17:13:00.563471+00:00,MSFT,SELL,50,407.6,20380.0,False,Filled,1844,,1.0,2.0,2.038,4.076,6.113999999999999,True,,Microsoft Corp,,0.0,0.0,0.0,0.0,0.0002461165186085,-0.5388348139146806,1849.0,3.0,parkinson_vol_20;volatility_10;volatility_63,hl_range_20;volatility_20;intraday_return,,False,True,True,True,409.43,,FLAT,False,-20380.0
2026-05-14T17:13:00.563471+00:00,MTSI,BUY,2,379.76,759.52,False,Filled,1853,,1.0,2.0,0.0759519999999999,0.1519039999999999,0.2278559999999999,True,,"MACOM Technology Solutions Holdings, Inc",,0.0,0.0,0.0,0.0,0.0043629162695807,40.629162695807686,247.0,5.0,intraday_return;parkinson_vol_20;mom_21,volume_z_60;mom_126;mom_10,,False,True,True,True,383.56,,FLAT,False,759.52
2026-05-14T17:13:00.563471+00:00,MU,BUY,6,793.69,4762.14,False,Filled,1856,,1.0,2.0,0.476214,0.952428,1.428642,True,,"Micron Technology, Inc.",SELL,0.0044573102678571,0.0044642857142857,-6.975446428571404e-06,-0.6975446428571404,0.01036935118436,100.69351184360042,10.0,5.0,mom_252;mom_21;mom_5,mom_126;mom_10;mom_1,,False,True,True,True,776.01,"SELL because predicted alpha is in the top decile. Net alpha after estimated 3.0 bps trading cost is 100.69 bps versus threshold 5.00 bps. Main contributors were mom_252, mom_21, mom_5. Price filter passed; liquidity filter passed.",LONG,True,4762.14
2026-05-14T17:13:00.563471+00:00,MWH,BUY,17,45.0,765.0,False,Filled,1859,,1.0,2.0,0.0765,0.153,0.2294999999999999,True,,"SOLV Energy, Inc. Class A Common Stock",BUY,0.00078125,0.0,0.00078125,78.125,0.0051085714405342,48.08571440534263,178.0,5.0,parkinson_vol_20;mom_21;overnight_return,mom_1;mom_10;close_to_high_20,,False,True,True,True,44.82,"BUY because predicted alpha is in the top decile. Net alpha after estimated 3.0 bps trading cost is 48.09 bps versus threshold 5.00 bps. Main contributors were parkinson_vol_20, mom_21, overnight_return. Price filter passed; liquidity filter passed.",LONG,True,765.0
2026-05-14T17:13:00.563471+00:00,MXL,BUY,22,88.61,1949.42,False,Filled,1862,,1.0,2.0,0.194942,0.389884,0.5848260000000001,True,,"MaxLinear, Inc. Common Stock",SELL,0.0044573102678571,0.0044642857142857,-6.975446428571404e-06,-0.6975446428571404,0.0093291450215626,90.29145021562636,18.0,5.0,close_to_low_20;mom_21;mom_252,parkinson_vol_20;mom_126;intraday_return,,False,True,True,True,88.78,"SELL because predicted alpha is in the top decile. Net alpha after estimated 3.0 bps trading cost is 90.29 bps versus threshold 5.00 bps. Main contributors were close_to_low_20, mom_21, mom_252. Price filter passed; liquidity filter passed.",LONG,True,1949.42
2026-05-14T17:13:00.563471+00:00,MYRG,BUY,1,469.15,469.15,False,Filled,1865,,1.0,2.0,0.046915,0.09383,0.140745,True,,"MYR Group, Inc.",SELL,0.0044573102678571,0.0044642857142857,-6.975446428571404e-06,-0.6975446428571404,0.0071418184398862,68.41818439886259,62.0,5.0,parkinson_vol_20;mom_21;mom_5,mom_126;hl_range_20;mom_10,,False,True,True,True,473.07,"SELL because predicted alpha is in the top decile. Net alpha after estimated 3.0 bps trading cost is 68.42 bps versus threshold 5.00 bps. Main contributors were parkinson_vol_20, mom_21, mom_5. Price filter passed; liquidity filter passed.",LONG,True,469.15
2026-05-14T17:13:00.563471+00:00,NAMS,BUY,106,37.32,3955.92,False,Filled,1868,,1.0,2.0,0.395592,0.791184,1.186776,True,,NewAmsterdam Pharma Company N.V. Ordinary Shares,SELL,0.0036760602678571,0.0044642857142857,-0.0007882254464285,-78.82254464285712,0.0032770497059332,29.770497059332577,438.0,5.0,intraday_return;parkinson_vol_20;mom_5,mom_10;mom_1;amihud_20,,False,True,True,True,36.88,"SELL because predicted alpha is in the top decile. Net alpha after estimated 3.0 bps trading cost is 29.77 bps versus threshold 5.00 bps. Main contributors were intraday_return, parkinson_vol_20, mom_5. Price filter passed; liquidity filter passed.",LONG,True,3955.92
2026-05-14T17:13:00.563471+00:00,NAUT,BUY,836,2.64,2207.04,False,Filled,1871,,1.0,2.0,0.2207039999999999,0.4414079999999999,0.6621119999999999,True,,"Nautilus Biotechnolgy, Inc. Common Stock",,0.0,0.0,0.0,0.0,0.0027271423426819,24.2714234268196,571.0,5.0,intraday_return;hl_range_20;mom_252,mom_1;volume_z_60;mom_5,,False,False,True,True,2.62,,FLAT,False,2207.04
2026-05-14T17:13:00.563471+00:00,NB,BUY,331,5.9,1952.9,False,Filled,1874,,1.0,2.0,0.19529,0.39058,0.5858700000000001,True,,NioCorp Developments Ltd. Common Stock,SELL,0.0036760602678571,0.0044642857142857,-0.0007882254464285,-78.82254464285712,0.0038546715096936,35.54671509693667,321.0,5.0,volume_z_60;parkinson_vol_20;mom_252,volume_z_20;mom_1;close_to_low_20,,False,True,True,True,5.86,"SELL because predicted alpha is in the top decile. Net alpha after estimated 3.0 bps trading cost is 35.55 bps versus threshold 5.00 bps. Main contributors were volume_z_60, parkinson_vol_20, mom_252. Price filter passed; liquidity filter passed.",LONG,True,1952.9
2026-05-14T17:13:00.563471+00:00,NERV,SELL,731,5.44,3976.64,False,Filled,1883,,1.0,2.0,0.397664,0.795328,1.192992,True,,"Minerva Neurosciences, Inc",COVER,-0.0036760602678571,-0.0044642857142857,0.0007882254464285,78.82254464285712,-0.0004821334087538,1.8213340875386972,6623.0,2.0,volume_z_60;net_margin;mom_252,operating_margin;roa;mom_5,,False,True,False,True,5.5,"COVER because predicted alpha is in the bottom decile. Net alpha after estimated 3.0 bps trading cost is 1.82 bps versus threshold 5.00 bps. Main contributors were operating_margin, roa, mom_5. Price filter passed; liquidity filter failed.",SHORT,True,-3976.64
2026-05-14T17:13:00.563471+00:00,NESR,BUY,29,26.31,762.99,False,Filled,1886,,1.0,2.0,0.076299,0.152598,0.228897,True,,National Energy Services Reunited Corp. Ordinary Shares,BUY,0.00078125,0.0,0.00078125,78.125,0.0057149228997229,54.14922899722972,118.0,5.0,parkinson_vol_20;mom_252;mom_5,mom_126;hl_range_20;mom_1,,False,True,True,True,25.99,"BUY because predicted alpha is in the top decile. Net alpha after estimated 3.0 bps trading cost is 54.15 bps versus threshold 5.00 bps. Main contributors were parkinson_vol_20, mom_252, mom_5. Price filter passed; liquidity filter passed.",LONG,True,762.99
2026-05-14T17:13:00.563471+00:00,NEXT,BUY,288,9.0,2592.0,False,Filled,1889,,1.0,2.0,0.2592,0.5184,0.7776,True,,NextDecade Corporation Common Stock,,0.0,0.0,0.0,0.0,0.0014346733189584,11.346733189584103,1117.0,4.0,mom_5;net_margin;parkinson_vol_20,intraday_return;operating_margin;close_to_high_20,,False,True,True,True,8.92,,FLAT,False,2592.0
2026-05-14T17:13:00.563471+00:00,NKTR,BUY,58,73.66,4272.28,False,Filled,1898,,1.0,2.0,0.427228,0.854456,1.281684,True,,Nektar Therapeutics,SELL,0.0044573102678571,0.0044642857142857,-6.975446428571404e-06,-0.6975446428571404,0.0054649255594352,51.64925559435215,139.0,5.0,mom_252;parkinson_vol_20;intraday_return,mom_5;gross_margin;close_to_low_20,,False,True,True,True,74.33,"SELL because predicted alpha is in the top decile. Net alpha after estimated 3.0 bps trading cost is 51.65 bps versus threshold 5.00 bps. Main contributors were mom_252, parkinson_vol_20, intraday_return. Price filter passed; liquidity filter passed.",LONG,True,4272.28
2026-05-14T17:13:00.563471+00:00,NNE,SELL,17,27.22,462.74,False,Filled,1904,,1.0,2.0,0.046274,0.092548,0.138822,True,,Nano Nuclear Energy Inc. Common Stock,,0.0,0.0,0.0,0.0,0.0009245792348906,6.245792348906207,1421.0,4.0,hl_range_20;volatility_20;current_ratio,intraday_return;mom_10;volatility_10,,False,True,True,True,27.54,,FLAT,False,-462.74
2026-05-14T17:13:00.563471+00:00,NSIT,BUY,28,89.71,2511.88,False,Filled,1910,,1.0,2.0,0.2511879999999999,0.5023759999999999,0.7535639999999999,True,,Insight Enterprises Inc,,0.0,0.0,0.0,0.0,0.0021461566348069,18.461566348069155,789.0,4.0,mom_5;parkinson_vol_20;close_to_low_20,mom_10;volume_z_60;close_to_high_20,,False,True,True,True,89.35,,FLAT,False,2511.88
2026-05-14T17:13:00.563471+00:00,NSTS,SELL,291,13.64,3969.24,False,Filled,1913,,1.0,2.0,0.396924,0.793848,1.190772,True,,"NSTS Bancorp, Inc. Common Stock",COVER,-0.0036760602678571,-0.0044642857142857,0.0007882254464285,78.82254464285712,-0.0002494818262401,-0.5051817375989742,6504.0,2.0,parkinson_vol_20;mom_5;dist_52w_high,hl_range_20;volume_z_60;close_to_high_20,,False,True,True,True,13.65,"COVER because predicted alpha is in the bottom decile. Net alpha after estimated 3.0 bps trading cost is -0.51 bps versus threshold 5.00 bps. Main contributors were hl_range_20, volume_z_60, close_to_high_20. Price filter passed; liquidity filter passed.",SHORT,True,-3969.24
2026-05-14T17:13:00.563471+00:00,NUAI,BUY,498,5.14,2559.72,False,Filled,1916,,1.0,2.0,0.255972,0.511944,0.7679159999999999,True,,"New Era Energy & Digital, Inc. Common Stock",,0.0,0.0,0.0,0.0,-0.0015284687746461,-18.28468774646161,6919.0,1.0,hl_range_20;mom_5;close_to_low_20,intraday_return;mom_10;parkinson_vol_20,,False,True,True,True,5.28,,FLAT,False,2559.72
2026-05-14T17:13:00.563471+00:00,NVAX,SELL,254,9.17,2329.18,False,Filled,1922,,1.0,2.0,0.232918,0.465836,0.698754,True,,Novavax Inc,,0.0,0.0,0.0,0.0,0.0004683861382968,1.6838613829680271,1730.0,3.0,parkinson_vol_20;volume_z_60;roa,intraday_return;mom_10;gross_margin,,False,True,True,True,9.35,,FLAT,False,-2329.18
2026-05-14T17:13:00.563471+00:00,NVTS,BUY,209,22.78,4761.02,False,Filled,1928,,1.0,2.0,0.476102,0.952204,1.428306,True,,Navitas Semiconductor Corporation Common Stock,SELL,0.0044573102678571,0.0044642857142857,-6.975446428571404e-06,-0.6975446428571404,0.0113955109473766,110.9551094737661,5.0,5.0,mom_5;mom_252;mom_21,parkinson_vol_20;intraday_return;mom_126,,False,True,True,True,22.32,"SELL because predicted alpha is in the top decile. Net alpha after estimated 3.0 bps trading cost is 110.96 bps versus threshold 5.00 bps. Main contributors were mom_5, mom_252, mom_21. Price filter passed; liquidity filter passed.",LONG,True,4761.02
2026-05-14T17:13:00.563471+00:00,NXT,BUY,5,137.87,689.35,False,Filled,1931,,1.0,2.0,0.068935,0.13787,0.206805,True,,Nextpower Inc. Class A Common Stock,,0.0,0.0,0.0,0.0,0.0025838896709787,22.8388967097873,615.0,5.0,mom_5;mom_21;mom_252,intraday_return;volume_z_60;mom_10,,False,True,True,True,142.75,,FLAT,False,689.35
2026-05-14T17:13:00.563471+00:00,ODD,SELL,61,12.53,764.3299999999999,False,Filled,1934,,1.0,2.0,0.0764329999999999,0.1528659999999999,0.2292989999999999,True,,ODDITY Tech Ltd. Class A Ordinary Shares,COVER,-0.0036760602678571,-0.0044642857142857,0.0007882254464285,78.82254464285712,-0.0019644785139938,16.644785139938367,7007.0,1.0,intraday_return;parkinson_vol_20;volume_z_60,mom_5;price_kurt_63;mom_63,,False,True,True,True,12.54,"COVER because predicted alpha is in the bottom decile. Net alpha after estimated 3.0 bps trading cost is 16.64 bps versus threshold 5.00 bps. Main contributors were mom_5, price_kurt_63, mom_63. Price filter passed; liquidity filter passed.",SHORT,True,-764.3299999999999
2026-05-14T17:13:00.563471+00:00,ODFL,SELL,12,200.4,2404.8,False,Filled,1937,,1.0,2.0,0.24048,0.48096,0.7214400000000001,True,,Old Dominion Freight Line,,0.0,0.0,0.0,0.0,-0.0014370944833939,-17.37094483393931,6905.0,1.0,parkinson_vol_20;mom_1;volume_z_20,intraday_return;volume_z_60;hl_range_20,,False,True,True,True,198.81,,FLAT,False,-2404.8
2026-05-14T17:13:00.563471+00:00,OLPX,BUY,1435,2.04,2927.4,False,Filled,1940,,1.0,2.0,0.29274,0.58548,0.87822,True,,"Olaplex Holdings, Inc. Common Stock",,0.0,0.0,0.0,0.0,-0.0013042974531366,-16.042974531366227,6874.0,1.0,parkinson_vol_20;volatility_10;volume_z_60,hl_range_20;mom_126;price_kurt_63,,False,False,True,True,2.03,,FLAT,False,2927.4
2026-05-14T17:13:00.563471+00:00,OMEX,BUY,2686,1.13,3035.18,False,Filled,1943,,1.0,2.0,0.303518,0.607036,0.910554,True,,"Odyssey Marine Exploration, Inc",,0.0,0.0,0.0,0.0,-0.0042600378739056,-45.60037873905615,7290.0,1.0,hl_range_20;volume_z_60;mom_126,roa;gross_margin;mom_5,,False,False,False,True,1.15,,FLAT,False,3035.18
2026-05-14T17:13:00.563471+00:00,ON,BUY,6,118.38,710.28,False,Filled,1946,,1.0,2.0,0.071028,0.142056,0.213084,True,,ON Semiconductor Corp,,0.0,0.0,0.0,0.0,0.0044987395983962,41.98739598396287,232.0,5.0,mom_21;mom_5;parkinson_vol_20,mom_126;intraday_return;volume_z_60,,False,True,True,True,118.37,,FLAT,False,710.28
2026-05-14T17:13:00.563471+00:00,ONDS,SELL,323,10.85,3504.55,False,Filled,1949,,1.0,2.0,0.3504549999999999,0.7009099999999999,1.051365,True,,Ondas Inc. Common Stock,SELL,0.0036760602678571,0.0044642857142857,-0.0007882254464285,-78.82254464285712,-0.0019143876942589,-22.143876942589717,6995.0,1.0,mom_252;mom_1;mom_5,intraday_return;volume_z_60;overnight_return,,False,True,True,True,11.21,"SELL because predicted alpha is in the top decile. Net alpha after estimated 3.0 bps trading cost is -22.14 bps versus threshold 5.00 bps. Main contributors were mom_252, mom_1, mom_5. Price filter passed; liquidity filter passed.",LONG,True,-3504.55
2026-05-14T17:13:00.563471+00:00,ONEW,SELL,42,11.22,471.24,False,Filled,1952,,1.0,2.0,0.047124,0.094248,0.141372,True,,OneWater Marine Inc. Class A Common Stock,,0.0,0.0,0.0,0.0,0.0009102635641682,6.102635641682641,1430.0,4.0,volume_z_60;parkinson_vol_20;mom_21,mom_10;intraday_return;mom_5,,False,True,True,True,11.22,,FLAT,False,-471.24
2026-05-14T17:13:00.563471+00:00,OPEN,SELL,621,4.57,2837.9700000000003,False,Filled,1955,,1.0,2.0,0.283797,0.567594,0.851391,True,,Opendoor Technologies Inc Common Stock,,0.0,0.0,0.0,0.0,0.0067854651047028,64.85465104702848,71.0,5.0,mom_252;intraday_return;parkinson_vol_20,mom_5;close_to_low_20;mom_1,,False,False,True,True,4.47,,FLAT,False,-2837.9700000000003
2026-05-14T17:13:00.563471+00:00,OPRX,SELL,145,5.32,771.4000000000001,False,Filled,1961,,1.0,2.0,0.07714,0.15428,0.23142,True,,OptimizeRx Corporation Common Stock,SHORT,-0.00078125,0.0,-0.00078125,-78.125,-0.0047506701592798,44.50670159279802,7315.0,1.0,close_to_high_20;mom_126;mom_10,mom_5;volume_z_60;intraday_return,,False,True,True,True,5.18,"SHORT because predicted alpha is in the bottom decile. Net alpha after estimated 3.0 bps trading cost is 44.51 bps versus threshold 5.00 bps. Main contributors were mom_5, volume_z_60, intraday_return. Price filter passed; liquidity filter passed.",SHORT,True,-771.4000000000001
2026-05-14T17:13:00.563471+00:00,ORBS,SELL,530,0.8998,476.894,False,Filled,1967,,1.0,2.0,0.0476894,0.0953788,0.1430682,True,,Eightco Holdings Inc. Common Stock,,0.0,0.0,0.0,0.0,-0.0002282488319723,-5.282488319723058,6489.0,2.0,hl_range_20;mom_5;mom_126,intraday_return;parkinson_vol_20;dist_52w_high,,False,False,True,True,0.89,,FLAT,False,-476.894
2026-05-14T17:13:00.563471+00:00,OTLK,BUY,4809,0.2297,1104.6273,False,Filled,1973,,1.0,2.0,0.1104627299999999,0.2209254599999999,0.3313881899999999,True,,"Outlook Therapeutics, Inc. Common Stock",,0.0,0.0,0.0,0.0,-0.0031304680569785,-34.30468056978559,7189.0,1.0,hl_range_20;net_margin;close_to_high_20,parkinson_vol_20;operating_margin;roa,,False,False,False,True,0.2332,,FLAT,False,1104.6273
2026-05-14T17:13:00.563471+00:00,PALI,SELL,247,1.84,454.48,False,Filled,1979,,1.0,2.0,0.045448,0.090896,0.136344,True,,"Palisade Bio, Inc. Common Stock",,0.0,0.0,0.0,0.0,0.003186817837898,28.86817837898063,460.0,5.0,intraday_return;volume_z_60;net_margin,operating_margin;mom_5;mom_21,,False,False,True,True,1.81,,FLAT,False,-454.48
2026-05-14T17:13:00.563471+00:00,PANW,BUY,16,235.1,3761.6,False,Filled,1982,,1.0,2.0,0.37616,0.75232,1.12848,True,,"Palo Alto Networks, Inc. Common Stock",SELL,0.0036760602678571,0.0044642857142857,-0.0007882254464285,-78.82254464285712,0.004689314132506,43.89314132506022,214.0,5.0,mom_5;parkinson_vol_20;mom_21,intraday_return;mom_10;hl_range_20,,False,True,True,True,238.21,"SELL because predicted alpha is in the top decile. Net alpha after estimated 3.0 bps trading cost is 43.89 bps versus threshold 5.00 bps. Main contributors were mom_5, parkinson_vol_20, mom_21. Price filter passed; liquidity filter passed.",LONG,True,3761.6
2026-05-14T17:13:00.563471+00:00,PCT,BUY,312,12.76,3981.12,False,Filled,1985,,1.0,2.0,0.3981119999999999,0.7962239999999999,1.1943359999999998,True,,"PureCycle Technologies, Inc. Common stock",SELL,0.0036760602678571,0.0044642857142857,-0.0007882254464285,-78.82254464285712,0.0029178755869315,26.178755869315697,522.0,5.0,mom_5;mom_1;mom_21,intraday_return;volume_z_60;overnight_return,,False,True,True,True,12.39,"SELL because predicted alpha is in the top decile. Net alpha after estimated 3.0 bps trading cost is 26.18 bps versus threshold 5.00 bps. Main contributors were mom_5, mom_1, mom_21. Price filter passed; liquidity filter passed.",LONG,True,3981.12
2026-05-14T17:13:00.563471+00:00,PEPG,BUY,283,1.68,475.44,False,Filled,1991,,1.0,2.0,0.047544,0.095088,0.142632,True,,PepGen Inc. Common Stock,,0.0,0.0,0.0,0.0,-0.001633072510263,-19.33072510263081,6938.0,1.0,intraday_return;net_margin;mom_126,operating_margin;price_kurt_63;mom_63,,False,False,True,True,1.65,,FLAT,False,475.44
2026-05-14T17:13:00.563471+00:00,POWI,BUY,11,69.83,768.13,False,Filled,2027,,1.0,2.0,0.076813,0.153626,0.230439,True,,Power Integrations Inc,,0.0,0.0,0.0,0.0,0.0027536517391138,24.536517391138823,565.0,5.0,parkinson_vol_20;mom_21;mom_63,mom_126;volume_z_60;amihud_20,,False,True,True,True,71.67,,FLAT,False,768.13
2026-05-14T17:13:00.563471+00:00,POWL,BUY,7,296.73,2077.11,False,Filled,2030,,1.0,2.0,0.207711,0.415422,0.623133,True,,Powell Industries Inc,SELL,0.0036760602678571,0.0044642857142857,-0.0007882254464285,-78.82254464285712,0.0048908680648397,45.90868064839786,194.0,5.0,mom_252;parkinson_vol_20;mom_21,mom_126;volume_z_60;mom_1,,False,True,True,True,296.98,"SELL because predicted alpha is in the top decile. Net alpha after estimated 3.0 bps trading cost is 45.91 bps versus threshold 5.00 bps. Main contributors were mom_252, parkinson_vol_20, mom_21. Price filter passed; liquidity filter passed.",LONG,True,2077.11
2026-05-14T17:13:00.563471+00:00,PTEN,BUY,394,12.09,4763.46,False,Filled,2051,,1.0,2.0,0.476346,0.952692,1.429038,True,,Patterson-UTI Energy Inc,SELL,0.0044573102678571,0.0044642857142857,-6.975446428571404e-06,-0.6975446428571404,0.0055480654458181,52.48065445818133,129.0,5.0,parkinson_vol_20;volume_z_60;mom_5,mom_126;hl_range_20;close_to_high_20,,False,True,True,True,12.12,"SELL because predicted alpha is in the top decile. Net alpha after estimated 3.0 bps trading cost is 52.48 bps versus threshold 5.00 bps. Main contributors were parkinson_vol_20, volume_z_60, mom_5. Price filter passed; liquidity filter passed.",LONG,True,4763.46
2026-05-14T17:13:00.563471+00:00,PTON,BUY,301,5.28,1589.28,False,Filled,2054,,1.0,2.0,0.1589279999999999,0.3178559999999999,0.476784,True,,"Peloton Interactive, Inc. Class A Common Stock",,0.0,0.0,0.0,0.0,0.0030592986502136,27.592986502136498,485.0,5.0,parkinson_vol_20;volume_z_60;intraday_return,mom_5;volume_z_20;close_to_low_20,,False,True,True,True,5.18,,FLAT,False,1589.28
2026-05-14T17:13:00.563471+00:00,PURR,SELL,107,7.19,769.33,False,Filled,2057,,1.0,2.0,0.076933,0.153866,0.230799,True,,Hyperliquid Strategies Inc Common Stock,SHORT,-0.00078125,0.0,-0.00078125,-78.125,-0.0074896367557097,71.89636755709711,7429.0,1.0,mom_1;volume_z_20;mom_5,intraday_return;volume_z_60;overnight_return,,False,True,True,True,7.14,"SHORT because predicted alpha is in the bottom decile. Net alpha after estimated 3.0 bps trading cost is 71.90 bps versus threshold 5.00 bps. Main contributors were intraday_return, volume_z_60, overnight_return. Price filter passed; liquidity filter passed.",SHORT,True,-769.33
2026-05-14T17:13:00.563471+00:00,QCOM,BUY,23,202.6,4659.8,False,Filled,2063,,1.0,2.0,0.46598,0.93196,1.39794,True,,Qualcomm Inc,SELL,0.0044573102678571,0.0044642857142857,-6.975446428571404e-06,-0.6975446428571404,0.0055658130811486,52.65813081148665,127.0,5.0,intraday_return;mom_21;close_to_low_20,volume_z_60;mom_1;mom_10,,False,True,True,True,200.08,"SELL because predicted alpha is in the top decile. Net alpha after estimated 3.0 bps trading cost is 52.66 bps versus threshold 5.00 bps. Main contributors were intraday_return, mom_21, close_to_low_20. Price filter passed; liquidity filter passed.",LONG,True,4659.8
2026-05-14T17:13:00.563471+00:00,QDEL,SELL,177,11.23,1987.71,False,Filled,2066,,1.0,2.0,0.198771,0.397542,0.596313,True,,QuidelOrtho Corporation Common Stock,,0.0,0.0,0.0,0.0,-0.0011701911707101,-14.701911707101072,6836.0,1.0,debt_to_equity;hl_range_20;mom_5,mom_21;intraday_return;mom_63,,False,True,True,True,11.39,,FLAT,False,-1987.71
2026-05-14T17:13:00.563471+00:00,QTRX,BUY,1006,2.94,2957.64,False,Filled,2081,,1.0,2.0,0.2957639999999999,0.5915279999999999,0.887292,True,,Quanterix Corporation Common Stock,,0.0,0.0,0.0,0.0,0.0002869438371081,-0.1305616289183215,1829.0,3.0,intraday_return;hl_range_20;mom_126,parkinson_vol_20;mom_63;mom_21,,False,False,True,True,2.77,,FLAT,False,2957.64
2026-05-14T17:13:00.563471+00:00,RFIL,BUY,42,18.24,766.0799999999999,False,Filled,2096,,1.0,2.0,0.076608,0.153216,0.2298239999999999,True,,RF Industries Ltd,BUY,0.00078125,0.0,0.00078125,78.125,0.0078081454950442,75.0814549504427,43.0,5.0,mom_5;intraday_return;mom_252,mom_126;overnight_return;mom_10,,False,True,True,True,18.2,"BUY because predicted alpha is in the top decile. Net alpha after estimated 3.0 bps trading cost is 75.08 bps versus threshold 5.00 bps. Main contributors were mom_5, intraday_return, mom_252. Price filter passed; liquidity filter passed.",LONG,True,766.0799999999999
2026-05-14T17:13:00.563471+00:00,RGTI,BUY,182,19.26,3505.32,False,Filled,2102,,1.0,2.0,0.350532,0.701064,1.051596,True,,"Rigetti Computing, Inc. Common Stock",SELL,0.0036760602678571,0.0044642857142857,-0.0007882254464285,-78.82254464285712,0.0012860830752969,9.860830752969816,1193.0,4.0,current_ratio;mom_5;hl_range_20,intraday_return;volume_z_60;mom_10,,False,True,True,True,19.27,"SELL because predicted alpha is in the top decile. Net alpha after estimated 3.0 bps trading cost is 9.86 bps versus threshold 5.00 bps. Main contributors were current_ratio, mom_5, hl_range_20. Price filter passed; liquidity filter passed.",LONG,True,3505.32
2026-05-14T17:13:00.563471+00:00,RIOT,BUY,31,24.72,766.3199999999999,False,Filled,2108,,1.0,2.0,0.0766319999999999,0.1532639999999999,0.229896,True,,"Riot Platforms, Inc. Common Stock",SELL,0.0044573102678571,0.0044642857142857,-6.975446428571404e-06,-0.6975446428571404,0.0064965617545344,61.965617545344855,83.0,5.0,parkinson_vol_20;close_to_low_20;mom_21,mom_10;mom_126;close_to_high_20,,False,True,True,True,24.62,"SELL because predicted alpha is in the top decile. Net alpha after estimated 3.0 bps trading cost is 61.97 bps versus threshold 5.00 bps. Main contributors were parkinson_vol_20, close_to_low_20, mom_21. Price filter passed; liquidity filter passed.",LONG,True,766.3199999999999
2026-05-14T17:13:00.563471+00:00,RKLB,BUY,36,131.14,4721.039999999999,False,Filled,2111,,1.0,2.0,0.4721039999999999,0.9442079999999998,1.4163119999999998,True,,Rocket Lab Corporation Common Stock,SELL,0.0044573102678571,0.0044642857142857,-6.975446428571404e-06,-0.6975446428571404,0.0083295062842305,80.2950628423051,33.0,5.0,mom_5;mom_252;mom_21,intraday_return;mom_10;mom_126,,False,True,True,True,132.55,"SELL because predicted alpha is in the top decile. Net alpha after estimated 3.0 bps trading cost is 80.30 bps versus threshold 5.00 bps. Main contributors were mom_5, mom_252, mom_21. Price filter passed; liquidity filter passed.",LONG,True,4721.039999999999
2026-05-14T17:13:00.563471+00:00,RLAY,BUY,60,12.93,775.8,False,Filled,2114,,1.0,2.0,0.07758,0.15516,0.23274,True,,"Relay Therapeutics, Inc. Common Stock",BUY,0.00078125,0.0,0.00078125,78.125,0.0052913880232004,49.913880232004416,162.0,5.0,mom_252;intraday_return;parkinson_vol_20,mom_126;volume_z_60;mom_21,,False,True,True,True,12.78,"BUY because predicted alpha is in the top decile. Net alpha after estimated 3.0 bps trading cost is 49.91 bps versus threshold 5.00 bps. Main contributors were mom_252, intraday_return, parkinson_vol_20. Price filter passed; liquidity filter passed.",LONG,True,775.8
2026-05-14T17:13:00.563471+00:00,RMBS,BUY,5,130.36,651.8000000000001,False,Filled,2117,,1.0,2.0,0.06518,0.13036,0.19554,True,,Rambus Inc,BUY,0.00078125,0.0,0.00078125,78.125,0.0055730915471065,52.73091547106567,126.0,5.0,intraday_return;parkinson_vol_20;volatility_20,mom_1;mom_10;gross_margin,,False,True,True,True,130.46,"BUY because predicted alpha is in the top decile. Net alpha after estimated 3.0 bps trading cost is 52.73 bps versus threshold 5.00 bps. Main contributors were intraday_return, parkinson_vol_20, volatility_20. Price filter passed; liquidity filter passed.",LONG,True,651.8000000000001
2026-05-14T17:13:00.563471+00:00,RZLT,BUY,144,3.49,502.56000000000006,False,Filled,2129,,1.0,2.0,0.050256,0.100512,0.150768,True,,"Rezolute, Inc. Common Stock (NV)",,0.0,0.0,0.0,0.0,0.0010611673683515,7.611673683515576,1326.0,4.0,net_margin;parkinson_vol_20;mom_5,operating_margin;overnight_return;dist_52w_high,,False,False,True,True,3.4,,FLAT,False,502.56000000000006
2026-05-14T17:13:00.563471+00:00,SABR,SELL,1600,1.62,2592.0,False,Filled,2132,,1.0,2.0,0.2592,0.5184,0.7776,True,,Sabre Corporation,,0.0,0.0,0.0,0.0,0.0018728025641642,15.728025641642777,880.0,4.0,overnight_return;intraday_return;volume_z_20,mom_5;volume_z_60;mom_1,,False,False,True,True,1.58,,FLAT,False,-2592.0
2026-05-14T17:13:00.563471+00:00,SAIA,SELL,5,456.42,2282.1,False,Filled,2135,,1.0,2.0,0.22821,0.45642,0.68463,True,,"Saia, Inc.",,0.0,0.0,0.0,0.0,6.993817919469444e-06,-2.9300618208053058,1986.0,3.0,parkinson_vol_20;mom_1;dist_52w_high,intraday_return;mom_126;hl_range_20,,False,True,True,True,459.29,,FLAT,False,-2282.1
2026-05-14T17:13:00.563471+00:00,SAIL,SELL,58,13.27,769.66,False,Filled,2138,,1.0,2.0,0.0769659999999999,0.1539319999999999,0.230898,True,,"SailPoint, Inc. Common Stock",SHORT,-0.00078125,0.0,-0.00078125,-78.125,-0.0036418189106471,33.41818910647134,7238.0,1.0,mom_1;parkinson_vol_20;volume_z_20,intraday_return;volume_z_60;mom_10,,False,True,True,True,13.18,"SHORT because predicted alpha is in the bottom decile. Net alpha after estimated 3.0 bps trading cost is 33.42 bps versus threshold 5.00 bps. Main contributors were intraday_return, volume_z_60, mom_10. Price filter passed; liquidity filter passed.",SHORT,True,-769.66
2026-05-14T17:13:00.563471+00:00,SANM,BUY,19,241.24,4583.56,False,Filled,2141,,1.0,2.0,0.458356,0.916712,1.3750680000000002,True,,Sanmina  Corp,SELL,0.0044573102678571,0.0044642857142857,-6.975446428571404e-06,-0.6975446428571404,0.0059140134667879,56.14013466787909,111.0,5.0,mom_21;parkinson_vol_20;mom_63,volume_z_60;mom_126;mom_10,,False,True,True,True,242.04,"SELL because predicted alpha is in the top decile. Net alpha after estimated 3.0 bps trading cost is 56.14 bps versus threshold 5.00 bps. Main contributors were mom_21, parkinson_vol_20, mom_63. Price filter passed; liquidity filter passed.",LONG,True,4583.56
2026-05-14T17:13:00.563471+00:00,SATL,BUY,324,8.34,2702.16,False,Filled,2144,,1.0,2.0,0.270216,0.540432,0.810648,True,,Satellogic Inc. Class A Ordinary Shares,,0.0,0.0,0.0,0.0,0.002000017405555,17.00017405555054,829.0,4.0,mom_5;mom_63;hl_range_20,intraday_return;mom_126;parkinson_vol_20,,False,True,True,True,8.64,,FLAT,False,2702.16
2026-05-14T17:13:00.563471+00:00,SCVL,SELL,179,16.16,2892.64,False,Filled,2147,,1.0,2.0,0.2892639999999999,0.5785279999999999,0.8677919999999999,True,,Shoe Carnival Inc,,0.0,0.0,0.0,0.0,0.0018784166037191,15.784166037191206,875.0,4.0,parkinson_vol_20;intraday_return;mom_10,mom_5;hl_range_20;close_to_low_20,,False,True,True,True,15.97,,FLAT,False,-2892.64
2026-05-14T17:13:00.563471+00:00,SFIX,SELL,912,3.11,2836.32,False,Filled,2168,,1.0,2.0,0.283632,0.567264,0.850896,True,,"Stitch Fix, Inc. Class A Common Stock",,0.0,0.0,0.0,0.0,0.002379734364802,20.797343648020615,693.0,5.0,parkinson_vol_20;volume_z_60;intraday_return,mom_5;mom_21;close_to_low_20,,False,False,True,True,3.1,,FLAT,False,-2836.32
2026-05-14T17:13:00.563471+00:00,SGHT,SELL,96,5.1,489.6,False,Filled,2171,,1.0,2.0,0.04896,0.09792,0.1468799999999999,True,,"Sight Sciences, Inc. Common Stock",,0.0,0.0,0.0,0.0,-0.0021605371994635,-24.60537199463517,7052.0,1.0,mom_21;hl_range_20;mom_1,intraday_return;mom_10;volatility_10,,False,True,True,True,5.2,,FLAT,False,-489.6
2026-05-14T17:13:00.563471+00:00,SGML,BUY,108,17.66,1907.28,False,Filled,2174,,1.0,2.0,0.190728,0.381456,0.572184,True,,Sigma Lithium Corporation Common Shares,,0.0,0.0,0.0,0.0,-0.0001195195832118,-4.195195832118172,6434.0,2.0,overnight_return;intraday_return;mom_10,mom_126;mom_5;mom_1,,False,True,True,True,17.865,,FLAT,False,1907.28
2026-05-14T17:13:00.563471+00:00,SHMD,SELL,117,6.58,769.86,False,Filled,2177,,1.0,2.0,0.076986,0.153972,0.230958,True,,SCHMID Group N.V. Class A Ordinary Shares,,0.0,0.0,0.0,0.0,-0.0014272193064581,-17.272193064581426,6901.0,1.0,hl_range_20;mom_5;mom_1,intraday_return;parkinson_vol_20;mom_10,,False,True,True,True,6.64,,FLAT,False,-769.86
2026-05-14T17:13:00.563471+00:00,SITM,BUY,2,831.87,1663.74,False,Filled,2186,,1.0,2.0,0.166374,0.332748,0.4991219999999999,True,,SiTime Corporation Common Stock,SELL,0.0044573102678571,0.0044642857142857,-6.975446428571404e-06,-0.6975446428571404,0.0052355360068815,49.35536006881587,165.0,5.0,mom_21;close_to_low_20;mom_252,mom_126;mom_10;volume_z_60,,False,True,True,True,820.21,"SELL because predicted alpha is in the top decile. Net alpha after estimated 3.0 bps trading cost is 49.36 bps versus threshold 5.00 bps. Main contributors were mom_21, close_to_low_20, mom_252. Price filter passed; liquidity filter passed.",LONG,True,1663.74
2026-05-14T17:13:00.563471+00:00,SLNO,BUY,41,53.0,2173.0,False,Filled,2192,,1.0,2.0,0.2173,0.4346,0.6518999999999999,True,,"Soleno Therapeutics, Inc. Common Stock",,0.0,0.0,0.0,0.0,-0.0001720338216648,-4.720338216648152,6461.0,2.0,parkinson_vol_20;revenue_growth_yoy;volume_z_60,hl_range_20;volatility_20;price_kurt_63,,False,True,True,True,52.99,,FLAT,False,2173.0
2026-05-14T17:13:00.563471+00:00,SNDK,BUY,1,1408.21,1408.21,False,Filled,2201,,1.0,2.0,0.140821,0.281642,0.422463,True,,Sandisk Corporation Common Stock,SELL,0.0044573102678571,0.0044642857142857,-6.975446428571404e-06,-0.6975446428571404,0.0091345317869273,88.34531786927337,23.0,5.0,mom_252;mom_21;mom_63,mom_126;mom_10;mom_1,,False,True,True,True,1382.72,"SELL because predicted alpha is in the top decile. Net alpha after estimated 3.0 bps trading cost is 88.35 bps versus threshold 5.00 bps. Main contributors were mom_252, mom_21, mom_63. Price filter passed; liquidity filter passed.",LONG,True,1408.21
2026-05-14T17:13:00.563471+00:00,SNEX,SELL,20,117.17,2343.4,False,Filled,2204,,1.0,2.0,0.23434,0.46868,0.7030200000000001,True,,StoneX Group Inc. Common Stock,,0.0,0.0,0.0,0.0,0.0006956806454375,3.9568064543759274,1576.0,3.0,parkinson_vol_20;intraday_return;mom_63,volume_z_60;mom_126;hl_range_20,,False,True,True,True,115.38,,FLAT,False,-2343.4
2026-05-14T17:13:00.563471+00:00,SOLS,BUY,28,87.35,2445.8,False,Filled,2210,,1.0,2.0,0.2445799999999999,0.4891599999999999,0.7337399999999998,True,,Solstice Advanced Materials Inc. Common Stock,,0.0,0.0,0.0,0.0,0.0023336124693484,20.336124693484344,717.0,5.0,parkinson_vol_20;mom_5;overnight_return,mom_126;hl_range_20;close_to_high_20,,False,True,True,True,86.81,,FLAT,False,2445.8
2026-05-14T17:13:00.563471+00:00,SPPL,BUY,882,2.8,2469.6,False,Filled,2213,,1.0,2.0,0.2469599999999999,0.4939199999999999,0.74088,True,,SIMPPLE LTD. Ordinary Shares,,0.0,0.0,0.0,0.0,0.0023621896528575,20.62189652857595,700.0,5.0,mom_21;parkinson_vol_20;close_to_low_20,volatility_20;intraday_return;mom_10,,False,False,True,True,2.8,,FLAT,False,2469.6
2026-05-14T17:13:00.563471+00:00,SPT,SELL,374,5.86,2191.6400000000003,False,Filled,2216,,1.0,2.0,0.219164,0.438328,0.6574920000000001,True,,"Sprout Social, Inc Class A Common Stock",,0.0,0.0,0.0,0.0,-0.0011645718027852,-14.645718027852,6834.0,1.0,intraday_return;parkinson_vol_20;volume_z_20,volume_z_60;mom_5;mom_1,,False,True,True,True,6.0,,FLAT,False,-2191.6400000000003
2026-05-14T17:13:00.563471+00:00,STKE,SELL,226,2.33,526.58,False,Filled,2228,,1.0,2.0,0.052658,0.105316,0.157974,True,,Sol Strategies Inc. Common Shares,,0.0,0.0,0.0,0.0,0.0018533790739359,15.533790739359262,896.0,4.0,mom_5;mom_21;close_to_low_20,intraday_return;parkinson_vol_20;mom_10,,False,False,True,True,2.31,,FLAT,False,-526.58
2026-05-14T17:13:00.563471+00:00,STX,BUY,5,812.1,4060.5,False,Filled,2243,,1.0,2.0,0.40605,0.8121,1.21815,True,,Seagate Technology Holdings PLC Ordinary Shares (Ireland),SELL,0.0044573102678571,0.0044642857142857,-6.975446428571404e-06,-0.6975446428571404,0.0092497875885996,89.49787588599618,20.0,5.0,mom_252;mom_21;parkinson_vol_20,mom_126;mom_10;close_to_high_20,,False,True,True,True,804.76,"SELL because predicted alpha is in the top decile. Net alpha after estimated 3.0 bps trading cost is 89.50 bps versus threshold 5.00 bps. Main contributors were mom_252, mom_21, parkinson_vol_20. Price filter passed; liquidity filter passed.",LONG,True,4060.5
2026-05-14T17:13:00.563471+00:00,SUNS,SELL,97,7.92,768.24,False,Filled,2246,,1.0,2.0,0.076824,0.153648,0.230472,True,,"Sunrise Realty Trust, Inc. Common Stock",SHORT,-0.00078125,0.0,-0.00078125,-78.125,-0.0043249842553621,40.24984255362196,7293.0,1.0,parkinson_vol_20;mom_1;volume_z_20,volume_z_60;overnight_return;hl_range_20,,False,True,True,True,8.02,"SHORT because predicted alpha is in the bottom decile. Net alpha after estimated 3.0 bps trading cost is 40.25 bps versus threshold 5.00 bps. Main contributors were volume_z_60, overnight_return, hl_range_20. Price filter passed; liquidity filter passed.",SHORT,True,-768.24
2026-05-14T17:13:00.563471+00:00,SWIM,SELL,95,4.91,466.45,False,Filled,2249,,1.0,2.0,0.046645,0.09329,0.139935,True,,"Latham Group, Inc. Common Stock",,0.0,0.0,0.0,0.0,0.0001836876836879,-1.1631231631205663,1892.0,3.0,parkinson_vol_20;mom_10;volume_z_60,mom_5;intraday_return;mom_21,,False,False,True,True,4.91,,FLAT,False,-466.45
2026-05-14T17:13:00.563471+00:00,TACT,BUY,141,3.54,499.14,False,Filled,2258,,1.0,2.0,0.049914,0.099828,0.149742,True,,Transact Technologies Inc,,0.0,0.0,0.0,0.0,0.00076089624938,4.608962493800973,1528.0,3.0,parkinson_vol_20;volume_z_60;operating_margin,hl_range_20;volatility_20;close_to_high_20,,False,False,False,True,3.47,,FLAT,False,499.14
2026-05-14T17:13:00.563471+00:00,TBLA,SELL,92,5.11,470.12,False,Filled,2261,,1.0,2.0,0.047012,0.094024,0.141036,True,,Taboola.com Ltd. Ordinary Shares,,0.0,0.0,0.0,0.0,0.0023833808708353,20.833808708353235,690.0,5.0,intraday_return;parkinson_vol_20;mom_21,mom_10;hl_range_20;mom_1,,False,False,True,True,4.95,,FLAT,False,-470.12
2026-05-14T17:13:00.563471+00:00,TENB,SELL,116,20.66,2396.56,False,Filled,2267,,1.0,2.0,0.239656,0.479312,0.718968,True,,"Tenable Holdings, Inc.",,0.0,0.0,0.0,0.0,0.0010033940412553,7.033940412553051,1372.0,4.0,parkinson_vol_20;intraday_return;volatility_10,volatility_20;mom_5;hl_range_20,,False,True,True,True,20.45,,FLAT,False,-2396.56
2026-05-14T17:13:00.563471+00:00,TILE,BUY,35,28.5,997.5,False,Filled,2276,,1.0,2.0,0.09975,0.1995,0.29925,True,,Interface Inc,,0.0,0.0,0.0,0.0,0.0023923487590424,20.923487590424475,685.0,5.0,parkinson_vol_20;sales_to_price;mom_5,hl_range_20;intraday_return;book_to_market,,False,True,True,True,28.54,,FLAT,False,997.5
2026-05-14T17:13:00.563471+00:00,TLS,SELL,561,4.11,2305.71,False,Filled,2279,,1.0,2.0,0.230571,0.461142,0.691713,True,,Telos Corporation Common Stock,,0.0,0.0,0.0,0.0,0.0013280362970425,10.280362970425251,1176.0,4.0,parkinson_vol_20;mom_126;operating_margin,close_to_low_20;intraday_return;hl_range_20,,False,False,True,True,4.23,,FLAT,False,-2305.71
2026-05-14T17:13:00.563471+00:00,TMCI,BUY,207,2.84,587.88,False,Filled,2282,,1.0,2.0,0.058788,0.117576,0.176364,True,,"Treace Medical Concepts, Inc. Common Stock",,0.0,0.0,0.0,0.0,0.0025378410584199,22.37841058419991,628.0,5.0,mom_5;close_to_low_20;mom_1,intraday_return;mom_10;parkinson_vol_20,,False,False,True,True,2.77,,FLAT,False,587.88
2026-05-14T17:13:00.563471+00:00,TNDM,SELL,53,14.39,762.6700000000001,False,Filled,2285,,1.0,2.0,0.076267,0.152534,0.228801,True,,"Tandem Diabetes Care, Inc.",,0.0,0.0,0.0,0.0,-0.0020626468964864,-23.62646896486408,7033.0,1.0,mom_10;close_to_high_20;hl_range_20,mom_5;mom_21;close_to_low_20,,False,True,True,True,14.15,,FLAT,False,-762.6700000000001
2026-05-14T17:13:00.563471+00:00,TNGX,BUY,34,22.75,773.5,False,Filled,2288,,1.0,2.0,0.07735,0.1547,0.23205,True,,"Tango Therapeutics, Inc.",,0.0,0.0,0.0,0.0,0.0039346383002859,36.346383002859135,311.0,5.0,mom_252;overnight_return;mom_63,intraday_return;mom_126;volume_z_60,,False,True,True,True,24.87,,FLAT,False,773.5
2026-05-14T17:13:00.563471+00:00,TOYO,BUY,165,12.92,2131.8,False,Filled,2294,,1.0,2.0,0.21318,0.42636,0.63954,True,,"TOYO Co., Ltd Ordinary Shares",BUY,0.00078125,0.0,0.00078125,78.125,0.0055421810390015,52.42181039001555,130.0,5.0,mom_5;mom_252;hl_range_20,mom_126;volatility_10;volume_z_20,,False,True,True,True,12.69,"BUY because predicted alpha is in the top decile. Net alpha after estimated 3.0 bps trading cost is 52.42 bps versus threshold 5.00 bps. Main contributors were mom_5, mom_252, hl_range_20. Price filter passed; liquidity filter passed.",LONG,True,2131.8
2026-05-14T17:13:00.563471+00:00,TRDA,BUY,411,6.57,2700.27,False,Filled,2300,,1.0,2.0,0.270027,0.540054,0.810081,True,,"Entrada Therapeutics, Inc. Common Stock",COVER,-0.0036760602678571,-0.0044642857142857,0.0007882254464285,78.82254464285712,0.0003724617682565,-6.724617682565665,1787.0,3.0,volatility_20;intraday_return;mom_10,volatility_10;mom_21;price_kurt_63,,False,True,True,True,6.83,"COVER because predicted alpha is in the bottom decile. Net alpha after estimated 3.0 bps trading cost is -6.72 bps versus threshold 5.00 bps. Main contributors were volatility_10, mom_21, price_kurt_63. Price filter passed; liquidity filter passed.",SHORT,True,2700.27
2026-05-14T17:13:00.563471+00:00,TSEM,BUY,2,277.52,555.04,False,Filled,2306,,1.0,2.0,0.055504,0.111008,0.166512,True,,Tower Semiconductor Ltd,BUY,0.00078125,0.0,0.00078125,78.125,0.0078036026484982,75.03602648498229,44.0,5.0,mom_5;mom_252;mom_63,intraday_return;mom_126;mom_10,,False,True,True,True,280.69,"BUY because predicted alpha is in the top decile. Net alpha after estimated 3.0 bps trading cost is 75.04 bps versus threshold 5.00 bps. Main contributors were mom_5, mom_252, mom_63. Price filter passed; liquidity filter passed.",LONG,True,555.04
2026-05-14T17:13:00.563471+00:00,TSLA,BUY,1,447.12,447.12,False,Filled,2312,,1.0,2.0,0.044712,0.089424,0.134136,True,,"Tesla, Inc. Common Stock",,0.0,0.0,0.0,0.0,0.0047071564852171,44.07156485217107,212.0,5.0,parkinson_vol_20;volume_z_60;mom_5,hl_range_20;mom_10;close_to_high_20,,False,True,True,True,443.3,,FLAT,False,447.12
2026-05-14T17:13:00.563471+00:00,TTMI,BUY,4,171.41,685.64,False,Filled,2315,,1.0,2.0,0.068564,0.137128,0.2056919999999999,True,,TTM Technologies Inc,SELL,0.0044573102678571,0.0044642857142857,-6.975446428571404e-06,-0.6975446428571404,0.0078106970856129,75.10697085612928,42.0,5.0,mom_252;mom_21;mom_5,mom_126;intraday_return;close_to_high_20,,False,True,True,True,171.87,"SELL because predicted alpha is in the top decile. Net alpha after estimated 3.0 bps trading cost is 75.11 bps versus threshold 5.00 bps. Main contributors were mom_252, mom_21, mom_5. Price filter passed; liquidity filter passed.",LONG,True,685.64
2026-05-14T17:13:00.563471+00:00,TZOO,SELL,326,9.04,2947.0399999999995,False,Filled,2321,,1.0,2.0,0.2947039999999999,0.5894079999999999,0.8841119999999999,True,,Travelzoo Common Stock,,0.0,0.0,0.0,0.0,0.0039124942339818,36.12494233981852,314.0,5.0,mom_21;volume_z_60;mom_63,parkinson_vol_20;gross_margin;mom_252,,False,True,False,True,9.03,,FLAT,False,-2947.0399999999995
2026-05-14T17:13:00.563471+00:00,UAL,SELL,25,95.63,2390.75,False,Filled,2324,,1.0,2.0,0.239075,0.47815,0.717225,True,,"United Airlines Holdings, Inc. Common Stock",,0.0,0.0,0.0,0.0,0.0019141250774632,16.14125077463204,863.0,4.0,parkinson_vol_20;volume_z_60;intraday_return,hl_range_20;volatility_20;sales_to_price,,False,True,True,True,96.02,,FLAT,False,-2390.75
2026-05-14T17:13:00.563471+00:00,UFPT,SELL,11,219.1,2410.1,False,Filled,2327,,1.0,2.0,0.24101,0.48202,0.7230300000000001,True,,UFP Technologies Inc,,0.0,0.0,0.0,0.0,0.0016724258518429,13.72425851842987,978.0,4.0,parkinson_vol_20;volume_z_60;mom_21,mom_10;close_to_high_20;intraday_return,,False,True,True,True,220.94,,FLAT,False,-2410.1
2026-05-14T17:13:00.563471+00:00,URBN,SELL,36,68.39,2462.04,False,Filled,2336,,1.0,2.0,0.246204,0.492408,0.738612,True,,Urban Outfitters Inc,,0.0,0.0,0.0,0.0,0.0011079316178368,8.079316178368313,1301.0,4.0,parkinson_vol_20;mom_1;volume_z_20,hl_range_20;intraday_return;volatility_20,,False,True,True,True,68.79,,FLAT,False,-2462.04
2026-05-14T17:13:00.563471+00:00,VECO,BUY,77,61.14,4707.78,False,Filled,2348,,1.0,2.0,0.470778,0.941556,1.412334,True,,Veeco Instruments Inc,SELL,0.0044573102678571,0.0044642857142857,-6.975446428571404e-06,-0.6975446428571404,0.0062348711460576,59.348711460576055,94.0,5.0,intraday_return;parkinson_vol_20;mom_21,mom_126;mom_10;volatility_10,,False,True,True,True,59.51,"SELL because predicted alpha is in the top decile. Net alpha after estimated 3.0 bps trading cost is 59.35 bps versus threshold 5.00 bps. Main contributors were intraday_return, parkinson_vol_20, mom_21. Price filter passed; liquidity filter passed.",LONG,True,4707.78
2026-05-14T17:13:00.563471+00:00,VIAV,BUY,89,52.96,4713.4400000000005,False,Filled,2354,,1.0,2.0,0.471344,0.942688,1.4140320000000002,True,,Viavi Solutions Inc. Common Stock,SELL,0.0044573102678571,0.0044642857142857,-6.975446428571404e-06,-0.6975446428571404,0.0073686430999557,70.68643099955771,53.0,5.0,mom_252;mom_63;mom_21,mom_126;volume_z_20;mom_1,,False,True,True,True,53.11,"SELL because predicted alpha is in the top decile. Net alpha after estimated 3.0 bps trading cost is 70.69 bps versus threshold 5.00 bps. Main contributors were mom_252, mom_63, mom_21. Price filter passed; liquidity filter passed.",LONG,True,4713.4400000000005
2026-05-14T17:13:00.563471+00:00,VICR,BUY,15,302.06,4530.9,False,Filled,2357,,1.0,2.0,0.4530899999999999,0.90618,1.3592699999999998,True,,Vicor Corp,SELL,0.0044573102678571,0.0044642857142857,-6.975446428571404e-06,-0.6975446428571404,0.0091722561697855,88.7225616978556,22.0,5.0,intraday_return;mom_252;mom_21,mom_126;volume_z_60;parkinson_vol_20,,False,True,True,True,290.54,"SELL because predicted alpha is in the top decile. Net alpha after estimated 3.0 bps trading cost is 88.72 bps versus threshold 5.00 bps. Main contributors were intraday_return, mom_252, mom_21. Price filter passed; liquidity filter passed.",LONG,True,4530.9
2026-05-14T17:13:00.563471+00:00,VNCE,SELL,565,4.25,2401.25,False,Filled,2360,,1.0,2.0,0.240125,0.48025,0.720375,True,,Vince Holding Corp. Common Stock,,0.0,0.0,0.0,0.0,0.0031771874621036,28.77187462103639,463.0,5.0,hl_range_20;mom_21;volatility_20,parkinson_vol_20;mom_5;mom_126,,False,False,False,True,4.22,,FLAT,False,-2401.25
2026-05-14T17:13:00.563471+00:00,VSAT,BUY,23,73.71,1695.33,False,Filled,2369,,1.0,2.0,0.169533,0.339066,0.508599,True,,Viasat Inc,SELL,0.0044573102678571,0.0044642857142857,-6.975446428571404e-06,-0.6975446428571404,0.0056794215170535,53.79421517053599,119.0,5.0,mom_252;parkinson_vol_20;mom_5,intraday_return;volume_z_60;mom_126,,False,True,True,True,74.3,"SELL because predicted alpha is in the top decile. Net alpha after estimated 3.0 bps trading cost is 53.79 bps versus threshold 5.00 bps. Main contributors were mom_252, parkinson_vol_20, mom_5. Price filter passed; liquidity filter passed.",LONG,True,1695.33
2026-05-14T17:13:00.563471+00:00,WAY,SELL,151,18.67,2819.17,False,Filled,2387,,1.0,2.0,0.281917,0.5638340000000001,0.8457510000000001,True,,Waystar Holding Corp. Common Stock,,0.0,0.0,0.0,0.0,-0.0001380322422379,-4.380322422379751,6446.0,2.0,parkinson_vol_20;close_to_high_20;mom_126,mom_5;mom_21;hl_range_20,,False,True,True,True,18.83,,FLAT,False,-2819.17
2026-05-14T17:13:00.563471+00:00,WDC,BUY,9,495.3,4457.7,False,Filled,2390,,1.0,2.0,0.44577,0.89154,1.33731,True,,Western Digital Corp.,SELL,0.0044573102678571,0.0044642857142857,-6.975446428571404e-06,-0.6975446428571404,0.0080934275488104,77.93427548810433,37.0,5.0,mom_252;parkinson_vol_20;mom_21,mom_126;mom_10;close_to_high_20,,False,True,True,True,489.15,"SELL because predicted alpha is in the top decile. Net alpha after estimated 3.0 bps trading cost is 77.93 bps versus threshold 5.00 bps. Main contributors were mom_252, parkinson_vol_20, mom_21. Price filter passed; liquidity filter passed.",LONG,True,4457.7
2026-05-14T17:13:00.563471+00:00,WEN,BUY,60,8.15,489.0,False,Filled,2393,,1.0,2.0,0.0489,0.0978,0.1467,True,,The Wendy's Company,,0.0,0.0,0.0,0.0,0.0011719202789225,8.719202789225037,1263.0,4.0,parkinson_vol_20;mom_5;intraday_return,debt_to_equity;hl_range_20;mom_10,,False,True,True,True,8.11,,FLAT,False,489.0
2026-05-14T17:13:00.563471+00:00,WIX,SELL,75,52.8,3960.0,False,Filled,2408,,1.0,2.0,0.396,0.792,1.1880000000000002,True,,WIX.com Ltd.,COVER,-0.0036760602678571,-0.0044642857142857,0.0007882254464285,78.82254464285712,-0.0017617495743534,14.617495743534477,6960.0,1.0,intraday_return;mom_10;parkinson_vol_20,mom_5;volume_z_60;volatility_10,,False,True,True,True,52.71,"COVER because predicted alpha is in the bottom decile. Net alpha after estimated 3.0 bps trading cost is 14.62 bps versus threshold 5.00 bps. Main contributors were mom_5, volume_z_60, volatility_10. Price filter passed; liquidity filter passed.",SHORT,True,-3960.0
2026-05-14T17:13:00.563471+00:00,WVE,SELL,332,6.86,2277.52,False,Filled,2420,,1.0,2.0,0.227752,0.455504,0.6832560000000001,True,,Wave Life Sciences Ltd. Ordinary Shares,COVER,-0.0044573102678571,-0.0044642857142857,6.975446428571404e-06,0.6975446428571404,-0.0024501346208983,21.501346208983616,7107.0,1.0,parkinson_vol_20;intraday_return;volume_z_60,price_kurt_63;mom_63;hl_range_20,,False,True,True,True,6.9,"COVER because predicted alpha is in the bottom decile. Net alpha after estimated 3.0 bps trading cost is 21.50 bps versus threshold 5.00 bps. Main contributors were price_kurt_63, mom_63, hl_range_20. Price filter passed; liquidity filter passed.",SHORT,True,-2277.52
2026-05-14T17:13:00.563471+00:00,XLO,SELL,94,8.25,775.5,False,Filled,2432,,1.0,2.0,0.07755,0.1551,0.2326499999999999,True,,"Xilio Therapeutics, Inc. Common Stock",SHORT,-0.00078125,0.0,-0.00078125,-78.125,-0.0094599533652994,91.59953365299413,7469.0,1.0,mom_1;mom_5;volume_z_20,intraday_return;volume_z_60;close_to_high_20,,False,True,True,True,8.81,"SHORT because predicted alpha is in the bottom decile. Net alpha after estimated 3.0 bps trading cost is 91.60 bps versus threshold 5.00 bps. Main contributors were intraday_return, volume_z_60, close_to_high_20. Price filter passed; liquidity filter passed.",SHORT,True,-775.5
2026-05-14T17:13:00.563471+00:00,XMTR,BUY,53,88.35,4682.549999999999,False,Filled,2435,,1.0,2.0,0.4682549999999999,0.9365099999999998,1.4047649999999998,True,,"Xometry, Inc. Class A Common Stock",SELL,0.0044573102678571,0.0044642857142857,-6.975446428571404e-06,-0.6975446428571404,0.0070843166618812,67.84316661881202,64.0,5.0,mom_21;close_to_low_20;mom_5,mom_10;intraday_return;volatility_10,,False,True,True,True,89.98,"SELL because predicted alpha is in the top decile. Net alpha after estimated 3.0 bps trading cost is 67.84 bps versus threshold 5.00 bps. Main contributors were mom_21, close_to_low_20, mom_5. Price filter passed; liquidity filter passed.",LONG,True,4682.549999999999
2026-05-14T17:13:00.563471+00:00,ZD,SELL,19,40.65,772.35,False,Filled,2444,,1.0,2.0,0.077235,0.15447,0.231705,True,,"Ziff Davis, Inc. Common Stock",,0.0,0.0,0.0,0.0,-0.000409529537276,-7.095295372760993,6585.0,2.0,parkinson_vol_20;volume_z_60;mom_10,price_kurt_63;hl_range_20;mom_5,,False,True,True,True,40.62,,FLAT,False,-772.35
2026-05-14T17:13:00.563471+00:00,HTCO,SELL,637,7.46,4752.02,False,Inactive,1610,,1.0,2.0,0.4752019999999999,0.950404,1.425606,True,,High-Trend International Group Class A Ordinary Shares,COVER,-0.0044573102678571,-0.0044642857142857,6.975446428571404e-06,0.6975446428571404,-0.0180840335457354,177.8403354573547,7535.0,1.0,intraday_return;hl_range_20;volatility_20,parkinson_vol_20;overnight_return;volatility_10,,False,True,True,True,7.22,"COVER because predicted alpha is in the bottom decile. Net alpha after estimated 3.0 bps trading cost is 177.84 bps versus threshold 5.00 bps. Main contributors were parkinson_vol_20, overnight_return, volatility_10. Price filter passed; liquidity filter passed.",SHORT,True,-4752.02
2026-05-14T17:13:00.563471+00:00,KXIN,SELL,693,5.74,3977.82,False,Inactive,1712,,1.0,2.0,0.397782,0.795564,1.193346,True,,Kaixin Holdings Ordinary Shares,COVER,-0.0036760602678571,-0.0044642857142857,0.0007882254464285,78.82254464285712,0.0014833241569414,-17.833241569414653,1080.0,4.0,mom_5;mom_126;hl_range_20,dist_52w_high;volatility_10;mom_63,,False,True,True,True,5.66,"COVER because predicted alpha is in the bottom decile. Net alpha after estimated 3.0 bps trading cost is -17.83 bps versus threshold 5.00 bps. Main contributors were dist_52w_high, volatility_10, mom_63. Price filter passed; liquidity filter passed.",SHORT,True,-3977.82
2026-05-14T17:13:00.563471+00:00,PHOE,SELL,282,14.08,3970.56,False,Inactive,1997,,1.0,2.0,0.397056,0.794112,1.191168,True,,Phoenix Asia Holdings Limited Ordinary Shares,COVER,-0.0036760602678571,-0.0044642857142857,0.0007882254464285,78.82254464285712,-0.0232875687931627,229.87568793162717,7552.0,1.0,hl_range_20;volatility_20;intraday_return,parkinson_vol_20;volatility_10;mom_5,,False,True,False,True,14.18,"COVER because predicted alpha is in the bottom decile. Net alpha after estimated 3.0 bps trading cost is 229.88 bps versus threshold 5.00 bps. Main contributors were parkinson_vol_20, volatility_10, mom_5. Price filter passed; liquidity filter failed.",SHORT,True,-3970.56
2026-05-14T17:13:00.563471+00:00,PSIG,SELL,107,7.24,774.6800000000001,False,Inactive,2048,,1.0,2.0,0.077468,0.154936,0.232404,True,,PS International Group Ltd. Ordinary Shares,,0.0,0.0,0.0,0.0,-0.0015439803465125,-18.4398034651254,6926.0,1.0,parkinson_vol_20;mom_252;volume_z_20,volume_z_60;mom_126;hl_range_20,,False,True,True,True,7.15,,FLAT,False,-774.6800000000001
2026-05-14T17:13:00.563471+00:00,SMX,SELL,433,10.98,4754.34,False,Inactive,2198,,1.0,2.0,0.475434,0.950868,1.4263020000000002,True,,SMX (Security Matters) Public Limited Company Ordinary Shares,COVER,-0.0044573102678571,-0.0044642857142857,6.975446428571404e-06,0.6975446428571404,-0.0406971582972591,403.9715829725918,7580.0,1.0,hl_range_20;volatility_20;close_to_high_20,parkinson_vol_20;intraday_return;mom_5,,False,True,True,True,9.65,"COVER because predicted alpha is in the bottom decile. Net alpha after estimated 3.0 bps trading cost is 403.97 bps versus threshold 5.00 bps. Main contributors were parkinson_vol_20, intraday_return, mom_5. Price filter passed; liquidity filter passed.",SHORT,True,-4754.34
2026-05-14T17:13:00.563471+00:00,STFS,SELL,459,10.36,4755.24,False,Inactive,2225,,1.0,2.0,0.475524,0.951048,1.426572,True,,Star Fashion Culture Holdings Limited Class A Ordinary Shares,COVER,-0.0044573102678571,-0.0044642857142857,6.975446428571404e-06,0.6975446428571404,-0.0192705041223994,189.70504122399475,7540.0,1.0,close_to_low_20;mom_5;hl_range_20,parkinson_vol_20;mom_10;volatility_10,,False,True,True,True,10.81,"COVER because predicted alpha is in the bottom decile. Net alpha after estimated 3.0 bps trading cost is 189.71 bps versus threshold 5.00 bps. Main contributors were parkinson_vol_20, mom_10, volatility_10. Price filter passed; liquidity filter passed.",SHORT,True,-4755.24
2026-05-14T17:13:00.563471+00:00,ERNA,SELL,465,10.21,4747.650000000001,False,PreSubmitted,1454,,1.0,2.0,0.474765,0.94953,1.424295,True,,Ernexa Therapeutics Inc. Common Stock,COVER,-0.0044573102678571,-0.0044642857142857,6.975446428571404e-06,0.6975446428571404,-0.0040063778231221,37.0637782312216,7270.0,1.0,intraday_return;hl_range_20;close_to_low_20,parkinson_vol_20;mom_10;volatility_10,,False,True,True,True,9.56,"COVER because predicted alpha is in the bottom decile. Net alpha after estimated 3.0 bps trading cost is 37.06 bps versus threshold 5.00 bps. Main contributors were parkinson_vol_20, mom_10, volatility_10. Price filter passed; liquidity filter passed.",SHORT,True,-4747.650000000001
2026-05-14T17:13:00.563471+00:00,IPST,SELL,101,7.65,772.6500000000001,False,PreSubmitted,1664,,1.0,2.0,0.077265,0.15453,0.231795,True,,"IP Strategy Holdings, Inc. Common Stock",SHORT,-0.00078125,0.0,-0.00078125,-78.125,-0.0139073977032508,136.07397703250882,7513.0,1.0,hl_range_20;mom_5;mom_1,parkinson_vol_20;intraday_return;overnight_return,,False,True,True,True,8.06,"SHORT because predicted alpha is in the bottom decile. Net alpha after estimated 3.0 bps trading cost is 136.07 bps versus threshold 5.00 bps. Main contributors were parkinson_vol_20, intraday_return, overnight_return. Price filter passed; liquidity filter passed.",SHORT,True,-772.6500000000001
2026-05-14T17:13:00.563471+00:00,ZVRA,SELL,65,11.85,770.25,False,PreSubmitted,2450,,1.0,2.0,0.077025,0.15405,0.2310749999999999,True,,"Zevra Therapeutics, Inc. Common Stock",,0.0,0.0,0.0,0.0,0.0002441985460257,-0.5580145397428704,1851.0,3.0,parkinson_vol_20;volume_z_20;mom_5,intraday_return;volume_z_60;mom_10,,False,True,True,True,11.66,,FLAT,False,-770.25
2026-05-14T17:13:00.563471+00:00,ACHV,BUY,690,5.78,3988.2,False,Submitted,1010,,1.0,2.0,0.39882,0.79764,1.19646,True,,"Achieve Life Sciences, Inc.",SELL,0.0044573102678571,0.0044642857142857,-6.975446428571404e-06,-0.6975446428571404,0.0072956975117314,69.95697511731463,58.0,5.0,mom_5;mom_21;intraday_return,mom_10;roa;mom_1,,False,True,True,True,5.79,"SELL because predicted alpha is in the top decile. Net alpha after estimated 3.0 bps trading cost is 69.96 bps versus threshold 5.00 bps. Main contributors were mom_5, mom_21, intraday_return. Price filter passed; liquidity filter passed.",LONG,True,3988.2
2026-05-14T17:13:00.563471+00:00,ADV,SELL,70,34.86,2440.2,False,Submitted,1031,,1.0,2.0,0.24402,0.48804,0.7320599999999999,True,,Advantage Solutions Inc. Class A Common Stock,,0.0,0.0,0.0,0.0,0.0020362223105677,17.36222310567752,814.0,4.0,mom_63;hl_range_20;intraday_return,mom_5;parkinson_vol_20;mom_1,,False,True,True,True,34.06,,FLAT,False,-2440.2
2026-05-14T17:13:00.563471+00:00,AEI,SELL,852,1.89,1610.28,False,Submitted,1034,,1.0,2.0,0.161028,0.322056,0.483084,True,,Alset Inc. Common Stock (TX),,0.0,0.0,0.0,0.0,0.0051517934009535,48.51793400953536,175.0,5.0,amihud_20;mom_5;volume_z_60,mom_10;mom_63;intraday_return,,False,False,False,True,1.82,,FLAT,False,-1610.28
2026-05-14T17:13:00.563471+00:00,AEYE,SELL,109,7.09,772.81,False,Submitted,1040,,1.0,2.0,0.0772809999999999,0.1545619999999999,0.2318429999999999,True,,"AudioEye, Inc. Common Stock",SHORT,-0.00078125,0.0,-0.00078125,-78.125,-0.0038255851690274,35.25585169027407,7257.0,1.0,overnight_return;parkinson_vol_20;volume_z_20,intraday_return;mom_5;sales_to_price,,False,True,True,True,7.16,"SHORT because predicted alpha is in the bottom decile. Net alpha after estimated 3.0 bps trading cost is 35.26 bps versus threshold 5.00 bps. Main contributors were intraday_return, mom_5, sales_to_price. Price filter passed; liquidity filter passed.",SHORT,True,-772.81
2026-05-14T17:13:00.563471+00:00,AGEN,BUY,138,3.53,487.14,False,Submitted,1046,,1.0,2.0,0.048714,0.097428,0.146142,True,,Agenus Inc.,,0.0,0.0,0.0,0.0,-0.0006140621193669,-9.140621193669835,6666.0,2.0,volume_z_60;hl_range_20;parkinson_vol_20,intraday_return;mom_21;gross_margin,,False,False,True,True,3.58,,FLAT,False,487.14
2026-05-14T17:13:00.563471+00:00,AGPU,BUY,728,5.96,4338.88,False,Submitted,1052,,1.0,2.0,0.433888,0.867776,1.301664,True,,Axe Compute Inc. Common Stock,SELL,0.0044573102678571,0.0044642857142857,-6.975446428571404e-06,-0.6975446428571404,0.0112650207057878,109.65020705787818,6.0,5.0,intraday_return;hl_range_20;volatility_20,parkinson_vol_20;mom_1;volatility_63,,False,True,True,True,5.6,"SELL because predicted alpha is in the top decile. Net alpha after estimated 3.0 bps trading cost is 109.65 bps versus threshold 5.00 bps. Main contributors were intraday_return, hl_range_20, volatility_20. Price filter passed; liquidity filter passed.",LONG,True,4338.88
2026-05-14T17:13:00.563471+00:00,AIRO,SELL,175,6.69,1170.75,False,Submitted,1058,,1.0,2.0,0.117075,0.23415,0.351225,True,,"AIRO Group Holdings, Inc. Common Stock",SHORT,-0.00078125,0.0,-0.00078125,-78.125,-0.0078116066797069,75.1160667970698,7441.0,1.0,overnight_return;volume_z_20;parkinson_vol_20,volume_z_60;intraday_return;mom_1,,False,True,True,True,6.615,"SHORT because predicted alpha is in the bottom decile. Net alpha after estimated 3.0 bps trading cost is 75.12 bps versus threshold 5.00 bps. Main contributors were volume_z_60, intraday_return, mom_1. Price filter passed; liquidity filter passed.",SHORT,True,-1170.75
2026-05-14T17:13:00.563471+00:00,AKAN,SELL,210,22.63,4752.3,False,Submitted,1064,,1.0,2.0,0.47523,0.95046,1.42569,True,,Akanda Corp. Common Shares,COVER,-0.0044573102678571,-0.0044642857142857,6.975446428571404e-06,0.6975446428571404,-0.0183940377281346,180.94037728134697,7538.0,1.0,hl_range_20;volatility_20;close_to_low_20,parkinson_vol_20;intraday_return;mom_5,,False,True,True,True,24.9,"COVER because predicted alpha is in the bottom decile. Net alpha after estimated 3.0 bps trading cost is 180.94 bps versus threshold 5.00 bps. Main contributors were parkinson_vol_20, intraday_return, mom_5. Price filter passed; liquidity filter passed.",SHORT,True,-4752.3
2026-05-14T17:13:00.563471+00:00,AKTS,BUY,24,19.73,473.52,False,Submitted,1070,,1.0,2.0,0.047352,0.094704,0.142056,True,,"Aktis Oncology, Inc. Common stock",,0.0,0.0,0.0,0.0,0.0023068772690311,20.06877269031115,728.0,5.0,volume_z_60;parkinson_vol_20;intraday_return,roa;volume_z_20;close_to_low_20,,False,True,True,True,19.5,,FLAT,False,473.52
2026-05-14T17:13:00.563471+00:00,ALAB,BUY,3,223.71,671.13,False,Submitted,1073,,1.0,2.0,0.067113,0.134226,0.201339,True,,"Astera Labs, Inc. Common Stock",BUY,0.00078125,0.0,0.00078125,78.125,0.0055926621910842,52.92662191084249,125.0,5.0,mom_5;mom_63;mom_21,intraday_return;mom_10;close_to_high_20,,False,True,True,True,228.64,"BUY because predicted alpha is in the top decile. Net alpha after estimated 3.0 bps trading cost is 52.93 bps versus threshold 5.00 bps. Main contributors were mom_5, mom_63, mom_21. Price filter passed; liquidity filter passed.",LONG,True,671.13
2026-05-14T17:13:00.563471+00:00,ALDX,BUY,278,1.68,467.04,False,Submitted,1076,,1.0,2.0,0.0467039999999999,0.0934079999999999,0.140112,True,,"Aldeyra Therapeutics, Inc.",,0.0,0.0,0.0,0.0,-0.0031322926224835,-34.32292622483576,7190.0,1.0,intraday_return;parkinson_vol_20;volume_z_60,price_kurt_63;volatility_63;mom_63,,False,False,True,True,1.66,,FLAT,False,467.04
2026-05-14T17:13:00.563471+00:00,ALHC,BUY,25,16.53,413.25,False,Submitted,1082,,1.0,2.0,0.041325,0.08265,0.123975,True,,"Alignment Healthcare, Inc. Common Stock",COVER,-0.0036760602678571,-0.0044642857142857,0.0007882254464285,78.82254464285712,0.0034843689603877,-37.843689603877095,394.0,5.0,intraday_return;parkinson_vol_20;mom_10,mom_1;volume_z_60;mom_5,,False,True,True,True,16.56,"COVER because predicted alpha is in the bottom decile. Net alpha after estimated 3.0 bps trading cost is -37.84 bps versus threshold 5.00 bps. Main contributors were mom_1, volume_z_60, mom_5. Price filter passed; liquidity filter passed.",SHORT,True,413.25
2026-05-14T17:13:00.563471+00:00,ANAB,BUY,64,61.75,3952.0,False,Submitted,1100,,1.0,2.0,0.3952,0.7904,1.1856,True,,"AnaptysBio, Inc. Common Stock",SELL,0.0036760602678571,0.0044642857142857,-0.0007882254464285,-78.82254464285712,0.0043668116710827,40.66811671082752,246.0,5.0,mom_21;mom_252;hl_range_20,mom_126;mom_5;price_kurt_63,,False,True,True,True,62.19,"SELL because predicted alpha is in the top decile. Net alpha after estimated 3.0 bps trading cost is 40.67 bps versus threshold 5.00 bps. Main contributors were mom_21, mom_252, hl_range_20. Price filter passed; liquidity filter passed.",LONG,True,3952.0
2026-05-14T17:13:00.563471+00:00,ANNA,BUY,802,3.74,2999.48,False,Submitted,1103,,1.0,2.0,0.299948,0.599896,0.899844,True,,"AleAnna, Inc. Class A Common Stock",,0.0,0.0,0.0,0.0,0.0025867157212,22.86715721200064,612.0,5.0,mom_5;hl_range_20;sales_to_price,book_to_market;parkinson_vol_20;volatility_63,,False,False,True,True,3.69,,FLAT,False,2999.48
2026-05-14T17:13:00.563471+00:00,APLS,BUY,71,41.04,2913.84,False,Submitted,1109,,1.0,2.0,0.291384,0.5827680000000001,0.874152,True,,"Apellis Pharmaceuticals, Inc. Common Stock",COVER,0.0,-0.0044642857142857,0.0044642857142857,446.4285714285714,0.0,-3.0,2258.0,2.0,,,,False,False,False,True,,COVER because predicted alpha is in the cost-adjusted no-position band. Net alpha after estimated 3.0 bps trading cost is -3.00 bps versus threshold 5.00 bps. Main contributors were the cross-sectional factor mix. Price filter failed; liquidity filter failed.,FLAT,False,2913.84
2026-05-14T17:13:00.563471+00:00,ASBP,BUY,474,5.17,2450.58,False,Submitted,1130,,1.0,2.0,0.245058,0.490116,0.735174,True,,"Aspire Biopharma Holdings, Inc. Common Stock",SHORT,-0.00078125,0.0,-0.00078125,-78.125,-0.0258982034915116,255.98203491511617,7565.0,1.0,hl_range_20;mom_5;mom_63,parkinson_vol_20;intraday_return;volatility_63,,False,True,True,True,5.87,"SHORT because predicted alpha is in the bottom decile. Net alpha after estimated 3.0 bps trading cost is 255.98 bps versus threshold 5.00 bps. Main contributors were parkinson_vol_20, intraday_return, volatility_63. Price filter passed; liquidity filter passed.",SHORT,True,2450.58
2026-05-14T17:13:00.563471+00:00,ATEX,BUY,18,55.64,1001.52,False,Submitted,1151,,1.0,2.0,0.100152,0.200304,0.300456,True,,Anterix Inc. Common Stock,SELL,0.0036760602678571,0.0044642857142857,-0.0007882254464285,-78.82254464285712,0.0038002405417083,35.00240541708318,338.0,5.0,parkinson_vol_20;mom_21;mom_63,mom_126;mom_10;close_to_high_20,,False,True,True,True,56.62,"SELL because predicted alpha is in the top decile. Net alpha after estimated 3.0 bps trading cost is 35.00 bps versus threshold 5.00 bps. Main contributors were parkinson_vol_20, mom_21, mom_63. Price filter passed; liquidity filter passed.",LONG,True,1001.52
2026-05-14T17:13:00.563471+00:00,AVAV,BUY,24,165.04,3960.96,False,Submitted,1166,,1.0,2.0,0.396096,0.792192,1.188288,True,,"AeroVironment, Inc.",,0.0,0.0,0.0,0.0,0.0017968806443329,14.968806443329914,918.0,4.0,parkinson_vol_20;volume_z_60;mom_10,intraday_return;mom_21;mom_63,,False,True,True,True,165.27,,FLAT,False,3960.96
2026-05-14T17:13:00.563471+00:00,AVNW,BUY,113,16.21,1831.73,False,Submitted,1169,,1.0,2.0,0.183173,0.366346,0.549519,True,,"Aviat Networks, Inc.",SHORT,-0.00078125,0.0,-0.00078125,-78.125,-0.0024139570795473,21.139570795473727,7102.0,1.0,parkinson_vol_20;mom_10;volatility_20,intraday_return;volatility_10;price_kurt_63,,False,True,True,True,16.37,"SHORT because predicted alpha is in the bottom decile. Net alpha after estimated 3.0 bps trading cost is 21.14 bps versus threshold 5.00 bps. Main contributors were intraday_return, volatility_10, price_kurt_63. Price filter passed; liquidity filter passed.",SHORT,True,1831.73
2026-05-14T17:13:00.563471+00:00,AXGN,BUY,40,40.15,1606.0,False,Submitted,1178,,1.0,2.0,0.1606,0.3212,0.4818,True,,"Axogen, Inc. Common Stock",SELL,0.0036760602678571,0.0044642857142857,-0.0007882254464285,-78.82254464285712,0.0036023922861968,33.02392286196838,368.0,5.0,parkinson_vol_20;mom_252;volume_z_60,mom_126;hl_range_20;intraday_return,,False,True,True,True,40.95,"SELL because predicted alpha is in the top decile. Net alpha after estimated 3.0 bps trading cost is 33.02 bps versus threshold 5.00 bps. Main contributors were parkinson_vol_20, mom_252, volume_z_60. Price filter passed; liquidity filter passed.",LONG,True,1606.0
2026-05-14T17:13:00.563471+00:00,BAND,BUY,91,51.9,4722.9,False,Submitted,1187,,1.0,2.0,0.47229,0.94458,1.41687,True,,Bandwidth Inc. Class A Common Stock,SELL,0.0044573102678571,0.0044642857142857,-6.975446428571404e-06,-0.6975446428571404,0.0080994118346354,77.99411834635451,36.0,5.0,close_to_low_20;mom_21;mom_63,mom_126;mom_10;intraday_return,,False,True,True,True,52.1,"SELL because predicted alpha is in the top decile. Net alpha after estimated 3.0 bps trading cost is 77.99 bps versus threshold 5.00 bps. Main contributors were close_to_low_20, mom_21, mom_63. Price filter passed; liquidity filter passed.",LONG,True,4722.9
2026-05-14T17:13:00.563471+00:00,BELFA,BUY,16,240.63,3850.08,False,Submitted,1199,,1.0,2.0,0.385008,0.770016,1.155024,True,,Bel Fuse Inc,SELL,0.0036760602678571,0.0044642857142857,-0.0007882254464285,-78.82254464285712,0.0036125235031926,33.12523503192693,364.0,5.0,parkinson_vol_20;volume_z_60;mom_252,mom_126;mom_5;hl_range_20,,False,True,True,True,242.2,"SELL because predicted alpha is in the top decile. Net alpha after estimated 3.0 bps trading cost is 33.13 bps versus threshold 5.00 bps. Main contributors were parkinson_vol_20, volume_z_60, mom_252. Price filter passed; liquidity filter passed.",LONG,True,3850.08
2026-05-14T17:13:00.563471+00:00,BGDE,SELL,585,6.8,3978.0,False,Submitted,1205,,1.0,2.0,0.3978,0.7956,1.1934,True,,"Big Digital Energy, Inc. Common Stock",COVER,-0.0036760602678571,-0.0044642857142857,0.0007882254464285,78.82254464285712,-0.0101449198870826,98.44919887082672,7478.0,1.0,hl_range_20;volatility_20;close_to_low_20,parkinson_vol_20;mom_10;intraday_return,,False,True,False,True,6.3,"COVER because predicted alpha is in the bottom decile. Net alpha after estimated 3.0 bps trading cost is 98.45 bps versus threshold 5.00 bps. Main contributors were parkinson_vol_20, mom_10, intraday_return. Price filter passed; liquidity filter failed.",SHORT,True,-3978.0
2026-05-14T17:13:00.563471+00:00,BIOA,BUY,42,18.35,770.7,False,Submitted,1211,,1.0,2.0,0.07707,0.15414,0.23121,True,,"BioAge Labs, Inc. Common Stock",,0.0,0.0,0.0,0.0,0.0040891314804905,37.89131480490513,288.0,5.0,mom_252;intraday_return;parkinson_vol_20,mom_126;mom_10;mom_1,,False,True,True,True,18.715,,FLAT,False,770.7
2026-05-14T17:13:00.563471+00:00,BJRI,SELL,59,42.15,2486.85,False,Submitted,1214,,1.0,2.0,0.248685,0.49737,0.7460549999999999,True,,"BJ's Restaurants, Inc.",,0.0,0.0,0.0,0.0,0.0016055791881867,13.055791881867194,1006.0,4.0,parkinson_vol_20;dist_52w_high;mom_5,hl_range_20;volatility_20;close_to_high_20,,False,True,True,True,41.72,,FLAT,False,-2486.85
2026-05-14T17:13:00.563471+00:00,BKR,BUY,12,64.54,774.48,False,Submitted,1220,,1.0,2.0,0.077448,0.154896,0.232344,True,,Baker Hughes Company,,0.0,0.0,0.0,0.0,0.0036124376449919,33.12437644991915,365.0,5.0,parkinson_vol_20;dist_52w_high;overnight_return,hl_range_20;volatility_20;mom_126,,False,True,True,True,64.61,,FLAT,False,774.48
2026-05-14T17:13:00.563471+00:00,BNZI,SELL,184,5.74,1056.16,False,Submitted,1232,,1.0,2.0,0.105616,0.211232,0.316848,True,,"Banzai International, Inc. Class A Common Stock",COVER,-0.0044573102678571,-0.0044642857142857,6.975446428571404e-06,0.6975446428571404,-0.0199383570069339,196.3835700693396,7542.0,1.0,hl_range_20;mom_1;volatility_20,parkinson_vol_20;intraday_return;volatility_10,,False,True,True,True,6.53,"COVER because predicted alpha is in the bottom decile. Net alpha after estimated 3.0 bps trading cost is 196.38 bps versus threshold 5.00 bps. Main contributors were parkinson_vol_20, intraday_return, volatility_10. Price filter passed; liquidity filter passed.",SHORT,True,-1056.16
2026-05-14T17:13:00.563471+00:00,BRCB,SELL,103,7.5,772.5,False,Submitted,1235,,1.0,2.0,0.07725,0.1545,0.23175,True,,"Black Rock Coffee Bar, Inc. Class A Common Stock",SHORT,-0.00078125,0.0,-0.00078125,-78.125,-0.0036284718276815,33.284718276815205,7237.0,1.0,intraday_return;mom_10;close_to_high_20,mom_5;volume_z_60;mom_21,,False,True,True,True,7.16,"SHORT because predicted alpha is in the bottom decile. Net alpha after estimated 3.0 bps trading cost is 33.28 bps versus threshold 5.00 bps. Main contributors were mom_5, volume_z_60, mom_21. Price filter passed; liquidity filter passed.",SHORT,True,-772.5
2026-05-14T17:13:00.563471+00:00,BZAI,BUY,1796,1.72,3089.12,False,Submitted,1247,,1.0,2.0,0.3089119999999999,0.6178239999999999,0.926736,True,,"Blaize Holdings, Inc. Common Stock",,0.0,0.0,0.0,0.0,-0.0020167189008652,-23.167189008652247,7026.0,1.0,hl_range_20;volatility_20;close_to_high_20,parkinson_vol_20;intraday_return;roa,,False,False,True,True,1.77,,FLAT,False,3089.12
2026-05-14T17:13:00.563471+00:00,CABA,BUY,806,3.56,2869.36,False,Submitted,1250,,1.0,2.0,0.286936,0.573872,0.860808,True,,"Cabaletta Bio, Inc. Common Stock",,0.0,0.0,0.0,0.0,-0.0026338523643146,-29.33852364314692,7132.0,1.0,net_margin;hl_range_20;mom_252,operating_margin;intraday_return;mom_5,,False,False,True,True,3.61,,FLAT,False,2869.36
2026-05-14T17:13:00.563471+00:00,CAEP,BUY,39,11.86,462.54,False,Submitted,1253,,1.0,2.0,0.0462539999999999,0.0925079999999999,0.138762,True,,"Cantor Equity Partners III, Inc. Class A Ordinary Shares",,0.0,0.0,0.0,0.0,-0.0009686287215446,-12.68628721544648,6781.0,2.0,parkinson_vol_20;mom_5;volume_z_60,intraday_return;hl_range_20;price_kurt_63,,False,True,False,True,12.49,,FLAT,False,462.54
2026-05-14T17:13:00.563471+00:00,CELC,SELL,5,132.81,664.05,False,Submitted,1274,,1.0,2.0,0.0664049999999999,0.1328099999999999,0.1992149999999999,True,,Celcuity Inc. Common Stock,,0.0,0.0,0.0,0.0,-0.0018972307269648,-21.972307269648216,6990.0,1.0,mom_252;net_margin;mom_1,volume_z_60;intraday_return;operating_margin,,False,True,True,True,134.72,,FLAT,False,-664.05
2026-05-14T17:13:00.563471+00:00,CENX,SELL,26,62.1,1614.6,False,Submitted,1280,,1.0,2.0,0.16146,0.32292,0.48438,True,,Century Aluminum Co,BUY,0.00078125,0.0,0.00078125,78.125,0.0052922194724847,49.92219472484789,161.0,5.0,intraday_return;parkinson_vol_20;mom_252,mom_126;mom_1;hl_range_20,,False,True,True,True,61.44,"BUY because predicted alpha is in the top decile. Net alpha after estimated 3.0 bps trading cost is 49.92 bps versus threshold 5.00 bps. Main contributors were intraday_return, parkinson_vol_20, mom_252. Price filter passed; liquidity filter passed.",LONG,True,-1614.6
2026-05-14T17:13:00.563471+00:00,CEPS,BUY,241,10.18,2453.38,False,Submitted,1283,,1.0,2.0,0.245338,0.490676,0.736014,True,,"Cantor Equity Partners VI, Inc. Class A Ordinary Shares",,0.0,0.0,0.0,0.0,-0.0003757408457443,-6.757408457443516,6567.0,2.0,parkinson_vol_20;volume_z_60;volatility_10,hl_range_20;volatility_20;close_to_high_20,,False,True,False,True,10.17,,FLAT,False,2453.38
2026-05-14T17:13:00.563471+00:00,CGON,BUY,68,69.05,4695.4,False,Submitted,1298,,1.0,2.0,0.4695399999999999,0.93908,1.40862,True,,"CG Oncology, Inc. Common stock",SELL,0.0044573102678571,0.0044642857142857,-6.975446428571404e-06,-0.6975446428571404,0.0066354600736651,63.354600736651776,79.0,5.0,intraday_return;parkinson_vol_20;mom_252,mom_126;mom_1;hl_range_20,,False,True,True,True,69.535,"SELL because predicted alpha is in the top decile. Net alpha after estimated 3.0 bps trading cost is 63.35 bps versus threshold 5.00 bps. Main contributors were intraday_return, parkinson_vol_20, mom_252. Price filter passed; liquidity filter passed.",LONG,True,4695.4
2026-05-14T17:13:00.563471+00:00,CHMG,SELL,4,67.34,269.36,False,Submitted,1301,,1.0,2.0,0.026936,0.053872,0.080808,True,,Chemung Financial Corp,SHORT,-0.00078125,0.0,-0.00078125,-78.125,-0.0028569709436564,25.56970943656476,7162.0,1.0,parkinson_vol_20;volume_z_20;dist_52w_high,volume_z_60;hl_range_20;volatility_20,,False,True,True,True,66.8,"SHORT because predicted alpha is in the bottom decile. Net alpha after estimated 3.0 bps trading cost is 25.57 bps versus threshold 5.00 bps. Main contributors were volume_z_60, hl_range_20, volatility_20. Price filter passed; liquidity filter passed.",SHORT,True,-269.36
2026-05-14T17:13:00.563471+00:00,CHRN,SELL,251,18.93,4751.43,False,Submitted,1304,,1.0,2.0,0.475143,0.950286,1.425429,True,,ChronoScale Corporation Common Stock,COVER,-0.0036760602678571,-0.0044642857142857,0.0007882254464285,78.82254464285712,-0.0022831666723224,19.831666723224448,7082.0,1.0,mom_21;mom_5;hl_range_20,intraday_return;volume_z_60;parkinson_vol_20,,False,True,True,True,17.92,"COVER because predicted alpha is in the bottom decile. Net alpha after estimated 3.0 bps trading cost is 19.83 bps versus threshold 5.00 bps. Main contributors were intraday_return, volume_z_60, parkinson_vol_20. Price filter passed; liquidity filter passed.",SHORT,True,-4751.43
2026-05-14T17:13:00.563471+00:00,CLMT,BUY,126,31.51,3970.26,False,Submitted,1319,,1.0,2.0,0.397026,0.7940520000000001,1.191078,True,,"Calumet, Inc. Common Stock",,0.0,0.0,0.0,0.0,0.003814378933926,35.143789339260685,333.0,5.0,parkinson_vol_20;volume_z_60;mom_252,mom_5;hl_range_20;mom_126,,False,True,True,True,31.33,,FLAT,False,3970.26
2026-05-14T17:13:00.563471+00:00,CLNN,SELL,166,6.45,1070.7,False,Submitted,1322,,1.0,2.0,0.10707,0.21414,0.32121,True,,Clene Inc. Common Stock,COVER,-0.0044573102678571,-0.0044642857142857,6.975446428571404e-06,0.6975446428571404,-0.0053449166077602,50.44916607760253,7350.0,1.0,hl_range_20;mom_1;volatility_20,intraday_return;parkinson_vol_20;volatility_10,,False,True,True,True,7.05,"COVER because predicted alpha is in the bottom decile. Net alpha after estimated 3.0 bps trading cost is 50.45 bps versus threshold 5.00 bps. Main contributors were intraday_return, parkinson_vol_20, volatility_10. Price filter passed; liquidity filter passed.",SHORT,True,-1070.7
2026-05-14T17:13:00.563471+00:00,CMPX,BUY,1565,1.99,3114.35,False,Submitted,1328,,1.0,2.0,0.311435,0.62287,0.934305,True,,"Compass Therapeutics, Inc. Common Stock",,0.0,0.0,0.0,0.0,-0.0019584472705255,-22.584472705255063,7006.0,1.0,volatility_20;close_to_high_20;hl_range_20,parkinson_vol_20;operating_margin;mom_21,,False,False,True,True,1.98,,FLAT,False,3114.35
2026-05-14T17:13:00.563471+00:00,COLA,SELL,134,10.99,1472.66,False,Submitted,1337,,1.0,2.0,0.147266,0.294532,0.441798,True,,Columbus Acquisition Corp Ordinary Shares,,0.0,0.0,0.0,0.0,-0.0012735266460051,-15.735266460051466,6866.0,1.0,parkinson_vol_20;current_ratio;dist_52w_high,hl_range_20;volatility_20;price_kurt_63,,False,True,True,True,10.96,,FLAT,False,-1472.66
2026-05-14T17:13:00.563471+00:00,COYA,BUY,110,4.92,541.2,False,Submitted,1349,,1.0,2.0,0.05412,0.10824,0.16236,True,,"Coya Therapeutics, Inc. Common Stock",SHORT,-0.00078125,0.0,-0.00078125,-78.125,-0.0058812249183028,55.81224918302864,7379.0,1.0,mom_5;mom_1;close_to_low_20,intraday_return;volume_z_60;mom_10,,False,True,True,True,5.26,"SHORT because predicted alpha is in the bottom decile. Net alpha after estimated 3.0 bps trading cost is 55.81 bps versus threshold 5.00 bps. Main contributors were intraday_return, volume_z_60, mom_10. Price filter passed; liquidity filter passed.",SHORT,True,541.2
2026-05-14T17:13:00.563471+00:00,CRMD,SELL,95,8.15,774.25,False,Submitted,1361,,1.0,2.0,0.077425,0.15485,0.2322749999999999,True,,CorMedix Inc.,,0.0,0.0,0.0,0.0,-0.0009987537066215,-12.9875370662158,6793.0,2.0,intraday_return;parkinson_vol_20;volume_z_20,volume_z_60;overnight_return;hl_range_20,,False,True,True,True,7.93,,FLAT,False,-774.25
2026-05-14T17:13:00.563471+00:00,CSCO,SELL,6,115.46,692.76,False,Submitted,1370,,1.0,2.0,0.069276,0.138552,0.207828,True,,"Cisco Systems, Inc. Common Stock (DE)",,0.0,0.0,0.0,0.0,0.0001174623335613,-1.8253766643869869,1928.0,3.0,mom_5;parkinson_vol_20;mom_1,volume_z_60;overnight_return;hl_range_20,,False,True,True,True,115.53,,FLAT,False,-692.76
2026-05-14T17:13:00.563471+00:00,CSGS,BUY,5,80.71,403.55,False,Submitted,1373,,1.0,2.0,0.0403549999999999,0.0807099999999999,0.1210649999999999,True,,CSG Systems International,,0.0,0.0,0.0,0.0,0.0,-3.0,2997.0,2.0,,,,False,False,False,True,,,FLAT,False,403.55
2026-05-14T17:13:00.563471+00:00,CVV,SELL,67,7.3,489.1,False,Submitted,1388,,1.0,2.0,0.0489099999999999,0.0978199999999999,0.1467299999999999,True,,CVD Equipment Corp.,,0.0,0.0,0.0,0.0,0.0041508183788382,38.508183788382446,280.0,5.0,hl_range_20;mom_21;close_to_low_20,parkinson_vol_20;mom_126;volatility_10,,False,True,True,True,6.85,,FLAT,False,-489.1
2026-05-14T17:13:00.563471+00:00,DARE,BUY,1113,2.98,3316.74,False,Submitted,1394,,1.0,2.0,0.3316739999999999,0.6633479999999999,0.995022,True,,"Dare Bioscience, Inc. Common Stock",,0.0,0.0,0.0,0.0,-0.0013372477949633,-16.372477949633492,6878.0,1.0,hl_range_20;mom_21;revenue_growth_yoy,parkinson_vol_20;mom_10;volatility_10,,False,False,True,True,2.86,,FLAT,False,3316.74
2026-05-14T17:13:00.563471+00:00,DOMH,BUY,627,3.92,2457.84,False,Submitted,1421,,1.0,2.0,0.245784,0.491568,0.737352,True,,Dominari Holdings Inc. Common Stock,,0.0,0.0,0.0,0.0,0.0043615154191215,40.615154191215126,248.0,5.0,mom_5;intraday_return;close_to_low_20,mom_10;mom_1;mom_252,,False,False,False,True,3.85,,FLAT,False,2457.84
2026-05-14T17:13:00.563471+00:00,DPRO,SELL,88,5.6,492.8,False,Submitted,1433,,1.0,2.0,0.04928,0.09856,0.14784,True,,Draganfly Inc. Common Shares,,0.0,0.0,0.0,0.0,0.0018657332138378,15.657332138378116,885.0,4.0,parkinson_vol_20;mom_252;mom_5,intraday_return;mom_63;dist_52w_high,,False,True,True,True,5.63,,FLAT,False,-492.8
2026-05-14T17:13:00.563471+00:00,EIKN,BUY,41,12.87,527.67,False,Submitted,1442,,1.0,2.0,0.0527669999999999,0.1055339999999999,0.1583009999999999,True,,"Eikon Therapeutics, Inc. Common Stock",,0.0,0.0,0.0,0.0,0.0028352670383403,25.352670383403115,543.0,5.0,mom_5;close_to_low_20;hl_range_20,intraday_return;mom_10;parkinson_vol_20,,False,True,True,True,13.18,,FLAT,False,527.67
2026-05-14T17:13:00.563471+00:00,ENGN,BUY,2033,1.72,3496.76,False,Submitted,1445,,1.0,2.0,0.349676,0.699352,1.0490279999999998,True,,enGene Therapeutics Inc. Common Stock,,0.0,0.0,0.0,0.0,-0.0108985563324134,-111.98556332413452,7493.0,1.0,volatility_20;close_to_high_20;mom_1,intraday_return;volatility_10;operating_margin,,False,False,True,True,1.81,,FLAT,False,3496.76
2026-05-14T17:13:00.563471+00:00,ENPH,SELL,98,48.39,4742.22,False,Submitted,1448,,1.0,2.0,0.474222,0.948444,1.422666,True,,"Enphase Energy, Inc.",COVER,-0.0044573102678571,-0.0044642857142857,6.975446428571404e-06,0.6975446428571404,-0.0048451909718534,45.4519097185345,7320.0,1.0,mom_5;mom_1;mom_21,intraday_return;volume_z_60;mom_10,,False,True,True,True,48.01,"COVER because predicted alpha is in the bottom decile. Net alpha after estimated 3.0 bps trading cost is 45.45 bps versus threshold 5.00 bps. Main contributors were intraday_return, volume_z_60, mom_10. Price filter passed; liquidity filter passed.",SHORT,True,-4742.22
2026-05-14T17:13:00.563471+00:00,ESOA,BUY,228,17.45,3978.6,False,Submitted,1457,,1.0,2.0,0.39786,0.79572,1.19358,True,,Energy Services of America Corporation Common Stock,SELL,0.0036760602678571,0.0044642857142857,-0.0007882254464285,-78.82254464285712,0.0022709914859185,19.709914859185908,745.0,5.0,parkinson_vol_20;mom_252;mom_1,intraday_return;mom_126;overnight_return,,False,True,True,True,17.42,"SELL because predicted alpha is in the top decile. Net alpha after estimated 3.0 bps trading cost is 19.71 bps versus threshold 5.00 bps. Main contributors were parkinson_vol_20, mom_252, mom_1. Price filter passed; liquidity filter passed.",LONG,True,3978.6
2026-05-14T17:13:00.563471+00:00,EZGO,BUY,91793,0.0257,2359.0801,False,Submitted,1466,,1.0,2.0,0.23590801,0.47181602,0.7077240300000001,True,,EZGO Technologies Ltd. Ordinary Shares,,0.0,0.0,0.0,0.0,-0.0284753211959123,-287.7532119591237,7573.0,1.0,hl_range_20;volatility_20;intraday_return,parkinson_vol_20;mom_5;volatility_10,,False,False,True,True,0.0267,,FLAT,False,2359.0801
2026-05-14T17:13:00.563471+00:00,FABC,SELL,393,4.64,1823.52,False,Submitted,1472,,1.0,2.0,0.182352,0.364704,0.547056,True,,"Fabric.AI, Inc. Common Stock",,0.0,0.0,0.0,0.0,-0.0037720736704555,-40.72073670455588,7252.0,1.0,hl_range_20;intraday_return;close_to_low_20,parkinson_vol_20;mom_10;mom_1,,False,False,True,True,4.2,,FLAT,False,-1823.52
2026-05-14T17:13:00.563471+00:00,FCEL,BUY,38,19.94,757.72,False,Submitted,1478,,1.0,2.0,0.075772,0.151544,0.227316,True,,FuelCell Energy Inc  NEW (DE),SELL,0.0044573102678571,0.0044642857142857,-6.975446428571404e-06,-0.6975446428571404,0.0060833741259457,57.83374125945752,103.0,5.0,mom_5;close_to_low_20;mom_21,intraday_return;parkinson_vol_20;mom_10,,False,True,True,True,21.6,"SELL because predicted alpha is in the top decile. Net alpha after estimated 3.0 bps trading cost is 57.83 bps versus threshold 5.00 bps. Main contributors were mom_5, close_to_low_20, mom_21. Price filter passed; liquidity filter passed.",LONG,True,757.72
2026-05-14T17:13:00.563471+00:00,FLXS,BUY,71,56.06,3980.26,False,Submitted,1502,,1.0,2.0,0.398026,0.7960520000000001,1.1940780000000002,True,,Flexsteel Industries,,0.0,0.0,0.0,0.0,0.0016839573375904,13.839573375904465,973.0,4.0,parkinson_vol_20;mom_21;dist_52w_high,intraday_return;mom_126;close_to_high_20,,False,True,True,True,55.99,,FLAT,False,3980.26
2026-05-14T17:13:00.563471+00:00,FMAO,SELL,28,26.92,753.76,False,Submitted,1508,,1.0,2.0,0.075376,0.150752,0.226128,True,,"Farmers & Merchants Bancorp, Inc.",,0.0,0.0,0.0,0.0,-0.0007683458964171,-10.683458964171574,6714.0,2.0,parkinson_vol_20;dist_52w_high;volatility_10,hl_range_20;volatility_20;volume_z_60,,False,True,True,True,26.73,,FLAT,False,-753.76
2026-05-14T17:13:00.563471+00:00,FRMI,SELL,103,7.48,770.44,False,Submitted,1520,,1.0,2.0,0.077044,0.154088,0.231132,True,,Fermi Inc. Common Stock,COVER,-0.0044573102678571,-0.0044642857142857,6.975446428571404e-06,0.6975446428571404,-0.0063282679201352,60.28267920135269,7397.0,1.0,mom_5;mom_1;hl_range_20,intraday_return;volume_z_60;parkinson_vol_20,,False,True,True,True,7.37,"COVER because predicted alpha is in the bottom decile. Net alpha after estimated 3.0 bps trading cost is 60.28 bps versus threshold 5.00 bps. Main contributors were intraday_return, volume_z_60, parkinson_vol_20. Price filter passed; liquidity filter passed.",SHORT,True,-770.44
2026-05-14T17:13:00.563471+00:00,FSEA,BUY,28,16.66,466.48,False,Submitted,1526,,1.0,2.0,0.046648,0.093296,0.139944,True,,"First Seacoast Bancorp, Inc. Common Stock",,0.0,0.0,0.0,0.0,-0.000249288070198,-5.492880701980406,6503.0,2.0,parkinson_vol_20;mom_21;close_to_low_20,hl_range_20;mom_10;price_kurt_63,,False,True,False,True,16.675,,FLAT,False,466.48
2026-05-14T17:13:00.563471+00:00,GELS,BUY,1107,0.4266,472.2462,False,Submitted,1544,,1.0,2.0,0.04722462,0.09444924,0.14167386,True,,Gelteq Limited Ordinary Shares,,0.0,0.0,0.0,0.0,-0.0010684564686961,-13.684564686961664,6814.0,2.0,hl_range_20;mom_10;close_to_high_20,parkinson_vol_20;mom_21;intraday_return,,False,False,False,True,0.4513,,FLAT,False,472.2462
2026-05-14T17:13:00.563471+00:00,GH,BUY,24,98.36,2360.64,False,Submitted,1550,,1.0,2.0,0.236064,0.472128,0.7081919999999999,True,,"Guardant Health, Inc. Common Stock",SELL,0.0044573102678571,0.0044642857142857,-6.975446428571404e-06,-0.6975446428571404,0.0051760154218121,48.76015421812187,172.0,5.0,parkinson_vol_20;debt_to_equity;mom_5,close_to_high_20;mom_10;volatility_20,,False,True,True,True,98.66,"SELL because predicted alpha is in the top decile. Net alpha after estimated 3.0 bps trading cost is 48.76 bps versus threshold 5.00 bps. Main contributors were parkinson_vol_20, debt_to_equity, mom_5. Price filter passed; liquidity filter passed.",LONG,True,2360.64
2026-05-14T17:13:00.563471+00:00,GLUE,BUY,102,18.68,1905.36,False,Submitted,1556,,1.0,2.0,0.1905359999999999,0.3810719999999999,0.5716079999999999,True,,"Monte Rosa Therapeutics, Inc. Common Stock",BUY,0.00078125,0.0,0.00078125,78.125,0.0053301208546612,50.30120854661234,157.0,5.0,mom_252;parkinson_vol_20;intraday_return,close_to_low_20;mom_5;mom_126,,False,True,True,True,18.68,"BUY because predicted alpha is in the top decile. Net alpha after estimated 3.0 bps trading cost is 50.30 bps versus threshold 5.00 bps. Main contributors were mom_252, parkinson_vol_20, intraday_return. Price filter passed; liquidity filter passed.",LONG,True,1905.36
2026-05-14T17:13:00.563471+00:00,GMM,BUY,396,1.39,550.4399999999999,False,Submitted,1559,,1.0,2.0,0.0550439999999999,0.1100879999999999,0.165132,True,,Global Mofy AI Limited Class A Ordinary Shares,,0.0,0.0,0.0,0.0,-0.0087242895828354,-90.24289582835492,7457.0,1.0,mom_5;mom_1;hl_range_20,intraday_return;parkinson_vol_20;volume_z_60,,False,False,True,True,1.51,,FLAT,False,550.4399999999999
2026-05-14T17:13:00.563471+00:00,GPRE,BUY,92,16.72,1538.2399999999998,False,Submitted,1562,,1.0,2.0,0.153824,0.307648,0.461472,True,,"Green Plains, Inc.",SELL,0.0036760602678571,0.0044642857142857,-0.0007882254464285,-78.82254464285712,0.0039943043129327,36.94304312932757,303.0,5.0,parkinson_vol_20;mom_252;intraday_return,volume_z_60;mom_126;hl_range_20,,False,True,True,True,16.68,"SELL because predicted alpha is in the top decile. Net alpha after estimated 3.0 bps trading cost is 36.94 bps versus threshold 5.00 bps. Main contributors were parkinson_vol_20, mom_252, intraday_return. Price filter passed; liquidity filter passed.",LONG,True,1538.2399999999998
2026-05-14T17:13:00.563471+00:00,GSHD,BUY,108,36.91,3986.28,False,Submitted,1574,,1.0,2.0,0.398628,0.797256,1.195884,True,,"Goosehead Insurance, Inc. Class A Common Stock",SELL,0.0036760602678571,0.0044642857142857,-0.0007882254464285,-78.82254464285712,0.0007828770314563,4.828770314563453,1519.0,3.0,parkinson_vol_20;mom_10;close_to_high_20,mom_5;mom_252;mom_63,,False,True,True,True,36.85,"SELL because predicted alpha is in the top decile. Net alpha after estimated 3.0 bps trading cost is 4.83 bps versus threshold 5.00 bps. Main contributors were parkinson_vol_20, mom_10, close_to_high_20. Price filter passed; liquidity filter passed.",LONG,True,3986.28
2026-05-14T17:13:00.563471+00:00,GTX,BUY,24,32.0,768.0,False,Submitted,1580,,1.0,2.0,0.0768,0.1536,0.2304,True,,Garrett Motion Inc. Common Stock,BUY,0.00078125,0.0,0.00078125,78.125,0.0065443766577967,62.44376657796772,82.0,5.0,mom_21;mom_5;parkinson_vol_20,mom_126;mom_10;hl_range_20,,False,True,True,True,31.87,"BUY because predicted alpha is in the top decile. Net alpha after estimated 3.0 bps trading cost is 62.44 bps versus threshold 5.00 bps. Main contributors were mom_21, mom_5, parkinson_vol_20. Price filter passed; liquidity filter passed.",LONG,True,768.0
2026-05-14T17:13:00.563471+00:00,GV,BUY,1756,0.3071,539.2676,False,Submitted,1583,,1.0,2.0,0.05392676,0.10785352,0.16178028,True,,Visionary Holdings Inc. Common Shares,,0.0,0.0,0.0,0.0,-0.0057303463157225,-60.303463157225,7368.0,1.0,mom_5;hl_range_20;close_to_low_20,parkinson_vol_20;mom_10;intraday_return,,False,False,False,True,0.303,,FLAT,False,539.2676
2026-05-14T17:13:00.563471+00:00,HPK,BUY,69,6.81,469.89,False,Submitted,1604,,1.0,2.0,0.0469889999999999,0.0939779999999999,0.1409669999999999,True,,"HighPeak Energy, Inc. Common Stock",BUY,0.00078125,0.0,0.00078125,78.125,0.0052100166471185,49.10016647118546,167.0,5.0,mom_5;volume_z_60;parkinson_vol_20,intraday_return;volatility_10;mom_252,,False,True,True,True,6.79,"BUY because predicted alpha is in the top decile. Net alpha after estimated 3.0 bps trading cost is 49.10 bps versus threshold 5.00 bps. Main contributors were mom_5, volume_z_60, parkinson_vol_20. Price filter passed; liquidity filter passed.",LONG,True,469.89
2026-05-14T17:13:00.563471+00:00,HROW,SELL,158,30.09,4754.22,False,Submitted,1607,,1.0,2.0,0.475422,0.950844,1.426266,True,,"Harrow, Inc. Common Stock",COVER,-0.0044573102678571,-0.0044642857142857,6.975446428571404e-06,0.6975446428571404,-0.0042403240480585,39.40324048058512,7287.0,1.0,parkinson_vol_20;mom_10;overnight_return,intraday_return;mom_5;mom_21,,False,True,True,True,30.86,"COVER because predicted alpha is in the bottom decile. Net alpha after estimated 3.0 bps trading cost is 39.40 bps versus threshold 5.00 bps. Main contributors were intraday_return, mom_5, mom_21. Price filter passed; liquidity filter passed.",SHORT,True,-4754.22
2026-05-14T17:13:00.563471+00:00,HUHU,SELL,81,9.48,767.88,False,Submitted,1613,,1.0,2.0,0.076788,0.153576,0.2303639999999999,True,,HUHUTECH International Group Inc. Ordinary Shares,,0.0,0.0,0.0,0.0,-0.0021506955280914,-24.50695528091497,7049.0,1.0,intraday_return;parkinson_vol_20;volume_z_20,volume_z_60;mom_5;mom_1,,False,True,True,True,9.31,,FLAT,False,-767.88
2026-05-14T17:13:00.563471+00:00,IMVT,BUY,26,28.81,749.06,False,Submitted,1637,,1.0,2.0,0.074906,0.149812,0.224718,True,,"Immunovant, Inc. Common Stock",,0.0,0.0,0.0,0.0,0.0033030384091434,30.030384091434897,430.0,5.0,parkinson_vol_20;intraday_return;mom_5,hl_range_20;close_to_high_20;mom_126,,False,True,True,True,28.96,,FLAT,False,749.06
2026-05-14T17:13:00.563471+00:00,IMXI,SELL,314,15.12,4747.679999999999,False,Submitted,1640,,1.0,2.0,0.4747679999999999,0.9495359999999998,1.4243039999999998,True,,"International Money Express, Inc.",COVER,-0.0036760602678571,-0.0044642857142857,0.0007882254464285,78.82254464285712,-0.0021715210858749,18.71521085874934,7055.0,1.0,parkinson_vol_20;book_to_market;volatility_63,hl_range_20;price_kurt_63;volatility_20,,False,True,True,True,15.23,"COVER because predicted alpha is in the bottom decile. Net alpha after estimated 3.0 bps trading cost is 18.72 bps versus threshold 5.00 bps. Main contributors were hl_range_20, price_kurt_63, volatility_20. Price filter passed; liquidity filter passed.",SHORT,True,-4747.679999999999
2026-05-14T17:13:00.563471+00:00,INDV,SELL,56,38.08,2132.48,False,Submitted,1646,,1.0,2.0,0.213248,0.426496,0.639744,True,,"Indivior Pharmaceuticals, Inc. Common Stock",BUY,0.00078125,0.0,0.00078125,78.125,0.0049777024684976,46.77702468497659,189.0,5.0,parkinson_vol_20;mom_252;intraday_return,hl_range_20;volatility_20;gross_margin,,False,True,True,True,37.83,"BUY because predicted alpha is in the top decile. Net alpha after estimated 3.0 bps trading cost is 46.78 bps versus threshold 5.00 bps. Main contributors were parkinson_vol_20, mom_252, intraday_return. Price filter passed; liquidity filter passed.",LONG,True,-2132.48
2026-05-14T17:13:00.563471+00:00,INOD,BUY,52,91.44,4754.88,False,Submitted,1649,,1.0,2.0,0.475488,0.950976,1.4264640000000002,True,,Innodata Inc.,SELL,0.0044573102678571,0.0044642857142857,-6.975446428571404e-06,-0.6975446428571404,0.0095883651268186,92.88365126818644,15.0,5.0,mom_5;close_to_low_20;mom_21,mom_10;parkinson_vol_20;volatility_10,,False,True,True,True,90.15,"SELL because predicted alpha is in the top decile. Net alpha after estimated 3.0 bps trading cost is 92.88 bps versus threshold 5.00 bps. Main contributors were mom_5, close_to_low_20, mom_21. Price filter passed; liquidity filter passed.",LONG,True,4754.88
2026-05-14T17:13:00.563471+00:00,IRWD,SELL,715,3.69,2638.35,False,Submitted,1676,,1.0,2.0,0.263835,0.52767,0.7915049999999999,True,,"Ironwood Pharmaceuticals, Inc. - Class A",,0.0,0.0,0.0,0.0,0.0029605821244771,26.605821244771644,512.0,5.0,mom_252;volume_z_60;mom_10,mom_5;mom_21;close_to_low_20,,False,False,True,True,3.67,,FLAT,False,-2638.35
2026-05-14T17:13:00.563471+00:00,ISSC,SELL,115,16.84,1936.6,False,Submitted,1679,,1.0,2.0,0.19366,0.38732,0.58098,True,,Innovative Solutions & Support,,0.0,0.0,0.0,0.0,-0.0005874218951842,-8.874218951842058,6657.0,2.0,intraday_return;volume_z_20;overnight_return,volume_z_60;mom_1;mom_5,,False,True,True,True,17.41,,FLAT,False,-1936.6
2026-05-14T17:13:00.563471+00:00,JBHT,SELL,3,255.56,766.6800000000001,False,Submitted,1685,,1.0,2.0,0.076668,0.153336,0.230004,True,,JB Hunt Transport Services Inc,SHORT,-0.00078125,0.0,-0.00078125,-78.125,-0.004008706668754,37.08706668754073,7271.0,1.0,parkinson_vol_20;volume_z_20;mom_1,volume_z_60;intraday_return;hl_range_20,,False,True,True,True,254.66,"SHORT because predicted alpha is in the bottom decile. Net alpha after estimated 3.0 bps trading cost is 37.09 bps versus threshold 5.00 bps. Main contributors were volume_z_60, intraday_return, hl_range_20. Price filter passed; liquidity filter passed.",SHORT,True,-766.6800000000001
2026-05-14T17:13:00.563471+00:00,JBIO,BUY,66,24.35,1607.1,False,Submitted,1688,,1.0,2.0,0.16071,0.32142,0.48213,True,,"Jade Biosciences, Inc. Common Stock",SELL,0.0044573102678571,0.0044642857142857,-6.975446428571404e-06,-0.6975446428571404,0.0062414536552831,59.41453655283103,93.0,5.0,intraday_return;volume_z_60;mom_252,mom_126;mom_1;volume_z_20,,False,True,True,True,24.13,"SELL because predicted alpha is in the top decile. Net alpha after estimated 3.0 bps trading cost is 59.41 bps versus threshold 5.00 bps. Main contributors were intraday_return, volume_z_60, mom_252. Price filter passed; liquidity filter passed.",LONG,True,1607.1
2026-05-14T17:13:00.563471+00:00,KEEL,SELL,116,4.58,531.28,False,Submitted,1700,,1.0,2.0,0.0531279999999999,0.1062559999999999,0.1593839999999999,True,,Keel Infrastructure Corp. Common Stock,,0.0,0.0,0.0,0.0,-0.0030450897866173,-33.450897866173705,7181.0,1.0,mom_21;close_to_low_20;mom_5,intraday_return;mom_10;volume_z_60,,False,False,True,True,4.61,,FLAT,False,-531.28
2026-05-14T17:13:00.563471+00:00,KMTS,SELL,22,21.92,482.24,False,Submitted,1703,,1.0,2.0,0.048224,0.096448,0.144672,True,,"Kestra Medical Technologies, Ltd. Common Stock",,0.0,0.0,0.0,0.0,0.0010086082900517,7.08608290051723,1365.0,4.0,hl_range_20;mom_5;mom_1,intraday_return;mom_63;mom_10,,False,True,True,True,22.07,,FLAT,False,-482.24
2026-05-14T17:13:00.563471+00:00,KOPN,BUY,293,5.31,1555.83,False,Submitted,1706,,1.0,2.0,0.155583,0.311166,0.4667489999999999,True,,Kopin Corp,SELL,0.0036760602678571,0.0044642857142857,-0.0007882254464285,-78.82254464285712,0.0032647131395925,29.64713139592503,440.0,5.0,mom_21;hl_range_20;close_to_low_20,intraday_return;parkinson_vol_20;mom_126,,False,True,True,True,5.52,"SELL because predicted alpha is in the top decile. Net alpha after estimated 3.0 bps trading cost is 29.65 bps versus threshold 5.00 bps. Main contributors were mom_21, hl_range_20, close_to_low_20. Price filter passed; liquidity filter passed.",LONG,True,1555.83
2026-05-14T17:13:00.563471+00:00,LBRX,BUY,125,31.73,3966.25,False,Submitted,1724,,1.0,2.0,0.396625,0.79325,1.189875,True,,LB Pharmaceuticals Inc Common Stock,,0.0,0.0,0.0,0.0,0.0049384619463895,46.38461946389576,193.0,5.0,intraday_return;parkinson_vol_20;volume_z_60,mom_126;mom_1;close_to_high_20,,False,True,True,True,31.41,,FLAT,False,3966.25
2026-05-14T17:13:00.563471+00:00,LFUS,BUY,1,452.1,452.1,False,Submitted,1733,,1.0,2.0,0.04521,0.09042,0.13563,True,,Littelfuse Inc,,0.0,0.0,0.0,0.0,0.0030198750212962,27.198750212962448,500.0,5.0,intraday_return;parkinson_vol_20;volume_z_20,volume_z_60;mom_126;hl_range_20,,False,True,True,True,459.99,,FLAT,False,452.1
2026-05-14T17:13:00.563471+00:00,LGND,BUY,3,217.32,651.96,False,Submitted,1742,,1.0,2.0,0.065196,0.130392,0.195588,True,,Ligand Pharmaceuticals Inc.,,0.0,0.0,0.0,0.0,0.0044463703137955,41.46370313795542,235.0,5.0,parkinson_vol_20;intraday_return;mom_5,hl_range_20;volatility_20;mom_1,,False,True,True,True,218.98,,FLAT,False,651.96
2026-05-14T17:13:00.563471+00:00,LIEN,SELL,79,9.76,771.04,False,Submitted,1745,,1.0,2.0,0.0771039999999999,0.1542079999999999,0.2313119999999999,True,,"Chicago Atlantic BDC, Inc. Common Stock",SHORT,-0.00078125,0.0,-0.00078125,-78.125,-0.0043287949725986,40.28794972598643,7295.0,1.0,parkinson_vol_20;sales_to_price;mom_1,volume_z_60;intraday_return;book_to_market,,False,True,True,True,9.83,"SHORT because predicted alpha is in the bottom decile. Net alpha after estimated 3.0 bps trading cost is 40.29 bps versus threshold 5.00 bps. Main contributors were volume_z_60, intraday_return, book_to_market. Price filter passed; liquidity filter passed.",SHORT,True,-771.04
2026-05-14T17:13:00.563471+00:00,LIFE,SELL,114,23.08,2631.12,False,Submitted,1748,,1.0,2.0,0.263112,0.526224,0.789336,True,,Ethos Technologies Inc. Class A Common Stock,SELL,0.0036760602678571,0.0044642857142857,-0.0007882254464285,-78.82254464285712,0.0006409438942204,3.4094389422049334,1611.0,3.0,overnight_return;mom_63;mom_21,mom_5;parkinson_vol_20;mom_1,,False,True,True,True,22.47,"SELL because predicted alpha is in the top decile. Net alpha after estimated 3.0 bps trading cost is 3.41 bps versus threshold 5.00 bps. Main contributors were overnight_return, mom_63, mom_21. Price filter passed; liquidity filter passed.",LONG,True,-2631.12
2026-05-14T17:13:00.563471+00:00,LIND,SELL,128,19.51,2497.28,False,Submitted,1754,,1.0,2.0,0.249728,0.499456,0.7491840000000001,True,,Lindblad Expeditions Holdings Inc. Common Stock,,0.0,0.0,0.0,0.0,-0.0009014034025227,-12.014034025227552,6767.0,2.0,parkinson_vol_20;dist_52w_high;mom_252,mom_5;mom_126;overnight_return,,False,True,True,True,19.36,,FLAT,False,-2497.28
2026-05-14T17:13:00.563471+00:00,LINK,BUY,728,3.45,2511.6,False,Submitted,1757,,1.0,2.0,0.25116,0.50232,0.7534799999999999,True,,"Interlink Electronics, Inc. Common Stock",,0.0,0.0,0.0,0.0,-0.0029405066061133,-32.40506606113384,7172.0,1.0,hl_range_20;overnight_return;volume_z_60,intraday_return;parkinson_vol_20;mom_10,,False,False,False,True,3.7,,FLAT,False,2511.6
2026-05-14T17:13:00.563471+00:00,LLYVA,SELL,7,97.81,684.6700000000001,False,Submitted,1763,,1.0,2.0,0.068467,0.136934,0.205401,True,,"Liberty Live Holdings, Inc. Series A Liberty Live Group Common Stock",SHORT,-0.00078125,0.0,-0.00078125,-78.125,-0.0043924161648706,40.92416164870675,7300.0,1.0,parkinson_vol_20;volume_z_20;dist_52w_high,volume_z_60;hl_range_20;volatility_20,,False,True,True,True,97.14,"SHORT because predicted alpha is in the bottom decile. Net alpha after estimated 3.0 bps trading cost is 40.92 bps versus threshold 5.00 bps. Main contributors were volume_z_60, hl_range_20, volatility_20. Price filter passed; liquidity filter passed.",SHORT,True,-684.6700000000001
2026-05-14T17:13:00.563471+00:00,LMRI,SELL,104,7.41,770.64,False,Submitted,1769,,1.0,2.0,0.077064,0.154128,0.2311919999999999,True,,"Lumexa Imaging Holdings, Inc. Common Stock",COVER,-0.0044573102678571,-0.0044642857142857,6.975446428571404e-06,0.6975446428571404,-0.0025541093700236,22.541093700236413,7120.0,1.0,intraday_return;mom_10;volume_z_20,volume_z_60;mom_5;mom_1,,False,True,True,True,7.21,"COVER because predicted alpha is in the bottom decile. Net alpha after estimated 3.0 bps trading cost is 22.54 bps versus threshold 5.00 bps. Main contributors were volume_z_60, mom_5, mom_1. Price filter passed; liquidity filter passed.",SHORT,True,-770.64
2026-05-14T17:13:00.563471+00:00,LOVE,BUY,233,15.13,3525.29,False,Submitted,1772,,1.0,2.0,0.352529,0.705058,1.0575869999999998,True,,The Lovesac Company Common Stock,,0.0,0.0,0.0,0.0,0.0018552058147381,15.55205814738149,894.0,4.0,parkinson_vol_20;sales_to_price;volume_z_60,book_to_market;hl_range_20;volatility_20,,False,True,True,True,15.32,,FLAT,False,3525.29
2026-05-14T17:13:00.563471+00:00,LQDA,BUY,123,58.82,7234.86,False,Submitted,1775,,1.0,2.0,0.723486,1.446972,2.170458,True,,Liquidia Corporation Common Stock,SELL,0.0044573102678571,0.0044642857142857,-6.975446428571404e-06,-0.6975446428571404,0.0076994154201464,73.9941542014642,47.0,5.0,mom_5;close_to_low_20;mom_21,mom_10;mom_126;intraday_return,,False,True,True,True,59.3,"SELL because predicted alpha is in the top decile. Net alpha after estimated 3.0 bps trading cost is 73.99 bps versus threshold 5.00 bps. Main contributors were mom_5, close_to_low_20, mom_21. Price filter passed; liquidity filter passed.",LONG,True,7234.86
2026-05-14T17:13:00.563471+00:00,LWAY,SELL,31,25.02,775.62,False,Submitted,1781,,1.0,2.0,0.077562,0.155124,0.232686,True,,Lifeway Foods Inc,SHORT,-0.00078125,0.0,-0.00078125,-78.125,-0.0034418410615791,31.41841061579144,7224.0,1.0,parkinson_vol_20;overnight_return;volume_z_20,volume_z_60;hl_range_20;mom_1,,False,True,True,True,26.0,"SHORT because predicted alpha is in the bottom decile. Net alpha after estimated 3.0 bps trading cost is 31.42 bps versus threshold 5.00 bps. Main contributors were volume_z_60, hl_range_20, mom_1. Price filter passed; liquidity filter passed.",SHORT,True,-775.62
2026-05-14T17:13:00.563471+00:00,MBBC,BUY,31,14.97,464.07,False,Submitted,1793,,1.0,2.0,0.046407,0.092814,0.1392209999999999,True,,"Marathon Bancorp, Inc. Common Stock",,0.0,0.0,0.0,0.0,0.0020953992112798,17.95399211279899,801.0,4.0,parkinson_vol_20;overnight_return;volume_z_60,hl_range_20;mom_1;mom_126,,False,True,False,True,14.96,,FLAT,False,464.07
2026-05-14T17:13:00.563471+00:00,MBX,SELL,12,37.45,449.4,False,Submitted,1796,,1.0,2.0,0.04494,0.08988,0.13482,True,,"MBX Biosciences, Inc. Common Stock",,0.0,0.0,0.0,0.0,0.0029031468941265,26.03146894126528,523.0,5.0,intraday_return;net_margin;mom_252,operating_margin;volume_z_60;mom_1,,False,True,True,True,35.36,,FLAT,False,-449.4
2026-05-14T17:13:00.563471+00:00,MMED,BUY,151,11.17,1686.67,False,Submitted,1820,,1.0,2.0,0.168667,0.337334,0.506001,True,,"MiniMed Group, Inc. Common Stock",,0.0,0.0,0.0,0.0,0.0025142897191076,22.14289719107699,636.0,5.0,parkinson_vol_20;intraday_return;volume_z_60,mom_21;close_to_low_20;mom_5,,False,True,True,True,11.08,,FLAT,False,1686.67
2026-05-14T17:13:00.563471+00:00,MNPR,SELL,7,59.08,413.56,False,Submitted,1823,,1.0,2.0,0.041356,0.082712,0.1240679999999999,True,,Monopar Therapeutics Inc. Common Stock,SHORT,-0.00078125,0.0,-0.00078125,-78.125,-0.003087791793624,27.87791793624006,7186.0,1.0,net_margin;volume_z_20;parkinson_vol_20,volume_z_60;operating_margin;mom_10,,False,True,True,True,60.99,"SHORT because predicted alpha is in the bottom decile. Net alpha after estimated 3.0 bps trading cost is 27.88 bps versus threshold 5.00 bps. Main contributors were volume_z_60, operating_margin, mom_10. Price filter passed; liquidity filter passed.",SHORT,True,-413.56
2026-05-14T17:13:00.563471+00:00,MNTS,SELL,285,6.39,1821.15,False,Submitted,1826,,1.0,2.0,0.182115,0.36423,0.546345,True,,Momentus Inc. Class A Common Stock,COVER,-0.0036760602678571,-0.0044642857142857,0.0007882254464285,78.82254464285712,-0.0012777192485885,9.777192485885918,6868.0,1.0,hl_range_20;mom_5;intraday_return,parkinson_vol_20;mom_1;mom_10,,False,True,True,True,5.56,"COVER because predicted alpha is in the bottom decile. Net alpha after estimated 3.0 bps trading cost is 9.78 bps versus threshold 5.00 bps. Main contributors were parkinson_vol_20, mom_1, mom_10. Price filter passed; liquidity filter passed.",SHORT,True,-1821.15
2026-05-14T17:13:00.563471+00:00,MOVE,SELL,224,21.24,4757.759999999999,False,Submitted,1829,,1.0,2.0,0.4757759999999999,0.9515519999999998,1.4273279999999997,True,,"Corvex, Inc. Common Stock",COVER,-0.0036760602678571,-0.0044642857142857,0.0007882254464285,78.82254464285712,0.0041000109796241,-44.00010979624118,285.0,5.0,mom_5;gross_margin;mom_63,intraday_return;parkinson_vol_20;roa,,False,True,True,True,20.92,"COVER because predicted alpha is in the bottom decile. Net alpha after estimated 3.0 bps trading cost is -44.00 bps versus threshold 5.00 bps. Main contributors were intraday_return, parkinson_vol_20, roa. Price filter passed; liquidity filter passed.",SHORT,True,-4757.759999999999
2026-05-14T17:13:00.563471+00:00,MPLT,BUY,26,29.32,762.32,False,Submitted,1832,,1.0,2.0,0.076232,0.152464,0.228696,True,,"MapLight Therapeutics, Inc. Common Stock",,0.0,0.0,0.0,0.0,0.0038291924581978,35.29192458197897,331.0,5.0,intraday_return;hl_range_20;mom_63,mom_126;mom_1;volume_z_60,,False,True,True,True,29.29,,FLAT,False,762.32
2026-05-14T17:13:00.563471+00:00,MRLN,BUY,313,7.04,2203.52,False,Submitted,1838,,1.0,2.0,0.220352,0.440704,0.661056,True,,"Merlin, Inc. Common Stock",COVER,-0.0036760602678571,-0.0044642857142857,0.0007882254464285,78.82254464285712,-0.0021769073326305,18.769073326305364,7057.0,1.0,intraday_return;hl_range_20;close_to_high_20,parkinson_vol_20;volume_z_60;mom_21,,False,True,True,True,7.06,"COVER because predicted alpha is in the bottom decile. Net alpha after estimated 3.0 bps trading cost is 18.77 bps versus threshold 5.00 bps. Main contributors were parkinson_vol_20, volume_z_60, mom_21. Price filter passed; liquidity filter passed.",SHORT,True,2203.52
2026-05-14T17:13:00.563471+00:00,MSTR,BUY,19,189.47,3599.93,False,Submitted,1847,,1.0,2.0,0.359993,0.719986,1.079979,True,,Strategy Inc Common Stock Class A,SELL,0.0036760602678571,0.0044642857142857,-0.0007882254464285,-78.82254464285712,0.0012608092421461,9.608092421461585,1214.0,4.0,parkinson_vol_20;mom_21;mom_63,intraday_return;mom_10;mom_252,,False,True,True,True,186.97,"SELL because predicted alpha is in the top decile. Net alpha after estimated 3.0 bps trading cost is 9.61 bps versus threshold 5.00 bps. Main contributors were parkinson_vol_20, mom_21, mom_63. Price filter passed; liquidity filter passed.",LONG,True,3599.93
2026-05-14T17:13:00.563471+00:00,MTCH,BUY,21,35.81,752.01,False,Submitted,1850,,1.0,2.0,0.075201,0.150402,0.225603,True,,"Match Group, Inc",,0.0,0.0,0.0,0.0,0.0042594853439226,39.59485343922624,264.0,5.0,parkinson_vol_20;debt_to_equity;volume_z_60,hl_range_20;volatility_20;close_to_low_20,,False,True,True,True,35.73,,FLAT,False,752.01
2026-05-14T17:13:00.563471+00:00,NEGG,SELL,100,22.49,2249.0,False,Submitted,1877,,1.0,2.0,0.2249,0.4498,0.6747,True,,"Newegg Commerce, Inc. Common Shares",,0.0,0.0,0.0,0.0,0.0014020705153956,11.020705153956625,1135.0,4.0,intraday_return;mom_252;mom_10,mom_5;mom_21;volume_z_60,,False,True,True,True,22.25,,FLAT,False,-2249.0
2026-05-14T17:13:00.563471+00:00,NEO,BUY,475,8.4,3990.0,False,Submitted,1880,,1.0,2.0,0.399,0.798,1.197,True,,"NeoGenomics, Inc.",,0.0,0.0,0.0,0.0,0.0008931943040989,5.931943040989514,1442.0,4.0,volume_z_60;parkinson_vol_20;mom_10,mom_5;mom_63;volume_z_20,,False,True,True,True,8.36,,FLAT,False,3990.0
2026-05-14T17:13:00.563471+00:00,NKLR,SELL,79,6.06,478.74,False,Submitted,1892,,1.0,2.0,0.0478739999999999,0.0957479999999999,0.1436219999999999,True,,Terra Innovatum Global N.V. Ordinary shares,,0.0,0.0,0.0,0.0,-0.0006799703528465,-9.799703528465091,6690.0,2.0,hl_range_20;mom_1;mom_5,intraday_return;parkinson_vol_20;dist_52w_high,,False,True,True,True,6.34,,FLAT,False,-478.74
2026-05-14T17:13:00.563471+00:00,NKSH,SELL,112,35.26,3949.12,False,Submitted,1895,,1.0,2.0,0.394912,0.789824,1.184736,True,,National Bankshares Inc/VA,,0.0,0.0,0.0,0.0,-0.0008450173703427,-11.45017370342713,6743.0,2.0,parkinson_vol_20;volume_z_60;volatility_63,book_to_market;hl_range_20;mom_5,,False,True,False,True,35.15,,FLAT,False,-3949.12
2026-05-14T17:13:00.563471+00:00,NNBR,SELL,1235,2.35,2902.25,False,Submitted,1901,,1.0,2.0,0.290225,0.58045,0.8706750000000001,True,,NN Inc,,0.0,0.0,0.0,0.0,-0.0005579103960488,-8.579103960488016,6647.0,2.0,hl_range_20;volume_z_60;mom_21,mom_5;intraday_return;parkinson_vol_20,,False,False,True,True,2.33,,FLAT,False,-2902.25
2026-05-14T17:13:00.563471+00:00,NRXP,BUY,165,3.2,528.0,False,Submitted,1907,,1.0,2.0,0.0528,0.1056,0.1583999999999999,True,,"NRX Pharmaceuticals, Inc. Common Stock",,0.0,0.0,0.0,0.0,-0.0005247359017684,-8.247359017684476,6636.0,2.0,revenue_growth_yoy;mom_1;mom_63,intraday_return;roa;volume_z_60,,False,False,True,True,3.21,,FLAT,False,528.0
2026-05-14T17:13:00.563471+00:00,NUCL,BUY,440,10.81,4756.400000000001,False,Submitted,1919,,1.0,2.0,0.47564,0.95128,1.4269200000000002,True,,Eagle Nuclear Energy Corp. Common stock,,0.0,0.0,0.0,0.0,0.004493828082321,41.93828082321005,233.0,5.0,hl_range_20;intraday_return;mom_5,parkinson_vol_20;overnight_return;volatility_63,,False,True,True,True,10.86,,FLAT,False,4756.400000000001
2026-05-14T17:13:00.563471+00:00,NVMI,SELL,1,552.97,552.97,False,Submitted,1925,,1.0,2.0,0.055297,0.110594,0.165891,True,,Nova Ltd. Ordinary Shares,SHORT,-0.00078125,0.0,-0.00078125,-78.125,-0.0030659112665165,27.6591126651654,7184.0,1.0,parkinson_vol_20;mom_1;mom_5,intraday_return;volume_z_60;mom_126,,False,True,True,True,556.11,"SHORT because predicted alpha is in the bottom decile. Net alpha after estimated 3.0 bps trading cost is 27.66 bps versus threshold 5.00 bps. Main contributors were intraday_return, volume_z_60, mom_126. Price filter passed; liquidity filter passed.",SHORT,True,-552.97
2026-05-14T17:13:00.563471+00:00,OPRT,BUY,310,5.37,1664.7,False,Submitted,1958,,1.0,2.0,0.16647,0.33294,0.49941,True,,Oportun Financial Corporation Common Stock,,0.0,0.0,0.0,0.0,0.0016136576224771,13.13657622477166,1003.0,4.0,parkinson_vol_20;volume_z_60;mom_10,mom_5;close_to_low_20;mom_252,,False,True,True,True,5.38,,FLAT,False,1664.7
2026-05-14T17:13:00.563471+00:00,OPTX,SELL,104,7.4,769.6,False,Submitted,1964,,1.0,2.0,0.07696,0.15392,0.23088,True,,"Syntec Optics Holdings, Inc. Class A Common Stock",SHORT,-0.00078125,0.0,-0.00078125,-78.125,-0.0077233992367942,74.23399236794232,7437.0,1.0,hl_range_20;mom_252;mom_1,intraday_return;mom_126;parkinson_vol_20,,False,True,True,True,7.64,"SHORT because predicted alpha is in the bottom decile. Net alpha after estimated 3.0 bps trading cost is 74.23 bps versus threshold 5.00 bps. Main contributors were intraday_return, mom_126, parkinson_vol_20. Price filter passed; liquidity filter passed.",SHORT,True,-769.6
2026-05-14T17:13:00.563471+00:00,ORMP,BUY,551,4.72,2600.72,False,Submitted,1970,,1.0,2.0,0.2600719999999999,0.5201439999999999,0.7802159999999999,True,,Oramed Pharmaceuticals Inc.,,0.0,0.0,0.0,0.0,0.0042103075699054,39.10307569905482,271.0,5.0,mom_5;parkinson_vol_20;volume_z_60,intraday_return;mom_126;mom_10,,False,False,False,True,4.73,,FLAT,False,2600.72
2026-05-14T17:13:00.563471+00:00,PAHC,SELL,130,36.35,4725.5,False,Submitted,1976,,1.0,2.0,0.47255,0.9451,1.41765,True,,Phibro Animal Health Corporation Class A,COVER,-0.0044573102678571,-0.0044642857142857,6.975446428571404e-06,0.6975446428571404,-0.0033804176222295,30.80417622229512,7215.0,1.0,mom_10;parkinson_vol_20;close_to_high_20,mom_5;volume_z_60;intraday_return,,False,True,True,True,36.15,"COVER because predicted alpha is in the bottom decile. Net alpha after estimated 3.0 bps trading cost is 30.80 bps versus threshold 5.00 bps. Main contributors were mom_5, volume_z_60, intraday_return. Price filter passed; liquidity filter passed.",SHORT,True,-4725.5
2026-05-14T17:13:00.563471+00:00,PENG,BUY,353,47.19,16658.07,False,Submitted,1988,,1.0,2.0,1.665807,3.331614,4.997421,True,,"Penguin Solutions, Inc. Ordinary Shares",SELL,0.0044573102678571,0.0044642857142857,-6.975446428571404e-06,-0.6975446428571404,0.00669275797407,63.927579740700736,74.0,5.0,mom_5;mom_21;close_to_low_20,mom_10;intraday_return;mom_126,,False,True,True,True,49.44,"SELL because predicted alpha is in the top decile. Net alpha after estimated 3.0 bps trading cost is 63.93 bps versus threshold 5.00 bps. Main contributors were mom_5, mom_21, close_to_low_20. Price filter passed; liquidity filter passed.",LONG,True,16658.07
2026-05-14T17:13:00.563471+00:00,PFIS,SELL,5,57.74,288.7,False,Submitted,1994,,1.0,2.0,0.02887,0.05774,0.0866099999999999,True,,Peoples Financial Services Corp.,,0.0,0.0,0.0,0.0,-0.0014340970989214,-17.340970989214284,6904.0,1.0,parkinson_vol_20;dist_52w_high;volatility_10,volume_z_60;hl_range_20;book_to_market,,False,True,True,True,57.72,,FLAT,False,-288.7
2026-05-14T17:13:00.563471+00:00,PHVS,BUY,78,31.73,2474.94,False,Submitted,2000,,1.0,2.0,0.247494,0.494988,0.742482,True,,Pharvaris N.V. Ordinary Shares,,0.0,0.0,0.0,0.0,0.004609375727699,43.09375727699058,222.0,5.0,intraday_return;parkinson_vol_20;mom_5,volume_z_60;mom_1;mom_126,,False,True,True,True,30.7,,FLAT,False,2474.94
2026-05-14T17:13:00.563471+00:00,PICS,SELL,200,11.85,2370.0,False,Submitted,2003,,1.0,2.0,0.237,0.474,0.711,True,,PicS N.V. Class A Common Shares,,0.0,0.0,0.0,0.0,0.0018633668552356,15.633668552356152,887.0,4.0,intraday_return;volume_z_60;parkinson_vol_20,mom_5;mom_1;close_to_low_20,,False,True,True,True,11.55,,FLAT,False,-2370.0
2026-05-14T17:13:00.563471+00:00,PLAB,SELL,9,52.49,472.41,False,Submitted,2006,,1.0,2.0,0.047241,0.094482,0.141723,True,,Photronics Inc,,0.0,0.0,0.0,0.0,0.0032540488246307,29.540488246307675,446.0,5.0,parkinson_vol_20;volume_z_60;mom_252,mom_126;hl_range_20;close_to_high_20,,False,True,True,True,52.01,,FLAT,False,-472.41
2026-05-14T17:13:00.563471+00:00,PLSE,SELL,8,27.05,216.4,False,Submitted,2009,,1.0,2.0,0.02164,0.04328,0.06492,True,,"Pulse Biosciences, Inc Common Stock (DE)",SELL,0.0036760602678571,0.0044642857142857,-0.0007882254464285,-78.82254464285712,0.0010466226234536,7.466226234536483,1336.0,4.0,mom_5;gross_margin;mom_1,intraday_return;volume_z_60;operating_margin,,False,True,True,True,27.1,"SELL because predicted alpha is in the top decile. Net alpha after estimated 3.0 bps trading cost is 7.47 bps versus threshold 5.00 bps. Main contributors were mom_5, gross_margin, mom_1. Price filter passed; liquidity filter passed.",LONG,True,-216.4
2026-05-14T17:13:00.563471+00:00,PMTR,BUY,237,10.33,2448.21,False,Submitted,2012,,1.0,2.0,0.244821,0.489642,0.7344630000000001,True,,Perimeter Acquisition Corp. I Class A Ordinary Shares,,0.0,0.0,0.0,0.0,0.0004066599755414,1.0665997554140656,1768.0,3.0,parkinson_vol_20;volume_z_60;volatility_10,hl_range_20;volatility_20;close_to_high_20,,False,True,False,True,10.34,,FLAT,False,2448.21
2026-05-14T17:13:00.563471+00:00,PNRG,BUY,15,254.92,3823.8,False,Submitted,2015,,1.0,2.0,0.38238,0.76476,1.14714,True,,PrimeEnergy Resources Corporation Common Stock,,0.0,0.0,0.0,0.0,0.004230244086862,39.30244086862079,267.0,5.0,mom_5;mom_21;parkinson_vol_20,mom_126;close_to_high_20;mom_10,,False,True,True,True,253.36,,FLAT,False,3823.8
2026-05-14T17:13:00.563471+00:00,PNTG,SELL,69,36.9,2546.1,False,Submitted,2018,,1.0,2.0,0.25461,0.50922,0.76383,True,,"The Pennant Group, Inc. Common Stock",,0.0,0.0,0.0,0.0,0.0007170895339565,4.170895339565734,1557.0,3.0,parkinson_vol_20;mom_21;dist_52w_high,intraday_return;mom_10;hl_range_20,,False,True,True,True,36.9,,FLAT,False,-2546.1
2026-05-14T17:13:00.563471+00:00,POET,BUY,178,19.31,3437.18,False,Submitted,2021,,1.0,2.0,0.3437179999999999,0.6874359999999999,1.031154,True,,POET Technologies Inc. Common Shares,SELL,0.0028948102678571,0.0044642857142857,-0.0015694754464285,-156.94754464285714,-0.005582393265653,-58.8239326565301,7357.0,1.0,mom_5;hl_range_20;close_to_low_20,parkinson_vol_20;intraday_return;mom_126,,False,True,True,True,20.57,"SELL because predicted alpha is in the top decile. Net alpha after estimated 3.0 bps trading cost is -58.82 bps versus threshold 5.00 bps. Main contributors were mom_5, hl_range_20, close_to_low_20. Price filter passed; liquidity filter passed.",LONG,True,3437.18
2026-05-14T17:13:00.563471+00:00,POLE,BUY,44,10.72,471.68,False,Submitted,2024,,1.0,2.0,0.047168,0.094336,0.141504,True,,Andretti Acquisition Corp. II Class A Ordinary Shares,,0.0,0.0,0.0,0.0,0.0004580056827893,1.5800568278939018,1737.0,3.0,parkinson_vol_20;volume_z_60;volatility_10,hl_range_20;volatility_20;close_to_high_20,,False,True,False,True,10.71,,FLAT,False,471.68
2026-05-14T17:13:00.563471+00:00,PPTA,BUY,151,31.36,4735.36,False,Submitted,2033,,1.0,2.0,0.4735359999999999,0.947072,1.420608,True,,Perpetua Resources Corp. Common Shares,SELL,0.0044573102678571,0.0044642857142857,-6.975446428571404e-06,-0.6975446428571404,0.0063247474343971,60.24747434397168,88.0,5.0,parkinson_vol_20;intraday_return;mom_5,mom_10;mom_126;hl_range_20,,False,True,True,True,31.1,"SELL because predicted alpha is in the top decile. Net alpha after estimated 3.0 bps trading cost is 60.25 bps versus threshold 5.00 bps. Main contributors were parkinson_vol_20, intraday_return, mom_5. Price filter passed; liquidity filter passed.",LONG,True,4735.36
2026-05-14T17:13:00.563471+00:00,PRAA,SELL,52,14.71,764.9200000000001,False,Submitted,2036,,1.0,2.0,0.076492,0.152984,0.229476,True,,"PRA Group, Inc.",SHORT,-0.00078125,0.0,-0.00078125,-78.125,-0.0027113201574061,24.11320157406121,7142.0,1.0,mom_10;close_to_high_20;volume_z_20,mom_5;volume_z_60;mom_21,,False,True,True,True,14.72,"SHORT because predicted alpha is in the bottom decile. Net alpha after estimated 3.0 bps trading cost is 24.11 bps versus threshold 5.00 bps. Main contributors were mom_5, volume_z_60, mom_21. Price filter passed; liquidity filter passed.",SHORT,True,-764.9200000000001
2026-05-14T17:13:00.563471+00:00,PRE,BUY,229,17.39,3982.31,False,Submitted,2039,,1.0,2.0,0.398231,0.796462,1.194693,True,,Prenetics Global Limited Class A Ordinary Share,,0.0,0.0,0.0,0.0,0.0015329052295722,12.329052295722107,1050.0,4.0,mom_5;mom_252;parkinson_vol_20,volume_z_60;intraday_return;mom_126,,False,True,True,True,17.59,,FLAT,False,3982.31
2026-05-14T17:13:00.563471+00:00,PRTA,SELL,176,9.77,1719.52,False,Submitted,2042,,1.0,2.0,0.171952,0.343904,0.515856,True,,Prothena Corporation plc Ordinary Shares,COVER,-0.0044573102678571,-0.0044642857142857,6.975446428571404e-06,0.6975446428571404,-0.0060141771614828,57.1417716148287,7385.0,1.0,parkinson_vol_20;mom_10;dist_52w_high,earnings_yield;book_to_market;intraday_return,,False,True,True,True,9.86,"COVER because predicted alpha is in the bottom decile. Net alpha after estimated 3.0 bps trading cost is 57.14 bps versus threshold 5.00 bps. Main contributors were earnings_yield, book_to_market, intraday_return. Price filter passed; liquidity filter passed.",SHORT,True,-1719.52
2026-05-14T17:13:00.563471+00:00,PRTH,BUY,663,6.02,3991.26,False,Submitted,2045,,1.0,2.0,0.399126,0.798252,1.197378,True,,"Priority Technology Holdings, Inc.",SELL,0.0036760602678571,0.0044642857142857,-0.0007882254464285,-78.82254464285712,0.0025324119328903,22.3241193289034,629.0,5.0,parkinson_vol_20;mom_5;debt_to_equity,intraday_return;hl_range_20;mom_10,,False,True,True,True,5.98,"SELL because predicted alpha is in the top decile. Net alpha after estimated 3.0 bps trading cost is 22.32 bps versus threshold 5.00 bps. Main contributors were parkinson_vol_20, mom_5, debt_to_equity. Price filter passed; liquidity filter passed.",LONG,True,3991.26
2026-05-14T17:13:00.563471+00:00,PYXS,SELL,183,2.25,411.75,False,Submitted,2060,,1.0,2.0,0.041175,0.08235,0.123525,True,,"Pyxis Oncology, Inc. Common Stock",,0.0,0.0,0.0,0.0,0.0039052291197548,36.05229119754826,315.0,5.0,intraday_return;hl_range_20;volatility_20,parkinson_vol_20;mom_1;volume_z_60,,False,False,True,True,2.21,,FLAT,False,-411.75
2026-05-14T17:13:00.563471+00:00,QMCO,SELL,53,8.83,467.99,False,Submitted,2069,,1.0,2.0,0.046799,0.093598,0.140397,True,,Quantum Corporation,,0.0,0.0,0.0,0.0,0.0010368872349394,7.368872349394413,1342.0,4.0,hl_range_20;mom_63;mom_21,mom_10;volatility_10;intraday_return,,False,True,True,True,8.8,,FLAT,False,-467.99
2026-05-14T17:13:00.563471+00:00,QNTM,SELL,113,6.84,772.92,False,Submitted,2072,,1.0,2.0,0.077292,0.154584,0.231876,True,,Quantum Biopharma Ltd. Class B Subordinate Voting Shares,,0.0,0.0,0.0,0.0,-0.0001060451509158,-4.060451509158543,6427.0,2.0,mom_5;close_to_low_20;hl_range_20,intraday_return;parkinson_vol_20;mom_10,,False,True,True,True,6.87,,FLAT,False,-772.92
2026-05-14T17:13:00.563471+00:00,QSEA,SELL,74,10.42,771.08,False,Submitted,2075,,1.0,2.0,0.077108,0.154216,0.231324,True,,Quartzsea Acquisition Corporation Ordinary Shares,SHORT,-0.00078125,0.0,-0.00078125,-78.125,-0.0061251115327824,58.25111532782456,7390.0,1.0,parkinson_vol_20;volume_z_20;volatility_10,volume_z_60;hl_range_20;volatility_20,,False,True,True,True,10.43,"SHORT because predicted alpha is in the bottom decile. Net alpha after estimated 3.0 bps trading cost is 58.25 bps versus threshold 5.00 bps. Main contributors were volume_z_60, hl_range_20, volatility_20. Price filter passed; liquidity filter passed.",SHORT,True,-771.08
2026-05-14T17:13:00.563471+00:00,QTI,SELL,602,6.6,3973.2,False,Submitted,2078,,1.0,2.0,0.39732,0.79464,1.19196,True,,"QT Imaging Holdings, Inc. Common Stock",,0.0,0.0,0.0,0.0,-0.0024568460367788,-27.568460367788035,7109.0,1.0,parkinson_vol_20;mom_1;operating_margin,intraday_return;overnight_return;roa,,False,True,False,True,6.71005,,FLAT,False,-3973.2
2026-05-14T17:13:00.563471+00:00,QURE,BUY,91,27.17,2472.4700000000003,False,Submitted,2084,,1.0,2.0,0.247247,0.494494,0.7417410000000001,True,,uniQure N.V.,SELL,0.0044573102678571,0.0044642857142857,-6.975446428571404e-06,-0.6975446428571404,0.0073008115347854,70.00811534785419,57.0,5.0,intraday_return;mom_21;mom_5,mom_10;mom_1;volatility_63,,False,True,True,True,27.75,"SELL because predicted alpha is in the top decile. Net alpha after estimated 3.0 bps trading cost is 70.01 bps versus threshold 5.00 bps. Main contributors were intraday_return, mom_21, mom_5. Price filter passed; liquidity filter passed.",LONG,True,2472.4700000000003
2026-05-14T17:13:00.563471+00:00,RBCAA,SELL,10,76.68,766.8000000000001,False,Submitted,2087,,1.0,2.0,0.07668,0.15336,0.23004,True,,Republic Bancorp Inc/KY,,0.0,0.0,0.0,0.0,-0.0016187129582975,-19.18712958297511,6936.0,1.0,parkinson_vol_20;volume_z_20;volatility_10,volume_z_60;hl_range_20;close_to_high_20,,False,True,True,True,76.67,,FLAT,False,-766.8000000000001
2026-05-14T17:13:00.563471+00:00,RDVT,SELL,51,46.09,2350.59,False,Submitted,2090,,1.0,2.0,0.235059,0.470118,0.705177,True,,"Red Violet, Inc. Common Stock",,0.0,0.0,0.0,0.0,0.0007231234087352,4.231234087352821,1553.0,3.0,parkinson_vol_20;intraday_return;mom_21,volume_z_60;mom_10;mom_5,,False,True,True,True,45.39,,FLAT,False,-2350.59
2026-05-14T17:13:00.563471+00:00,RDZN,BUY,1673,1.88,3145.24,False,Submitted,2093,,1.0,2.0,0.3145239999999999,0.6290479999999999,0.943572,True,,"Roadzen, Inc. Ordinary Shares",,0.0,0.0,0.0,0.0,0.0028534181672351,25.5341816723518,536.0,5.0,hl_range_20;mom_21;close_to_low_20,parkinson_vol_20;roa;volume_z_20,,False,False,False,True,1.85,,FLAT,False,3145.24
2026-05-14T17:13:00.563471+00:00,RGNX,SELL,122,6.31,769.8199999999999,False,Submitted,2099,,1.0,2.0,0.076982,0.153964,0.2309459999999999,True,,REGENXBIO Inc.,,0.0,0.0,0.0,0.0,-0.0013797477923237,-16.797477923237395,6885.0,1.0,intraday_return;overnight_return;volatility_20,volume_z_60;mom_5;mom_1,,False,True,True,True,6.245,,FLAT,False,-769.8199999999999
2026-05-14T17:13:00.563471+00:00,RILY,BUY,466,9.16,4268.56,False,Submitted,2105,,1.0,2.0,0.426856,0.853712,1.2805680000000002,True,,"BRC Group Holdings, Inc. Common Stock",SELL,0.0036760602678571,0.0044642857142857,-0.0007882254464285,-78.82254464285712,0.0009977027525033,6.977027525033808,1378.0,4.0,mom_1;sales_to_price;mom_252,intraday_return;volume_z_60;mom_126,,False,True,True,True,9.34,"SELL because predicted alpha is in the top decile. Net alpha after estimated 3.0 bps trading cost is 6.98 bps versus threshold 5.00 bps. Main contributors were mom_1, sales_to_price, mom_252. Price filter passed; liquidity filter passed.",LONG,True,4268.56
2026-05-14T17:13:00.563471+00:00,ROOT,BUY,29,56.17,1628.93,False,Submitted,2120,,1.0,2.0,0.162893,0.325786,0.488679,True,,"Root, Inc. Class A Common Stock",,0.0,0.0,0.0,0.0,0.0030146302844502,27.146302844502756,503.0,5.0,sales_to_price;parkinson_vol_20;intraday_return,book_to_market;mom_252;dist_52w_high,,False,True,True,True,56.54,,FLAT,False,1628.93
2026-05-14T17:13:00.563471+00:00,RVMD,SELL,26,149.12,3877.12,False,Submitted,2123,,1.0,2.0,0.387712,0.775424,1.163136,True,,"Revolution Medicines, Inc. Common Stock",,0.0,0.0,0.0,0.0,0.0001957164998423,-1.0428350015767256,1887.0,3.0,parkinson_vol_20;mom_252;net_margin,operating_margin;mom_126;price_kurt_63,,False,True,True,True,149.47,,FLAT,False,-3877.12
2026-05-14T17:13:00.563471+00:00,RXT,SELL,114,6.79,774.0600000000001,False,Submitted,2126,,1.0,2.0,0.077406,0.154812,0.232218,True,,"Rackspace Technology, Inc. Common Stock",SELL,0.0028948102678571,0.0044642857142857,-0.0015694754464285,-156.94754464285714,-0.0039212733621171,-42.21273362117154,7267.0,1.0,mom_5;hl_range_20;close_to_low_20,parkinson_vol_20;intraday_return;mom_126,,False,True,True,True,7.29,"SELL because predicted alpha is in the top decile. Net alpha after estimated 3.0 bps trading cost is -42.21 bps versus threshold 5.00 bps. Main contributors were mom_5, hl_range_20, close_to_low_20. Price filter passed; liquidity filter passed.",LONG,True,-774.0600000000001
2026-05-14T17:13:00.563471+00:00,SCZM,BUY,80,9.67,773.6,False,Submitted,2150,,1.0,2.0,0.07736,0.15472,0.23208,True,,Santacruz Silver Mining Ltd. Common Shares,,0.0,0.0,0.0,0.0,0.0043912987229956,40.91298722995641,242.0,5.0,volume_z_60;intraday_return;parkinson_vol_20,mom_10;mom_1;volume_z_20,,False,True,True,True,9.7,,FLAT,False,773.6
2026-05-14T17:13:00.563471+00:00,SEAT,SELL,417,9.53,3974.01,False,Submitted,2153,,1.0,2.0,0.3974009999999999,0.7948019999999999,1.192203,True,,Vivid Seats Inc. Class A Common Stock,COVER,-0.0036760602678571,-0.0044642857142857,0.0007882254464285,78.82254464285712,-0.0023146153697966,20.14615369796622,7089.0,1.0,hl_range_20;close_to_low_20;mom_21,parkinson_vol_20;mom_10;intraday_return,,False,True,True,True,9.25,"COVER because predicted alpha is in the bottom decile. Net alpha after estimated 3.0 bps trading cost is 20.15 bps versus threshold 5.00 bps. Main contributors were parkinson_vol_20, mom_10, intraday_return. Price filter passed; liquidity filter passed.",SHORT,True,-3974.01
2026-05-14T17:13:00.563471+00:00,SEIC,BUY,8,91.94,735.52,False,Submitted,2156,,1.0,2.0,0.0735519999999999,0.1471039999999999,0.2206559999999999,True,,SEI Investments Co,,0.0,0.0,0.0,0.0,0.0038630808117176,35.6308081171769,320.0,5.0,parkinson_vol_20;intraday_return;volume_z_60,hl_range_20;volatility_20;close_to_high_20,,False,True,True,True,91.7,,FLAT,False,735.52
2026-05-14T17:13:00.563471+00:00,SEPN,SELL,98,26.56,2602.88,False,Submitted,2159,,1.0,2.0,0.2602879999999999,0.5205759999999999,0.7808639999999999,True,,"Septerna, Inc. Common Stock",SHORT,-0.00078125,0.0,-0.00078125,-78.125,-0.0029514624900173,26.51462490017388,7174.0,1.0,mom_1;mom_5;mom_252,intraday_return;volume_z_60;mom_10,,False,True,True,True,28.32,"SHORT because predicted alpha is in the bottom decile. Net alpha after estimated 3.0 bps trading cost is 26.51 bps versus threshold 5.00 bps. Main contributors were intraday_return, volume_z_60, mom_10. Price filter passed; liquidity filter passed.",SHORT,True,-2602.88
2026-05-14T17:13:00.563471+00:00,SERV,SELL,54,8.99,485.46,False,Submitted,2162,,1.0,2.0,0.048546,0.097092,0.145638,True,,Serve Robotics Inc. Common Stock,,0.0,0.0,0.0,0.0,0.0044455642951879,41.45564295187963,238.0,5.0,gross_margin;parkinson_vol_20;mom_10,volume_z_60;close_to_low_20;mom_21,,False,True,True,True,8.74,,FLAT,False,-485.46
2026-05-14T17:13:00.563471+00:00,SEZL,BUY,38,103.95,3950.1,False,Submitted,2165,,1.0,2.0,0.39501,0.79002,1.1850299999999998,True,,Sezzle Inc. Common Stock,SELL,0.0036760602678571,0.0044642857142857,-0.0007882254464285,-78.82254464285712,0.0030283321565371,27.28332156537133,498.0,5.0,mom_21;mom_63;volume_z_60,mom_10;mom_126;close_to_high_20,,False,True,True,True,103.44,"SELL because predicted alpha is in the top decile. Net alpha after estimated 3.0 bps trading cost is 27.28 bps versus threshold 5.00 bps. Main contributors were mom_21, mom_63, volume_z_60. Price filter passed; liquidity filter passed.",LONG,True,3950.1
2026-05-14T17:13:00.563471+00:00,SHOO,SELL,63,39.86,2511.18,False,Submitted,2180,,1.0,2.0,0.251118,0.502236,0.7533540000000001,True,,Steven Madden Ltd,,0.0,0.0,0.0,0.0,0.0018543222854217,15.543222854217966,895.0,4.0,parkinson_vol_20;volume_z_60;dist_52w_high,hl_range_20;close_to_high_20;intraday_return,,False,True,True,True,39.49,,FLAT,False,-2511.18
2026-05-14T17:13:00.563471+00:00,SIBN,BUY,34,14.9,506.6,False,Submitted,2183,,1.0,2.0,0.05066,0.10132,0.15198,True,,"SI-BONE, Inc. Common Stock",,0.0,0.0,0.0,0.0,0.0003121292410321,0.1212924103218244,1817.0,3.0,mom_5;parkinson_vol_20;mom_1,mom_10;intraday_return;close_to_high_20,,False,True,True,True,14.6,,FLAT,False,506.6
2026-05-14T17:13:00.563471+00:00,SKIN,BUY,3745,0.6938,2598.281,False,Submitted,2189,,1.0,2.0,0.2598281,0.5196562,0.7794843,True,,SkinHealth Systems Inc. Class A Common Stock,,0.0,0.0,0.0,0.0,-0.0080290966479908,-83.29096647990896,7447.0,1.0,hl_range_20;volatility_20;mom_10,parkinson_vol_20;mom_5;intraday_return,,False,False,False,True,0.6769,,FLAT,False,2598.281
2026-05-14T17:13:00.563471+00:00,SMTC,BUY,5,138.82,694.0999999999999,False,Submitted,2195,,1.0,2.0,0.0694099999999999,0.1388199999999999,0.2082299999999999,True,,Semtech Corp,SELL,0.0044573102678571,0.0044642857142857,-6.975446428571404e-06,-0.6975446428571404,0.0060594467276715,57.594467276715,106.0,5.0,mom_5;mom_21;parkinson_vol_20,mom_10;mom_126;volume_z_60,,False,True,True,True,141.16,"SELL because predicted alpha is in the top decile. Net alpha after estimated 3.0 bps trading cost is 57.59 bps versus threshold 5.00 bps. Main contributors were mom_5, mom_21, parkinson_vol_20. Price filter passed; liquidity filter passed.",LONG,True,694.0999999999999
2026-05-14T17:13:00.563471+00:00,SOBR,BUY,1591,1.49,2370.59,False,Submitted,2207,,1.0,2.0,0.237059,0.474118,0.7111770000000001,True,,"SOBR Safe, Inc. Common Stock",,0.0,0.0,0.0,0.0,-0.0066356186518683,-69.35618651868306,7406.0,1.0,intraday_return;hl_range_20;volatility_20,parkinson_vol_20;volatility_10;mom_10,,False,False,True,True,1.52,,FLAT,False,2370.59
2026-05-14T17:13:00.563471+00:00,SRRK,BUY,9,50.01,450.09,False,Submitted,2219,,1.0,2.0,0.045009,0.090018,0.135027,True,,Scholar Rock Holding Corporation Common Stock,,0.0,0.0,0.0,0.0,-0.0016471382265295,-19.471382265295876,6944.0,1.0,parkinson_vol_20;net_margin;mom_5,operating_margin;volume_z_60;mom_126,,False,True,True,True,51.28,,FLAT,False,450.09
2026-05-14T17:13:00.563471+00:00,STEX,BUY,2730,0.9778,2669.394,False,Submitted,2222,,1.0,2.0,0.2669394,0.5338788000000001,0.8008182000000001,True,,Streamex Corp. Common Stock,,0.0,0.0,0.0,0.0,-0.0100285306219604,-103.28530621960418,7476.0,1.0,hl_range_20;volatility_20;volume_z_60,parkinson_vol_20;intraday_return;volatility_10,,False,False,False,True,0.956,,FLAT,False,2669.394
2026-05-14T17:13:00.563471+00:00,STOK,SELL,90,30.35,2731.5,False,Submitted,2231,,1.0,2.0,0.27315,0.5463,0.81945,True,,"Stoke Therapeutics, Inc. Common Stock",,0.0,0.0,0.0,0.0,0.0038257260638385,35.25726063838525,332.0,5.0,parkinson_vol_20;mom_252;intraday_return,hl_range_20;volatility_20;mom_21,,False,True,True,True,31.36,,FLAT,False,-2731.5
2026-05-14T17:13:00.563471+00:00,STRO,BUY,100,39.72,3972.0,False,Submitted,2234,,1.0,2.0,0.3972,0.7944,1.1916,True,,"Sutro Biopharma, Inc.",SELL,0.0036760602678571,0.0044642857142857,-0.0007882254464285,-78.82254464285712,0.0048762875557936,45.76287555793641,197.0,5.0,mom_63;mom_252;intraday_return,mom_126;mom_1;volume_z_20,,False,True,True,True,38.42,"SELL because predicted alpha is in the top decile. Net alpha after estimated 3.0 bps trading cost is 45.76 bps versus threshold 5.00 bps. Main contributors were mom_63, mom_252, intraday_return. Price filter passed; liquidity filter passed.",LONG,True,3972.0
2026-05-14T17:13:00.563471+00:00,STRZ,SELL,23,21.72,499.56,False,Submitted,2237,,1.0,2.0,0.0499559999999999,0.0999119999999999,0.1498679999999999,True,,Starz Entertainment Corp. Common Shares,,0.0,0.0,0.0,0.0,-0.0013748803362758,-16.748803362758437,6884.0,1.0,mom_63;mom_1;mom_5,intraday_return;volume_z_60;mom_126,,False,True,True,True,21.93,,FLAT,False,-499.56
2026-05-14T17:13:00.563471+00:00,STTK,BUY,602,6.63,3991.26,False,Submitted,2240,,1.0,2.0,0.399126,0.798252,1.197378,True,,"Shattuck Labs, Inc. Common Stock",BUY,0.00078125,0.0,0.00078125,78.125,0.0057586907951913,54.5869079519136,116.0,5.0,mom_252;mom_63;volume_z_60,mom_126;mom_21;mom_1,,False,True,True,True,6.67,"BUY because predicted alpha is in the top decile. Net alpha after estimated 3.0 bps trading cost is 54.59 bps versus threshold 5.00 bps. Main contributors were mom_252, mom_63, volume_z_60. Price filter passed; liquidity filter passed.",LONG,True,3991.26
2026-05-14T17:13:00.563471+00:00,SWMR,BUY,133,29.76,3958.08,False,Submitted,2252,,1.0,2.0,0.395808,0.7916160000000001,1.187424,True,,"Swarmer, Inc Common Stock",SELL,0.0036760602678571,0.0044642857142857,-0.0007882254464285,-78.82254464285712,0.0028412127150402,25.412127150402807,541.0,5.0,intraday_return;hl_range_20;volume_z_60,parkinson_vol_20;volatility_63;mom_21,,False,True,True,True,29.53,"SELL because predicted alpha is in the top decile. Net alpha after estimated 3.0 bps trading cost is 25.41 bps versus threshold 5.00 bps. Main contributors were intraday_return, hl_range_20, volume_z_60. Price filter passed; liquidity filter passed.",LONG,True,3958.08
2026-05-14T17:13:00.563471+00:00,SYNA,BUY,6,129.03,774.1800000000001,False,Submitted,2255,,1.0,2.0,0.077418,0.154836,0.232254,True,,Synaptics Inc,BUY,0.00078125,0.0,0.00078125,78.125,0.0062223660184373,59.22366018437332,97.0,5.0,mom_5;mom_21;close_to_low_20,mom_10;mom_126;close_to_high_20,,False,True,True,True,129.78,"BUY because predicted alpha is in the top decile. Net alpha after estimated 3.0 bps trading cost is 59.22 bps versus threshold 5.00 bps. Main contributors were mom_5, mom_21, close_to_low_20. Price filter passed; liquidity filter passed.",LONG,True,774.1800000000001
2026-05-14T17:13:00.563471+00:00,TCMD,SELL,104,23.32,2425.28,False,Submitted,2264,,1.0,2.0,0.242528,0.485056,0.727584,True,,"Tactile Systems Technology, Inc.",,0.0,0.0,0.0,0.0,0.0005974583348376,2.974583348376317,1640.0,3.0,parkinson_vol_20;intraday_return;mom_252,mom_5;hl_range_20;sales_to_price,,False,True,True,True,23.04,,FLAT,False,-2425.28
2026-05-14T17:13:00.563471+00:00,TH,BUY,140,18.0,2520.0,False,Submitted,2270,,1.0,2.0,0.252,0.504,0.756,True,,Target Hospitality Corp. Common Stock,,0.0,0.0,0.0,0.0,0.0022131492487586,19.1314924875866,769.0,4.0,mom_63;mom_5;parkinson_vol_20,intraday_return;mom_126;mom_10,,False,True,True,True,18.34,,FLAT,False,2520.0
2026-05-14T17:13:00.563471+00:00,TIGO,BUY,5,81.07,405.35,False,Submitted,2273,,1.0,2.0,0.0405349999999999,0.0810699999999999,0.1216049999999999,True,,Millicom International Cellular S.A. Common Stock,,0.0,0.0,0.0,0.0,0.0033901220106412,30.90122010641298,413.0,5.0,parkinson_vol_20;intraday_return;volume_z_60,hl_range_20;mom_126;volatility_20,,False,True,True,True,81.66,,FLAT,False,405.35
2026-05-14T17:13:00.563471+00:00,TORO,SELL,142,5.44,772.48,False,Submitted,2291,,1.0,2.0,0.077248,0.154496,0.231744,True,,Toro Corp. Common Stock,,0.0,0.0,0.0,0.0,-0.0001756536603874,-4.7565366038743,6466.0,2.0,hl_range_20;volatility_20;mom_10,parkinson_vol_20;price_kurt_63;volatility_10,,False,True,True,True,5.27,,FLAT,False,-772.48
2026-05-14T17:13:00.563471+00:00,TPG,SELL,55,43.77,2407.3500000000004,False,Submitted,2297,,1.0,2.0,0.240735,0.48147,0.7222050000000001,True,,TPG Inc. Class A Common Stock,,0.0,0.0,0.0,0.0,0.0023489247229404,20.489247229404544,708.0,5.0,parkinson_vol_20;volume_z_60;volatility_10,hl_range_20;volatility_20;close_to_low_20,,False,True,True,True,43.25,,FLAT,False,-2407.3500000000004
2026-05-14T17:13:00.563471+00:00,TRUP,BUY,54,22.48,1213.92,False,Submitted,2303,,1.0,2.0,0.121392,0.242784,0.364176,True,,"Trupanion, Inc.",,0.0,0.0,0.0,0.0,0.001224182612037,9.241826120370757,1232.0,4.0,sales_to_price;parkinson_vol_20;intraday_return,mom_5;book_to_market;mom_21,,False,True,True,True,22.36,,FLAT,False,1213.92
2026-05-14T17:13:00.563471+00:00,TSHA,SELL,427,6.39,2728.53,False,Submitted,2309,,1.0,2.0,0.2728529999999999,0.5457059999999999,0.8185589999999998,True,,"Taysha Gene Therapies, Inc. Common Stock",BUY,0.00078125,0.0,0.00078125,78.125,0.0050406664730243,47.40666473024312,183.0,5.0,intraday_return;parkinson_vol_20;volume_z_60,mom_1;mom_126;mom_5,,False,True,True,True,6.3,"BUY because predicted alpha is in the top decile. Net alpha after estimated 3.0 bps trading cost is 47.41 bps versus threshold 5.00 bps. Main contributors were intraday_return, parkinson_vol_20, volume_z_60. Price filter passed; liquidity filter passed.",LONG,True,-2728.53
2026-05-14T17:13:00.563471+00:00,TVGN,SELL,85,9.05,769.2500000000001,False,Submitted,2318,,1.0,2.0,0.076925,0.15385,0.230775,True,,Tevogen Bio Holdings Inc. Common Stock,SHORT,-0.00078125,0.0,-0.00078125,-78.125,-0.0138949968808579,135.94996880857988,7512.0,1.0,mom_1;hl_range_20;mom_5,intraday_return;parkinson_vol_20;volume_z_60,,False,True,True,True,9.42,"SHORT because predicted alpha is in the bottom decile. Net alpha after estimated 3.0 bps trading cost is 135.95 bps versus threshold 5.00 bps. Main contributors were intraday_return, parkinson_vol_20, volume_z_60. Price filter passed; liquidity filter passed.",SHORT,True,-769.2500000000001
2026-05-14T17:13:00.563471+00:00,ULCC,SELL,620,4.9,3038.0,False,Submitted,2330,,1.0,2.0,0.3038,0.6076,0.9114,True,,"Frontier Group Holdings, Inc. Common Stock",,0.0,0.0,0.0,0.0,-0.0010868178338072,-13.868178338072038,6816.0,2.0,hl_range_20;close_to_low_20;mom_21,mom_10;mom_5;intraday_return,,False,False,True,True,4.85,,FLAT,False,-3038.0
2026-05-14T17:13:00.563471+00:00,UNB,BUY,20,23.78,475.6,False,Submitted,2333,,1.0,2.0,0.04756,0.09512,0.14268,True,,"Union Bankshares, Inc",,0.0,0.0,0.0,0.0,-0.0005564693989936,-8.564693989936263,6645.0,2.0,parkinson_vol_20;volume_z_60;volatility_63,hl_range_20;volatility_20;close_to_low_20,,False,True,False,True,23.94,,FLAT,False,475.6
2026-05-14T17:13:00.563471+00:00,URGN,BUY,26,29.36,763.36,False,Submitted,2339,,1.0,2.0,0.076336,0.152672,0.229008,True,,UroGen Pharma Ltd. Ordinary Shares,SELL,0.0044573102678571,0.0044642857142857,-6.975446428571404e-06,-0.6975446428571404,0.006847302191973,65.47302191973066,70.0,5.0,intraday_return;mom_5;mom_21,mom_10;mom_1;gross_margin,,False,True,True,True,29.68,"SELL because predicted alpha is in the top decile. Net alpha after estimated 3.0 bps trading cost is 65.47 bps versus threshold 5.00 bps. Main contributors were intraday_return, mom_5, mom_21. Price filter passed; liquidity filter passed.",LONG,True,763.36
2026-05-14T17:13:00.563471+00:00,USAR,SELL,83,24.87,2064.21,False,Submitted,2342,,1.0,2.0,0.206421,0.412842,0.619263,True,,"USA Rare Earth, Inc. Class A Common Stock",,0.0,0.0,0.0,0.0,0.0047227753240644,44.227753240644425,211.0,5.0,intraday_return;hl_range_20;mom_21,parkinson_vol_20;volume_z_60;mom_5,,False,True,True,True,24.83,,FLAT,False,-2064.21
2026-05-14T17:13:00.563471+00:00,VC,BUY,30,115.79,3473.7000000000003,False,Submitted,2345,,1.0,2.0,0.34737,0.69474,1.04211,True,,VISTEON CORPORATION,,0.0,0.0,0.0,0.0,0.0046174604245635,43.17460424563548,221.0,5.0,parkinson_vol_20;sales_to_price;mom_21,book_to_market;hl_range_20;close_to_high_20,,False,True,True,True,115.62,,FLAT,False,3473.7000000000003
2026-05-14T17:13:00.563471+00:00,VHCP,BUY,246,9.97,2452.6200000000003,False,Submitted,2351,,1.0,2.0,0.245262,0.490524,0.735786,True,,Vine Hill Capital Investment Corp. II Class A Ordinary Shares,,0.0,0.0,0.0,0.0,-0.0016950079963862,-19.95007996386237,6948.0,1.0,parkinson_vol_20;volatility_10;volatility_63,hl_range_20;volatility_20;price_kurt_63,,False,True,False,True,9.94,,FLAT,False,2452.6200000000003
2026-05-14T17:13:00.563471+00:00,VRAX,SELL,16922,0.135,2284.4700000000003,False,Submitted,2363,,1.0,2.0,0.228447,0.4568940000000001,0.6853410000000001,True,,Virax Biolabs Group Limited Ordinary Shares,,0.0,0.0,0.0,0.0,-0.004517440838673,-48.17440838673036,7305.0,1.0,hl_range_20;overnight_return;volume_z_60,parkinson_vol_20;intraday_return;volatility_10,,False,False,False,True,0.14,,FLAT,False,-2284.4700000000003
2026-05-14T17:13:00.563471+00:00,VREX,BUY,296,9.97,2951.1200000000003,False,Submitted,2366,,1.0,2.0,0.295112,0.5902240000000001,0.8853360000000001,True,,Varex Imaging Corporation Common Stock,COVER,-0.0036760602678571,-0.0044642857142857,0.0007882254464285,78.82254464285712,-0.0012516792242599,9.51679224259923,6858.0,1.0,intraday_return;parkinson_vol_20;mom_10,mom_5;volume_z_60;mom_21,,False,True,True,True,10.02,"COVER because predicted alpha is in the bottom decile. Net alpha after estimated 3.0 bps trading cost is 9.52 bps versus threshold 5.00 bps. Main contributors were mom_5, volume_z_60, mom_21. Price filter passed; liquidity filter passed.",SHORT,True,2951.1200000000003
2026-05-14T17:13:00.563471+00:00,VSEC,SELL,13,179.11,2328.4300000000003,False,Submitted,2372,,1.0,2.0,0.232843,0.465686,0.6985290000000001,True,,VSE Corp,,0.0,0.0,0.0,0.0,0.0013051943322491,10.051943322491583,1188.0,4.0,parkinson_vol_20;intraday_return;volume_z_60,mom_5;mom_21;mom_63,,False,True,True,True,179.1,,FLAT,False,-2328.4300000000003
2026-05-14T17:13:00.563471+00:00,VTGN,BUY,765,0.6761,517.2165,False,Submitted,2375,,1.0,2.0,0.05172165,0.1034433,0.15516495,True,,"Vistagen Therapeutics, Inc. Common Stock",,0.0,0.0,0.0,0.0,0.002239165098049,19.39165098049086,761.0,4.0,mom_5;mom_126;volume_z_60,dist_52w_high;mom_252;roa,,False,False,False,True,0.6506,,FLAT,False,517.2165
2026-05-14T17:13:00.563471+00:00,VTSI,BUY,136,3.46,470.56,False,Submitted,2378,,1.0,2.0,0.047056,0.094112,0.141168,True,,"VirTra, Inc. Common Stock",,0.0,0.0,0.0,0.0,-0.0018855760831182,-21.855760831182756,6986.0,1.0,parkinson_vol_20;intraday_return;mom_10,mom_5;gross_margin;mom_21,,False,False,False,True,3.46,,FLAT,False,470.56
2026-05-14T17:13:00.563471+00:00,VTVT,SELL,21,36.94,775.74,False,Submitted,2381,,1.0,2.0,0.077574,0.155148,0.232722,True,,vTv Therapeutics Inc. Class A Common Stock,SHORT,-0.00078125,0.0,-0.00078125,-78.125,-0.0091754645749871,88.75464574987151,7466.0,1.0,mom_1;mom_5;net_margin,intraday_return;volume_z_60;operating_margin,,False,True,True,True,38.43,"SHORT because predicted alpha is in the bottom decile. Net alpha after estimated 3.0 bps trading cost is 88.75 bps versus threshold 5.00 bps. Main contributors were intraday_return, volume_z_60, operating_margin. Price filter passed; liquidity filter passed.",SHORT,True,-775.74
2026-05-14T17:13:00.563471+00:00,WATT,SELL,94,27.4,2575.6,False,Submitted,2384,,1.0,2.0,0.25756,0.51512,0.77268,True,,Energous Corporation,SELL,0.0036760602678571,0.0044642857142857,-0.0007882254464285,-78.82254464285712,-0.0022454011248878,-25.454011248878963,7069.0,1.0,hl_range_20;mom_63;mom_1,intraday_return;parkinson_vol_20;mom_126,,False,True,True,True,26.39,"SELL because predicted alpha is in the top decile. Net alpha after estimated 3.0 bps trading cost is -25.45 bps versus threshold 5.00 bps. Main contributors were hl_range_20, mom_63, mom_1. Price filter passed; liquidity filter passed.",LONG,True,-2575.6
2026-05-14T17:13:00.563471+00:00,WERN,SELL,20,37.76,755.1999999999999,False,Submitted,2396,,1.0,2.0,0.0755199999999999,0.1510399999999999,0.2265599999999999,True,,Werner Enterprises Inc,SHORT,-0.00078125,0.0,-0.00078125,-78.125,-0.0047761572811733,44.76157281173319,7316.0,1.0,parkinson_vol_20;volume_z_20;mom_1,volume_z_60;intraday_return;hl_range_20,,False,True,True,True,37.15,"SHORT because predicted alpha is in the bottom decile. Net alpha after estimated 3.0 bps trading cost is 44.76 bps versus threshold 5.00 bps. Main contributors were volume_z_60, intraday_return, hl_range_20. Price filter passed; liquidity filter passed.",SHORT,True,-755.1999999999999
2026-05-14T17:13:00.563471+00:00,WEST,BUY,561,8.49,4762.89,False,Submitted,2399,,1.0,2.0,0.476289,0.952578,1.428867,True,,Westrock Coffee Company Common Stock,SELL,0.0044573102678571,0.0044642857142857,-6.975446428571404e-06,-0.6975446428571404,0.0066421481040644,63.42148104064455,77.0,5.0,mom_5;mom_21;close_to_low_20,mom_10;mom_126;volatility_10,,False,True,True,True,8.36,"SELL because predicted alpha is in the top decile. Net alpha after estimated 3.0 bps trading cost is 63.42 bps versus threshold 5.00 bps. Main contributors were mom_5, mom_21, close_to_low_20. Price filter passed; liquidity filter passed.",LONG,True,4762.89
2026-05-14T17:13:00.563471+00:00,WGS,BUY,43,39.86,1713.98,False,Submitted,2402,,1.0,2.0,0.171398,0.342796,0.514194,True,,GeneDx Holdings Corp. Class A Common Stock,,0.0,0.0,0.0,0.0,-0.0005577385063925,-8.577385063925892,6646.0,2.0,volatility_20;mom_10;close_to_high_20,volatility_10;mom_21;price_kurt_63,,False,True,True,True,38.85,,FLAT,False,1713.98
2026-05-14T17:13:00.563471+00:00,WINA,BUY,11,359.99,3959.89,False,Submitted,2405,,1.0,2.0,0.395989,0.7919780000000001,1.187967,True,,Winmark Corp,,0.0,0.0,0.0,0.0,0.0025002889619655,22.00288961965529,641.0,5.0,parkinson_vol_20;volume_z_60;volatility_10,hl_range_20;intraday_return;volatility_20,,False,True,True,True,361.83,,FLAT,False,3959.89
2026-05-14T17:13:00.563471+00:00,WLDN,BUY,43,91.72,3943.96,False,Submitted,2411,,1.0,2.0,0.394396,0.788792,1.183188,True,,"Willdan Group, Inc.",,0.0,0.0,0.0,0.0,0.0039931599445429,36.9315994454294,304.0,5.0,mom_5;parkinson_vol_20;close_to_low_20,mom_10;close_to_high_20;price_kurt_63,,False,True,True,True,91.66,,FLAT,False,3943.96
2026-05-14T17:13:00.563471+00:00,WLFC,SELL,4,187.34,749.36,False,Submitted,2414,,1.0,2.0,0.074936,0.149872,0.224808,True,,Willis Lease Finance Corp,SHORT,-0.00078125,0.0,-0.00078125,-78.125,-0.0036734270991481,33.73427099148128,7245.0,1.0,intraday_return;parkinson_vol_20;volume_z_20,volume_z_60;mom_1;mom_5,,False,True,True,True,189.84,"SHORT because predicted alpha is in the bottom decile. Net alpha after estimated 3.0 bps trading cost is 33.73 bps versus threshold 5.00 bps. Main contributors were volume_z_60, mom_1, mom_5. Price filter passed; liquidity filter passed.",SHORT,True,-749.36
2026-05-14T17:13:00.563471+00:00,WSC,BUY,150,26.45,3967.5,False,Submitted,2417,,1.0,2.0,0.39675,0.7935,1.19025,True,,WillScot Holdings Corporation Class A Common Stock,SELL,0.0036760602678571,0.0044642857142857,-0.0007882254464285,-78.82254464285712,0.0033861149773624,30.861149773624756,415.0,5.0,parkinson_vol_20;mom_5;mom_21,mom_10;mom_126;hl_range_20,,False,True,True,True,26.13,"SELL because predicted alpha is in the top decile. Net alpha after estimated 3.0 bps trading cost is 30.86 bps versus threshold 5.00 bps. Main contributors were parkinson_vol_20, mom_5, mom_21. Price filter passed; liquidity filter passed.",LONG,True,3967.5
2026-05-14T17:13:00.563471+00:00,XEL,BUY,5,79.84,399.2000000000001,False,Submitted,2426,,1.0,2.0,0.03992,0.07984,0.11976,True,,"Xcel Energy, Inc.",,0.0,0.0,0.0,0.0,0.0007500415143176,4.500415143176926,1536.0,3.0,parkinson_vol_20;volatility_10;dist_52w_high,hl_range_20;volatility_20;volume_z_60,,False,True,True,True,80.03,,FLAT,False,399.2000000000001
2026-05-14T17:13:00.563471+00:00,XENE,SELL,71,55.49,3939.79,False,Submitted,2429,,1.0,2.0,0.393979,0.787958,1.181937,True,,Xenon Pharmaceuticals Inc,COVER,-0.0036760602678571,-0.0044642857142857,0.0007882254464285,78.82254464285712,-0.0001712268347013,-1.2877316529869869,6460.0,2.0,parkinson_vol_20;intraday_return;volume_z_20,price_kurt_63;hl_range_20;volatility_20,,False,True,True,True,56.0,"COVER because predicted alpha is in the bottom decile. Net alpha after estimated 3.0 bps trading cost is -1.29 bps versus threshold 5.00 bps. Main contributors were price_kurt_63, hl_range_20, volatility_20. Price filter passed; liquidity filter passed.",SHORT,True,-3939.79
2026-05-14T17:13:00.563471+00:00,XNDU,SELL,105,15.26,1602.3,False,Submitted,2438,,1.0,2.0,0.1602299999999999,0.3204599999999999,0.4806899999999999,True,,Xanadu Quantum Technologies Limited Class B Subordinate Voting Shares,COVER,-0.0044573102678571,-0.0044642857142857,6.975446428571404e-06,0.6975446428571404,-0.0079761920796291,76.76192079629143,7444.0,1.0,hl_range_20;volatility_20;close_to_high_20,parkinson_vol_20;volatility_10;volatility_63,,False,True,True,True,15.13,"COVER because predicted alpha is in the bottom decile. Net alpha after estimated 3.0 bps trading cost is 76.76 bps versus threshold 5.00 bps. Main contributors were parkinson_vol_20, volatility_10, volatility_63. Price filter passed; liquidity filter passed.",SHORT,True,-1602.3
2026-05-14T17:13:00.563471+00:00,XOS,BUY,247,2.07,511.29,False,Submitted,2441,,1.0,2.0,0.0511289999999999,0.1022579999999999,0.153387,True,,"Xos, Inc. Common Stock",,0.0,0.0,0.0,0.0,0.0009659020130013,6.659020130013696,1396.0,4.0,parkinson_vol_20;mom_5;overnight_return,volatility_20;mom_10;mom_1,,False,False,False,True,1.98,,FLAT,False,511.29
2026-05-14T17:13:00.563471+00:00,ZSQR,SELL,379,10.49,3975.71,False,Submitted,2447,,1.0,2.0,0.397571,0.795142,1.192713,True,,Z Squared Inc. Common Stock,COVER,-0.0044573102678571,-0.0044642857142857,6.975446428571404e-06,0.6975446428571404,-0.0071253541289152,68.25354128915261,7423.0,1.0,intraday_return;hl_range_20;mom_10,parkinson_vol_20;volume_z_60;mom_5,,False,True,True,True,9.84,"COVER because predicted alpha is in the bottom decile. Net alpha after estimated 3.0 bps trading cost is 68.25 bps versus threshold 5.00 bps. Main contributors were parkinson_vol_20, volume_z_60, mom_5. Price filter passed; liquidity filter passed.",SHORT,True,-3975.71
